{
    "epochs_requested": 1,
    "final_avg_loss": -6.16473754743735,
    "best_avg_loss": -6.16473754743735,
    "final_avg_sum_rate": 6.16473754743735,
    "best_avg_sum_rate": 6.16473754743735,
    "final_avg_user_rate": 3.692391181639349,
    "best_avg_user_rate": 3.692391181639349,
    "per_user_final_rate": [
        3.116657958428065,
        3.3980158919637855,
        4.5624996945261955
    ],
    "per_user_best_rate": [
        3.116657958428065,
        3.3980158919637855,
        4.5624996945261955
    ]
}