{
    "epochs_requested": 40,
    "downlink_precoder_net_scope": "per_user_nets",
    "base_dataset_kind": "channel_episodes_only",
    "rollout_anchor_bits_mode": "derived_online_from_current_joint_full_block_rate",
    "per_user_final_lagrangian": [
        -12.705232552119664,
        -13.947494779314313,
        -8.838021210261754
    ],
    "per_user_best_lagrangian": [
        -12.801495211465019,
        -15.486068725585938,
        -8.838021210261754
    ],
    "per_user_final_rate": [
        12.705221448625837,
        13.947490283421107,
        8.872842039380755
    ],
    "per_user_final_rate_violation": [
        -0.00010935715129432668,
        -4.633085921211334e-05,
        0.22213059629783466
    ],
    "final_avg_sum_rate": 35.52555356706892,
    "best_avg_sum_rate": 35.52555356706892,
    "final_avg_user_rate": 11.841851257142567,
    "best_avg_user_rate": 11.841851257142567,
    "final_avg_lagrangian": -11.830249513898579,
    "best_avg_lagrangian": -11.830249513898579,
    "final_avg_rate_violation": 0.07399163609577607,
    "best_avg_rate_violation": -7.911258105903269e-05,
    "final_avg_block_power_violation": 1.0899135044642857e-06,
    "best_avg_block_power_violation": 0.0,
    "final_feasible_rollout_query_fraction": 0.2857142857142857,
    "cumulative_rollout_queries_by_n_kl": {
        "global_active_user_rollout_queries_by_n_kl_over_all_epochs": {
            "45": 3,
            "49": 4,
            "50": 271,
            "55": 1,
            "59": 1,
            "60": 276,
            "75": 75,
            "79": 74,
            "80": 129
        },
        "per_user_active_user_rollout_queries_by_n_kl_over_all_epochs": [
            {
                "45": 3,
                "49": 4,
                "50": 271
            },
            {
                "55": 1,
                "59": 1,
                "60": 276
            },
            {
                "75": 75,
                "79": 74,
                "80": 129
            }
        ]
    },
    "cumulative_frontier_rollout_queries_by_n_kl": {
        "global_active_user_frontier_rollout_queries_by_n_kl_over_all_epochs": {
            "45": 3,
            "49": 4,
            "50": 271,
            "55": 1,
            "59": 1,
            "60": 276,
            "75": 75,
            "79": 74,
            "80": 129
        },
        "per_user_active_user_frontier_rollout_queries_by_n_kl_over_all_epochs": [
            {
                "45": 3,
                "49": 4,
                "50": 271
            },
            {
                "55": 1,
                "59": 1,
                "60": 276
            },
            {
                "75": 75,
                "79": 74,
                "80": 129
            }
        ]
    },
    "final_epoch_rollout_query_summary": {
        "total_channel_episodes": 7,
        "channel_episodes_by_seed": {
            "0": 3,
            "1": 3,
            "2": 1
        },
        "channel_episodes_by_block": {
            "0": 7
        },
        "channel_episodes_by_active_user_count": {
            "3": 7
        },
        "channel_episodes_by_active_mask": {
            "111": 7
        },
        "channel_episodes_per_user": [
            7,
            7,
            7
        ],
        "global_active_user_rollout_queries_by_n_kl": {
            "50": 7,
            "60": 7,
            "75": 2,
            "79": 2,
            "80": 3
        },
        "per_user_active_user_rollout_queries_by_n_kl": [
            {
                "50": 7
            },
            {
                "60": 7
            },
            {
                "75": 2,
                "79": 2,
                "80": 3
            }
        ],
        "global_active_user_frontier_rollout_queries_by_n_kl": {
            "50": 7,
            "60": 7,
            "75": 2,
            "79": 2,
            "80": 3
        },
        "per_user_active_user_frontier_rollout_queries_by_n_kl": [
            {
                "50": 7
            },
            {
                "60": 7
            },
            {
                "75": 2,
                "79": 2,
                "80": 3
            }
        ],
        "total_rollout_queries": 7,
        "feasible_rollout_queries": 2,
        "infeasible_rollout_queries": 5,
        "frontier_rollout_queries": 7,
        "epoch": 40
    },
    "experiment_cost": {
        "core_wall_time_seconds_total": 47.77746790001402,
        "core_wall_time_seconds_training": 47.77746790001402,
        "core_wall_time_seconds_testing": 0.0,
        "estimated_nn_training_flops": 0.0,
        "estimated_nn_inference_flops": 0.0,
        "estimated_nn_total_flops": 0.0,
        "training_forward_backward_sample_equivalents": 0,
        "inference_forward_calls": 0,
        "optimizer_steps": 40,
        "per_user_forward_flops": [
            2242176,
            2242176,
            2242176
        ],
        "workload_counters": {
            "training_active_user_rollout_queries_per_user": [],
            "batch_size": 32
        },
        "notes": [
            "Forward+backward NN FLOPs count the active-user rollout-query training passes that optimize the downlink precoder nets.",
            "Forward-only NN FLOPs are 0.0 here because the downlink training phase does not include a separate train-eval pass."
        ]
    }
}