{
    "initial_latency": [
        0.006466666666666667,
        0.011133333333333334,
        0.015533333333333333
    ],
    "final_latency": [
        0.005266666666666667,
        0.008666666666666666,
        0.0134
    ],
    "initial_n": [
        97,
        167,
        233
    ],
    "final_n": [
        79,
        130,
        201
    ],
    "initial_n_kl": [
        [
            21,
            19,
            19,
            20,
            18
        ],
        [
            34,
            35,
            33,
            31,
            34
        ],
        [
            45,
            45,
            44,
            49,
            50
        ]
    ],
    "final_n_kl": [
        [
            16,
            16,
            15,
            16,
            16
        ],
        [
            25,
            26,
            26,
            26,
            27
        ],
        [
            40,
            39,
            40,
            39,
            43
        ]
    ],
    "initial_Rfbl": [
        [
            10.019723835612298,
            10.639589631887333,
            10.856832427818155,
            10.545472193056938,
            11.167332746611173
        ],
        [
            11.983002926045245,
            11.626661828690095,
            12.46949405487343,
            13.129937888106,
            11.917052390766147
        ],
        [
            13.414092088606527,
            13.537591879873949,
            13.905949605648281,
            12.42613952618329,
            12.055757770972908
        ]
    ],
    "final_Rfbl": [
        [
            13.827143567868706,
            13.733130691570462,
            14.22993510866899,
            12.969816411263361,
            13.218528477752608
        ],
        [
            15.63462356570482,
            15.203389998995675,
            14.72203953911172,
            15.241091410672075,
            14.49003418221923
        ],
        [
            15.764036870524983,
            16.254209892518112,
            15.667320401084996,
            16.17258809704005,
            14.646383679634418
        ]
    ],
    "initial_B_kl": [
        [
            200,
            200,
            200,
            200,
            200
        ],
        [
            400,
            400,
            400,
            400,
            400
        ],
        [
            600,
            600,
            600,
            600,
            600
        ]
    ],
    "target_snr_db": [
        8.0,
        8.0,
        8.0
    ],
    "initial_snr_db": [
        8.30131807002025,
        8.17966076358868,
        8.261162339030047
    ],
    "final_snr_db": [
        8.322260580990458,
        8.21819523040501,
        8.584578568595546
    ],
    "initial_sinr_db": [
        -2.647112037876643,
        -4.3284721294045445,
        -3.0708356946756146
    ],
    "final_sinr_db": [
        -2.7324955690374737,
        -4.435803322377497,
        -2.8633358400678857
    ],
    "initial_bits_per_symbol": [
        10.309278350515465,
        11.976047904191617,
        12.875536480686696
    ],
    "initial_bits_per_symbol_by_block": [
        [
            9.523809523809524,
            10.526315789473685,
            10.526315789473685,
            10.0,
            11.11111111111111
        ],
        [
            11.764705882352942,
            11.428571428571429,
            12.121212121212121,
            12.903225806451612,
            11.764705882352942
        ],
        [
            13.333333333333334,
            13.333333333333334,
            13.636363636363637,
            12.244897959183673,
            12.0
        ]
    ],
    "final_bits_per_symbol": [
        [
            12.5,
            12.5,
            13.333333333333334,
            12.5,
            12.5
        ],
        [
            16.0,
            15.384615384615385,
            15.384615384615385,
            15.384615384615385,
            14.814814814814815
        ],
        [
            15.0,
            15.384615384615385,
            15.0,
            15.384615384615385,
            13.953488372093023
        ]
    ],
    "B_tx_final": [
        [
            200,
            200,
            200,
            200,
            200
        ],
        [
            400,
            400,
            400,
            400,
            400
        ],
        [
            600,
            600,
            600,
            600,
            600
        ]
    ],
    "scenario_mode": "fixed_block_targets",
    "scenario_block_targets": [
        [
            200,
            200,
            200,
            200,
            200
        ],
        [
            400,
            400,
            400,
            400,
            400
        ],
        [
            600,
            600,
            600,
            600,
            600
        ]
    ],
    "latency_reduction_per_user_percent": [
        18.55670103092783,
        22.155688622754496,
        13.733905579399137
    ],
    "total_latency_reduction_percent": 17.505030181086518,
    "initial_asynchronality_sum": 0.018133333333333335,
    "final_asynchronality_sum": 0.016266666666666665,
    "asynchronality_reduction_percent": 10.294117647058837
}