{
    "initial_latency": [
        0.006466666666666667,
        0.011133333333333334,
        0.015533333333333333
    ],
    "final_latency": [
        0.005266666666666667,
        0.008666666666666666,
        0.0134
    ],
    "initial_n": [
        97,
        167,
        233
    ],
    "final_n": [
        79,
        130,
        201
    ],
    "initial_n_kl": [
        [
            21,
            19,
            19,
            20,
            18
        ],
        [
            34,
            35,
            33,
            31,
            34
        ],
        [
            45,
            45,
            44,
            49,
            50
        ]
    ],
    "final_n_kl": [
        [
            16,
            16,
            15,
            16,
            16
        ],
        [
            25,
            26,
            26,
            26,
            27
        ],
        [
            40,
            39,
            40,
            39,
            43
        ]
    ],
    "initial_Rfbl": [
        [
            10.019723835612298,
            10.639589631887333,
            10.856832427818155,
            10.545472193056938,
            11.167332746611173
        ],
        [
            11.983002926045245,
            11.626661828690095,
            12.46949405487343,
            13.129937888106,
            11.917052390766147
        ],
        [
            13.414092088606527,
            13.537591879873949,
            13.905949605648281,
            12.42613952618329,
            12.055757770972908
        ]
    ],
    "final_Rfbl": [
        [
            13.385875701904297,
            13.304634094238281,
            13.80850601196289,
            12.572221755981445,
            12.853374481201172
        ],
        [
            16.309507369995117,
            15.933095932006836,
            15.401769638061523,
            15.854658126831055,
            15.22678279876709
        ],
        [
            15.294450759887695,
            15.77187728881836,
            15.268309593200684,
            15.61046314239502,
            14.293665885925293
        ]
    ],
    "committed_final_Rfbl": [
        [
            13.827135838216552,
            13.733134831765966,
            14.229927434111207,
            12.969817077511962,
            13.218524931237422
        ],
        [
            15.63462458808083,
            15.20338827929309,
            14.722047474400028,
            15.241102115705278,
            14.490047200246414
        ],
        [
            15.764036826663537,
            16.25420756852997,
            15.667316840088448,
            16.172580833260692,
            14.64638529543707
        ]
    ],
    "initial_B_kl": [
        [
            200,
            200,
            200,
            200,
            200
        ],
        [
            400,
            400,
            400,
            400,
            400
        ],
        [
            600,
            600,
            600,
            600,
            600
        ]
    ],
    "target_snr_db": [
        8.0,
        8.0,
        8.0
    ],
    "initial_snr_db": [
        8.30131807002025,
        8.17966076358868,
        8.261162339030047
    ],
    "final_snr_db": [
        8.051256709826205,
        8.38070629772518,
        8.51189833282489
    ],
    "initial_sinr_db": [
        -2.647112037876643,
        -4.3284721294045445,
        -3.0708356946756146
    ],
    "final_sinr_db": [
        -3.032314418278623,
        -4.110903598766576,
        -2.862233537143408
    ],
    "initial_bits_per_symbol": [
        10.309278350515465,
        11.976047904191617,
        12.875536480686696
    ],
    "initial_bits_per_symbol_by_block": [
        [
            9.523809523809524,
            10.526315789473685,
            10.526315789473685,
            10.0,
            11.11111111111111
        ],
        [
            11.764705882352942,
            11.428571428571429,
            12.121212121212121,
            12.903225806451612,
            11.764705882352942
        ],
        [
            13.333333333333334,
            13.333333333333334,
            13.636363636363637,
            12.244897959183673,
            12.0
        ]
    ],
    "final_bits_per_symbol": [
        [
            12.5,
            12.5,
            13.333333333333334,
            12.5,
            12.5
        ],
        [
            16.0,
            15.384615384615385,
            15.384615384615385,
            15.384615384615385,
            14.814814814814815
        ],
        [
            15.0,
            15.384615384615385,
            15.0,
            15.384615384615385,
            13.953488372093023
        ]
    ],
    "B_tx_final": [
        [
            200,
            200,
            200,
            200,
            200
        ],
        [
            400,
            400,
            400,
            400,
            400
        ],
        [
            600,
            600,
            600,
            600,
            600
        ]
    ],
    "scenario_mode": "fixed_block_targets",
    "scenario_block_targets": [
        [
            200,
            200,
            200,
            200,
            200
        ],
        [
            400,
            400,
            400,
            400,
            400
        ],
        [
            600,
            600,
            600,
            600,
            600
        ]
    ],
    "latency_reduction_per_user_percent": [
        18.55670103092783,
        22.155688622754496,
        13.733905579399137
    ],
    "total_latency_reduction_percent": 17.505030181086518,
    "initial_asynchronality_sum": 0.018133333333333335,
    "final_asynchronality_sum": 0.016266666666666665,
    "asynchronality_reduction_percent": 10.294117647058837
}