{
    "initial_latency": [
        0.006466666666666667,
        0.011133333333333334,
        0.015533333333333333
    ],
    "final_latency": [
        0.005266666666666667,
        0.008666666666666666,
        0.0134
    ],
    "initial_n": [
        97,
        167,
        233
    ],
    "final_n": [
        79,
        130,
        201
    ],
    "initial_n_kl": [
        [
            21,
            19,
            19,
            20,
            18
        ],
        [
            34,
            35,
            33,
            31,
            34
        ],
        [
            45,
            45,
            44,
            49,
            50
        ]
    ],
    "final_n_kl": [
        [
            16,
            16,
            15,
            16,
            16
        ],
        [
            25,
            26,
            26,
            26,
            27
        ],
        [
            40,
            39,
            40,
            39,
            43
        ]
    ],
    "initial_Rfbl": [
        [
            10.019723835612298,
            10.639589631887333,
            10.856832427818155,
            10.545472193056938,
            11.167332746611173
        ],
        [
            11.983002926045245,
            11.626661828690095,
            12.46949405487343,
            13.129937888106,
            11.917052390766147
        ],
        [
            13.414092088606527,
            13.537591879873949,
            13.905949605648281,
            12.42613952618329,
            12.055757770972908
        ]
    ],
    "final_Rfbl": [
        [
            13.385866165161133,
            13.304644584655762,
            13.808509826660156,
            12.572229385375977,
            12.85338306427002
        ],
        [
            16.309518814086914,
            15.933097839355469,
            15.401777267456055,
            15.854663848876953,
            15.226787567138672
        ],
        [
            15.294462203979492,
            15.771875381469727,
            15.268305778503418,
            15.61047077178955,
            14.29367446899414
        ]
    ],
    "committed_final_Rfbl": [
        [
            13.827138172978541,
            13.733131700255385,
            14.229928682918525,
            12.969814177757872,
            13.218526380495465
        ],
        [
            15.634623164840654,
            15.203388230271262,
            14.722045949913706,
            15.241100303636323,
            14.490054298905028
        ],
        [
            15.764037039099106,
            16.254207260910114,
            15.667318417726847,
            16.172581533628573,
            14.64638485754061
        ]
    ],
    "initial_B_kl": [
        [
            200,
            200,
            200,
            200,
            200
        ],
        [
            400,
            400,
            400,
            400,
            400
        ],
        [
            600,
            600,
            600,
            600,
            600
        ]
    ],
    "target_snr_db": [
        8.0,
        8.0,
        8.0
    ],
    "initial_snr_db": [
        8.30131807002025,
        8.17966076358868,
        8.261162339030047
    ],
    "final_snr_db": [
        8.063547569898867,
        8.456852411479042,
        8.478940990758757
    ],
    "initial_sinr_db": [
        -2.647112037876643,
        -4.3284721294045445,
        -3.0708356946756146
    ],
    "final_sinr_db": [
        -3.035081266190591,
        -4.0248303935460035,
        -2.933585318286217
    ],
    "initial_bits_per_symbol": [
        10.309278350515465,
        11.976047904191617,
        12.875536480686696
    ],
    "initial_bits_per_symbol_by_block": [
        [
            9.523809523809524,
            10.526315789473685,
            10.526315789473685,
            10.0,
            11.11111111111111
        ],
        [
            11.764705882352942,
            11.428571428571429,
            12.121212121212121,
            12.903225806451612,
            11.764705882352942
        ],
        [
            13.333333333333334,
            13.333333333333334,
            13.636363636363637,
            12.244897959183673,
            12.0
        ]
    ],
    "final_bits_per_symbol": [
        [
            12.5,
            12.5,
            13.333333333333334,
            12.5,
            12.5
        ],
        [
            16.0,
            15.384615384615385,
            15.384615384615385,
            15.384615384615385,
            14.814814814814815
        ],
        [
            15.0,
            15.384615384615385,
            15.0,
            15.384615384615385,
            13.953488372093023
        ]
    ],
    "B_tx_final": [
        [
            200,
            200,
            200,
            200,
            200
        ],
        [
            400,
            400,
            400,
            400,
            400
        ],
        [
            600,
            600,
            600,
            600,
            600
        ]
    ],
    "scenario_mode": "fixed_block_targets",
    "scenario_block_targets": [
        [
            200,
            200,
            200,
            200,
            200
        ],
        [
            400,
            400,
            400,
            400,
            400
        ],
        [
            600,
            600,
            600,
            600,
            600
        ]
    ],
    "latency_reduction_per_user_percent": [
        18.55670103092783,
        22.155688622754496,
        13.733905579399137
    ],
    "total_latency_reduction_percent": 17.505030181086518,
    "initial_asynchronality_sum": 0.018133333333333335,
    "final_asynchronality_sum": 0.016266666666666665,
    "asynchronality_reduction_percent": 10.294117647058837
}