{
    "epochs_requested": 40,
    "train_target_bits_mode": "minimum_required_bits_fallback",
    "train_target_bits_summary": {
        "1": 27
    },
    "train_target_bits_per_user": [
        {
            "1": 9
        },
        {
            "1": 9
        },
        {
            "1": 9
        }
    ],
    "per_user_final_lagrangian": [
        -13.490320499126728,
        -10.39259025378105,
        -1.7493224651672137
    ],
    "per_user_best_lagrangian": [
        -13.602506902482775,
        -13.70678350660536,
        -2.625037680215695
    ],
    "per_user_final_rate": [
        13.490320499126728,
        10.39259025378105,
        1.750468233289818
    ],
    "per_user_final_rate_violation": [
        0.0,
        0.0,
        0.00867662808069816
    ],
    "final_avg_sum_rate": 25.633379055903507,
    "best_avg_sum_rate": 27.77355236477322,
    "final_avg_user_rate": 8.544459662065865,
    "best_avg_user_rate": 9.257850834772128,
    "final_avg_lagrangian": -8.54407773935833,
    "best_avg_lagrangian": -9.256888058829915,
    "final_avg_rate_violation": 0.00289220936023272,
    "best_avg_rate_violation": 0.002749601152597689,
    "final_avg_block_power_violation": 7.825020032051282e-07,
    "best_avg_block_power_violation": 2.934382512019231e-07,
    "final_feasible_rollout_query_fraction": 0.6896551724137931,
    "cumulative_rollout_queries_by_n_kl": {
        "global_active_user_rollout_queries_by_n_kl_over_all_epochs": {
            "1": 51,
            "2": 79,
            "3": 70,
            "4": 93,
            "5": 175,
            "6": 14,
            "7": 18,
            "8": 17,
            "9": 19,
            "10": 78,
            "11": 9,
            "12": 13,
            "13": 17,
            "14": 19,
            "15": 102,
            "16": 14,
            "17": 12,
            "18": 14,
            "19": 21,
            "20": 96,
            "21": 9,
            "22": 9,
            "23": 8,
            "24": 14,
            "25": 94,
            "26": 13,
            "27": 10,
            "28": 14,
            "29": 10,
            "30": 101,
            "31": 10,
            "32": 13,
            "33": 14,
            "34": 14,
            "35": 111,
            "36": 9,
            "37": 9,
            "38": 10,
            "39": 19,
            "40": 122,
            "41": 9,
            "42": 10,
            "43": 9,
            "44": 11,
            "45": 112,
            "46": 9,
            "47": 6,
            "48": 8,
            "49": 8,
            "50": 447,
            "51": 4,
            "52": 3,
            "53": 3,
            "54": 3,
            "55": 68,
            "56": 1,
            "57": 1,
            "58": 1,
            "59": 5,
            "60": 395,
            "61": 1,
            "62": 12,
            "63": 3,
            "64": 3,
            "65": 37,
            "66": 1,
            "67": 1,
            "68": 1,
            "69": 1,
            "70": 32,
            "71": 1,
            "72": 1,
            "73": 1,
            "74": 1,
            "75": 41,
            "79": 2,
            "80": 387
        },
        "per_user_active_user_rollout_queries_by_n_kl_over_all_epochs": [
            {
                "1": 51,
                "2": 24,
                "3": 24,
                "4": 27,
                "5": 87,
                "6": 5,
                "7": 3,
                "8": 2,
                "9": 3,
                "10": 26,
                "11": 1,
                "12": 4,
                "13": 9,
                "14": 9,
                "15": 42,
                "16": 6,
                "17": 4,
                "18": 5,
                "19": 11,
                "20": 41,
                "21": 3,
                "22": 3,
                "23": 3,
                "24": 7,
                "25": 39,
                "26": 7,
                "27": 4,
                "28": 7,
                "29": 4,
                "30": 42,
                "31": 4,
                "32": 3,
                "33": 4,
                "34": 5,
                "35": 49,
                "36": 3,
                "37": 3,
                "38": 4,
                "39": 6,
                "40": 42,
                "41": 3,
                "42": 2,
                "43": 2,
                "44": 4,
                "45": 44,
                "46": 1,
                "47": 1,
                "48": 1,
                "49": 2,
                "50": 375
            },
            {
                "2": 55,
                "3": 41,
                "4": 35,
                "5": 72,
                "6": 4,
                "7": 8,
                "8": 5,
                "9": 6,
                "10": 30,
                "11": 1,
                "12": 2,
                "13": 1,
                "14": 3,
                "15": 35,
                "16": 3,
                "17": 4,
                "18": 4,
                "19": 5,
                "20": 32,
                "21": 4,
                "22": 4,
                "23": 3,
                "24": 3,
                "25": 32,
                "26": 3,
                "27": 2,
                "28": 3,
                "29": 2,
                "30": 33,
                "31": 3,
                "32": 7,
                "33": 5,
                "34": 5,
                "35": 36,
                "36": 3,
                "37": 3,
                "38": 3,
                "39": 8,
                "40": 38,
                "41": 3,
                "42": 5,
                "43": 4,
                "44": 4,
                "45": 40,
                "46": 5,
                "47": 2,
                "48": 2,
                "49": 2,
                "50": 37,
                "51": 3,
                "52": 2,
                "53": 2,
                "54": 2,
                "55": 39,
                "60": 363
            },
            {
                "3": 5,
                "4": 31,
                "5": 16,
                "6": 5,
                "7": 7,
                "8": 10,
                "9": 10,
                "10": 22,
                "11": 7,
                "12": 7,
                "13": 7,
                "14": 7,
                "15": 25,
                "16": 5,
                "17": 4,
                "18": 5,
                "19": 5,
                "20": 23,
                "21": 2,
                "22": 2,
                "23": 2,
                "24": 4,
                "25": 23,
                "26": 3,
                "27": 4,
                "28": 4,
                "29": 4,
                "30": 26,
                "31": 3,
                "32": 3,
                "33": 5,
                "34": 4,
                "35": 26,
                "36": 3,
                "37": 3,
                "38": 3,
                "39": 5,
                "40": 42,
                "41": 3,
                "42": 3,
                "43": 3,
                "44": 3,
                "45": 28,
                "46": 3,
                "47": 3,
                "48": 5,
                "49": 4,
                "50": 35,
                "51": 1,
                "52": 1,
                "53": 1,
                "54": 1,
                "55": 29,
                "56": 1,
                "57": 1,
                "58": 1,
                "59": 5,
                "60": 32,
                "61": 1,
                "62": 12,
                "63": 3,
                "64": 3,
                "65": 37,
                "66": 1,
                "67": 1,
                "68": 1,
                "69": 1,
                "70": 32,
                "71": 1,
                "72": 1,
                "73": 1,
                "74": 1,
                "75": 41,
                "79": 2,
                "80": 387
            }
        ]
    },
    "cumulative_frontier_rollout_queries_by_n_kl": {
        "global_active_user_frontier_rollout_queries_by_n_kl_over_all_epochs": {
            "1": 29,