{
    "method_name": "converge_in_each_sweep_baseline",
    "cfg_path": "C:\\All Codes\\Taiwan_Internship\\UL_UPLINK_DOWNLINK_MONTE_CARLO\\Experiment Configs\\uplink_fixed_block_targets.yaml",
    "seed": 3,
    "precoder_parameterization": "shared_user_channel_sigma_epsilon_to_precoder_mlp_online_convergence",
    "initial_latency": [
        0.0154,
        0.018866666666666667,
        0.022066666666666665
    ],
    "final_latency": [
        0.012666666666666666,
        0.015066666666666667,
        0.018666666666666668
    ],
    "initial_n": [
        231.0,
        283.0,
        331.0
    ],
    "final_n": [
        190,
        226,
        280
    ],
    "initial_n_kl": [
        [
            25.0,
            24.0,
            23.0,
            22.0,
            21.0,
            26.0,
            23.0,
            23.0,
            21.0,
            23.0
        ],
        [
            29.0,
            30.0,
            28.0,
            26.0,
            29.0,
            28.0,
            33.0,
            27.0,
            27.0,
            26.0
        ],
        [
            32.0,
            32.0,
            31.0,
            34.0,
            35.0,
            34.0,
            31.0,
            34.0,
            34.0,
            34.0
        ]
    ],
    "final_n_kl": [
        [
            19,
            19,
            18,
            19,
            19,
            19,
            19,
            19,
            19,
            20
        ],
        [
            22,
            23,
            23,
            23,
            23,
            22,
            23,
            22,
            22,
            23
        ],
        [
            28,
            27,
            28,
            27,
            30,
            27,
            29,
            29,
            28,
            27
        ]
    ],
    "initial_B_kl": [
        [
            400,
            400,
            400,
            400,
            400,
            400,
            400,
            400,
            400,
            400
        ],
        [
            400,
            400,
            400,
            400,
            400,
            400,
            400,
            400,
            400,
            400
        ],
        [
            400,
            400,
            400,
            400,
            400,
            400,
            400,
            400,
            400,
            400
        ]
    ],
    "initial_R_fbl": [
        [
            16.502742689797383,
            17.158462620024743,
            17.678101799966665,
            18.278670236577298,
            19.12773827673943,
            15.445572112632643,
            17.57014878787187,
            17.605889626482032,
            19.87232654296881,
            17.68911565503458
        ],
        [
            14.045699225844054,
            13.655606557981319,
            14.70277542087756,
            15.4764321506836,
            14.03218272549391,
            14.772667014381732,
            12.231887926514839,
            14.948268922821278,
            15.044234173277651,
            15.668830807273432
        ],
        [
            12.765389849616465,
            12.886551010698394,
            13.23773027330594,
            11.813929435023693,
            11.466136738978985,
            12.03137018510616,
            12.99933141386996,
            11.782627391062487,
            11.900448488274856,
            12.05926360647782
        ]
    ],
    "final_R_fbl": [
        [
            22.30148250055212,
            22.206978857749156,
            22.76017850601192,
            21.379829429771917,
            21.672005386644855,
            21.69634681774823,
            21.722171001511548,
            21.590962291437926,
            22.04998205248993,
            20.25292923655453
        ],
        [
            18.15648411734692,
            17.726172046333375,
            17.22835014399806,
            17.76150423334928,
            16.922243180008984,
            18.18023194873005,
            16.90942000264875,
            18.01914669336431,
            17.826221211709047,
            17.63122759312618
        ],
        [
            15.038060190689782,
            15.500618859091658,
            14.9421005592256,
            15.42011998736553,
            13.937571075512464,
            15.163591988875083,
            14.473806099040921,
            14.2910014126119,
            14.802717739250902,
            15.158575959342937
        ]
    ],
    "initial_snr_db": [
        14.29126937564114,
        10.789952711937472,
        8.338594092582722
    ],
    "final_snr_db": [
        14.178136379056255,
        10.647342653499944,
        8.297816720476487
    ],
    "initial_sinr_db": [
        -2.9047063520448098,
        -3.632482030804933,
        -3.0750426304100094
    ],
    "final_sinr_db": [
        -2.966163956134732,
        -3.678556426697842,
        -2.9856945350980935
    ],
    "initial_bits_per_symbol": [
        17.316017316017316,
        14.134275618374557,
        12.084592145015106
    ],
    "initial_bits_per_symbol_by_block": [
        [
            16.0,
            16.666666666666668,
            17.391304347826086,
            18.181818181818183,
            19.047619047619047,
            15.384615384615385,
            17.391304347826086,
            17.391304347826086,
            19.047619047619047,
            17.391304347826086
        ],
        [
            13.793103448275861,
            13.333333333333334,
            14.285714285714286,
            15.384615384615385,
            13.793103448275861,
            14.285714285714286,
            12.121212121212121,
            14.814814814814815,
            14.814814814814815,
            15.384615384615385
        ],
        [
            12.5,
            12.5,
            12.903225806451612,
            11.764705882352942,
            11.428571428571429,
            11.764705882352942,
            12.903225806451612,
            11.764705882352942,
            11.764705882352942,
            11.764705882352942
        ]
    ],
    "final_bits_per_symbol": [
        [
            21.05263157894737,
            21.05263157894737,
            22.22222222222222,
            21.05263157894737,
            21.05263157894737,
            21.05263157894737,
            21.05263157894737,
            21.05263157894737,
            21.05263157894737,
            20.0
        ],
        [
            18.181818181818183,
            17.391304347826086,
            17.391304347826086,
            17.391304347826086,
            17.391304347826086,
            18.181818181818183,
            17.391304347826086,
            18.181818181818183,
            18.181818181818183,
            17.391304347826086
        ],
        [
            14.285714285714286,
            14.814814814814815,
            14.285714285714286,
            14.814814814814815,
            13.333333333333334,
            14.814814814814815,
            13.793103448275861,
            13.793103448275861,
            14.285714285714286,
            14.814814814814815
        ]
    ],
    "B_kl": [
        [
            400,
            400,
            400,
            400,
            400,
            400,
            400,
            400,
            400,
            400
        ],
        [
            400,
            400,
            400,
            400,
            400,
            400,
            400,
            400,
            400,
            400
        ],
        [
            400,
            400,
            400,
            400,
            400,
            400,
            400,
            400,
            400,
            400
        ]
    ],