{
    "train_eval_seed": 0,
    "epochs_requested": 40,
    "per_user_num_epochs": [
        40,
        40,
        40
    ],
    "per_user_final_loss": [
        -18.17178702354431,
        -13.004086891810099,
        -10.465290705362955
    ],
    "per_user_best_loss": [
        -18.17178702354431,
        -13.004086891810099,
        -10.465290705362955
    ],
    "per_user_final_rate": [
        18.171787126196755,
        13.004086809025871,
        10.465290466944376
    ],
    "per_user_best_rate": [
        18.171787126196755,
        13.004086809025871,
        10.465290466944376
    ],
    "final_avg_loss": -13.880388206905787,
    "best_avg_loss": -13.880388206905787,
    "final_avg_user_rate": 13.880388134055666,
    "best_avg_user_rate": 13.880388134055666,
    "train_eval_initial_latency": [
        0.0019333333333333333,
        0.0024666666666666665,
        0.0028666666666666667
    ],
    "train_eval_final_latency": [
        0.0014666666666666667,
        0.0018666666666666666,
        0.002266666666666667
    ],
    "train_eval_initial_blocks_per_user": [
        1,
        1,
        1
    ],
    "train_eval_blocks_per_user": [
        1,
        1,
        1
    ],
    "train_eval_initial_total_n_per_user": [
        29,
        37,
        43
    ],
    "train_eval_total_n_per_user": [
        22,
        28,
        34
    ],
    "train_eval_initial_served_bits_per_user": [
        400,
        400,
        400
    ],
    "train_eval_served_bits_per_user": [
        400,
        400,
        400
    ],
    "train_eval_total_latency_reduction_percent": 22.935779816513758,
    "train_eval_initial_selected_n_kl_summary": {
        "global_selected_examples_by_n_kl": {
            "29": 1,
            "37": 1,
            "43": 1
        },
        "per_user": [
            {
                "user": 0,
                "selected_examples_by_n_kl": {
                    "29": 1
                }
            },
            {
                "user": 1,
                "selected_examples_by_n_kl": {
                    "37": 1
                }
            },
            {
                "user": 2,
                "selected_examples_by_n_kl": {
                    "43": 1
                }
            }
        ]
    },
    "train_eval_selected_n_kl_summary": {
        "global_selected_examples_by_n_kl": {
            "22": 1,
            "28": 1,
            "34": 1
        },
        "per_user": [
            {
                "user": 0,
                "selected_examples_by_n_kl": {
                    "22": 1
                }
            },
            {
                "user": 1,
                "selected_examples_by_n_kl": {
                    "28": 1
                }
            },
            {
                "user": 2,
                "selected_examples_by_n_kl": {
                    "34": 1
                }
            }
        ]
    }
}