[DL Initial Baseline] | seed=3 | scenario=payload_completion | method=convergence | users=3 | initial_total_latency=0.305000 | initial_avg_latency=0.101667 | initial_min_latency=0.069867 | initial_max_latency=0.135667
[DL Convergence Block] | block=0 | active_users=3 | remaining_bits=6000 | objective=priority_weighted_sum_rate
    weight_strategy=inverse_cnr | user_weights: u0=0.853, u1=0.727, u2=1.000
[DL Convergence] | phase=optimize | block=0 | epoch=1/120 | active_users=3 | updated_users=3 | objective=4.330706 | sum_rate=4.619568 | r_p=33.980865 | r_c=3.398087 | r_s=1.072466 | status=running
[DL Convergence] | phase=optimize | block=0 | epoch=5/120 | active_users=3 | updated_users=3 | objective=17.086781 | sum_rate=16.961464 | r_p=33.674774 | r_c=47.661802 | r_s=0.326139 | status=running
[DL Convergence] | phase=optimize | block=0 | epoch=10/120 | active_users=3 | updated_users=3 | objective=19.941357 | sum_rate=19.919191 | r_p=33.377296 | r_c=103.268801 | r_s=0.234940 | status=running
[DL Convergence] | phase=optimize | block=0 | epoch=15/120 | active_users=3 | updated_users=3 | objective=20.287075 | sum_rate=20.279745 | r_p=33.346478 | r_c=158.793504 | r_s=0.145038 | status=running
[DL Convergence] | phase=optimize | block=0 | epoch=20/120 | active_users=3 | updated_users=3 | objective=20.371838 | sum_rate=20.369122 | r_p=33.337666 | r_c=214.328481 | r_s=0.123185 | status=running
[DL Convergence] | phase=optimize | block=0 | epoch=25/120 | active_users=3 | updated_users=3 | objective=20.407362 | sum_rate=20.404890 | r_p=33.336010 | r_c=269.886246 | r_s=0.135135 | status=running
[DL Convergence] | phase=optimize | block=0 | epoch=30/120 | active_users=3 | updated_users=3 | objective=20.430586 | sum_rate=20.428335 | r_p=33.336517 | r_c=325.456498 | r_s=0.126350 | status=running
[DL Convergence] | phase=optimize | block=0 | epoch=35/120 | active_users=3 | updated_users=3 | objective=20.441704 | sum_rate=20.440605 | r_p=33.334751 | r_c=381.001979 | r_s=0.073146 | status=running
[DL Convergence] | phase=optimize | block=0 | epoch=40/120 | active_users=3 | updated_users=3 | objective=20.442026 | sum_rate=20.440304 | r_p=33.336067 | r_c=436.581300 | r_s=0.123213 | status=running
[DL Convergence] | phase=optimize | block=0 | epoch=45/120 | active_users=3 | updated_users=3 | objective=20.446337 | sum_rate=20.445082 | r_p=33.334644 | r_c=492.123913 | r_s=0.138213 | status=running
[DL Convergence] | phase=optimize | block=0 | epoch=50/120 | active_users=3 | updated_users=3 | objective=20.449293 | sum_rate=20.448189 | r_p=33.335445 | r_c=547.697704 | r_s=0.112068 | status=running
[DL Convergence] | phase=optimize | block=0 | epoch=55/120 | active_users=3 | updated_users=3 | objective=20.446358 | sum_rate=20.444624 | r_p=33.335426 | r_c=603.259729 | r_s=0.146563 | status=running
[DL Convergence] | phase=optimize | block=0 | epoch=60/120 | active_users=3 | updated_users=3 | objective=20.451250 | sum_rate=20.450487 | r_p=33.334206 | r_c=658.797781 | r_s=0.077100 | status=running
[DL Convergence] | phase=optimize | block=0 | epoch=65/120 | active_users=3 | updated_users=3 | objective=20.449709 | sum_rate=20.448563 | r_p=33.334774 | r_c=714.369356 | r_s=0.120572 | status=running
[DL Convergence] | phase=optimize | block=0 | epoch=70/120 | active_users=3 | updated_users=3 | objective=20.449780 | sum_rate=20.448500 | r_p=33.335503 | r_c=769.946492 | r_s=0.156034 | status=running
[DL Convergence] | phase=optimize | block=0 | epoch=75/120 | active_users=3 | updated_users=3 | objective=20.449917 | sum_rate=20.448687 | r_p=33.335182 | r_c=825.500562 | r_s=0.165071 | status=running
[DL Convergence] | phase=optimize | block=0 | epoch=80/120 | active_users=3 | updated_users=3 | objective=20.449947 | sum_rate=20.448717 | r_p=33.335125 | r_c=881.060565 | r_s=0.133972 | status=running
[DL Convergence] | phase=optimize | block=0 | epoch=85/120 | active_users=3 | updated_users=3 | objective=20.452660 | sum_rate=20.452059 | r_p=33.334015 | r_c=936.590252 | r_s=0.142545 | status=running
[DL Convergence] | phase=optimize | block=0 | epoch=90/120 | active_users=3 | updated_users=3 | objective=20.450577 | sum_rate=20.449551 | r_p=33.334377 | r_c=992.159420 | r_s=0.141068 | status=running
[DL Convergence] | phase=optimize | block=0 | epoch=95/120 | active_users=3 | updated_users=3 | objective=20.453056 | sum_rate=20.452473 | r_p=33.334316 | r_c=1047.716559 | r_s=0.116056 | status=running
[DL Convergence] | phase=optimize | block=0 | epoch=100/120 | active_users=3 | updated_users=3 | objective=20.453424 | sum_rate=20.452951 | r_p=33.333912 | r_c=1103.261905 | r_s=0.072235 | status=running
[DL Convergence] | phase=optimize | block=0 | epoch=105/120 | active_users=3 | updated_users=3 | objective=20.453720 | sum_rate=20.453289 | r_p=33.333939 | r_c=1158.820716 | r_s=0.094314 | status=running
[DL Convergence] | phase=optimize | block=0 | epoch=110/120 | active_users=3 | updated_users=3 | objective=20.453228 | sum_rate=20.452669 | r_p=33.334229 | r_c=1214.389035 | r_s=0.130141 | status=running
[DL Convergence] | phase=optimize | block=0 | epoch=115/120 | active_users=3 | updated_users=3 | objective=20.453297 | sum_rate=20.452829 | r_p=33.333679 | r_c=1269.926378 | r_s=0.131119 | status=running
[DL Convergence] | phase=optimize | block=0 | epoch=120/120 | active_users=3 | updated_users=3 | objective=20.453722 | sum_rate=20.453323 | r_p=33.333763 | r_c=1325.486912 | r_s=0.124764 | status=running
[DL Convergence Block] | block=0 | skipped_users=[0, 1] | action=reoptimize_remaining
[DL Convergence] | phase=optimize | block=0 | epoch=1/120 | active_users=1 | updated_users=1 | objective=16.926825 | sum_rate=16.926825 | r_p=20.573175 | r_c=15.237371 | r_s=0.348043 | status=running
[DL Convergence] | phase=optimize | block=0 | epoch=5/120 | active_users=1 | updated_users=1 | objective=19.968575 | sum_rate=19.968575 | r_p=17.531425 | r_c=26.238108 | r_s=0.135807 | status=running
[DL Convergence] | phase=optimize | block=0 | epoch=10/120 | active_users=1 | updated_users=1 | objective=20.330038 | sum_rate=20.330038 | r_p=17.169962 | r_c=40.570413 | r_s=0.055370 | status=running
[DL Convergence] | phase=optimize | block=0 | epoch=15/120 | active_users=1 | updated_users=1 | objective=20.378174 | sum_rate=20.378174 | r_p=17.121826 | r_c=55.129693 | r_s=0.029526 | status=running
[DL Convergence] | phase=optimize | block=0 | epoch=20/120 | active_users=1 | updated_users=1 | objective=20.428280 | sum_rate=20.428280 | r_p=17.071720 | r_c=69.568674 | r_s=0.024105 | status=running
[DL Convergence] | phase=optimize | block=0 | epoch=25/120 | active_users=1 | updated_users=1 | objective=20.443541 | sum_rate=20.443541 | r_p=17.056459 | r_c=84.057145 | r_s=0.016003 | status=running
[DL Convergence] | phase=optimize | block=0 | epoch=30/120 | active_users=1 | updated_users=1 | objective=20.446466 | sum_rate=20.446466 | r_p=17.053534 | r_c=98.586142 | r_s=0.011368 | status=running
[DL Convergence] | phase=optimize | block=0 | epoch=35/120 | active_users=1 | updated_users=1 | objective=20.452063 | sum_rate=20.452063 | r_p=17.047937 | r_c=113.087779 | r_s=0.009840 | status=running
[DL Convergence] | phase=optimize | block=0 | epoch=40/120 | active_users=1 | updated_users=1 | objective=20.453407 | sum_rate=20.453407 | r_p=17.046593 | r_c=127.608880 | r_s=0.007044 | status=running
[DL Convergence] | phase=optimize | block=0 | epoch=45/120 | active_users=1 | updated_users=1 | objective=20.454233 | sum_rate=20.454233 | r_p=17.045767 | r_c=142.130926 | r_s=0.005542 | status=running
[DL Convergence] | phase=optimize | block=0 | epoch=50/120 | active_users=1 | updated_users=1 | objective=20.455154 | sum_rate=20.455154 | r_p=17.044846 | r_c=156.650016 | r_s=0.005131 | status=running
[DL Convergence] | phase=optimize | block=0 | epoch=55/120 | active_users=1 | updated_users=1 | objective=20.455263 | sum_rate=20.455263 | r_p=17.044737 | r_c=171.175288 | r_s=0.003569 | status=running
[DL Convergence] | phase=optimize | block=0 | epoch=60/120 | active_users=1 | updated_users=1 | objective=20.455498 | sum_rate=20.455498 | r_p=17.044502 | r_c=185.698761 | r_s=0.002924 | status=running
[DL Convergence] | phase=optimize | block=0 | epoch=65/120 | active_users=1 | updated_users=1 | objective=20.455605 | sum_rate=20.455605 | r_p=17.044395 | r_c=200.223226 | r_s=0.002463 | status=running
[DL Convergence] | phase=optimize | block=0 | epoch=70/120 | active_users=1 | updated_users=1 | objective=20.455667 | sum_rate=20.455667 | r_p=17.044333 | r_c=214.747978 | r_s=0.001968 | status=running
[DL Convergence] | phase=optimize | block=0 | epoch=75/120 | active_users=1 | updated_users=1 | objective=20.455706 | sum_rate=20.455706 | r_p=17.044294 | r_c=229.272920 | r_s=0.001560 | status=running
[DL Convergence] | phase=optimize | block=0 | epoch=80/120 | active_users=1 | updated_users=1 | objective=20.455715 | sum_rate=20.455715 | r_p=17.044285 | r_c=243.798176 | r_s=0.001156 | status=running
[DL Convergence] | phase=optimize | block=0 | epoch=85/120 | active_users=1 | updated_users=1 | objective=20.455730 | sum_rate=20.455730 | r_p=17.044270 | r_c=258.323316 | r_s=9.117871e-04 | status=stationary_infeasible
  user=02 block=00 serves partial bits at n=T; not reducing n_kl.
[DL Convergence Allocation] | user=0 | block=0 | status=skipped | n_kl=50 | achieved_rate=-0.471106
[DL Convergence Allocation] | user=1 | block=0 | status=skipped | n_kl=60 | achieved_rate=-0.308393
[DL Convergence Allocation] | user=2 | block=0 | served_bits=1636 | n_kl=80 | required_rate=20.450000 | achieved_rate=20.455738 | rate_margin=0.005738
[DL Convergence Block] | block=0 | status=complete | allocated_bits=1636 | remaining_bits=4364
[DL Convergence Block] | block=1 | active_users=3 | remaining_bits=4364 | objective=priority_weighted_sum_rate
    weight_strategy=inverse_cnr | user_weights: u0=1.000, u1=0.927, u2=0.258
[DL Convergence] | phase=optimize | block=1 | epoch=1/120 | active_users=3 | updated_users=3 | objective=2.240013 | sum_rate=9.898248 | r_p=33.549965 | r_c=3.354996 | r_s=0.799941 | status=running
[DL Convergence] | phase=optimize | block=1 | epoch=5/120 | active_users=3 | updated_users=3 | objective=4.045940 | sum_rate=16.048450 | r_p=33.372307 | r_c=48.029204 | r_s=0.435000 | status=running
[DL Convergence] | phase=optimize | block=1 | epoch=10/120 | active_users=3 | updated_users=3 | objective=5.054621 | sum_rate=19.652838 | r_p=33.339409 | r_c=103.581053 | r_s=0.208792 | status=running
[DL Convergence] | phase=optimize | block=1 | epoch=15/120 | active_users=3 | updated_users=3 | objective=5.262782 | sum_rate=20.389896 | r_p=33.335545 | r_c=159.135050 | r_s=0.156179 | status=running
[DL Convergence] | phase=optimize | block=1 | epoch=20/120 | active_users=3 | updated_users=3 | objective=5.316143 | sum_rate=20.586212 | r_p=33.334530 | r_c=214.691008 | r_s=0.151455 | status=running
[DL Convergence] | phase=optimize | block=1 | epoch=25/120 | active_users=3 | updated_users=3 | objective=5.334559 | sum_rate=20.655502 | r_p=33.334316 | r_c=270.249019 | r_s=0.147300 | status=running
[DL Convergence] | phase=optimize | block=1 | epoch=30/120 | active_users=3 | updated_users=3 | objective=5.338294 | sum_rate=20.668674 | r_p=33.334095 | r_c=325.805502 | r_s=0.116050 | status=running
[DL Convergence] | phase=optimize | block=1 | epoch=35/120 | active_users=3 | updated_users=3 | objective=5.341072 | sum_rate=20.678570 | r_p=33.333885 | r_c=381.360938 | r_s=0.091857 | status=running
[DL Convergence] | phase=optimize | block=1 | epoch=40/120 | active_users=3 | updated_users=3 | objective=5.343166 | sum_rate=20.687157 | r_p=33.333759 | r_c=436.916569 | r_s=0.111539 | status=running
[DL Convergence] | phase=optimize | block=1 | epoch=45/120 | active_users=3 | updated_users=3 | objective=5.344688 | sum_rate=20.691952 | r_p=33.333733 | r_c=492.473085 | r_s=0.081724 | status=running
[DL Convergence] | phase=optimize | block=1 | epoch=50/120 | active_users=3 | updated_users=3 | objective=5.345483 | sum_rate=20.694553 | r_p=33.333561 | r_c=548.027083 | r_s=0.059295 | status=running
[DL Convergence] | phase=optimize | block=1 | epoch=55/120 | active_users=3 | updated_users=3 | objective=5.345882 | sum_rate=20.695929 | r_p=33.333710 | r_c=603.586221 | r_s=0.103400 | status=running
[DL Convergence] | phase=optimize | block=1 | epoch=60/120 | active_users=3 | updated_users=3 | objective=5.345775 | sum_rate=20.696196 | r_p=33.333611 | r_c=659.140915 | r_s=0.074152 | status=running
[DL Convergence] | phase=optimize | block=1 | epoch=65/120 | active_users=3 | updated_users=3 | objective=5.345912 | sum_rate=20.696440 | r_p=33.333637 | r_c=714.697939 | r_s=0.089747 | status=running
[DL Convergence] | phase=optimize | block=1 | epoch=70/120 | active_users=3 | updated_users=3 | objective=5.346128 | sum_rate=20.696585 | r_p=33.333546 | r_c=770.252324 | r_s=0.051310 | status=running
[DL Convergence] | phase=optimize | block=1 | epoch=75/120 | active_users=3 | updated_users=3 | objective=5.346189 | sum_rate=20.696663 | r_p=33.333542 | r_c=825.808500 | r_s=0.053191 | status=running
[DL Convergence] | phase=optimize | block=1 | epoch=80/120 | active_users=3 | updated_users=3 | objective=5.346155 | sum_rate=20.696686 | r_p=33.333466 | r_c=881.362743 | r_s=0.060137 | status=running
[DL Convergence] | phase=optimize | block=1 | epoch=85/120 | active_users=3 | updated_users=3 | objective=5.346334 | sum_rate=20.696930 | r_p=33.333488 | r_c=936.919486 | r_s=0.046048 | status=running
[DL Convergence] | phase=optimize | block=1 | epoch=90/120 | active_users=3 | updated_users=3 | objective=5.346319 | sum_rate=20.696930 | r_p=33.333511 | r_c=992.476287 | r_s=0.070132 | status=running
[DL Convergence] | phase=optimize | block=1 | epoch=95/120 | active_users=3 | updated_users=3 | objective=5.346396 | sum_rate=20.697014 | r_p=33.333485 | r_c=1048.031591 | r_s=0.055088 | status=running
[DL Convergence] | phase=optimize | block=1 | epoch=100/120 | active_users=3 | updated_users=3 | objective=5.346439 | sum_rate=20.697107 | r_p=33.333469 | r_c=1103.587132 | r_s=0.058331 | status=running
[DL Convergence] | phase=optimize | block=1 | epoch=105/120 | active_users=3 | updated_users=3 | objective=5.346495 | sum_rate=20.697283 | r_p=33.333450 | r_c=1159.142480 | r_s=0.069086 | status=running
[DL Convergence] | phase=optimize | block=1 | epoch=110/120 | active_users=3 | updated_users=3 | objective=5.346245 | sum_rate=20.696972 | r_p=33.333405 | r_c=1214.696764 | r_s=0.085459 | status=running
[DL Convergence] | phase=optimize | block=1 | epoch=115/120 | active_users=3 | updated_users=3 | objective=5.346235 | sum_rate=20.696716 | r_p=33.333427 | r_c=1270.253490 | r_s=0.047395 | status=running
[DL Convergence] | phase=optimize | block=1 | epoch=120/120 | active_users=3 | updated_users=3 | objective=5.346252 | sum_rate=20.696646 | r_p=33.333412 | r_c=1325.808764 | r_s=0.077683 | status=running
[DL Convergence Block] | block=1 | skipped_users=[0, 1] | action=reoptimize_remaining
[DL Convergence] | phase=optimize | block=1 | epoch=1/120 | active_users=1 | updated_users=1 | objective=5.346724 | sum_rate=20.697470 | r_p=0.000000 | r_c=0.000000 | r_s=0.002508 | status=running
[DL Convergence] | phase=optimize | block=1 | epoch=2/120 | active_users=1 | updated_users=1 | objective=5.346739 | sum_rate=20.697529 | r_p=0.000000 | r_c=0.000000 | r_s=8.289349e-04 | status=kkt_converged
[DL Convergence Reduction] | block=1 | epoch=1 | direction=ascending | strategy=fixed_step | users=[2]
  user=02 block=01 candidate n_kl=   1 breaks committed-user feasibility [2] at search_stage=fixed_step; trying fresh re-optimization.
[DL Convergence] | phase=optimize | block=1 | epoch=1/120 | active_users=1 | updated_users=1 | objective=1.136540 | sum_rate=4.399611 | r_p=1359.600342 | r_c=391.329773 | r_s=0.001474 | status=running
[DL Convergence] | phase=optimize | block=1 | epoch=5/120 | active_users=1 | updated_users=1 | objective=1.136226 | sum_rate=4.398394 | r_p=1359.601562 | r_c=7.433192e+04 | r_s=0.023889 | status=running
[DL Convergence] | phase=optimize | block=1 | epoch=10/120 | active_users=1 | updated_users=1 | objective=1.136481 | sum_rate=4.399384 | r_p=1359.600586 | r_c=1.667576e+05 | r_s=0.018462 | status=running
[DL Convergence] | phase=optimize | block=1 | epoch=15/120 | active_users=1 | updated_users=1 | objective=1.136463 | sum_rate=4.399311 | r_p=1359.600708 | r_c=2.591833e+05 | r_s=0.021579 | status=running
[DL Convergence] | phase=optimize | block=1 | epoch=20/120 | active_users=1 | updated_users=1 | objective=1.136464 | sum_rate=4.399315 | r_p=1359.600708 | r_c=3.516090e+05 | r_s=0.017338 | status=running
[DL Convergence] | phase=optimize | block=1 | epoch=25/120 | active_users=1 | updated_users=1 | objective=1.136570 | sum_rate=4.399725 | r_p=1359.600220 | r_c=4.440346e+05 | r_s=0.013742 | status=running
[DL Convergence] | phase=optimize | block=1 | epoch=30/120 | active_users=1 | updated_users=1 | objective=1.136641 | sum_rate=4.400002 | r_p=1359.599976 | r_c=5.364601e+05 | r_s=0.011042 | status=running
[DL Convergence] | phase=optimize | block=1 | epoch=35/120 | active_users=1 | updated_users=1 | objective=1.136587 | sum_rate=4.399794 | r_p=1359.600220 | r_c=6.288858e+05 | r_s=0.012905 | status=running
[DL Convergence] | phase=optimize | block=1 | epoch=40/120 | active_users=1 | updated_users=1 | objective=1.136660 | sum_rate=4.400074 | r_p=1359.599976 | r_c=7.213113e+05 | r_s=0.010251 | status=running
[DL Convergence] | phase=optimize | block=1 | epoch=45/120 | active_users=1 | updated_users=1 | objective=1.136633 | sum_rate=4.399971 | r_p=1359.599976 | r_c=8.137369e+05 | r_s=0.010339 | status=running
[DL Convergence] | phase=optimize | block=1 | epoch=50/120 | active_users=1 | updated_users=1 | objective=1.136556 | sum_rate=4.399672 | r_p=1359.600342 | r_c=9.061628e+05 | r_s=0.015360 | status=running
[DL Convergence] | phase=optimize | block=1 | epoch=55/120 | active_users=1 | updated_users=1 | objective=1.136614 | sum_rate=4.399899 | r_p=1359.600098 | r_c=9.985883e+05 | r_s=0.013121 | status=running
[DL Convergence] | phase=optimize | block=1 | epoch=60/120 | active_users=1 | updated_users=1 | objective=1.136648 | sum_rate=4.400030 | r_p=1359.599976 | r_c=1.091014e+06 | r_s=0.008968 | status=running
[DL Convergence] | phase=optimize | block=1 | epoch=65/120 | active_users=1 | updated_users=1 | objective=1.136653 | sum_rate=4.400049 | r_p=1359.599976 | r_c=1.183439e+06 | r_s=0.010520 | status=running
[DL Convergence] | phase=optimize | block=1 | epoch=70/120 | active_users=1 | updated_users=1 | objective=1.136696 | sum_rate=4.400213 | r_p=1359.599731 | r_c=1.275865e+06 | r_s=0.006802 | status=running
[DL Convergence] | phase=optimize | block=1 | epoch=75/120 | active_users=1 | updated_users=1 | objective=1.136694 | sum_rate=4.400206 | r_p=1359.599854 | r_c=1.368290e+06 | r_s=0.007331 | status=running
[DL Convergence] | phase=optimize | block=1 | epoch=80/120 | active_users=1 | updated_users=1 | objective=1.136684 | sum_rate=4.400167 | r_p=1359.599854 | r_c=1.460716e+06 | r_s=0.006968 | status=running
[DL Convergence] | phase=optimize | block=1 | epoch=85/120 | active_users=1 | updated_users=1 | objective=1.136610 | sum_rate=4.399879 | r_p=1359.600098 | r_c=1.553142e+06 | r_s=0.012798 | status=running
[DL Convergence] | phase=optimize | block=1 | epoch=90/120 | active_users=1 | updated_users=1 | objective=1.136647 | sum_rate=4.400023 | r_p=1359.599976 | r_c=1.645567e+06 | r_s=0.010633 | status=running
[DL Convergence] | phase=optimize | block=1 | epoch=95/120 | active_users=1 | updated_users=1 | objective=1.136691 | sum_rate=4.400194 | r_p=1359.599854 | r_c=1.737993e+06 | r_s=0.007744 | status=running
[DL Convergence] | phase=optimize | block=1 | epoch=100/120 | active_users=1 | updated_users=1 | objective=1.136702 | sum_rate=4.400236 | r_p=1359.599731 | r_c=1.830418e+06 | r_s=0.005216 | status=running
[DL Convergence] | phase=optimize | block=1 | epoch=105/120 | active_users=1 | updated_users=1 | objective=1.136673 | sum_rate=4.400124 | r_p=1359.599854 | r_c=1.922844e+06 | r_s=0.008536 | status=running
[DL Convergence] | phase=optimize | block=1 | epoch=110/120 | active_users=1 | updated_users=1 | objective=1.136685 | sum_rate=4.400173 | r_p=1359.599854 | r_c=2.015270e+06 | r_s=0.007898 | status=running
[DL Convergence] | phase=optimize | block=1 | epoch=115/120 | active_users=1 | updated_users=1 | objective=1.136677 | sum_rate=4.400141 | r_p=1359.599854 | r_c=2.107695e+06 | r_s=0.008042 | status=running
[DL Convergence] | phase=optimize | block=1 | epoch=120/120 | active_users=1 | updated_users=1 | objective=1.136683 | sum_rate=4.400166 | r_p=1359.599854 | r_c=2.200121e+06 | r_s=0.008183 | status=running
  user=02 block=01 candidate n_kl=   1 after updating users [2] still leaves committed users infeasible [2] at search_stage=fixed_step.
  user=02 block=01 candidate n_kl=   2 breaks committed-user feasibility [2] at search_stage=fixed_step; trying fresh re-optimization.
[DL Convergence] | phase=optimize | block=1 | epoch=1/120 | active_users=1 | updated_users=1 | objective=2.524914 | sum_rate=9.774084 | r_p=672.225891 | r_c=193.484804 | r_s=0.001475 | status=running
[DL Convergence] | phase=optimize | block=1 | epoch=5/120 | active_users=1 | updated_users=1 | objective=2.525046 | sum_rate=9.774595 | r_p=672.225403 | r_c=1.826897e+04 | r_s=0.008783 | status=running
[DL Convergence] | phase=optimize | block=1 | epoch=10/120 | active_users=1 | updated_users=1 | objective=2.524881 | sum_rate=9.773956 | r_p=672.226074 | r_c=4.086338e+04 | r_s=0.016246 | status=running
[DL Convergence] | phase=optimize | block=1 | epoch=15/120 | active_users=1 | updated_users=1 | objective=2.524939 | sum_rate=9.774182 | r_p=672.225830 | r_c=6.345775e+04 | r_s=0.015026 | status=running
[DL Convergence] | phase=optimize | block=1 | epoch=20/120 | active_users=1 | updated_users=1 | objective=2.524945 | sum_rate=9.774203 | r_p=672.225769 | r_c=8.605212e+04 | r_s=0.014629 | status=running
[DL Convergence] | phase=optimize | block=1 | epoch=25/120 | active_users=1 | updated_users=1 | objective=2.524965 | sum_rate=9.774281 | r_p=672.225708 | r_c=1.086465e+05 | r_s=0.012894 | status=running
[DL Convergence] | phase=optimize | block=1 | epoch=30/120 | active_users=1 | updated_users=1 | objective=2.524948 | sum_rate=9.774218 | r_p=672.225769 | r_c=1.312409e+05 | r_s=0.015393 | status=running
[DL Convergence] | phase=optimize | block=1 | epoch=35/120 | active_users=1 | updated_users=1 | objective=2.524966 | sum_rate=9.774283 | r_p=672.225708 | r_c=1.538352e+05 | r_s=0.013092 | status=running
[DL Convergence] | phase=optimize | block=1 | epoch=40/120 | active_users=1 | updated_users=1 | objective=2.525026 | sum_rate=9.774516 | r_p=672.225464 | r_c=1.764295e+05 | r_s=0.008911 | status=running
[DL Convergence] | phase=optimize | block=1 | epoch=45/120 | active_users=1 | updated_users=1 | objective=2.524976 | sum_rate=9.774323 | r_p=672.225647 | r_c=1.990239e+05 | r_s=0.012844 | status=running
[DL Convergence] | phase=optimize | block=1 | epoch=50/120 | active_users=1 | updated_users=1 | objective=2.524984 | sum_rate=9.774356 | r_p=672.225647 | r_c=2.216183e+05 | r_s=0.011443 | status=running
[DL Convergence] | phase=optimize | block=1 | epoch=55/120 | active_users=1 | updated_users=1 | objective=2.525058 | sum_rate=9.774641 | r_p=672.225342 | r_c=2.442126e+05 | r_s=0.009756 | status=running
[DL Convergence] | phase=optimize | block=1 | epoch=60/120 | active_users=1 | updated_users=1 | objective=2.525004 | sum_rate=9.774434 | r_p=672.225586 | r_c=2.668070e+05 | r_s=0.010502 | status=running
[DL Convergence] | phase=optimize | block=1 | epoch=65/120 | active_users=1 | updated_users=1 | objective=2.525048 | sum_rate=9.774602 | r_p=672.225403 | r_c=2.894013e+05 | r_s=0.008302 | status=running
[DL Convergence] | phase=optimize | block=1 | epoch=70/120 | active_users=1 | updated_users=1 | objective=2.525043 | sum_rate=9.774582 | r_p=672.225403 | r_c=3.119956e+05 | r_s=0.008915 | status=running
[DL Convergence] | phase=optimize | block=1 | epoch=75/120 | active_users=1 | updated_users=1 | objective=2.525074 | sum_rate=9.774702 | r_p=672.225281 | r_c=3.345899e+05 | r_s=0.005828 | status=running
[DL Convergence] | phase=optimize | block=1 | epoch=80/120 | active_users=1 | updated_users=1 | objective=2.525043 | sum_rate=9.774582 | r_p=672.225403 | r_c=3.571843e+05 | r_s=0.008275 | status=running
[DL Convergence] | phase=optimize | block=1 | epoch=85/120 | active_users=1 | updated_users=1 | objective=2.525042 | sum_rate=9.774578 | r_p=672.225403 | r_c=3.797787e+05 | r_s=0.008692 | status=running
[DL Convergence] | phase=optimize | block=1 | epoch=90/120 | active_users=1 | updated_users=1 | objective=2.525006 | sum_rate=9.774442 | r_p=672.225586 | r_c=4.023731e+05 | r_s=0.011173 | status=running
[DL Convergence] | phase=optimize | block=1 | epoch=95/120 | active_users=1 | updated_users=1 | objective=2.525022 | sum_rate=9.774504 | r_p=672.225525 | r_c=4.249675e+05 | r_s=0.010700 | status=running
[DL Convergence] | phase=optimize | block=1 | epoch=100/120 | active_users=1 | updated_users=1 | objective=2.525057 | sum_rate=9.774637 | r_p=672.225342 | r_c=4.475617e+05 | r_s=0.007842 | status=running
[DL Convergence] | phase=optimize | block=1 | epoch=105/120 | active_users=1 | updated_users=1 | objective=2.525079 | sum_rate=9.774724 | r_p=672.225281 | r_c=4.701560e+05 | r_s=0.004804 | status=running
[DL Convergence] | phase=optimize | block=1 | epoch=110/120 | active_users=1 | updated_users=1 | objective=2.525064 | sum_rate=9.774663 | r_p=672.225342 | r_c=4.927504e+05 | r_s=0.006914 | status=running
[DL Convergence] | phase=optimize | block=1 | epoch=115/120 | active_users=1 | updated_users=1 | objective=2.525057 | sum_rate=9.774638 | r_p=672.225342 | r_c=5.153447e+05 | r_s=0.008472 | status=running
[DL Convergence] | phase=optimize | block=1 | epoch=120/120 | active_users=1 | updated_users=1 | objective=2.525063 | sum_rate=9.774662 | r_p=672.225342 | r_c=5.379391e+05 | r_s=0.006512 | status=running
  user=02 block=01 candidate n_kl=   2 after updating users [2] still leaves committed users infeasible [2] at search_stage=fixed_step.
  user=02 block=01 candidate n_kl=   3 breaks committed-user feasibility [2] at search_stage=fixed_step; trying fresh re-optimization.
[DL Convergence] | phase=optimize | block=1 | epoch=1/120 | active_users=1 | updated_users=1 | objective=3.139987 | sum_rate=12.155066 | r_p=442.511597 | r_c=127.366813 | r_s=0.001476 | status=running
[DL Convergence] | phase=optimize | block=1 | epoch=5/120 | active_users=1 | updated_users=1 | objective=3.140112 | sum_rate=12.155552 | r_p=442.511108 | r_c=7960.011805 | r_s=0.007423 | status=running
[DL Convergence] | phase=optimize | block=1 | epoch=10/120 | active_users=1 | updated_users=1 | objective=3.140050 | sum_rate=12.155309 | r_p=442.511353 | r_c=1.775083e+04 | r_s=0.012076 | status=running
[DL Convergence] | phase=optimize | block=1 | epoch=15/120 | active_users=1 | updated_users=1 | objective=3.139970 | sum_rate=12.155001 | r_p=442.511658 | r_c=2.754166e+04 | r_s=0.017138 | status=running
[DL Convergence] | phase=optimize | block=1 | epoch=20/120 | active_users=1 | updated_users=1 | objective=3.140071 | sum_rate=12.155392 | r_p=442.511261 | r_c=3.733245e+04 | r_s=0.011525 | status=running
[DL Convergence] | phase=optimize | block=1 | epoch=25/120 | active_users=1 | updated_users=1 | objective=3.140081 | sum_rate=12.155432 | r_p=442.511230 | r_c=4.712326e+04 | r_s=0.011176 | status=running
[DL Convergence] | phase=optimize | block=1 | epoch=30/120 | active_users=1 | updated_users=1 | objective=3.140042 | sum_rate=12.155279 | r_p=442.511383 | r_c=5.691409e+04 | r_s=0.014209 | status=running
[DL Convergence] | phase=optimize | block=1 | epoch=35/120 | active_users=1 | updated_users=1 | objective=3.140074 | sum_rate=12.155403 | r_p=442.511261 | r_c=6.670489e+04 | r_s=0.011382 | status=running
[DL Convergence] | phase=optimize | block=1 | epoch=40/120 | active_users=1 | updated_users=1 | objective=3.140065 | sum_rate=12.155367 | r_p=442.511292 | r_c=7.649570e+04 | r_s=0.011311 | status=running
[DL Convergence] | phase=optimize | block=1 | epoch=45/120 | active_users=1 | updated_users=1 | objective=3.140116 | sum_rate=12.155566 | r_p=442.511078 | r_c=8.628647e+04 | r_s=0.009688 | status=running
[DL Convergence] | phase=optimize | block=1 | epoch=50/120 | active_users=1 | updated_users=1 | objective=3.140053 | sum_rate=12.155320 | r_p=442.511322 | r_c=9.607733e+04 | r_s=0.012430 | status=running
[DL Convergence] | phase=optimize | block=1 | epoch=55/120 | active_users=1 | updated_users=1 | objective=3.140125 | sum_rate=12.155599 | r_p=442.511047 | r_c=1.058681e+05 | r_s=0.009778 | status=running
[DL Convergence] | phase=optimize | block=1 | epoch=60/120 | active_users=1 | updated_users=1 | objective=3.140096 | sum_rate=12.155487 | r_p=442.511169 | r_c=1.156589e+05 | r_s=0.008930 | status=running
[DL Convergence] | phase=optimize | block=1 | epoch=65/120 | active_users=1 | updated_users=1 | objective=3.140079 | sum_rate=12.155422 | r_p=442.511230 | r_c=1.254497e+05 | r_s=0.012174 | status=running
[DL Convergence] | phase=optimize | block=1 | epoch=70/120 | active_users=1 | updated_users=1 | objective=3.140103 | sum_rate=12.155517 | r_p=442.511139 | r_c=1.352405e+05 | r_s=0.009854 | status=running
[DL Convergence] | phase=optimize | block=1 | epoch=75/120 | active_users=1 | updated_users=1 | objective=3.140151 | sum_rate=12.155701 | r_p=442.510956 | r_c=1.450313e+05 | r_s=0.005777 | status=running
[DL Convergence] | phase=optimize | block=1 | epoch=80/120 | active_users=1 | updated_users=1 | objective=3.140137 | sum_rate=12.155646 | r_p=442.511017 | r_c=1.548221e+05 | r_s=0.006752 | status=running
[DL Convergence] | phase=optimize | block=1 | epoch=85/120 | active_users=1 | updated_users=1 | objective=3.140134 | sum_rate=12.155637 | r_p=442.511017 | r_c=1.646129e+05 | r_s=0.007111 | status=running
[DL Convergence] | phase=optimize | block=1 | epoch=90/120 | active_users=1 | updated_users=1 | objective=3.140025 | sum_rate=12.155215 | r_p=442.511444 | r_c=1.744039e+05 | r_s=0.013987 | status=running
[DL Convergence] | phase=optimize | block=1 | epoch=95/120 | active_users=1 | updated_users=1 | objective=3.140121 | sum_rate=12.155586 | r_p=442.511078 | r_c=1.841945e+05 | r_s=0.008954 | status=running
[DL Convergence] | phase=optimize | block=1 | epoch=100/120 | active_users=1 | updated_users=1 | objective=3.140123 | sum_rate=12.155594 | r_p=442.511047 | r_c=1.939853e+05 | r_s=0.008178 | status=running
[DL Convergence] | phase=optimize | block=1 | epoch=105/120 | active_users=1 | updated_users=1 | objective=3.140141 | sum_rate=12.155664 | r_p=442.510986 | r_c=2.037761e+05 | r_s=0.004424 | status=running
[DL Convergence] | phase=optimize | block=1 | epoch=110/120 | active_users=1 | updated_users=1 | objective=3.140158 | sum_rate=12.155727 | r_p=442.510925 | r_c=2.135668e+05 | r_s=0.005380 | status=running
[DL Convergence] | phase=optimize | block=1 | epoch=115/120 | active_users=1 | updated_users=1 | objective=3.140154 | sum_rate=12.155714 | r_p=442.510956 | r_c=2.233577e+05 | r_s=0.003756 | status=running
[DL Convergence] | phase=optimize | block=1 | epoch=120/120 | active_users=1 | updated_users=1 | objective=3.140009 | sum_rate=12.155150 | r_p=442.511505 | r_c=2.331487e+05 | r_s=0.015820 | status=running
  user=02 block=01 candidate n_kl=   3 after updating users [2] still leaves committed users infeasible [2] at search_stage=fixed_step.
  user=02 block=01 candidate n_kl=   4 breaks committed-user feasibility [2] at search_stage=fixed_step; trying fresh re-optimization.
[DL Convergence] | phase=optimize | block=1 | epoch=1/120 | active_users=1 | updated_users=1 | objective=3.506643 | sum_rate=13.574412 | r_p=327.425598 | r_c=94.241948 | r_s=0.001476 | status=running
[DL Convergence] | phase=optimize | block=1 | epoch=5/120 | active_users=1 | updated_users=1 | objective=3.506777 | sum_rate=13.574929 | r_p=327.425079 | r_c=4382.530801 | r_s=0.005416 | status=running
[DL Convergence] | phase=optimize | block=1 | epoch=10/120 | active_users=1 | updated_users=1 | objective=3.506754 | sum_rate=13.574841 | r_p=327.425171 | r_c=9742.892754 | r_s=0.010730 | status=running
[DL Convergence] | phase=optimize | block=1 | epoch=15/120 | active_users=1 | updated_users=1 | objective=3.506739 | sum_rate=13.574785 | r_p=327.425201 | r_c=1.510326e+04 | r_s=0.011013 | status=running
[DL Convergence] | phase=optimize | block=1 | epoch=20/120 | active_users=1 | updated_users=1 | objective=3.506737 | sum_rate=13.574776 | r_p=327.425232 | r_c=2.046362e+04 | r_s=0.011034 | status=running
[DL Convergence] | phase=optimize | block=1 | epoch=25/120 | active_users=1 | updated_users=1 | objective=3.506725 | sum_rate=13.574728 | r_p=327.425262 | r_c=2.582399e+04 | r_s=0.011806 | status=running
[DL Convergence] | phase=optimize | block=1 | epoch=30/120 | active_users=1 | updated_users=1 | objective=3.506719 | sum_rate=13.574706 | r_p=327.425293 | r_c=3.118436e+04 | r_s=0.011845 | status=running
[DL Convergence] | phase=optimize | block=1 | epoch=35/120 | active_users=1 | updated_users=1 | objective=3.506732 | sum_rate=13.574756 | r_p=327.425232 | r_c=3.654471e+04 | r_s=0.011884 | status=running
[DL Convergence] | phase=optimize | block=1 | epoch=40/120 | active_users=1 | updated_users=1 | objective=3.506774 | sum_rate=13.574922 | r_p=327.425079 | r_c=4.190506e+04 | r_s=0.007991 | status=running
[DL Convergence] | phase=optimize | block=1 | epoch=45/120 | active_users=1 | updated_users=1 | objective=3.506754 | sum_rate=13.574841 | r_p=327.425171 | r_c=4.726543e+04 | r_s=0.009970 | status=running
[DL Convergence] | phase=optimize | block=1 | epoch=50/120 | active_users=1 | updated_users=1 | objective=3.506783 | sum_rate=13.574952 | r_p=327.425049 | r_c=5.262577e+04 | r_s=0.008770 | status=running
[DL Convergence] | phase=optimize | block=1 | epoch=55/120 | active_users=1 | updated_users=1 | objective=3.506722 | sum_rate=13.574719 | r_p=327.425293 | r_c=5.798618e+04 | r_s=0.012953 | status=running
[DL Convergence] | phase=optimize | block=1 | epoch=60/120 | active_users=1 | updated_users=1 | objective=3.506765 | sum_rate=13.574883 | r_p=327.425110 | r_c=6.334651e+04 | r_s=0.009975 | status=running
[DL Convergence] | phase=optimize | block=1 | epoch=65/120 | active_users=1 | updated_users=1 | objective=3.506749 | sum_rate=13.574822 | r_p=327.425171 | r_c=6.870688e+04 | r_s=0.010158 | status=running
[DL Convergence] | phase=optimize | block=1 | epoch=70/120 | active_users=1 | updated_users=1 | objective=3.506781 | sum_rate=13.574945 | r_p=327.425049 | r_c=7.406721e+04 | r_s=0.007032 | status=running
[DL Convergence] | phase=optimize | block=1 | epoch=75/120 | active_users=1 | updated_users=1 | objective=3.506786 | sum_rate=13.574967 | r_p=327.425018 | r_c=7.942756e+04 | r_s=0.007897 | status=running
[DL Convergence] | phase=optimize | block=1 | epoch=80/120 | active_users=1 | updated_users=1 | objective=3.506797 | sum_rate=13.575009 | r_p=327.424988 | r_c=8.478791e+04 | r_s=0.006481 | status=running
[DL Convergence] | phase=optimize | block=1 | epoch=85/120 | active_users=1 | updated_users=1 | objective=3.506752 | sum_rate=13.574833 | r_p=327.425171 | r_c=9.014832e+04 | r_s=0.009853 | status=running
[DL Convergence] | phase=optimize | block=1 | epoch=90/120 | active_users=1 | updated_users=1 | objective=3.506771 | sum_rate=13.574907 | r_p=327.425079 | r_c=9.550866e+04 | r_s=0.008584 | status=running
[DL Convergence] | phase=optimize | block=1 | epoch=95/120 | active_users=1 | updated_users=1 | objective=3.506789 | sum_rate=13.574977 | r_p=327.425018 | r_c=1.008690e+05 | r_s=0.007252 | status=running
[DL Convergence] | phase=optimize | block=1 | epoch=100/120 | active_users=1 | updated_users=1 | objective=3.506759 | sum_rate=13.574863 | r_p=327.425140 | r_c=1.062294e+05 | r_s=0.009640 | status=running
[DL Convergence] | phase=optimize | block=1 | epoch=105/120 | active_users=1 | updated_users=1 | objective=3.506795 | sum_rate=13.575002 | r_p=327.424988 | r_c=1.115897e+05 | r_s=0.007224 | status=running
[DL Convergence] | phase=optimize | block=1 | epoch=110/120 | active_users=1 | updated_users=1 | objective=3.506811 | sum_rate=13.575063 | r_p=327.424927 | r_c=1.169500e+05 | r_s=0.004132 | status=running
[DL Convergence] | phase=optimize | block=1 | epoch=115/120 | active_users=1 | updated_users=1 | objective=3.506802 | sum_rate=13.575027 | r_p=327.424988 | r_c=1.223104e+05 | r_s=0.004960 | status=running
[DL Convergence] | phase=optimize | block=1 | epoch=120/120 | active_users=1 | updated_users=1 | objective=3.506651 | sum_rate=13.574444 | r_p=327.425568 | r_c=1.276710e+05 | r_s=0.015628 | status=running
  user=02 block=01 candidate n_kl=   4 after updating users [2] still leaves committed users infeasible [2] at search_stage=fixed_step.
  user=02 block=01 candidate n_kl=   5 breaks committed-user feasibility [2] at search_stage=fixed_step; trying fresh re-optimization.
[DL Convergence] | phase=optimize | block=1 | epoch=1/120 | active_users=1 | updated_users=1 | objective=3.756862 | sum_rate=14.543023 | r_p=258.256958 | r_c=74.333342 | r_s=0.001477 | status=running
[DL Convergence] | phase=optimize | block=1 | epoch=5/120 | active_users=1 | updated_users=1 | objective=3.756995 | sum_rate=14.543540 | r_p=258.256439 | r_c=2742.190147 | r_s=0.004413 | status=running
[DL Convergence] | phase=optimize | block=1 | epoch=10/120 | active_users=1 | updated_users=1 | objective=3.757010 | sum_rate=14.543597 | r_p=258.256378 | r_c=6077.007500 | r_s=0.006436 | status=running
[DL Convergence] | phase=optimize | block=1 | epoch=15/120 | active_users=1 | updated_users=1 | objective=3.756987 | sum_rate=14.543509 | r_p=258.256470 | r_c=9411.830177 | r_s=0.008214 | status=running
[DL Convergence] | phase=optimize | block=1 | epoch=20/120 | active_users=1 | updated_users=1 | objective=3.756976 | sum_rate=14.543465 | r_p=258.256531 | r_c=1.274665e+04 | r_s=0.009801 | status=running
[DL Convergence] | phase=optimize | block=1 | epoch=25/120 | active_users=1 | updated_users=1 | objective=3.756953 | sum_rate=14.543379 | r_p=258.256622 | r_c=1.608148e+04 | r_s=0.012639 | status=running
[DL Convergence] | phase=optimize | block=1 | epoch=30/120 | active_users=1 | updated_users=1 | objective=3.756962 | sum_rate=14.543411 | r_p=258.256592 | r_c=1.941630e+04 | r_s=0.009833 | status=running
[DL Convergence] | phase=optimize | block=1 | epoch=35/120 | active_users=1 | updated_users=1 | objective=3.756949 | sum_rate=14.543361 | r_p=258.256622 | r_c=2.275113e+04 | r_s=0.011349 | status=running
[DL Convergence] | phase=optimize | block=1 | epoch=40/120 | active_users=1 | updated_users=1 | objective=3.757008 | sum_rate=14.543589 | r_p=258.256409 | r_c=2.608593e+04 | r_s=0.006044 | status=running
[DL Convergence] | phase=optimize | block=1 | epoch=45/120 | active_users=1 | updated_users=1 | objective=3.756984 | sum_rate=14.543496 | r_p=258.256500 | r_c=2.942076e+04 | r_s=0.009210 | status=running
[DL Convergence] | phase=optimize | block=1 | epoch=50/120 | active_users=1 | updated_users=1 | objective=3.757001 | sum_rate=14.543562 | r_p=258.256439 | r_c=3.275557e+04 | r_s=0.008712 | status=running
[DL Convergence] | phase=optimize | block=1 | epoch=55/120 | active_users=1 | updated_users=1 | objective=3.756937 | sum_rate=14.543313 | r_p=258.256683 | r_c=3.609043e+04 | r_s=0.012613 | status=running
[DL Convergence] | phase=optimize | block=1 | epoch=60/120 | active_users=1 | updated_users=1 | objective=3.757004 | sum_rate=14.543576 | r_p=258.256409 | r_c=3.942521e+04 | r_s=0.008664 | status=running
[DL Convergence] | phase=optimize | block=1 | epoch=65/120 | active_users=1 | updated_users=1 | objective=3.757000 | sum_rate=14.543559 | r_p=258.256439 | r_c=4.276003e+04 | r_s=0.007093 | status=running
[DL Convergence] | phase=optimize | block=1 | epoch=70/120 | active_users=1 | updated_users=1 | objective=3.757023 | sum_rate=14.543649 | r_p=258.256348 | r_c=4.609484e+04 | r_s=0.006314 | status=running
[DL Convergence] | phase=optimize | block=1 | epoch=75/120 | active_users=1 | updated_users=1 | objective=3.756953 | sum_rate=14.543379 | r_p=258.256622 | r_c=4.942971e+04 | r_s=0.011665 | status=running
[DL Convergence] | phase=optimize | block=1 | epoch=80/120 | active_users=1 | updated_users=1 | objective=3.756990 | sum_rate=14.543522 | r_p=258.256470 | r_c=5.276450e+04 | r_s=0.009893 | status=running
[DL Convergence] | phase=optimize | block=1 | epoch=85/120 | active_users=1 | updated_users=1 | objective=3.757004 | sum_rate=14.543576 | r_p=258.256409 | r_c=5.609931e+04 | r_s=0.007450 | status=running
[DL Convergence] | phase=optimize | block=1 | epoch=90/120 | active_users=1 | updated_users=1 | objective=3.757019 | sum_rate=14.543632 | r_p=258.256348 | r_c=5.943411e+04 | r_s=0.006968 | status=running
[DL Convergence] | phase=optimize | block=1 | epoch=95/120 | active_users=1 | updated_users=1 | objective=3.756974 | sum_rate=14.543458 | r_p=258.256531 | r_c=6.276897e+04 | r_s=0.009010 | status=running
[DL Convergence] | phase=optimize | block=1 | epoch=100/120 | active_users=1 | updated_users=1 | objective=3.756978 | sum_rate=14.543474 | r_p=258.256500 | r_c=6.610379e+04 | r_s=0.009658 | status=running
[DL Convergence] | phase=optimize | block=1 | epoch=105/120 | active_users=1 | updated_users=1 | objective=3.757002 | sum_rate=14.543565 | r_p=258.256409 | r_c=6.943859e+04 | r_s=0.007523 | status=running
[DL Convergence] | phase=optimize | block=1 | epoch=110/120 | active_users=1 | updated_users=1 | objective=3.757029 | sum_rate=14.543670 | r_p=258.256317 | r_c=7.277338e+04 | r_s=0.005444 | status=running
[DL Convergence] | phase=optimize | block=1 | epoch=115/120 | active_users=1 | updated_users=1 | objective=3.757023 | sum_rate=14.543648 | r_p=258.256348 | r_c=7.610820e+04 | r_s=0.004351 | status=running
[DL Convergence] | phase=optimize | block=1 | epoch=120/120 | active_users=1 | updated_users=1 | objective=3.756998 | sum_rate=14.543551 | r_p=258.256439 | r_c=7.944305e+04 | r_s=0.007950 | status=running
  user=02 block=01 candidate n_kl=   5 after updating users [2] still leaves committed users infeasible [2] at search_stage=fixed_step.
  user=02 block=01 candidate n_kl=   6 breaks committed-user feasibility [2] at search_stage=fixed_step; trying fresh re-optimization.
[DL Convergence] | phase=optimize | block=1 | epoch=1/120 | active_users=1 | updated_users=1 | objective=3.941565 | sum_rate=15.258018 | r_p=212.075317 | r_c=61.041016 | r_s=0.001477 | status=running
[DL Convergence] | phase=optimize | block=1 | epoch=5/120 | active_users=1 | updated_users=1 | objective=3.941701 | sum_rate=15.258545 | r_p=212.074783 | r_c=1860.070641 | r_s=0.004130 | status=running
[DL Convergence] | phase=optimize | block=1 | epoch=10/120 | active_users=1 | updated_users=1 | objective=3.941719 | sum_rate=15.258615 | r_p=212.074707 | r_c=4108.854266 | r_s=0.005571 | status=running
[DL Convergence] | phase=optimize | block=1 | epoch=15/120 | active_users=1 | updated_users=1 | objective=3.941716 | sum_rate=15.258604 | r_p=212.074722 | r_c=6357.639115 | r_s=0.007091 | status=running
[DL Convergence] | phase=optimize | block=1 | epoch=20/120 | active_users=1 | updated_users=1 | objective=3.941641 | sum_rate=15.258314 | r_p=212.075012 | r_c=8606.435369 | r_s=0.011201 | status=running
[DL Convergence] | phase=optimize | block=1 | epoch=25/120 | active_users=1 | updated_users=1 | objective=3.941662 | sum_rate=15.258394 | r_p=212.074936 | r_c=1.085522e+04 | r_s=0.011525 | status=running
[DL Convergence] | phase=optimize | block=1 | epoch=30/120 | active_users=1 | updated_users=1 | objective=3.941699 | sum_rate=15.258537 | r_p=212.074799 | r_c=1.310400e+04 | r_s=0.008409 | status=running
[DL Convergence] | phase=optimize | block=1 | epoch=35/120 | active_users=1 | updated_users=1 | objective=3.941684 | sum_rate=15.258481 | r_p=212.074844 | r_c=1.535279e+04 | r_s=0.009868 | status=running
[DL Convergence] | phase=optimize | block=1 | epoch=40/120 | active_users=1 | updated_users=1 | objective=3.941715 | sum_rate=15.258598 | r_p=212.074738 | r_c=1.760157e+04 | r_s=0.006389 | status=running
[DL Convergence] | phase=optimize | block=1 | epoch=45/120 | active_users=1 | updated_users=1 | objective=3.941688 | sum_rate=15.258496 | r_p=212.074829 | r_c=1.985036e+04 | r_s=0.009093 | status=running
[DL Convergence] | phase=optimize | block=1 | epoch=50/120 | active_users=1 | updated_users=1 | objective=3.941698 | sum_rate=15.258533 | r_p=212.074799 | r_c=2.209914e+04 | r_s=0.008649 | status=running
[DL Convergence] | phase=optimize | block=1 | epoch=55/120 | active_users=1 | updated_users=1 | objective=3.941674 | sum_rate=15.258440 | r_p=212.074890 | r_c=2.434794e+04 | r_s=0.010619 | status=running
[DL Convergence] | phase=optimize | block=1 | epoch=60/120 | active_users=1 | updated_users=1 | objective=3.941714 | sum_rate=15.258596 | r_p=212.074738 | r_c=2.659671e+04 | r_s=0.007184 | status=running
[DL Convergence] | phase=optimize | block=1 | epoch=65/120 | active_users=1 | updated_users=1 | objective=3.941696 | sum_rate=15.258528 | r_p=212.074799 | r_c=2.884551e+04 | r_s=0.007555 | status=running
[DL Convergence] | phase=optimize | block=1 | epoch=70/120 | active_users=1 | updated_users=1 | objective=3.941734 | sum_rate=15.258676 | r_p=212.074646 | r_c=3.109427e+04 | r_s=0.005470 | status=running
[DL Convergence] | phase=optimize | block=1 | epoch=75/120 | active_users=1 | updated_users=1 | objective=3.941605 | sum_rate=15.258173 | r_p=212.075150 | r_c=3.334313e+04 | r_s=0.012669 | status=running
[DL Convergence] | phase=optimize | block=1 | epoch=80/120 | active_users=1 | updated_users=1 | objective=3.941680 | sum_rate=15.258464 | r_p=212.074860 | r_c=3.559187e+04 | r_s=0.009787 | status=running
[DL Convergence] | phase=optimize | block=1 | epoch=85/120 | active_users=1 | updated_users=1 | objective=3.941687 | sum_rate=15.258492 | r_p=212.074829 | r_c=3.784066e+04 | r_s=0.008660 | status=running
[DL Convergence] | phase=optimize | block=1 | epoch=90/120 | active_users=1 | updated_users=1 | objective=3.941723 | sum_rate=15.258631 | r_p=212.074692 | r_c=4.008942e+04 | r_s=0.006006 | status=running
[DL Convergence] | phase=optimize | block=1 | epoch=95/120 | active_users=1 | updated_users=1 | objective=3.941719 | sum_rate=15.258615 | r_p=212.074707 | r_c=4.233820e+04 | r_s=0.006575 | status=running
[DL Convergence] | phase=optimize | block=1 | epoch=100/120 | active_users=1 | updated_users=1 | objective=3.941738 | sum_rate=15.258688 | r_p=212.074646 | r_c=4.458697e+04 | r_s=0.003611 | status=running
[DL Convergence] | phase=optimize | block=1 | epoch=105/120 | active_users=1 | updated_users=1 | objective=3.941624 | sum_rate=15.258249 | r_p=212.075073 | r_c=4.683585e+04 | r_s=0.013012 | status=running
[DL Convergence] | phase=optimize | block=1 | epoch=110/120 | active_users=1 | updated_users=1 | objective=3.941689 | sum_rate=15.258501 | r_p=212.074829 | r_c=4.908459e+04 | r_s=0.008299 | status=running
[DL Convergence] | phase=optimize | block=1 | epoch=115/120 | active_users=1 | updated_users=1 | objective=3.941703 | sum_rate=15.258553 | r_p=212.074768 | r_c=5.133336e+04 | r_s=0.008301 | status=running
[DL Convergence] | phase=optimize | block=1 | epoch=120/120 | active_users=1 | updated_users=1 | objective=3.941733 | sum_rate=15.258671 | r_p=212.074661 | r_c=5.358212e+04 | r_s=0.005377 | status=running
  user=02 block=01 candidate n_kl=   6 after updating users [2] still leaves committed users infeasible [2] at search_stage=fixed_step.
  user=02 block=01 candidate n_kl=   7 breaks committed-user feasibility [2] at search_stage=fixed_step; trying fresh re-optimization.
[DL Convergence] | phase=optimize | block=1 | epoch=1/120 | active_users=1 | updated_users=1 | objective=4.085117 | sum_rate=15.813717 | r_p=179.043427 | r_c=51.533544 | r_s=0.001477 | status=running
[DL Convergence] | phase=optimize | block=1 | epoch=5/120 | active_users=1 | updated_users=1 | objective=4.085255 | sum_rate=15.814251 | r_p=179.042892 | r_c=1333.788831 | r_s=0.004149 | status=running
[DL Convergence] | phase=optimize | block=1 | epoch=10/120 | active_users=1 | updated_users=1 | objective=4.085279 | sum_rate=15.814343 | r_p=179.042801 | r_c=2936.604786 | r_s=0.004375 | status=running
[DL Convergence] | phase=optimize | block=1 | epoch=15/120 | active_users=1 | updated_users=1 | objective=4.085278 | sum_rate=15.814339 | r_p=179.042816 | r_c=4539.421264 | r_s=0.005270 | status=running
[DL Convergence] | phase=optimize | block=1 | epoch=20/120 | active_users=1 | updated_users=1 | objective=4.085224 | sum_rate=15.814133 | r_p=179.043015 | r_c=6142.245909 | r_s=0.009229 | status=running
[DL Convergence] | phase=optimize | block=1 | epoch=25/120 | active_users=1 | updated_users=1 | objective=4.085267 | sum_rate=15.814298 | r_p=179.042847 | r_c=7745.058045 | r_s=0.007081 | status=running
[DL Convergence] | phase=optimize | block=1 | epoch=30/120 | active_users=1 | updated_users=1 | objective=4.085248 | sum_rate=15.814224 | r_p=179.042923 | r_c=9347.879240 | r_s=0.008159 | status=running
[DL Convergence] | phase=optimize | block=1 | epoch=35/120 | active_users=1 | updated_users=1 | objective=4.085258 | sum_rate=15.814261 | r_p=179.042892 | r_c=1.095070e+04 | r_s=0.008837 | status=running
[DL Convergence] | phase=optimize | block=1 | epoch=40/120 | active_users=1 | updated_users=1 | objective=4.085257 | sum_rate=15.814259 | r_p=179.042892 | r_c=1.255351e+04 | r_s=0.008177 | status=running
[DL Convergence] | phase=optimize | block=1 | epoch=45/120 | active_users=1 | updated_users=1 | objective=4.085267 | sum_rate=15.814299 | r_p=179.042847 | r_c=1.415633e+04 | r_s=0.006252 | status=running
[DL Convergence] | phase=optimize | block=1 | epoch=50/120 | active_users=1 | updated_users=1 | objective=4.085232 | sum_rate=15.814163 | r_p=179.042984 | r_c=1.575916e+04 | r_s=0.009731 | status=running
[DL Convergence] | phase=optimize | block=1 | epoch=55/120 | active_users=1 | updated_users=1 | objective=4.085258 | sum_rate=15.814264 | r_p=179.042877 | r_c=1.736197e+04 | r_s=0.007539 | status=running
[DL Convergence] | phase=optimize | block=1 | epoch=60/120 | active_users=1 | updated_users=1 | objective=4.085192 | sum_rate=15.814007 | r_p=179.043137 | r_c=1.896481e+04 | r_s=0.011619 | status=running
[DL Convergence] | phase=optimize | block=1 | epoch=65/120 | active_users=1 | updated_users=1 | objective=4.085232 | sum_rate=15.814161 | r_p=179.042984 | r_c=2.056762e+04 | r_s=0.010525 | status=running
[DL Convergence] | phase=optimize | block=1 | epoch=70/120 | active_users=1 | updated_users=1 | objective=4.085279 | sum_rate=15.814343 | r_p=179.042801 | r_c=2.217041e+04 | r_s=0.004030 | status=running
[DL Convergence] | phase=optimize | block=1 | epoch=75/120 | active_users=1 | updated_users=1 | objective=4.085252 | sum_rate=15.814242 | r_p=179.042908 | r_c=2.377324e+04 | r_s=0.007971 | status=running
[DL Convergence] | phase=optimize | block=1 | epoch=80/120 | active_users=1 | updated_users=1 | objective=4.085244 | sum_rate=15.814211 | r_p=179.042938 | r_c=2.537607e+04 | r_s=0.009386 | status=running
[DL Convergence] | phase=optimize | block=1 | epoch=85/120 | active_users=1 | updated_users=1 | objective=4.085255 | sum_rate=15.814251 | r_p=179.042892 | r_c=2.697888e+04 | r_s=0.008628 | status=running
[DL Convergence] | phase=optimize | block=1 | epoch=90/120 | active_users=1 | updated_users=1 | objective=4.085258 | sum_rate=15.814261 | r_p=179.042892 | r_c=2.858170e+04 | r_s=0.006838 | status=running
[DL Convergence] | phase=optimize | block=1 | epoch=95/120 | active_users=1 | updated_users=1 | objective=4.085279 | sum_rate=15.814345 | r_p=179.042801 | r_c=3.018450e+04 | r_s=0.006126 | status=running
[DL Convergence] | phase=optimize | block=1 | epoch=100/120 | active_users=1 | updated_users=1 | objective=4.085258 | sum_rate=15.814266 | r_p=179.042877 | r_c=3.178733e+04 | r_s=0.006836 | status=running
[DL Convergence] | phase=optimize | block=1 | epoch=105/120 | active_users=1 | updated_users=1 | objective=4.085254 | sum_rate=15.814246 | r_p=179.042908 | r_c=3.339015e+04 | r_s=0.008654 | status=running
[DL Convergence] | phase=optimize | block=1 | epoch=110/120 | active_users=1 | updated_users=1 | objective=4.085260 | sum_rate=15.814272 | r_p=179.042877 | r_c=3.499296e+04 | r_s=0.006891 | status=running
[DL Convergence] | phase=optimize | block=1 | epoch=115/120 | active_users=1 | updated_users=1 | objective=4.085187 | sum_rate=15.813989 | r_p=179.043152 | r_c=3.659584e+04 | r_s=0.011602 | status=running
[DL Convergence] | phase=optimize | block=1 | epoch=120/120 | active_users=1 | updated_users=1 | objective=4.085238 | sum_rate=15.814188 | r_p=179.042953 | r_c=3.819862e+04 | r_s=0.009754 | status=running
  user=02 block=01 candidate n_kl=   7 after updating users [2] still leaves committed users infeasible [2] at search_stage=fixed_step.
  user=02 block=01 candidate n_kl=   8 breaks committed-user feasibility [2] at search_stage=fixed_step; trying fresh re-optimization.
[DL Convergence] | phase=optimize | block=1 | epoch=1/120 | active_users=1 | updated_users=1 | objective=4.200830 | sum_rate=16.261650 | r_p=154.238342 | r_c=44.393969 | r_s=0.001477 | status=running
[DL Convergence] | phase=optimize | block=1 | epoch=5/120 | active_users=1 | updated_users=1 | objective=4.200972 | sum_rate=16.262197 | r_p=154.237808 | r_c=995.966887 | r_s=0.004227 | status=running
[DL Convergence] | phase=optimize | block=1 | epoch=10/120 | active_users=1 | updated_users=1 | objective=4.200995 | sum_rate=16.262287 | r_p=154.237717 | r_c=2185.430334 | r_s=0.003701 | status=running
[DL Convergence] | phase=optimize | block=1 | epoch=15/120 | active_users=1 | updated_users=1 | objective=4.200973 | sum_rate=16.262203 | r_p=154.237793 | r_c=3374.895713 | r_s=0.007212 | status=running
[DL Convergence] | phase=optimize | block=1 | epoch=20/120 | active_users=1 | updated_users=1 | objective=4.200983 | sum_rate=16.262241 | r_p=154.237762 | r_c=4564.359319 | r_s=0.006401 | status=running
[DL Convergence] | phase=optimize | block=1 | epoch=25/120 | active_users=1 | updated_users=1 | objective=4.200993 | sum_rate=16.262280 | r_p=154.237717 | r_c=5753.822004 | r_s=0.005658 | status=running
[DL Convergence] | phase=optimize | block=1 | epoch=30/120 | active_users=1 | updated_users=1 | objective=4.200987 | sum_rate=16.262257 | r_p=154.237747 | r_c=6943.287487 | r_s=0.006611 | status=running
[DL Convergence] | phase=optimize | block=1 | epoch=35/120 | active_users=1 | updated_users=1 | objective=4.200923 | sum_rate=16.262009 | r_p=154.237991 | r_c=8132.765152 | r_s=0.010860 | status=running
[DL Convergence] | phase=optimize | block=1 | epoch=40/120 | active_users=1 | updated_users=1 | objective=4.200978 | sum_rate=16.262222 | r_p=154.237778 | r_c=9322.219480 | r_s=0.008806 | status=running
[DL Convergence] | phase=optimize | block=1 | epoch=45/120 | active_users=1 | updated_users=1 | objective=4.200961 | sum_rate=16.262157 | r_p=154.237839 | r_c=1.051169e+04 | r_s=0.006738 | status=running
[DL Convergence] | phase=optimize | block=1 | epoch=50/120 | active_users=1 | updated_users=1 | objective=4.200990 | sum_rate=16.262268 | r_p=154.237732 | r_c=1.170115e+04 | r_s=0.006884 | status=running
[DL Convergence] | phase=optimize | block=1 | epoch=55/120 | active_users=1 | updated_users=1 | objective=4.200929 | sum_rate=16.262033 | r_p=154.237961 | r_c=1.289063e+04 | r_s=0.009799 | status=running
[DL Convergence] | phase=optimize | block=1 | epoch=60/120 | active_users=1 | updated_users=1 | objective=4.200943 | sum_rate=16.262089 | r_p=154.237915 | r_c=1.408009e+04 | r_s=0.009987 | status=running
[DL Convergence] | phase=optimize | block=1 | epoch=65/120 | active_users=1 | updated_users=1 | objective=4.200961 | sum_rate=16.262156 | r_p=154.237839 | r_c=1.526955e+04 | r_s=0.008059 | status=running
[DL Convergence] | phase=optimize | block=1 | epoch=70/120 | active_users=1 | updated_users=1 | objective=4.200998 | sum_rate=16.262299 | r_p=154.237701 | r_c=1.645900e+04 | r_s=0.005963 | status=running
[DL Convergence] | phase=optimize | block=1 | epoch=75/120 | active_users=1 | updated_users=1 | objective=4.200945 | sum_rate=16.262096 | r_p=154.237900 | r_c=1.764849e+04 | r_s=0.009241 | status=running
[DL Convergence] | phase=optimize | block=1 | epoch=80/120 | active_users=1 | updated_users=1 | objective=4.200983 | sum_rate=16.262239 | r_p=154.237762 | r_c=1.883794e+04 | r_s=0.006759 | status=running
[DL Convergence] | phase=optimize | block=1 | epoch=85/120 | active_users=1 | updated_users=1 | objective=4.200944 | sum_rate=16.262093 | r_p=154.237915 | r_c=2.002742e+04 | r_s=0.009525 | status=running
[DL Convergence] | phase=optimize | block=1 | epoch=90/120 | active_users=1 | updated_users=1 | objective=4.200994 | sum_rate=16.262283 | r_p=154.237717 | r_c=2.121686e+04 | r_s=0.006577 | status=running
[DL Convergence] | phase=optimize | block=1 | epoch=95/120 | active_users=1 | updated_users=1 | objective=4.200984 | sum_rate=16.262243 | r_p=154.237762 | r_c=2.240633e+04 | r_s=0.005437 | status=running
[DL Convergence] | phase=optimize | block=1 | epoch=100/120 | active_users=1 | updated_users=1 | objective=4.200941 | sum_rate=16.262077 | r_p=154.237915 | r_c=2.359582e+04 | r_s=0.010192 | status=running
[DL Convergence] | phase=optimize | block=1 | epoch=105/120 | active_users=1 | updated_users=1 | objective=4.200949 | sum_rate=16.262112 | r_p=154.237885 | r_c=2.478528e+04 | r_s=0.010496 | status=running
[DL Convergence] | phase=optimize | block=1 | epoch=110/120 | active_users=1 | updated_users=1 | objective=4.200993 | sum_rate=16.262281 | r_p=154.237717 | r_c=2.597472e+04 | r_s=0.005867 | status=running
[DL Convergence] | phase=optimize | block=1 | epoch=115/120 | active_users=1 | updated_users=1 | objective=4.200988 | sum_rate=16.262262 | r_p=154.237732 | r_c=2.716419e+04 | r_s=0.005723 | status=running
[DL Convergence] | phase=optimize | block=1 | epoch=120/120 | active_users=1 | updated_users=1 | objective=4.201008 | sum_rate=16.262339 | r_p=154.237656 | r_c=2.835364e+04 | r_s=0.003211 | status=running
  user=02 block=01 candidate n_kl=   8 after updating users [2] still leaves committed users infeasible [2] at search_stage=fixed_step.
  user=02 block=01 candidate n_kl=   9 breaks committed-user feasibility [2] at search_stage=fixed_step; trying fresh re-optimization.
[DL Convergence] | phase=optimize | block=1 | epoch=1/120 | active_users=1 | updated_users=1 | objective=4.296678 | sum_rate=16.632681 | r_p=134.922882 | r_c=38.834457 | r_s=0.001477 | status=running
[DL Convergence] | phase=optimize | block=1 | epoch=5/120 | active_users=1 | updated_users=1 | objective=4.296823 | sum_rate=16.633244 | r_p=134.922318 | r_c=766.996615 | r_s=0.004280 | status=running
[DL Convergence] | phase=optimize | block=1 | epoch=10/120 | active_users=1 | updated_users=1 | objective=4.296841 | sum_rate=16.633312 | r_p=134.922241 | r_c=1677.197048 | r_s=0.003817 | status=running
[DL Convergence] | phase=optimize | block=1 | epoch=15/120 | active_users=1 | updated_users=1 | objective=4.296848 | sum_rate=16.633339 | r_p=134.922211 | r_c=2587.396940 | r_s=0.003414 | status=running
[DL Convergence] | phase=optimize | block=1 | epoch=20/120 | active_users=1 | updated_users=1 | objective=4.296816 | sum_rate=16.633217 | r_p=134.922333 | r_c=3497.600457 | r_s=0.007641 | status=running
[DL Convergence] | phase=optimize | block=1 | epoch=25/120 | active_users=1 | updated_users=1 | objective=4.296811 | sum_rate=16.633196 | r_p=134.922363 | r_c=4407.803083 | r_s=0.009257 | status=running
[DL Convergence] | phase=optimize | block=1 | epoch=30/120 | active_users=1 | updated_users=1 | objective=4.296850 | sum_rate=16.633347 | r_p=134.922211 | r_c=5317.998842 | r_s=0.005005 | status=running
[DL Convergence] | phase=optimize | block=1 | epoch=35/120 | active_users=1 | updated_users=1 | objective=4.296843 | sum_rate=16.633320 | r_p=134.922241 | r_c=6228.200707 | r_s=0.004322 | status=running
[DL Convergence] | phase=optimize | block=1 | epoch=40/120 | active_users=1 | updated_users=1 | objective=4.296777 | sum_rate=16.633066 | r_p=134.922485 | r_c=7138.415026 | r_s=0.010686 | status=running
[DL Convergence] | phase=optimize | block=1 | epoch=45/120 | active_users=1 | updated_users=1 | objective=4.296834 | sum_rate=16.633284 | r_p=134.922272 | r_c=8048.605559 | r_s=0.007173 | status=running
[DL Convergence] | phase=optimize | block=1 | epoch=50/120 | active_users=1 | updated_users=1 | objective=4.296823 | sum_rate=16.633242 | r_p=134.922318 | r_c=8958.809692 | r_s=0.006476 | status=running
[DL Convergence] | phase=optimize | block=1 | epoch=55/120 | active_users=1 | updated_users=1 | objective=4.296795 | sum_rate=16.633135 | r_p=134.922424 | r_c=9869.019176 | r_s=0.009489 | status=running
[DL Convergence] | phase=optimize | block=1 | epoch=60/120 | active_users=1 | updated_users=1 | objective=4.296814 | sum_rate=16.633209 | r_p=134.922348 | r_c=1.077922e+04 | r_s=0.007476 | status=running
[DL Convergence] | phase=optimize | block=1 | epoch=65/120 | active_users=1 | updated_users=1 | objective=4.296836 | sum_rate=16.633295 | r_p=134.922256 | r_c=1.168941e+04 | r_s=0.006296 | status=running
[DL Convergence] | phase=optimize | block=1 | epoch=70/120 | active_users=1 | updated_users=1 | objective=4.296819 | sum_rate=16.633228 | r_p=134.922333 | r_c=1.259962e+04 | r_s=0.006902 | status=running
[DL Convergence] | phase=optimize | block=1 | epoch=75/120 | active_users=1 | updated_users=1 | objective=4.296824 | sum_rate=16.633249 | r_p=134.922302 | r_c=1.350982e+04 | r_s=0.008920 | status=running
[DL Convergence] | phase=optimize | block=1 | epoch=80/120 | active_users=1 | updated_users=1 | objective=4.296808 | sum_rate=16.633184 | r_p=134.922379 | r_c=1.442003e+04 | r_s=0.008022 | status=running
[DL Convergence] | phase=optimize | block=1 | epoch=85/120 | active_users=1 | updated_users=1 | objective=4.296830 | sum_rate=16.633270 | r_p=134.922287 | r_c=1.533022e+04 | r_s=0.005958 | status=running
[DL Convergence] | phase=optimize | block=1 | epoch=90/120 | active_users=1 | updated_users=1 | objective=4.296841 | sum_rate=16.633314 | r_p=134.922241 | r_c=1.624041e+04 | r_s=0.006096 | status=running
[DL Convergence] | phase=optimize | block=1 | epoch=95/120 | active_users=1 | updated_users=1 | objective=4.296842 | sum_rate=16.633316 | r_p=134.922241 | r_c=1.715062e+04 | r_s=0.004088 | status=running
[DL Convergence] | phase=optimize | block=1 | epoch=100/120 | active_users=1 | updated_users=1 | objective=4.296781 | sum_rate=16.633081 | r_p=134.922470 | r_c=1.806085e+04 | r_s=0.009821 | status=running
[DL Convergence] | phase=optimize | block=1 | epoch=105/120 | active_users=1 | updated_users=1 | objective=4.296814 | sum_rate=16.633209 | r_p=134.922348 | r_c=1.897103e+04 | r_s=0.006581 | status=running
[DL Convergence] | phase=optimize | block=1 | epoch=110/120 | active_users=1 | updated_users=1 | objective=4.296827 | sum_rate=16.633261 | r_p=134.922302 | r_c=1.988123e+04 | r_s=0.006420 | status=running
[DL Convergence] | phase=optimize | block=1 | epoch=115/120 | active_users=1 | updated_users=1 | objective=4.296835 | sum_rate=16.633289 | r_p=134.922272 | r_c=2.079142e+04 | r_s=0.005077 | status=running
[DL Convergence] | phase=optimize | block=1 | epoch=120/120 | active_users=1 | updated_users=1 | objective=4.296843 | sum_rate=16.633322 | r_p=134.922241 | r_c=2.170162e+04 | r_s=0.005379 | status=running
  user=02 block=01 candidate n_kl=   9 after updating users [2] still leaves committed users infeasible [2] at search_stage=fixed_step.
  user=02 block=01 candidate n_kl=  10 breaks committed-user feasibility [2] at search_stage=fixed_step; trying fresh re-optimization.
[DL Convergence] | phase=optimize | block=1 | epoch=1/120 | active_users=1 | updated_users=1 | objective=4.377761 | sum_rate=16.946560 | r_p=119.453430 | r_c=34.381930 | r_s=0.001478 | status=running
[DL Convergence] | phase=optimize | block=1 | epoch=5/120 | active_users=1 | updated_users=1 | objective=4.377911 | sum_rate=16.947140 | r_p=119.452850 | r_c=605.142158 | r_s=0.004293 | status=running
[DL Convergence] | phase=optimize | block=1 | epoch=10/120 | active_users=1 | updated_users=1 | objective=4.377925 | sum_rate=16.947195 | r_p=119.452797 | r_c=1318.590678 | r_s=0.003888 | status=running
[DL Convergence] | phase=optimize | block=1 | epoch=15/120 | active_users=1 | updated_users=1 | objective=4.377932 | sum_rate=16.947220 | r_p=119.452774 | r_c=2032.038714 | r_s=0.003298 | status=running
[DL Convergence] | phase=optimize | block=1 | epoch=20/120 | active_users=1 | updated_users=1 | objective=4.377922 | sum_rate=16.947184 | r_p=119.452812 | r_c=2745.487998 | r_s=0.006262 | status=running
[DL Convergence] | phase=optimize | block=1 | epoch=25/120 | active_users=1 | updated_users=1 | objective=4.377914 | sum_rate=16.947153 | r_p=119.452843 | r_c=3458.937526 | r_s=0.006600 | status=running
[DL Convergence] | phase=optimize | block=1 | epoch=30/120 | active_users=1 | updated_users=1 | objective=4.377906 | sum_rate=16.947121 | r_p=119.452873 | r_c=4172.387445 | r_s=0.007171 | status=running
[DL Convergence] | phase=optimize | block=1 | epoch=35/120 | active_users=1 | updated_users=1 | objective=4.377906 | sum_rate=16.947123 | r_p=119.452873 | r_c=4885.836846 | r_s=0.007798 | status=running
[DL Convergence] | phase=optimize | block=1 | epoch=40/120 | active_users=1 | updated_users=1 | objective=4.377916 | sum_rate=16.947161 | r_p=119.452835 | r_c=5599.284376 | r_s=0.006485 | status=running
[DL Convergence] | phase=optimize | block=1 | epoch=45/120 | active_users=1 | updated_users=1 | objective=4.377898 | sum_rate=16.947088 | r_p=119.452904 | r_c=6312.737059 | r_s=0.007751 | status=running
[DL Convergence] | phase=optimize | block=1 | epoch=50/120 | active_users=1 | updated_users=1 | objective=4.377927 | sum_rate=16.947203 | r_p=119.452789 | r_c=7026.179911 | r_s=0.005428 | status=running
[DL Convergence] | phase=optimize | block=1 | epoch=55/120 | active_users=1 | updated_users=1 | objective=4.377884 | sum_rate=16.947037 | r_p=119.452957 | r_c=7739.639540 | r_s=0.008489 | status=running
[DL Convergence] | phase=optimize | block=1 | epoch=60/120 | active_users=1 | updated_users=1 | objective=4.377882 | sum_rate=16.947029 | r_p=119.452965 | r_c=8453.090610 | r_s=0.008982 | status=running
[DL Convergence] | phase=optimize | block=1 | epoch=65/120 | active_users=1 | updated_users=1 | objective=4.377921 | sum_rate=16.947180 | r_p=119.452812 | r_c=9166.529012 | r_s=0.005101 | status=running
[DL Convergence] | phase=optimize | block=1 | epoch=70/120 | active_users=1 | updated_users=1 | objective=4.377918 | sum_rate=16.947166 | r_p=119.452827 | r_c=9879.979119 | r_s=0.006428 | status=running
[DL Convergence] | phase=optimize | block=1 | epoch=75/120 | active_users=1 | updated_users=1 | objective=4.377888 | sum_rate=16.947050 | r_p=119.452942 | r_c=1.059344e+04 | r_s=0.008027 | status=running
[DL Convergence] | phase=optimize | block=1 | epoch=80/120 | active_users=1 | updated_users=1 | objective=4.377903 | sum_rate=16.947111 | r_p=119.452881 | r_c=1.130688e+04 | r_s=0.007487 | status=running
[DL Convergence] | phase=optimize | block=1 | epoch=85/120 | active_users=1 | updated_users=1 | objective=4.377918 | sum_rate=16.947166 | r_p=119.452827 | r_c=1.202033e+04 | r_s=0.004706 | status=running
[DL Convergence] | phase=optimize | block=1 | epoch=90/120 | active_users=1 | updated_users=1 | objective=4.377923 | sum_rate=16.947186 | r_p=119.452805 | r_c=1.273377e+04 | r_s=0.005567 | status=running
[DL Convergence] | phase=optimize | block=1 | epoch=95/120 | active_users=1 | updated_users=1 | objective=4.377888 | sum_rate=16.947052 | r_p=119.452942 | r_c=1.344724e+04 | r_s=0.008258 | status=running
[DL Convergence] | phase=optimize | block=1 | epoch=100/120 | active_users=1 | updated_users=1 | objective=4.377906 | sum_rate=16.947121 | r_p=119.452873 | r_c=1.416068e+04 | r_s=0.007356 | status=running
[DL Convergence] | phase=optimize | block=1 | epoch=105/120 | active_users=1 | updated_users=1 | objective=4.377912 | sum_rate=16.947144 | r_p=119.452850 | r_c=1.487413e+04 | r_s=0.006121 | status=running
[DL Convergence] | phase=optimize | block=1 | epoch=110/120 | active_users=1 | updated_users=1 | objective=4.377911 | sum_rate=16.947140 | r_p=119.452850 | r_c=1.558758e+04 | r_s=0.006571 | status=running
[DL Convergence] | phase=optimize | block=1 | epoch=115/120 | active_users=1 | updated_users=1 | objective=4.377888 | sum_rate=16.947052 | r_p=119.452942 | r_c=1.630104e+04 | r_s=0.008800 | status=running
[DL Convergence] | phase=optimize | block=1 | epoch=120/120 | active_users=1 | updated_users=1 | objective=4.377926 | sum_rate=16.947197 | r_p=119.452797 | r_c=1.701447e+04 | r_s=0.004916 | status=running
  user=02 block=01 candidate n_kl=  10 after updating users [2] still leaves committed users infeasible [2] at search_stage=fixed_step.
  user=02 block=01 candidate n_kl=  11 breaks committed-user feasibility [2] at search_stage=fixed_step; trying fresh re-optimization.
[DL Convergence] | phase=optimize | block=1 | epoch=1/120 | active_users=1 | updated_users=1 | objective=4.447521 | sum_rate=17.216602 | r_p=106.783401 | r_c=30.735153 | r_s=0.001478 | status=running
[DL Convergence] | phase=optimize | block=1 | epoch=5/120 | active_users=1 | updated_users=1 | objective=4.447673 | sum_rate=17.217194 | r_p=106.782806 | r_c=486.838718 | r_s=0.004273 | status=running
[DL Convergence] | phase=optimize | block=1 | epoch=10/120 | active_users=1 | updated_users=1 | objective=4.447686 | sum_rate=17.217241 | r_p=106.782761 | r_c=1056.966635 | r_s=0.003764 | status=running
[DL Convergence] | phase=optimize | block=1 | epoch=15/120 | active_users=1 | updated_users=1 | objective=4.447692 | sum_rate=17.217268 | r_p=106.782730 | r_c=1627.093987 | r_s=0.003333 | status=running
[DL Convergence] | phase=optimize | block=1 | epoch=20/120 | active_users=1 | updated_users=1 | objective=4.447689 | sum_rate=17.217255 | r_p=106.782745 | r_c=2197.221874 | r_s=0.004273 | status=running
[DL Convergence] | phase=optimize | block=1 | epoch=25/120 | active_users=1 | updated_users=1 | objective=4.447686 | sum_rate=17.217243 | r_p=106.782761 | r_c=2767.350086 | r_s=0.004557 | status=running
[DL Convergence] | phase=optimize | block=1 | epoch=30/120 | active_users=1 | updated_users=1 | objective=4.447683 | sum_rate=17.217232 | r_p=106.782768 | r_c=3337.478385 | r_s=0.004325 | status=running
[DL Convergence] | phase=optimize | block=1 | epoch=35/120 | active_users=1 | updated_users=1 | objective=4.447674 | sum_rate=17.217197 | r_p=106.782806 | r_c=3907.607794 | r_s=0.005717 | status=running
[DL Convergence] | phase=optimize | block=1 | epoch=40/120 | active_users=1 | updated_users=1 | objective=4.447670 | sum_rate=17.217178 | r_p=106.782822 | r_c=4477.736853 | r_s=0.006881 | status=running
[DL Convergence] | phase=optimize | block=1 | epoch=45/120 | active_users=1 | updated_users=1 | objective=4.447664 | sum_rate=17.217157 | r_p=106.782845 | r_c=5047.866493 | r_s=0.007953 | status=running
[DL Convergence] | phase=optimize | block=1 | epoch=50/120 | active_users=1 | updated_users=1 | objective=4.447675 | sum_rate=17.217201 | r_p=106.782799 | r_c=5617.992912 | r_s=0.005629 | status=running
[DL Convergence] | phase=optimize | block=1 | epoch=55/120 | active_users=1 | updated_users=1 | objective=4.447672 | sum_rate=17.217190 | r_p=106.782806 | r_c=6188.121644 | r_s=0.006460 | status=running
[DL Convergence] | phase=optimize | block=1 | epoch=60/120 | active_users=1 | updated_users=1 | objective=4.447687 | sum_rate=17.217247 | r_p=106.782753 | r_c=6758.246447 | r_s=0.005250 | status=running
[DL Convergence] | phase=optimize | block=1 | epoch=65/120 | active_users=1 | updated_users=1 | objective=4.447646 | sum_rate=17.217089 | r_p=106.782913 | r_c=7328.385650 | r_s=0.008952 | status=running
[DL Convergence] | phase=optimize | block=1 | epoch=70/120 | active_users=1 | updated_users=1 | objective=4.447655 | sum_rate=17.217123 | r_p=106.782875 | r_c=7898.512031 | r_s=0.008011 | status=running
[DL Convergence] | phase=optimize | block=1 | epoch=75/120 | active_users=1 | updated_users=1 | objective=4.447663 | sum_rate=17.217155 | r_p=106.782845 | r_c=8468.638657 | r_s=0.007592 | status=running
[DL Convergence] | phase=optimize | block=1 | epoch=80/120 | active_users=1 | updated_users=1 | objective=4.447635 | sum_rate=17.217045 | r_p=106.782959 | r_c=9038.777163 | r_s=0.010196 | status=running
[DL Convergence] | phase=optimize | block=1 | epoch=85/120 | active_users=1 | updated_users=1 | objective=4.447662 | sum_rate=17.217152 | r_p=106.782852 | r_c=9608.897112 | r_s=0.006592 | status=running
[DL Convergence] | phase=optimize | block=1 | epoch=90/120 | active_users=1 | updated_users=1 | objective=4.447686 | sum_rate=17.217241 | r_p=106.782761 | r_c=1.017902e+04 | r_s=0.005019 | status=running
[DL Convergence] | phase=optimize | block=1 | epoch=95/120 | active_users=1 | updated_users=1 | objective=4.447666 | sum_rate=17.217167 | r_p=106.782837 | r_c=1.074915e+04 | r_s=0.006220 | status=running
[DL Convergence] | phase=optimize | block=1 | epoch=100/120 | active_users=1 | updated_users=1 | objective=4.447662 | sum_rate=17.217152 | r_p=106.782852 | r_c=1.131928e+04 | r_s=0.008744 | status=running
[DL Convergence] | phase=optimize | block=1 | epoch=105/120 | active_users=1 | updated_users=1 | objective=4.447674 | sum_rate=17.217197 | r_p=106.782806 | r_c=1.188941e+04 | r_s=0.005437 | status=running
[DL Convergence] | phase=optimize | block=1 | epoch=110/120 | active_users=1 | updated_users=1 | objective=4.447680 | sum_rate=17.217220 | r_p=106.782776 | r_c=1.245953e+04 | r_s=0.005683 | status=running
[DL Convergence] | phase=optimize | block=1 | epoch=115/120 | active_users=1 | updated_users=1 | objective=4.447669 | sum_rate=17.217175 | r_p=106.782822 | r_c=1.302967e+04 | r_s=0.006468 | status=running
[DL Convergence] | phase=optimize | block=1 | epoch=120/120 | active_users=1 | updated_users=1 | objective=4.447665 | sum_rate=17.217163 | r_p=106.782837 | r_c=1.359980e+04 | r_s=0.007734 | status=running
  user=02 block=01 candidate n_kl=  11 after updating users [2] still leaves committed users infeasible [2] at search_stage=fixed_step.
  user=02 block=01 candidate n_kl=  12 breaks committed-user feasibility [2] at search_stage=fixed_step; trying fresh re-optimization.
[DL Convergence] | phase=optimize | block=1 | epoch=1/120 | active_users=1 | updated_users=1 | objective=4.508367 | sum_rate=17.452141 | r_p=96.214523 | r_c=27.693144 | r_s=0.001478 | status=running
[DL Convergence] | phase=optimize | block=1 | epoch=5/120 | active_users=1 | updated_users=1 | objective=4.508523 | sum_rate=17.452747 | r_p=96.213913 | r_c=397.978663 | r_s=0.004230 | status=running
[DL Convergence] | phase=optimize | block=1 | epoch=10/120 | active_users=1 | updated_users=1 | objective=4.508534 | sum_rate=17.452789 | r_p=96.213875 | r_c=860.834255 | r_s=0.003557 | status=running
[DL Convergence] | phase=optimize | block=1 | epoch=15/120 | active_users=1 | updated_users=1 | objective=4.508541 | sum_rate=17.452816 | r_p=96.213852 | r_c=1323.689403 | r_s=0.002824 | status=running
[DL Convergence] | phase=optimize | block=1 | epoch=20/120 | active_users=1 | updated_users=1 | objective=4.508535 | sum_rate=17.452793 | r_p=96.213867 | r_c=1786.544937 | r_s=0.003883 | status=running
[DL Convergence] | phase=optimize | block=1 | epoch=25/120 | active_users=1 | updated_users=1 | objective=4.508541 | sum_rate=17.452816 | r_p=96.213852 | r_c=2249.400044 | r_s=0.003140 | status=running
[DL Convergence] | phase=optimize | block=1 | epoch=30/120 | active_users=1 | updated_users=1 | objective=4.508541 | sum_rate=17.452814 | r_p=96.213852 | r_c=2712.255411 | r_s=0.003294 | status=running
[DL Convergence] | phase=optimize | block=1 | epoch=35/120 | active_users=1 | updated_users=1 | objective=4.508530 | sum_rate=17.452772 | r_p=96.213890 | r_c=3175.112222 | r_s=0.005550 | status=running
[DL Convergence] | phase=optimize | block=1 | epoch=40/120 | active_users=1 | updated_users=1 | objective=4.508526 | sum_rate=17.452757 | r_p=96.213905 | r_c=3637.968644 | r_s=0.004787 | status=running
[DL Convergence] | phase=optimize | block=1 | epoch=45/120 | active_users=1 | updated_users=1 | objective=4.508520 | sum_rate=17.452734 | r_p=96.213928 | r_c=4100.825428 | r_s=0.006457 | status=running
[DL Convergence] | phase=optimize | block=1 | epoch=50/120 | active_users=1 | updated_users=1 | objective=4.508529 | sum_rate=17.452770 | r_p=96.213898 | r_c=4563.679994 | r_s=0.005997 | status=running
[DL Convergence] | phase=optimize | block=1 | epoch=55/120 | active_users=1 | updated_users=1 | objective=4.508496 | sum_rate=17.452641 | r_p=96.214020 | r_c=5026.542216 | r_s=0.008694 | status=running
[DL Convergence] | phase=optimize | block=1 | epoch=60/120 | active_users=1 | updated_users=1 | objective=4.508530 | sum_rate=17.452772 | r_p=96.213890 | r_c=5489.391410 | r_s=0.005017 | status=running
[DL Convergence] | phase=optimize | block=1 | epoch=65/120 | active_users=1 | updated_users=1 | objective=4.508518 | sum_rate=17.452728 | r_p=96.213936 | r_c=5952.249882 | r_s=0.005653 | status=running
[DL Convergence] | phase=optimize | block=1 | epoch=70/120 | active_users=1 | updated_users=1 | objective=4.508520 | sum_rate=17.452734 | r_p=96.213928 | r_c=6415.105314 | r_s=0.006434 | status=running
[DL Convergence] | phase=optimize | block=1 | epoch=75/120 | active_users=1 | updated_users=1 | objective=4.508520 | sum_rate=17.452736 | r_p=96.213928 | r_c=6877.961533 | r_s=0.006653 | status=running
[DL Convergence] | phase=optimize | block=1 | epoch=80/120 | active_users=1 | updated_users=1 | objective=4.508495 | sum_rate=17.452637 | r_p=96.214027 | r_c=7340.825254 | r_s=0.009070 | status=running
[DL Convergence] | phase=optimize | block=1 | epoch=85/120 | active_users=1 | updated_users=1 | objective=4.508511 | sum_rate=17.452698 | r_p=96.213966 | r_c=7803.677088 | r_s=0.007852 | status=running
[DL Convergence] | phase=optimize | block=1 | epoch=90/120 | active_users=1 | updated_users=1 | objective=4.508520 | sum_rate=17.452736 | r_p=96.213928 | r_c=8266.530052 | r_s=0.006347 | status=running
[DL Convergence] | phase=optimize | block=1 | epoch=95/120 | active_users=1 | updated_users=1 | objective=4.508543 | sum_rate=17.452826 | r_p=96.213837 | r_c=8729.377634 | r_s=0.003866 | status=running
[DL Convergence] | phase=optimize | block=1 | epoch=100/120 | active_users=1 | updated_users=1 | objective=4.508534 | sum_rate=17.452791 | r_p=96.213875 | r_c=9192.236529 | r_s=0.003803 | status=running
[DL Convergence] | phase=optimize | block=1 | epoch=105/120 | active_users=1 | updated_users=1 | objective=4.508460 | sum_rate=17.452503 | r_p=96.214157 | r_c=9655.120768 | r_s=0.011115 | status=running
[DL Convergence] | phase=optimize | block=1 | epoch=110/120 | active_users=1 | updated_users=1 | objective=4.508508 | sum_rate=17.452688 | r_p=96.213974 | r_c=1.011796e+04 | r_s=0.007990 | status=running
[DL Convergence] | phase=optimize | block=1 | epoch=115/120 | active_users=1 | updated_users=1 | objective=4.508504 | sum_rate=17.452675 | r_p=96.213989 | r_c=1.058082e+04 | r_s=0.007482 | status=running
[DL Convergence] | phase=optimize | block=1 | epoch=120/120 | active_users=1 | updated_users=1 | objective=4.508513 | sum_rate=17.452709 | r_p=96.213959 | r_c=1.104367e+04 | r_s=0.007111 | status=running
  user=02 block=01 candidate n_kl=  12 after updating users [2] still leaves committed users infeasible [2] at search_stage=fixed_step.
  user=02 block=01 candidate n_kl=  13 breaks committed-user feasibility [2] at search_stage=fixed_step; trying fresh re-optimization.
[DL Convergence] | phase=optimize | block=1 | epoch=1/120 | active_users=1 | updated_users=1 | objective=4.562049 | sum_rate=17.659950 | r_p=87.263130 | r_c=25.116690 | r_s=0.001478 | status=running
[DL Convergence] | phase=optimize | block=1 | epoch=5/120 | active_users=1 | updated_users=1 | objective=4.562208 | sum_rate=17.660564 | r_p=87.262512 | r_c=329.707319 | r_s=0.004171 | status=running
[DL Convergence] | phase=optimize | block=1 | epoch=10/120 | active_users=1 | updated_users=1 | objective=4.562218 | sum_rate=17.660601 | r_p=87.262482 | r_c=710.444473 | r_s=0.003352 | status=running
[DL Convergence] | phase=optimize | block=1 | epoch=15/120 | active_users=1 | updated_users=1 | objective=4.562223 | sum_rate=17.660624 | r_p=87.262459 | r_c=1091.181195 | r_s=0.002637 | status=running
[DL Convergence] | phase=optimize | block=1 | epoch=20/120 | active_users=1 | updated_users=1 | objective=4.562224 | sum_rate=17.660625 | r_p=87.262451 | r_c=1471.917889 | r_s=0.002577 | status=running
[DL Convergence] | phase=optimize | block=1 | epoch=25/120 | active_users=1 | updated_users=1 | objective=4.562213 | sum_rate=17.660583 | r_p=87.262497 | r_c=1852.655703 | r_s=0.005395 | status=running
[DL Convergence] | phase=optimize | block=1 | epoch=30/120 | active_users=1 | updated_users=1 | objective=4.562210 | sum_rate=17.660572 | r_p=87.262512 | r_c=2233.393169 | r_s=0.005687 | status=running
[DL Convergence] | phase=optimize | block=1 | epoch=35/120 | active_users=1 | updated_users=1 | objective=4.562212 | sum_rate=17.660578 | r_p=87.262505 | r_c=2614.130090 | r_s=0.005328 | status=running
[DL Convergence] | phase=optimize | block=1 | epoch=40/120 | active_users=1 | updated_users=1 | objective=4.562210 | sum_rate=17.660570 | r_p=87.262512 | r_c=2994.867693 | r_s=0.006641 | status=running
[DL Convergence] | phase=optimize | block=1 | epoch=45/120 | active_users=1 | updated_users=1 | objective=4.562209 | sum_rate=17.660568 | r_p=87.262512 | r_c=3375.604975 | r_s=0.005494 | status=running
[DL Convergence] | phase=optimize | block=1 | epoch=50/120 | active_users=1 | updated_users=1 | objective=4.562188 | sum_rate=17.660486 | r_p=87.262596 | r_c=3756.346003 | r_s=0.007759 | status=running
[DL Convergence] | phase=optimize | block=1 | epoch=55/120 | active_users=1 | updated_users=1 | objective=4.562208 | sum_rate=17.660563 | r_p=87.262520 | r_c=4137.080233 | r_s=0.006254 | status=running
[DL Convergence] | phase=optimize | block=1 | epoch=60/120 | active_users=1 | updated_users=1 | objective=4.562212 | sum_rate=17.660580 | r_p=87.262497 | r_c=4517.816337 | r_s=0.004621 | status=running
[DL Convergence] | phase=optimize | block=1 | epoch=65/120 | active_users=1 | updated_users=1 | objective=4.562199 | sum_rate=17.660528 | r_p=87.262550 | r_c=4898.556510 | r_s=0.006658 | status=running
[DL Convergence] | phase=optimize | block=1 | epoch=70/120 | active_users=1 | updated_users=1 | objective=4.562210 | sum_rate=17.660570 | r_p=87.262512 | r_c=5279.291917 | r_s=0.005361 | status=running
[DL Convergence] | phase=optimize | block=1 | epoch=75/120 | active_users=1 | updated_users=1 | objective=4.562205 | sum_rate=17.660553 | r_p=87.262527 | r_c=5660.030215 | r_s=0.006393 | status=running
[DL Convergence] | phase=optimize | block=1 | epoch=80/120 | active_users=1 | updated_users=1 | objective=4.562208 | sum_rate=17.660563 | r_p=87.262520 | r_c=6040.767016 | r_s=0.005240 | status=running
[DL Convergence] | phase=optimize | block=1 | epoch=85/120 | active_users=1 | updated_users=1 | objective=4.562174 | sum_rate=17.660433 | r_p=87.262650 | r_c=6421.514215 | r_s=0.008611 | status=running
[DL Convergence] | phase=optimize | block=1 | epoch=90/120 | active_users=1 | updated_users=1 | objective=4.562210 | sum_rate=17.660570 | r_p=87.262512 | r_c=6802.241950 | r_s=0.005224 | status=running
[DL Convergence] | phase=optimize | block=1 | epoch=95/120 | active_users=1 | updated_users=1 | objective=4.562206 | sum_rate=17.660555 | r_p=87.262527 | r_c=7182.980621 | r_s=0.005366 | status=running
[DL Convergence] | phase=optimize | block=1 | epoch=100/120 | active_users=1 | updated_users=1 | objective=4.562217 | sum_rate=17.660599 | r_p=87.262482 | r_c=7563.713975 | r_s=0.004459 | status=running
[DL Convergence] | phase=optimize | block=1 | epoch=105/120 | active_users=1 | updated_users=1 | objective=4.562154 | sum_rate=17.660355 | r_p=87.262726 | r_c=7944.473390 | r_s=0.009704 | status=running
[DL Convergence] | phase=optimize | block=1 | epoch=110/120 | active_users=1 | updated_users=1 | objective=4.562186 | sum_rate=17.660479 | r_p=87.262604 | r_c=8325.200704 | r_s=0.006146 | status=running
[DL Convergence] | phase=optimize | block=1 | epoch=115/120 | active_users=1 | updated_users=1 | objective=4.562184 | sum_rate=17.660473 | r_p=87.262604 | r_c=8705.938931 | r_s=0.008644 | status=running
[DL Convergence] | phase=optimize | block=1 | epoch=120/120 | active_users=1 | updated_users=1 | objective=4.562206 | sum_rate=17.660557 | r_p=87.262527 | r_c=9086.668921 | r_s=0.006719 | status=running
  user=02 block=01 candidate n_kl=  13 after updating users [2] still leaves committed users infeasible [2] at search_stage=fixed_step.
  user=02 block=01 candidate n_kl=  14 breaks committed-user feasibility [2] at search_stage=fixed_step; trying fresh re-optimization.
[DL Convergence] | phase=optimize | block=1 | epoch=1/120 | active_users=1 | updated_users=1 | objective=4.609873 | sum_rate=17.845078 | r_p=79.583496 | r_c=22.906284 | r_s=0.001478 | status=running
[DL Convergence] | phase=optimize | block=1 | epoch=5/120 | active_users=1 | updated_users=1 | objective=4.610034 | sum_rate=17.845699 | r_p=79.582870 | r_c=276.244358 | r_s=0.004103 | status=running
[DL Convergence] | phase=optimize | block=1 | epoch=10/120 | active_users=1 | updated_users=1 | objective=4.610040 | sum_rate=17.845724 | r_p=79.582848 | r_c=592.915966 | r_s=0.003175 | status=running
[DL Convergence] | phase=optimize | block=1 | epoch=15/120 | active_users=1 | updated_users=1 | objective=4.610043 | sum_rate=17.845736 | r_p=79.582840 | r_c=909.587348 | r_s=0.003681 | status=running
[DL Convergence] | phase=optimize | block=1 | epoch=20/120 | active_users=1 | updated_users=1 | objective=4.610048 | sum_rate=17.845755 | r_p=79.582817 | r_c=1226.258356 | r_s=0.002711 | status=running
[DL Convergence] | phase=optimize | block=1 | epoch=25/120 | active_users=1 | updated_users=1 | objective=4.610044 | sum_rate=17.845739 | r_p=79.582832 | r_c=1542.929903 | r_s=0.004066 | status=running
[DL Convergence] | phase=optimize | block=1 | epoch=30/120 | active_users=1 | updated_users=1 | objective=4.610048 | sum_rate=17.845755 | r_p=79.582817 | r_c=1859.600912 | r_s=0.003112 | status=running
[DL Convergence] | phase=optimize | block=1 | epoch=35/120 | active_users=1 | updated_users=1 | objective=4.610042 | sum_rate=17.845732 | r_p=79.582840 | r_c=2176.272862 | r_s=0.004374 | status=running
[DL Convergence] | phase=optimize | block=1 | epoch=40/120 | active_users=1 | updated_users=1 | objective=4.610036 | sum_rate=17.845711 | r_p=79.582863 | r_c=2492.945012 | r_s=0.004863 | status=running
[DL Convergence] | phase=optimize | block=1 | epoch=45/120 | active_users=1 | updated_users=1 | objective=4.610034 | sum_rate=17.845699 | r_p=79.582870 | r_c=2809.616915 | r_s=0.005463 | status=running
[DL Convergence] | phase=optimize | block=1 | epoch=50/120 | active_users=1 | updated_users=1 | objective=4.610030 | sum_rate=17.845686 | r_p=79.582886 | r_c=3126.289232 | r_s=0.006050 | status=running
[DL Convergence] | phase=optimize | block=1 | epoch=55/120 | active_users=1 | updated_users=1 | objective=4.610033 | sum_rate=17.845695 | r_p=79.582878 | r_c=3442.960754 | r_s=0.006421 | status=running
[DL Convergence] | phase=optimize | block=1 | epoch=60/120 | active_users=1 | updated_users=1 | objective=4.610042 | sum_rate=17.845732 | r_p=79.582840 | r_c=3759.630610 | r_s=0.003896 | status=running
[DL Convergence] | phase=optimize | block=1 | epoch=65/120 | active_users=1 | updated_users=1 | objective=4.609980 | sum_rate=17.845491 | r_p=79.583084 | r_c=4076.314706 | r_s=0.009316 | status=running
[DL Convergence] | phase=optimize | block=1 | epoch=70/120 | active_users=1 | updated_users=1 | objective=4.610010 | sum_rate=17.845608 | r_p=79.582962 | r_c=4392.981076 | r_s=0.007952 | status=running
[DL Convergence] | phase=optimize | block=1 | epoch=75/120 | active_users=1 | updated_users=1 | objective=4.610027 | sum_rate=17.845675 | r_p=79.582901 | r_c=4709.649668 | r_s=0.006448 | status=running
[DL Convergence] | phase=optimize | block=1 | epoch=80/120 | active_users=1 | updated_users=1 | objective=4.610047 | sum_rate=17.845753 | r_p=79.582825 | r_c=5026.316623 | r_s=0.003292 | status=running
[DL Convergence] | phase=optimize | block=1 | epoch=85/120 | active_users=1 | updated_users=1 | objective=4.610032 | sum_rate=17.845692 | r_p=79.582886 | r_c=5342.992093 | r_s=0.005394 | status=running
[DL Convergence] | phase=optimize | block=1 | epoch=90/120 | active_users=1 | updated_users=1 | objective=4.610017 | sum_rate=17.845634 | r_p=79.582939 | r_c=5659.667895 | r_s=0.008139 | status=running
[DL Convergence] | phase=optimize | block=1 | epoch=95/120 | active_users=1 | updated_users=1 | objective=4.610019 | sum_rate=17.845642 | r_p=79.582932 | r_c=5976.339404 | r_s=0.007399 | status=running
[DL Convergence] | phase=optimize | block=1 | epoch=100/120 | active_users=1 | updated_users=1 | objective=4.610038 | sum_rate=17.845716 | r_p=79.582855 | r_c=6293.005393 | r_s=0.005737 | status=running
[DL Convergence] | phase=optimize | block=1 | epoch=105/120 | active_users=1 | updated_users=1 | objective=4.610043 | sum_rate=17.845736 | r_p=79.582840 | r_c=6609.675644 | r_s=0.003838 | status=running
[DL Convergence] | phase=optimize | block=1 | epoch=110/120 | active_users=1 | updated_users=1 | objective=4.610035 | sum_rate=17.845707 | r_p=79.582870 | r_c=6926.349733 | r_s=0.004650 | status=running
[DL Convergence] | phase=optimize | block=1 | epoch=115/120 | active_users=1 | updated_users=1 | objective=4.609964 | sum_rate=17.845430 | r_p=79.583145 | r_c=7243.046770 | r_s=0.011184 | status=running
[DL Convergence] | phase=optimize | block=1 | epoch=120/120 | active_users=1 | updated_users=1 | objective=4.610003 | sum_rate=17.845579 | r_p=79.582993 | r_c=7559.705579 | r_s=0.008669 | status=running
  user=02 block=01 candidate n_kl=  14 after updating users [2] still leaves committed users infeasible [2] at search_stage=fixed_step.
  user=02 block=01 candidate n_kl=  15 breaks committed-user feasibility [2] at search_stage=fixed_step; trying fresh re-optimization.
[DL Convergence] | phase=optimize | block=1 | epoch=1/120 | active_users=1 | updated_users=1 | objective=4.652830 | sum_rate=18.011368 | r_p=72.921967 | r_c=20.988915 | r_s=0.001478 | status=running
[DL Convergence] | phase=optimize | block=1 | epoch=5/120 | active_users=1 | updated_users=1 | objective=4.652992 | sum_rate=18.011995 | r_p=72.921341 | r_c=233.690476 | r_s=0.004029 | status=running
[DL Convergence] | phase=optimize | block=1 | epoch=10/120 | active_users=1 | updated_users=1 | objective=4.652997 | sum_rate=18.012014 | r_p=72.921318 | r_c=499.566523 | r_s=0.003028 | status=running
[DL Convergence] | phase=optimize | block=1 | epoch=15/120 | active_users=1 | updated_users=1 | objective=4.653000 | sum_rate=18.012026 | r_p=72.921310 | r_c=765.442352 | r_s=0.003573 | status=running
[DL Convergence] | phase=optimize | block=1 | epoch=20/120 | active_users=1 | updated_users=1 | objective=4.653007 | sum_rate=18.012053 | r_p=72.921280 | r_c=1031.317741 | r_s=0.002611 | status=running
[DL Convergence] | phase=optimize | block=1 | epoch=25/120 | active_users=1 | updated_users=1 | objective=4.653009 | sum_rate=18.012060 | r_p=72.921272 | r_c=1297.193258 | r_s=0.002061 | status=running
[DL Convergence] | phase=optimize | block=1 | epoch=30/120 | active_users=1 | updated_users=1 | objective=4.652978 | sum_rate=18.011940 | r_p=72.921394 | r_c=1563.071595 | r_s=0.007365 | status=running
[DL Convergence] | phase=optimize | block=1 | epoch=35/120 | active_users=1 | updated_users=1 | objective=4.653003 | sum_rate=18.012035 | r_p=72.921295 | r_c=1828.945411 | r_s=0.004921 | status=running
[DL Convergence] | phase=optimize | block=1 | epoch=40/120 | active_users=1 | updated_users=1 | objective=4.653008 | sum_rate=18.012056 | r_p=72.921280 | r_c=2094.820771 | r_s=0.002733 | status=running
[DL Convergence] | phase=optimize | block=1 | epoch=45/120 | active_users=1 | updated_users=1 | objective=4.653002 | sum_rate=18.012032 | r_p=72.921303 | r_c=2360.697248 | r_s=0.003552 | status=running
[DL Convergence] | phase=optimize | block=1 | epoch=50/120 | active_users=1 | updated_users=1 | objective=4.652983 | sum_rate=18.011959 | r_p=72.921371 | r_c=2626.575692 | r_s=0.006504 | status=running
[DL Convergence] | phase=optimize | block=1 | epoch=55/120 | active_users=1 | updated_users=1 | objective=4.652987 | sum_rate=18.011976 | r_p=72.921356 | r_c=2892.451335 | r_s=0.005737 | status=running
[DL Convergence] | phase=optimize | block=1 | epoch=60/120 | active_users=1 | updated_users=1 | objective=4.652996 | sum_rate=18.012009 | r_p=72.921326 | r_c=3158.326201 | r_s=0.004441 | status=running
[DL Convergence] | phase=optimize | block=1 | epoch=65/120 | active_users=1 | updated_users=1 | objective=4.652989 | sum_rate=18.011982 | r_p=72.921356 | r_c=3424.203643 | r_s=0.005940 | status=running
[DL Convergence] | phase=optimize | block=1 | epoch=70/120 | active_users=1 | updated_users=1 | objective=4.652994 | sum_rate=18.012001 | r_p=72.921333 | r_c=3690.078689 | r_s=0.005464 | status=running
[DL Convergence] | phase=optimize | block=1 | epoch=75/120 | active_users=1 | updated_users=1 | objective=4.652988 | sum_rate=18.011978 | r_p=72.921356 | r_c=3955.955978 | r_s=0.005605 | status=running
[DL Convergence] | phase=optimize | block=1 | epoch=80/120 | active_users=1 | updated_users=1 | objective=4.652964 | sum_rate=18.011885 | r_p=72.921448 | r_c=4221.837516 | r_s=0.008345 | status=running
[DL Convergence] | phase=optimize | block=1 | epoch=85/120 | active_users=1 | updated_users=1 | objective=4.652984 | sum_rate=18.011961 | r_p=72.921371 | r_c=4487.709592 | r_s=0.005945 | status=running
[DL Convergence] | phase=optimize | block=1 | epoch=90/120 | active_users=1 | updated_users=1 | objective=4.652981 | sum_rate=18.011951 | r_p=72.921387 | r_c=4753.586863 | r_s=0.006431 | status=running
[DL Convergence] | phase=optimize | block=1 | epoch=95/120 | active_users=1 | updated_users=1 | objective=4.652995 | sum_rate=18.012007 | r_p=72.921326 | r_c=5019.458922 | r_s=0.005431 | status=running
[DL Convergence] | phase=optimize | block=1 | epoch=100/120 | active_users=1 | updated_users=1 | objective=4.652979 | sum_rate=18.011946 | r_p=72.921387 | r_c=5285.339371 | r_s=0.006829 | status=running
[DL Convergence] | phase=optimize | block=1 | epoch=105/120 | active_users=1 | updated_users=1 | objective=4.652989 | sum_rate=18.011982 | r_p=72.921356 | r_c=5551.213503 | r_s=0.006023 | status=running
[DL Convergence] | phase=optimize | block=1 | epoch=110/120 | active_users=1 | updated_users=1 | objective=4.652977 | sum_rate=18.011934 | r_p=72.921402 | r_c=5817.093525 | r_s=0.007522 | status=running
[DL Convergence] | phase=optimize | block=1 | epoch=115/120 | active_users=1 | updated_users=1 | objective=4.652995 | sum_rate=18.012007 | r_p=72.921326 | r_c=6082.963521 | r_s=0.005355 | status=running
[DL Convergence] | phase=optimize | block=1 | epoch=120/120 | active_users=1 | updated_users=1 | objective=4.652997 | sum_rate=18.012014 | r_p=72.921318 | r_c=6348.838843 | r_s=0.004597 | status=running
  user=02 block=01 candidate n_kl=  15 after updating users [2] still leaves committed users infeasible [2] at search_stage=fixed_step.
  user=02 block=01 candidate n_kl=  16 breaks committed-user feasibility [2] at search_stage=fixed_step; trying fresh re-optimization.
[DL Convergence] | phase=optimize | block=1 | epoch=1/120 | active_users=1 | updated_users=1 | objective=4.691695 | sum_rate=18.161814 | r_p=67.088188 | r_c=19.309796 | r_s=0.001478 | status=running
[DL Convergence] | phase=optimize | block=1 | epoch=5/120 | active_users=1 | updated_users=1 | objective=4.691858 | sum_rate=18.162447 | r_p=67.087555 | r_c=199.340034 | r_s=0.003953 | status=running
[DL Convergence] | phase=optimize | block=1 | epoch=10/120 | active_users=1 | updated_users=1 | objective=4.691861 | sum_rate=18.162458 | r_p=67.087540 | r_c=424.377056 | r_s=0.002903 | status=running
[DL Convergence] | phase=optimize | block=1 | epoch=15/120 | active_users=1 | updated_users=1 | objective=4.691866 | sum_rate=18.162477 | r_p=67.087524 | r_c=649.413782 | r_s=0.003364 | status=running
[DL Convergence] | phase=optimize | block=1 | epoch=20/120 | active_users=1 | updated_users=1 | objective=4.691873 | sum_rate=18.162502 | r_p=67.087494 | r_c=874.450140 | r_s=0.002281 | status=running
[DL Convergence] | phase=optimize | block=1 | epoch=25/120 | active_users=1 | updated_users=1 | objective=4.691872 | sum_rate=18.162498 | r_p=67.087502 | r_c=1099.486862 | r_s=0.002509 | status=running
[DL Convergence] | phase=optimize | block=1 | epoch=30/120 | active_users=1 | updated_users=1 | objective=4.691867 | sum_rate=18.162483 | r_p=67.087517 | r_c=1324.523852 | r_s=0.004235 | status=running
[DL Convergence] | phase=optimize | block=1 | epoch=35/120 | active_users=1 | updated_users=1 | objective=4.691865 | sum_rate=18.162474 | r_p=67.087524 | r_c=1549.560754 | r_s=0.004087 | status=running
[DL Convergence] | phase=optimize | block=1 | epoch=40/120 | active_users=1 | updated_users=1 | objective=4.691867 | sum_rate=18.162483 | r_p=67.087517 | r_c=1774.597307 | r_s=0.003474 | status=running
[DL Convergence] | phase=optimize | block=1 | epoch=45/120 | active_users=1 | updated_users=1 | objective=4.691863 | sum_rate=18.162466 | r_p=67.087532 | r_c=1999.634569 | r_s=0.004602 | status=running
[DL Convergence] | phase=optimize | block=1 | epoch=50/120 | active_users=1 | updated_users=1 | objective=4.691850 | sum_rate=18.162415 | r_p=67.087585 | r_c=2224.673275 | r_s=0.006437 | status=running
[DL Convergence] | phase=optimize | block=1 | epoch=55/120 | active_users=1 | updated_users=1 | objective=4.691856 | sum_rate=18.162437 | r_p=67.087563 | r_c=2449.709563 | r_s=0.004938 | status=running
[DL Convergence] | phase=optimize | block=1 | epoch=60/120 | active_users=1 | updated_users=1 | objective=4.691850 | sum_rate=18.162416 | r_p=67.087585 | r_c=2674.747677 | r_s=0.006846 | status=running
[DL Convergence] | phase=optimize | block=1 | epoch=65/120 | active_users=1 | updated_users=1 | objective=4.691866 | sum_rate=18.162479 | r_p=67.087524 | r_c=2899.782188 | r_s=0.004332 | status=running
[DL Convergence] | phase=optimize | block=1 | epoch=70/120 | active_users=1 | updated_users=1 | objective=4.691863 | sum_rate=18.162464 | r_p=67.087540 | r_c=3124.819721 | r_s=0.004620 | status=running
[DL Convergence] | phase=optimize | block=1 | epoch=75/120 | active_users=1 | updated_users=1 | objective=4.691855 | sum_rate=18.162436 | r_p=67.087563 | r_c=3349.857743 | r_s=0.005382 | status=running
[DL Convergence] | phase=optimize | block=1 | epoch=80/120 | active_users=1 | updated_users=1 | objective=4.691852 | sum_rate=18.162422 | r_p=67.087578 | r_c=3574.895654 | r_s=0.006071 | status=running
[DL Convergence] | phase=optimize | block=1 | epoch=85/120 | active_users=1 | updated_users=1 | objective=4.691854 | sum_rate=18.162432 | r_p=67.087570 | r_c=3799.932510 | r_s=0.006227 | status=running
[DL Convergence] | phase=optimize | block=1 | epoch=90/120 | active_users=1 | updated_users=1 | objective=4.691852 | sum_rate=18.162422 | r_p=67.087578 | r_c=4024.970123 | r_s=0.006071 | status=running
[DL Convergence] | phase=optimize | block=1 | epoch=95/120 | active_users=1 | updated_users=1 | objective=4.691864 | sum_rate=18.162468 | r_p=67.087532 | r_c=4250.004357 | r_s=0.004560 | status=running
[DL Convergence] | phase=optimize | block=1 | epoch=100/120 | active_users=1 | updated_users=1 | objective=4.691856 | sum_rate=18.162439 | r_p=67.087563 | r_c=4475.043282 | r_s=0.005109 | status=running
[DL Convergence] | phase=optimize | block=1 | epoch=105/120 | active_users=1 | updated_users=1 | objective=4.691844 | sum_rate=18.162394 | r_p=67.087608 | r_c=4700.083546 | r_s=0.006997 | status=running
[DL Convergence] | phase=optimize | block=1 | epoch=110/120 | active_users=1 | updated_users=1 | objective=4.691857 | sum_rate=18.162441 | r_p=67.087555 | r_c=4925.116995 | r_s=0.005749 | status=running
[DL Convergence] | phase=optimize | block=1 | epoch=115/120 | active_users=1 | updated_users=1 | objective=4.691850 | sum_rate=18.162415 | r_p=67.087585 | r_c=5150.156324 | r_s=0.006224 | status=running
[DL Convergence] | phase=optimize | block=1 | epoch=120/120 | active_users=1 | updated_users=1 | objective=4.691843 | sum_rate=18.162386 | r_p=67.087616 | r_c=5375.196011 | r_s=0.007373 | status=running
  user=02 block=01 candidate n_kl=  16 after updating users [2] still leaves committed users infeasible [2] at search_stage=fixed_step.
  user=02 block=01 candidate n_kl=  17 breaks committed-user feasibility [2] at search_stage=fixed_step; trying fresh re-optimization.
[DL Convergence] | phase=optimize | block=1 | epoch=1/120 | active_users=1 | updated_users=1 | objective=4.727077 | sum_rate=18.298782 | r_p=61.936508 | r_c=17.827003 | r_s=0.001478 | status=running
[DL Convergence] | phase=optimize | block=1 | epoch=5/120 | active_users=1 | updated_users=1 | objective=4.727242 | sum_rate=18.299419 | r_p=61.935871 | r_c=171.269690 | r_s=0.003876 | status=running
[DL Convergence] | phase=optimize | block=1 | epoch=10/120 | active_users=1 | updated_users=1 | objective=4.727243 | sum_rate=18.299423 | r_p=61.935867 | r_c=363.072394 | r_s=0.002796 | status=running
[DL Convergence] | phase=optimize | block=1 | epoch=15/120 | active_users=1 | updated_users=1 | objective=4.727249 | sum_rate=18.299446 | r_p=61.935844 | r_c=554.874737 | r_s=0.003155 | status=running
[DL Convergence] | phase=optimize | block=1 | epoch=20/120 | active_users=1 | updated_users=1 | objective=4.727255 | sum_rate=18.299469 | r_p=61.935822 | r_c=746.676874 | r_s=0.002133 | status=running
[DL Convergence] | phase=optimize | block=1 | epoch=25/120 | active_users=1 | updated_users=1 | objective=4.727256 | sum_rate=18.299473 | r_p=61.935818 | r_c=938.479108 | r_s=0.002204 | status=running
[DL Convergence] | phase=optimize | block=1 | epoch=30/120 | active_users=1 | updated_users=1 | objective=4.727248 | sum_rate=18.299442 | r_p=61.935848 | r_c=1130.281965 | r_s=0.004384 | status=running
[DL Convergence] | phase=optimize | block=1 | epoch=35/120 | active_users=1 | updated_users=1 | objective=4.727252 | sum_rate=18.299458 | r_p=61.935833 | r_c=1322.084040 | r_s=0.003225 | status=running
[DL Convergence] | phase=optimize | block=1 | epoch=40/120 | active_users=1 | updated_users=1 | objective=4.727257 | sum_rate=18.299477 | r_p=61.935814 | r_c=1513.885935 | r_s=0.001990 | status=running
[DL Convergence] | phase=optimize | block=1 | epoch=45/120 | active_users=1 | updated_users=1 | objective=4.727238 | sum_rate=18.299404 | r_p=61.935886 | r_c=1705.690315 | r_s=0.006024 | status=running
[DL Convergence] | phase=optimize | block=1 | epoch=50/120 | active_users=1 | updated_users=1 | objective=4.727238 | sum_rate=18.299404 | r_p=61.935886 | r_c=1897.493068 | r_s=0.005895 | status=running
[DL Convergence] | phase=optimize | block=1 | epoch=55/120 | active_users=1 | updated_users=1 | objective=4.727247 | sum_rate=18.299440 | r_p=61.935852 | r_c=2089.294578 | r_s=0.003913 | status=running
[DL Convergence] | phase=optimize | block=1 | epoch=60/120 | active_users=1 | updated_users=1 | objective=4.727245 | sum_rate=18.299433 | r_p=61.935860 | r_c=2281.097343 | r_s=0.004260 | status=running
[DL Convergence] | phase=optimize | block=1 | epoch=65/120 | active_users=1 | updated_users=1 | objective=4.727243 | sum_rate=18.299423 | r_p=61.935867 | r_c=2472.900148 | r_s=0.004887 | status=running
[DL Convergence] | phase=optimize | block=1 | epoch=70/120 | active_users=1 | updated_users=1 | objective=4.727241 | sum_rate=18.299414 | r_p=61.935875 | r_c=2664.703156 | r_s=0.005973 | status=running
[DL Convergence] | phase=optimize | block=1 | epoch=75/120 | active_users=1 | updated_users=1 | objective=4.727228 | sum_rate=18.299366 | r_p=61.935925 | r_c=2856.508151 | r_s=0.006770 | status=running
[DL Convergence] | phase=optimize | block=1 | epoch=80/120 | active_users=1 | updated_users=1 | objective=4.727242 | sum_rate=18.299419 | r_p=61.935871 | r_c=3048.308406 | r_s=0.004733 | status=running
[DL Convergence] | phase=optimize | block=1 | epoch=85/120 | active_users=1 | updated_users=1 | objective=4.727246 | sum_rate=18.299435 | r_p=61.935856 | r_c=3240.110193 | r_s=0.004814 | status=running
[DL Convergence] | phase=optimize | block=1 | epoch=90/120 | active_users=1 | updated_users=1 | objective=4.727252 | sum_rate=18.299458 | r_p=61.935833 | r_c=3431.911432 | r_s=0.003492 | status=running
[DL Convergence] | phase=optimize | block=1 | epoch=95/120 | active_users=1 | updated_users=1 | objective=4.727227 | sum_rate=18.299362 | r_p=61.935928 | r_c=3623.719455 | r_s=0.006241 | status=running
[DL Convergence] | phase=optimize | block=1 | epoch=100/120 | active_users=1 | updated_users=1 | objective=4.727234 | sum_rate=18.299389 | r_p=61.935902 | r_c=3815.520840 | r_s=0.006492 | status=running
[DL Convergence] | phase=optimize | block=1 | epoch=105/120 | active_users=1 | updated_users=1 | objective=4.727225 | sum_rate=18.299355 | r_p=61.935936 | r_c=4007.325984 | r_s=0.007320 | status=running
[DL Convergence] | phase=optimize | block=1 | epoch=110/120 | active_users=1 | updated_users=1 | objective=4.727245 | sum_rate=18.299433 | r_p=61.935860 | r_c=4199.123725 | r_s=0.004641 | status=running
[DL Convergence] | phase=optimize | block=1 | epoch=115/120 | active_users=1 | updated_users=1 | objective=4.727234 | sum_rate=18.299389 | r_p=61.935902 | r_c=4390.929248 | r_s=0.005099 | status=running
[DL Convergence] | phase=optimize | block=1 | epoch=120/120 | active_users=1 | updated_users=1 | objective=4.727206 | sum_rate=18.299282 | r_p=61.936008 | r_c=4582.740157 | r_s=0.008984 | status=running
  user=02 block=01 candidate n_kl=  17 after updating users [2] still leaves committed users infeasible [2] at search_stage=fixed_step.
  user=02 block=01 candidate n_kl=  18 breaks committed-user feasibility [2] at search_stage=fixed_step; trying fresh re-optimization.
[DL Convergence] | phase=optimize | block=1 | epoch=1/120 | active_users=1 | updated_users=1 | objective=4.759469 | sum_rate=18.424171 | r_p=57.353607 | r_c=16.507920 | r_s=0.001478 | status=running
[DL Convergence] | phase=optimize | block=1 | epoch=5/120 | active_users=1 | updated_users=1 | objective=4.759634 | sum_rate=18.424809 | r_p=57.352970 | r_c=148.083004 | r_s=0.003800 | status=running
[DL Convergence] | phase=optimize | block=1 | epoch=10/120 | active_users=1 | updated_users=1 | objective=4.759634 | sum_rate=18.424810 | r_p=57.352966 | r_c=312.551249 | r_s=0.002704 | status=running
[DL Convergence] | phase=optimize | block=1 | epoch=15/120 | active_users=1 | updated_users=1 | objective=4.759640 | sum_rate=18.424835 | r_p=57.352943 | r_c=477.019161 | r_s=0.003015 | status=running
[DL Convergence] | phase=optimize | block=1 | epoch=20/120 | active_users=1 | updated_users=1 | objective=4.759645 | sum_rate=18.424852 | r_p=57.352928 | r_c=641.486970 | r_s=0.002138 | status=running
[DL Convergence] | phase=optimize | block=1 | epoch=25/120 | active_users=1 | updated_users=1 | objective=4.759648 | sum_rate=18.424866 | r_p=57.352913 | r_c=805.954648 | r_s=0.001701 | status=running
[DL Convergence] | phase=optimize | block=1 | epoch=30/120 | active_users=1 | updated_users=1 | objective=4.759644 | sum_rate=18.424850 | r_p=57.352928 | r_c=970.422737 | r_s=0.002854 | status=running
[DL Convergence] | phase=optimize | block=1 | epoch=35/120 | active_users=1 | updated_users=1 | objective=4.759645 | sum_rate=18.424852 | r_p=57.352928 | r_c=1134.890704 | r_s=0.002429 | status=running
[DL Convergence] | phase=optimize | block=1 | epoch=40/120 | active_users=1 | updated_users=1 | objective=4.759643 | sum_rate=18.424847 | r_p=57.352932 | r_c=1299.358717 | r_s=0.002846 | status=running
[DL Convergence] | phase=optimize | block=1 | epoch=45/120 | active_users=1 | updated_users=1 | objective=4.759646 | sum_rate=18.424858 | r_p=57.352921 | r_c=1463.826348 | r_s=0.002238 | status=running
[DL Convergence] | phase=optimize | block=1 | epoch=50/120 | active_users=1 | updated_users=1 | objective=4.759634 | sum_rate=18.424810 | r_p=57.352966 | r_c=1628.295575 | r_s=0.004943 | status=running
[DL Convergence] | phase=optimize | block=1 | epoch=55/120 | active_users=1 | updated_users=1 | objective=4.759622 | sum_rate=18.424765 | r_p=57.353012 | r_c=1792.765182 | r_s=0.005879 | status=running
[DL Convergence] | phase=optimize | block=1 | epoch=60/120 | active_users=1 | updated_users=1 | objective=4.759634 | sum_rate=18.424809 | r_p=57.352970 | r_c=1957.232115 | r_s=0.005390 | status=running
[DL Convergence] | phase=optimize | block=1 | epoch=65/120 | active_users=1 | updated_users=1 | objective=4.759645 | sum_rate=18.424852 | r_p=57.352928 | r_c=2121.698693 | r_s=0.003439 | status=running
[DL Convergence] | phase=optimize | block=1 | epoch=70/120 | active_users=1 | updated_users=1 | objective=4.759643 | sum_rate=18.424847 | r_p=57.352932 | r_c=2286.166783 | r_s=0.003079 | status=running
[DL Convergence] | phase=optimize | block=1 | epoch=75/120 | active_users=1 | updated_users=1 | objective=4.759638 | sum_rate=18.424828 | r_p=57.352951 | r_c=2450.635543 | r_s=0.003888 | status=running
[DL Convergence] | phase=optimize | block=1 | epoch=80/120 | active_users=1 | updated_users=1 | objective=4.759611 | sum_rate=18.424721 | r_p=57.353058 | r_c=2615.108756 | r_s=0.008202 | status=running
[DL Convergence] | phase=optimize | block=1 | epoch=85/120 | active_users=1 | updated_users=1 | objective=4.759626 | sum_rate=18.424780 | r_p=57.352997 | r_c=2779.574426 | r_s=0.006417 | status=running
[DL Convergence] | phase=optimize | block=1 | epoch=90/120 | active_users=1 | updated_users=1 | objective=4.759643 | sum_rate=18.424845 | r_p=57.352936 | r_c=2944.039570 | r_s=0.003055 | status=running
[DL Convergence] | phase=optimize | block=1 | epoch=95/120 | active_users=1 | updated_users=1 | objective=4.759634 | sum_rate=18.424812 | r_p=57.352966 | r_c=3108.509238 | r_s=0.004768 | status=running
[DL Convergence] | phase=optimize | block=1 | epoch=100/120 | active_users=1 | updated_users=1 | objective=4.759634 | sum_rate=18.424810 | r_p=57.352966 | r_c=3272.977356 | r_s=0.004792 | status=running
[DL Convergence] | phase=optimize | block=1 | epoch=105/120 | active_users=1 | updated_users=1 | objective=4.759635 | sum_rate=18.424814 | r_p=57.352966 | r_c=3437.445554 | r_s=0.005208 | status=running
[DL Convergence] | phase=optimize | block=1 | epoch=110/120 | active_users=1 | updated_users=1 | objective=4.759622 | sum_rate=18.424763 | r_p=57.353016 | r_c=3601.916852 | r_s=0.006875 | status=running
[DL Convergence] | phase=optimize | block=1 | epoch=115/120 | active_users=1 | updated_users=1 | objective=4.759639 | sum_rate=18.424831 | r_p=57.352947 | r_c=3766.380712 | r_s=0.004516 | status=running
[DL Convergence] | phase=optimize | block=1 | epoch=120/120 | active_users=1 | updated_users=1 | objective=4.759627 | sum_rate=18.424784 | r_p=57.352997 | r_c=3930.852191 | r_s=0.005956 | status=running
  user=02 block=01 candidate n_kl=  18 after updating users [2] still leaves committed users infeasible [2] at search_stage=fixed_step.
  user=02 block=01 candidate n_kl=  19 breaks committed-user feasibility [2] at search_stage=fixed_step; trying fresh re-optimization.
[DL Convergence] | phase=optimize | block=1 | epoch=1/120 | active_users=1 | updated_users=1 | objective=4.789268 | sum_rate=18.539528 | r_p=53.249947 | r_c=15.326776 | r_s=0.001478 | status=running
[DL Convergence] | phase=optimize | block=1 | epoch=5/120 | active_users=1 | updated_users=1 | objective=4.789433 | sum_rate=18.540167 | r_p=53.249306 | r_c=128.746839 | r_s=0.003726 | status=running
[DL Convergence] | phase=optimize | block=1 | epoch=10/120 | active_users=1 | updated_users=1 | objective=4.789432 | sum_rate=18.540161 | r_p=53.249313 | r_c=270.521413 | r_s=0.002627 | status=running
[DL Convergence] | phase=optimize | block=1 | epoch=15/120 | active_users=1 | updated_users=1 | objective=4.789439 | sum_rate=18.540188 | r_p=53.249287 | r_c=412.295628 | r_s=0.002949 | status=running
[DL Convergence] | phase=optimize | block=1 | epoch=20/120 | active_users=1 | updated_users=1 | objective=4.789444 | sum_rate=18.540209 | r_p=53.249268 | r_c=554.069722 | r_s=0.002115 | status=running
[DL Convergence] | phase=optimize | block=1 | epoch=25/120 | active_users=1 | updated_users=1 | objective=4.789448 | sum_rate=18.540222 | r_p=53.249252 | r_c=695.843721 | r_s=0.001773 | status=running
[DL Convergence] | phase=optimize | block=1 | epoch=30/120 | active_users=1 | updated_users=1 | objective=4.789445 | sum_rate=18.540213 | r_p=53.249260 | r_c=837.617986 | r_s=0.002654 | status=running
[DL Convergence] | phase=optimize | block=1 | epoch=35/120 | active_users=1 | updated_users=1 | objective=4.789449 | sum_rate=18.540226 | r_p=53.249249 | r_c=979.391980 | r_s=0.001700 | status=running
[DL Convergence] | phase=optimize | block=1 | epoch=40/120 | active_users=1 | updated_users=1 | objective=4.789445 | sum_rate=18.540211 | r_p=53.249264 | r_c=1121.166460 | r_s=0.003177 | status=running
[DL Convergence] | phase=optimize | block=1 | epoch=45/120 | active_users=1 | updated_users=1 | objective=4.789442 | sum_rate=18.540199 | r_p=53.249275 | r_c=1262.940944 | r_s=0.003729 | status=running
[DL Convergence] | phase=optimize | block=1 | epoch=50/120 | active_users=1 | updated_users=1 | objective=4.789433 | sum_rate=18.540163 | r_p=53.249313 | r_c=1404.716270 | r_s=0.005567 | status=running
[DL Convergence] | phase=optimize | block=1 | epoch=55/120 | active_users=1 | updated_users=1 | objective=4.789442 | sum_rate=18.540197 | r_p=53.249275 | r_c=1546.489609 | r_s=0.004376 | status=running
[DL Convergence] | phase=optimize | block=1 | epoch=60/120 | active_users=1 | updated_users=1 | objective=4.789438 | sum_rate=18.540184 | r_p=53.249290 | r_c=1688.264399 | r_s=0.004258 | status=running
[DL Convergence] | phase=optimize | block=1 | epoch=65/120 | active_users=1 | updated_users=1 | objective=4.789442 | sum_rate=18.540199 | r_p=53.249275 | r_c=1830.038227 | r_s=0.003955 | status=running
[DL Convergence] | phase=optimize | block=1 | epoch=70/120 | active_users=1 | updated_users=1 | objective=4.789444 | sum_rate=18.540207 | r_p=53.249268 | r_c=1971.812226 | r_s=0.002929 | status=running
[DL Convergence] | phase=optimize | block=1 | epoch=75/120 | active_users=1 | updated_users=1 | objective=4.789428 | sum_rate=18.540146 | r_p=53.249329 | r_c=2113.588912 | r_s=0.005180 | status=running
[DL Convergence] | phase=optimize | block=1 | epoch=80/120 | active_users=1 | updated_users=1 | objective=4.789415 | sum_rate=18.540096 | r_p=53.249378 | r_c=2255.365689 | r_s=0.006707 | status=running
[DL Convergence] | phase=optimize | block=1 | epoch=85/120 | active_users=1 | updated_users=1 | objective=4.789426 | sum_rate=18.540136 | r_p=53.249336 | r_c=2397.138612 | r_s=0.006021 | status=running
[DL Convergence] | phase=optimize | block=1 | epoch=90/120 | active_users=1 | updated_users=1 | objective=4.789443 | sum_rate=18.540205 | r_p=53.249268 | r_c=2538.909871 | r_s=0.003433 | status=running
[DL Convergence] | phase=optimize | block=1 | epoch=95/120 | active_users=1 | updated_users=1 | objective=4.789438 | sum_rate=18.540186 | r_p=53.249290 | r_c=2680.685291 | r_s=0.004191 | status=running
[DL Convergence] | phase=optimize | block=1 | epoch=100/120 | active_users=1 | updated_users=1 | objective=4.789444 | sum_rate=18.540207 | r_p=53.249268 | r_c=2822.458384 | r_s=0.003405 | status=running
[DL Convergence] | phase=optimize | block=1 | epoch=105/120 | active_users=1 | updated_users=1 | objective=4.789411 | sum_rate=18.540079 | r_p=53.249397 | r_c=2964.239884 | r_s=0.006871 | status=running
[DL Convergence] | phase=optimize | block=1 | epoch=110/120 | active_users=1 | updated_users=1 | objective=4.789421 | sum_rate=18.540117 | r_p=53.249359 | r_c=3106.012603 | r_s=0.005990 | status=running
[DL Convergence] | phase=optimize | block=1 | epoch=115/120 | active_users=1 | updated_users=1 | objective=4.789416 | sum_rate=18.540098 | r_p=53.249374 | r_c=3247.788280 | r_s=0.006106 | status=running
[DL Convergence] | phase=optimize | block=1 | epoch=120/120 | active_users=1 | updated_users=1 | objective=4.789419 | sum_rate=18.540110 | r_p=53.249367 | r_c=3389.562487 | r_s=0.006456 | status=running
  user=02 block=01 candidate n_kl=  19 after updating users [2] still leaves committed users infeasible [2] at search_stage=fixed_step.
  user=02 block=01 candidate n_kl=  20 breaks committed-user feasibility [2] at search_stage=fixed_step; trying fresh re-optimization.
[DL Convergence] | phase=optimize | block=1 | epoch=1/120 | active_users=1 | updated_users=1 | objective=4.816803 | sum_rate=18.646118 | r_p=49.553879 | r_c=14.262947 | r_s=0.001478 | status=running
[DL Convergence] | phase=optimize | block=1 | epoch=5/120 | active_users=1 | updated_users=1 | objective=4.816969 | sum_rate=18.646757 | r_p=49.553238 | r_c=112.484362 | r_s=0.003653 | status=running
[DL Convergence] | phase=optimize | block=1 | epoch=10/120 | active_users=1 | updated_users=1 | objective=4.816967 | sum_rate=18.646749 | r_p=49.553246 | r_c=235.260664 | r_s=0.002562 | status=running
[DL Convergence] | phase=optimize | block=1 | epoch=15/120 | active_users=1 | updated_users=1 | objective=4.816975 | sum_rate=18.646780 | r_p=49.553215 | r_c=358.036607 | r_s=0.002917 | status=running
[DL Convergence] | phase=optimize | block=1 | epoch=20/120 | active_users=1 | updated_users=1 | objective=4.816979 | sum_rate=18.646797 | r_p=49.553200 | r_c=480.812491 | r_s=0.002032 | status=running
[DL Convergence] | phase=optimize | block=1 | epoch=25/120 | active_users=1 | updated_users=1 | objective=4.816983 | sum_rate=18.646812 | r_p=49.553185 | r_c=603.588257 | r_s=0.001791 | status=running
[DL Convergence] | phase=optimize | block=1 | epoch=30/120 | active_users=1 | updated_users=1 | objective=4.816985 | sum_rate=18.646818 | r_p=49.553177 | r_c=726.364044 | r_s=0.001684 | status=running
[DL Convergence] | phase=optimize | block=1 | epoch=35/120 | active_users=1 | updated_users=1 | objective=4.816976 | sum_rate=18.646784 | r_p=49.553215 | r_c=849.140614 | r_s=0.004562 | status=running
[DL Convergence] | phase=optimize | block=1 | epoch=40/120 | active_users=1 | updated_users=1 | objective=4.816980 | sum_rate=18.646801 | r_p=49.553196 | r_c=971.916248 | r_s=0.003358 | status=running
[DL Convergence] | phase=optimize | block=1 | epoch=45/120 | active_users=1 | updated_users=1 | objective=4.816980 | sum_rate=18.646801 | r_p=49.553196 | r_c=1094.692198 | r_s=0.003235 | status=running
[DL Convergence] | phase=optimize | block=1 | epoch=50/120 | active_users=1 | updated_users=1 | objective=4.816971 | sum_rate=18.646767 | r_p=49.553230 | r_c=1217.469005 | r_s=0.004514 | status=running
[DL Convergence] | phase=optimize | block=1 | epoch=55/120 | active_users=1 | updated_users=1 | objective=4.816977 | sum_rate=18.646788 | r_p=49.553207 | r_c=1340.244512 | r_s=0.003810 | status=running
[DL Convergence] | phase=optimize | block=1 | epoch=60/120 | active_users=1 | updated_users=1 | objective=4.816978 | sum_rate=18.646793 | r_p=49.553204 | r_c=1463.020425 | r_s=0.003341 | status=running
[DL Convergence] | phase=optimize | block=1 | epoch=65/120 | active_users=1 | updated_users=1 | objective=4.816974 | sum_rate=18.646778 | r_p=49.553219 | r_c=1585.796941 | r_s=0.004503 | status=running
[DL Convergence] | phase=optimize | block=1 | epoch=70/120 | active_users=1 | updated_users=1 | objective=4.816978 | sum_rate=18.646793 | r_p=49.553204 | r_c=1708.572511 | r_s=0.003903 | status=running
[DL Convergence] | phase=optimize | block=1 | epoch=75/120 | active_users=1 | updated_users=1 | objective=4.816965 | sum_rate=18.646742 | r_p=49.553253 | r_c=1831.350420 | r_s=0.005678 | status=running
[DL Convergence] | phase=optimize | block=1 | epoch=80/120 | active_users=1 | updated_users=1 | objective=4.816936 | sum_rate=18.646629 | r_p=49.553368 | r_c=1954.131220 | r_s=0.007902 | status=running
[DL Convergence] | phase=optimize | block=1 | epoch=85/120 | active_users=1 | updated_users=1 | objective=4.816960 | sum_rate=18.646723 | r_p=49.553276 | r_c=2076.904026 | r_s=0.006040 | status=running
[DL Convergence] | phase=optimize | block=1 | epoch=90/120 | active_users=1 | updated_users=1 | objective=4.816974 | sum_rate=18.646778 | r_p=49.553219 | r_c=2199.677762 | r_s=0.004380 | status=running
[DL Convergence] | phase=optimize | block=1 | epoch=95/120 | active_users=1 | updated_users=1 | objective=4.816982 | sum_rate=18.646807 | r_p=49.553192 | r_c=2322.452572 | r_s=0.002558 | status=running
[DL Convergence] | phase=optimize | block=1 | epoch=100/120 | active_users=1 | updated_users=1 | objective=4.816977 | sum_rate=18.646790 | r_p=49.553207 | r_c=2445.229282 | r_s=0.002902 | status=running
[DL Convergence] | phase=optimize | block=1 | epoch=105/120 | active_users=1 | updated_users=1 | objective=4.816919 | sum_rate=18.646566 | r_p=49.553429 | r_c=2568.016854 | r_s=0.008955 | status=running
[DL Convergence] | phase=optimize | block=1 | epoch=110/120 | active_users=1 | updated_users=1 | objective=4.816946 | sum_rate=18.646667 | r_p=49.553329 | r_c=2690.788399 | r_s=0.007029 | status=running
[DL Convergence] | phase=optimize | block=1 | epoch=115/120 | active_users=1 | updated_users=1 | objective=4.816963 | sum_rate=18.646736 | r_p=49.553261 | r_c=2813.560980 | r_s=0.005637 | status=running
[DL Convergence] | phase=optimize | block=1 | epoch=120/120 | active_users=1 | updated_users=1 | objective=4.816979 | sum_rate=18.646797 | r_p=49.553200 | r_c=2936.333578 | r_s=0.003758 | status=running
  user=02 block=01 candidate n_kl=  20 after updating users [2] still leaves committed users infeasible [2] at search_stage=fixed_step.
  user=02 block=01 candidate n_kl=  21 breaks committed-user feasibility [2] at search_stage=fixed_step; trying fresh re-optimization.
[DL Convergence] | phase=optimize | block=1 | epoch=1/120 | active_users=1 | updated_users=1 | objective=4.842348 | sum_rate=18.745003 | r_p=46.207375 | r_c=13.299733 | r_s=0.001478 | status=running
[DL Convergence] | phase=optimize | block=1 | epoch=5/120 | active_users=1 | updated_users=1 | objective=4.842514 | sum_rate=18.745644 | r_p=46.206734 | r_c=98.702662 | r_s=0.003584 | status=running
[DL Convergence] | phase=optimize | block=1 | epoch=10/120 | active_users=1 | updated_users=1 | objective=4.842511 | sum_rate=18.745632 | r_p=46.206745 | r_c=205.455911 | r_s=0.002520 | status=running
[DL Convergence] | phase=optimize | block=1 | epoch=15/120 | active_users=1 | updated_users=1 | objective=4.842519 | sum_rate=18.745663 | r_p=46.206715 | r_c=312.208822 | r_s=0.002913 | status=running
[DL Convergence] | phase=optimize | block=1 | epoch=20/120 | active_users=1 | updated_users=1 | objective=4.842524 | sum_rate=18.745684 | r_p=46.206696 | r_c=418.961641 | r_s=0.002029 | status=running
[DL Convergence] | phase=optimize | block=1 | epoch=25/120 | active_users=1 | updated_users=1 | objective=4.842528 | sum_rate=18.745699 | r_p=46.206680 | r_c=525.714381 | r_s=0.001660 | status=running
[DL Convergence] | phase=optimize | block=1 | epoch=30/120 | active_users=1 | updated_users=1 | objective=4.842529 | sum_rate=18.745703 | r_p=46.206673 | r_c=632.467133 | r_s=0.001300 | status=running
[DL Convergence] | phase=optimize | block=1 | epoch=35/120 | active_users=1 | updated_users=1 | objective=4.842530 | sum_rate=18.745705 | r_p=46.206673 | r_c=739.219961 | r_s=0.001252 | status=running
[DL Convergence] | phase=optimize | block=1 | epoch=40/120 | active_users=1 | updated_users=1 | objective=4.842517 | sum_rate=18.745657 | r_p=46.206718 | r_c=845.973645 | r_s=0.004287 | status=running
[DL Convergence] | phase=optimize | block=1 | epoch=45/120 | active_users=1 | updated_users=1 | objective=4.842518 | sum_rate=18.745659 | r_p=46.206718 | r_c=952.726686 | r_s=0.004267 | status=running
[DL Convergence] | phase=optimize | block=1 | epoch=50/120 | active_users=1 | updated_users=1 | objective=4.842524 | sum_rate=18.745682 | r_p=46.206696 | r_c=1059.479168 | r_s=0.003551 | status=running
[DL Convergence] | phase=optimize | block=1 | epoch=55/120 | active_users=1 | updated_users=1 | objective=4.842525 | sum_rate=18.745689 | r_p=46.206688 | r_c=1166.231897 | r_s=0.002768 | status=running
[DL Convergence] | phase=optimize | block=1 | epoch=60/120 | active_users=1 | updated_users=1 | objective=4.842525 | sum_rate=18.745686 | r_p=46.206692 | r_c=1272.984895 | r_s=0.002600 | status=running
[DL Convergence] | phase=optimize | block=1 | epoch=65/120 | active_users=1 | updated_users=1 | objective=4.842514 | sum_rate=18.745644 | r_p=46.206734 | r_c=1379.739112 | r_s=0.005064 | status=running
[DL Convergence] | phase=optimize | block=1 | epoch=70/120 | active_users=1 | updated_users=1 | objective=4.842507 | sum_rate=18.745617 | r_p=46.206760 | r_c=1486.493110 | r_s=0.006153 | status=running
[DL Convergence] | phase=optimize | block=1 | epoch=75/120 | active_users=1 | updated_users=1 | objective=4.842520 | sum_rate=18.745667 | r_p=46.206711 | r_c=1593.244579 | r_s=0.004473 | status=running
[DL Convergence] | phase=optimize | block=1 | epoch=80/120 | active_users=1 | updated_users=1 | objective=4.842521 | sum_rate=18.745670 | r_p=46.206707 | r_c=1699.997446 | r_s=0.003613 | status=running
[DL Convergence] | phase=optimize | block=1 | epoch=85/120 | active_users=1 | updated_users=1 | objective=4.842509 | sum_rate=18.745625 | r_p=46.206753 | r_c=1806.752302 | r_s=0.005944 | status=running
[DL Convergence] | phase=optimize | block=1 | epoch=90/120 | active_users=1 | updated_users=1 | objective=4.842518 | sum_rate=18.745659 | r_p=46.206718 | r_c=1913.504008 | r_s=0.004121 | status=running
[DL Convergence] | phase=optimize | block=1 | epoch=95/120 | active_users=1 | updated_users=1 | objective=4.842521 | sum_rate=18.745670 | r_p=46.206707 | r_c=2020.256514 | r_s=0.003455 | status=running
[DL Convergence] | phase=optimize | block=1 | epoch=100/120 | active_users=1 | updated_users=1 | objective=4.842505 | sum_rate=18.745609 | r_p=46.206768 | r_c=2127.012353 | r_s=0.006032 | status=running
[DL Convergence] | phase=optimize | block=1 | epoch=105/120 | active_users=1 | updated_users=1 | objective=4.842505 | sum_rate=18.745611 | r_p=46.206764 | r_c=2233.765494 | r_s=0.006476 | status=running
[DL Convergence] | phase=optimize | block=1 | epoch=110/120 | active_users=1 | updated_users=1 | objective=4.842516 | sum_rate=18.745653 | r_p=46.206726 | r_c=2340.516825 | r_s=0.004613 | status=running
[DL Convergence] | phase=optimize | block=1 | epoch=115/120 | active_users=1 | updated_users=1 | objective=4.842518 | sum_rate=18.745659 | r_p=46.206718 | r_c=2447.269498 | r_s=0.003783 | status=running
[DL Convergence] | phase=optimize | block=1 | epoch=120/120 | active_users=1 | updated_users=1 | objective=4.842519 | sum_rate=18.745663 | r_p=46.206715 | r_c=2554.022318 | r_s=0.004084 | status=running
  user=02 block=01 candidate n_kl=  21 after updating users [2] still leaves committed users infeasible [2] at search_stage=fixed_step.
  user=02 block=01 candidate n_kl=  22 breaks committed-user feasibility [2] at search_stage=fixed_step; trying fresh re-optimization.
[DL Convergence] | phase=optimize | block=1 | epoch=1/120 | active_users=1 | updated_users=1 | objective=4.866131 | sum_rate=18.837067 | r_p=43.162933 | r_c=12.423460 | r_s=0.001478 | status=running
[DL Convergence] | phase=optimize | block=1 | epoch=5/120 | active_users=1 | updated_users=1 | objective=4.866295 | sum_rate=18.837704 | r_p=43.162296 | r_c=86.943213 | r_s=0.003516 | status=running
[DL Convergence] | phase=optimize | block=1 | epoch=10/120 | active_users=1 | updated_users=1 | objective=4.866292 | sum_rate=18.837690 | r_p=43.162308 | r_c=180.092522 | r_s=0.002425 | status=running
[DL Convergence] | phase=optimize | block=1 | epoch=15/120 | active_users=1 | updated_users=1 | objective=4.866303 | sum_rate=18.837734 | r_p=43.162266 | r_c=273.241443 | r_s=0.001972 | status=running
[DL Convergence] | phase=optimize | block=1 | epoch=20/120 | active_users=1 | updated_users=1 | objective=4.866308 | sum_rate=18.837753 | r_p=43.162247 | r_c=366.390319 | r_s=0.001796 | status=running
[DL Convergence] | phase=optimize | block=1 | epoch=25/120 | active_users=1 | updated_users=1 | objective=4.866311 | sum_rate=18.837765 | r_p=43.162235 | r_c=459.539166 | r_s=0.001269 | status=running
[DL Convergence] | phase=optimize | block=1 | epoch=30/120 | active_users=1 | updated_users=1 | objective=4.866312 | sum_rate=18.837767 | r_p=43.162231 | r_c=552.688043 | r_s=0.001118 | status=running
[DL Convergence] | phase=optimize | block=1 | epoch=35/120 | active_users=1 | updated_users=1 | objective=4.866312 | sum_rate=18.837769 | r_p=43.162231 | r_c=645.836954 | r_s=0.001015 | status=running
[DL Convergence] | phase=optimize | block=1 | epoch=40/120 | active_users=1 | updated_users=1 | objective=4.866305 | sum_rate=18.837740 | r_p=43.162262 | r_c=738.986399 | r_s=0.003618 | status=running
[DL Convergence] | phase=optimize | block=1 | epoch=45/120 | active_users=1 | updated_users=1 | objective=4.866305 | sum_rate=18.837742 | r_p=43.162258 | r_c=832.135372 | r_s=0.003680 | status=running
[DL Convergence] | phase=optimize | block=1 | epoch=50/120 | active_users=1 | updated_users=1 | objective=4.866308 | sum_rate=18.837753 | r_p=43.162247 | r_c=925.284137 | r_s=0.002678 | status=running
[DL Convergence] | phase=optimize | block=1 | epoch=55/120 | active_users=1 | updated_users=1 | objective=4.866307 | sum_rate=18.837749 | r_p=43.162251 | r_c=1018.433204 | r_s=0.002924 | status=running
[DL Convergence] | phase=optimize | block=1 | epoch=60/120 | active_users=1 | updated_users=1 | objective=4.866301 | sum_rate=18.837723 | r_p=43.162277 | r_c=1111.582893 | r_s=0.004154 | status=running
[DL Convergence] | phase=optimize | block=1 | epoch=65/120 | active_users=1 | updated_users=1 | objective=4.866304 | sum_rate=18.837736 | r_p=43.162262 | r_c=1204.731586 | r_s=0.003941 | status=running
[DL Convergence] | phase=optimize | block=1 | epoch=70/120 | active_users=1 | updated_users=1 | objective=4.866302 | sum_rate=18.837730 | r_p=43.162270 | r_c=1297.880856 | r_s=0.003752 | status=running
[DL Convergence] | phase=optimize | block=1 | epoch=75/120 | active_users=1 | updated_users=1 | objective=4.866292 | sum_rate=18.837692 | r_p=43.162308 | r_c=1391.031171 | r_s=0.005176 | status=running
[DL Convergence] | phase=optimize | block=1 | epoch=80/120 | active_users=1 | updated_users=1 | objective=4.866295 | sum_rate=18.837702 | r_p=43.162300 | r_c=1484.180153 | r_s=0.005463 | status=running
[DL Convergence] | phase=optimize | block=1 | epoch=85/120 | active_users=1 | updated_users=1 | objective=4.866303 | sum_rate=18.837734 | r_p=43.162266 | r_c=1577.328060 | r_s=0.003589 | status=running
[DL Convergence] | phase=optimize | block=1 | epoch=90/120 | active_users=1 | updated_users=1 | objective=4.866302 | sum_rate=18.837730 | r_p=43.162270 | r_c=1670.477255 | r_s=0.003794 | status=running
[DL Convergence] | phase=optimize | block=1 | epoch=95/120 | active_users=1 | updated_users=1 | objective=4.866294 | sum_rate=18.837698 | r_p=43.162300 | r_c=1763.627563 | r_s=0.005032 | status=running
[DL Convergence] | phase=optimize | block=1 | epoch=100/120 | active_users=1 | updated_users=1 | objective=4.866302 | sum_rate=18.837727 | r_p=43.162273 | r_c=1856.775711 | r_s=0.004454 | status=running
[DL Convergence] | phase=optimize | block=1 | epoch=105/120 | active_users=1 | updated_users=1 | objective=4.866299 | sum_rate=18.837717 | r_p=43.162285 | r_c=1949.925389 | r_s=0.004194 | status=running
[DL Convergence] | phase=optimize | block=1 | epoch=110/120 | active_users=1 | updated_users=1 | objective=4.866297 | sum_rate=18.837711 | r_p=43.162289 | r_c=2043.074710 | r_s=0.004327 | status=running
[DL Convergence] | phase=optimize | block=1 | epoch=115/120 | active_users=1 | updated_users=1 | objective=4.866284 | sum_rate=18.837658 | r_p=43.162342 | r_c=2136.226571 | r_s=0.006344 | status=running
[DL Convergence] | phase=optimize | block=1 | epoch=120/120 | active_users=1 | updated_users=1 | objective=4.866298 | sum_rate=18.837713 | r_p=43.162285 | r_c=2229.372908 | r_s=0.004688 | status=running
  user=02 block=01 candidate n_kl=  22 after updating users [2] still leaves committed users infeasible [2] at search_stage=fixed_step.
  user=02 block=01 candidate n_kl=  23 breaks committed-user feasibility [2] at search_stage=fixed_step; trying fresh re-optimization.
[DL Convergence] | phase=optimize | block=1 | epoch=1/120 | active_users=1 | updated_users=1 | objective=4.888345 | sum_rate=18.923058 | r_p=40.381290 | r_c=11.622828 | r_s=0.001479 | status=running
[DL Convergence] | phase=optimize | block=1 | epoch=5/120 | active_users=1 | updated_users=1 | objective=4.888508 | sum_rate=18.923691 | r_p=40.380657 | r_c=76.847089 | r_s=0.003452 | status=running
[DL Convergence] | phase=optimize | block=1 | epoch=10/120 | active_users=1 | updated_users=1 | objective=4.888505 | sum_rate=18.923679 | r_p=40.380669 | r_c=158.377063 | r_s=0.002371 | status=running
[DL Convergence] | phase=optimize | block=1 | epoch=15/120 | active_users=1 | updated_users=1 | objective=4.888516 | sum_rate=18.923721 | r_p=40.380627 | r_c=239.906675 | r_s=0.001923 | status=running
[DL Convergence] | phase=optimize | block=1 | epoch=20/120 | active_users=1 | updated_users=1 | objective=4.888523 | sum_rate=18.923748 | r_p=40.380600 | r_c=321.436185 | r_s=0.001765 | status=running
[DL Convergence] | phase=optimize | block=1 | epoch=25/120 | active_users=1 | updated_users=1 | objective=4.888524 | sum_rate=18.923750 | r_p=40.380600 | r_c=402.965828 | r_s=0.001165 | status=running
[DL Convergence] | phase=optimize | block=1 | epoch=30/120 | active_users=1 | updated_users=1 | objective=4.888525 | sum_rate=18.923756 | r_p=40.380592 | r_c=484.495367 | r_s=0.001090 | status=running
[DL Convergence] | phase=optimize | block=1 | epoch=33/120 | active_users=1 | updated_users=1 | objective=4.888526 | sum_rate=18.923759 | r_p=40.380589 | r_c=533.413084 | r_s=9.506790e-04 | status=stationary_infeasible
  user=02 block=01 candidate n_kl=  23 after updating users [2] still leaves committed users infeasible [2] at search_stage=fixed_step.
  user=02 block=01 candidate n_kl=  24 breaks committed-user feasibility [2] at search_stage=fixed_step; trying fresh re-optimization.
[DL Convergence] | phase=optimize | block=1 | epoch=1/120 | active_users=1 | updated_users=1 | objective=4.909156 | sum_rate=19.003618 | r_p=37.829712 | r_c=10.888415 | r_s=0.001479 | status=running
[DL Convergence] | phase=optimize | block=1 | epoch=5/120 | active_users=1 | updated_users=1 | objective=4.909319 | sum_rate=19.004251 | r_p=37.829079 | r_c=68.130318 | r_s=0.003390 | status=running
[DL Convergence] | phase=optimize | block=1 | epoch=10/120 | active_users=1 | updated_users=1 | objective=4.909316 | sum_rate=19.004236 | r_p=37.829094 | r_c=139.682391 | r_s=0.002325 | status=running
[DL Convergence] | phase=optimize | block=1 | epoch=15/120 | active_users=1 | updated_users=1 | objective=4.909328 | sum_rate=19.004284 | r_p=37.829048 | r_c=211.234096 | r_s=0.001881 | status=running
[DL Convergence] | phase=optimize | block=1 | epoch=20/120 | active_users=1 | updated_users=1 | objective=4.909334 | sum_rate=19.004309 | r_p=37.829025 | r_c=282.785748 | r_s=0.001703 | status=running
[DL Convergence] | phase=optimize | block=1 | epoch=25/120 | active_users=1 | updated_users=1 | objective=4.909335 | sum_rate=19.004311 | r_p=37.829021 | r_c=354.337464 | r_s=0.001232 | status=running
[DL Convergence] | phase=optimize | block=1 | epoch=30/120 | active_users=1 | updated_users=1 | objective=4.909337 | sum_rate=19.004320 | r_p=37.829010 | r_c=425.889071 | r_s=0.001059 | status=running
[DL Convergence] | phase=optimize | block=1 | epoch=33/120 | active_users=1 | updated_users=1 | objective=4.909338 | sum_rate=19.004322 | r_p=37.829010 | r_c=468.820091 | r_s=9.647371e-04 | status=stationary_infeasible
  user=02 block=01 candidate n_kl=  24 after updating users [2] still leaves committed users infeasible [2] at search_stage=fixed_step.
  user=02 block=01 candidate n_kl=  25 breaks committed-user feasibility [2] at search_stage=fixed_step; trying fresh re-optimization.
[DL Convergence] | phase=optimize | block=1 | epoch=1/120 | active_users=1 | updated_users=1 | objective=4.928705 | sum_rate=19.079294 | r_p=35.480705 | r_c=10.212307 | r_s=0.001479 | status=running
[DL Convergence] | phase=optimize | block=1 | epoch=5/120 | active_users=1 | updated_users=1 | objective=4.928868 | sum_rate=19.079926 | r_p=35.480076 | r_c=60.566045 | r_s=0.003331 | status=running
[DL Convergence] | phase=optimize | block=1 | epoch=10/120 | active_users=1 | updated_users=1 | objective=4.928864 | sum_rate=19.079910 | r_p=35.480091 | r_c=123.507927 | r_s=0.002285 | status=running
[DL Convergence] | phase=optimize | block=1 | epoch=15/120 | active_users=1 | updated_users=1 | objective=4.928876 | sum_rate=19.079958 | r_p=35.480042 | r_c=186.449452 | r_s=0.001852 | status=running
[DL Convergence] | phase=optimize | block=1 | epoch=20/120 | active_users=1 | updated_users=1 | objective=4.928883 | sum_rate=19.079983 | r_p=35.480019 | r_c=249.390940 | r_s=0.001619 | status=running
[DL Convergence] | phase=optimize | block=1 | epoch=25/120 | active_users=1 | updated_users=1 | objective=4.928885 | sum_rate=19.079990 | r_p=35.480011 | r_c=312.332455 | r_s=0.001340 | status=running
[DL Convergence] | phase=optimize | block=1 | epoch=30/120 | active_users=1 | updated_users=1 | objective=4.928886 | sum_rate=19.079994 | r_p=35.480007 | r_c=375.273973 | r_s=0.001021 | status=running
[DL Convergence] | phase=optimize | block=1 | epoch=32/120 | active_users=1 | updated_users=1 | objective=4.928887 | sum_rate=19.079998 | r_p=35.480003 | r_c=400.450546 | r_s=9.661252e-04 | status=stationary_infeasible
  user=02 block=01 candidate n_kl=  25 after updating users [2] still leaves committed users infeasible [2] at search_stage=fixed_step.
  user=02 block=01 candidate n_kl=  26 breaks committed-user feasibility [2] at search_stage=fixed_step; trying fresh re-optimization.
[DL Convergence] | phase=optimize | block=1 | epoch=1/120 | active_users=1 | updated_users=1 | objective=4.947115 | sum_rate=19.150562 | r_p=33.310978 | r_c=9.587801 | r_s=0.001479 | status=running
[DL Convergence] | phase=optimize | block=1 | epoch=5/120 | active_users=1 | updated_users=1 | objective=4.947278 | sum_rate=19.151192 | r_p=33.310349 | r_c=53.971252 | r_s=0.003275 | status=running
[DL Convergence] | phase=optimize | block=1 | epoch=10/120 | active_users=1 | updated_users=1 | objective=4.947275 | sum_rate=19.151178 | r_p=33.310364 | r_c=109.450305 | r_s=0.002247 | status=running
[DL Convergence] | phase=optimize | block=1 | epoch=15/120 | active_users=1 | updated_users=1 | objective=4.947287 | sum_rate=19.151226 | r_p=33.310314 | r_c=164.929023 | r_s=0.001839 | status=running
[DL Convergence] | phase=optimize | block=1 | epoch=20/120 | active_users=1 | updated_users=1 | objective=4.947293 | sum_rate=19.151249 | r_p=33.310291 | r_c=220.407705 | r_s=0.001530 | status=running
[DL Convergence] | phase=optimize | block=1 | epoch=25/120 | active_users=1 | updated_users=1 | objective=4.947295 | sum_rate=19.151258 | r_p=33.310280 | r_c=275.886378 | r_s=0.001404 | status=running
[DL Convergence] | phase=optimize | block=1 | epoch=30/120 | active_users=1 | updated_users=1 | objective=4.947296 | sum_rate=19.151260 | r_p=33.310280 | r_c=331.365117 | r_s=0.001015 | status=running
[DL Convergence] | phase=optimize | block=1 | epoch=31/120 | active_users=1 | updated_users=1 | objective=4.947296 | sum_rate=19.151262 | r_p=33.310280 | r_c=342.460864 | r_s=9.661087e-04 | status=stationary_infeasible
  user=02 block=01 candidate n_kl=  26 after updating users [2] still leaves committed users infeasible [2] at search_stage=fixed_step.
  user=02 block=01 candidate n_kl=  27 breaks committed-user feasibility [2] at search_stage=fixed_step; trying fresh re-optimization.
[DL Convergence] | phase=optimize | block=1 | epoch=1/120 | active_users=1 | updated_users=1 | objective=4.964493 | sum_rate=19.217833 | r_p=31.300688 | r_c=9.009185 | r_s=0.001479 | status=running
[DL Convergence] | phase=optimize | block=1 | epoch=5/120 | active_users=1 | updated_users=1 | objective=4.964655 | sum_rate=19.218458 | r_p=31.300062 | r_c=48.197191 | r_s=0.003221 | status=running
[DL Convergence] | phase=optimize | block=1 | epoch=10/120 | active_users=1 | updated_users=1 | objective=4.964652 | sum_rate=19.218447 | r_p=31.300074 | r_c=97.181949 | r_s=0.002210 | status=running
[DL Convergence] | phase=optimize | block=1 | epoch=15/120 | active_users=1 | updated_users=1 | objective=4.964665 | sum_rate=19.218498 | r_p=31.300022 | r_c=146.166389 | r_s=0.001837 | status=running
[DL Convergence] | phase=optimize | block=1 | epoch=20/120 | active_users=1 | updated_users=1 | objective=4.964670 | sum_rate=19.218517 | r_p=31.300003 | r_c=195.150826 | r_s=0.001461 | status=running
[DL Convergence] | phase=optimize | block=1 | epoch=25/120 | active_users=1 | updated_users=1 | objective=4.964674 | sum_rate=19.218533 | r_p=31.299988 | r_c=244.135208 | r_s=0.001391 | status=running
[DL Convergence] | phase=optimize | block=1 | epoch=30/120 | active_users=1 | updated_users=1 | objective=4.964674 | sum_rate=19.218533 | r_p=31.299988 | r_c=293.119673 | r_s=0.001015 | status=running
[DL Convergence] | phase=optimize | block=1 | epoch=31/120 | active_users=1 | updated_users=1 | objective=4.964674 | sum_rate=19.218533 | r_p=31.299988 | r_c=302.916566 | r_s=9.409839e-04 | status=stationary_infeasible
  user=02 block=01 candidate n_kl=  27 after updating users [2] still leaves committed users infeasible [2] at search_stage=fixed_step.
  user=02 block=01 candidate n_kl=  28 breaks committed-user feasibility [2] at search_stage=fixed_step; trying fresh re-optimization.
[DL Convergence] | phase=optimize | block=1 | epoch=1/120 | active_users=1 | updated_users=1 | objective=4.980931 | sum_rate=19.281466 | r_p=29.432821 | r_c=8.471562 | r_s=0.001479 | status=running
[DL Convergence] | phase=optimize | block=1 | epoch=5/120 | active_users=1 | updated_users=1 | objective=4.981092 | sum_rate=19.282089 | r_p=29.432198 | r_c=43.121957 | r_s=0.003169 | status=running
[DL Convergence] | phase=optimize | block=1 | epoch=10/120 | active_users=1 | updated_users=1 | objective=4.981090 | sum_rate=19.282078 | r_p=29.432209 | r_c=86.434727 | r_s=0.002172 | status=running
[DL Convergence] | phase=optimize | block=1 | epoch=15/120 | active_users=1 | updated_users=1 | objective=4.981104 | sum_rate=19.282133 | r_p=29.432154 | r_c=129.747182 | r_s=0.001838 | status=running
[DL Convergence] | phase=optimize | block=1 | epoch=20/120 | active_users=1 | updated_users=1 | objective=4.981108 | sum_rate=19.282150 | r_p=29.432137 | r_c=173.059655 | r_s=0.001430 | status=running
[DL Convergence] | phase=optimize | block=1 | epoch=25/120 | active_users=1 | updated_users=1 | objective=4.981112 | sum_rate=19.282164 | r_p=29.432123 | r_c=216.372082 | r_s=0.001300 | status=running
[DL Convergence] | phase=optimize | block=1 | epoch=30/120 | active_users=1 | updated_users=1 | objective=4.981112 | sum_rate=19.282166 | r_p=29.432121 | r_c=259.684560 | r_s=9.987330e-04 | status=stationary_infeasible
  user=02 block=01 candidate n_kl=  28 after updating users [2] still leaves committed users infeasible [2] at search_stage=fixed_step.
  user=02 block=01 candidate n_kl=  29 breaks committed-user feasibility [2] at search_stage=fixed_step; trying fresh re-optimization.
[DL Convergence] | phase=optimize | block=1 | epoch=1/120 | active_users=1 | updated_users=1 | objective=4.996512 | sum_rate=19.341780 | r_p=27.692701 | r_c=7.970709 | r_s=0.001479 | status=running
[DL Convergence] | phase=optimize | block=1 | epoch=5/120 | active_users=1 | updated_users=1 | objective=4.996672 | sum_rate=19.342400 | r_p=27.692081 | r_c=38.644964 | r_s=0.003120 | status=running
[DL Convergence] | phase=optimize | block=1 | epoch=10/120 | active_users=1 | updated_users=1 | objective=4.996670 | sum_rate=19.342390 | r_p=27.692091 | r_c=76.987576 | r_s=0.002132 | status=running
[DL Convergence] | phase=optimize | block=1 | epoch=15/120 | active_users=1 | updated_users=1 | objective=4.996684 | sum_rate=19.342445 | r_p=27.692036 | r_c=115.329896 | r_s=0.001834 | status=running
[DL Convergence] | phase=optimize | block=1 | epoch=20/120 | active_users=1 | updated_users=1 | objective=4.996688 | sum_rate=19.342461 | r_p=27.692020 | r_c=153.672243 | r_s=0.001435 | status=running
[DL Convergence] | phase=optimize | block=1 | epoch=25/120 | active_users=1 | updated_users=1 | objective=4.996692 | sum_rate=19.342476 | r_p=27.692005 | r_c=192.014526 | r_s=0.001161 | status=running
[DL Convergence] | phase=optimize | block=1 | epoch=28/120 | active_users=1 | updated_users=1 | objective=4.996692 | sum_rate=19.342476 | r_p=27.692005 | r_c=215.019941 | r_s=9.494443e-04 | status=stationary_infeasible
  user=02 block=01 candidate n_kl=  29 after updating users [2] still leaves committed users infeasible [2] at search_stage=fixed_step.
  user=02 block=01 candidate n_kl=  30 breaks committed-user feasibility [2] at search_stage=fixed_step; trying fresh re-optimization.
[DL Convergence] | phase=optimize | block=1 | epoch=1/120 | active_users=1 | updated_users=1 | objective=5.011307 | sum_rate=19.399052 | r_p=26.067616 | r_c=7.502965 | r_s=0.001479 | status=running
[DL Convergence] | phase=optimize | block=1 | epoch=5/120 | active_users=1 | updated_users=1 | objective=5.011467 | sum_rate=19.399670 | r_p=26.066998 | r_c=34.682680 | r_s=0.003073 | status=running
[DL Convergence] | phase=optimize | block=1 | epoch=10/120 | active_users=1 | updated_users=1 | objective=5.011464 | sum_rate=19.399658 | r_p=26.067009 | r_c=68.657142 | r_s=0.002090 | status=running
[DL Convergence] | phase=optimize | block=1 | epoch=15/120 | active_users=1 | updated_users=1 | objective=5.011479 | sum_rate=19.399719 | r_p=26.066948 | r_c=102.631306 | r_s=0.001825 | status=running
[DL Convergence] | phase=optimize | block=1 | epoch=20/120 | active_users=1 | updated_users=1 | objective=5.011483 | sum_rate=19.399733 | r_p=26.066935 | r_c=136.605517 | r_s=0.001458 | status=running
[DL Convergence] | phase=optimize | block=1 | epoch=25/120 | active_users=1 | updated_users=1 | objective=5.011487 | sum_rate=19.399746 | r_p=26.066921 | r_c=170.579676 | r_s=0.001036 | status=running
[DL Convergence] | phase=optimize | block=1 | epoch=28/120 | active_users=1 | updated_users=1 | objective=5.011487 | sum_rate=19.399748 | r_p=26.066919 | r_c=190.964191 | r_s=9.353279e-04 | status=stationary_infeasible
  user=02 block=01 candidate n_kl=  30 after updating users [2] still leaves committed users infeasible [2] at search_stage=fixed_step.
  user=02 block=01 candidate n_kl=  31 breaks committed-user feasibility [2] at search_stage=fixed_step; trying fresh re-optimization.
[DL Convergence] | phase=optimize | block=1 | epoch=1/120 | active_users=1 | updated_users=1 | objective=5.025380 | sum_rate=19.453529 | r_p=24.546471 | r_c=7.065139 | r_s=0.001479 | status=running
[DL Convergence] | phase=optimize | block=1 | epoch=5/120 | active_users=1 | updated_users=1 | objective=5.025538 | sum_rate=19.454140 | r_p=24.545860 | r_c=31.165265 | r_s=0.003029 | status=running
[DL Convergence] | phase=optimize | block=1 | epoch=10/120 | active_users=1 | updated_users=1 | objective=5.025537 | sum_rate=19.454136 | r_p=24.545864 | r_c=61.290241 | r_s=0.002046 | status=running
[DL Convergence] | phase=optimize | block=1 | epoch=15/120 | active_users=1 | updated_users=1 | objective=5.025553 | sum_rate=19.454197 | r_p=24.545803 | r_c=91.414947 | r_s=0.001808 | status=running
[DL Convergence] | phase=optimize | block=1 | epoch=20/120 | active_users=1 | updated_users=1 | objective=5.025557 | sum_rate=19.454214 | r_p=24.545786 | r_c=121.539679 | r_s=0.001474 | status=running
[DL Convergence] | phase=optimize | block=1 | epoch=25/120 | active_users=1 | updated_users=1 | objective=5.025559 | sum_rate=19.454222 | r_p=24.545778 | r_c=151.664407 | r_s=9.847597e-04 | status=stationary_infeasible
  user=02 block=01 candidate n_kl=  31 after updating users [2] still leaves committed users infeasible [2] at search_stage=fixed_step.
  user=02 block=01 candidate n_kl=  32 breaks committed-user feasibility [2] at search_stage=fixed_step; trying fresh re-optimization.
[DL Convergence] | phase=optimize | block=1 | epoch=1/120 | active_users=1 | updated_users=1 | objective=5.038788 | sum_rate=19.505432 | r_p=23.119568 | r_c=6.654437 | r_s=0.001479 | status=running
[DL Convergence] | phase=optimize | block=1 | epoch=5/120 | active_users=1 | updated_users=1 | objective=5.038946 | sum_rate=19.506044 | r_p=23.118956 | r_c=28.034021 | r_s=0.002986 | status=running
[DL Convergence] | phase=optimize | block=1 | epoch=10/120 | active_users=1 | updated_users=1 | objective=5.038945 | sum_rate=19.506039 | r_p=23.118961 | r_c=54.758343 | r_s=0.002000 | status=running
[DL Convergence] | phase=optimize | block=1 | epoch=15/120 | active_users=1 | updated_users=1 | objective=5.038961 | sum_rate=19.506104 | r_p=23.118896 | r_c=81.482395 | r_s=0.001785 | status=running
[DL Convergence] | phase=optimize | block=1 | epoch=20/120 | active_users=1 | updated_users=1 | objective=5.038965 | sum_rate=19.506119 | r_p=23.118881 | r_c=108.206489 | r_s=0.001470 | status=running
[DL Convergence] | phase=optimize | block=1 | epoch=25/120 | active_users=1 | updated_users=1 | objective=5.038966 | sum_rate=19.506123 | r_p=23.118877 | r_c=134.930596 | r_s=0.001008 | status=running
[DL Convergence] | phase=optimize | block=1 | epoch=26/120 | active_users=1 | updated_users=1 | objective=5.038969 | sum_rate=19.506130 | r_p=23.118870 | r_c=140.275375 | r_s=9.957342e-04 | status=stationary_infeasible
  user=02 block=01 candidate n_kl=  32 after updating users [2] still leaves committed users infeasible [2] at search_stage=fixed_step.
  user=02 block=01 candidate n_kl=  33 breaks committed-user feasibility [2] at search_stage=fixed_step; trying fresh re-optimization.
[DL Convergence] | phase=optimize | block=1 | epoch=1/120 | active_users=1 | updated_users=1 | objective=5.051582 | sum_rate=19.554958 | r_p=21.778374 | r_c=6.268405 | r_s=0.001479 | status=running
[DL Convergence] | phase=optimize | block=1 | epoch=5/120 | active_users=1 | updated_users=1 | objective=5.051739 | sum_rate=19.555567 | r_p=21.777765 | r_c=25.239368 | r_s=0.002945 | status=running
[DL Convergence] | phase=optimize | block=1 | epoch=10/120 | active_users=1 | updated_users=1 | objective=5.051739 | sum_rate=19.555565 | r_p=21.777767 | r_c=48.952923 | r_s=0.001952 | status=running
[DL Convergence] | phase=optimize | block=1 | epoch=15/120 | active_users=1 | updated_users=1 | objective=5.051755 | sum_rate=19.555630 | r_p=21.777702 | r_c=72.666229 | r_s=0.001759 | status=running
[DL Convergence] | phase=optimize | block=1 | epoch=20/120 | active_users=1 | updated_users=1 | objective=5.051759 | sum_rate=19.555645 | r_p=21.777687 | r_c=96.379575 | r_s=0.001445 | status=running
[DL Convergence] | phase=optimize | block=1 | epoch=25/120 | active_users=1 | updated_users=1 | objective=5.051761 | sum_rate=19.555651 | r_p=21.777681 | r_c=120.092922 | r_s=0.001066 | status=running
[DL Convergence] | phase=optimize | block=1 | epoch=26/120 | active_users=1 | updated_users=1 | objective=5.051761 | sum_rate=19.555653 | r_p=21.777679 | r_c=124.835585 | r_s=9.166871e-04 | status=stationary_infeasible
  user=02 block=01 candidate n_kl=  33 after updating users [2] still leaves committed users infeasible [2] at search_stage=fixed_step.
  user=02 block=01 candidate n_kl=  34 breaks committed-user feasibility [2] at search_stage=fixed_step; trying fresh re-optimization.
[DL Convergence] | phase=optimize | block=1 | epoch=1/120 | active_users=1 | updated_users=1 | objective=5.063807 | sum_rate=19.602283 | r_p=20.515362 | r_c=5.904876 | r_s=0.001479 | status=running
[DL Convergence] | phase=optimize | block=1 | epoch=5/120 | active_users=1 | updated_users=1 | objective=5.063963 | sum_rate=19.602888 | r_p=20.514757 | r_c=22.739191 | r_s=0.002906 | status=running
[DL Convergence] | phase=optimize | block=1 | epoch=10/120 | active_users=1 | updated_users=1 | objective=5.063963 | sum_rate=19.602888 | r_p=20.514757 | r_c=43.781949 | r_s=0.001903 | status=running
[DL Convergence] | phase=optimize | block=1 | epoch=15/120 | active_users=1 | updated_users=1 | objective=5.063980 | sum_rate=19.602951 | r_p=20.514694 | r_c=64.824482 | r_s=0.001733 | status=running
[DL Convergence] | phase=optimize | block=1 | epoch=20/120 | active_users=1 | updated_users=1 | objective=5.063985 | sum_rate=19.602970 | r_p=20.514675 | r_c=85.867031 | r_s=0.001408 | status=running
[DL Convergence] | phase=optimize | block=1 | epoch=25/120 | active_users=1 | updated_users=1 | objective=5.063986 | sum_rate=19.602976 | r_p=20.514669 | r_c=106.909593 | r_s=0.001122 | status=running
[DL Convergence] | phase=optimize | block=1 | epoch=26/120 | active_users=1 | updated_users=1 | objective=5.063986 | sum_rate=19.602976 | r_p=20.514669 | r_c=111.118109 | r_s=9.084586e-04 | status=stationary_infeasible
  user=02 block=01 candidate n_kl=  34 after updating users [2] still leaves committed users infeasible [2] at search_stage=fixed_step.
  user=02 block=01 candidate n_kl=  35 breaks committed-user feasibility [2] at search_stage=fixed_step; trying fresh re-optimization.
[DL Convergence] | phase=optimize | block=1 | epoch=1/120 | active_users=1 | updated_users=1 | objective=5.075505 | sum_rate=19.647566 | r_p=19.323862 | r_c=5.561930 | r_s=0.001479 | status=running
[DL Convergence] | phase=optimize | block=1 | epoch=5/120 | active_users=1 | updated_users=1 | objective=5.075660 | sum_rate=19.648167 | r_p=19.323261 | r_c=20.497554 | r_s=0.002868 | status=running
[DL Convergence] | phase=optimize | block=1 | epoch=10/120 | active_users=1 | updated_users=1 | objective=5.075661 | sum_rate=19.648170 | r_p=19.323257 | r_c=39.166960 | r_s=0.001855 | status=running
[DL Convergence] | phase=optimize | block=1 | epoch=15/120 | active_users=1 | updated_users=1 | objective=5.075678 | sum_rate=19.648237 | r_p=19.323191 | r_c=57.836147 | r_s=0.001708 | status=running
[DL Convergence] | phase=optimize | block=1 | epoch=20/120 | active_users=1 | updated_users=1 | objective=5.075682 | sum_rate=19.648251 | r_p=19.323177 | r_c=76.505377 | r_s=0.001366 | status=running
[DL Convergence] | phase=optimize | block=1 | epoch=25/120 | active_users=1 | updated_users=1 | objective=5.075685 | sum_rate=19.648260 | r_p=19.323168 | r_c=95.174584 | r_s=0.001157 | status=running
[DL Convergence] | phase=optimize | block=1 | epoch=26/120 | active_users=1 | updated_users=1 | objective=5.075684 | sum_rate=19.648258 | r_p=19.323170 | r_c=98.908442 | r_s=9.502612e-04 | status=stationary_infeasible
  user=02 block=01 candidate n_kl=  35 after updating users [2] still leaves committed users infeasible [2] at search_stage=fixed_step.
  user=02 block=01 candidate n_kl=  36 breaks committed-user feasibility [2] at search_stage=fixed_step; trying fresh re-optimization.
[DL Convergence] | phase=optimize | block=1 | epoch=1/120 | active_users=1 | updated_users=1 | objective=5.086712 | sum_rate=19.690948 | r_p=18.197941 | r_c=5.237860 | r_s=0.001479 | status=running
[DL Convergence] | phase=optimize | block=1 | epoch=5/120 | active_users=1 | updated_users=1 | objective=5.086866 | sum_rate=19.691545 | r_p=18.197344 | r_c=18.483665 | r_s=0.002832 | status=running
[DL Convergence] | phase=optimize | block=1 | epoch=10/120 | active_users=1 | updated_users=1 | objective=5.086868 | sum_rate=19.691551 | r_p=18.197338 | r_c=35.040810 | r_s=0.001807 | status=running
[DL Convergence] | phase=optimize | block=1 | epoch=15/120 | active_users=1 | updated_users=1 | objective=5.086884 | sum_rate=19.691616 | r_p=18.197273 | r_c=51.597756 | r_s=0.001685 | status=running
[DL Convergence] | phase=optimize | block=1 | epoch=20/120 | active_users=1 | updated_users=1 | objective=5.086888 | sum_rate=19.691629 | r_p=18.197260 | r_c=68.154740 | r_s=0.001323 | status=running
[DL Convergence] | phase=optimize | block=1 | epoch=25/120 | active_users=1 | updated_users=1 | objective=5.086892 | sum_rate=19.691645 | r_p=18.197245 | r_c=84.711676 | r_s=0.001166 | status=running
[DL Convergence] | phase=optimize | block=1 | epoch=27/120 | active_users=1 | updated_users=1 | objective=5.086891 | sum_rate=19.691641 | r_p=18.197248 | r_c=91.334491 | r_s=8.319789e-04 | status=stationary_infeasible
  user=02 block=01 candidate n_kl=  36 after updating users [2] still leaves committed users infeasible [2] at search_stage=fixed_step.
  user=02 block=01 candidate n_kl=  37 breaks committed-user feasibility [2] at search_stage=fixed_step; trying fresh re-optimization.
[DL Convergence] | phase=optimize | block=1 | epoch=1/120 | active_users=1 | updated_users=1 | objective=5.097461 | sum_rate=19.732559 | r_p=17.132305 | r_c=4.931141 | r_s=0.001479 | status=running
[DL Convergence] | phase=optimize | block=1 | epoch=5/120 | active_users=1 | updated_users=1 | objective=5.097614 | sum_rate=19.733152 | r_p=17.131712 | r_c=16.671020 | r_s=0.002798 | status=running
[DL Convergence] | phase=optimize | block=1 | epoch=10/120 | active_users=1 | updated_users=1 | objective=5.097617 | sum_rate=19.733162 | r_p=17.131702 | r_c=31.345767 | r_s=0.001761 | status=running
[DL Convergence] | phase=optimize | block=1 | epoch=15/120 | active_users=1 | updated_users=1 | objective=5.097634 | sum_rate=19.733227 | r_p=17.131638 | r_c=46.020332 | r_s=0.001663 | status=running
[DL Convergence] | phase=optimize | block=1 | epoch=20/120 | active_users=1 | updated_users=1 | objective=5.097637 | sum_rate=19.733240 | r_p=17.131624 | r_c=60.694930 | r_s=0.001283 | status=running
[DL Convergence] | phase=optimize | block=1 | epoch=25/120 | active_users=1 | updated_users=1 | objective=5.097641 | sum_rate=19.733253 | r_p=17.131611 | r_c=75.369494 | r_s=0.001148 | status=running
[DL Convergence] | phase=optimize | block=1 | epoch=27/120 | active_users=1 | updated_users=1 | objective=5.097640 | sum_rate=19.733250 | r_p=17.131615 | r_c=81.239354 | r_s=8.547216e-04 | status=stationary_infeasible
  user=02 block=01 candidate n_kl=  37 after updating users [2] still leaves committed users infeasible [2] at search_stage=fixed_step.
  user=02 block=01 candidate n_kl=  38 breaks committed-user feasibility [2] at search_stage=fixed_step; trying fresh re-optimization.
[DL Convergence] | phase=optimize | block=1 | epoch=1/120 | active_users=1 | updated_users=1 | objective=5.107783 | sum_rate=19.772516 | r_p=16.122221 | r_c=4.640412 | r_s=0.001479 | status=running
[DL Convergence] | phase=optimize | block=1 | epoch=5/120 | active_users=1 | updated_users=1 | objective=5.107936 | sum_rate=19.773109 | r_p=16.121628 | r_c=15.036732 | r_s=0.002765 | status=running
[DL Convergence] | phase=optimize | block=1 | epoch=10/120 | active_users=1 | updated_users=1 | objective=5.107939 | sum_rate=19.773121 | r_p=16.121616 | r_c=28.032044 | r_s=0.001716 | status=running
[DL Convergence] | phase=optimize | block=1 | epoch=15/120 | active_users=1 | updated_users=1 | objective=5.107955 | sum_rate=19.773184 | r_p=16.121553 | r_c=41.027190 | r_s=0.001642 | status=running
[DL Convergence] | phase=optimize | block=1 | epoch=20/120 | active_users=1 | updated_users=1 | objective=5.107959 | sum_rate=19.773197 | r_p=16.121540 | r_c=54.022365 | r_s=0.001244 | status=running
[DL Convergence] | phase=optimize | block=1 | epoch=25/120 | active_users=1 | updated_users=1 | objective=5.107964 | sum_rate=19.773214 | r_p=16.121523 | r_c=67.017492 | r_s=0.001104 | status=running
[DL Convergence] | phase=optimize | block=1 | epoch=27/120 | active_users=1 | updated_users=1 | objective=5.107963 | sum_rate=19.773211 | r_p=16.121527 | r_c=72.215579 | r_s=9.038357e-04 | status=stationary_infeasible
  user=02 block=01 candidate n_kl=  38 after updating users [2] still leaves committed users infeasible [2] at search_stage=fixed_step.
  user=02 block=01 candidate n_kl=  39 breaks committed-user feasibility [2] at search_stage=fixed_step; trying fresh re-optimization.
[DL Convergence] | phase=optimize | block=1 | epoch=1/120 | active_users=1 | updated_users=1 | objective=5.117706 | sum_rate=19.810928 | r_p=15.163429 | r_c=4.364445 | r_s=0.001479 | status=running
[DL Convergence] | phase=optimize | block=1 | epoch=5/120 | active_users=1 | updated_users=1 | objective=5.117858 | sum_rate=19.811516 | r_p=15.162842 | r_c=13.560948 | r_s=0.002733 | status=running
[DL Convergence] | phase=optimize | block=1 | epoch=10/120 | active_users=1 | updated_users=1 | objective=5.117861 | sum_rate=19.811527 | r_p=15.162830 | r_c=25.056503 | r_s=0.001674 | status=running
[DL Convergence] | phase=optimize | block=1 | epoch=15/120 | active_users=1 | updated_users=1 | objective=5.117878 | sum_rate=19.811594 | r_p=15.162764 | r_c=36.551894 | r_s=0.001621 | status=running
[DL Convergence] | phase=optimize | block=1 | epoch=20/120 | active_users=1 | updated_users=1 | objective=5.117881 | sum_rate=19.811607 | r_p=15.162750 | r_c=48.047317 | r_s=0.001208 | status=running
[DL Convergence] | phase=optimize | block=1 | epoch=24/120 | active_users=1 | updated_users=1 | objective=5.117884 | sum_rate=19.811617 | r_p=15.162741 | r_c=57.243638 | r_s=9.806024e-04 | status=stationary_infeasible
  user=02 block=01 candidate n_kl=  39 after updating users [2] still leaves committed users infeasible [2] at search_stage=fixed_step.
  user=02 block=01 candidate n_kl=  40 breaks committed-user feasibility [2] at search_stage=fixed_step; trying fresh re-optimization.
[DL Convergence] | phase=optimize | block=1 | epoch=1/120 | active_users=1 | updated_users=1 | objective=5.127254 | sum_rate=19.847889 | r_p=14.252110 | r_c=4.102143 | r_s=0.001479 | status=running
[DL Convergence] | phase=optimize | block=1 | epoch=5/120 | active_users=1 | updated_users=1 | objective=5.127405 | sum_rate=19.848475 | r_p=14.251524 | r_c=12.226400 | r_s=0.002703 | status=running
[DL Convergence] | phase=optimize | block=1 | epoch=10/120 | active_users=1 | updated_users=1 | objective=5.127409 | sum_rate=19.848488 | r_p=14.251511 | r_c=22.381660 | r_s=0.001635 | status=running
[DL Convergence] | phase=optimize | block=1 | epoch=15/120 | active_users=1 | updated_users=1 | objective=5.127426 | sum_rate=19.848555 | r_p=14.251444 | r_c=32.536768 | r_s=0.001597 | status=running
[DL Convergence] | phase=optimize | block=1 | epoch=20/120 | active_users=1 | updated_users=1 | objective=5.127429 | sum_rate=19.848566 | r_p=14.251432 | r_c=42.691912 | r_s=0.001175 | status=running
[DL Convergence] | phase=optimize | block=1 | epoch=24/120 | active_users=1 | updated_users=1 | objective=5.127432 | sum_rate=19.848579 | r_p=14.251419 | r_c=50.815994 | r_s=9.752635e-04 | status=stationary_infeasible
  user=02 block=01 candidate n_kl=  40 after updating users [2] still leaves committed users infeasible [2] at search_stage=fixed_step.
  user=02 block=01 candidate n_kl=  41 breaks committed-user feasibility [2] at search_stage=fixed_step; trying fresh re-optimization.
[DL Convergence] | phase=optimize | block=1 | epoch=1/120 | active_users=1 | updated_users=1 | objective=5.136450 | sum_rate=19.883488 | r_p=13.384804 | r_c=3.852509 | r_s=0.001479 | status=running
[DL Convergence] | phase=optimize | block=1 | epoch=5/120 | active_users=1 | updated_users=1 | objective=5.136601 | sum_rate=19.884071 | r_p=13.384220 | r_c=11.018011 | r_s=0.002674 | status=running
[DL Convergence] | phase=optimize | block=1 | epoch=10/120 | active_users=1 | updated_users=1 | objective=5.136605 | sum_rate=19.884087 | r_p=13.384205 | r_c=19.974839 | r_s=0.001599 | status=running
[DL Convergence] | phase=optimize | block=1 | epoch=15/120 | active_users=1 | updated_users=1 | objective=5.136621 | sum_rate=19.884151 | r_p=13.384140 | r_c=28.931528 | r_s=0.001570 | status=running
[DL Convergence] | phase=optimize | block=1 | epoch=20/120 | active_users=1 | updated_users=1 | objective=5.136626 | sum_rate=19.884167 | r_p=13.384125 | r_c=37.888239 | r_s=0.001145 | status=running
[DL Convergence] | phase=optimize | block=1 | epoch=24/120 | active_users=1 | updated_users=1 | objective=5.136629 | sum_rate=19.884178 | r_p=13.384113 | r_c=45.053589 | r_s=9.953971e-04 | status=stationary_infeasible
  user=02 block=01 candidate n_kl=  41 after updating users [2] still leaves committed users infeasible [2] at search_stage=fixed_step.
  user=02 block=01 candidate n_kl=  42 breaks committed-user feasibility [2] at search_stage=fixed_step; trying fresh re-optimization.
[DL Convergence] | phase=optimize | block=1 | epoch=1/120 | active_users=1 | updated_users=1 | objective=5.145317 | sum_rate=19.917810 | r_p=12.558378 | r_c=3.614641 | r_s=0.001479 | status=running
[DL Convergence] | phase=optimize | block=1 | epoch=5/120 | active_users=1 | updated_users=1 | objective=5.145466 | sum_rate=19.918390 | r_p=12.557798 | r_c=9.922572 | r_s=0.002646 | status=running
[DL Convergence] | phase=optimize | block=1 | epoch=10/120 | active_users=1 | updated_users=1 | objective=5.145471 | sum_rate=19.918407 | r_p=12.557781 | r_c=17.807446 | r_s=0.001566 | status=running
[DL Convergence] | phase=optimize | block=1 | epoch=15/120 | active_users=1 | updated_users=1 | objective=5.145488 | sum_rate=19.918472 | r_p=12.557716 | r_c=25.692192 | r_s=0.001540 | status=running
[DL Convergence] | phase=optimize | block=1 | epoch=20/120 | active_users=1 | updated_users=1 | objective=5.145491 | sum_rate=19.918486 | r_p=12.557703 | r_c=33.576962 | r_s=0.001123 | status=running
[DL Convergence] | phase=optimize | block=1 | epoch=25/120 | active_users=1 | updated_users=1 | objective=5.145494 | sum_rate=19.918499 | r_p=12.557690 | r_c=41.461708 | r_s=8.913666e-04 | status=stationary_infeasible
  user=02 block=01 candidate n_kl=  42 after updating users [2] still leaves committed users infeasible [2] at search_stage=fixed_step.
  user=02 block=01 candidate n_kl=  43 breaks committed-user feasibility [2] at search_stage=fixed_step; trying fresh re-optimization.
[DL Convergence] | phase=optimize | block=1 | epoch=1/120 | active_users=1 | updated_users=1 | objective=5.153872 | sum_rate=19.950928 | r_p=11.770002 | r_c=3.387725 | r_s=0.001479 | status=running
[DL Convergence] | phase=optimize | block=1 | epoch=5/120 | active_users=1 | updated_users=1 | objective=5.154021 | sum_rate=19.951506 | r_p=11.769424 | r_c=8.928487 | r_s=0.002619 | status=running
[DL Convergence] | phase=optimize | block=1 | epoch=10/120 | active_users=1 | updated_users=1 | objective=5.154026 | sum_rate=19.951523 | r_p=11.769407 | r_c=15.854414 | r_s=0.001537 | status=running
[DL Convergence] | phase=optimize | block=1 | epoch=15/120 | active_users=1 | updated_users=1 | objective=5.154042 | sum_rate=19.951588 | r_p=11.769342 | r_c=22.780222 | r_s=0.001507 | status=running
[DL Convergence] | phase=optimize | block=1 | epoch=20/120 | active_users=1 | updated_users=1 | objective=5.154046 | sum_rate=19.951603 | r_p=11.769327 | r_c=29.706048 | r_s=0.001109 | status=running
[DL Convergence] | phase=optimize | block=1 | epoch=25/120 | active_users=1 | updated_users=1 | objective=5.154050 | sum_rate=19.951616 | r_p=11.769314 | r_c=36.631855 | r_s=8.981370e-04 | status=stationary_infeasible
  user=02 block=01 candidate n_kl=  43 after updating users [2] still leaves committed users infeasible [2] at search_stage=fixed_step.
  user=02 block=01 candidate n_kl=  44 breaks committed-user feasibility [2] at search_stage=fixed_step; trying fresh re-optimization.
[DL Convergence] | phase=optimize | block=1 | epoch=1/120 | active_users=1 | updated_users=1 | objective=5.162133 | sum_rate=19.982908 | r_p=11.017092 | r_c=3.171017 | r_s=0.001479 | status=running
[DL Convergence] | phase=optimize | block=1 | epoch=5/120 | active_users=1 | updated_users=1 | objective=5.162282 | sum_rate=19.983482 | r_p=11.016518 | r_c=8.025541 | r_s=0.002594 | status=running
[DL Convergence] | phase=optimize | block=1 | epoch=10/120 | active_users=1 | updated_users=1 | objective=5.162287 | sum_rate=19.983503 | r_p=11.016497 | r_c=14.093680 | r_s=0.001511 | status=running
[DL Convergence] | phase=optimize | block=1 | epoch=15/120 | active_users=1 | updated_users=1 | objective=5.162302 | sum_rate=19.983564 | r_p=11.016436 | r_c=20.161715 | r_s=0.001471 | status=running
[DL Convergence] | phase=optimize | block=1 | epoch=20/120 | active_users=1 | updated_users=1 | objective=5.162308 | sum_rate=19.983585 | r_p=11.016415 | r_c=26.229750 | r_s=0.001105 | status=running
[DL Convergence] | phase=optimize | block=1 | epoch=25/120 | active_users=1 | updated_users=1 | objective=5.162312 | sum_rate=19.983601 | r_p=11.016399 | r_c=32.297771 | r_s=9.247628e-04 | status=stationary_infeasible
  user=02 block=01 candidate n_kl=  44 after updating users [2] still leaves committed users infeasible [2] at search_stage=fixed_step.
  user=02 block=01 candidate n_kl=  45 breaks committed-user feasibility [2] at search_stage=fixed_step; trying fresh re-optimization.
[DL Convergence] | phase=optimize | block=1 | epoch=1/120 | active_users=1 | updated_users=1 | objective=5.170118 | sum_rate=20.013819 | r_p=10.297293 | r_c=2.963840 | r_s=0.001479 | status=running
[DL Convergence] | phase=optimize | block=1 | epoch=5/120 | active_users=1 | updated_users=1 | objective=5.170265 | sum_rate=20.014387 | r_p=10.296724 | r_c=7.204709 | r_s=0.002569 | status=running
[DL Convergence] | phase=optimize | block=1 | epoch=10/120 | active_users=1 | updated_users=1 | objective=5.170272 | sum_rate=20.014414 | r_p=10.296698 | r_c=12.505784 | r_s=0.001489 | status=running
[DL Convergence] | phase=optimize | block=1 | epoch=15/120 | active_users=1 | updated_users=1 | objective=5.170288 | sum_rate=20.014475 | r_p=10.296637 | r_c=17.806766 | r_s=0.001434 | status=running
[DL Convergence] | phase=optimize | block=1 | epoch=20/120 | active_users=1 | updated_users=1 | objective=5.170293 | sum_rate=20.014494 | r_p=10.296618 | r_c=23.107753 | r_s=0.001110 | status=running
[DL Convergence] | phase=optimize | block=1 | epoch=25/120 | active_users=1 | updated_users=1 | objective=5.170297 | sum_rate=20.014509 | r_p=10.296602 | r_c=28.408724 | r_s=9.525183e-04 | status=stationary_infeasible
  user=02 block=01 candidate n_kl=  45 after updating users [2] still leaves committed users infeasible [2] at search_stage=fixed_step.
  user=02 block=01 candidate n_kl=  46 breaks committed-user feasibility [2] at search_stage=fixed_step; trying fresh re-optimization.
[DL Convergence] | phase=optimize | block=1 | epoch=1/120 | active_users=1 | updated_users=1 | objective=5.177841 | sum_rate=20.043715 | r_p=9.608459 | r_c=2.765575 | r_s=0.001479 | status=running
[DL Convergence] | phase=optimize | block=1 | epoch=5/120 | active_users=1 | updated_users=1 | objective=5.177988 | sum_rate=20.044283 | r_p=9.607891 | r_c=6.457998 | r_s=0.002545 | status=running
[DL Convergence] | phase=optimize | block=1 | epoch=10/120 | active_users=1 | updated_users=1 | objective=5.177995 | sum_rate=20.044310 | r_p=9.607864 | r_c=11.073528 | r_s=0.001470 | status=running
[DL Convergence] | phase=optimize | block=1 | epoch=15/120 | active_users=1 | updated_users=1 | objective=5.178010 | sum_rate=20.044367 | r_p=9.607807 | r_c=15.688978 | r_s=0.001396 | status=running
[DL Convergence] | phase=optimize | block=1 | epoch=20/120 | active_users=1 | updated_users=1 | objective=5.178016 | sum_rate=20.044392 | r_p=9.607782 | r_c=20.304415 | r_s=0.001119 | status=running
[DL Convergence] | phase=optimize | block=1 | epoch=22/120 | active_users=1 | updated_users=1 | objective=5.178017 | sum_rate=20.044395 | r_p=9.607779 | r_c=22.150596 | r_s=9.919534e-04 | status=stationary_infeasible
  user=02 block=01 candidate n_kl=  46 after updating users [2] still leaves committed users infeasible [2] at search_stage=fixed_step.
  user=02 block=01 candidate n_kl=  47 breaks committed-user feasibility [2] at search_stage=fixed_step; trying fresh re-optimization.
[DL Convergence] | phase=optimize | block=1 | epoch=1/120 | active_users=1 | updated_users=1 | objective=5.185316 | sum_rate=20.072651 | r_p=8.948626 | r_c=2.575657 | r_s=0.001479 | status=running
[DL Convergence] | phase=optimize | block=1 | epoch=5/120 | active_users=1 | updated_users=1 | objective=5.185462 | sum_rate=20.073214 | r_p=8.948063 | r_c=5.778321 | r_s=0.002522 | status=running
[DL Convergence] | phase=optimize | block=1 | epoch=10/120 | active_users=1 | updated_users=1 | objective=5.185470 | sum_rate=20.073244 | r_p=8.948032 | r_c=9.781661 | r_s=0.001454 | status=running
[DL Convergence] | phase=optimize | block=1 | epoch=15/120 | active_users=1 | updated_users=1 | objective=5.185484 | sum_rate=20.073301 | r_p=8.947975 | r_c=13.784927 | r_s=0.001359 | status=running
[DL Convergence] | phase=optimize | block=1 | epoch=20/120 | active_users=1 | updated_users=1 | objective=5.185492 | sum_rate=20.073330 | r_p=8.947947 | r_c=17.788176 | r_s=0.001129 | status=running
[DL Convergence] | phase=optimize | block=1 | epoch=22/120 | active_users=1 | updated_users=1 | objective=5.185492 | sum_rate=20.073330 | r_p=8.947947 | r_c=19.389491 | r_s=9.636024e-04 | status=stationary_infeasible
  user=02 block=01 candidate n_kl=  47 after updating users [2] still leaves committed users infeasible [2] at search_stage=fixed_step.
  user=02 block=01 candidate n_kl=  48 breaks committed-user feasibility [2] at search_stage=fixed_step; trying fresh re-optimization.
[DL Convergence] | phase=optimize | block=1 | epoch=1/120 | active_users=1 | updated_users=1 | objective=5.192556 | sum_rate=20.100677 | r_p=8.315989 | r_c=2.393567 | r_s=0.001479 | status=running
[DL Convergence] | phase=optimize | block=1 | epoch=5/120 | active_users=1 | updated_users=1 | objective=5.192701 | sum_rate=20.101238 | r_p=8.315428 | r_c=5.159364 | r_s=0.002500 | status=running
[DL Convergence] | phase=optimize | block=1 | epoch=10/120 | active_users=1 | updated_users=1 | objective=5.192710 | sum_rate=20.101273 | r_p=8.315393 | r_c=8.616627 | r_s=0.001441 | status=running
[DL Convergence] | phase=optimize | block=1 | epoch=15/120 | active_users=1 | updated_users=1 | objective=5.192724 | sum_rate=20.101326 | r_p=8.315340 | r_c=12.073830 | r_s=0.001324 | status=running
[DL Convergence] | phase=optimize | block=1 | epoch=20/120 | active_users=1 | updated_users=1 | objective=5.192732 | sum_rate=20.101357 | r_p=8.315310 | r_c=15.531009 | r_s=0.001136 | status=running
[DL Convergence] | phase=optimize | block=1 | epoch=22/120 | active_users=1 | updated_users=1 | objective=5.192732 | sum_rate=20.101358 | r_p=8.315308 | r_c=16.913893 | r_s=9.404246e-04 | status=stationary_infeasible
  user=02 block=01 candidate n_kl=  48 after updating users [2] still leaves committed users infeasible [2] at search_stage=fixed_step.
  user=02 block=01 candidate n_kl=  49 breaks committed-user feasibility [2] at search_stage=fixed_step; trying fresh re-optimization.
[DL Convergence] | phase=optimize | block=1 | epoch=1/120 | active_users=1 | updated_users=1 | objective=5.199574 | sum_rate=20.127846 | r_p=7.708889 | r_c=2.218827 | r_s=0.001479 | status=running
[DL Convergence] | phase=optimize | block=1 | epoch=5/120 | active_users=1 | updated_users=1 | objective=5.199718 | sum_rate=20.128403 | r_p=7.708332 | r_c=4.595499 | r_s=0.002478 | status=running
[DL Convergence] | phase=optimize | block=1 | epoch=10/120 | active_users=1 | updated_users=1 | objective=5.199728 | sum_rate=20.128437 | r_p=7.708298 | r_c=7.566368 | r_s=0.001431 | status=running
[DL Convergence] | phase=optimize | block=1 | epoch=15/120 | active_users=1 | updated_users=1 | objective=5.199741 | sum_rate=20.128490 | r_p=7.708244 | r_c=10.537181 | r_s=0.001292 | status=running
[DL Convergence] | phase=optimize | block=1 | epoch=20/120 | active_users=1 | updated_users=1 | objective=5.199749 | sum_rate=20.128523 | r_p=7.708212 | r_c=13.507968 | r_s=0.001135 | status=running
[DL Convergence] | phase=optimize | block=1 | epoch=22/120 | active_users=1 | updated_users=1 | objective=5.199750 | sum_rate=20.128525 | r_p=7.708210 | r_c=14.696295 | r_s=9.255660e-04 | status=stationary_infeasible
  user=02 block=01 candidate n_kl=  49 after updating users [2] still leaves committed users infeasible [2] at search_stage=fixed_step.
  user=02 block=01 candidate n_kl=  50 breaks committed-user feasibility [2] at search_stage=fixed_step; trying fresh re-optimization.
[DL Convergence] | phase=optimize | block=1 | epoch=1/120 | active_users=1 | updated_users=1 | objective=5.206380 | sum_rate=20.154190 | r_p=7.125811 | r_c=2.051001 | r_s=0.001479 | status=running
[DL Convergence] | phase=optimize | block=1 | epoch=5/120 | active_users=1 | updated_users=1 | objective=5.206524 | sum_rate=20.154747 | r_p=7.125254 | r_c=4.081700 | r_s=0.002458 | status=running
[DL Convergence] | phase=optimize | block=1 | epoch=10/120 | active_users=1 | updated_users=1 | objective=5.206533 | sum_rate=20.154783 | r_p=7.125217 | r_c=6.620113 | r_s=0.001423 | status=running
[DL Convergence] | phase=optimize | block=1 | epoch=15/120 | active_users=1 | updated_users=1 | objective=5.206546 | sum_rate=20.154833 | r_p=7.125168 | r_c=9.158479 | r_s=0.001265 | status=running
[DL Convergence] | phase=optimize | block=1 | epoch=20/120 | active_users=1 | updated_users=1 | objective=5.206555 | sum_rate=20.154869 | r_p=7.125132 | r_c=11.696813 | r_s=0.001126 | status=running
[DL Convergence] | phase=optimize | block=1 | epoch=22/120 | active_users=1 | updated_users=1 | objective=5.206555 | sum_rate=20.154869 | r_p=7.125132 | r_c=12.712163 | r_s=9.210664e-04 | status=stationary_infeasible
  user=02 block=01 candidate n_kl=  50 after updating users [2] still leaves committed users infeasible [2] at search_stage=fixed_step.
  user=02 block=01 candidate n_kl=  51 breaks committed-user feasibility [2] at search_stage=fixed_step; trying fresh re-optimization.
[DL Convergence] | phase=optimize | block=1 | epoch=1/120 | active_users=1 | updated_users=1 | objective=5.212985 | sum_rate=20.179756 | r_p=6.565342 | r_c=1.889683 | r_s=0.001479 | status=running
[DL Convergence] | phase=optimize | block=1 | epoch=5/120 | active_users=1 | updated_users=1 | objective=5.213128 | sum_rate=20.180311 | r_p=6.564787 | r_c=3.613463 | r_s=0.002438 | status=running
[DL Convergence] | phase=optimize | block=1 | epoch=10/120 | active_users=1 | updated_users=1 | objective=5.213138 | sum_rate=20.180351 | r_p=6.564747 | r_c=5.768234 | r_s=0.001416 | status=running
[DL Convergence] | phase=optimize | block=1 | epoch=15/120 | active_users=1 | updated_users=1 | objective=5.213150 | sum_rate=20.180397 | r_p=6.564701 | r_c=7.922968 | r_s=0.001243 | status=running
[DL Convergence] | phase=optimize | block=1 | epoch=20/120 | active_users=1 | updated_users=1 | objective=5.213160 | sum_rate=20.180435 | r_p=6.564663 | r_c=10.077668 | r_s=0.001111 | status=running
[DL Convergence] | phase=optimize | block=1 | epoch=22/120 | active_users=1 | updated_users=1 | objective=5.213161 | sum_rate=20.180439 | r_p=6.564659 | r_c=10.939557 | r_s=9.261989e-04 | status=stationary_infeasible
  user=02 block=01 candidate n_kl=  51 after updating users [2] still leaves committed users infeasible [2] at search_stage=fixed_step.
  user=02 block=01 candidate n_kl=  52 breaks committed-user feasibility [2] at search_stage=fixed_step; trying fresh re-optimization.
[DL Convergence] | phase=optimize | block=1 | epoch=1/120 | active_users=1 | updated_users=1 | objective=5.219398 | sum_rate=20.204584 | r_p=6.026186 | r_c=1.734499 | r_s=0.001479 | status=running
[DL Convergence] | phase=optimize | block=1 | epoch=5/120 | active_users=1 | updated_users=1 | objective=5.219541 | sum_rate=20.205135 | r_p=6.025635 | r_c=3.186747 | r_s=0.002419 | status=running
[DL Convergence] | phase=optimize | block=1 | epoch=10/120 | active_users=1 | updated_users=1 | objective=5.219552 | sum_rate=20.205177 | r_p=6.025593 | r_c=5.002111 | r_s=0.001412 | status=running
[DL Convergence] | phase=optimize | block=1 | epoch=15/120 | active_users=1 | updated_users=1 | objective=5.219562 | sum_rate=20.205219 | r_p=6.025551 | r_c=6.817448 | r_s=0.001226 | status=running
[DL Convergence] | phase=optimize | block=1 | epoch=20/120 | active_users=1 | updated_users=1 | objective=5.219573 | sum_rate=20.205261 | r_p=6.025509 | r_c=8.632744 | r_s=0.001090 | status=running
[DL Convergence] | phase=optimize | block=1 | epoch=22/120 | active_users=1 | updated_users=1 | objective=5.219573 | sum_rate=20.205263 | r_p=6.025507 | r_c=9.358876 | r_s=9.374685e-04 | status=stationary_infeasible
  user=02 block=01 candidate n_kl=  52 after updating users [2] still leaves committed users infeasible [2] at search_stage=fixed_step.
  user=02 block=01 candidate n_kl=  53 breaks committed-user feasibility [2] at search_stage=fixed_step; trying fresh re-optimization.
[DL Convergence] | phase=optimize | block=1 | epoch=1/120 | active_users=1 | updated_users=1 | objective=5.225629 | sum_rate=20.228703 | r_p=5.507147 | r_c=1.585106 | r_s=0.001479 | status=running
[DL Convergence] | phase=optimize | block=1 | epoch=5/120 | active_users=1 | updated_users=1 | objective=5.225770 | sum_rate=20.229252 | r_p=5.506598 | r_c=2.797921 | r_s=0.002400 | status=running
[DL Convergence] | phase=optimize | block=1 | epoch=10/120 | active_users=1 | updated_users=1 | objective=5.225782 | sum_rate=20.229298 | r_p=5.506552 | r_c=4.314002 | r_s=0.001409 | status=running
[DL Convergence] | phase=optimize | block=1 | epoch=15/120 | active_users=1 | updated_users=1 | objective=5.225793 | sum_rate=20.229340 | r_p=5.506510 | r_c=5.830059 | r_s=0.001215 | status=running
[DL Convergence] | phase=optimize | block=1 | epoch=20/120 | active_users=1 | updated_users=1 | objective=5.225804 | sum_rate=20.229383 | r_p=5.506466 | r_c=7.346077 | r_s=0.001067 | status=running
[DL Convergence] | phase=optimize | block=1 | epoch=22/120 | active_users=1 | updated_users=1 | objective=5.225805 | sum_rate=20.229385 | r_p=5.506464 | r_c=7.952498 | r_s=9.493476e-04 | status=stationary_infeasible
  user=02 block=01 candidate n_kl=  53 after updating users [2] still leaves committed users infeasible [2] at search_stage=fixed_step.
  user=02 block=01 candidate n_kl=  54 breaks committed-user feasibility [2] at search_stage=fixed_step; trying fresh re-optimization.
[DL Convergence] | phase=optimize | block=1 | epoch=1/120 | active_users=1 | updated_users=1 | objective=5.231686 | sum_rate=20.252151 | r_p=5.007109 | r_c=1.441181 | r_s=0.001479 | status=running
[DL Convergence] | phase=optimize | block=1 | epoch=5/120 | active_users=1 | updated_users=1 | objective=5.231827 | sum_rate=20.252697 | r_p=5.006563 | r_c=2.443713 | r_s=0.002383 | status=running
[DL Convergence] | phase=optimize | block=1 | epoch=10/120 | active_users=1 | updated_users=1 | objective=5.231839 | sum_rate=20.252743 | r_p=5.006517 | r_c=3.696950 | r_s=0.001406 | status=running
[DL Convergence] | phase=optimize | block=1 | epoch=15/120 | active_users=1 | updated_users=1 | objective=5.231849 | sum_rate=20.252783 | r_p=5.006477 | r_c=4.950168 | r_s=0.001207 | status=running
[DL Convergence] | phase=optimize | block=1 | epoch=20/120 | active_users=1 | updated_users=1 | objective=5.231861 | sum_rate=20.252829 | r_p=5.006432 | r_c=6.203346 | r_s=0.001045 | status=running
[DL Convergence] | phase=optimize | block=1 | epoch=22/120 | active_users=1 | updated_users=1 | objective=5.231862 | sum_rate=20.252832 | r_p=5.006428 | r_c=6.704628 | r_s=9.566343e-04 | status=stationary_infeasible
  user=02 block=01 candidate n_kl=  54 after updating users [2] still leaves committed users infeasible [2] at search_stage=fixed_step.
  user=02 block=01 candidate n_kl=  55 breaks committed-user feasibility [2] at search_stage=fixed_step; trying fresh re-optimization.
[DL Convergence] | phase=optimize | block=1 | epoch=1/120 | active_users=1 | updated_users=1 | objective=5.237577 | sum_rate=20.274956 | r_p=4.525043 | r_c=1.302430 | r_s=0.001479 | status=running
[DL Convergence] | phase=optimize | block=1 | epoch=5/120 | active_users=1 | updated_users=1 | objective=5.237718 | sum_rate=20.275499 | r_p=4.524500 | r_c=2.121173 | r_s=0.002365 | status=running
[DL Convergence] | phase=optimize | block=1 | epoch=10/120 | active_users=1 | updated_users=1 | objective=5.237731 | sum_rate=20.275549 | r_p=4.524450 | r_c=3.144682 | r_s=0.001405 | status=running
[DL Convergence] | phase=optimize | block=1 | epoch=15/120 | active_users=1 | updated_users=1 | objective=5.237740 | sum_rate=20.275587 | r_p=4.524412 | r_c=4.168177 | r_s=0.001199 | status=running
[DL Convergence] | phase=optimize | block=1 | epoch=20/120 | active_users=1 | updated_users=1 | objective=5.237752 | sum_rate=20.275633 | r_p=4.524366 | r_c=5.191635 | r_s=0.001022 | status=running
[DL Convergence] | phase=optimize | block=1 | epoch=21/120 | active_users=1 | updated_users=1 | objective=5.237752 | sum_rate=20.275635 | r_p=4.524364 | r_c=5.396331 | r_s=9.923965e-04 | status=stationary_infeasible
  user=02 block=01 candidate n_kl=  55 after updating users [2] still leaves committed users infeasible [2] at search_stage=fixed_step.
  user=02 block=01 candidate n_kl=  56 breaks committed-user feasibility [2] at search_stage=fixed_step; trying fresh re-optimization.
[DL Convergence] | phase=optimize | block=1 | epoch=1/120 | active_users=1 | updated_users=1 | objective=5.243309 | sum_rate=20.297146 | r_p=4.059998 | r_c=1.168577 | r_s=0.001479 | status=running
[DL Convergence] | phase=optimize | block=1 | epoch=5/120 | active_users=1 | updated_users=1 | objective=5.243450 | sum_rate=20.297691 | r_p=4.059452 | r_c=1.827636 | r_s=0.002349 | status=running
[DL Convergence] | phase=optimize | block=1 | epoch=10/120 | active_users=1 | updated_users=1 | objective=5.243462 | sum_rate=20.297737 | r_p=4.059406 | r_c=2.651554 | r_s=0.001403 | status=running
[DL Convergence] | phase=optimize | block=1 | epoch=15/120 | active_users=1 | updated_users=1 | objective=5.243472 | sum_rate=20.297775 | r_p=4.059368 | r_c=3.475458 | r_s=0.001196 | status=running
[DL Convergence] | phase=optimize | block=1 | epoch=20/120 | active_users=1 | updated_users=1 | objective=5.243484 | sum_rate=20.297823 | r_p=4.059320 | r_c=4.299327 | r_s=0.001008 | status=running
[DL Convergence] | phase=optimize | block=1 | epoch=21/120 | active_users=1 | updated_users=1 | objective=5.243485 | sum_rate=20.297825 | r_p=4.059319 | r_c=4.464105 | r_s=9.681927e-04 | status=stationary_infeasible
  user=02 block=01 candidate n_kl=  56 after updating users [2] still leaves committed users infeasible [2] at search_stage=fixed_step.
  user=02 block=01 candidate n_kl=  57 breaks committed-user feasibility [2] at search_stage=fixed_step; trying fresh re-optimization.
[DL Convergence] | phase=optimize | block=1 | epoch=1/120 | active_users=1 | updated_users=1 | objective=5.248891 | sum_rate=20.318752 | r_p=3.611073 | r_c=1.039364 | r_s=0.001479 | status=running
[DL Convergence] | phase=optimize | block=1 | epoch=5/120 | active_users=1 | updated_users=1 | objective=5.249030 | sum_rate=20.319290 | r_p=3.610535 | r_c=1.560692 | r_s=0.002333 | status=running
[DL Convergence] | phase=optimize | block=1 | epoch=10/120 | active_users=1 | updated_users=1 | objective=5.249044 | sum_rate=20.319345 | r_p=3.610479 | r_c=2.212446 | r_s=0.001402 | status=running
[DL Convergence] | phase=optimize | block=1 | epoch=15/120 | active_users=1 | updated_users=1 | objective=5.249053 | sum_rate=20.319378 | r_p=3.610447 | r_c=2.864197 | r_s=0.001194 | status=running
[DL Convergence] | phase=optimize | block=1 | epoch=20/120 | active_users=1 | updated_users=1 | objective=5.249065 | sum_rate=20.319427 | r_p=3.610397 | r_c=3.515912 | r_s=9.969057e-04 | status=stationary_infeasible
  user=02 block=01 candidate n_kl=  57 after updating users [2] still leaves committed users infeasible [2] at search_stage=fixed_step.
  user=02 block=01 candidate n_kl=  58 breaks committed-user feasibility [2] at search_stage=fixed_step; trying fresh re-optimization.
[DL Convergence] | phase=optimize | block=1 | epoch=1/120 | active_users=1 | updated_users=1 | objective=5.254326 | sum_rate=20.339792 | r_p=3.177448 | r_c=0.914556 | r_s=0.001479 | status=running
[DL Convergence] | phase=optimize | block=1 | epoch=5/120 | active_users=1 | updated_users=1 | objective=5.254466 | sum_rate=20.340332 | r_p=3.176908 | r_c=1.318149 | r_s=0.002317 | status=running
[DL Convergence] | phase=optimize | block=1 | epoch=10/120 | active_users=1 | updated_users=1 | objective=5.254479 | sum_rate=20.340385 | r_p=3.176855 | r_c=1.822747 | r_s=0.001401 | status=running
[DL Convergence] | phase=optimize | block=1 | epoch=15/120 | active_users=1 | updated_users=1 | objective=5.254488 | sum_rate=20.340420 | r_p=3.176821 | r_c=2.327341 | r_s=0.001191 | status=running
[DL Convergence] | phase=optimize | block=1 | epoch=20/120 | active_users=1 | updated_users=1 | objective=5.254500 | sum_rate=20.340466 | r_p=3.176775 | r_c=2.831906 | r_s=9.873748e-04 | status=stationary_infeasible
  user=02 block=01 candidate n_kl=  58 after updating users [2] still leaves committed users infeasible [2] at search_stage=fixed_step.
  user=02 block=01 candidate n_kl=  59 breaks committed-user feasibility [2] at search_stage=fixed_step; trying fresh re-optimization.
[DL Convergence] | phase=optimize | block=1 | epoch=1/120 | active_users=1 | updated_users=1 | objective=5.259624 | sum_rate=20.360298 | r_p=2.758347 | r_c=0.793927 | r_s=0.001479 | status=running
[DL Convergence] | phase=optimize | block=1 | epoch=5/120 | active_users=1 | updated_users=1 | objective=5.259761 | sum_rate=20.360832 | r_p=2.757812 | r_c=1.098027 | r_s=0.002302 | status=running
[DL Convergence] | phase=optimize | block=1 | epoch=10/120 | active_users=1 | updated_users=1 | objective=5.259777 | sum_rate=20.360893 | r_p=2.757751 | r_c=1.478263 | r_s=0.001400 | status=running
[DL Convergence] | phase=optimize | block=1 | epoch=15/120 | active_users=1 | updated_users=1 | objective=5.259785 | sum_rate=20.360924 | r_p=2.757721 | r_c=1.858501 | r_s=0.001185 | status=running
[DL Convergence] | phase=optimize | block=1 | epoch=20/120 | active_users=1 | updated_users=1 | objective=5.259797 | sum_rate=20.360970 | r_p=2.757675 | r_c=2.238713 | r_s=9.762711e-04 | status=stationary_infeasible
  user=02 block=01 candidate n_kl=  59 after updating users [2] still leaves committed users infeasible [2] at search_stage=fixed_step.
  user=02 block=01 candidate n_kl=  60 breaks committed-user feasibility [2] at search_stage=fixed_step; trying fresh re-optimization.
[DL Convergence] | phase=optimize | block=1 | epoch=1/120 | active_users=1 | updated_users=1 | objective=5.264788 | sum_rate=20.380291 | r_p=2.353043 | r_c=0.677269 | r_s=0.001479 | status=running
[DL Convergence] | phase=optimize | block=1 | epoch=5/120 | active_users=1 | updated_users=1 | objective=5.264926 | sum_rate=20.380825 | r_p=2.352509 | r_c=0.898516 | r_s=0.002287 | status=running
[DL Convergence] | phase=optimize | block=1 | epoch=10/120 | active_users=1 | updated_users=1 | objective=5.264941 | sum_rate=20.380884 | r_p=2.352449 | r_c=1.175194 | r_s=0.001398 | status=running
[DL Convergence] | phase=optimize | block=1 | epoch=15/120 | active_users=1 | updated_users=1 | objective=5.264949 | sum_rate=20.380915 | r_p=2.352419 | r_c=1.451876 | r_s=0.001176 | status=running
[DL Convergence] | phase=optimize | block=1 | epoch=17/120 | active_users=1 | updated_users=1 | objective=5.264953 | sum_rate=20.380928 | r_p=2.352406 | r_c=1.562544 | r_s=9.949511e-04 | status=stationary_infeasible
  user=02 block=01 candidate n_kl=  60 after updating users [2] still leaves committed users infeasible [2] at search_stage=fixed_step.
  user=02 block=01 candidate n_kl=  61 breaks committed-user feasibility [2] at search_stage=fixed_step; trying fresh re-optimization.
[DL Convergence] | phase=optimize | block=1 | epoch=1/120 | active_users=1 | updated_users=1 | objective=5.269825 | sum_rate=20.399790 | r_p=1.960865 | r_c=0.564390 | r_s=0.001479 | status=running
[DL Convergence] | phase=optimize | block=1 | epoch=5/120 | active_users=1 | updated_users=1 | objective=5.269962 | sum_rate=20.400320 | r_p=1.960335 | r_c=0.717977 | r_s=0.002273 | status=running
[DL Convergence] | phase=optimize | block=1 | epoch=10/120 | active_users=1 | updated_users=1 | objective=5.269979 | sum_rate=20.400385 | r_p=1.960270 | r_c=0.910087 | r_s=0.001396 | status=running
[DL Convergence] | phase=optimize | block=1 | epoch=15/120 | active_users=1 | updated_users=1 | objective=5.269985 | sum_rate=20.400410 | r_p=1.960245 | r_c=1.102206 | r_s=0.001164 | status=running
[DL Convergence] | phase=optimize | block=1 | epoch=17/120 | active_users=1 | updated_users=1 | objective=5.269990 | sum_rate=20.400427 | r_p=1.960228 | r_c=1.179047 | r_s=9.833177e-04 | status=stationary_infeasible
  user=02 block=01 candidate n_kl=  61 after updating users [2] still leaves committed users infeasible [2] at search_stage=fixed_step.
  user=02 block=01 candidate n_kl=  62 breaks committed-user feasibility [2] at search_stage=fixed_step; trying fresh re-optimization.
[DL Convergence] | phase=optimize | block=1 | epoch=1/120 | active_users=1 | updated_users=1 | objective=5.274740 | sum_rate=20.418814 | r_p=1.581186 | r_c=0.455108 | r_s=0.001479 | status=running
[DL Convergence] | phase=optimize | block=1 | epoch=5/120 | active_users=1 | updated_users=1 | objective=5.274876 | sum_rate=20.419342 | r_p=1.580658 | r_c=0.554914 | r_s=0.002260 | status=running
[DL Convergence] | phase=optimize | block=1 | epoch=10/120 | active_users=1 | updated_users=1 | objective=5.274893 | sum_rate=20.419407 | r_p=1.580593 | r_c=0.679806 | r_s=0.001392 | status=running
[DL Convergence] | phase=optimize | block=1 | epoch=15/120 | active_users=1 | updated_users=1 | objective=5.274899 | sum_rate=20.419432 | r_p=1.580568 | r_c=0.804707 | r_s=0.001147 | status=running
[DL Convergence] | phase=optimize | block=1 | epoch=17/120 | active_users=1 | updated_users=1 | objective=5.274904 | sum_rate=20.419449 | r_p=1.580551 | r_c=0.854661 | r_s=9.765468e-04 | status=stationary_infeasible
  user=02 block=01 candidate n_kl=  62 after updating users [2] still leaves committed users infeasible [2] at search_stage=fixed_step.
  user=02 block=01 candidate n_kl=  63 breaks committed-user feasibility [2] at search_stage=fixed_step; trying fresh re-optimization.
[DL Convergence] | phase=optimize | block=1 | epoch=1/120 | active_users=1 | updated_users=1 | objective=5.279536 | sum_rate=20.437382 | r_p=1.213411 | r_c=0.349253 | r_s=0.001479 | status=running
[DL Convergence] | phase=optimize | block=1 | epoch=5/120 | active_users=1 | updated_users=1 | objective=5.279672 | sum_rate=20.437908 | r_p=1.212885 | r_c=0.407959 | r_s=0.002246 | status=running
[DL Convergence] | phase=optimize | block=1 | epoch=10/120 | active_users=1 | updated_users=1 | objective=5.279690 | sum_rate=20.437977 | r_p=1.212816 | r_c=0.481483 | r_s=0.001388 | status=running
[DL Convergence] | phase=optimize | block=1 | epoch=15/120 | active_users=1 | updated_users=1 | objective=5.279696 | sum_rate=20.438000 | r_p=1.212793 | r_c=0.555019 | r_s=0.001125 | status=running
[DL Convergence] | phase=optimize | block=1 | epoch=17/120 | active_users=1 | updated_users=1 | objective=5.279700 | sum_rate=20.438015 | r_p=1.212778 | r_c=0.584429 | r_s=9.729662e-04 | status=stationary_infeasible
  user=02 block=01 candidate n_kl=  63 after updating users [2] still leaves committed users infeasible [2] at search_stage=fixed_step.
  user=02 block=01 candidate n_kl=  64 breaks committed-user feasibility [2] at search_stage=fixed_step; trying fresh re-optimization.
[DL Convergence] | phase=optimize | block=1 | epoch=1/120 | active_users=1 | updated_users=1 | objective=5.284221 | sum_rate=20.455515 | r_p=0.856985 | r_c=0.246664 | r_s=0.001479 | status=running
[DL Convergence] | phase=optimize | block=1 | epoch=5/120 | active_users=1 | updated_users=1 | objective=5.284356 | sum_rate=20.456038 | r_p=0.856462 | r_c=0.275864 | r_s=0.002234 | status=running
[DL Convergence] | phase=optimize | block=1 | epoch=10/120 | active_users=1 | updated_users=1 | objective=5.284374 | sum_rate=20.456108 | r_p=0.856392 | r_c=0.312512 | r_s=0.001384 | status=running
[DL Convergence] | phase=optimize | block=1 | epoch=15/120 | active_users=1 | updated_users=1 | objective=5.284379 | sum_rate=20.456129 | r_p=0.856371 | r_c=0.349174 | r_s=0.001100 | status=running
[DL Convergence] | phase=optimize | block=1 | epoch=17/120 | active_users=1 | updated_users=1 | objective=5.284383 | sum_rate=20.456142 | r_p=0.856358 | r_c=0.363836 | r_s=9.703301e-04 | status=stationary_infeasible
  user=02 block=01 candidate n_kl=  64 after updating users [2] still leaves committed users infeasible [2] at search_stage=fixed_step.
  user=02 block=01 candidate n_kl=  65 breaks committed-user feasibility [2] at search_stage=fixed_step; trying fresh re-optimization.
[DL Convergence] | phase=optimize | block=1 | epoch=1/120 | active_users=1 | updated_users=1 | objective=5.288796 | sum_rate=20.473227 | r_p=0.511389 | r_c=0.147192 | r_s=0.001479 | status=running
[DL Convergence] | phase=optimize | block=1 | epoch=5/120 | active_users=1 | updated_users=1 | objective=5.288931 | sum_rate=20.473749 | r_p=0.510866 | r_c=0.157486 | r_s=0.002221 | status=running
[DL Convergence] | phase=optimize | block=1 | epoch=10/120 | active_users=1 | updated_users=1 | objective=5.288949 | sum_rate=20.473820 | r_p=0.510796 | r_c=0.170511 | r_s=0.001378 | status=running
[DL Convergence] | phase=optimize | block=1 | epoch=15/120 | active_users=1 | updated_users=1 | objective=5.288953 | sum_rate=20.473835 | r_p=0.510780 | r_c=0.183551 | r_s=0.001071 | status=running
[DL Convergence] | phase=optimize | block=1 | epoch=17/120 | active_users=1 | updated_users=1 | objective=5.288957 | sum_rate=20.473850 | r_p=0.510765 | r_c=0.188763 | r_s=9.662949e-04 | status=stationary_infeasible
  user=02 block=01 candidate n_kl=  65 after updating users [2] still leaves committed users infeasible [2] at search_stage=fixed_step.
  user=02 block=01 candidate n_kl=  66 breaks committed-user feasibility [2] at search_stage=fixed_step; trying fresh re-optimization.
[DL Convergence] | phase=optimize | block=1 | epoch=1/120 | active_users=1 | updated_users=1 | objective=5.293267 | sum_rate=20.490536 | r_p=0.176130 | r_c=0.050695 | r_s=0.001479 | status=running
[DL Convergence] | phase=optimize | block=1 | epoch=5/120 | active_users=1 | updated_users=1 | objective=5.293402 | sum_rate=20.491058 | r_p=0.175608 | r_c=0.051780 | r_s=0.002209 | status=running
[DL Convergence] | phase=optimize | block=1 | epoch=10/120 | active_users=1 | updated_users=1 | objective=5.293421 | sum_rate=20.491129 | r_p=0.175537 | r_c=0.053300 | r_s=0.001371 | status=running
[DL Convergence] | phase=optimize | block=1 | epoch=15/120 | active_users=1 | updated_users=1 | objective=5.293423 | sum_rate=20.491138 | r_p=0.175528 | r_c=0.054838 | r_s=0.001039 | status=running
[DL Convergence] | phase=optimize | block=1 | epoch=17/120 | active_users=1 | updated_users=1 | objective=5.293428 | sum_rate=20.491158 | r_p=0.175508 | r_c=0.055448 | r_s=9.585009e-04 | status=stationary_infeasible
  user=02 block=01 candidate n_kl=  66 after updating users [2] still leaves committed users infeasible [2] at search_stage=fixed_step.
  user=02 block=01 candidate n_kl=  67 accepted at search_stage=fixed_step without fresh re-optimization.
  user=02 block=01 committed best n_kl=  67 after 1 accepted search states.
[DL Convergence Allocation] | user=0 | block=1 | status=skipped | n_kl=50 | achieved_rate=-0.038002
[DL Convergence Allocation] | user=1 | block=1 | status=skipped | n_kl=60 | achieved_rate=-0.007043
[DL Convergence Allocation] | user=2 | block=1 | served_bits=1364 | n_kl=67 | required_rate=20.358209 | achieved_rate=20.507319 | rate_margin=0.149110
[DL Convergence Block] | block=1 | status=complete | allocated_bits=1364 | remaining_bits=3000
[DL Convergence Block] | block=2 | active_users=2 | remaining_bits=3000 | objective=priority_weighted_sum_rate
    weight_strategy=inverse_cnr | user_weights: u0=1.000, u1=0.872
[DL Convergence] | phase=optimize | block=2 | epoch=1/120 | active_users=2 | updated_users=2 | objective=8.306256 | sum_rate=9.426854 | r_p=24.609676 | r_c=2.460968 | r_s=0.879055 | status=running
[DL Convergence] | phase=optimize | block=2 | epoch=5/120 | active_users=2 | updated_users=2 | objective=17.524837 | sum_rate=20.149134 | r_p=20.280558 | r_c=18.271774 | r_s=0.400241 | status=running
[DL Convergence] | phase=optimize | block=2 | epoch=10/120 | active_users=2 | updated_users=2 | objective=19.399622 | sum_rate=22.266037 | r_p=20.048500 | r_c=38.259436 | r_s=0.222634 | status=running
[DL Convergence] | phase=optimize | block=2 | epoch=15/120 | active_users=2 | updated_users=2 | objective=19.577105 | sum_rate=22.465942 | r_p=20.023161 | r_c=58.267150 | r_s=0.237404 | status=running
[DL Convergence] | phase=optimize | block=2 | epoch=20/120 | active_users=2 | updated_users=2 | objective=19.630131 | sum_rate=22.524874 | r_p=20.010199 | r_c=78.255416 | r_s=0.215804 | status=running
[DL Convergence] | phase=optimize | block=2 | epoch=25/120 | active_users=2 | updated_users=2 | objective=19.666853 | sum_rate=22.566236 | r_p=20.004953 | r_c=98.248069 | r_s=0.097672 | status=running
[DL Convergence] | phase=optimize | block=2 | epoch=30/120 | active_users=2 | updated_users=2 | objective=19.674562 | sum_rate=22.575041 | r_p=20.004681 | r_c=118.257205 | r_s=0.112201 | status=running
[DL Convergence] | phase=optimize | block=2 | epoch=35/120 | active_users=2 | updated_users=2 | objective=19.682425 | sum_rate=22.583578 | r_p=20.001400 | r_c=138.243050 | r_s=0.059751 | status=running
[DL Convergence] | phase=optimize | block=2 | epoch=40/120 | active_users=2 | updated_users=2 | objective=19.681162 | sum_rate=22.582582 | r_p=20.004463 | r_c=158.273180 | r_s=0.175465 | status=running
[DL Convergence] | phase=optimize | block=2 | epoch=45/120 | active_users=2 | updated_users=2 | objective=19.680719 | sum_rate=22.582359 | r_p=20.006403 | r_c=178.298971 | r_s=0.180167 | status=running
[DL Convergence] | phase=optimize | block=2 | epoch=50/120 | active_users=2 | updated_users=2 | objective=19.683414 | sum_rate=22.585089 | r_p=20.003937 | r_c=198.285925 | r_s=0.136983 | status=running
[DL Convergence] | phase=optimize | block=2 | epoch=55/120 | active_users=2 | updated_users=2 | objective=19.683493 | sum_rate=22.585197 | r_p=20.004072 | r_c=218.296099 | r_s=0.224846 | status=running
[DL Convergence] | phase=optimize | block=2 | epoch=60/120 | active_users=2 | updated_users=2 | objective=19.685310 | sum_rate=22.587059 | r_p=20.002539 | r_c=238.285394 | r_s=0.070675 | status=running
[DL Convergence] | phase=optimize | block=2 | epoch=65/120 | active_users=2 | updated_users=2 | objective=19.685167 | sum_rate=22.586935 | r_p=20.002819 | r_c=258.294809 | r_s=0.125951 | status=running
[DL Convergence] | phase=optimize | block=2 | epoch=70/120 | active_users=2 | updated_users=2 | objective=19.686018 | sum_rate=22.587793 | r_p=20.002012 | r_c=278.289100 | r_s=0.053732 | status=running
[DL Convergence] | phase=optimize | block=2 | epoch=75/120 | active_users=2 | updated_users=2 | objective=19.686520 | sum_rate=22.588299 | r_p=20.001549 | r_c=298.286419 | r_s=0.074533 | status=running
[DL Convergence] | phase=optimize | block=2 | epoch=80/120 | active_users=2 | updated_users=2 | objective=19.685818 | sum_rate=22.587601 | r_p=20.002264 | r_c=318.301194 | r_s=0.116138 | status=running
[DL Convergence] | phase=optimize | block=2 | epoch=85/120 | active_users=2 | updated_users=2 | objective=19.685459 | sum_rate=22.587240 | r_p=20.002621 | r_c=338.311735 | r_s=0.134485 | status=running
[DL Convergence] | phase=optimize | block=2 | epoch=90/120 | active_users=2 | updated_users=2 | objective=19.684723 | sum_rate=22.586506 | r_p=20.003372 | r_c=358.330305 | r_s=0.025318 | status=running
[DL Convergence] | phase=optimize | block=2 | epoch=95/120 | active_users=2 | updated_users=2 | objective=19.685225 | sum_rate=22.587008 | r_p=20.002871 | r_c=378.326819 | r_s=0.111063 | status=running
[DL Convergence] | phase=optimize | block=2 | epoch=100/120 | active_users=2 | updated_users=2 | objective=19.686417 | sum_rate=22.588203 | r_p=20.001699 | r_c=398.308759 | r_s=0.077623 | status=running
[DL Convergence] | phase=optimize | block=2 | epoch=105/120 | active_users=2 | updated_users=2 | objective=19.686592 | sum_rate=22.588379 | r_p=20.001530 | r_c=418.308698 | r_s=0.055456 | status=running
[DL Convergence] | phase=optimize | block=2 | epoch=110/120 | active_users=2 | updated_users=2 | objective=19.687050 | sum_rate=22.588839 | r_p=20.001078 | r_c=438.301697 | r_s=0.064719 | status=running
[DL Convergence] | phase=optimize | block=2 | epoch=115/120 | active_users=2 | updated_users=2 | objective=19.686798 | sum_rate=22.588587 | r_p=20.001324 | r_c=458.309811 | r_s=0.100694 | status=running
[DL Convergence] | phase=optimize | block=2 | epoch=120/120 | active_users=2 | updated_users=2 | objective=19.686953 | sum_rate=22.588741 | r_p=20.001179 | r_c=478.308864 | r_s=0.065138 | status=running
[DL Convergence Block] | block=2 | skipped_users=[0] | action=reoptimize_remaining
[DL Convergence] | phase=optimize | block=2 | epoch=1/120 | active_users=1 | updated_users=1 | objective=19.688147 | sum_rate=22.589939 | r_p=10.743393 | r_c=132.370474 | r_s=6.483653e-04 | status=running
[DL Convergence] | phase=optimize | block=2 | epoch=2/120 | active_users=1 | updated_users=1 | objective=19.688148 | sum_rate=22.589941 | r_p=10.743391 | r_c=133.524655 | r_s=5.806959e-04 | status=stationary_infeasible
  user=01 block=02 serves partial bits at n=T; not reducing n_kl.
[DL Convergence Allocation] | user=0 | block=2 | status=skipped | n_kl=50 | achieved_rate=-0.015960
[DL Convergence Allocation] | user=1 | block=2 | served_bits=1355 | n_kl=60 | required_rate=22.583333 | achieved_rate=22.589944 | rate_margin=0.006611
[DL Convergence Block] | block=2 | status=complete | allocated_bits=1355 | remaining_bits=1645
[DL Convergence Block] | block=3 | active_users=2 | remaining_bits=1645 | objective=priority_weighted_sum_rate
    weight_strategy=inverse_cnr | user_weights: u0=1.000, u1=0.251
[DL Convergence] | phase=optimize | block=3 | epoch=1/120 | active_users=2 | updated_users=2 | objective=3.138237 | sum_rate=12.917445 | r_p=20.131798 | r_c=2.013180 | r_s=0.771429 | status=running
[DL Convergence] | phase=optimize | block=3 | epoch=5/120 | active_users=2 | updated_users=2 | objective=3.913507 | sum_rate=15.773182 | r_p=20.052208 | r_c=18.119233 | r_s=0.546127 | status=running
[DL Convergence] | phase=optimize | block=3 | epoch=10/120 | active_users=2 | updated_users=2 | objective=4.917081 | sum_rate=19.657894 | r_p=20.012049 | r_c=38.124615 | r_s=0.319664 | status=running
[DL Convergence] | phase=optimize | block=3 | epoch=15/120 | active_users=2 | updated_users=2 | objective=5.640658 | sum_rate=22.523108 | r_p=20.004606 | r_c=58.123756 | r_s=0.309621 | status=running
[DL Convergence] | phase=optimize | block=3 | epoch=20/120 | active_users=2 | updated_users=2 | objective=5.788916 | sum_rate=23.108011 | r_p=20.002356 | r_c=78.124360 | r_s=0.245889 | status=running
[DL Convergence] | phase=optimize | block=3 | epoch=25/120 | active_users=2 | updated_users=2 | objective=5.831537 | sum_rate=23.275818 | r_p=20.001596 | r_c=98.125001 | r_s=0.225498 | status=running
[DL Convergence] | phase=optimize | block=3 | epoch=30/120 | active_users=2 | updated_users=2 | objective=5.847468 | sum_rate=23.336981 | r_p=20.000790 | r_c=118.123178 | r_s=0.161558 | status=running
[DL Convergence] | phase=optimize | block=3 | epoch=35/120 | active_users=2 | updated_users=2 | objective=5.850518 | sum_rate=23.351805 | r_p=20.001677 | r_c=138.131084 | r_s=0.267993 | status=running
[DL Convergence] | phase=optimize | block=3 | epoch=40/120 | active_users=2 | updated_users=2 | objective=5.855258 | sum_rate=23.369953 | r_p=20.001421 | r_c=158.131909 | r_s=0.280839 | status=running
[DL Convergence] | phase=optimize | block=3 | epoch=45/120 | active_users=2 | updated_users=2 | objective=5.857036 | sum_rate=23.376804 | r_p=20.001341 | r_c=178.133863 | r_s=0.093781 | status=running
[DL Convergence] | phase=optimize | block=3 | epoch=50/120 | active_users=2 | updated_users=2 | objective=5.858064 | sum_rate=23.378696 | r_p=20.000601 | r_c=198.128706 | r_s=0.240134 | status=running
[DL Convergence] | phase=optimize | block=3 | epoch=55/120 | active_users=2 | updated_users=2 | objective=5.858752 | sum_rate=23.381369 | r_p=20.000576 | r_c=218.129491 | r_s=0.165715 | status=running
[DL Convergence] | phase=optimize | block=3 | epoch=60/120 | active_users=2 | updated_users=2 | objective=5.858990 | sum_rate=23.382973 | r_p=20.000793 | r_c=238.133280 | r_s=0.241082 | status=running
[DL Convergence] | phase=optimize | block=3 | epoch=65/120 | active_users=2 | updated_users=2 | objective=5.858828 | sum_rate=23.382807 | r_p=20.000954 | r_c=258.136967 | r_s=0.252658 | status=running
[DL Convergence] | phase=optimize | block=3 | epoch=70/120 | active_users=2 | updated_users=2 | objective=5.858635 | sum_rate=23.381899 | r_p=20.000908 | r_c=278.138078 | r_s=0.281533 | status=running
[DL Convergence] | phase=optimize | block=3 | epoch=75/120 | active_users=2 | updated_users=2 | objective=5.858860 | sum_rate=23.381428 | r_p=20.000450 | r_c=298.132861 | r_s=0.165968 | status=running
[DL Convergence] | phase=optimize | block=3 | epoch=80/120 | active_users=2 | updated_users=2 | objective=5.859113 | sum_rate=23.382219 | r_p=20.000380 | r_c=318.132606 | r_s=0.123417 | status=running
[DL Convergence] | phase=optimize | block=3 | epoch=85/120 | active_users=2 | updated_users=2 | objective=5.859432 | sum_rate=23.383480 | r_p=20.000374 | r_c=338.133290 | r_s=0.172400 | status=running
[DL Convergence] | phase=optimize | block=3 | epoch=90/120 | active_users=2 | updated_users=2 | objective=5.859629 | sum_rate=23.384386 | r_p=20.000416 | r_c=358.134706 | r_s=0.131960 | status=running
[DL Convergence] | phase=optimize | block=3 | epoch=95/120 | active_users=2 | updated_users=2 | objective=5.859641 | sum_rate=23.384766 | r_p=20.000525 | r_c=378.137497 | r_s=0.174829 | status=running
[DL Convergence] | phase=optimize | block=3 | epoch=100/120 | active_users=2 | updated_users=2 | objective=5.859802 | sum_rate=23.384905 | r_p=20.000357 | r_c=398.135060 | r_s=0.143467 | status=running
[DL Convergence] | phase=optimize | block=3 | epoch=105/120 | active_users=2 | updated_users=2 | objective=5.859722 | sum_rate=23.384699 | r_p=20.000395 | r_c=418.136502 | r_s=0.145422 | status=running
[DL Convergence] | phase=optimize | block=3 | epoch=110/120 | active_users=2 | updated_users=2 | objective=5.859815 | sum_rate=23.384571 | r_p=20.000229 | r_c=438.133601 | r_s=0.077076 | status=running
[DL Convergence] | phase=optimize | block=3 | epoch=115/120 | active_users=2 | updated_users=2 | objective=5.859650 | sum_rate=23.384012 | r_p=20.000261 | r_c=458.134918 | r_s=0.103203 | status=running
[DL Convergence] | phase=optimize | block=3 | epoch=120/120 | active_users=2 | updated_users=2 | objective=5.859823 | sum_rate=23.384354 | r_p=20.000143 | r_c=478.132584 | r_s=0.040748 | status=running
[DL Convergence Block] | block=3 | skipped_users=[0] | action=reoptimize_remaining
[DL Convergence] | phase=optimize | block=3 | epoch=1/120 | active_users=1 | updated_users=1 | objective=5.860020 | sum_rate=23.384708 | r_p=0.000000 | r_c=0.000000 | r_s=0.001469 | status=running
[DL Convergence] | phase=optimize | block=3 | epoch=5/120 | active_users=1 | updated_users=1 | objective=5.860234 | sum_rate=23.385561 | r_p=0.000000 | r_c=0.000000 | r_s=0.002480 | status=running
[DL Convergence] | phase=optimize | block=3 | epoch=10/120 | active_users=1 | updated_users=1 | objective=5.860339 | sum_rate=23.385981 | r_p=0.000000 | r_c=0.000000 | r_s=0.001553 | status=running
[DL Convergence] | phase=optimize | block=3 | epoch=15/120 | active_users=1 | updated_users=1 | objective=5.860340 | sum_rate=23.385986 | r_p=0.000000 | r_c=0.000000 | r_s=9.778155e-04 | status=kkt_converged
[DL Convergence Reduction] | block=3 | epoch=1 | direction=ascending | strategy=fixed_step | users=[1]
  user=01 block=03 candidate n_kl=   1 breaks committed-user feasibility [1] at search_stage=fixed_step; trying fresh re-optimization.
[DL Convergence] | phase=optimize | block=3 | epoch=1/120 | active_users=1 | updated_users=1 | objective=1.854944 | sum_rate=7.402248 | r_p=637.597778 | r_c=63.759778 | r_s=0.001078 | status=running
[DL Convergence] | phase=optimize | block=3 | epoch=5/120 | active_users=1 | updated_users=1 | objective=1.854826 | sum_rate=7.401779 | r_p=637.598206 | r_c=1.632501e+04 | r_s=0.013073 | status=running
[DL Convergence] | phase=optimize | block=3 | epoch=10/120 | active_users=1 | updated_users=1 | objective=1.854820 | sum_rate=7.401752 | r_p=637.598267 | r_c=3.665159e+04 | r_s=0.015327 | status=running
[DL Convergence] | phase=optimize | block=3 | epoch=15/120 | active_users=1 | updated_users=1 | objective=1.854877 | sum_rate=7.401981 | r_p=637.598022 | r_c=5.697814e+04 | r_s=0.013570 | status=running
[DL Convergence] | phase=optimize | block=3 | epoch=20/120 | active_users=1 | updated_users=1 | objective=1.854831 | sum_rate=7.401796 | r_p=637.598206 | r_c=7.730473e+04 | r_s=0.013317 | status=running
[DL Convergence] | phase=optimize | block=3 | epoch=25/120 | active_users=1 | updated_users=1 | objective=1.854819 | sum_rate=7.401749 | r_p=637.598267 | r_c=9.763131e+04 | r_s=0.013810 | status=running
[DL Convergence] | phase=optimize | block=3 | epoch=30/120 | active_users=1 | updated_users=1 | objective=1.854913 | sum_rate=7.402124 | r_p=637.597900 | r_c=1.179578e+05 | r_s=0.009049 | status=running
[DL Convergence] | phase=optimize | block=3 | epoch=35/120 | active_users=1 | updated_users=1 | objective=1.854935 | sum_rate=7.402214 | r_p=637.597778 | r_c=1.382843e+05 | r_s=0.007464 | status=running
[DL Convergence] | phase=optimize | block=3 | epoch=40/120 | active_users=1 | updated_users=1 | objective=1.854903 | sum_rate=7.402086 | r_p=637.597900 | r_c=1.586109e+05 | r_s=0.010537 | status=running
[DL Convergence] | phase=optimize | block=3 | epoch=45/120 | active_users=1 | updated_users=1 | objective=1.854894 | sum_rate=7.402050 | r_p=637.597961 | r_c=1.789375e+05 | r_s=0.008912 | status=running
[DL Convergence] | phase=optimize | block=3 | epoch=50/120 | active_users=1 | updated_users=1 | objective=1.854932 | sum_rate=7.402201 | r_p=637.597778 | r_c=1.992640e+05 | r_s=0.008659 | status=running
[DL Convergence] | phase=optimize | block=3 | epoch=55/120 | active_users=1 | updated_users=1 | objective=1.854926 | sum_rate=7.402176 | r_p=637.597839 | r_c=2.195906e+05 | r_s=0.008674 | status=running
[DL Convergence] | phase=optimize | block=3 | epoch=60/120 | active_users=1 | updated_users=1 | objective=1.854934 | sum_rate=7.402206 | r_p=637.597778 | r_c=2.399171e+05 | r_s=0.008441 | status=running
[DL Convergence] | phase=optimize | block=3 | epoch=65/120 | active_users=1 | updated_users=1 | objective=1.854925 | sum_rate=7.402172 | r_p=637.597839 | r_c=2.602437e+05 | r_s=0.008437 | status=running
[DL Convergence] | phase=optimize | block=3 | epoch=70/120 | active_users=1 | updated_users=1 | objective=1.854932 | sum_rate=7.402203 | r_p=637.597778 | r_c=2.805702e+05 | r_s=0.009179 | status=running
[DL Convergence] | phase=optimize | block=3 | epoch=75/120 | active_users=1 | updated_users=1 | objective=1.854941 | sum_rate=7.402237 | r_p=637.597778 | r_c=3.008967e+05 | r_s=0.006352 | status=running
[DL Convergence] | phase=optimize | block=3 | epoch=80/120 | active_users=1 | updated_users=1 | objective=1.854944 | sum_rate=7.402248 | r_p=637.597778 | r_c=3.212233e+05 | r_s=0.007005 | status=running
[DL Convergence] | phase=optimize | block=3 | epoch=85/120 | active_users=1 | updated_users=1 | objective=1.854917 | sum_rate=7.402142 | r_p=637.597839 | r_c=3.415498e+05 | r_s=0.009416 | status=running
[DL Convergence] | phase=optimize | block=3 | epoch=90/120 | active_users=1 | updated_users=1 | objective=1.854934 | sum_rate=7.402206 | r_p=637.597778 | r_c=3.618764e+05 | r_s=0.007711 | status=running
[DL Convergence] | phase=optimize | block=3 | epoch=95/120 | active_users=1 | updated_users=1 | objective=1.854939 | sum_rate=7.402229 | r_p=637.597778 | r_c=3.822029e+05 | r_s=0.007166 | status=running
[DL Convergence] | phase=optimize | block=3 | epoch=100/120 | active_users=1 | updated_users=1 | objective=1.854948 | sum_rate=7.402266 | r_p=637.597717 | r_c=4.025294e+05 | r_s=0.005909 | status=running
[DL Convergence] | phase=optimize | block=3 | epoch=105/120 | active_users=1 | updated_users=1 | objective=1.854963 | sum_rate=7.402323 | r_p=637.597656 | r_c=4.228559e+05 | r_s=0.005330 | status=running
[DL Convergence] | phase=optimize | block=3 | epoch=110/120 | active_users=1 | updated_users=1 | objective=1.854955 | sum_rate=7.402292 | r_p=637.597717 | r_c=4.431825e+05 | r_s=0.005552 | status=running
[DL Convergence] | phase=optimize | block=3 | epoch=115/120 | active_users=1 | updated_users=1 | objective=1.854916 | sum_rate=7.402138 | r_p=637.597839 | r_c=4.635091e+05 | r_s=0.009475 | status=running
[DL Convergence] | phase=optimize | block=3 | epoch=120/120 | active_users=1 | updated_users=1 | objective=1.854942 | sum_rate=7.402241 | r_p=637.597778 | r_c=4.838356e+05 | r_s=0.008424 | status=running
  user=01 block=03 candidate n_kl=   1 after updating users [1] still leaves committed users infeasible [1] at search_stage=fixed_step.
  user=01 block=03 candidate n_kl=   2 breaks committed-user feasibility [1] at search_stage=fixed_step; trying fresh re-optimization.
[DL Convergence] | phase=optimize | block=3 | epoch=1/120 | active_users=1 | updated_users=1 | objective=3.202003 | sum_rate=12.777756 | r_p=309.722229 | r_c=30.972223 | r_s=0.001077 | status=running
[DL Convergence] | phase=optimize | block=3 | epoch=5/120 | active_users=1 | updated_users=1 | objective=3.202015 | sum_rate=12.777805 | r_p=309.722198 | r_c=3868.085640 | r_s=0.005446 | status=running
[DL Convergence] | phase=optimize | block=3 | epoch=10/120 | active_users=1 | updated_users=1 | objective=3.201926 | sum_rate=12.777447 | r_p=309.722565 | r_c=8664.488842 | r_s=0.011778 | status=running
[DL Convergence] | phase=optimize | block=3 | epoch=15/120 | active_users=1 | updated_users=1 | objective=3.201928 | sum_rate=12.777458 | r_p=309.722534 | r_c=1.346089e+04 | r_s=0.013445 | status=running
[DL Convergence] | phase=optimize | block=3 | epoch=20/120 | active_users=1 | updated_users=1 | objective=3.201998 | sum_rate=12.777737 | r_p=309.722260 | r_c=1.825727e+04 | r_s=0.007020 | status=running
[DL Convergence] | phase=optimize | block=3 | epoch=25/120 | active_users=1 | updated_users=1 | objective=3.201970 | sum_rate=12.777624 | r_p=309.722382 | r_c=2.305368e+04 | r_s=0.009225 | status=running
[DL Convergence] | phase=optimize | block=3 | epoch=30/120 | active_users=1 | updated_users=1 | objective=3.201959 | sum_rate=12.777581 | r_p=309.722412 | r_c=2.785008e+04 | r_s=0.011673 | status=running
[DL Convergence] | phase=optimize | block=3 | epoch=35/120 | active_users=1 | updated_users=1 | objective=3.201965 | sum_rate=12.777605 | r_p=309.722382 | r_c=3.264647e+04 | r_s=0.008706 | status=running
[DL Convergence] | phase=optimize | block=3 | epoch=40/120 | active_users=1 | updated_users=1 | objective=3.202013 | sum_rate=12.777794 | r_p=309.722198 | r_c=3.744285e+04 | r_s=0.005020 | status=running
[DL Convergence] | phase=optimize | block=3 | epoch=45/120 | active_users=1 | updated_users=1 | objective=3.202014 | sum_rate=12.777800 | r_p=309.722198 | r_c=4.223924e+04 | r_s=0.006680 | status=running
[DL Convergence] | phase=optimize | block=3 | epoch=50/120 | active_users=1 | updated_users=1 | objective=3.201961 | sum_rate=12.777588 | r_p=309.722412 | r_c=4.703567e+04 | r_s=0.009430 | status=running
[DL Convergence] | phase=optimize | block=3 | epoch=55/120 | active_users=1 | updated_users=1 | objective=3.201964 | sum_rate=12.777599 | r_p=309.722412 | r_c=5.183207e+04 | r_s=0.009299 | status=running
[DL Convergence] | phase=optimize | block=3 | epoch=60/120 | active_users=1 | updated_users=1 | objective=3.202008 | sum_rate=12.777774 | r_p=309.722229 | r_c=5.662843e+04 | r_s=0.005529 | status=running
[DL Convergence] | phase=optimize | block=3 | epoch=65/120 | active_users=1 | updated_users=1 | objective=3.202005 | sum_rate=12.777762 | r_p=309.722229 | r_c=6.142482e+04 | r_s=0.007368 | status=running
[DL Convergence] | phase=optimize | block=3 | epoch=70/120 | active_users=1 | updated_users=1 | objective=3.202020 | sum_rate=12.777823 | r_p=309.722168 | r_c=6.622120e+04 | r_s=0.004236 | status=running
[DL Convergence] | phase=optimize | block=3 | epoch=75/120 | active_users=1 | updated_users=1 | objective=3.202025 | sum_rate=12.777844 | r_p=309.722168 | r_c=7.101759e+04 | r_s=0.004323 | status=running
[DL Convergence] | phase=optimize | block=3 | epoch=80/120 | active_users=1 | updated_users=1 | objective=3.201932 | sum_rate=12.777473 | r_p=309.722534 | r_c=7.581407e+04 | r_s=0.011877 | status=running
[DL Convergence] | phase=optimize | block=3 | epoch=85/120 | active_users=1 | updated_users=1 | objective=3.201942 | sum_rate=12.777514 | r_p=309.722473 | r_c=8.061046e+04 | r_s=0.010687 | status=running
[DL Convergence] | phase=optimize | block=3 | epoch=90/120 | active_users=1 | updated_users=1 | objective=3.202004 | sum_rate=12.777761 | r_p=309.722229 | r_c=8.540679e+04 | r_s=0.007590 | status=running
[DL Convergence] | phase=optimize | block=3 | epoch=95/120 | active_users=1 | updated_users=1 | objective=3.202003 | sum_rate=12.777757 | r_p=309.722229 | r_c=9.020318e+04 | r_s=0.007338 | status=running
[DL Convergence] | phase=optimize | block=3 | epoch=100/120 | active_users=1 | updated_users=1 | objective=3.202017 | sum_rate=12.777811 | r_p=309.722198 | r_c=9.499957e+04 | r_s=0.004204 | status=running
[DL Convergence] | phase=optimize | block=3 | epoch=105/120 | active_users=1 | updated_users=1 | objective=3.202028 | sum_rate=12.777856 | r_p=309.722137 | r_c=9.979594e+04 | r_s=0.003983 | status=running
[DL Convergence] | phase=optimize | block=3 | epoch=110/120 | active_users=1 | updated_users=1 | objective=3.202027 | sum_rate=12.777853 | r_p=309.722137 | r_c=1.045923e+05 | r_s=0.003618 | status=running
[DL Convergence] | phase=optimize | block=3 | epoch=115/120 | active_users=1 | updated_users=1 | objective=3.201967 | sum_rate=12.777611 | r_p=309.722382 | r_c=1.093888e+05 | r_s=0.008999 | status=running
[DL Convergence] | phase=optimize | block=3 | epoch=120/120 | active_users=1 | updated_users=1 | objective=3.202006 | sum_rate=12.777767 | r_p=309.722229 | r_c=1.141851e+05 | r_s=0.006062 | status=running
  user=01 block=03 candidate n_kl=   2 after updating users [1] still leaves committed users infeasible [1] at search_stage=fixed_step.
  user=01 block=03 candidate n_kl=   3 breaks committed-user feasibility [1] at search_stage=fixed_step; trying fresh re-optimization.
[DL Convergence] | phase=optimize | block=3 | epoch=1/120 | active_users=1 | updated_users=1 | objective=3.798772 | sum_rate=15.159192 | r_p=199.840805 | r_c=19.984081 | r_s=0.001076 | status=running
[DL Convergence] | phase=optimize | block=3 | epoch=5/120 | active_users=1 | updated_users=1 | objective=3.798791 | sum_rate=15.159267 | r_p=199.840729 | r_c=1617.436870 | r_s=0.002795 | status=running
[DL Convergence] | phase=optimize | block=3 | epoch=10/120 | active_users=1 | updated_users=1 | objective=3.798787 | sum_rate=15.159251 | r_p=199.840744 | r_c=3614.252959 | r_s=0.004927 | status=running
[DL Convergence] | phase=optimize | block=3 | epoch=15/120 | active_users=1 | updated_users=1 | objective=3.798786 | sum_rate=15.159248 | r_p=199.840759 | r_c=5611.070359 | r_s=0.005515 | status=running
[DL Convergence] | phase=optimize | block=3 | epoch=20/120 | active_users=1 | updated_users=1 | objective=3.798741 | sum_rate=15.159070 | r_p=199.840927 | r_c=7607.893934 | r_s=0.008950 | status=running
[DL Convergence] | phase=optimize | block=3 | epoch=25/120 | active_users=1 | updated_users=1 | objective=3.798754 | sum_rate=15.159122 | r_p=199.840881 | r_c=9604.711755 | r_s=0.008631 | status=running
[DL Convergence] | phase=optimize | block=3 | epoch=30/120 | active_users=1 | updated_users=1 | objective=3.798770 | sum_rate=15.159184 | r_p=199.840820 | r_c=1.160153e+04 | r_s=0.008014 | status=running
[DL Convergence] | phase=optimize | block=3 | epoch=35/120 | active_users=1 | updated_users=1 | objective=3.798756 | sum_rate=15.159131 | r_p=199.840866 | r_c=1.359835e+04 | r_s=0.006884 | status=running
[DL Convergence] | phase=optimize | block=3 | epoch=40/120 | active_users=1 | updated_users=1 | objective=3.798727 | sum_rate=15.159013 | r_p=199.840988 | r_c=1.559518e+04 | r_s=0.011413 | status=running
[DL Convergence] | phase=optimize | block=3 | epoch=45/120 | active_users=1 | updated_users=1 | objective=3.798784 | sum_rate=15.159242 | r_p=199.840759 | r_c=1.759198e+04 | r_s=0.006630 | status=running
[DL Convergence] | phase=optimize | block=3 | epoch=50/120 | active_users=1 | updated_users=1 | objective=3.798780 | sum_rate=15.159226 | r_p=199.840775 | r_c=1.958880e+04 | r_s=0.005893 | status=running
[DL Convergence] | phase=optimize | block=3 | epoch=55/120 | active_users=1 | updated_users=1 | objective=3.798790 | sum_rate=15.159263 | r_p=199.840744 | r_c=2.158561e+04 | r_s=0.004697 | status=running
[DL Convergence] | phase=optimize | block=3 | epoch=60/120 | active_users=1 | updated_users=1 | objective=3.798793 | sum_rate=15.159276 | r_p=199.840729 | r_c=2.358242e+04 | r_s=0.003487 | status=running
[DL Convergence] | phase=optimize | block=3 | epoch=65/120 | active_users=1 | updated_users=1 | objective=3.798715 | sum_rate=15.158966 | r_p=199.841034 | r_c=2.557928e+04 | r_s=0.012628 | status=running
[DL Convergence] | phase=optimize | block=3 | epoch=70/120 | active_users=1 | updated_users=1 | objective=3.798777 | sum_rate=15.159215 | r_p=199.840790 | r_c=2.757607e+04 | r_s=0.007568 | status=running
[DL Convergence] | phase=optimize | block=3 | epoch=75/120 | active_users=1 | updated_users=1 | objective=3.798775 | sum_rate=15.159205 | r_p=199.840790 | r_c=2.957288e+04 | r_s=0.005621 | status=running
[DL Convergence] | phase=optimize | block=3 | epoch=80/120 | active_users=1 | updated_users=1 | objective=3.798788 | sum_rate=15.159255 | r_p=199.840744 | r_c=3.156969e+04 | r_s=0.005109 | status=running
[DL Convergence] | phase=optimize | block=3 | epoch=85/120 | active_users=1 | updated_users=1 | objective=3.798776 | sum_rate=15.159211 | r_p=199.840790 | r_c=3.356652e+04 | r_s=0.006282 | status=running
[DL Convergence] | phase=optimize | block=3 | epoch=90/120 | active_users=1 | updated_users=1 | objective=3.798773 | sum_rate=15.159196 | r_p=199.840805 | r_c=3.556334e+04 | r_s=0.006533 | status=running
[DL Convergence] | phase=optimize | block=3 | epoch=95/120 | active_users=1 | updated_users=1 | objective=3.798786 | sum_rate=15.159248 | r_p=199.840759 | r_c=3.756015e+04 | r_s=0.007139 | status=running
[DL Convergence] | phase=optimize | block=3 | epoch=100/120 | active_users=1 | updated_users=1 | objective=3.798789 | sum_rate=15.159260 | r_p=199.840744 | r_c=3.955696e+04 | r_s=0.005463 | status=running
[DL Convergence] | phase=optimize | block=3 | epoch=105/120 | active_users=1 | updated_users=1 | objective=3.798795 | sum_rate=15.159286 | r_p=199.840714 | r_c=4.155377e+04 | r_s=0.003858 | status=running
[DL Convergence] | phase=optimize | block=3 | epoch=110/120 | active_users=1 | updated_users=1 | objective=3.798771 | sum_rate=15.159191 | r_p=199.840805 | r_c=4.355060e+04 | r_s=0.006804 | status=running
[DL Convergence] | phase=optimize | block=3 | epoch=115/120 | active_users=1 | updated_users=1 | objective=3.798775 | sum_rate=15.159207 | r_p=199.840790 | r_c=4.554742e+04 | r_s=0.006798 | status=running
[DL Convergence] | phase=optimize | block=3 | epoch=120/120 | active_users=1 | updated_users=1 | objective=3.798794 | sum_rate=15.159279 | r_p=199.840729 | r_c=4.754422e+04 | r_s=0.004965 | status=running
  user=01 block=03 candidate n_kl=   3 after updating users [1] still leaves committed users infeasible [1] at search_stage=fixed_step.
  user=01 block=03 candidate n_kl=   4 breaks committed-user feasibility [1] at search_stage=fixed_step; trying fresh re-optimization.
[DL Convergence] | phase=optimize | block=3 | epoch=1/120 | active_users=1 | updated_users=1 | objective=4.154517 | sum_rate=16.578812 | r_p=144.671188 | r_c=14.467119 | r_s=0.001076 | status=running
[DL Convergence] | phase=optimize | block=3 | epoch=5/120 | active_users=1 | updated_users=1 | objective=4.154539 | sum_rate=16.578899 | r_p=144.671097 | r_c=851.656314 | r_s=0.002071 | status=running
[DL Convergence] | phase=optimize | block=3 | epoch=10/120 | active_users=1 | updated_users=1 | objective=4.154542 | sum_rate=16.578911 | r_p=144.671082 | r_c=1898.142404 | r_s=0.003394 | status=running
[DL Convergence] | phase=optimize | block=3 | epoch=15/120 | active_users=1 | updated_users=1 | objective=4.154540 | sum_rate=16.578903 | r_p=144.671097 | r_c=2944.628895 | r_s=0.003917 | status=running
[DL Convergence] | phase=optimize | block=3 | epoch=20/120 | active_users=1 | updated_users=1 | objective=4.154518 | sum_rate=16.578815 | r_p=144.671188 | r_c=3991.118881 | r_s=0.009361 | status=running
[DL Convergence] | phase=optimize | block=3 | epoch=25/120 | active_users=1 | updated_users=1 | objective=4.154488 | sum_rate=16.578697 | r_p=144.671295 | r_c=5037.610591 | r_s=0.008230 | status=running
[DL Convergence] | phase=optimize | block=3 | epoch=30/120 | active_users=1 | updated_users=1 | objective=4.154527 | sum_rate=16.578850 | r_p=144.671143 | r_c=6084.092672 | r_s=0.005673 | status=running
[DL Convergence] | phase=optimize | block=3 | epoch=35/120 | active_users=1 | updated_users=1 | objective=4.154524 | sum_rate=16.578840 | r_p=144.671158 | r_c=7130.580465 | r_s=0.006077 | status=running
[DL Convergence] | phase=optimize | block=3 | epoch=40/120 | active_users=1 | updated_users=1 | objective=4.154503 | sum_rate=16.578756 | r_p=144.671249 | r_c=8177.073188 | r_s=0.008870 | status=running
[DL Convergence] | phase=optimize | block=3 | epoch=45/120 | active_users=1 | updated_users=1 | objective=4.154514 | sum_rate=16.578798 | r_p=144.671204 | r_c=9223.558436 | r_s=0.006615 | status=running
[DL Convergence] | phase=optimize | block=3 | epoch=50/120 | active_users=1 | updated_users=1 | objective=4.154521 | sum_rate=16.578829 | r_p=144.671173 | r_c=1.027004e+04 | r_s=0.006659 | status=running
[DL Convergence] | phase=optimize | block=3 | epoch=55/120 | active_users=1 | updated_users=1 | objective=4.154526 | sum_rate=16.578846 | r_p=144.671158 | r_c=1.131653e+04 | r_s=0.007782 | status=running
[DL Convergence] | phase=optimize | block=3 | epoch=60/120 | active_users=1 | updated_users=1 | objective=4.154521 | sum_rate=16.578827 | r_p=144.671173 | r_c=1.236302e+04 | r_s=0.005808 | status=running
[DL Convergence] | phase=optimize | block=3 | epoch=65/120 | active_users=1 | updated_users=1 | objective=4.154533 | sum_rate=16.578876 | r_p=144.671127 | r_c=1.340950e+04 | r_s=0.004793 | status=running
[DL Convergence] | phase=optimize | block=3 | epoch=70/120 | active_users=1 | updated_users=1 | objective=4.154514 | sum_rate=16.578800 | r_p=144.671204 | r_c=1.445600e+04 | r_s=0.007191 | status=running
[DL Convergence] | phase=optimize | block=3 | epoch=75/120 | active_users=1 | updated_users=1 | objective=4.154503 | sum_rate=16.578758 | r_p=144.671234 | r_c=1.550249e+04 | r_s=0.007856 | status=running
[DL Convergence] | phase=optimize | block=3 | epoch=80/120 | active_users=1 | updated_users=1 | objective=4.154522 | sum_rate=16.578831 | r_p=144.671173 | r_c=1.654897e+04 | r_s=0.005024 | status=running
[DL Convergence] | phase=optimize | block=3 | epoch=85/120 | active_users=1 | updated_users=1 | objective=4.154537 | sum_rate=16.578890 | r_p=144.671112 | r_c=1.759545e+04 | r_s=0.005109 | status=running
[DL Convergence] | phase=optimize | block=3 | epoch=90/120 | active_users=1 | updated_users=1 | objective=4.154534 | sum_rate=16.578880 | r_p=144.671112 | r_c=1.864194e+04 | r_s=0.004276 | status=running
[DL Convergence] | phase=optimize | block=3 | epoch=95/120 | active_users=1 | updated_users=1 | objective=4.154542 | sum_rate=16.578911 | r_p=144.671082 | r_c=1.968842e+04 | r_s=0.003789 | status=running
[DL Convergence] | phase=optimize | block=3 | epoch=100/120 | active_users=1 | updated_users=1 | objective=4.154504 | sum_rate=16.578762 | r_p=144.671234 | r_c=2.073493e+04 | r_s=0.007256 | status=running
[DL Convergence] | phase=optimize | block=3 | epoch=105/120 | active_users=1 | updated_users=1 | objective=4.154510 | sum_rate=16.578785 | r_p=144.671219 | r_c=2.178141e+04 | r_s=0.006345 | status=running
[DL Convergence] | phase=optimize | block=3 | epoch=110/120 | active_users=1 | updated_users=1 | objective=4.154519 | sum_rate=16.578817 | r_p=144.671188 | r_c=2.282789e+04 | r_s=0.006850 | status=running
[DL Convergence] | phase=optimize | block=3 | epoch=115/120 | active_users=1 | updated_users=1 | objective=4.154534 | sum_rate=16.578878 | r_p=144.671127 | r_c=2.387437e+04 | r_s=0.004748 | status=running
[DL Convergence] | phase=optimize | block=3 | epoch=120/120 | active_users=1 | updated_users=1 | objective=4.154542 | sum_rate=16.578911 | r_p=144.671082 | r_c=2.492085e+04 | r_s=0.003571 | status=running
  user=01 block=03 candidate n_kl=   4 after updating users [1] still leaves committed users infeasible [1] at search_stage=fixed_step.
  user=01 block=03 candidate n_kl=   5 breaks committed-user feasibility [1] at search_stage=fixed_step; trying fresh re-optimization.
[DL Convergence] | phase=optimize | block=3 | epoch=1/120 | active_users=1 | updated_users=1 | objective=4.397289 | sum_rate=17.547607 | r_p=111.452393 | r_c=11.145239 | r_s=0.001076 | status=running
[DL Convergence] | phase=optimize | block=3 | epoch=5/120 | active_users=1 | updated_users=1 | objective=4.397312 | sum_rate=17.547699 | r_p=111.452301 | r_c=508.009999 | r_s=0.002352 | status=running
[DL Convergence] | phase=optimize | block=3 | epoch=10/120 | active_users=1 | updated_users=1 | objective=4.397318 | sum_rate=17.547722 | r_p=111.452278 | r_c=1129.090487 | r_s=0.002143 | status=running
[DL Convergence] | phase=optimize | block=3 | epoch=15/120 | active_users=1 | updated_users=1 | objective=4.397305 | sum_rate=17.547668 | r_p=111.452332 | r_c=1750.171883 | r_s=0.005106 | status=running
[DL Convergence] | phase=optimize | block=3 | epoch=20/120 | active_users=1 | updated_users=1 | objective=4.397306 | sum_rate=17.547676 | r_p=111.452324 | r_c=2371.252839 | r_s=0.005064 | status=running
[DL Convergence] | phase=optimize | block=3 | epoch=25/120 | active_users=1 | updated_users=1 | objective=4.397292 | sum_rate=17.547619 | r_p=111.452377 | r_c=2992.335358 | r_s=0.006667 | status=running
[DL Convergence] | phase=optimize | block=3 | epoch=30/120 | active_users=1 | updated_users=1 | objective=4.397297 | sum_rate=17.547638 | r_p=111.452362 | r_c=3613.416535 | r_s=0.005855 | status=running
[DL Convergence] | phase=optimize | block=3 | epoch=35/120 | active_users=1 | updated_users=1 | objective=4.397300 | sum_rate=17.547651 | r_p=111.452347 | r_c=4234.497397 | r_s=0.005339 | status=running
[DL Convergence] | phase=optimize | block=3 | epoch=40/120 | active_users=1 | updated_users=1 | objective=4.397292 | sum_rate=17.547619 | r_p=111.452377 | r_c=4855.579981 | r_s=0.005895 | status=running
[DL Convergence] | phase=optimize | block=3 | epoch=45/120 | active_users=1 | updated_users=1 | objective=4.397267 | sum_rate=17.547520 | r_p=111.452484 | r_c=5476.667029 | r_s=0.009596 | status=running
[DL Convergence] | phase=optimize | block=3 | epoch=50/120 | active_users=1 | updated_users=1 | objective=4.397295 | sum_rate=17.547630 | r_p=111.452370 | r_c=6097.743315 | r_s=0.006023 | status=running
[DL Convergence] | phase=optimize | block=3 | epoch=55/120 | active_users=1 | updated_users=1 | objective=4.397301 | sum_rate=17.547653 | r_p=111.452347 | r_c=6718.823471 | r_s=0.005272 | status=running
[DL Convergence] | phase=optimize | block=3 | epoch=60/120 | active_users=1 | updated_users=1 | objective=4.397309 | sum_rate=17.547688 | r_p=111.452316 | r_c=7339.902648 | r_s=0.004516 | status=running
[DL Convergence] | phase=optimize | block=3 | epoch=65/120 | active_users=1 | updated_users=1 | objective=4.397304 | sum_rate=17.547667 | r_p=111.452332 | r_c=7960.984670 | r_s=0.005421 | status=running
[DL Convergence] | phase=optimize | block=3 | epoch=70/120 | active_users=1 | updated_users=1 | objective=4.397293 | sum_rate=17.547623 | r_p=111.452377 | r_c=8582.069551 | r_s=0.007060 | status=running
[DL Convergence] | phase=optimize | block=3 | epoch=75/120 | active_users=1 | updated_users=1 | objective=4.397303 | sum_rate=17.547661 | r_p=111.452339 | r_c=9203.148022 | r_s=0.005941 | status=running
[DL Convergence] | phase=optimize | block=3 | epoch=80/120 | active_users=1 | updated_users=1 | objective=4.397314 | sum_rate=17.547707 | r_p=111.452293 | r_c=9824.225131 | r_s=0.003348 | status=running
[DL Convergence] | phase=optimize | block=3 | epoch=85/120 | active_users=1 | updated_users=1 | objective=4.397255 | sum_rate=17.547470 | r_p=111.452530 | r_c=1.044533e+04 | r_s=0.009871 | status=running
[DL Convergence] | phase=optimize | block=3 | epoch=90/120 | active_users=1 | updated_users=1 | objective=4.397288 | sum_rate=17.547602 | r_p=111.452400 | r_c=1.106640e+04 | r_s=0.006738 | status=running
[DL Convergence] | phase=optimize | block=3 | epoch=95/120 | active_users=1 | updated_users=1 | objective=4.397299 | sum_rate=17.547646 | r_p=111.452354 | r_c=1.168748e+04 | r_s=0.005823 | status=running
[DL Convergence] | phase=optimize | block=3 | epoch=100/120 | active_users=1 | updated_users=1 | objective=4.397315 | sum_rate=17.547710 | r_p=111.452286 | r_c=1.230855e+04 | r_s=0.003078 | status=running
[DL Convergence] | phase=optimize | block=3 | epoch=105/120 | active_users=1 | updated_users=1 | objective=4.397312 | sum_rate=17.547699 | r_p=111.452301 | r_c=1.292963e+04 | r_s=0.003697 | status=running
[DL Convergence] | phase=optimize | block=3 | epoch=110/120 | active_users=1 | updated_users=1 | objective=4.397315 | sum_rate=17.547710 | r_p=111.452286 | r_c=1.355071e+04 | r_s=0.003076 | status=running
[DL Convergence] | phase=optimize | block=3 | epoch=115/120 | active_users=1 | updated_users=1 | objective=4.397233 | sum_rate=17.547382 | r_p=111.452621 | r_c=1.417183e+04 | r_s=0.010890 | status=running
[DL Convergence] | phase=optimize | block=3 | epoch=120/120 | active_users=1 | updated_users=1 | objective=4.397283 | sum_rate=17.547581 | r_p=111.452423 | r_c=1.479289e+04 | r_s=0.008087 | status=running
  user=01 block=03 candidate n_kl=   5 after updating users [1] still leaves committed users infeasible [1] at search_stage=fixed_step.
  user=01 block=03 candidate n_kl=   6 breaks committed-user feasibility [1] at search_stage=fixed_step; trying fresh re-optimization.
[DL Convergence] | phase=optimize | block=3 | epoch=1/120 | active_users=1 | updated_users=1 | objective=4.576496 | sum_rate=18.262741 | r_p=89.237259 | r_c=8.923726 | r_s=0.001076 | status=running
[DL Convergence] | phase=optimize | block=3 | epoch=5/120 | active_users=1 | updated_users=1 | objective=4.576521 | sum_rate=18.262840 | r_p=89.237160 | r_c=327.454706 | r_s=0.002297 | status=running
[DL Convergence] | phase=optimize | block=3 | epoch=10/120 | active_users=1 | updated_users=1 | objective=4.576521 | sum_rate=18.262840 | r_p=89.237160 | r_c=725.618220 | r_s=0.003139 | status=running
[DL Convergence] | phase=optimize | block=3 | epoch=15/120 | active_users=1 | updated_users=1 | objective=4.576525 | sum_rate=18.262857 | r_p=89.237144 | r_c=1123.781514 | r_s=0.002347 | status=running
[DL Convergence] | phase=optimize | block=3 | epoch=20/120 | active_users=1 | updated_users=1 | objective=4.576517 | sum_rate=18.262823 | r_p=89.237175 | r_c=1521.945480 | r_s=0.004344 | status=running
[DL Convergence] | phase=optimize | block=3 | epoch=25/120 | active_users=1 | updated_users=1 | objective=4.576509 | sum_rate=18.262791 | r_p=89.237213 | r_c=1920.109916 | r_s=0.005116 | status=running
[DL Convergence] | phase=optimize | block=3 | epoch=30/120 | active_users=1 | updated_users=1 | objective=4.576509 | sum_rate=18.262791 | r_p=89.237213 | r_c=2318.273879 | r_s=0.005214 | status=running
[DL Convergence] | phase=optimize | block=3 | epoch=35/120 | active_users=1 | updated_users=1 | objective=4.576474 | sum_rate=18.262653 | r_p=89.237350 | r_c=2716.442253 | r_s=0.009207 | status=running
[DL Convergence] | phase=optimize | block=3 | epoch=40/120 | active_users=1 | updated_users=1 | objective=4.576502 | sum_rate=18.262766 | r_p=89.237236 | r_c=3114.603120 | r_s=0.005604 | status=running
[DL Convergence] | phase=optimize | block=3 | epoch=45/120 | active_users=1 | updated_users=1 | objective=4.576515 | sum_rate=18.262817 | r_p=89.237183 | r_c=3512.765117 | r_s=0.004658 | status=running
[DL Convergence] | phase=optimize | block=3 | epoch=50/120 | active_users=1 | updated_users=1 | objective=4.576520 | sum_rate=18.262836 | r_p=89.237167 | r_c=3910.928159 | r_s=0.003801 | status=running
[DL Convergence] | phase=optimize | block=3 | epoch=55/120 | active_users=1 | updated_users=1 | objective=4.576467 | sum_rate=18.262623 | r_p=89.237381 | r_c=4309.102349 | r_s=0.009237 | status=running
[DL Convergence] | phase=optimize | block=3 | epoch=60/120 | active_users=1 | updated_users=1 | objective=4.576506 | sum_rate=18.262781 | r_p=89.237221 | r_c=4707.258909 | r_s=0.006321 | status=running
[DL Convergence] | phase=optimize | block=3 | epoch=65/120 | active_users=1 | updated_users=1 | objective=4.576511 | sum_rate=18.262802 | r_p=89.237198 | r_c=5105.421569 | r_s=0.003985 | status=running
[DL Convergence] | phase=optimize | block=3 | epoch=70/120 | active_users=1 | updated_users=1 | objective=4.576521 | sum_rate=18.262840 | r_p=89.237160 | r_c=5503.583009 | r_s=0.004425 | status=running
[DL Convergence] | phase=optimize | block=3 | epoch=75/120 | active_users=1 | updated_users=1 | objective=4.576488 | sum_rate=18.262707 | r_p=89.237289 | r_c=5901.755202 | r_s=0.007454 | status=running
[DL Convergence] | phase=optimize | block=3 | epoch=80/120 | active_users=1 | updated_users=1 | objective=4.576497 | sum_rate=18.262745 | r_p=89.237259 | r_c=6299.917861 | r_s=0.005437 | status=running
[DL Convergence] | phase=optimize | block=3 | epoch=85/120 | active_users=1 | updated_users=1 | objective=4.576509 | sum_rate=18.262793 | r_p=89.237206 | r_c=6698.078169 | r_s=0.006077 | status=running
[DL Convergence] | phase=optimize | block=3 | epoch=90/120 | active_users=1 | updated_users=1 | objective=4.576518 | sum_rate=18.262829 | r_p=89.237167 | r_c=7096.238990 | r_s=0.003100 | status=running
[DL Convergence] | phase=optimize | block=3 | epoch=95/120 | active_users=1 | updated_users=1 | objective=4.576519 | sum_rate=18.262835 | r_p=89.237167 | r_c=7494.402592 | r_s=0.004040 | status=running
[DL Convergence] | phase=optimize | block=3 | epoch=100/120 | active_users=1 | updated_users=1 | objective=4.576491 | sum_rate=18.262720 | r_p=89.237282 | r_c=7892.576383 | r_s=0.007145 | status=running
[DL Convergence] | phase=optimize | block=3 | epoch=105/120 | active_users=1 | updated_users=1 | objective=4.576502 | sum_rate=18.262766 | r_p=89.237236 | r_c=8290.736672 | r_s=0.004846 | status=running
[DL Convergence] | phase=optimize | block=3 | epoch=110/120 | active_users=1 | updated_users=1 | objective=4.576513 | sum_rate=18.262810 | r_p=89.237190 | r_c=8688.896300 | r_s=0.004251 | status=running
[DL Convergence] | phase=optimize | block=3 | epoch=115/120 | active_users=1 | updated_users=1 | objective=4.576516 | sum_rate=18.262821 | r_p=89.237183 | r_c=9087.059275 | r_s=0.004411 | status=running
[DL Convergence] | phase=optimize | block=3 | epoch=120/120 | active_users=1 | updated_users=1 | objective=4.576517 | sum_rate=18.262825 | r_p=89.237175 | r_c=9485.222147 | r_s=0.003973 | status=running
  user=01 block=03 candidate n_kl=   6 after updating users [1] still leaves committed users infeasible [1] at search_stage=fixed_step.
  user=01 block=03 candidate n_kl=   7 breaks committed-user feasibility [1] at search_stage=fixed_step; trying fresh re-optimization.
[DL Convergence] | phase=optimize | block=3 | epoch=1/120 | active_users=1 | updated_users=1 | objective=4.715776 | sum_rate=18.818544 | r_p=73.324318 | r_c=7.332432 | r_s=0.001076 | status=running
[DL Convergence] | phase=optimize | block=3 | epoch=5/120 | active_users=1 | updated_users=1 | objective=4.715802 | sum_rate=18.818649 | r_p=73.324211 | r_c=222.390181 | r_s=0.002180 | status=running
[DL Convergence] | phase=optimize | block=3 | epoch=10/120 | active_users=1 | updated_users=1 | objective=4.715802 | sum_rate=18.818649 | r_p=73.324211 | r_c=491.212183 | r_s=0.002518 | status=running
[DL Convergence] | phase=optimize | block=3 | epoch=15/120 | active_users=1 | updated_users=1 | objective=4.715805 | sum_rate=18.818661 | r_p=73.324203 | r_c=760.034067 | r_s=0.002460 | status=running
[DL Convergence] | phase=optimize | block=3 | epoch=20/120 | active_users=1 | updated_users=1 | objective=4.715806 | sum_rate=18.818665 | r_p=73.324196 | r_c=1028.855879 | r_s=0.001773 | status=running
[DL Convergence] | phase=optimize | block=3 | epoch=25/120 | active_users=1 | updated_users=1 | objective=4.715788 | sum_rate=18.818592 | r_p=73.324265 | r_c=1297.679018 | r_s=0.005485 | status=running
[DL Convergence] | phase=optimize | block=3 | epoch=30/120 | active_users=1 | updated_users=1 | objective=4.715791 | sum_rate=18.818605 | r_p=73.324257 | r_c=1566.501255 | r_s=0.004599 | status=running
[DL Convergence] | phase=optimize | block=3 | epoch=35/120 | active_users=1 | updated_users=1 | objective=4.715793 | sum_rate=18.818611 | r_p=73.324249 | r_c=1835.323346 | r_s=0.004624 | status=running
[DL Convergence] | phase=optimize | block=3 | epoch=40/120 | active_users=1 | updated_users=1 | objective=4.715800 | sum_rate=18.818640 | r_p=73.324219 | r_c=2104.144668 | r_s=0.003719 | status=running
[DL Convergence] | phase=optimize | block=3 | epoch=45/120 | active_users=1 | updated_users=1 | objective=4.715790 | sum_rate=18.818600 | r_p=73.324265 | r_c=2372.968264 | r_s=0.005246 | status=running
[DL Convergence] | phase=optimize | block=3 | epoch=50/120 | active_users=1 | updated_users=1 | objective=4.715782 | sum_rate=18.818569 | r_p=73.324295 | r_c=2641.791870 | r_s=0.005456 | status=running
[DL Convergence] | phase=optimize | block=3 | epoch=55/120 | active_users=1 | updated_users=1 | objective=4.715795 | sum_rate=18.818621 | r_p=73.324242 | r_c=2910.612306 | r_s=0.005703 | status=running
[DL Convergence] | phase=optimize | block=3 | epoch=60/120 | active_users=1 | updated_users=1 | objective=4.715792 | sum_rate=18.818607 | r_p=73.324249 | r_c=3179.434818 | r_s=0.004132 | status=running
[DL Convergence] | phase=optimize | block=3 | epoch=65/120 | active_users=1 | updated_users=1 | objective=4.715772 | sum_rate=18.818529 | r_p=73.324333 | r_c=3448.261187 | r_s=0.008014 | status=running
[DL Convergence] | phase=optimize | block=3 | epoch=70/120 | active_users=1 | updated_users=1 | objective=4.715784 | sum_rate=18.818575 | r_p=73.324287 | r_c=3717.081613 | r_s=0.006567 | status=running
[DL Convergence] | phase=optimize | block=3 | epoch=75/120 | active_users=1 | updated_users=1 | objective=4.715791 | sum_rate=18.818604 | r_p=73.324257 | r_c=3985.902370 | r_s=0.004464 | status=running
[DL Convergence] | phase=optimize | block=3 | epoch=80/120 | active_users=1 | updated_users=1 | objective=4.715805 | sum_rate=18.818661 | r_p=73.324203 | r_c=4254.721492 | r_s=0.002864 | status=running
[DL Convergence] | phase=optimize | block=3 | epoch=85/120 | active_users=1 | updated_users=1 | objective=4.715803 | sum_rate=18.818651 | r_p=73.324211 | r_c=4523.543931 | r_s=0.003052 | status=running
[DL Convergence] | phase=optimize | block=3 | epoch=90/120 | active_users=1 | updated_users=1 | objective=4.715744 | sum_rate=18.818417 | r_p=73.324448 | r_c=4792.381532 | r_s=0.009577 | status=running
[DL Convergence] | phase=optimize | block=3 | epoch=95/120 | active_users=1 | updated_users=1 | objective=4.715766 | sum_rate=18.818504 | r_p=73.324356 | r_c=5061.198759 | r_s=0.008740 | status=running
[DL Convergence] | phase=optimize | block=3 | epoch=100/120 | active_users=1 | updated_users=1 | objective=4.715788 | sum_rate=18.818592 | r_p=73.324265 | r_c=5330.014923 | r_s=0.004066 | status=running
[DL Convergence] | phase=optimize | block=3 | epoch=105/120 | active_users=1 | updated_users=1 | objective=4.715799 | sum_rate=18.818638 | r_p=73.324219 | r_c=5598.833777 | r_s=0.004638 | status=running
[DL Convergence] | phase=optimize | block=3 | epoch=110/120 | active_users=1 | updated_users=1 | objective=4.715801 | sum_rate=18.818644 | r_p=73.324219 | r_c=5867.655841 | r_s=0.003817 | status=running
[DL Convergence] | phase=optimize | block=3 | epoch=115/120 | active_users=1 | updated_users=1 | objective=4.715802 | sum_rate=18.818649 | r_p=73.324211 | r_c=6136.477221 | r_s=0.002656 | status=running
[DL Convergence] | phase=optimize | block=3 | epoch=120/120 | active_users=1 | updated_users=1 | objective=4.715759 | sum_rate=18.818478 | r_p=73.324387 | r_c=6405.314709 | r_s=0.008236 | status=running
  user=01 block=03 candidate n_kl=   7 after updating users [1] still leaves committed users infeasible [1] at search_stage=fixed_step.
  user=01 block=03 candidate n_kl=   8 breaks committed-user feasibility [1] at search_stage=fixed_step; trying fresh re-optimization.
[DL Convergence] | phase=optimize | block=3 | epoch=1/120 | active_users=1 | updated_users=1 | objective=4.828046 | sum_rate=19.266563 | r_p=61.358437 | r_c=6.135844 | r_s=0.001076 | status=running
[DL Convergence] | phase=optimize | block=3 | epoch=5/120 | active_users=1 | updated_users=1 | objective=4.828073 | sum_rate=19.266670 | r_p=61.358330 | r_c=156.729766 | r_s=0.002074 | status=running
[DL Convergence] | phase=optimize | block=3 | epoch=10/120 | active_users=1 | updated_users=1 | objective=4.828074 | sum_rate=19.266678 | r_p=61.358322 | r_c=344.971959 | r_s=0.001547 | status=running
[DL Convergence] | phase=optimize | block=3 | epoch=15/120 | active_users=1 | updated_users=1 | objective=4.828076 | sum_rate=19.266685 | r_p=61.358315 | r_c=533.214075 | r_s=0.001976 | status=running
[DL Convergence] | phase=optimize | block=3 | epoch=20/120 | active_users=1 | updated_users=1 | objective=4.828077 | sum_rate=19.266689 | r_p=61.358311 | r_c=721.456171 | r_s=0.001855 | status=running
[DL Convergence] | phase=optimize | block=3 | epoch=25/120 | active_users=1 | updated_users=1 | objective=4.828073 | sum_rate=19.266670 | r_p=61.358330 | r_c=909.698582 | r_s=0.003079 | status=running
[DL Convergence] | phase=optimize | block=3 | epoch=30/120 | active_users=1 | updated_users=1 | objective=4.828072 | sum_rate=19.266666 | r_p=61.358334 | r_c=1097.940873 | r_s=0.003156 | status=running
[DL Convergence] | phase=optimize | block=3 | epoch=35/120 | active_users=1 | updated_users=1 | objective=4.828068 | sum_rate=19.266651 | r_p=61.358349 | r_c=1286.183480 | r_s=0.003609 | status=running
[DL Convergence] | phase=optimize | block=3 | epoch=40/120 | active_users=1 | updated_users=1 | objective=4.828066 | sum_rate=19.266645 | r_p=61.358353 | r_c=1474.426007 | r_s=0.004542 | status=running
[DL Convergence] | phase=optimize | block=3 | epoch=45/120 | active_users=1 | updated_users=1 | objective=4.828068 | sum_rate=19.266651 | r_p=61.358349 | r_c=1662.668269 | r_s=0.003866 | status=running
[DL Convergence] | phase=optimize | block=3 | epoch=50/120 | active_users=1 | updated_users=1 | objective=4.828062 | sum_rate=19.266626 | r_p=61.358376 | r_c=1850.911433 | r_s=0.004809 | status=running
[DL Convergence] | phase=optimize | block=3 | epoch=55/120 | active_users=1 | updated_users=1 | objective=4.828062 | sum_rate=19.266628 | r_p=61.358372 | r_c=2039.153821 | r_s=0.005205 | status=running
[DL Convergence] | phase=optimize | block=3 | epoch=60/120 | active_users=1 | updated_users=1 | objective=4.828064 | sum_rate=19.266636 | r_p=61.358364 | r_c=2227.396000 | r_s=0.004632 | status=running
[DL Convergence] | phase=optimize | block=3 | epoch=65/120 | active_users=1 | updated_users=1 | objective=4.828066 | sum_rate=19.266644 | r_p=61.358356 | r_c=2415.638170 | r_s=0.004024 | status=running
[DL Convergence] | phase=optimize | block=3 | epoch=70/120 | active_users=1 | updated_users=1 | objective=4.828065 | sum_rate=19.266642 | r_p=61.358360 | r_c=2603.880755 | r_s=0.004377 | status=running
[DL Convergence] | phase=optimize | block=3 | epoch=75/120 | active_users=1 | updated_users=1 | objective=4.828051 | sum_rate=19.266582 | r_p=61.358418 | r_c=2792.125827 | r_s=0.006390 | status=running
[DL Convergence] | phase=optimize | block=3 | epoch=80/120 | active_users=1 | updated_users=1 | objective=4.828071 | sum_rate=19.266663 | r_p=61.358337 | r_c=2980.364587 | r_s=0.003659 | status=running
[DL Convergence] | phase=optimize | block=3 | epoch=85/120 | active_users=1 | updated_users=1 | objective=4.828067 | sum_rate=19.266647 | r_p=61.358353 | r_c=3168.607698 | r_s=0.003720 | status=running
[DL Convergence] | phase=optimize | block=3 | epoch=90/120 | active_users=1 | updated_users=1 | objective=4.828072 | sum_rate=19.266666 | r_p=61.358334 | r_c=3356.848982 | r_s=0.003542 | status=running
[DL Convergence] | phase=optimize | block=3 | epoch=95/120 | active_users=1 | updated_users=1 | objective=4.828061 | sum_rate=19.266624 | r_p=61.358376 | r_c=3545.093729 | r_s=0.005018 | status=running
[DL Convergence] | phase=optimize | block=3 | epoch=100/120 | active_users=1 | updated_users=1 | objective=4.828054 | sum_rate=19.266596 | r_p=61.358406 | r_c=3733.338173 | r_s=0.006219 | status=running
[DL Convergence] | phase=optimize | block=3 | epoch=105/120 | active_users=1 | updated_users=1 | objective=4.828065 | sum_rate=19.266640 | r_p=61.358360 | r_c=3921.577863 | r_s=0.004893 | status=running
[DL Convergence] | phase=optimize | block=3 | epoch=110/120 | active_users=1 | updated_users=1 | objective=4.828063 | sum_rate=19.266632 | r_p=61.358368 | r_c=4109.820821 | r_s=0.004682 | status=running
[DL Convergence] | phase=optimize | block=3 | epoch=115/120 | active_users=1 | updated_users=1 | objective=4.828070 | sum_rate=19.266659 | r_p=61.358341 | r_c=4298.061391 | r_s=0.003395 | status=running
[DL Convergence] | phase=optimize | block=3 | epoch=120/120 | active_users=1 | updated_users=1 | objective=4.828067 | sum_rate=19.266647 | r_p=61.358353 | r_c=4486.304531 | r_s=0.004285 | status=running
  user=01 block=03 candidate n_kl=   8 after updating users [1] still leaves committed users infeasible [1] at search_stage=fixed_step.
  user=01 block=03 candidate n_kl=   9 breaks committed-user feasibility [1] at search_stage=fixed_step; trying fresh re-optimization.
[DL Convergence] | phase=optimize | block=3 | epoch=1/120 | active_users=1 | updated_users=1 | objective=4.921041 | sum_rate=19.637665 | r_p=52.028999 | r_c=5.202900 | r_s=0.001075 | status=running
[DL Convergence] | phase=optimize | block=3 | epoch=5/120 | active_users=1 | updated_users=1 | objective=4.921068 | sum_rate=19.637772 | r_p=52.028893 | r_c=113.483248 | r_s=0.001985 | status=running
[DL Convergence] | phase=optimize | block=3 | epoch=10/120 | active_users=1 | updated_users=1 | objective=4.921070 | sum_rate=19.637781 | r_p=52.028885 | r_c=248.833501 | r_s=0.001673 | status=running
[DL Convergence] | phase=optimize | block=3 | epoch=15/120 | active_users=1 | updated_users=1 | objective=4.921071 | sum_rate=19.637785 | r_p=52.028877 | r_c=384.183684 | r_s=0.001356 | status=running
[DL Convergence] | phase=optimize | block=3 | epoch=20/120 | active_users=1 | updated_users=1 | objective=4.921072 | sum_rate=19.637789 | r_p=52.028877 | r_c=519.533887 | r_s=0.001957 | status=running
[DL Convergence] | phase=optimize | block=3 | epoch=23/120 | active_users=1 | updated_users=1 | objective=4.921073 | sum_rate=19.637794 | r_p=52.028870 | r_c=600.743917 | r_s=9.365831e-04 | status=stationary_infeasible
  user=01 block=03 candidate n_kl=   9 after updating users [1] still leaves committed users infeasible [1] at search_stage=fixed_step.
  user=01 block=03 candidate n_kl=  10 breaks committed-user feasibility [1] at search_stage=fixed_step; trying fresh re-optimization.
[DL Convergence] | phase=optimize | block=3 | epoch=1/120 | active_users=1 | updated_users=1 | objective=4.999712 | sum_rate=19.951607 | r_p=44.548393 | r_c=4.454839 | r_s=0.001075 | status=running
[DL Convergence] | phase=optimize | block=3 | epoch=5/120 | active_users=1 | updated_users=1 | objective=4.999738 | sum_rate=19.951710 | r_p=44.548290 | r_c=83.836953 | r_s=0.001905 | status=running
[DL Convergence] | phase=optimize | block=3 | epoch=10/120 | active_users=1 | updated_users=1 | objective=4.999741 | sum_rate=19.951721 | r_p=44.548279 | r_c=183.064414 | r_s=0.001499 | status=running
[DL Convergence] | phase=optimize | block=3 | epoch=15/120 | active_users=1 | updated_users=1 | objective=4.999741 | sum_rate=19.951721 | r_p=44.548279 | r_c=282.291871 | r_s=0.002294 | status=running
[DL Convergence] | phase=optimize | block=3 | epoch=20/120 | active_users=1 | updated_users=1 | objective=4.999743 | sum_rate=19.951729 | r_p=44.548271 | r_c=381.519255 | r_s=0.001619 | status=running
[DL Convergence] | phase=optimize | block=3 | epoch=25/120 | active_users=1 | updated_users=1 | objective=4.999743 | sum_rate=19.951731 | r_p=44.548271 | r_c=480.746675 | r_s=0.001627 | status=running
[DL Convergence] | phase=optimize | block=3 | epoch=28/120 | active_users=1 | updated_users=1 | objective=4.999745 | sum_rate=19.951736 | r_p=44.548264 | r_c=540.283033 | r_s=8.252109e-04 | status=stationary_infeasible
  user=01 block=03 candidate n_kl=  10 after updating users [1] still leaves committed users infeasible [1] at search_stage=fixed_step.
  user=01 block=03 candidate n_kl=  11 breaks committed-user feasibility [1] at search_stage=fixed_step; trying fresh re-optimization.
[DL Convergence] | phase=optimize | block=3 | epoch=1/120 | active_users=1 | updated_users=1 | objective=5.067395 | sum_rate=20.221699 | r_p=38.414665 | r_c=3.841467 | r_s=0.001075 | status=running
[DL Convergence] | phase=optimize | block=3 | epoch=5/120 | active_users=1 | updated_users=1 | objective=5.067420 | sum_rate=20.221798 | r_p=38.414566 | r_c=62.868709 | r_s=0.001830 | status=running
[DL Convergence] | phase=optimize | block=3 | epoch=10/120 | active_users=1 | updated_users=1 | objective=5.067424 | sum_rate=20.221813 | r_p=38.414551 | r_c=136.652594 | r_s=0.001424 | status=running
[DL Convergence] | phase=optimize | block=3 | epoch=15/120 | active_users=1 | updated_users=1 | objective=5.067425 | sum_rate=20.221817 | r_p=38.414547 | r_c=210.436456 | r_s=0.001177 | status=running
[DL Convergence] | phase=optimize | block=3 | epoch=20/120 | active_users=1 | updated_users=1 | objective=5.067425 | sum_rate=20.221817 | r_p=38.414547 | r_c=284.220327 | r_s=0.002275 | status=running
[DL Convergence] | phase=optimize | block=3 | epoch=21/120 | active_users=1 | updated_users=1 | objective=5.067426 | sum_rate=20.221823 | r_p=38.414543 | r_c=298.977071 | r_s=9.962502e-04 | status=stationary_infeasible
  user=01 block=03 candidate n_kl=  11 after updating users [1] still leaves committed users infeasible [1] at search_stage=fixed_step.
  user=01 block=03 candidate n_kl=  12 breaks committed-user feasibility [1] at search_stage=fixed_step; trying fresh re-optimization.
[DL Convergence] | phase=optimize | block=3 | epoch=1/120 | active_users=1 | updated_users=1 | objective=5.126431 | sum_rate=20.457283 | r_p=33.292717 | r_c=3.329272 | r_s=0.001075 | status=running
[DL Convergence] | phase=optimize | block=3 | epoch=5/120 | active_users=1 | updated_users=1 | objective=5.126456 | sum_rate=20.457382 | r_p=33.292618 | r_c=47.665288 | r_s=0.001756 | status=running
[DL Convergence] | phase=optimize | block=3 | epoch=10/120 | active_users=1 | updated_users=1 | objective=5.126459 | sum_rate=20.457394 | r_p=33.292606 | r_c=103.085170 | r_s=0.001369 | status=running
[DL Convergence] | phase=optimize | block=3 | epoch=15/120 | active_users=1 | updated_users=1 | objective=5.126461 | sum_rate=20.457401 | r_p=33.292599 | r_c=158.505008 | r_s=0.001224 | status=running
[DL Convergence] | phase=optimize | block=3 | epoch=20/120 | active_users=1 | updated_users=1 | objective=5.126462 | sum_rate=20.457409 | r_p=33.292591 | r_c=213.924810 | r_s=0.001468 | status=running
[DL Convergence] | phase=optimize | block=3 | epoch=23/120 | active_users=1 | updated_users=1 | objective=5.126463 | sum_rate=20.457413 | r_p=33.292587 | r_c=247.176681 | r_s=8.510380e-04 | status=stationary_infeasible
  user=01 block=03 candidate n_kl=  12 after updating users [1] still leaves committed users infeasible [1] at search_stage=fixed_step.
  user=01 block=03 candidate n_kl=  13 breaks committed-user feasibility [1] at search_stage=fixed_step; trying fresh re-optimization.
[DL Convergence] | phase=optimize | block=3 | epoch=1/120 | active_users=1 | updated_users=1 | objective=5.178516 | sum_rate=20.665133 | r_p=28.950251 | r_c=2.895025 | r_s=0.001075 | status=running
[DL Convergence] | phase=optimize | block=3 | epoch=5/120 | active_users=1 | updated_users=1 | objective=5.178540 | sum_rate=20.665226 | r_p=28.950157 | r_c=36.419554 | r_s=0.001684 | status=running
[DL Convergence] | phase=optimize | block=3 | epoch=10/120 | active_users=1 | updated_users=1 | objective=5.178544 | sum_rate=20.665243 | r_p=28.950140 | r_c=78.325078 | r_s=0.001244 | status=running
[DL Convergence] | phase=optimize | block=3 | epoch=15/120 | active_users=1 | updated_users=1 | objective=5.178546 | sum_rate=20.665253 | r_p=28.950130 | r_c=120.230561 | r_s=0.001059 | status=running
[DL Convergence] | phase=optimize | block=3 | epoch=20/120 | active_users=1 | updated_users=1 | objective=5.178548 | sum_rate=20.665258 | r_p=28.950125 | r_c=162.136028 | r_s=0.001295 | status=running
[DL Convergence] | phase=optimize | block=3 | epoch=23/120 | active_users=1 | updated_users=1 | objective=5.178548 | sum_rate=20.665258 | r_p=28.950125 | r_c=187.279319 | r_s=9.327352e-04 | status=stationary_infeasible
  user=01 block=03 candidate n_kl=  13 after updating users [1] still leaves committed users infeasible [1] at search_stage=fixed_step.
  user=01 block=03 candidate n_kl=  14 breaks committed-user feasibility [1] at search_stage=fixed_step; trying fresh re-optimization.
[DL Convergence] | phase=optimize | block=3 | epoch=1/120 | active_users=1 | updated_users=1 | objective=5.224916 | sum_rate=20.850294 | r_p=25.221136 | r_c=2.522114 | r_s=0.001075 | status=running
[DL Convergence] | phase=optimize | block=3 | epoch=5/120 | active_users=1 | updated_users=1 | objective=5.224938 | sum_rate=20.850382 | r_p=25.221048 | r_c=27.966218 | r_s=0.001612 | status=running
[DL Convergence] | phase=optimize | block=3 | epoch=10/120 | active_users=1 | updated_users=1 | objective=5.224944 | sum_rate=20.850405 | r_p=25.221025 | r_c=59.771214 | r_s=0.001135 | status=running
[DL Convergence] | phase=optimize | block=3 | epoch=15/120 | active_users=1 | updated_users=1 | objective=5.224946 | sum_rate=20.850414 | r_p=25.221016 | r_c=91.576180 | r_s=0.001018 | status=running
[DL Convergence] | phase=optimize | block=3 | epoch=16/120 | active_users=1 | updated_users=1 | objective=5.224946 | sum_rate=20.850414 | r_p=25.221016 | r_c=97.937176 | r_s=9.439612e-04 | status=stationary_infeasible
  user=01 block=03 candidate n_kl=  14 after updating users [1] still leaves committed users infeasible [1] at search_stage=fixed_step.
  user=01 block=03 candidate n_kl=  15 breaks committed-user feasibility [1] at search_stage=fixed_step; trying fresh re-optimization.
[DL Convergence] | phase=optimize | block=3 | epoch=1/120 | active_users=1 | updated_users=1 | objective=5.266595 | sum_rate=21.016617 | r_p=21.983383 | r_c=2.198338 | r_s=0.001075 | status=running
[DL Convergence] | phase=optimize | block=3 | epoch=5/120 | active_users=1 | updated_users=1 | objective=5.266616 | sum_rate=21.016699 | r_p=21.983301 | r_c=21.529001 | r_s=0.001543 | status=running
[DL Convergence] | phase=optimize | block=3 | epoch=10/120 | active_users=1 | updated_users=1 | objective=5.266622 | sum_rate=21.016724 | r_p=21.983276 | r_c=45.692210 | r_s=0.001086 | status=running
[DL Convergence] | phase=optimize | block=3 | epoch=14/120 | active_users=1 | updated_users=1 | objective=5.266624 | sum_rate=21.016733 | r_p=21.983267 | r_c=65.022753 | r_s=9.886768e-04 | status=stationary_infeasible
  user=01 block=03 candidate n_kl=  15 after updating users [1] still leaves committed users infeasible [1] at search_stage=fixed_step.
  user=01 block=03 candidate n_kl=  16 breaks committed-user feasibility [1] at search_stage=fixed_step; trying fresh re-optimization.
[DL Convergence] | phase=optimize | block=3 | epoch=1/120 | active_users=1 | updated_users=1 | objective=5.304303 | sum_rate=21.167089 | r_p=19.145411 | r_c=1.914541 | r_s=0.001075 | status=running
[DL Convergence] | phase=optimize | block=3 | epoch=5/120 | active_users=1 | updated_users=1 | objective=5.304322 | sum_rate=21.167168 | r_p=19.145332 | r_c=16.576324 | r_s=0.001476 | status=running
[DL Convergence] | phase=optimize | block=3 | epoch=10/120 | active_users=1 | updated_users=1 | objective=5.304329 | sum_rate=21.167196 | r_p=19.145304 | r_c=34.903442 | r_s=0.001070 | status=running
[DL Convergence] | phase=optimize | block=3 | epoch=14/120 | active_users=1 | updated_users=1 | objective=5.304333 | sum_rate=21.167210 | r_p=19.145290 | r_c=49.565108 | r_s=9.702635e-04 | status=stationary_infeasible
  user=01 block=03 candidate n_kl=  16 after updating users [1] still leaves committed users infeasible [1] at search_stage=fixed_step.
  user=01 block=03 candidate n_kl=  17 breaks committed-user feasibility [1] at search_stage=fixed_step; trying fresh re-optimization.
[DL Convergence] | phase=optimize | block=3 | epoch=1/120 | active_users=1 | updated_users=1 | objective=5.338633 | sum_rate=21.304085 | r_p=16.637093 | r_c=1.663709 | r_s=0.001075 | status=running
[DL Convergence] | phase=optimize | block=3 | epoch=5/120 | active_users=1 | updated_users=1 | objective=5.338651 | sum_rate=21.304157 | r_p=16.637020 | r_c=12.735353 | r_s=0.001412 | status=running
[DL Convergence] | phase=optimize | block=3 | epoch=10/120 | active_users=1 | updated_users=1 | objective=5.338658 | sum_rate=21.304188 | r_p=16.636990 | r_c=26.574809 | r_s=0.001056 | status=running
[DL Convergence] | phase=optimize | block=3 | epoch=11/120 | active_users=1 | updated_users=1 | objective=5.338660 | sum_rate=21.304193 | r_p=16.636984 | r_c=29.342693 | r_s=9.926750e-04 | status=stationary_infeasible
  user=01 block=03 candidate n_kl=  17 after updating users [1] still leaves committed users infeasible [1] at search_stage=fixed_step.
  user=01 block=03 candidate n_kl=  18 breaks committed-user feasibility [1] at search_stage=fixed_step; trying fresh re-optimization.
[DL Convergence] | phase=optimize | block=3 | epoch=1/120 | active_users=1 | updated_users=1 | objective=5.370060 | sum_rate=21.429501 | r_p=14.403831 | r_c=1.440383 | r_s=0.001075 | status=running
[DL Convergence] | phase=optimize | block=3 | epoch=5/120 | active_users=1 | updated_users=1 | objective=5.370078 | sum_rate=21.429569 | r_p=14.403763 | r_c=9.739141 | r_s=0.001351 | status=running
[DL Convergence] | phase=optimize | block=3 | epoch=10/120 | active_users=1 | updated_users=1 | objective=5.370087 | sum_rate=21.429605 | r_p=14.403727 | r_c=20.112494 | r_s=0.001033 | status=running
[DL Convergence] | phase=optimize | block=3 | epoch=11/120 | active_users=1 | updated_users=1 | objective=5.370087 | sum_rate=21.429605 | r_p=14.403727 | r_c=22.187168 | r_s=9.730825e-04 | status=stationary_infeasible
  user=01 block=03 candidate n_kl=  18 after updating users [1] still leaves committed users infeasible [1] at search_stage=fixed_step.
  user=01 block=03 candidate n_kl=  19 breaks committed-user feasibility [1] at search_stage=fixed_step; trying fresh re-optimization.
[DL Convergence] | phase=optimize | block=3 | epoch=1/120 | active_users=1 | updated_users=1 | objective=5.398973 | sum_rate=21.544878 | r_p=12.402491 | r_c=1.240249 | r_s=0.001075 | status=running
[DL Convergence] | phase=optimize | block=3 | epoch=5/120 | active_users=1 | updated_users=1 | objective=5.398989 | sum_rate=21.544941 | r_p=12.402428 | r_c=7.393074 | r_s=0.001293 | status=running
[DL Convergence] | phase=optimize | block=3 | epoch=10/120 | active_users=1 | updated_users=1 | objective=5.399000 | sum_rate=21.544983 | r_p=12.402386 | r_c=15.084019 | r_s=0.001009 | status=running
[DL Convergence] | phase=optimize | block=3 | epoch=11/120 | active_users=1 | updated_users=1 | objective=5.399000 | sum_rate=21.544983 | r_p=12.402386 | r_c=16.622211 | r_s=9.677060e-04 | status=stationary_infeasible
  user=01 block=03 candidate n_kl=  19 after updating users [1] still leaves committed users infeasible [1] at search_stage=fixed_step.
  user=01 block=03 candidate n_kl=  20 breaks committed-user feasibility [1] at search_stage=fixed_step; trying fresh re-optimization.
[DL Convergence] | phase=optimize | block=3 | epoch=1/120 | active_users=1 | updated_users=1 | objective=5.425689 | sum_rate=21.651487 | r_p=10.598513 | r_c=1.059851 | r_s=0.001075 | status=running
[DL Convergence] | phase=optimize | block=3 | epoch=5/120 | active_users=1 | updated_users=1 | objective=5.425704 | sum_rate=21.651550 | r_p=10.598450 | r_c=5.552950 | r_s=0.001239 | status=running
[DL Convergence] | phase=optimize | block=3 | epoch=10/120 | active_users=1 | updated_users=1 | objective=5.425714 | sum_rate=21.651590 | r_p=10.598410 | r_c=11.169252 | r_s=9.905153e-04 | status=stationary_infeasible
  user=01 block=03 candidate n_kl=  20 after updating users [1] still leaves committed users infeasible [1] at search_stage=fixed_step.
  user=01 block=03 candidate n_kl=  21 breaks committed-user feasibility [1] at search_stage=fixed_step; trying fresh re-optimization.
[DL Convergence] | phase=optimize | block=3 | epoch=1/120 | active_users=1 | updated_users=1 | objective=5.450474 | sum_rate=21.750393 | r_p=8.963892 | r_c=0.896389 | r_s=0.001075 | status=running
[DL Convergence] | phase=optimize | block=3 | epoch=5/120 | active_users=1 | updated_users=1 | objective=5.450488 | sum_rate=21.750448 | r_p=8.963837 | r_c=4.110413 | r_s=0.001189 | status=running
[DL Convergence] | phase=optimize | block=3 | epoch=10/120 | active_users=1 | updated_users=1 | objective=5.450500 | sum_rate=21.750498 | r_p=8.963787 | r_c=8.127876 | r_s=0.001187 | status=running
[DL Convergence] | phase=optimize | block=3 | epoch=11/120 | active_users=1 | updated_users=1 | objective=5.450500 | sum_rate=21.750498 | r_p=8.963787 | r_c=8.931371 | r_s=9.321219e-04 | status=stationary_infeasible
  user=01 block=03 candidate n_kl=  21 after updating users [1] still leaves committed users infeasible [1] at search_stage=fixed_step.
  user=01 block=03 candidate n_kl=  22 breaks committed-user feasibility [1] at search_stage=fixed_step; trying fresh re-optimization.
[DL Convergence] | phase=optimize | block=3 | epoch=1/120 | active_users=1 | updated_users=1 | objective=5.473548 | sum_rate=21.842474 | r_p=7.475708 | r_c=0.747571 | r_s=0.001075 | status=running
[DL Convergence] | phase=optimize | block=3 | epoch=5/120 | active_users=1 | updated_users=1 | objective=5.473561 | sum_rate=21.842524 | r_p=7.475658 | r_c=2.982995 | r_s=0.001142 | status=running
[DL Convergence] | phase=optimize | block=3 | epoch=10/120 | active_users=1 | updated_users=1 | objective=5.473574 | sum_rate=21.842575 | r_p=7.475607 | r_c=5.777220 | r_s=9.652326e-04 | status=stationary_infeasible
  user=01 block=03 candidate n_kl=  22 after updating users [1] still leaves committed users infeasible [1] at search_stage=fixed_step.
  user=01 block=03 candidate n_kl=  23 breaks committed-user feasibility [1] at search_stage=fixed_step; trying fresh re-optimization.
[DL Convergence] | phase=optimize | block=3 | epoch=1/120 | active_users=1 | updated_users=1 | objective=5.495101 | sum_rate=21.928482 | r_p=6.114996 | r_c=0.611500 | r_s=0.001075 | status=running
[DL Convergence] | phase=optimize | block=3 | epoch=5/120 | active_users=1 | updated_users=1 | objective=5.495112 | sum_rate=21.928526 | r_p=6.114952 | r_c=2.107209 | r_s=0.001098 | status=running
[DL Convergence] | phase=optimize | block=3 | epoch=10/120 | active_users=1 | updated_users=1 | objective=5.495126 | sum_rate=21.928581 | r_p=6.114897 | r_c=3.976797 | r_s=9.488187e-04 | status=stationary_infeasible
  user=01 block=03 candidate n_kl=  23 after updating users [1] still leaves committed users infeasible [1] at search_stage=fixed_step.
  user=01 block=03 candidate n_kl=  24 breaks committed-user feasibility [1] at search_stage=fixed_step; trying fresh re-optimization.
[DL Convergence] | phase=optimize | block=3 | epoch=1/120 | active_users=1 | updated_users=1 | objective=5.515293 | sum_rate=22.009058 | r_p=4.865942 | r_c=0.486594 | r_s=0.001075 | status=running
[DL Convergence] | phase=optimize | block=3 | epoch=3/120 | active_users=1 | updated_users=1 | objective=5.515296 | sum_rate=22.009069 | r_p=4.865931 | r_c=0.960140 | r_s=9.973745e-04 | status=stationary_infeasible
  user=01 block=03 candidate n_kl=  24 after updating users [1] still leaves committed users infeasible [1] at search_stage=fixed_step.
  user=01 block=03 candidate n_kl=  25 breaks committed-user feasibility [1] at search_stage=fixed_step; trying fresh re-optimization.
[DL Convergence] | phase=optimize | block=3 | epoch=1/120 | active_users=1 | updated_users=1 | objective=5.534260 | sum_rate=22.084747 | r_p=3.715252 | r_c=0.371525 | r_s=0.001075 | status=running
[DL Convergence] | phase=optimize | block=3 | epoch=3/120 | active_users=1 | updated_users=1 | objective=5.534264 | sum_rate=22.084761 | r_p=3.715239 | r_c=0.647585 | r_s=9.887456e-04 | status=stationary_infeasible
  user=01 block=03 candidate n_kl=  25 after updating users [1] still leaves committed users infeasible [1] at search_stage=fixed_step.
  user=01 block=03 candidate n_kl=  26 breaks committed-user feasibility [1] at search_stage=fixed_step; trying fresh re-optimization.
[DL Convergence] | phase=optimize | block=3 | epoch=1/120 | active_users=1 | updated_users=1 | objective=5.552123 | sum_rate=22.156029 | r_p=2.651663 | r_c=0.265166 | r_s=0.001075 | status=running
[DL Convergence] | phase=optimize | block=3 | epoch=3/120 | active_users=1 | updated_users=1 | objective=5.552125 | sum_rate=22.156040 | r_p=2.651651 | r_c=0.405791 | r_s=9.810280e-04 | status=stationary_infeasible
  user=01 block=03 candidate n_kl=  26 after updating users [1] still leaves committed users infeasible [1] at search_stage=fixed_step.
  user=01 block=03 candidate n_kl=  27 breaks committed-user feasibility [1] at search_stage=fixed_step; trying fresh re-optimization.
[DL Convergence] | phase=optimize | block=3 | epoch=1/120 | active_users=1 | updated_users=1 | objective=5.568984 | sum_rate=22.223312 | r_p=1.665577 | r_c=0.166558 | r_s=0.001075 | status=running
[DL Convergence] | phase=optimize | block=3 | epoch=3/120 | active_users=1 | updated_users=1 | objective=5.568985 | sum_rate=22.223320 | r_p=1.665569 | r_c=0.222040 | r_s=9.741391e-04 | status=stationary_infeasible
  user=01 block=03 candidate n_kl=  27 after updating users [1] still leaves committed users infeasible [1] at search_stage=fixed_step.
  user=01 block=03 candidate n_kl=  28 breaks committed-user feasibility [1] at search_stage=fixed_step; trying fresh re-optimization.
[DL Convergence] | phase=optimize | block=3 | epoch=1/120 | active_users=1 | updated_users=1 | objective=5.584933 | sum_rate=22.286959 | r_p=0.748756 | r_c=0.074876 | r_s=0.001075 | status=running
[DL Convergence] | phase=optimize | block=3 | epoch=3/120 | active_users=1 | updated_users=1 | objective=5.584934 | sum_rate=22.286964 | r_p=0.748751 | r_c=0.086088 | r_s=9.679310e-04 | status=stationary_infeasible
  user=01 block=03 candidate n_kl=  28 after updating users [1] still leaves committed users infeasible [1] at search_stage=fixed_step.
  user=01 block=03 candidate n_kl=  29 accepted at search_stage=fixed_step without fresh re-optimization.
  user=01 block=03 committed best n_kl=  29 after 1 accepted search states.
[DL Convergence Allocation] | user=0 | block=3 | status=skipped | n_kl=50 | achieved_rate=-0.011837
[DL Convergence Allocation] | user=1 | block=3 | served_bits=645 | n_kl=29 | required_rate=22.241379 | achieved_rate=22.347287 | rate_margin=0.105908
[DL Convergence Block] | block=3 | status=complete | allocated_bits=645 | remaining_bits=1000
[DL Convergence Block] | block=4 | active_users=1 | remaining_bits=1000 | objective=priority_weighted_sum_rate
    weight_strategy=inverse_cnr | user_weights: u0=1.000
[DL Convergence] | phase=optimize | block=4 | epoch=1/120 | active_users=1 | updated_users=1 | objective=15.699541 | sum_rate=15.699541 | r_p=4.300459 | r_c=0.430046 | r_s=0.897400 | status=running
[DL Convergence] | phase=optimize | block=4 | epoch=5/120 | active_users=1 | updated_users=1 | objective=20.247755 | sum_rate=20.247755 | r_p=0.000000 | r_c=0.000000 | r_s=0.198142 | status=running
[DL Convergence] | phase=optimize | block=4 | epoch=10/120 | active_users=1 | updated_users=1 | objective=20.966541 | sum_rate=20.966541 | r_p=0.000000 | r_c=0.000000 | r_s=0.068208 | status=running
[DL Convergence] | phase=optimize | block=4 | epoch=15/120 | active_users=1 | updated_users=1 | objective=21.062923 | sum_rate=21.062923 | r_p=0.000000 | r_c=0.000000 | r_s=0.031951 | status=running
[DL Convergence] | phase=optimize | block=4 | epoch=20/120 | active_users=1 | updated_users=1 | objective=21.133303 | sum_rate=21.133303 | r_p=0.000000 | r_c=0.000000 | r_s=0.026835 | status=running
[DL Convergence] | phase=optimize | block=4 | epoch=25/120 | active_users=1 | updated_users=1 | objective=21.174726 | sum_rate=21.174726 | r_p=0.000000 | r_c=0.000000 | r_s=0.015417 | status=running
[DL Convergence] | phase=optimize | block=4 | epoch=30/120 | active_users=1 | updated_users=1 | objective=21.189844 | sum_rate=21.189844 | r_p=0.000000 | r_c=0.000000 | r_s=0.010080 | status=running
[DL Convergence] | phase=optimize | block=4 | epoch=35/120 | active_users=1 | updated_users=1 | objective=21.191555 | sum_rate=21.191555 | r_p=0.000000 | r_c=0.000000 | r_s=0.005238 | status=running
[DL Convergence] | phase=optimize | block=4 | epoch=40/120 | active_users=1 | updated_users=1 | objective=21.193409 | sum_rate=21.193409 | r_p=0.000000 | r_c=0.000000 | r_s=0.004467 | status=running
[DL Convergence] | phase=optimize | block=4 | epoch=45/120 | active_users=1 | updated_users=1 | objective=21.194508 | sum_rate=21.194508 | r_p=0.000000 | r_c=0.000000 | r_s=0.002918 | status=running
[DL Convergence] | phase=optimize | block=4 | epoch=50/120 | active_users=1 | updated_users=1 | objective=21.195713 | sum_rate=21.195713 | r_p=0.000000 | r_c=0.000000 | r_s=0.002510 | status=running
[DL Convergence] | phase=optimize | block=4 | epoch=55/120 | active_users=1 | updated_users=1 | objective=21.196388 | sum_rate=21.196388 | r_p=0.000000 | r_c=0.000000 | r_s=0.002106 | status=running
[DL Convergence] | phase=optimize | block=4 | epoch=60/120 | active_users=1 | updated_users=1 | objective=21.196554 | sum_rate=21.196554 | r_p=0.000000 | r_c=0.000000 | r_s=0.001382 | status=running
[DL Convergence] | phase=optimize | block=4 | epoch=65/120 | active_users=1 | updated_users=1 | objective=21.196688 | sum_rate=21.196688 | r_p=0.000000 | r_c=0.000000 | r_s=0.001051 | status=running
[DL Convergence] | phase=optimize | block=4 | epoch=69/120 | active_users=1 | updated_users=1 | objective=21.196762 | sum_rate=21.196762 | r_p=0.000000 | r_c=0.000000 | r_s=9.703659e-04 | status=kkt_converged
[DL Convergence Reduction] | block=4 | epoch=1 | direction=ascending | strategy=fixed_step | users=[0]
  user=00 block=04 candidate n_kl=   1 breaks committed-user feasibility [0] at search_stage=fixed_step; trying fresh re-optimization.
[DL Convergence] | phase=optimize | block=4 | epoch=1/120 | active_users=1 | updated_users=1 | objective=5.442947 | sum_rate=5.442947 | r_p=994.557068 | r_c=181.175606 | r_s=8.998882e-04 | status=running
[DL Convergence] | phase=optimize | block=4 | epoch=5/120 | active_users=1 | updated_users=1 | objective=5.439308 | sum_rate=5.439308 | r_p=994.560669 | r_c=3.974715e+04 | r_s=0.052027 | status=running
[DL Convergence] | phase=optimize | block=4 | epoch=10/120 | active_users=1 | updated_users=1 | objective=5.441313 | sum_rate=5.441313 | r_p=994.558716 | r_c=8.920448e+04 | r_s=0.024665 | status=running
[DL Convergence] | phase=optimize | block=4 | epoch=15/120 | active_users=1 | updated_users=1 | objective=5.439346 | sum_rate=5.439346 | r_p=994.560669 | r_c=1.386622e+05 | r_s=0.035488 | status=running
[DL Convergence] | phase=optimize | block=4 | epoch=20/120 | active_users=1 | updated_users=1 | objective=5.441257 | sum_rate=5.441257 | r_p=994.558716 | r_c=1.881193e+05 | r_s=0.022902 | status=running
[DL Convergence] | phase=optimize | block=4 | epoch=25/120 | active_users=1 | updated_users=1 | objective=5.442394 | sum_rate=5.442394 | r_p=994.557617 | r_c=2.375764e+05 | r_s=0.016215 | status=running
[DL Convergence] | phase=optimize | block=4 | epoch=30/120 | active_users=1 | updated_users=1 | objective=5.442707 | sum_rate=5.442707 | r_p=994.557312 | r_c=2.870336e+05 | r_s=0.012367 | status=running
[DL Convergence] | phase=optimize | block=4 | epoch=35/120 | active_users=1 | updated_users=1 | objective=5.442919 | sum_rate=5.442919 | r_p=994.557068 | r_c=3.364907e+05 | r_s=0.007700 | status=running
[DL Convergence] | phase=optimize | block=4 | epoch=40/120 | active_users=1 | updated_users=1 | objective=5.442825 | sum_rate=5.442825 | r_p=994.557190 | r_c=3.859479e+05 | r_s=0.010163 | status=running
[DL Convergence] | phase=optimize | block=4 | epoch=45/120 | active_users=1 | updated_users=1 | objective=5.441956 | sum_rate=5.441956 | r_p=994.558044 | r_c=4.354055e+05 | r_s=0.025331 | status=running
[DL Convergence] | phase=optimize | block=4 | epoch=50/120 | active_users=1 | updated_users=1 | objective=5.442162 | sum_rate=5.442162 | r_p=994.557861 | r_c=4.848627e+05 | r_s=0.019345 | status=running
[DL Convergence] | phase=optimize | block=4 | epoch=55/120 | active_users=1 | updated_users=1 | objective=5.442402 | sum_rate=5.442402 | r_p=994.557617 | r_c=5.343198e+05 | r_s=0.016082 | status=running
[DL Convergence] | phase=optimize | block=4 | epoch=60/120 | active_users=1 | updated_users=1 | objective=5.442671 | sum_rate=5.442671 | r_p=994.557312 | r_c=5.837769e+05 | r_s=0.010777 | status=running
[DL Convergence] | phase=optimize | block=4 | epoch=65/120 | active_users=1 | updated_users=1 | objective=5.442955 | sum_rate=5.442955 | r_p=994.557068 | r_c=6.332339e+05 | r_s=0.008631 | status=running
[DL Convergence] | phase=optimize | block=4 | epoch=70/120 | active_users=1 | updated_users=1 | objective=5.442972 | sum_rate=5.442972 | r_p=994.557007 | r_c=6.826911e+05 | r_s=0.007626 | status=running
[DL Convergence] | phase=optimize | block=4 | epoch=75/120 | active_users=1 | updated_users=1 | objective=5.442987 | sum_rate=5.442987 | r_p=994.557007 | r_c=7.321483e+05 | r_s=0.005607 | status=running
[DL Convergence] | phase=optimize | block=4 | epoch=80/120 | active_users=1 | updated_users=1 | objective=5.442879 | sum_rate=5.442879 | r_p=994.557129 | r_c=7.816055e+05 | r_s=0.007927 | status=running
[DL Convergence] | phase=optimize | block=4 | epoch=85/120 | active_users=1 | updated_users=1 | objective=5.442942 | sum_rate=5.442942 | r_p=994.557068 | r_c=8.310627e+05 | r_s=0.012528 | status=running
[DL Convergence] | phase=optimize | block=4 | epoch=90/120 | active_users=1 | updated_users=1 | objective=5.442627 | sum_rate=5.442627 | r_p=994.557373 | r_c=8.805202e+05 | r_s=0.015821 | status=running
[DL Convergence] | phase=optimize | block=4 | epoch=95/120 | active_users=1 | updated_users=1 | objective=5.442738 | sum_rate=5.442738 | r_p=994.557251 | r_c=9.299773e+05 | r_s=0.010631 | status=running
[DL Convergence] | phase=optimize | block=4 | epoch=100/120 | active_users=1 | updated_users=1 | objective=5.442907 | sum_rate=5.442907 | r_p=994.557068 | r_c=9.794343e+05 | r_s=0.006927 | status=running
[DL Convergence] | phase=optimize | block=4 | epoch=105/120 | active_users=1 | updated_users=1 | objective=5.442995 | sum_rate=5.442995 | r_p=994.557007 | r_c=1.028891e+06 | r_s=0.004773 | status=running
[DL Convergence] | phase=optimize | block=4 | epoch=110/120 | active_users=1 | updated_users=1 | objective=5.443018 | sum_rate=5.443018 | r_p=994.557007 | r_c=1.078349e+06 | r_s=0.004884 | status=running
[DL Convergence] | phase=optimize | block=4 | epoch=115/120 | active_users=1 | updated_users=1 | objective=5.441998 | sum_rate=5.441998 | r_p=994.557983 | r_c=1.127807e+06 | r_s=0.021038 | status=running
[DL Convergence] | phase=optimize | block=4 | epoch=120/120 | active_users=1 | updated_users=1 | objective=5.442524 | sum_rate=5.442524 | r_p=994.557495 | r_c=1.177264e+06 | r_s=0.016276 | status=running
  user=00 block=04 candidate n_kl=   1 after updating users [0] still leaves committed users infeasible [0] at search_stage=fixed_step.
  user=00 block=04 candidate n_kl=   2 breaks committed-user feasibility [0] at search_stage=fixed_step; trying fresh re-optimization.
[DL Convergence] | phase=optimize | block=4 | epoch=1/120 | active_users=1 | updated_users=1 | objective=10.817159 | sum_rate=10.817159 | r_p=489.182831 | r_c=89.113032 | r_s=8.749943e-04 | status=running
[DL Convergence] | phase=optimize | block=4 | epoch=5/120 | active_users=1 | updated_users=1 | objective=10.815345 | sum_rate=10.815345 | r_p=489.184662 | r_c=9661.159145 | r_s=0.037745 | status=running
[DL Convergence] | phase=optimize | block=4 | epoch=10/120 | active_users=1 | updated_users=1 | objective=10.816164 | sum_rate=10.816164 | r_p=489.183838 | r_c=2.162619e+04 | r_s=0.020386 | status=running
[DL Convergence] | phase=optimize | block=4 | epoch=15/120 | active_users=1 | updated_users=1 | objective=10.815099 | sum_rate=10.815099 | r_p=489.184906 | r_c=3.359130e+04 | r_s=0.028505 | status=running
[DL Convergence] | phase=optimize | block=4 | epoch=20/120 | active_users=1 | updated_users=1 | objective=10.815540 | sum_rate=10.815540 | r_p=489.184448 | r_c=4.555636e+04 | r_s=0.027819 | status=running
[DL Convergence] | phase=optimize | block=4 | epoch=25/120 | active_users=1 | updated_users=1 | objective=10.816743 | sum_rate=10.816743 | r_p=489.183258 | r_c=5.752127e+04 | r_s=0.016553 | status=running
[DL Convergence] | phase=optimize | block=4 | epoch=30/120 | active_users=1 | updated_users=1 | objective=10.816988 | sum_rate=10.816988 | r_p=489.183014 | r_c=6.948625e+04 | r_s=0.011914 | status=running
[DL Convergence] | phase=optimize | block=4 | epoch=35/120 | active_users=1 | updated_users=1 | objective=10.816971 | sum_rate=10.816971 | r_p=489.183044 | r_c=8.145126e+04 | r_s=0.010168 | status=running
[DL Convergence] | phase=optimize | block=4 | epoch=40/120 | active_users=1 | updated_users=1 | objective=10.816937 | sum_rate=10.816937 | r_p=489.183075 | r_c=9.341627e+04 | r_s=0.012941 | status=running
[DL Convergence] | phase=optimize | block=4 | epoch=45/120 | active_users=1 | updated_users=1 | objective=10.816429 | sum_rate=10.816429 | r_p=489.183563 | r_c=1.053814e+05 | r_s=0.021837 | status=running
[DL Convergence] | phase=optimize | block=4 | epoch=50/120 | active_users=1 | updated_users=1 | objective=10.816727 | sum_rate=10.816727 | r_p=489.183289 | r_c=1.173464e+05 | r_s=0.010452 | status=running
[DL Convergence] | phase=optimize | block=4 | epoch=55/120 | active_users=1 | updated_users=1 | objective=10.817001 | sum_rate=10.817001 | r_p=489.182983 | r_c=1.293113e+05 | r_s=0.011547 | status=running
[DL Convergence] | phase=optimize | block=4 | epoch=60/120 | active_users=1 | updated_users=1 | objective=10.817081 | sum_rate=10.817081 | r_p=489.182922 | r_c=1.412763e+05 | r_s=0.009616 | status=running
[DL Convergence] | phase=optimize | block=4 | epoch=65/120 | active_users=1 | updated_users=1 | objective=10.817169 | sum_rate=10.817169 | r_p=489.182831 | r_c=1.532412e+05 | r_s=0.007631 | status=running
[DL Convergence] | phase=optimize | block=4 | epoch=70/120 | active_users=1 | updated_users=1 | objective=10.817201 | sum_rate=10.817201 | r_p=489.182800 | r_c=1.652062e+05 | r_s=0.006980 | status=running
[DL Convergence] | phase=optimize | block=4 | epoch=75/120 | active_users=1 | updated_users=1 | objective=10.817149 | sum_rate=10.817149 | r_p=489.182861 | r_c=1.771712e+05 | r_s=0.006959 | status=running
[DL Convergence] | phase=optimize | block=4 | epoch=80/120 | active_users=1 | updated_users=1 | objective=10.816098 | sum_rate=10.816098 | r_p=489.183899 | r_c=1.891366e+05 | r_s=0.023870 | status=running
[DL Convergence] | phase=optimize | block=4 | epoch=85/120 | active_users=1 | updated_users=1 | objective=10.817042 | sum_rate=10.817042 | r_p=489.182953 | r_c=2.011013e+05 | r_s=0.013454 | status=running
[DL Convergence] | phase=optimize | block=4 | epoch=90/120 | active_users=1 | updated_users=1 | objective=10.816797 | sum_rate=10.816797 | r_p=489.183197 | r_c=2.130664e+05 | r_s=0.014695 | status=running
[DL Convergence] | phase=optimize | block=4 | epoch=95/120 | active_users=1 | updated_users=1 | objective=10.817084 | sum_rate=10.817084 | r_p=489.182922 | r_c=2.250313e+05 | r_s=0.008531 | status=running
[DL Convergence] | phase=optimize | block=4 | epoch=100/120 | active_users=1 | updated_users=1 | objective=10.817133 | sum_rate=10.817133 | r_p=489.182861 | r_c=2.369962e+05 | r_s=0.007109 | status=running
[DL Convergence] | phase=optimize | block=4 | epoch=105/120 | active_users=1 | updated_users=1 | objective=10.817235 | sum_rate=10.817235 | r_p=489.182770 | r_c=2.489612e+05 | r_s=0.005036 | status=running
[DL Convergence] | phase=optimize | block=4 | epoch=110/120 | active_users=1 | updated_users=1 | objective=10.817260 | sum_rate=10.817260 | r_p=489.182739 | r_c=2.609262e+05 | r_s=0.004112 | status=running
[DL Convergence] | phase=optimize | block=4 | epoch=115/120 | active_users=1 | updated_users=1 | objective=10.816911 | sum_rate=10.816911 | r_p=489.183075 | r_c=2.728913e+05 | r_s=0.012033 | status=running
[DL Convergence] | phase=optimize | block=4 | epoch=120/120 | active_users=1 | updated_users=1 | objective=10.817212 | sum_rate=10.817212 | r_p=489.182800 | r_c=2.848562e+05 | r_s=0.008910 | status=running
  user=00 block=04 candidate n_kl=   2 after updating users [0] still leaves committed users infeasible [0] at search_stage=fixed_step.
  user=00 block=04 candidate n_kl=   3 breaks committed-user feasibility [0] at search_stage=fixed_step; trying fresh re-optimization.
[DL Convergence] | phase=optimize | block=4 | epoch=1/120 | active_users=1 | updated_users=1 | objective=13.198026 | sum_rate=13.198026 | r_p=320.135315 | r_c=58.318131 | r_s=8.664216e-04 | status=running
[DL Convergence] | phase=optimize | block=4 | epoch=5/120 | active_users=1 | updated_users=1 | objective=13.196377 | sum_rate=13.196377 | r_p=320.136963 | r_c=4157.808921 | r_s=0.031244 | status=running
[DL Convergence] | phase=optimize | block=4 | epoch=10/120 | active_users=1 | updated_users=1 | objective=13.197487 | sum_rate=13.197487 | r_p=320.135864 | r_c=9282.146163 | r_s=0.012921 | status=running
[DL Convergence] | phase=optimize | block=4 | epoch=15/120 | active_users=1 | updated_users=1 | objective=13.197675 | sum_rate=13.197675 | r_p=320.135681 | r_c=1.440648e+04 | r_s=0.013808 | status=running
[DL Convergence] | phase=optimize | block=4 | epoch=20/120 | active_users=1 | updated_users=1 | objective=13.195898 | sum_rate=13.195898 | r_p=320.137451 | r_c=1.953093e+04 | r_s=0.028570 | status=running
[DL Convergence] | phase=optimize | block=4 | epoch=25/120 | active_users=1 | updated_users=1 | objective=13.196608 | sum_rate=13.196608 | r_p=320.136749 | r_c=2.465529e+04 | r_s=0.035856 | status=running
[DL Convergence] | phase=optimize | block=4 | epoch=30/120 | active_users=1 | updated_users=1 | objective=13.197749 | sum_rate=13.197749 | r_p=320.135590 | r_c=2.977956e+04 | r_s=0.020820 | status=running
[DL Convergence] | phase=optimize | block=4 | epoch=35/120 | active_users=1 | updated_users=1 | objective=13.198006 | sum_rate=13.198006 | r_p=320.135345 | r_c=3.490388e+04 | r_s=0.009763 | status=running
[DL Convergence] | phase=optimize | block=4 | epoch=40/120 | active_users=1 | updated_users=1 | objective=13.196934 | sum_rate=13.196934 | r_p=320.136414 | r_c=4.002835e+04 | r_s=0.020796 | status=running
[DL Convergence] | phase=optimize | block=4 | epoch=45/120 | active_users=1 | updated_users=1 | objective=13.197601 | sum_rate=13.197601 | r_p=320.135742 | r_c=4.515261e+04 | r_s=0.011486 | status=running
[DL Convergence] | phase=optimize | block=4 | epoch=50/120 | active_users=1 | updated_users=1 | objective=13.197807 | sum_rate=13.197807 | r_p=320.135529 | r_c=5.027692e+04 | r_s=0.009417 | status=running
[DL Convergence] | phase=optimize | block=4 | epoch=55/120 | active_users=1 | updated_users=1 | objective=13.197989 | sum_rate=13.197989 | r_p=320.135345 | r_c=5.540122e+04 | r_s=0.007874 | status=running
[DL Convergence] | phase=optimize | block=4 | epoch=60/120 | active_users=1 | updated_users=1 | objective=13.197956 | sum_rate=13.197956 | r_p=320.135376 | r_c=6.052556e+04 | r_s=0.008830 | status=running
[DL Convergence] | phase=optimize | block=4 | epoch=65/120 | active_users=1 | updated_users=1 | objective=13.197462 | sum_rate=13.197462 | r_p=320.135895 | r_c=6.565000e+04 | r_s=0.017892 | status=running
[DL Convergence] | phase=optimize | block=4 | epoch=70/120 | active_users=1 | updated_users=1 | objective=13.197825 | sum_rate=13.197825 | r_p=320.135529 | r_c=7.077427e+04 | r_s=0.010562 | status=running
[DL Convergence] | phase=optimize | block=4 | epoch=75/120 | active_users=1 | updated_users=1 | objective=13.197971 | sum_rate=13.197971 | r_p=320.135376 | r_c=7.589857e+04 | r_s=0.007919 | status=running
[DL Convergence] | phase=optimize | block=4 | epoch=80/120 | active_users=1 | updated_users=1 | objective=13.198021 | sum_rate=13.198021 | r_p=320.135315 | r_c=8.102288e+04 | r_s=0.006686 | status=running
[DL Convergence] | phase=optimize | block=4 | epoch=85/120 | active_users=1 | updated_users=1 | objective=13.197719 | sum_rate=13.197719 | r_p=320.135620 | r_c=8.614730e+04 | r_s=0.012381 | status=running
[DL Convergence] | phase=optimize | block=4 | epoch=90/120 | active_users=1 | updated_users=1 | objective=13.197916 | sum_rate=13.197916 | r_p=320.135437 | r_c=9.127158e+04 | r_s=0.007470 | status=running
[DL Convergence] | phase=optimize | block=4 | epoch=95/120 | active_users=1 | updated_users=1 | objective=13.196280 | sum_rate=13.196280 | r_p=320.137054 | r_c=9.639643e+04 | r_s=0.019221 | status=running
[DL Convergence] | phase=optimize | block=4 | epoch=100/120 | active_users=1 | updated_users=1 | objective=13.196999 | sum_rate=13.196999 | r_p=320.136353 | r_c=1.015206e+05 | r_s=0.015555 | status=running
[DL Convergence] | phase=optimize | block=4 | epoch=105/120 | active_users=1 | updated_users=1 | objective=13.197816 | sum_rate=13.197816 | r_p=320.135529 | r_c=1.066447e+05 | r_s=0.012870 | status=running
[DL Convergence] | phase=optimize | block=4 | epoch=110/120 | active_users=1 | updated_users=1 | objective=13.197886 | sum_rate=13.197886 | r_p=320.135468 | r_c=1.117690e+05 | r_s=0.006011 | status=running
[DL Convergence] | phase=optimize | block=4 | epoch=115/120 | active_users=1 | updated_users=1 | objective=13.198005 | sum_rate=13.198005 | r_p=320.135345 | r_c=1.168933e+05 | r_s=0.007122 | status=running
[DL Convergence] | phase=optimize | block=4 | epoch=120/120 | active_users=1 | updated_users=1 | objective=13.198099 | sum_rate=13.198099 | r_p=320.135254 | r_c=1.220176e+05 | r_s=0.004089 | status=running
  user=00 block=04 candidate n_kl=   3 after updating users [0] still leaves committed users infeasible [0] at search_stage=fixed_step.
  user=00 block=04 candidate n_kl=   4 breaks committed-user feasibility [0] at search_stage=fixed_step; trying fresh re-optimization.
[DL Convergence] | phase=optimize | block=4 | epoch=1/120 | active_users=1 | updated_users=1 | objective=14.617305 | sum_rate=14.617305 | r_p=235.382690 | r_c=42.878989 | r_s=8.620670e-04 | status=running
[DL Convergence] | phase=optimize | block=4 | epoch=5/120 | active_users=1 | updated_users=1 | objective=14.615957 | sum_rate=14.615957 | r_p=235.384048 | r_c=2259.093646 | r_s=0.024622 | status=running
[DL Convergence] | phase=optimize | block=4 | epoch=10/120 | active_users=1 | updated_users=1 | objective=14.616947 | sum_rate=14.616947 | r_p=235.383057 | r_c=5029.345234 | r_s=0.008761 | status=running
[DL Convergence] | phase=optimize | block=4 | epoch=15/120 | active_users=1 | updated_users=1 | objective=14.617014 | sum_rate=14.617014 | r_p=235.382980 | r_c=7799.600689 | r_s=0.015638 | status=running
[DL Convergence] | phase=optimize | block=4 | epoch=20/120 | active_users=1 | updated_users=1 | objective=14.615197 | sum_rate=14.615197 | r_p=235.384796 | r_c=1.056994e+04 | r_s=0.037406 | status=running
[DL Convergence] | phase=optimize | block=4 | epoch=25/120 | active_users=1 | updated_users=1 | objective=14.617046 | sum_rate=14.617046 | r_p=235.382950 | r_c=1.334013e+04 | r_s=0.004760 | status=running
[DL Convergence] | phase=optimize | block=4 | epoch=30/120 | active_users=1 | updated_users=1 | objective=14.617229 | sum_rate=14.617229 | r_p=235.382767 | r_c=1.611037e+04 | r_s=0.015166 | status=running
[DL Convergence] | phase=optimize | block=4 | epoch=35/120 | active_users=1 | updated_users=1 | objective=14.617118 | sum_rate=14.617118 | r_p=235.382889 | r_c=1.888064e+04 | r_s=0.011627 | status=running
[DL Convergence] | phase=optimize | block=4 | epoch=40/120 | active_users=1 | updated_users=1 | objective=14.617259 | sum_rate=14.617259 | r_p=235.382736 | r_c=2.165088e+04 | r_s=0.008185 | status=running
[DL Convergence] | phase=optimize | block=4 | epoch=45/120 | active_users=1 | updated_users=1 | objective=14.615623 | sum_rate=14.615623 | r_p=235.384369 | r_c=2.442130e+04 | r_s=0.027316 | status=running
[DL Convergence] | phase=optimize | block=4 | epoch=50/120 | active_users=1 | updated_users=1 | objective=14.616924 | sum_rate=14.616924 | r_p=235.383072 | r_c=2.719143e+04 | r_s=0.018588 | status=running
[DL Convergence] | phase=optimize | block=4 | epoch=55/120 | active_users=1 | updated_users=1 | objective=14.617014 | sum_rate=14.617014 | r_p=235.382980 | r_c=2.996168e+04 | r_s=0.013417 | status=running
[DL Convergence] | phase=optimize | block=4 | epoch=60/120 | active_users=1 | updated_users=1 | objective=14.617257 | sum_rate=14.617257 | r_p=235.382736 | r_c=3.273190e+04 | r_s=0.004657 | status=running
[DL Convergence] | phase=optimize | block=4 | epoch=65/120 | active_users=1 | updated_users=1 | objective=14.617351 | sum_rate=14.617351 | r_p=235.382645 | r_c=3.550214e+04 | r_s=0.006864 | status=running
[DL Convergence] | phase=optimize | block=4 | epoch=70/120 | active_users=1 | updated_users=1 | objective=14.617298 | sum_rate=14.617298 | r_p=235.382706 | r_c=3.827240e+04 | r_s=0.007370 | status=running
[DL Convergence] | phase=optimize | block=4 | epoch=75/120 | active_users=1 | updated_users=1 | objective=14.615992 | sum_rate=14.615992 | r_p=235.384003 | r_c=4.104288e+04 | r_s=0.024089 | status=running
[DL Convergence] | phase=optimize | block=4 | epoch=80/120 | active_users=1 | updated_users=1 | objective=14.616586 | sum_rate=14.616586 | r_p=235.383408 | r_c=4.381304e+04 | r_s=0.019226 | status=running
[DL Convergence] | phase=optimize | block=4 | epoch=85/120 | active_users=1 | updated_users=1 | objective=14.617165 | sum_rate=14.617165 | r_p=235.382843 | r_c=4.658319e+04 | r_s=0.009329 | status=running
[DL Convergence] | phase=optimize | block=4 | epoch=90/120 | active_users=1 | updated_users=1 | objective=14.617238 | sum_rate=14.617238 | r_p=235.382767 | r_c=4.935343e+04 | r_s=0.008680 | status=running
[DL Convergence] | phase=optimize | block=4 | epoch=95/120 | active_users=1 | updated_users=1 | objective=14.617389 | sum_rate=14.617389 | r_p=235.382614 | r_c=5.212365e+04 | r_s=0.004974 | status=running
[DL Convergence] | phase=optimize | block=4 | epoch=100/120 | active_users=1 | updated_users=1 | objective=14.617337 | sum_rate=14.617337 | r_p=235.382660 | r_c=5.489391e+04 | r_s=0.006832 | status=running
[DL Convergence] | phase=optimize | block=4 | epoch=105/120 | active_users=1 | updated_users=1 | objective=14.617408 | sum_rate=14.617408 | r_p=235.382599 | r_c=5.766414e+04 | r_s=0.002588 | status=running
[DL Convergence] | phase=optimize | block=4 | epoch=110/120 | active_users=1 | updated_users=1 | objective=14.617302 | sum_rate=14.617302 | r_p=235.382690 | r_c=6.043441e+04 | r_s=0.006763 | status=running
[DL Convergence] | phase=optimize | block=4 | epoch=115/120 | active_users=1 | updated_users=1 | objective=14.616915 | sum_rate=14.616915 | r_p=235.383087 | r_c=6.320478e+04 | r_s=0.019543 | status=running
[DL Convergence] | phase=optimize | block=4 | epoch=120/120 | active_users=1 | updated_users=1 | objective=14.617345 | sum_rate=14.617345 | r_p=235.382660 | r_c=6.597492e+04 | r_s=0.005509 | status=running
  user=00 block=04 candidate n_kl=   4 after updating users [0] still leaves committed users infeasible [0] at search_stage=fixed_step.
  user=00 block=04 candidate n_kl=   5 breaks committed-user feasibility [0] at search_stage=fixed_step; trying fresh re-optimization.
[DL Convergence] | phase=optimize | block=4 | epoch=1/120 | active_users=1 | updated_users=1 | objective=15.585869 | sum_rate=15.585869 | r_p=184.414124 | r_c=33.594192 | r_s=8.593902e-04 | status=running
[DL Convergence] | phase=optimize | block=4 | epoch=5/120 | active_users=1 | updated_users=1 | objective=15.584932 | sum_rate=15.584932 | r_p=184.415070 | r_c=1393.944241 | r_s=0.018173 | status=running
[DL Convergence] | phase=optimize | block=4 | epoch=10/120 | active_users=1 | updated_users=1 | objective=15.585750 | sum_rate=15.585750 | r_p=184.414246 | r_c=3094.371526 | r_s=0.003859 | status=running
[DL Convergence] | phase=optimize | block=4 | epoch=15/120 | active_users=1 | updated_users=1 | objective=15.585708 | sum_rate=15.585708 | r_p=184.414291 | r_c=4794.803894 | r_s=0.013931 | status=running
[DL Convergence] | phase=optimize | block=4 | epoch=20/120 | active_users=1 | updated_users=1 | objective=15.585208 | sum_rate=15.585208 | r_p=184.414795 | r_c=6495.253454 | r_s=0.019851 | status=running
[DL Convergence] | phase=optimize | block=4 | epoch=25/120 | active_users=1 | updated_users=1 | objective=15.585011 | sum_rate=15.585011 | r_p=184.414993 | r_c=8195.703042 | r_s=0.018732 | status=running
[DL Convergence] | phase=optimize | block=4 | epoch=30/120 | active_users=1 | updated_users=1 | objective=15.585752 | sum_rate=15.585752 | r_p=184.414246 | r_c=9896.103412 | r_s=0.014913 | status=running
[DL Convergence] | phase=optimize | block=4 | epoch=35/120 | active_users=1 | updated_users=1 | objective=15.585785 | sum_rate=15.585785 | r_p=184.414215 | r_c=1.159653e+04 | r_s=0.008344 | status=running
[DL Convergence] | phase=optimize | block=4 | epoch=40/120 | active_users=1 | updated_users=1 | objective=15.585782 | sum_rate=15.585782 | r_p=184.414215 | r_c=1.329696e+04 | r_s=0.008680 | status=running
[DL Convergence] | phase=optimize | block=4 | epoch=45/120 | active_users=1 | updated_users=1 | objective=15.585720 | sum_rate=15.585720 | r_p=184.414276 | r_c=1.499740e+04 | r_s=0.010569 | status=running
[DL Convergence] | phase=optimize | block=4 | epoch=50/120 | active_users=1 | updated_users=1 | objective=15.585530 | sum_rate=15.585530 | r_p=184.414474 | r_c=1.669785e+04 | r_s=0.022573 | status=running
[DL Convergence] | phase=optimize | block=4 | epoch=55/120 | active_users=1 | updated_users=1 | objective=15.585292 | sum_rate=15.585292 | r_p=184.414703 | r_c=1.839831e+04 | r_s=0.013990 | status=running
[DL Convergence] | phase=optimize | block=4 | epoch=60/120 | active_users=1 | updated_users=1 | objective=15.585843 | sum_rate=15.585843 | r_p=184.414154 | r_c=2.009869e+04 | r_s=0.005871 | status=running
[DL Convergence] | phase=optimize | block=4 | epoch=65/120 | active_users=1 | updated_users=1 | objective=15.585918 | sum_rate=15.585918 | r_p=184.414078 | r_c=2.179911e+04 | r_s=0.008249 | status=running
[DL Convergence] | phase=optimize | block=4 | epoch=70/120 | active_users=1 | updated_users=1 | objective=15.585831 | sum_rate=15.585831 | r_p=184.414169 | r_c=2.349955e+04 | r_s=0.007847 | status=running
[DL Convergence] | phase=optimize | block=4 | epoch=75/120 | active_users=1 | updated_users=1 | objective=15.585812 | sum_rate=15.585812 | r_p=184.414185 | r_c=2.519998e+04 | r_s=0.008117 | status=running
[DL Convergence] | phase=optimize | block=4 | epoch=80/120 | active_users=1 | updated_users=1 | objective=15.585344 | sum_rate=15.585344 | r_p=184.414658 | r_c=2.690048e+04 | r_s=0.020006 | status=running
[DL Convergence] | phase=optimize | block=4 | epoch=85/120 | active_users=1 | updated_users=1 | objective=15.585762 | sum_rate=15.585762 | r_p=184.414246 | r_c=2.860085e+04 | r_s=0.013515 | status=running
[DL Convergence] | phase=optimize | block=4 | epoch=90/120 | active_users=1 | updated_users=1 | objective=15.585958 | sum_rate=15.585958 | r_p=184.414047 | r_c=3.030125e+04 | r_s=0.006540 | status=running
[DL Convergence] | phase=optimize | block=4 | epoch=95/120 | active_users=1 | updated_users=1 | objective=15.585941 | sum_rate=15.585941 | r_p=184.414062 | r_c=3.200168e+04 | r_s=0.003927 | status=running
[DL Convergence] | phase=optimize | block=4 | epoch=100/120 | active_users=1 | updated_users=1 | objective=15.585711 | sum_rate=15.585711 | r_p=184.414291 | r_c=3.370215e+04 | r_s=0.009776 | status=running
[DL Convergence] | phase=optimize | block=4 | epoch=105/120 | active_users=1 | updated_users=1 | objective=15.585835 | sum_rate=15.585835 | r_p=184.414169 | r_c=3.540256e+04 | r_s=0.009520 | status=running
[DL Convergence] | phase=optimize | block=4 | epoch=110/120 | active_users=1 | updated_users=1 | objective=15.585863 | sum_rate=15.585863 | r_p=184.414139 | r_c=3.710298e+04 | r_s=0.009116 | status=running
[DL Convergence] | phase=optimize | block=4 | epoch=115/120 | active_users=1 | updated_users=1 | objective=15.585736 | sum_rate=15.585736 | r_p=184.414261 | r_c=3.880344e+04 | r_s=0.010624 | status=running
[DL Convergence] | phase=optimize | block=4 | epoch=120/120 | active_users=1 | updated_users=1 | objective=15.585943 | sum_rate=15.585943 | r_p=184.414062 | r_c=4.050382e+04 | r_s=0.004857 | status=running
  user=00 block=04 candidate n_kl=   5 after updating users [0] still leaves committed users infeasible [0] at search_stage=fixed_step.
  user=00 block=04 candidate n_kl=   6 breaks committed-user feasibility [0] at search_stage=fixed_step; trying fresh re-optimization.
[DL Convergence] | phase=optimize | block=4 | epoch=1/120 | active_users=1 | updated_users=1 | objective=16.300833 | sum_rate=16.300833 | r_p=150.365845 | r_c=27.391714 | r_s=8.576394e-04 | status=running
[DL Convergence] | phase=optimize | block=4 | epoch=5/120 | active_users=1 | updated_users=1 | objective=16.300392 | sum_rate=16.300392 | r_p=150.366272 | r_c=931.789692 | r_s=0.011994 | status=running
[DL Convergence] | phase=optimize | block=4 | epoch=10/120 | active_users=1 | updated_users=1 | objective=16.300901 | sum_rate=16.300901 | r_p=150.365768 | r_c=2062.283665 | r_s=0.009880 | status=running
[DL Convergence] | phase=optimize | block=4 | epoch=15/120 | active_users=1 | updated_users=1 | objective=16.300669 | sum_rate=16.300669 | r_p=150.365997 | r_c=3192.783324 | r_s=0.013497 | status=running
[DL Convergence] | phase=optimize | block=4 | epoch=20/120 | active_users=1 | updated_users=1 | objective=16.300846 | sum_rate=16.300846 | r_p=150.365829 | r_c=4323.274513 | r_s=0.006276 | status=running
[DL Convergence] | phase=optimize | block=4 | epoch=25/120 | active_users=1 | updated_users=1 | objective=16.300129 | sum_rate=16.300129 | r_p=150.366547 | r_c=5453.796516 | r_s=0.021150 | status=running
[DL Convergence] | phase=optimize | block=4 | epoch=30/120 | active_users=1 | updated_users=1 | objective=16.300838 | sum_rate=16.300838 | r_p=150.365829 | r_c=6584.267024 | r_s=0.012159 | status=running
[DL Convergence] | phase=optimize | block=4 | epoch=35/120 | active_users=1 | updated_users=1 | objective=16.300743 | sum_rate=16.300743 | r_p=150.365936 | r_c=7714.767395 | r_s=0.008810 | status=running
[DL Convergence] | phase=optimize | block=4 | epoch=40/120 | active_users=1 | updated_users=1 | objective=16.300896 | sum_rate=16.300896 | r_p=150.365784 | r_c=8845.253608 | r_s=0.006862 | status=running
[DL Convergence] | phase=optimize | block=4 | epoch=45/120 | active_users=1 | updated_users=1 | objective=16.299181 | sum_rate=16.299181 | r_p=150.367493 | r_c=9975.869427 | r_s=0.031555 | status=running
[DL Convergence] | phase=optimize | block=4 | epoch=50/120 | active_users=1 | updated_users=1 | objective=16.300606 | sum_rate=16.300606 | r_p=150.366058 | r_c=1.110628e+04 | r_s=0.014519 | status=running
[DL Convergence] | phase=optimize | block=4 | epoch=55/120 | active_users=1 | updated_users=1 | objective=16.300491 | sum_rate=16.300491 | r_p=150.366180 | r_c=1.223679e+04 | r_s=0.011069 | status=running
[DL Convergence] | phase=optimize | block=4 | epoch=60/120 | active_users=1 | updated_users=1 | objective=16.300667 | sum_rate=16.300667 | r_p=150.365997 | r_c=1.336727e+04 | r_s=0.008366 | status=running
[DL Convergence] | phase=optimize | block=4 | epoch=65/120 | active_users=1 | updated_users=1 | objective=16.300797 | sum_rate=16.300797 | r_p=150.365875 | r_c=1.449775e+04 | r_s=0.007418 | status=running
[DL Convergence] | phase=optimize | block=4 | epoch=70/120 | active_users=1 | updated_users=1 | objective=16.300869 | sum_rate=16.300869 | r_p=150.365799 | r_c=1.562824e+04 | r_s=0.004682 | status=running
[DL Convergence] | phase=optimize | block=4 | epoch=75/120 | active_users=1 | updated_users=1 | objective=16.300896 | sum_rate=16.300896 | r_p=150.365784 | r_c=1.675873e+04 | r_s=0.003885 | status=running
[DL Convergence] | phase=optimize | block=4 | epoch=80/120 | active_users=1 | updated_users=1 | objective=16.300922 | sum_rate=16.300922 | r_p=150.365753 | r_c=1.788922e+04 | r_s=0.002526 | status=running
[DL Convergence] | phase=optimize | block=4 | epoch=85/120 | active_users=1 | updated_users=1 | objective=16.300934 | sum_rate=16.300934 | r_p=150.365738 | r_c=1.901971e+04 | r_s=0.003570 | status=running
[DL Convergence] | phase=optimize | block=4 | epoch=90/120 | active_users=1 | updated_users=1 | objective=16.300842 | sum_rate=16.300842 | r_p=150.365829 | r_c=2.015022e+04 | r_s=0.006877 | status=running
[DL Convergence] | phase=optimize | block=4 | epoch=95/120 | active_users=1 | updated_users=1 | objective=16.299761 | sum_rate=16.299761 | r_p=150.366913 | r_c=2.128087e+04 | r_s=0.027018 | status=running
[DL Convergence] | phase=optimize | block=4 | epoch=100/120 | active_users=1 | updated_users=1 | objective=16.300808 | sum_rate=16.300808 | r_p=150.365860 | r_c=2.241122e+04 | r_s=0.013130 | status=running
[DL Convergence] | phase=optimize | block=4 | epoch=105/120 | active_users=1 | updated_users=1 | objective=16.300680 | sum_rate=16.300680 | r_p=150.365997 | r_c=2.354174e+04 | r_s=0.008086 | status=running
[DL Convergence] | phase=optimize | block=4 | epoch=110/120 | active_users=1 | updated_users=1 | objective=16.300892 | sum_rate=16.300892 | r_p=150.365784 | r_c=2.467220e+04 | r_s=0.008006 | status=running
[DL Convergence] | phase=optimize | block=4 | epoch=115/120 | active_users=1 | updated_users=1 | objective=16.300867 | sum_rate=16.300867 | r_p=150.365799 | r_c=2.580269e+04 | r_s=0.004421 | status=running
[DL Convergence] | phase=optimize | block=4 | epoch=120/120 | active_users=1 | updated_users=1 | objective=16.300917 | sum_rate=16.300917 | r_p=150.365753 | r_c=2.693318e+04 | r_s=0.005682 | status=running
  user=00 block=04 candidate n_kl=   6 after updating users [0] still leaves committed users infeasible [0] at search_stage=fixed_step.
  user=00 block=04 candidate n_kl=   7 breaks committed-user feasibility [0] at search_stage=fixed_step; trying fresh re-optimization.
[DL Convergence] | phase=optimize | block=4 | epoch=1/120 | active_users=1 | updated_users=1 | objective=16.856503 | sum_rate=16.856503 | r_p=126.000641 | r_c=22.953175 | r_s=8.563696e-04 | status=running
[DL Convergence] | phase=optimize | block=4 | epoch=5/120 | active_users=1 | updated_users=1 | objective=16.856466 | sum_rate=16.856466 | r_p=126.000679 | r_c=657.999700 | r_s=0.005829 | status=running
[DL Convergence] | phase=optimize | block=4 | epoch=10/120 | active_users=1 | updated_users=1 | objective=16.856380 | sum_rate=16.856380 | r_p=126.000763 | r_c=1451.811222 | r_s=0.015515 | status=running
[DL Convergence] | phase=optimize | block=4 | epoch=15/120 | active_users=1 | updated_users=1 | objective=16.856281 | sum_rate=16.856281 | r_p=126.000870 | r_c=2245.622633 | r_s=0.011795 | status=running
[DL Convergence] | phase=optimize | block=4 | epoch=20/120 | active_users=1 | updated_users=1 | objective=16.856609 | sum_rate=16.856609 | r_p=126.000534 | r_c=3039.424475 | r_s=0.003748 | status=running
[DL Convergence] | phase=optimize | block=4 | epoch=25/120 | active_users=1 | updated_users=1 | objective=16.856457 | sum_rate=16.856457 | r_p=126.000687 | r_c=3833.236356 | r_s=0.006981 | status=running
[DL Convergence] | phase=optimize | block=4 | epoch=30/120 | active_users=1 | updated_users=1 | objective=16.856131 | sum_rate=16.856131 | r_p=126.001015 | r_c=4627.060073 | r_s=0.019559 | status=running
[DL Convergence] | phase=optimize | block=4 | epoch=35/120 | active_users=1 | updated_users=1 | objective=16.856371 | sum_rate=16.856371 | r_p=126.000778 | r_c=5420.862068 | r_s=0.006855 | status=running
[DL Convergence] | phase=optimize | block=4 | epoch=40/120 | active_users=1 | updated_users=1 | objective=16.856354 | sum_rate=16.856354 | r_p=126.000793 | r_c=6214.672684 | r_s=0.012872 | status=running
[DL Convergence] | phase=optimize | block=4 | epoch=45/120 | active_users=1 | updated_users=1 | objective=16.856548 | sum_rate=16.856548 | r_p=126.000595 | r_c=7008.470927 | r_s=0.005527 | status=running
[DL Convergence] | phase=optimize | block=4 | epoch=50/120 | active_users=1 | updated_users=1 | objective=16.856504 | sum_rate=16.856504 | r_p=126.000641 | r_c=7802.281394 | r_s=0.006524 | status=running
[DL Convergence] | phase=optimize | block=4 | epoch=55/120 | active_users=1 | updated_users=1 | objective=16.856384 | sum_rate=16.856384 | r_p=126.000763 | r_c=8596.097605 | r_s=0.010463 | status=running
[DL Convergence] | phase=optimize | block=4 | epoch=60/120 | active_users=1 | updated_users=1 | objective=16.856403 | sum_rate=16.856403 | r_p=126.000748 | r_c=9389.908744 | r_s=0.016782 | status=running
[DL Convergence] | phase=optimize | block=4 | epoch=65/120 | active_users=1 | updated_users=1 | objective=16.856443 | sum_rate=16.856443 | r_p=126.000702 | r_c=1.018371e+04 | r_s=0.005705 | status=running
[DL Convergence] | phase=optimize | block=4 | epoch=70/120 | active_users=1 | updated_users=1 | objective=16.856415 | sum_rate=16.856415 | r_p=126.000732 | r_c=1.097753e+04 | r_s=0.011361 | status=running
[DL Convergence] | phase=optimize | block=4 | epoch=75/120 | active_users=1 | updated_users=1 | objective=16.856594 | sum_rate=16.856594 | r_p=126.000549 | r_c=1.177132e+04 | r_s=0.003791 | status=running
[DL Convergence] | phase=optimize | block=4 | epoch=80/120 | active_users=1 | updated_users=1 | objective=16.856480 | sum_rate=16.856480 | r_p=126.000671 | r_c=1.256514e+04 | r_s=0.007877 | status=running
[DL Convergence] | phase=optimize | block=4 | epoch=85/120 | active_users=1 | updated_users=1 | objective=16.855461 | sum_rate=16.855461 | r_p=126.001686 | r_c=1.335906e+04 | r_s=0.024881 | status=running
[DL Convergence] | phase=optimize | block=4 | epoch=90/120 | active_users=1 | updated_users=1 | objective=16.856251 | sum_rate=16.856251 | r_p=126.000900 | r_c=1.415279e+04 | r_s=0.015207 | status=running
[DL Convergence] | phase=optimize | block=4 | epoch=95/120 | active_users=1 | updated_users=1 | objective=16.856554 | sum_rate=16.856554 | r_p=126.000595 | r_c=1.494656e+04 | r_s=0.007860 | status=running
[DL Convergence] | phase=optimize | block=4 | epoch=100/120 | active_users=1 | updated_users=1 | objective=16.856480 | sum_rate=16.856480 | r_p=126.000671 | r_c=1.574038e+04 | r_s=0.006881 | status=running
[DL Convergence] | phase=optimize | block=4 | epoch=105/120 | active_users=1 | updated_users=1 | objective=16.856541 | sum_rate=16.856541 | r_p=126.000610 | r_c=1.653418e+04 | r_s=0.006508 | status=running
[DL Convergence] | phase=optimize | block=4 | epoch=110/120 | active_users=1 | updated_users=1 | objective=16.856583 | sum_rate=16.856583 | r_p=126.000565 | r_c=1.732798e+04 | r_s=0.005067 | status=running
[DL Convergence] | phase=optimize | block=4 | epoch=115/120 | active_users=1 | updated_users=1 | objective=16.856602 | sum_rate=16.856602 | r_p=126.000549 | r_c=1.812178e+04 | r_s=0.004117 | status=running
[DL Convergence] | phase=optimize | block=4 | epoch=120/120 | active_users=1 | updated_users=1 | objective=16.856567 | sum_rate=16.856567 | r_p=126.000580 | r_c=1.891559e+04 | r_s=0.005073 | status=running
  user=00 block=04 candidate n_kl=   7 after updating users [0] still leaves committed users infeasible [0] at search_stage=fixed_step.
  user=00 block=04 candidate n_kl=   8 breaks committed-user feasibility [0] at search_stage=fixed_step; trying fresh re-optimization.
[DL Convergence] | phase=optimize | block=4 | epoch=1/120 | active_users=1 | updated_users=1 | objective=17.304415 | sum_rate=17.304415 | r_p=107.695587 | r_c=19.618596 | r_s=8.554106e-04 | status=running
[DL Convergence] | phase=optimize | block=4 | epoch=2/120 | active_users=1 | updated_users=1 | objective=17.304428 | sum_rate=17.304428 | r_p=107.695572 | r_c=135.601972 | r_s=9.901690e-04 | status=stationary_infeasible
  user=00 block=04 candidate n_kl=   8 after updating users [0] still leaves committed users infeasible [0] at search_stage=fixed_step.
  user=00 block=04 candidate n_kl=   9 breaks committed-user feasibility [0] at search_stage=fixed_step; trying fresh re-optimization.
[DL Convergence] | phase=optimize | block=4 | epoch=1/120 | active_users=1 | updated_users=1 | objective=17.675430 | sum_rate=17.675430 | r_p=93.435684 | r_c=17.020910 | r_s=8.546426e-04 | status=running
[DL Convergence] | phase=optimize | block=4 | epoch=2/120 | active_users=1 | updated_users=1 | objective=17.675442 | sum_rate=17.675442 | r_p=93.435669 | r_c=104.323164 | r_s=9.617720e-04 | status=stationary_infeasible
  user=00 block=04 candidate n_kl=   9 after updating users [0] still leaves committed users infeasible [0] at search_stage=fixed_step.
  user=00 block=04 candidate n_kl=  10 breaks committed-user feasibility [0] at search_stage=fixed_step; trying fresh re-optimization.
[DL Convergence] | phase=optimize | block=4 | epoch=1/120 | active_users=1 | updated_users=1 | objective=17.989292 | sum_rate=17.989292 | r_p=82.010712 | r_c=14.939656 | r_s=8.540418e-04 | status=running
[DL Convergence] | phase=optimize | block=4 | epoch=2/120 | active_users=1 | updated_users=1 | objective=17.989305 | sum_rate=17.989305 | r_p=82.010696 | r_c=82.197209 | r_s=9.400112e-04 | status=stationary_infeasible
  user=00 block=04 candidate n_kl=  10 after updating users [0] still leaves committed users infeasible [0] at search_stage=fixed_step.
  user=00 block=04 candidate n_kl=  11 breaks committed-user feasibility [0] at search_stage=fixed_step; trying fresh re-optimization.
[DL Convergence] | phase=optimize | block=4 | epoch=1/120 | active_users=1 | updated_users=1 | objective=18.259319 | sum_rate=18.259319 | r_p=72.649765 | r_c=13.234399 | r_s=8.535461e-04 | status=running
[DL Convergence] | phase=optimize | block=4 | epoch=2/120 | active_users=1 | updated_users=1 | objective=18.259335 | sum_rate=18.259335 | r_p=72.649750 | r_c=66.014269 | r_s=9.227831e-04 | status=stationary_infeasible
  user=00 block=04 candidate n_kl=  11 after updating users [0] still leaves committed users infeasible [0] at search_stage=fixed_step.
  user=00 block=04 candidate n_kl=  12 breaks committed-user feasibility [0] at search_stage=fixed_step; trying fresh re-optimization.
[DL Convergence] | phase=optimize | block=4 | epoch=1/120 | active_users=1 | updated_users=1 | objective=18.494848 | sum_rate=18.494848 | r_p=64.838486 | r_c=11.811441 | r_s=8.531421e-04 | status=running
[DL Convergence] | phase=optimize | block=4 | epoch=2/120 | active_users=1 | updated_users=1 | objective=18.494862 | sum_rate=18.494862 | r_p=64.838470 | r_c=53.851720 | r_s=9.089025e-04 | status=stationary_infeasible
  user=00 block=04 candidate n_kl=  12 after updating users [0] still leaves committed users infeasible [0] at search_stage=fixed_step.
  user=00 block=04 candidate n_kl=  13 breaks committed-user feasibility [0] at search_stage=fixed_step; trying fresh re-optimization.
[DL Convergence] | phase=optimize | block=4 | epoch=1/120 | active_users=1 | updated_users=1 | objective=18.702652 | sum_rate=18.702652 | r_p=58.220428 | r_c=10.605848 | r_s=8.527700e-04 | status=running
[DL Convergence] | phase=optimize | block=4 | epoch=2/120 | active_users=1 | updated_users=1 | objective=18.702662 | sum_rate=18.702662 | r_p=58.220421 | r_c=44.502025 | r_s=8.974627e-04 | status=stationary_infeasible
  user=00 block=04 candidate n_kl=  13 after updating users [0] still leaves committed users infeasible [0] at search_stage=fixed_step.
  user=00 block=04 candidate n_kl=  14 breaks committed-user feasibility [0] at search_stage=fixed_step; trying fresh re-optimization.
[DL Convergence] | phase=optimize | block=4 | epoch=1/120 | active_users=1 | updated_users=1 | objective=18.887766 | sum_rate=18.887766 | r_p=52.540810 | r_c=9.571208 | r_s=8.524836e-04 | status=running
[DL Convergence] | phase=optimize | block=4 | epoch=2/120 | active_users=1 | updated_users=1 | objective=18.887779 | sum_rate=18.887779 | r_p=52.540794 | r_c=37.176564 | r_s=8.879939e-04 | status=stationary_infeasible
  user=00 block=04 candidate n_kl=  14 after updating users [0] still leaves committed users infeasible [0] at search_stage=fixed_step.
  user=00 block=04 candidate n_kl=  15 breaks committed-user feasibility [0] at search_stage=fixed_step; trying fresh re-optimization.
[DL Convergence] | phase=optimize | block=4 | epoch=1/120 | active_users=1 | updated_users=1 | objective=19.054052 | sum_rate=19.054052 | r_p=47.612610 | r_c=8.673452 | r_s=8.522219e-04 | status=running
[DL Convergence] | phase=optimize | block=4 | epoch=2/120 | active_users=1 | updated_users=1 | objective=19.054062 | sum_rate=19.054062 | r_p=47.612602 | r_c=31.343054 | r_s=8.799091e-04 | status=stationary_infeasible
  user=00 block=04 candidate n_kl=  15 after updating users [0] still leaves committed users infeasible [0] at search_stage=fixed_step.
  user=00 block=04 candidate n_kl=  16 breaks committed-user feasibility [0] at search_stage=fixed_step; trying fresh re-optimization.
[DL Convergence] | phase=optimize | block=4 | epoch=1/120 | active_users=1 | updated_users=1 | objective=19.204489 | sum_rate=19.204489 | r_p=43.295509 | r_c=7.887019 | r_s=8.519726e-04 | status=running
[DL Convergence] | phase=optimize | block=4 | epoch=2/120 | active_users=1 | updated_users=1 | objective=19.204502 | sum_rate=19.204502 | r_p=43.295498 | r_c=26.632023 | r_s=8.730212e-04 | status=stationary_infeasible
  user=00 block=04 candidate n_kl=  16 after updating users [0] still leaves committed users infeasible [0] at search_stage=fixed_step.
  user=00 block=04 candidate n_kl=  17 breaks committed-user feasibility [0] at search_stage=fixed_step; trying fresh re-optimization.
[DL Convergence] | phase=optimize | block=4 | epoch=1/120 | active_users=1 | updated_users=1 | objective=19.341450 | sum_rate=19.341450 | r_p=39.482079 | r_c=7.192337 | r_s=8.517828e-04 | status=running
[DL Convergence] | phase=optimize | block=4 | epoch=2/120 | active_users=1 | updated_users=1 | objective=19.341463 | sum_rate=19.341463 | r_p=39.482063 | r_c=22.780673 | r_s=8.670809e-04 | status=stationary_infeasible
  user=00 block=04 candidate n_kl=  17 after updating users [0] still leaves committed users infeasible [0] at search_stage=fixed_step.
  user=00 block=04 candidate n_kl=  18 breaks committed-user feasibility [0] at search_stage=fixed_step; trying fresh re-optimization.
[DL Convergence] | phase=optimize | block=4 | epoch=1/120 | active_users=1 | updated_users=1 | objective=19.466837 | sum_rate=19.466837 | r_p=36.088722 | r_c=6.574179 | r_s=8.516075e-04 | status=running
[DL Convergence] | phase=optimize | block=4 | epoch=2/120 | active_users=1 | updated_users=1 | objective=19.466846 | sum_rate=19.466846 | r_p=36.088711 | r_c=19.598131 | r_s=8.618808e-04 | status=stationary_infeasible
  user=00 block=04 candidate n_kl=  18 after updating users [0] still leaves committed users infeasible [0] at search_stage=fixed_step.
  user=00 block=04 candidate n_kl=  19 breaks committed-user feasibility [0] at search_stage=fixed_step; trying fresh re-optimization.
[DL Convergence] | phase=optimize | block=4 | epoch=1/120 | active_users=1 | updated_users=1 | objective=19.582184 | sum_rate=19.582184 | r_p=33.049397 | r_c=6.020514 | r_s=8.514365e-04 | status=running
[DL Convergence] | phase=optimize | block=4 | epoch=2/120 | active_users=1 | updated_users=1 | objective=19.582195 | sum_rate=19.582195 | r_p=33.049385 | r_c=16.943134 | r_s=8.573214e-04 | status=stationary_infeasible
  user=00 block=04 candidate n_kl=  19 after updating users [0] still leaves committed users infeasible [0] at search_stage=fixed_step.
  user=00 block=04 candidate n_kl=  20 breaks committed-user feasibility [0] at search_stage=fixed_step; trying fresh re-optimization.
[DL Convergence] | phase=optimize | block=4 | epoch=1/120 | active_users=1 | updated_users=1 | objective=19.688770 | sum_rate=19.688770 | r_p=30.311230 | r_c=5.521710 | r_s=8.512956e-04 | status=running
[DL Convergence] | phase=optimize | block=4 | epoch=2/120 | active_users=1 | updated_users=1 | objective=19.688784 | sum_rate=19.688784 | r_p=30.311216 | r_c=14.709410 | r_s=8.532643e-04 | status=stationary_infeasible
  user=00 block=04 candidate n_kl=  20 after updating users [0] still leaves committed users infeasible [0] at search_stage=fixed_step.
  user=00 block=04 candidate n_kl=  21 breaks committed-user feasibility [0] at search_stage=fixed_step; trying fresh re-optimization.
[DL Convergence] | phase=optimize | block=4 | epoch=1/120 | active_users=1 | updated_users=1 | objective=19.787655 | sum_rate=19.787655 | r_p=27.831394 | r_c=5.069965 | r_s=8.511487e-04 | status=running
[DL Convergence] | phase=optimize | block=4 | epoch=2/120 | active_users=1 | updated_users=1 | objective=19.787663 | sum_rate=19.787663 | r_p=27.831387 | r_c=12.815827 | r_s=8.496458e-04 | status=stationary_infeasible
  user=00 block=04 candidate n_kl=  21 after updating users [0] still leaves committed users infeasible [0] at search_stage=fixed_step.
  user=00 block=04 candidate n_kl=  22 breaks committed-user feasibility [0] at search_stage=fixed_step; trying fresh re-optimization.
[DL Convergence] | phase=optimize | block=4 | epoch=1/120 | active_users=1 | updated_users=1 | objective=19.879709 | sum_rate=19.879709 | r_p=25.574835 | r_c=4.658894 | r_s=8.510464e-04 | status=running
[DL Convergence] | phase=optimize | block=4 | epoch=2/120 | active_users=1 | updated_users=1 | objective=19.879721 | sum_rate=19.879721 | r_p=25.574823 | r_c=11.199611 | r_s=8.464258e-04 | status=stationary_infeasible
  user=00 block=04 candidate n_kl=  22 after updating users [0] still leaves committed users infeasible [0] at search_stage=fixed_step.
  user=00 block=04 candidate n_kl=  23 breaks committed-user feasibility [0] at search_stage=fixed_step; trying fresh re-optimization.
[DL Convergence] | phase=optimize | block=4 | epoch=1/120 | active_users=1 | updated_users=1 | objective=19.965696 | sum_rate=19.965696 | r_p=23.512564 | r_c=4.283216 | r_s=8.509486e-04 | status=running
[DL Convergence] | phase=optimize | block=4 | epoch=2/120 | active_users=1 | updated_users=1 | objective=19.965710 | sum_rate=19.965710 | r_p=23.512550 | r_c=9.811617 | r_s=8.434864e-04 | status=stationary_infeasible
  user=00 block=04 candidate n_kl=  23 after updating users [0] still leaves committed users infeasible [0] at search_stage=fixed_step.
  user=00 block=04 candidate n_kl=  24 breaks committed-user feasibility [0] at search_stage=fixed_step; trying fresh re-optimization.
[DL Convergence] | phase=optimize | block=4 | epoch=1/120 | active_users=1 | updated_users=1 | objective=20.046255 | sum_rate=20.046255 | r_p=21.620413 | r_c=3.938529 | r_s=8.508288e-04 | status=running
[DL Convergence] | phase=optimize | block=4 | epoch=2/120 | active_users=1 | updated_users=1 | objective=20.046265 | sum_rate=20.046265 | r_p=21.620403 | r_c=8.612947 | r_s=8.408704e-04 | status=stationary_infeasible
  user=00 block=04 candidate n_kl=  24 after updating users [0] still leaves committed users infeasible [0] at search_stage=fixed_step.
  user=00 block=04 candidate n_kl=  25 breaks committed-user feasibility [0] at search_stage=fixed_step; trying fresh re-optimization.
[DL Convergence] | phase=optimize | block=4 | epoch=1/120 | active_users=1 | updated_users=1 | objective=20.121925 | sum_rate=20.121925 | r_p=19.878075 | r_c=3.621132 | r_s=8.507108e-04 | status=running
[DL Convergence] | phase=optimize | block=4 | epoch=2/120 | active_users=1 | updated_users=1 | objective=20.121937 | sum_rate=20.121937 | r_p=19.878063 | r_c=7.572506 | r_s=8.384519e-04 | status=stationary_infeasible
  user=00 block=04 candidate n_kl=  25 after updating users [0] still leaves committed users infeasible [0] at search_stage=fixed_step.
  user=00 block=04 candidate n_kl=  26 breaks committed-user feasibility [0] at search_stage=fixed_step; trying fresh re-optimization.
[DL Convergence] | phase=optimize | block=4 | epoch=1/120 | active_users=1 | updated_users=1 | objective=20.193193 | sum_rate=20.193193 | r_p=18.268347 | r_c=3.327892 | r_s=8.506474e-04 | status=running
[DL Convergence] | phase=optimize | block=4 | epoch=2/120 | active_users=1 | updated_users=1 | objective=20.193201 | sum_rate=20.193201 | r_p=18.268339 | r_c=6.665214 | r_s=8.362564e-04 | status=stationary_infeasible
  user=00 block=04 candidate n_kl=  26 after updating users [0] still leaves committed users infeasible [0] at search_stage=fixed_step.
  user=00 block=04 candidate n_kl=  27 breaks committed-user feasibility [0] at search_stage=fixed_step; trying fresh re-optimization.
[DL Convergence] | phase=optimize | block=4 | epoch=1/120 | active_users=1 | updated_users=1 | objective=20.260460 | sum_rate=20.260460 | r_p=16.776577 | r_c=3.056141 | r_s=8.505717e-04 | status=running
[DL Convergence] | phase=optimize | block=4 | epoch=2/120 | active_users=1 | updated_users=1 | objective=20.260468 | sum_rate=20.260468 | r_p=16.776569 | r_c=5.870674 | r_s=8.342265e-04 | status=stationary_infeasible
  user=00 block=04 candidate n_kl=  27 after updating users [0] still leaves committed users infeasible [0] at search_stage=fixed_step.
  user=00 block=04 candidate n_kl=  28 breaks committed-user feasibility [0] at search_stage=fixed_step; trying fresh re-optimization.
[DL Convergence] | phase=optimize | block=4 | epoch=1/120 | active_users=1 | updated_users=1 | objective=20.324087 | sum_rate=20.324087 | r_p=15.390200 | r_c=2.803588 | r_s=8.504865e-04 | status=running
[DL Convergence] | phase=optimize | block=4 | epoch=2/120 | active_users=1 | updated_users=1 | objective=20.324099 | sum_rate=20.324099 | r_p=15.390188 | r_c=5.172167 | r_s=8.324094e-04 | status=stationary_infeasible
  user=00 block=04 candidate n_kl=  28 after updating users [0] still leaves committed users infeasible [0] at search_stage=fixed_step.
  user=00 block=04 candidate n_kl=  29 breaks committed-user feasibility [0] at search_stage=fixed_step; trying fresh re-optimization.
[DL Convergence] | phase=optimize | block=4 | epoch=1/120 | active_users=1 | updated_users=1 | objective=20.384398 | sum_rate=20.384398 | r_p=14.098360 | r_c=2.568258 | r_s=8.504236e-04 | status=running
[DL Convergence] | phase=optimize | block=4 | epoch=2/120 | active_users=1 | updated_users=1 | objective=20.384409 | sum_rate=20.384409 | r_p=14.098349 | r_c=4.555892 | r_s=8.306759e-04 | status=stationary_infeasible
  user=00 block=04 candidate n_kl=  29 after updating users [0] still leaves committed users infeasible [0] at search_stage=fixed_step.
  user=00 block=04 candidate n_kl=  30 breaks committed-user feasibility [0] at search_stage=fixed_step; trying fresh re-optimization.
[DL Convergence] | phase=optimize | block=4 | epoch=1/120 | active_users=1 | updated_users=1 | objective=20.441669 | sum_rate=20.441669 | r_p=12.891663 | r_c=2.348437 | r_s=8.503734e-04 | status=running
[DL Convergence] | phase=optimize | block=4 | epoch=2/120 | active_users=1 | updated_users=1 | objective=20.441677 | sum_rate=20.441677 | r_p=12.891655 | r_c=4.010384 | r_s=8.290964e-04 | status=stationary_infeasible
  user=00 block=04 candidate n_kl=  30 after updating users [0] still leaves committed users infeasible [0] at search_stage=fixed_step.
  user=00 block=04 candidate n_kl=  31 breaks committed-user feasibility [0] at search_stage=fixed_step; trying fresh re-optimization.
[DL Convergence] | phase=optimize | block=4 | epoch=1/120 | active_users=1 | updated_users=1 | objective=20.496141 | sum_rate=20.496141 | r_p=11.761923 | r_c=2.142636 | r_s=8.502861e-04 | status=running
[DL Convergence] | phase=optimize | block=4 | epoch=2/120 | active_users=1 | updated_users=1 | objective=20.496155 | sum_rate=20.496155 | r_p=11.761909 | r_c=3.526060 | r_s=8.276047e-04 | status=stationary_infeasible
  user=00 block=04 candidate n_kl=  31 after updating users [0] still leaves committed users infeasible [0] at search_stage=fixed_step.
  user=00 block=04 candidate n_kl=  32 breaks committed-user feasibility [0] at search_stage=fixed_step; trying fresh re-optimization.
[DL Convergence] | phase=optimize | block=4 | epoch=1/120 | active_users=1 | updated_users=1 | objective=20.548042 | sum_rate=20.548042 | r_p=10.701958 | r_c=1.949545 | r_s=8.502394e-04 | status=running
[DL Convergence] | phase=optimize | block=4 | epoch=2/120 | active_users=1 | updated_users=1 | objective=20.548056 | sum_rate=20.548056 | r_p=10.701944 | r_c=3.094860 | r_s=8.262398e-04 | status=stationary_infeasible
  user=00 block=04 candidate n_kl=  32 after updating users [0] still leaves committed users infeasible [0] at search_stage=fixed_step.
  user=00 block=04 candidate n_kl=  33 breaks committed-user feasibility [0] at search_stage=fixed_step; trying fresh re-optimization.
[DL Convergence] | phase=optimize | block=4 | epoch=1/120 | active_users=1 | updated_users=1 | objective=20.597567 | sum_rate=20.597567 | r_p=9.705463 | r_c=1.768016 | r_s=8.502000e-04 | status=running
[DL Convergence] | phase=optimize | block=4 | epoch=2/120 | active_users=1 | updated_users=1 | objective=20.597580 | sum_rate=20.597580 | r_p=9.705450 | r_c=2.709973 | r_s=8.249583e-04 | status=stationary_infeasible
  user=00 block=04 candidate n_kl=  33 after updating users [0] still leaves committed users infeasible [0] at search_stage=fixed_step.
  user=00 block=04 candidate n_kl=  34 breaks committed-user feasibility [0] at search_stage=fixed_step; trying fresh re-optimization.
[DL Convergence] | phase=optimize | block=4 | epoch=1/120 | active_users=1 | updated_users=1 | objective=20.644890 | sum_rate=20.644890 | r_p=8.766874 | r_c=1.597036 | r_s=8.501457e-04 | status=running
[DL Convergence] | phase=optimize | block=4 | epoch=2/120 | active_users=1 | updated_users=1 | objective=20.644901 | sum_rate=20.644901 | r_p=8.766863 | r_c=2.365614 | r_s=8.237777e-04 | status=stationary_infeasible
  user=00 block=04 candidate n_kl=  34 after updating users [0] still leaves committed users infeasible [0] at search_stage=fixed_step.
  user=00 block=04 candidate n_kl=  35 breaks committed-user feasibility [0] at search_stage=fixed_step; trying fresh re-optimization.
[DL Convergence] | phase=optimize | block=4 | epoch=1/120 | active_users=1 | updated_users=1 | objective=20.690170 | sum_rate=20.690170 | r_p=7.881258 | r_c=1.435706 | r_s=8.500959e-04 | status=running
[DL Convergence] | phase=optimize | block=4 | epoch=2/120 | active_users=1 | updated_users=1 | objective=20.690180 | sum_rate=20.690180 | r_p=7.881248 | r_c=2.056846 | r_s=8.226490e-04 | status=stationary_infeasible
  user=00 block=04 candidate n_kl=  35 after updating users [0] still leaves committed users infeasible [0] at search_stage=fixed_step.
  user=00 block=04 candidate n_kl=  36 breaks committed-user feasibility [0] at search_stage=fixed_step; trying fresh re-optimization.
[DL Convergence] | phase=optimize | block=4 | epoch=1/120 | active_users=1 | updated_users=1 | objective=20.733553 | sum_rate=20.733553 | r_p=7.044226 | r_c=1.283226 | r_s=8.500401e-04 | status=running
[DL Convergence] | phase=optimize | block=4 | epoch=2/120 | active_users=1 | updated_users=1 | objective=20.733562 | sum_rate=20.733562 | r_p=7.044216 | r_c=1.779435 | r_s=8.215945e-04 | status=stationary_infeasible
  user=00 block=04 candidate n_kl=  36 after updating users [0] still leaves committed users infeasible [0] at search_stage=fixed_step.
  user=00 block=04 candidate n_kl=  37 breaks committed-user feasibility [0] at search_stage=fixed_step; trying fresh re-optimization.
[DL Convergence] | phase=optimize | block=4 | epoch=1/120 | active_users=1 | updated_users=1 | objective=20.775158 | sum_rate=20.775158 | r_p=6.251869 | r_c=1.138885 | r_s=8.500024e-04 | status=running
[DL Convergence] | phase=optimize | block=4 | epoch=2/120 | active_users=1 | updated_users=1 | objective=20.775171 | sum_rate=20.775171 | r_p=6.251856 | r_c=1.529740 | r_s=8.206224e-04 | status=stationary_infeasible
  user=00 block=04 candidate n_kl=  37 after updating users [0] still leaves committed users infeasible [0] at search_stage=fixed_step.
  user=00 block=04 candidate n_kl=  38 breaks committed-user feasibility [0] at search_stage=fixed_step; trying fresh re-optimization.
[DL Convergence] | phase=optimize | block=4 | epoch=1/120 | active_users=1 | updated_users=1 | objective=20.815115 | sum_rate=20.815115 | r_p=5.500675 | r_c=1.002042 | r_s=8.499615e-04 | status=running
[DL Convergence] | phase=optimize | block=4 | epoch=2/120 | active_users=1 | updated_users=1 | objective=20.815125 | sum_rate=20.815125 | r_p=5.500666 | r_c=1.304614 | r_s=8.196658e-04 | status=stationary_infeasible
  user=00 block=04 candidate n_kl=  38 after updating users [0] still leaves committed users infeasible [0] at search_stage=fixed_step.
  user=00 block=04 candidate n_kl=  39 breaks committed-user feasibility [0] at search_stage=fixed_step; trying fresh re-optimization.
[DL Convergence] | phase=optimize | block=4 | epoch=1/120 | active_users=1 | updated_users=1 | objective=20.853523 | sum_rate=20.853523 | r_p=4.787502 | r_c=0.872126 | r_s=8.499312e-04 | status=running
[DL Convergence] | phase=optimize | block=4 | epoch=2/120 | active_users=1 | updated_users=1 | objective=20.853533 | sum_rate=20.853533 | r_p=4.787493 | r_c=1.101325 | r_s=8.187861e-04 | status=stationary_infeasible
  user=00 block=04 candidate n_kl=  39 after updating users [0] still leaves committed users infeasible [0] at search_stage=fixed_step.
  user=00 block=04 candidate n_kl=  40 breaks committed-user feasibility [0] at search_stage=fixed_step; trying fresh re-optimization.
[DL Convergence] | phase=optimize | block=4 | epoch=1/120 | active_users=1 | updated_users=1 | objective=20.890486 | sum_rate=20.890486 | r_p=4.109514 | r_c=0.748618 | r_s=8.498897e-04 | status=running
[DL Convergence] | phase=optimize | block=4 | epoch=2/120 | active_users=1 | updated_users=1 | objective=20.890495 | sum_rate=20.890495 | r_p=4.109505 | r_c=0.917497 | r_s=8.179449e-04 | status=stationary_infeasible
  user=00 block=04 candidate n_kl=  40 after updating users [0] still leaves committed users infeasible [0] at search_stage=fixed_step.
  user=00 block=04 candidate n_kl=  41 breaks committed-user feasibility [0] at search_stage=fixed_step; trying fresh re-optimization.
[DL Convergence] | phase=optimize | block=4 | epoch=1/120 | active_users=1 | updated_users=1 | objective=20.926085 | sum_rate=20.926085 | r_p=3.464159 | r_c=0.631056 | r_s=8.498285e-04 | status=running
[DL Convergence] | phase=optimize | block=4 | epoch=2/120 | active_users=1 | updated_users=1 | objective=20.926094 | sum_rate=20.926094 | r_p=3.464149 | r_c=0.751058 | r_s=8.171695e-04 | status=stationary_infeasible
  user=00 block=04 candidate n_kl=  41 after updating users [0] still leaves committed users infeasible [0] at search_stage=fixed_step.
  user=00 block=04 candidate n_kl=  42 breaks committed-user feasibility [0] at search_stage=fixed_step; trying fresh re-optimization.
[DL Convergence] | phase=optimize | block=4 | epoch=1/120 | active_users=1 | updated_users=1 | objective=20.960405 | sum_rate=20.960405 | r_p=2.849119 | r_c=0.519016 | r_s=8.498142e-04 | status=running
[DL Convergence] | phase=optimize | block=4 | epoch=2/120 | active_users=1 | updated_users=1 | objective=20.960411 | sum_rate=20.960411 | r_p=2.849113 | r_c=0.600189 | r_s=8.164299e-04 | status=stationary_infeasible
  user=00 block=04 candidate n_kl=  42 after updating users [0] still leaves committed users infeasible [0] at search_stage=fixed_step.
  user=00 block=04 candidate n_kl=  43 breaks committed-user feasibility [0] at search_stage=fixed_step; trying fresh re-optimization.
[DL Convergence] | phase=optimize | block=4 | epoch=1/120 | active_users=1 | updated_users=1 | objective=20.993515 | sum_rate=20.993515 | r_p=2.262299 | r_c=0.412116 | r_s=8.497796e-04 | status=running
[DL Convergence] | phase=optimize | block=4 | epoch=2/120 | active_users=1 | updated_users=1 | objective=20.993526 | sum_rate=20.993526 | r_p=2.262287 | r_c=0.463294 | r_s=8.157062e-04 | status=stationary_infeasible
  user=00 block=04 candidate n_kl=  43 after updating users [0] still leaves committed users infeasible [0] at search_stage=fixed_step.
  user=00 block=04 candidate n_kl=  44 breaks committed-user feasibility [0] at search_stage=fixed_step; trying fresh re-optimization.
[DL Convergence] | phase=optimize | block=4 | epoch=1/120 | active_users=1 | updated_users=1 | objective=21.025496 | sum_rate=21.025496 | r_p=1.701777 | r_c=0.310008 | r_s=8.497587e-04 | status=running
[DL Convergence] | phase=optimize | block=4 | epoch=2/120 | active_users=1 | updated_users=1 | objective=21.025509 | sum_rate=21.025509 | r_p=1.701763 | r_c=0.338966 | r_s=8.150493e-04 | status=stationary_infeasible
  user=00 block=04 candidate n_kl=  44 after updating users [0] still leaves committed users infeasible [0] at search_stage=fixed_step.
  user=00 block=04 candidate n_kl=  45 breaks committed-user feasibility [0] at search_stage=fixed_step; trying fresh re-optimization.
[DL Convergence] | phase=optimize | block=4 | epoch=1/120 | active_users=1 | updated_users=1 | objective=21.056404 | sum_rate=21.056404 | r_p=1.165817 | r_c=0.212374 | r_s=8.497269e-04 | status=running
[DL Convergence] | phase=optimize | block=4 | epoch=2/120 | active_users=1 | updated_users=1 | objective=21.056414 | sum_rate=21.056414 | r_p=1.165808 | r_c=0.225963 | r_s=8.143721e-04 | status=stationary_infeasible
  user=00 block=04 candidate n_kl=  45 after updating users [0] still leaves committed users infeasible [0] at search_stage=fixed_step.
  user=00 block=04 candidate n_kl=  46 breaks committed-user feasibility [0] at search_stage=fixed_step; trying fresh re-optimization.
[DL Convergence] | phase=optimize | block=4 | epoch=1/120 | active_users=1 | updated_users=1 | objective=21.086298 | sum_rate=21.086298 | r_p=0.652832 | r_c=0.118925 | r_s=8.496855e-04 | status=running
[DL Convergence] | phase=optimize | block=4 | epoch=2/120 | active_users=1 | updated_users=1 | objective=21.086309 | sum_rate=21.086309 | r_p=0.652821 | r_c=0.123184 | r_s=8.137655e-04 | status=stationary_infeasible
  user=00 block=04 candidate n_kl=  46 after updating users [0] still leaves committed users infeasible [0] at search_stage=fixed_step.
  user=00 block=04 candidate n_kl=  47 breaks committed-user feasibility [0] at search_stage=fixed_step; trying fresh re-optimization.
[DL Convergence] | phase=optimize | block=4 | epoch=1/120 | active_users=1 | updated_users=1 | objective=21.115234 | sum_rate=21.115234 | r_p=0.161362 | r_c=0.029395 | r_s=8.496804e-04 | status=running
[DL Convergence] | phase=optimize | block=4 | epoch=2/120 | active_users=1 | updated_users=1 | objective=21.115240 | sum_rate=21.115240 | r_p=0.161356 | r_c=0.029654 | r_s=8.131843e-04 | status=stationary_infeasible
  user=00 block=04 candidate n_kl=  47 after updating users [0] still leaves committed users infeasible [0] at search_stage=fixed_step.
  user=00 block=04 candidate n_kl=  48 accepted at search_stage=fixed_step without fresh re-optimization.
  user=00 block=04 committed best n_kl=  48 after 1 accepted search states.
[DL Convergence Allocation] | user=0 | block=4 | served_bits=1000 | n_kl=48 | required_rate=20.833333 | achieved_rate=21.143257 | rate_margin=0.309924
[DL Convergence Block] | block=4 | status=complete | allocated_bits=1000 | remaining_bits=0
Saved downlink results to: C:\All Codes\Taiwan_Internship\UL_UPLINK_DOWNLINK_MONTE_CARLO\Results\Downlink\Method-Convergence per epoch\conv_weighted_user_net__dl_payload_completion_sweep_20260727_215427_conv_ndir_asc_obj_invcnr__s3\testing
Mirrored downlink convergence scenario results to: C:\All Codes\Taiwan_Internship\UL_UPLINK_DOWNLINK_MONTE_CARLO\Results\Downlink\Scenario-Payload completion\Convergence per epoch\conv_weighted_user_net__dl_payload_completion_sweep_20260727_215427_conv_ndir_asc_obj_invcnr__s3
Saved downlink convergence method results to: C:\All Codes\Taiwan_Internship\UL_UPLINK_DOWNLINK_MONTE_CARLO\Results\Downlink\Method-Convergence per epoch\conv_weighted_user_net__dl_payload_completion_sweep_20260727_215427_conv_ndir_asc_obj_invcnr__s3
