Initialized plotting globals:
train_result_path: C:\All Codes\Taiwan_Internship\UL_UPLINK_DOWNLINK_MONTE_CARLO\Results\Uplink\Method-Convergence per epoch\conv_net__ul_fixed_block_targets_sweep_20260704_205455_conv_upd_net_loss_plain_rate_snr__s3\optimization_history
test_result_path: C:\All Codes\Taiwan_Internship\UL_UPLINK_DOWNLINK_MONTE_CARLO\Results\Uplink\Method-Convergence per epoch\conv_net__ul_fixed_block_targets_sweep_20260704_205455_conv_upd_net_loss_plain_rate_snr__s3\optimization_history
user_cfg_result_path: C:\All Codes\Taiwan_Internship\UL_UPLINK_DOWNLINK_MONTE_CARLO\Results\Uplink\Method-Convergence per epoch\conv_net__ul_fixed_block_targets_sweep_20260704_205455_conv_upd_net_loss_plain_rate_snr__s3\user_config
[UL Initial Baseline] | seed=3 | scenario=fixed_block_targets | method=convergence | users=3 | initial_total_latency=0.033133 | initial_avg_latency=0.011044 | initial_min_latency=0.006467 | initial_max_latency=0.015533
[UL Convergence Train] | phase=start | user=0 | mode=fixed_block_targets
[UL Convergence Train] | user=0 | block=0 | target_bits=200 | mode=fixed_block_targets
[UL Convergence Block] | user=0 | block=0 | budget_mode=target_bits | requested_bits=200
[UL Convergence Solve] | user=0 | block=0 | stage=n=T | n_kl=50 | requested_bits=200
[UL Convergence] | phase=optimize | user=0 | block=0 | n_kl=50 | epoch=1/1000 | objective=-10.800456 | rate=10.793662 | power=29.999945 | r_p=0.000000 | r_c=0.000000 | r_s=inf | status=running
[UL Convergence] | phase=optimize | user=0 | block=0 | n_kl=50 | epoch=2/1000 | objective=-12.214260 | rate=12.206054 | power=29.999939 | r_p=0.000000 | r_c=0.000000 | r_s=1.120688 | status=running
[UL Convergence] | phase=optimize | user=0 | block=0 | n_kl=50 | epoch=3/1000 | objective=-14.462505 | rate=14.452053 | power=29.999939 | r_p=0.000000 | r_c=0.000000 | r_s=0.522140 | status=running
[UL Convergence] | phase=optimize | user=0 | block=0 | n_kl=50 | epoch=4/1000 | objective=-15.148737 | rate=15.137599 | power=29.999935 | r_p=0.000000 | r_c=0.000000 | r_s=0.257532 | status=running
[UL Convergence] | phase=optimize | user=0 | block=0 | n_kl=50 | epoch=5/1000 | objective=-15.183932 | rate=15.172760 | power=29.999935 | r_p=0.000000 | r_c=0.000000 | r_s=0.166306 | status=running
[UL Convergence] | phase=optimize | user=0 | block=0 | n_kl=50 | epoch=6/1000 | objective=-15.167294 | rate=15.156137 | power=29.999945 | r_p=0.000000 | r_c=0.000000 | r_s=0.090420 | status=running
[UL Convergence] | phase=optimize | user=0 | block=0 | n_kl=50 | epoch=7/1000 | objective=-15.211779 | rate=15.200578 | power=29.999935 | r_p=0.000000 | r_c=0.000000 | r_s=0.071993 | status=running
[UL Convergence] | phase=optimize | user=0 | block=0 | n_kl=50 | epoch=8/1000 | objective=-15.250404 | rate=15.239165 | power=29.999939 | r_p=0.000000 | r_c=0.000000 | r_s=0.061594 | status=running
[UL Convergence] | phase=optimize | user=0 | block=0 | n_kl=50 | epoch=9/1000 | objective=-15.276840 | rate=15.265574 | power=29.999939 | r_p=0.000000 | r_c=0.000000 | r_s=0.048653 | status=running
[UL Convergence] | phase=optimize | user=0 | block=0 | n_kl=50 | epoch=10/1000 | objective=-15.301556 | rate=15.290265 | power=29.999945 | r_p=0.000000 | r_c=0.000000 | r_s=0.038299 | status=running
[UL Convergence] | phase=optimize | user=0 | block=0 | n_kl=50 | epoch=11/1000 | objective=-15.327634 | rate=15.316318 | power=29.999945 | r_p=0.000000 | r_c=0.000000 | r_s=0.032625 | status=running
[UL Convergence] | phase=optimize | user=0 | block=0 | n_kl=50 | epoch=12/1000 | objective=-15.351468 | rate=15.340128 | power=29.999939 | r_p=0.000000 | r_c=0.000000 | r_s=0.032929 | status=running
[UL Convergence] | phase=optimize | user=0 | block=0 | n_kl=50 | epoch=13/1000 | objective=-15.366948 | rate=15.355593 | power=29.999935 | r_p=0.000000 | r_c=0.000000 | r_s=0.032026 | status=running
[UL Convergence] | phase=optimize | user=0 | block=0 | n_kl=50 | epoch=14/1000 | objective=-15.373373 | rate=15.362011 | power=29.999945 | r_p=0.000000 | r_c=0.000000 | r_s=0.029058 | status=running
[UL Convergence] | phase=optimize | user=0 | block=0 | n_kl=50 | epoch=15/1000 | objective=-15.372416 | rate=15.361055 | power=29.999945 | r_p=0.000000 | r_c=0.000000 | r_s=0.024434 | status=running
[UL Convergence] | phase=optimize | user=0 | block=0 | n_kl=50 | epoch=16/1000 | objective=-15.368167 | rate=15.356811 | power=29.999939 | r_p=0.000000 | r_c=0.000000 | r_s=0.018920 | status=running
[UL Convergence] | phase=optimize | user=0 | block=0 | n_kl=50 | epoch=17/1000 | objective=-15.364572 | rate=15.353218 | power=29.999939 | r_p=0.000000 | r_c=0.000000 | r_s=0.013976 | status=running
[UL Convergence] | phase=optimize | user=0 | block=0 | n_kl=50 | epoch=18/1000 | objective=-15.363360 | rate=15.352009 | power=29.999935 | r_p=0.000000 | r_c=0.000000 | r_s=0.011355 | status=running
[UL Convergence] | phase=optimize | user=0 | block=0 | n_kl=50 | epoch=19/1000 | objective=-15.364755 | rate=15.353401 | power=29.999945 | r_p=0.000000 | r_c=0.000000 | r_s=0.009443 | status=running
[UL Convergence] | phase=optimize | user=0 | block=0 | n_kl=50 | epoch=20/1000 | objective=-15.368342 | rate=15.356985 | power=29.999935 | r_p=0.000000 | r_c=0.000000 | r_s=0.008716 | status=running
[UL Convergence] | phase=optimize | user=0 | block=0 | n_kl=50 | epoch=21/1000 | objective=-15.373139 | rate=15.361777 | power=29.999939 | r_p=0.000000 | r_c=0.000000 | r_s=0.009173 | status=running
[UL Convergence] | phase=optimize | user=0 | block=0 | n_kl=50 | epoch=22/1000 | objective=-15.377940 | rate=15.366573 | power=29.999945 | r_p=0.000000 | r_c=0.000000 | r_s=0.010073 | status=running
[UL Convergence] | phase=optimize | user=0 | block=0 | n_kl=50 | epoch=23/1000 | objective=-15.381664 | rate=15.370294 | power=29.999945 | r_p=0.000000 | r_c=0.000000 | r_s=0.010667 | status=running
[UL Convergence] | phase=optimize | user=0 | block=0 | n_kl=50 | epoch=24/1000 | objective=-15.383784 | rate=15.372412 | power=29.999945 | r_p=0.000000 | r_c=0.000000 | r_s=0.010489 | status=running
[UL Convergence] | phase=optimize | user=0 | block=0 | n_kl=50 | epoch=25/1000 | objective=-15.384449 | rate=15.373075 | power=29.999945 | r_p=0.000000 | r_c=0.000000 | r_s=0.009470 | status=running
[UL Convergence] | phase=optimize | user=0 | block=0 | n_kl=50 | epoch=26/1000 | objective=-15.384303 | rate=15.372931 | power=29.999945 | r_p=0.000000 | r_c=0.000000 | r_s=0.008022 | status=running
[UL Convergence] | phase=optimize | user=0 | block=0 | n_kl=50 | epoch=27/1000 | objective=-15.383992 | rate=15.372620 | power=29.999945 | r_p=0.000000 | r_c=0.000000 | r_s=0.006876 | status=running
[UL Convergence] | phase=optimize | user=0 | block=0 | n_kl=50 | epoch=28/1000 | objective=-15.383838 | rate=15.372465 | power=29.999939 | r_p=0.000000 | r_c=0.000000 | r_s=0.006463 | status=running
[UL Convergence] | phase=optimize | user=0 | block=0 | n_kl=50 | epoch=29/1000 | objective=-15.383859 | rate=15.372486 | power=29.999935 | r_p=0.000000 | r_c=0.000000 | r_s=0.006436 | status=running
[UL Convergence] | phase=optimize | user=0 | block=0 | n_kl=50 | epoch=30/1000 | objective=-15.383959 | rate=15.372586 | power=29.999945 | r_p=0.000000 | r_c=0.000000 | r_s=0.006211 | status=running
[UL Convergence] | phase=optimize | user=0 | block=0 | n_kl=50 | epoch=31/1000 | objective=-15.384171 | rate=15.372799 | power=29.999945 | r_p=0.000000 | r_c=0.000000 | r_s=0.004889 | status=running
[UL Convergence] | phase=optimize | user=0 | block=0 | n_kl=50 | epoch=32/1000 | objective=-15.384365 | rate=15.372993 | power=29.999945 | r_p=0.000000 | r_c=0.000000 | r_s=0.004885 | status=running
[UL Convergence] | phase=optimize | user=0 | block=0 | n_kl=50 | epoch=33/1000 | objective=-15.384534 | rate=15.373160 | power=29.999945 | r_p=0.000000 | r_c=0.000000 | r_s=0.004484 | status=running
[UL Convergence] | phase=optimize | user=0 | block=0 | n_kl=50 | epoch=34/1000 | objective=-15.384745 | rate=15.373371 | power=29.999939 | r_p=0.000000 | r_c=0.000000 | r_s=0.004036 | status=running
[UL Convergence] | phase=optimize | user=0 | block=0 | n_kl=50 | epoch=35/1000 | objective=-15.385041 | rate=15.373668 | power=29.999945 | r_p=0.000000 | r_c=0.000000 | r_s=0.003785 | status=running
[UL Convergence] | phase=optimize | user=0 | block=0 | n_kl=50 | epoch=36/1000 | objective=-15.385396 | rate=15.374022 | power=29.999945 | r_p=0.000000 | r_c=0.000000 | r_s=0.003807 | status=running
[UL Convergence] | phase=optimize | user=0 | block=0 | n_kl=50 | epoch=37/1000 | objective=-15.385728 | rate=15.374353 | power=29.999945 | r_p=0.000000 | r_c=0.000000 | r_s=0.003943 | status=running
[UL Convergence] | phase=optimize | user=0 | block=0 | n_kl=50 | epoch=38/1000 | objective=-15.385968 | rate=15.374594 | power=29.999939 | r_p=0.000000 | r_c=0.000000 | r_s=0.003984 | status=running
[UL Convergence] | phase=optimize | user=0 | block=0 | n_kl=50 | epoch=39/1000 | objective=-15.386091 | rate=15.374717 | power=29.999939 | r_p=0.000000 | r_c=0.000000 | r_s=0.003829 | status=running
[UL Convergence] | phase=optimize | user=0 | block=0 | n_kl=50 | epoch=40/1000 | objective=-15.386139 | rate=15.374764 | power=29.999945 | r_p=0.000000 | r_c=0.000000 | r_s=0.003504 | status=running
[UL Convergence] | phase=optimize | user=0 | block=0 | n_kl=50 | epoch=41/1000 | objective=-15.386163 | rate=15.374788 | power=29.999945 | r_p=0.000000 | r_c=0.000000 | r_s=0.003124 | status=running
[UL Convergence] | phase=optimize | user=0 | block=0 | n_kl=50 | epoch=42/1000 | objective=-15.386197 | rate=15.374823 | power=29.999945 | r_p=0.000000 | r_c=0.000000 | r_s=0.002817 | status=running
[UL Convergence] | phase=optimize | user=0 | block=0 | n_kl=50 | epoch=43/1000 | objective=-15.386252 | rate=15.374878 | power=29.999939 | r_p=0.000000 | r_c=0.000000 | r_s=0.002643 | status=running
[UL Convergence] | phase=optimize | user=0 | block=0 | n_kl=50 | epoch=44/1000 | objective=-15.386330 | rate=15.374954 | power=29.999935 | r_p=0.000000 | r_c=0.000000 | r_s=0.002562 | status=running
[UL Convergence] | phase=optimize | user=0 | block=0 | n_kl=50 | epoch=45/1000 | objective=-15.386440 | rate=15.375065 | power=29.999939 | r_p=0.000000 | r_c=0.000000 | r_s=0.002512 | status=running
[UL Convergence] | phase=optimize | user=0 | block=0 | n_kl=50 | epoch=46/1000 | objective=-15.386543 | rate=15.375168 | power=29.999939 | r_p=0.000000 | r_c=0.000000 | r_s=0.002467 | status=running
[UL Convergence] | phase=optimize | user=0 | block=0 | n_kl=50 | epoch=47/1000 | objective=-15.386636 | rate=15.375260 | power=29.999939 | r_p=0.000000 | r_c=0.000000 | r_s=0.002443 | status=running
[UL Convergence] | phase=optimize | user=0 | block=0 | n_kl=50 | epoch=48/1000 | objective=-15.386706 | rate=15.375331 | power=29.999935 | r_p=0.000000 | r_c=0.000000 | r_s=0.002435 | status=running
[UL Convergence] | phase=optimize | user=0 | block=0 | n_kl=50 | epoch=49/1000 | objective=-15.386748 | rate=15.375373 | power=29.999935 | r_p=0.000000 | r_c=0.000000 | r_s=0.002400 | status=running
[UL Convergence] | phase=optimize | user=0 | block=0 | n_kl=50 | epoch=50/1000 | objective=-15.386766 | rate=15.375391 | power=29.999945 | r_p=0.000000 | r_c=0.000000 | r_s=0.002278 | status=running
[UL Convergence] | phase=optimize | user=0 | block=0 | n_kl=50 | epoch=51/1000 | objective=-15.386745 | rate=15.375370 | power=29.999945 | r_p=0.000000 | r_c=0.000000 | r_s=0.002044 | status=running
[UL Convergence] | phase=optimize | user=0 | block=0 | n_kl=50 | epoch=52/1000 | objective=-15.386726 | rate=15.375351 | power=29.999939 | r_p=0.000000 | r_c=0.000000 | r_s=0.001736 | status=running
[UL Convergence] | phase=optimize | user=0 | block=0 | n_kl=50 | epoch=53/1000 | objective=-15.386722 | rate=15.375346 | power=29.999939 | r_p=0.000000 | r_c=0.000000 | r_s=0.001466 | status=running
[UL Convergence] | phase=optimize | user=0 | block=0 | n_kl=50 | epoch=54/1000 | objective=-15.386765 | rate=15.375389 | power=29.999939 | r_p=0.000000 | r_c=0.000000 | r_s=0.001370 | status=running
[UL Convergence] | phase=optimize | user=0 | block=0 | n_kl=50 | epoch=55/1000 | objective=-15.386827 | rate=15.375452 | power=29.999945 | r_p=0.000000 | r_c=0.000000 | r_s=0.001453 | status=running
[UL Convergence] | phase=optimize | user=0 | block=0 | n_kl=50 | epoch=56/1000 | objective=-15.386892 | rate=15.375517 | power=29.999945 | r_p=0.000000 | r_c=0.000000 | r_s=0.001581 | status=running
[UL Convergence] | phase=optimize | user=0 | block=0 | n_kl=50 | epoch=57/1000 | objective=-15.386941 | rate=15.375566 | power=29.999939 | r_p=0.000000 | r_c=0.000000 | r_s=0.001640 | status=running
[UL Convergence] | phase=optimize | user=0 | block=0 | n_kl=50 | epoch=58/1000 | objective=-15.386993 | rate=15.375618 | power=29.999945 | r_p=0.000000 | r_c=0.000000 | r_s=0.001599 | status=running
[UL Convergence] | phase=optimize | user=0 | block=0 | n_kl=50 | epoch=59/1000 | objective=-15.387003 | rate=15.375628 | power=29.999945 | r_p=0.000000 | r_c=0.000000 | r_s=0.001490 | status=running
[UL Convergence] | phase=optimize | user=0 | block=0 | n_kl=50 | epoch=60/1000 | objective=-15.387011 | rate=15.375635 | power=29.999939 | r_p=0.000000 | r_c=0.000000 | r_s=0.001367 | status=running
[UL Convergence] | phase=optimize | user=0 | block=0 | n_kl=50 | epoch=61/1000 | objective=-15.387003 | rate=15.375628 | power=29.999945 | r_p=0.000000 | r_c=0.000000 | r_s=0.001258 | status=running
[UL Convergence] | phase=optimize | user=0 | block=0 | n_kl=50 | epoch=62/1000 | objective=-15.387006 | rate=15.375630 | power=29.999945 | r_p=0.000000 | r_c=0.000000 | r_s=0.001153 | status=running
[UL Convergence] | phase=optimize | user=0 | block=0 | n_kl=50 | epoch=63/1000 | objective=-15.386988 | rate=15.375612 | power=29.999950 | r_p=0.000000 | r_c=0.000000 | r_s=0.001026 | status=running
[UL Convergence] | phase=optimize | user=0 | block=0 | n_kl=50 | epoch=64/1000 | objective=-15.386992 | rate=15.375617 | power=29.999945 | r_p=0.000000 | r_c=0.000000 | r_s=8.908835e-04 | status=running
[UL Convergence] | phase=optimize | user=0 | block=0 | n_kl=50 | epoch=65/1000 | objective=-15.386990 | rate=15.375614 | power=29.999939 | r_p=0.000000 | r_c=0.000000 | r_s=8.047696e-04 | status=running
[UL Convergence] | phase=optimize | user=0 | block=0 | n_kl=50 | epoch=66/1000 | objective=-15.387012 | rate=15.375636 | power=29.999945 | r_p=0.000000 | r_c=0.000000 | r_s=8.173332e-04 | status=running
[UL Convergence] | phase=optimize | user=0 | block=0 | n_kl=50 | epoch=67/1000 | objective=-15.387032 | rate=15.375656 | power=29.999945 | r_p=0.000000 | r_c=0.000000 | r_s=8.880864e-04 | status=running
[UL Convergence] | phase=optimize | user=0 | block=0 | n_kl=50 | epoch=68/1000 | objective=-15.387043 | rate=15.375668 | power=29.999945 | r_p=0.000000 | r_c=0.000000 | r_s=9.335789e-04 | status=running
[UL Convergence] | phase=optimize | user=0 | block=0 | n_kl=50 | epoch=69/1000 | objective=-15.387052 | rate=15.375676 | power=29.999945 | r_p=0.000000 | r_c=0.000000 | r_s=9.093984e-04 | status=running
[UL Convergence] | phase=optimize | user=0 | block=0 | n_kl=50 | epoch=70/1000 | objective=-15.387068 | rate=15.375692 | power=29.999939 | r_p=0.000000 | r_c=0.000000 | r_s=8.293833e-04 | status=running
[UL Convergence] | phase=optimize | user=0 | block=0 | n_kl=50 | epoch=71/1000 | objective=-15.387065 | rate=15.375690 | power=29.999945 | r_p=0.000000 | r_c=0.000000 | r_s=7.514816e-04 | status=running
[UL Convergence] | phase=optimize | user=0 | block=0 | n_kl=50 | epoch=72/1000 | objective=-15.387079 | rate=15.375704 | power=29.999945 | r_p=0.000000 | r_c=0.000000 | r_s=7.297960e-04 | status=running
[UL Convergence] | phase=optimize | user=0 | block=0 | n_kl=50 | epoch=73/1000 | objective=-15.387077 | rate=15.375702 | power=29.999945 | r_p=0.000000 | r_c=0.000000 | r_s=7.494413e-04 | status=running
[UL Convergence] | phase=optimize | user=0 | block=0 | n_kl=50 | epoch=74/1000 | objective=-15.387070 | rate=15.375694 | power=29.999945 | r_p=0.000000 | r_c=0.000000 | r_s=7.455133e-04 | status=running
[UL Convergence] | phase=optimize | user=0 | block=0 | n_kl=50 | epoch=75/1000 | objective=-15.387075 | rate=15.375700 | power=29.999945 | r_p=0.000000 | r_c=0.000000 | r_s=6.733734e-04 | status=running
[UL Convergence] | phase=optimize | user=0 | block=0 | n_kl=50 | epoch=76/1000 | objective=-15.387062 | rate=15.375687 | power=29.999945 | r_p=0.000000 | r_c=0.000000 | r_s=5.377048e-04 | status=kkt_converged
[UL Convergence Result] | user=0 | block=0 | n_kl=50 | achieved_rate=15.375704 | power=29.999945 | rate_gap=-11.375704 | power_gap=-5.531311e-05 | solve_status=kkt_converged
[UL Convergence Allocation] | user=0 | block=0 | n_kl=50 | requested_bits=200 | served_bits=200 | full_service=true
[UL Convergence Block] | user=0 | block=0 | stage=post_T | served_bits=200 | unserved_bits=0
[UL Convergence Reduction] | user=0 | block=0 | served_bits=200 | n_start=49 | n_min=1
[UL Convergence Solve] | user=0 | block=0 | stage=reduced_n | n_kl=49 | served_bits=200
[UL Convergence] | phase=optimize | user=0 | block=0 | n_kl=49 | epoch=1/1000 | objective=-15.360657 | rate=15.349389 | power=29.999945 | r_p=0.000000 | r_c=0.000000 | r_s=inf | status=running
[UL Convergence] | phase=optimize | user=0 | block=0 | n_kl=49 | epoch=2/1000 | objective=-15.360658 | rate=15.349390 | power=29.999945 | r_p=0.000000 | r_c=0.000000 | r_s=7.492839e-04 | status=running
[UL Convergence] | phase=optimize | user=0 | block=0 | n_kl=49 | epoch=3/1000 | objective=-15.360662 | rate=15.349394 | power=29.999939 | r_p=0.000000 | r_c=0.000000 | r_s=7.451397e-04 | status=running
[UL Convergence] | phase=optimize | user=0 | block=0 | n_kl=49 | epoch=4/1000 | objective=-15.360653 | rate=15.349385 | power=29.999939 | r_p=0.000000 | r_c=0.000000 | r_s=6.728129e-04 | status=running
[UL Convergence] | phase=optimize | user=0 | block=0 | n_kl=49 | epoch=5/1000 | objective=-15.360646 | rate=15.349379 | power=29.999945 | r_p=0.000000 | r_c=0.000000 | r_s=5.371846e-04 | status=kkt_converged
[UL Convergence Candidate] | user=0 | block=0 | n_kl=49 | achieved_rate=15.349394 | rate_gap=-11.267761 | power_gap=-6.103516e-05 | status=accepted
[UL Convergence Solve] | user=0 | block=0 | stage=reduced_n | n_kl=40 | served_bits=200
[UL Convergence] | phase=optimize | user=0 | block=0 | n_kl=40 | epoch=1/1000 | objective=-15.079858 | rate=15.069788 | power=29.999945 | r_p=0.000000 | r_c=0.000000 | r_s=inf | status=running
[UL Convergence] | phase=optimize | user=0 | block=0 | n_kl=40 | epoch=2/1000 | objective=-15.079844 | rate=15.069774 | power=29.999935 | r_p=0.000000 | r_c=0.000000 | r_s=3.963046e-04 | status=kkt_converged
[UL Convergence Candidate] | user=0 | block=0 | n_kl=40 | achieved_rate=15.069788 | rate_gap=-10.069788 | power_gap=-5.531311e-05 | status=accepted
[UL Convergence Solve] | user=0 | block=0 | stage=reduced_n | n_kl=30 | served_bits=200
[UL Convergence] | phase=optimize | user=0 | block=0 | n_kl=30 | epoch=1/1000 | objective=-14.629476 | rate=14.621521 | power=29.999945 | r_p=0.000000 | r_c=0.000000 | r_s=inf | status=running
[UL Convergence] | phase=optimize | user=0 | block=0 | n_kl=30 | epoch=2/1000 | objective=-14.629493 | rate=14.621538 | power=29.999945 | r_p=0.000000 | r_c=0.000000 | r_s=4.163012e-04 | status=kkt_converged
[UL Convergence Candidate] | user=0 | block=0 | n_kl=30 | achieved_rate=14.621538 | rate_gap=-7.954872 | power_gap=-5.531311e-05 | status=accepted
[UL Convergence Solve] | user=0 | block=0 | stage=reduced_n | n_kl=20 | served_bits=200
[UL Convergence] | phase=optimize | user=0 | block=0 | n_kl=20 | epoch=1/1000 | objective=-13.873423 | rate=13.869553 | power=29.999945 | r_p=0.000000 | r_c=0.000000 | r_s=inf | status=running
[UL Convergence] | phase=optimize | user=0 | block=0 | n_kl=20 | epoch=2/1000 | objective=-13.873418 | rate=13.869548 | power=29.999939 | r_p=0.000000 | r_c=0.000000 | r_s=8.853811e-04 | status=running
[UL Convergence] | phase=optimize | user=0 | block=0 | n_kl=20 | epoch=3/1000 | objective=-13.873423 | rate=13.869553 | power=29.999945 | r_p=0.000000 | r_c=0.000000 | r_s=4.634976e-04 | status=kkt_converged
[UL Convergence Candidate] | user=0 | block=0 | n_kl=20 | achieved_rate=13.869553 | rate_gap=-3.869553 | power_gap=-5.531311e-05 | status=accepted
[UL Convergence Reduction] | user=0 | block=0 | n_kl=15 | status=stop_infeasible
[UL Convergence Final] | user=0 | block=0 | feasible_points=35 | chosen_n_kl=16 | served_bits=200 | achieved_rate=13.385862 | power=29.999945 | solve_status=kkt_converged
[UL Convergence Allocation] | user=0 | block=0 | chosen_n_kl=16 | served_bits=200 | unserved_bits=0 | mode=fixed_block_targets
[UL Convergence Train] | user=0 | block=1 | target_bits=200 | mode=fixed_block_targets
[UL Convergence Block] | user=0 | block=1 | budget_mode=target_bits | requested_bits=200
[UL Convergence Solve] | user=0 | block=1 | stage=n=T | n_kl=50 | requested_bits=200
[UL Convergence] | phase=optimize | user=0 | block=1 | n_kl=50 | epoch=1/1000 | objective=-15.301705 | rate=15.290415 | power=29.999945 | r_p=0.000000 | r_c=0.000000 | r_s=inf | status=running
[UL Convergence] | phase=optimize | user=0 | block=1 | n_kl=50 | epoch=2/1000 | objective=-15.109583 | rate=15.098484 | power=29.999945 | r_p=0.000000 | r_c=0.000000 | r_s=0.168038 | status=running
[UL Convergence] | phase=optimize | user=0 | block=1 | n_kl=50 | epoch=3/1000 | objective=-15.280587 | rate=15.269318 | power=29.999945 | r_p=0.000000 | r_c=0.000000 | r_s=0.110675 | status=running
[UL Convergence] | phase=optimize | user=0 | block=1 | n_kl=50 | epoch=4/1000 | objective=-15.268456 | rate=15.257198 | power=29.999939 | r_p=0.000000 | r_c=0.000000 | r_s=0.099968 | status=running
[UL Convergence] | phase=optimize | user=0 | block=1 | n_kl=50 | epoch=5/1000 | objective=-15.223886 | rate=15.212673 | power=29.999939 | r_p=0.000000 | r_c=0.000000 | r_s=0.049860 | status=running
[UL Convergence] | phase=optimize | user=0 | block=1 | n_kl=50 | epoch=6/1000 | objective=-15.237892 | rate=15.226665 | power=29.999939 | r_p=0.000000 | r_c=0.000000 | r_s=0.027949 | status=running
[UL Convergence] | phase=optimize | user=0 | block=1 | n_kl=50 | epoch=7/1000 | objective=-15.275582 | rate=15.264318 | power=29.999945 | r_p=0.000000 | r_c=0.000000 | r_s=0.036668 | status=running
[UL Convergence] | phase=optimize | user=0 | block=1 | n_kl=50 | epoch=8/1000 | objective=-15.296474 | rate=15.285189 | power=29.999945 | r_p=0.000000 | r_c=0.000000 | r_s=0.042195 | status=running
[UL Convergence] | phase=optimize | user=0 | block=1 | n_kl=50 | epoch=9/1000 | objective=-15.292882 | rate=15.281600 | power=29.999935 | r_p=0.000000 | r_c=0.000000 | r_s=0.038256 | status=running
[UL Convergence] | phase=optimize | user=0 | block=1 | n_kl=50 | epoch=10/1000 | objective=-15.279692 | rate=15.268423 | power=29.999939 | r_p=0.000000 | r_c=0.000000 | r_s=0.028245 | status=running
[UL Convergence] | phase=optimize | user=0 | block=1 | n_kl=50 | epoch=11/1000 | objective=-15.273337 | rate=15.262075 | power=29.999945 | r_p=0.000000 | r_c=0.000000 | r_s=0.018108 | status=running
[UL Convergence] | phase=optimize | user=0 | block=1 | n_kl=50 | epoch=12/1000 | objective=-15.278706 | rate=15.267438 | power=29.999939 | r_p=0.000000 | r_c=0.000000 | r_s=0.015355 | status=running
[UL Convergence] | phase=optimize | user=0 | block=1 | n_kl=50 | epoch=13/1000 | objective=-15.290029 | rate=15.278749 | power=29.999939 | r_p=0.000000 | r_c=0.000000 | r_s=0.019159 | status=running
[UL Convergence] | phase=optimize | user=0 | block=1 | n_kl=50 | epoch=14/1000 | objective=-15.298965 | rate=15.287678 | power=29.999945 | r_p=0.000000 | r_c=0.000000 | r_s=0.022573 | status=running
[UL Convergence] | phase=optimize | user=0 | block=1 | n_kl=50 | epoch=15/1000 | objective=-15.300942 | rate=15.289653 | power=29.999945 | r_p=0.000000 | r_c=0.000000 | r_s=0.022798 | status=running
[UL Convergence] | phase=optimize | user=0 | block=1 | n_kl=50 | epoch=16/1000 | objective=-15.297442 | rate=15.286157 | power=29.999939 | r_p=0.000000 | r_c=0.000000 | r_s=0.019441 | status=running
[UL Convergence] | phase=optimize | user=0 | block=1 | n_kl=50 | epoch=17/1000 | objective=-15.293365 | rate=15.282084 | power=29.999945 | r_p=0.000000 | r_c=0.000000 | r_s=0.014364 | status=running
[UL Convergence] | phase=optimize | user=0 | block=1 | n_kl=50 | epoch=18/1000 | objective=-15.292323 | rate=15.281042 | power=29.999945 | r_p=0.000000 | r_c=0.000000 | r_s=0.010635 | status=running
[UL Convergence] | phase=optimize | user=0 | block=1 | n_kl=50 | epoch=19/1000 | objective=-15.294684 | rate=15.283401 | power=29.999945 | r_p=0.000000 | r_c=0.000000 | r_s=0.010667 | status=running
[UL Convergence] | phase=optimize | user=0 | block=1 | n_kl=50 | epoch=20/1000 | objective=-15.298491 | rate=15.287205 | power=29.999945 | r_p=0.000000 | r_c=0.000000 | r_s=0.012537 | status=running
[UL Convergence] | phase=optimize | user=0 | block=1 | n_kl=50 | epoch=21/1000 | objective=-15.301535 | rate=15.290244 | power=29.999945 | r_p=0.000000 | r_c=0.000000 | r_s=0.013777 | status=running
[UL Convergence] | phase=optimize | user=0 | block=1 | n_kl=50 | epoch=22/1000 | objective=-15.302730 | rate=15.291438 | power=29.999939 | r_p=0.000000 | r_c=0.000000 | r_s=0.013684 | status=running
[UL Convergence] | phase=optimize | user=0 | block=1 | n_kl=50 | epoch=23/1000 | objective=-15.302338 | rate=15.291046 | power=29.999939 | r_p=0.000000 | r_c=0.000000 | r_s=0.012608 | status=running
[UL Convergence] | phase=optimize | user=0 | block=1 | n_kl=50 | epoch=24/1000 | objective=-15.301179 | rate=15.289889 | power=29.999939 | r_p=0.000000 | r_c=0.000000 | r_s=0.010992 | status=running
[UL Convergence] | phase=optimize | user=0 | block=1 | n_kl=50 | epoch=25/1000 | objective=-15.300235 | rate=15.288946 | power=29.999939 | r_p=0.000000 | r_c=0.000000 | r_s=0.008962 | status=running
[UL Convergence] | phase=optimize | user=0 | block=1 | n_kl=50 | epoch=26/1000 | objective=-15.300303 | rate=15.289015 | power=29.999945 | r_p=0.000000 | r_c=0.000000 | r_s=0.007249 | status=running
[UL Convergence] | phase=optimize | user=0 | block=1 | n_kl=50 | epoch=27/1000 | objective=-15.301509 | rate=15.290218 | power=29.999939 | r_p=0.000000 | r_c=0.000000 | r_s=0.007331 | status=running
[UL Convergence] | phase=optimize | user=0 | block=1 | n_kl=50 | epoch=28/1000 | objective=-15.303160 | rate=15.291868 | power=29.999945 | r_p=0.000000 | r_c=0.000000 | r_s=0.008629 | status=running
[UL Convergence] | phase=optimize | user=0 | block=1 | n_kl=50 | epoch=29/1000 | objective=-15.304310 | rate=15.293016 | power=29.999939 | r_p=0.000000 | r_c=0.000000 | r_s=0.009444 | status=running
[UL Convergence] | phase=optimize | user=0 | block=1 | n_kl=50 | epoch=30/1000 | objective=-15.304512 | rate=15.293219 | power=29.999945 | r_p=0.000000 | r_c=0.000000 | r_s=0.009220 | status=running
[UL Convergence] | phase=optimize | user=0 | block=1 | n_kl=50 | epoch=31/1000 | objective=-15.303973 | rate=15.292681 | power=29.999945 | r_p=0.000000 | r_c=0.000000 | r_s=0.008065 | status=running
[UL Convergence] | phase=optimize | user=0 | block=1 | n_kl=50 | epoch=32/1000 | objective=-15.303304 | rate=15.292011 | power=29.999945 | r_p=0.000000 | r_c=0.000000 | r_s=0.006356 | status=running
[UL Convergence] | phase=optimize | user=0 | block=1 | n_kl=50 | epoch=33/1000 | objective=-15.303111 | rate=15.291820 | power=29.999945 | r_p=0.000000 | r_c=0.000000 | r_s=0.005011 | status=running
[UL Convergence] | phase=optimize | user=0 | block=1 | n_kl=50 | epoch=34/1000 | objective=-15.303542 | rate=15.292250 | power=29.999945 | r_p=0.000000 | r_c=0.000000 | r_s=0.005005 | status=running
[UL Convergence] | phase=optimize | user=0 | block=1 | n_kl=50 | epoch=35/1000 | objective=-15.304308 | rate=15.293015 | power=29.999939 | r_p=0.000000 | r_c=0.000000 | r_s=0.005788 | status=running
[UL Convergence] | phase=optimize | user=0 | block=1 | n_kl=50 | epoch=36/1000 | objective=-15.304978 | rate=15.293685 | power=29.999945 | r_p=0.000000 | r_c=0.000000 | r_s=0.006438 | status=running
[UL Convergence] | phase=optimize | user=0 | block=1 | n_kl=50 | epoch=37/1000 | objective=-15.305232 | rate=15.293938 | power=29.999945 | r_p=0.000000 | r_c=0.000000 | r_s=0.006587 | status=running
[UL Convergence] | phase=optimize | user=0 | block=1 | n_kl=50 | epoch=38/1000 | objective=-15.305069 | rate=15.293776 | power=29.999939 | r_p=0.000000 | r_c=0.000000 | r_s=0.006058 | status=running
[UL Convergence] | phase=optimize | user=0 | block=1 | n_kl=50 | epoch=39/1000 | objective=-15.304728 | rate=15.293434 | power=29.999939 | r_p=0.000000 | r_c=0.000000 | r_s=0.005012 | status=running
[UL Convergence] | phase=optimize | user=0 | block=1 | n_kl=50 | epoch=40/1000 | objective=-15.304519 | rate=15.293225 | power=29.999939 | r_p=0.000000 | r_c=0.000000 | r_s=0.004022 | status=running
[UL Convergence] | phase=optimize | user=0 | block=1 | n_kl=50 | epoch=41/1000 | objective=-15.304615 | rate=15.293322 | power=29.999939 | r_p=0.000000 | r_c=0.000000 | r_s=0.003551 | status=running
[UL Convergence] | phase=optimize | user=0 | block=1 | n_kl=50 | epoch=42/1000 | objective=-15.304980 | rate=15.293687 | power=29.999939 | r_p=0.000000 | r_c=0.000000 | r_s=0.003732 | status=running
[UL Convergence] | phase=optimize | user=0 | block=1 | n_kl=50 | epoch=43/1000 | objective=-15.305412 | rate=15.294118 | power=29.999939 | r_p=0.000000 | r_c=0.000000 | r_s=0.004403 | status=running
[UL Convergence] | phase=optimize | user=0 | block=1 | n_kl=50 | epoch=44/1000 | objective=-15.305629 | rate=15.294334 | power=29.999935 | r_p=0.000000 | r_c=0.000000 | r_s=0.004884 | status=running
[UL Convergence] | phase=optimize | user=0 | block=1 | n_kl=50 | epoch=45/1000 | objective=-15.305532 | rate=15.294238 | power=29.999935 | r_p=0.000000 | r_c=0.000000 | r_s=0.004621 | status=running
[UL Convergence] | phase=optimize | user=0 | block=1 | n_kl=50 | epoch=46/1000 | objective=-15.305272 | rate=15.293978 | power=29.999945 | r_p=0.000000 | r_c=0.000000 | r_s=0.003640 | status=running
[UL Convergence] | phase=optimize | user=0 | block=1 | n_kl=50 | epoch=47/1000 | objective=-15.305106 | rate=15.293813 | power=29.999945 | r_p=0.000000 | r_c=0.000000 | r_s=0.002428 | status=running
[UL Convergence] | phase=optimize | user=0 | block=1 | n_kl=50 | epoch=48/1000 | objective=-15.305189 | rate=15.293895 | power=29.999950 | r_p=0.000000 | r_c=0.000000 | r_s=0.001996 | status=running
[UL Convergence] | phase=optimize | user=0 | block=1 | n_kl=50 | epoch=49/1000 | objective=-15.305459 | rate=15.294165 | power=29.999945 | r_p=0.000000 | r_c=0.000000 | r_s=0.002772 | status=running
[UL Convergence] | phase=optimize | user=0 | block=1 | n_kl=50 | epoch=50/1000 | objective=-15.305700 | rate=15.294406 | power=29.999945 | r_p=0.000000 | r_c=0.000000 | r_s=0.003544 | status=running
[UL Convergence] | phase=optimize | user=0 | block=1 | n_kl=50 | epoch=51/1000 | objective=-15.305760 | rate=15.294466 | power=29.999939 | r_p=0.000000 | r_c=0.000000 | r_s=0.003723 | status=running
[UL Convergence] | phase=optimize | user=0 | block=1 | n_kl=50 | epoch=52/1000 | objective=-15.305655 | rate=15.294361 | power=29.999945 | r_p=0.000000 | r_c=0.000000 | r_s=0.003273 | status=running
[UL Convergence] | phase=optimize | user=0 | block=1 | n_kl=50 | epoch=53/1000 | objective=-15.305490 | rate=15.294195 | power=29.999945 | r_p=0.000000 | r_c=0.000000 | r_s=0.002319 | status=running
[UL Convergence] | phase=optimize | user=0 | block=1 | n_kl=50 | epoch=54/1000 | objective=-15.305439 | rate=15.294145 | power=29.999945 | r_p=0.000000 | r_c=0.000000 | r_s=0.001280 | status=running
[UL Convergence] | phase=optimize | user=0 | block=1 | n_kl=50 | epoch=55/1000 | objective=-15.305547 | rate=15.294252 | power=29.999945 | r_p=0.000000 | r_c=0.000000 | r_s=0.001494 | status=running
[UL Convergence] | phase=optimize | user=0 | block=1 | n_kl=50 | epoch=56/1000 | objective=-15.305728 | rate=15.294434 | power=29.999950 | r_p=0.000000 | r_c=0.000000 | r_s=0.002356 | status=running
[UL Convergence] | phase=optimize | user=0 | block=1 | n_kl=50 | epoch=57/1000 | objective=-15.305805 | rate=15.294511 | power=29.999939 | r_p=0.000000 | r_c=0.000000 | r_s=0.002785 | status=running
[UL Convergence] | phase=optimize | user=0 | block=1 | n_kl=50 | epoch=58/1000 | objective=-15.305777 | rate=15.294482 | power=29.999939 | r_p=0.000000 | r_c=0.000000 | r_s=0.002652 | status=running
[UL Convergence] | phase=optimize | user=0 | block=1 | n_kl=50 | epoch=59/1000 | objective=-15.305684 | rate=15.294390 | power=29.999945 | r_p=0.000000 | r_c=0.000000 | r_s=0.002032 | status=running
[UL Convergence] | phase=optimize | user=0 | block=1 | n_kl=50 | epoch=60/1000 | objective=-15.305620 | rate=15.294326 | power=29.999945 | r_p=0.000000 | r_c=0.000000 | r_s=0.001168 | status=running
[UL Convergence] | phase=optimize | user=0 | block=1 | n_kl=50 | epoch=61/1000 | objective=-15.305658 | rate=15.294364 | power=29.999945 | r_p=0.000000 | r_c=0.000000 | r_s=9.143990e-04 | status=running
[UL Convergence] | phase=optimize | user=0 | block=1 | n_kl=50 | epoch=62/1000 | objective=-15.305749 | rate=15.294455 | power=29.999945 | r_p=0.000000 | r_c=0.000000 | r_s=0.001553 | status=running
[UL Convergence] | phase=optimize | user=0 | block=1 | n_kl=50 | epoch=63/1000 | objective=-15.305824 | rate=15.294530 | power=29.999945 | r_p=0.000000 | r_c=0.000000 | r_s=0.002058 | status=running
[UL Convergence] | phase=optimize | user=0 | block=1 | n_kl=50 | epoch=64/1000 | objective=-15.305820 | rate=15.294525 | power=29.999939 | r_p=0.000000 | r_c=0.000000 | r_s=0.002105 | status=running
[UL Convergence] | phase=optimize | user=0 | block=1 | n_kl=50 | epoch=65/1000 | objective=-15.305769 | rate=15.294475 | power=29.999939 | r_p=0.000000 | r_c=0.000000 | r_s=0.001655 | status=running
[UL Convergence] | phase=optimize | user=0 | block=1 | n_kl=50 | epoch=66/1000 | objective=-15.305724 | rate=15.294430 | power=29.999945 | r_p=0.000000 | r_c=0.000000 | r_s=9.645940e-04 | status=running
[UL Convergence] | phase=optimize | user=0 | block=1 | n_kl=50 | epoch=67/1000 | objective=-15.305735 | rate=15.294440 | power=29.999939 | r_p=0.000000 | r_c=0.000000 | r_s=7.000873e-04 | status=running
[UL Convergence] | phase=optimize | user=0 | block=1 | n_kl=50 | epoch=68/1000 | objective=-15.305779 | rate=15.294485 | power=29.999945 | r_p=0.000000 | r_c=0.000000 | r_s=0.001090 | status=running
[UL Convergence] | phase=optimize | user=0 | block=1 | n_kl=50 | epoch=69/1000 | objective=-15.305832 | rate=15.294538 | power=29.999945 | r_p=0.000000 | r_c=0.000000 | r_s=0.001457 | status=running
[UL Convergence] | phase=optimize | user=0 | block=1 | n_kl=50 | epoch=70/1000 | objective=-15.305830 | rate=15.294536 | power=29.999945 | r_p=0.000000 | r_c=0.000000 | r_s=0.001543 | status=running
[UL Convergence] | phase=optimize | user=0 | block=1 | n_kl=50 | epoch=71/1000 | objective=-15.305813 | rate=15.294518 | power=29.999945 | r_p=0.000000 | r_c=0.000000 | r_s=0.001295 | status=running
[UL Convergence] | phase=optimize | user=0 | block=1 | n_kl=50 | epoch=72/1000 | objective=-15.305786 | rate=15.294492 | power=29.999939 | r_p=0.000000 | r_c=0.000000 | r_s=8.441704e-04 | status=running
[UL Convergence] | phase=optimize | user=0 | block=1 | n_kl=50 | epoch=73/1000 | objective=-15.305785 | rate=15.294491 | power=29.999945 | r_p=0.000000 | r_c=0.000000 | r_s=5.083996e-04 | status=kkt_converged
[UL Convergence Result] | user=0 | block=1 | n_kl=50 | achieved_rate=15.294538 | power=29.999945 | rate_gap=-11.294538 | power_gap=-5.531311e-05 | solve_status=kkt_converged
[UL Convergence Allocation] | user=0 | block=1 | n_kl=50 | requested_bits=200 | served_bits=200 | full_service=true
[UL Convergence Block] | user=0 | block=1 | stage=post_T | served_bits=200 | unserved_bits=0
[UL Convergence Reduction] | user=0 | block=1 | served_bits=200 | n_start=49 | n_min=1
[UL Convergence Solve] | user=0 | block=1 | stage=reduced_n | n_kl=49 | served_bits=200
[UL Convergence] | phase=optimize | user=0 | block=1 | n_kl=49 | epoch=1/1000 | objective=-15.279404 | rate=15.268217 | power=29.999945 | r_p=0.000000 | r_c=0.000000 | r_s=inf | status=running
[UL Convergence] | phase=optimize | user=0 | block=1 | n_kl=49 | epoch=2/1000 | objective=-15.279408 | rate=15.268222 | power=29.999945 | r_p=0.000000 | r_c=0.000000 | r_s=0.001542 | status=running
[UL Convergence] | phase=optimize | user=0 | block=1 | n_kl=49 | epoch=3/1000 | objective=-15.279381 | rate=15.268194 | power=29.999945 | r_p=0.000000 | r_c=0.000000 | r_s=0.001294 | status=running
[UL Convergence] | phase=optimize | user=0 | block=1 | n_kl=49 | epoch=4/1000 | objective=-15.279367 | rate=15.268181 | power=29.999945 | r_p=0.000000 | r_c=0.000000 | r_s=8.431903e-04 | status=running
[UL Convergence] | phase=optimize | user=0 | block=1 | n_kl=49 | epoch=5/1000 | objective=-15.279361 | rate=15.268174 | power=29.999939 | r_p=0.000000 | r_c=0.000000 | r_s=5.081168e-04 | status=kkt_converged
[UL Convergence Candidate] | user=0 | block=1 | n_kl=49 | achieved_rate=15.268222 | rate_gap=-11.186589 | power_gap=-5.531311e-05 | status=accepted
[UL Convergence Solve] | user=0 | block=1 | stage=reduced_n | n_kl=40 | served_bits=200
[UL Convergence] | phase=optimize | user=0 | block=1 | n_kl=40 | epoch=1/1000 | objective=-14.998593 | rate=14.988605 | power=29.999939 | r_p=0.000000 | r_c=0.000000 | r_s=inf | status=running
[UL Convergence] | phase=optimize | user=0 | block=1 | n_kl=40 | epoch=2/1000 | objective=-14.998578 | rate=14.988589 | power=29.999945 | r_p=0.000000 | r_c=0.000000 | r_s=0.001284 | status=running
[UL Convergence] | phase=optimize | user=0 | block=1 | n_kl=40 | epoch=3/1000 | objective=-14.998560 | rate=14.988571 | power=29.999939 | r_p=0.000000 | r_c=0.000000 | r_s=8.371506e-04 | status=running
[UL Convergence] | phase=optimize | user=0 | block=1 | n_kl=40 | epoch=4/1000 | objective=-14.998557 | rate=14.988568 | power=29.999945 | r_p=0.000000 | r_c=0.000000 | r_s=5.168799e-04 | status=kkt_converged
[UL Convergence Candidate] | user=0 | block=1 | n_kl=40 | achieved_rate=14.988605 | rate_gap=-9.988605 | power_gap=-6.103516e-05 | status=accepted
[UL Convergence Solve] | user=0 | block=1 | stage=reduced_n | n_kl=30 | served_bits=200
[UL Convergence] | phase=optimize | user=0 | block=1 | n_kl=30 | epoch=1/1000 | objective=-14.548206 | rate=14.540333 | power=29.999945 | r_p=0.000000 | r_c=0.000000 | r_s=inf | status=running
[UL Convergence] | phase=optimize | user=0 | block=1 | n_kl=30 | epoch=2/1000 | objective=-14.548176 | rate=14.540302 | power=29.999939 | r_p=0.000000 | r_c=0.000000 | r_s=0.001271 | status=running
[UL Convergence] | phase=optimize | user=0 | block=1 | n_kl=30 | epoch=3/1000 | objective=-14.548157 | rate=14.540283 | power=29.999945 | r_p=0.000000 | r_c=0.000000 | r_s=8.304258e-04 | status=running
[UL Convergence] | phase=optimize | user=0 | block=1 | n_kl=30 | epoch=4/1000 | objective=-14.548166 | rate=14.540293 | power=29.999945 | r_p=0.000000 | r_c=0.000000 | r_s=5.229434e-04 | status=kkt_converged
[UL Convergence Candidate] | user=0 | block=1 | n_kl=30 | achieved_rate=14.540333 | rate_gap=-7.873666 | power_gap=-5.531311e-05 | status=accepted
[UL Convergence Solve] | user=0 | block=1 | stage=reduced_n | n_kl=20 | served_bits=200
[UL Convergence] | phase=optimize | user=0 | block=1 | n_kl=20 | epoch=1/1000 | objective=-13.792118 | rate=13.788330 | power=29.999945 | r_p=0.000000 | r_c=0.000000 | r_s=inf | status=running
[UL Convergence] | phase=optimize | user=0 | block=1 | n_kl=20 | epoch=2/1000 | objective=-13.792086 | rate=13.788298 | power=29.999945 | r_p=0.000000 | r_c=0.000000 | r_s=0.001255 | status=running
[UL Convergence] | phase=optimize | user=0 | block=1 | n_kl=20 | epoch=3/1000 | objective=-13.792063 | rate=13.788275 | power=29.999945 | r_p=0.000000 | r_c=0.000000 | r_s=8.337926e-04 | status=running
[UL Convergence] | phase=optimize | user=0 | block=1 | n_kl=20 | epoch=4/1000 | objective=-13.792074 | rate=13.788286 | power=29.999939 | r_p=0.000000 | r_c=0.000000 | r_s=5.553699e-04 | status=kkt_converged
[UL Convergence Candidate] | user=0 | block=1 | n_kl=20 | achieved_rate=13.788330 | rate_gap=-3.788330 | power_gap=-5.531311e-05 | status=accepted
[UL Convergence Reduction] | user=0 | block=1 | n_kl=15 | status=stop_infeasible
[UL Convergence Final] | user=0 | block=1 | feasible_points=35 | chosen_n_kl=16 | served_bits=200 | achieved_rate=13.304619 | power=29.999935 | solve_status=kkt_converged
[UL Convergence Allocation] | user=0 | block=1 | chosen_n_kl=16 | served_bits=200 | unserved_bits=0 | mode=fixed_block_targets
[UL Convergence Train] | user=0 | block=2 | target_bits=200 | mode=fixed_block_targets
[UL Convergence Block] | user=0 | block=2 | budget_mode=target_bits | requested_bits=200
[UL Convergence Solve] | user=0 | block=2 | stage=n=T | n_kl=50 | requested_bits=200
[UL Convergence] | phase=optimize | user=0 | block=2 | n_kl=50 | epoch=1/1000 | objective=-15.956766 | rate=15.944821 | power=29.999939 | r_p=0.000000 | r_c=0.000000 | r_s=inf | status=running
[UL Convergence] | phase=optimize | user=0 | block=2 | n_kl=50 | epoch=2/1000 | objective=-15.888247 | rate=15.876371 | power=29.999939 | r_p=0.000000 | r_c=0.000000 | r_s=0.119126 | status=running
[UL Convergence] | phase=optimize | user=0 | block=2 | n_kl=50 | epoch=3/1000 | objective=-15.945738 | rate=15.933804 | power=29.999935 | r_p=0.000000 | r_c=0.000000 | r_s=0.074282 | status=running
[UL Convergence] | phase=optimize | user=0 | block=2 | n_kl=50 | epoch=4/1000 | objective=-15.949489 | rate=15.937551 | power=29.999939 | r_p=0.000000 | r_c=0.000000 | r_s=0.062700 | status=running
[UL Convergence] | phase=optimize | user=0 | block=2 | n_kl=50 | epoch=5/1000 | objective=-15.929883 | rate=15.917965 | power=29.999945 | r_p=0.000000 | r_c=0.000000 | r_s=0.039172 | status=running
[UL Convergence] | phase=optimize | user=0 | block=2 | n_kl=50 | epoch=6/1000 | objective=-15.933614 | rate=15.921692 | power=29.999939 | r_p=0.000000 | r_c=0.000000 | r_s=0.016225 | status=running
[UL Convergence] | phase=optimize | user=0 | block=2 | n_kl=50 | epoch=7/1000 | objective=-15.950756 | rate=15.938817 | power=29.999939 | r_p=0.000000 | r_c=0.000000 | r_s=0.026578 | status=running
[UL Convergence] | phase=optimize | user=0 | block=2 | n_kl=50 | epoch=8/1000 | objective=-15.958642 | rate=15.946695 | power=29.999939 | r_p=0.000000 | r_c=0.000000 | r_s=0.031372 | status=running
[UL Convergence] | phase=optimize | user=0 | block=2 | n_kl=50 | epoch=9/1000 | objective=-15.954051 | rate=15.942109 | power=29.999935 | r_p=0.000000 | r_c=0.000000 | r_s=0.026407 | status=running
[UL Convergence] | phase=optimize | user=0 | block=2 | n_kl=50 | epoch=10/1000 | objective=-15.947511 | rate=15.935575 | power=29.999939 | r_p=0.000000 | r_c=0.000000 | r_s=0.016972 | status=running
[UL Convergence] | phase=optimize | user=0 | block=2 | n_kl=50 | epoch=11/1000 | objective=-15.946851 | rate=15.934916 | power=29.999945 | r_p=0.000000 | r_c=0.000000 | r_s=0.010590 | status=running
[UL Convergence] | phase=optimize | user=0 | block=2 | n_kl=50 | epoch=12/1000 | objective=-15.951582 | rate=15.939642 | power=29.999945 | r_p=0.000000 | r_c=0.000000 | r_s=0.012264 | status=running
[UL Convergence] | phase=optimize | user=0 | block=2 | n_kl=50 | epoch=13/1000 | objective=-15.956967 | rate=15.945023 | power=29.999939 | r_p=0.000000 | r_c=0.000000 | r_s=0.015895 | status=running
[UL Convergence] | phase=optimize | user=0 | block=2 | n_kl=50 | epoch=14/1000 | objective=-15.959200 | rate=15.947252 | power=29.999939 | r_p=0.000000 | r_c=0.000000 | r_s=0.017347 | status=running
[UL Convergence] | phase=optimize | user=0 | block=2 | n_kl=50 | epoch=15/1000 | objective=-15.957884 | rate=15.945938 | power=29.999935 | r_p=0.000000 | r_c=0.000000 | r_s=0.015894 | status=running
[UL Convergence] | phase=optimize | user=0 | block=2 | n_kl=50 | epoch=16/1000 | objective=-15.955309 | rate=15.943365 | power=29.999939 | r_p=0.000000 | r_c=0.000000 | r_s=0.012330 | status=running
[UL Convergence] | phase=optimize | user=0 | block=2 | n_kl=50 | epoch=17/1000 | objective=-15.954123 | rate=15.942182 | power=29.999939 | r_p=0.000000 | r_c=0.000000 | r_s=0.008560 | status=running
[UL Convergence] | phase=optimize | user=0 | block=2 | n_kl=50 | epoch=18/1000 | objective=-15.955361 | rate=15.943418 | power=29.999939 | r_p=0.000000 | r_c=0.000000 | r_s=0.007644 | status=running
[UL Convergence] | phase=optimize | user=0 | block=2 | n_kl=50 | epoch=19/1000 | objective=-15.958033 | rate=15.946087 | power=29.999945 | r_p=0.000000 | r_c=0.000000 | r_s=0.009927 | status=running
[UL Convergence] | phase=optimize | user=0 | block=2 | n_kl=50 | epoch=20/1000 | objective=-15.960090 | rate=15.948141 | power=29.999945 | r_p=0.000000 | r_c=0.000000 | r_s=0.012036 | status=running
[UL Convergence] | phase=optimize | user=0 | block=2 | n_kl=50 | epoch=21/1000 | objective=-15.960176 | rate=15.948227 | power=29.999945 | r_p=0.000000 | r_c=0.000000 | r_s=0.012108 | status=running
[UL Convergence] | phase=optimize | user=0 | block=2 | n_kl=50 | epoch=22/1000 | objective=-15.958719 | rate=15.946773 | power=29.999939 | r_p=0.000000 | r_c=0.000000 | r_s=0.009854 | status=running
[UL Convergence] | phase=optimize | user=0 | block=2 | n_kl=50 | epoch=23/1000 | objective=-15.957409 | rate=15.945463 | power=29.999945 | r_p=0.000000 | r_c=0.000000 | r_s=0.006264 | status=running
[UL Convergence] | phase=optimize | user=0 | block=2 | n_kl=50 | epoch=24/1000 | objective=-15.957512 | rate=15.945566 | power=29.999939 | r_p=0.000000 | r_c=0.000000 | r_s=0.003980 | status=running
[UL Convergence] | phase=optimize | user=0 | block=2 | n_kl=50 | epoch=25/1000 | objective=-15.958871 | rate=15.946924 | power=29.999945 | r_p=0.000000 | r_c=0.000000 | r_s=0.005701 | status=running
[UL Convergence] | phase=optimize | user=0 | block=2 | n_kl=50 | epoch=26/1000 | objective=-15.960347 | rate=15.948399 | power=29.999939 | r_p=0.000000 | r_c=0.000000 | r_s=0.008093 | status=running
[UL Convergence] | phase=optimize | user=0 | block=2 | n_kl=50 | epoch=27/1000 | objective=-15.960825 | rate=15.948876 | power=29.999945 | r_p=0.000000 | r_c=0.000000 | r_s=0.009065 | status=running
[UL Convergence] | phase=optimize | user=0 | block=2 | n_kl=50 | epoch=28/1000 | objective=-15.960211 | rate=15.948262 | power=29.999945 | r_p=0.000000 | r_c=0.000000 | r_s=0.008100 | status=running
[UL Convergence] | phase=optimize | user=0 | block=2 | n_kl=50 | epoch=29/1000 | objective=-15.959316 | rate=15.947369 | power=29.999945 | r_p=0.000000 | r_c=0.000000 | r_s=0.005596 | status=running
[UL Convergence] | phase=optimize | user=0 | block=2 | n_kl=50 | epoch=30/1000 | objective=-15.959062 | rate=15.947115 | power=29.999945 | r_p=0.000000 | r_c=0.000000 | r_s=0.003071 | status=running
[UL Convergence] | phase=optimize | user=0 | block=2 | n_kl=50 | epoch=31/1000 | objective=-15.959642 | rate=15.947695 | power=29.999945 | r_p=0.000000 | r_c=0.000000 | r_s=0.003526 | status=running
[UL Convergence] | phase=optimize | user=0 | block=2 | n_kl=50 | epoch=32/1000 | objective=-15.960503 | rate=15.948554 | power=29.999939 | r_p=0.000000 | r_c=0.000000 | r_s=0.005537 | status=running
[UL Convergence] | phase=optimize | user=0 | block=2 | n_kl=50 | epoch=33/1000 | objective=-15.960975 | rate=15.949026 | power=29.999939 | r_p=0.000000 | r_c=0.000000 | r_s=0.006739 | status=running
[UL Convergence] | phase=optimize | user=0 | block=2 | n_kl=50 | epoch=34/1000 | objective=-15.960751 | rate=15.948802 | power=29.999939 | r_p=0.000000 | r_c=0.000000 | r_s=0.006450 | status=running
[UL Convergence] | phase=optimize | user=0 | block=2 | n_kl=50 | epoch=35/1000 | objective=-15.960196 | rate=15.948247 | power=29.999945 | r_p=0.000000 | r_c=0.000000 | r_s=0.004675 | status=running
[UL Convergence] | phase=optimize | user=0 | block=2 | n_kl=50 | epoch=36/1000 | objective=-15.959936 | rate=15.947989 | power=29.999939 | r_p=0.000000 | r_c=0.000000 | r_s=0.002227 | status=running
[UL Convergence] | phase=optimize | user=0 | block=2 | n_kl=50 | epoch=37/1000 | objective=-15.960202 | rate=15.948254 | power=29.999939 | r_p=0.000000 | r_c=0.000000 | r_s=0.002109 | status=running
[UL Convergence] | phase=optimize | user=0 | block=2 | n_kl=50 | epoch=38/1000 | objective=-15.960716 | rate=15.948768 | power=29.999945 | r_p=0.000000 | r_c=0.000000 | r_s=0.004013 | status=running
[UL Convergence] | phase=optimize | user=0 | block=2 | n_kl=50 | epoch=39/1000 | objective=-15.961031 | rate=15.949081 | power=29.999945 | r_p=0.000000 | r_c=0.000000 | r_s=0.005089 | status=running
[UL Convergence] | phase=optimize | user=0 | block=2 | n_kl=50 | epoch=40/1000 | objective=-15.960917 | rate=15.948969 | power=29.999939 | r_p=0.000000 | r_c=0.000000 | r_s=0.004877 | status=running
[UL Convergence] | phase=optimize | user=0 | block=2 | n_kl=50 | epoch=41/1000 | objective=-15.960602 | rate=15.948653 | power=29.999939 | r_p=0.000000 | r_c=0.000000 | r_s=0.003499 | status=running
[UL Convergence] | phase=optimize | user=0 | block=2 | n_kl=50 | epoch=42/1000 | objective=-15.960458 | rate=15.948509 | power=29.999939 | r_p=0.000000 | r_c=0.000000 | r_s=0.001709 | status=running
[UL Convergence] | phase=optimize | user=0 | block=2 | n_kl=50 | epoch=43/1000 | objective=-15.960602 | rate=15.948653 | power=29.999945 | r_p=0.000000 | r_c=0.000000 | r_s=0.001743 | status=running
[UL Convergence] | phase=optimize | user=0 | block=2 | n_kl=50 | epoch=44/1000 | objective=-15.960871 | rate=15.948922 | power=29.999939 | r_p=0.000000 | r_c=0.000000 | r_s=0.003074 | status=running
[UL Convergence] | phase=optimize | user=0 | block=2 | n_kl=50 | epoch=45/1000 | objective=-15.961037 | rate=15.949087 | power=29.999945 | r_p=0.000000 | r_c=0.000000 | r_s=0.003828 | status=running
[UL Convergence] | phase=optimize | user=0 | block=2 | n_kl=50 | epoch=46/1000 | objective=-15.960965 | rate=15.949017 | power=29.999945 | r_p=0.000000 | r_c=0.000000 | r_s=0.003648 | status=running
[UL Convergence] | phase=optimize | user=0 | block=2 | n_kl=50 | epoch=47/1000 | objective=-15.960793 | rate=15.948845 | power=29.999945 | r_p=0.000000 | r_c=0.000000 | r_s=0.002573 | status=running
[UL Convergence] | phase=optimize | user=0 | block=2 | n_kl=50 | epoch=48/1000 | objective=-15.960732 | rate=15.948784 | power=29.999945 | r_p=0.000000 | r_c=0.000000 | r_s=0.001236 | status=running
[UL Convergence] | phase=optimize | user=0 | block=2 | n_kl=50 | epoch=49/1000 | objective=-15.960831 | rate=15.948882 | power=29.999945 | r_p=0.000000 | r_c=0.000000 | r_s=0.001502 | status=running
[UL Convergence] | phase=optimize | user=0 | block=2 | n_kl=50 | epoch=50/1000 | objective=-15.960982 | rate=15.949034 | power=29.999945 | r_p=0.000000 | r_c=0.000000 | r_s=0.002492 | status=running
[UL Convergence] | phase=optimize | user=0 | block=2 | n_kl=50 | epoch=51/1000 | objective=-15.961042 | rate=15.949093 | power=29.999950 | r_p=0.000000 | r_c=0.000000 | r_s=0.002940 | status=running
[UL Convergence] | phase=optimize | user=0 | block=2 | n_kl=50 | epoch=52/1000 | objective=-15.960997 | rate=15.949048 | power=29.999945 | r_p=0.000000 | r_c=0.000000 | r_s=0.002666 | status=running
[UL Convergence] | phase=optimize | user=0 | block=2 | n_kl=50 | epoch=53/1000 | objective=-15.960904 | rate=15.948956 | power=29.999939 | r_p=0.000000 | r_c=0.000000 | r_s=0.001790 | status=running
[UL Convergence] | phase=optimize | user=0 | block=2 | n_kl=50 | epoch=54/1000 | objective=-15.960890 | rate=15.948941 | power=29.999945 | r_p=0.000000 | r_c=0.000000 | r_s=9.570382e-04 | status=running
[UL Convergence] | phase=optimize | user=0 | block=2 | n_kl=50 | epoch=55/1000 | objective=-15.960951 | rate=15.949002 | power=29.999939 | r_p=0.000000 | r_c=0.000000 | r_s=0.001348 | status=running
[UL Convergence] | phase=optimize | user=0 | block=2 | n_kl=50 | epoch=56/1000 | objective=-15.961032 | rate=15.949082 | power=29.999945 | r_p=0.000000 | r_c=0.000000 | r_s=0.001997 | status=running
[UL Convergence] | phase=optimize | user=0 | block=2 | n_kl=50 | epoch=57/1000 | objective=-15.961048 | rate=15.949099 | power=29.999939 | r_p=0.000000 | r_c=0.000000 | r_s=0.002213 | status=running
[UL Convergence] | phase=optimize | user=0 | block=2 | n_kl=50 | epoch=58/1000 | objective=-15.960996 | rate=15.949047 | power=29.999939 | r_p=0.000000 | r_c=0.000000 | r_s=0.001877 | status=running
[UL Convergence] | phase=optimize | user=0 | block=2 | n_kl=50 | epoch=59/1000 | objective=-15.960958 | rate=15.949009 | power=29.999945 | r_p=0.000000 | r_c=0.000000 | r_s=0.001154 | status=running
[UL Convergence] | phase=optimize | user=0 | block=2 | n_kl=50 | epoch=60/1000 | objective=-15.960968 | rate=15.949019 | power=29.999945 | r_p=0.000000 | r_c=0.000000 | r_s=7.656002e-04 | status=running
[UL Convergence] | phase=optimize | user=0 | block=2 | n_kl=50 | epoch=61/1000 | objective=-15.961023 | rate=15.949074 | power=29.999939 | r_p=0.000000 | r_c=0.000000 | r_s=0.001225 | status=running
[UL Convergence] | phase=optimize | user=0 | block=2 | n_kl=50 | epoch=62/1000 | objective=-15.961048 | rate=15.949099 | power=29.999945 | r_p=0.000000 | r_c=0.000000 | r_s=0.001637 | status=running
[UL Convergence] | phase=optimize | user=0 | block=2 | n_kl=50 | epoch=63/1000 | objective=-15.961048 | rate=15.949099 | power=29.999945 | r_p=0.000000 | r_c=0.000000 | r_s=0.001677 | status=running
[UL Convergence] | phase=optimize | user=0 | block=2 | n_kl=50 | epoch=64/1000 | objective=-15.961020 | rate=15.949070 | power=29.999945 | r_p=0.000000 | r_c=0.000000 | r_s=0.001256 | status=running
[UL Convergence] | phase=optimize | user=0 | block=2 | n_kl=50 | epoch=65/1000 | objective=-15.960996 | rate=15.949047 | power=29.999939 | r_p=0.000000 | r_c=0.000000 | r_s=5.792535e-04 | status=kkt_converged
[UL Convergence Result] | user=0 | block=2 | n_kl=50 | achieved_rate=15.949099 | power=29.999945 | rate_gap=-11.949099 | power_gap=-5.531311e-05 | solve_status=kkt_converged
[UL Convergence Allocation] | user=0 | block=2 | n_kl=50 | requested_bits=200 | served_bits=200 | full_service=true
[UL Convergence Block] | user=0 | block=2 | stage=post_T | served_bits=200 | unserved_bits=0
[UL Convergence Reduction] | user=0 | block=2 | served_bits=200 | n_start=49 | n_min=1
[UL Convergence Solve] | user=0 | block=2 | stage=reduced_n | n_kl=49 | served_bits=200
[UL Convergence] | phase=optimize | user=0 | block=2 | n_kl=49 | epoch=1/1000 | objective=-15.934620 | rate=15.922779 | power=29.999945 | r_p=0.000000 | r_c=0.000000 | r_s=inf | status=running
[UL Convergence] | phase=optimize | user=0 | block=2 | n_kl=49 | epoch=2/1000 | objective=-15.934592 | rate=15.922751 | power=29.999945 | r_p=0.000000 | r_c=0.000000 | r_s=0.001254 | status=running
[UL Convergence] | phase=optimize | user=0 | block=2 | n_kl=49 | epoch=3/1000 | objective=-15.934570 | rate=15.922729 | power=29.999945 | r_p=0.000000 | r_c=0.000000 | r_s=5.768028e-04 | status=kkt_converged
[UL Convergence Candidate] | user=0 | block=2 | n_kl=49 | achieved_rate=15.922779 | rate_gap=-11.841146 | power_gap=-5.531311e-05 | status=accepted
[UL Convergence Solve] | user=0 | block=2 | stage=reduced_n | n_kl=40 | served_bits=200
[UL Convergence] | phase=optimize | user=0 | block=2 | n_kl=40 | epoch=1/1000 | objective=-15.653754 | rate=15.643111 | power=29.999945 | r_p=0.000000 | r_c=0.000000 | r_s=inf | status=running
[UL Convergence] | phase=optimize | user=0 | block=2 | n_kl=40 | epoch=2/1000 | objective=-15.653723 | rate=15.643080 | power=29.999945 | r_p=0.000000 | r_c=0.000000 | r_s=0.001237 | status=running
[UL Convergence] | phase=optimize | user=0 | block=2 | n_kl=40 | epoch=3/1000 | objective=-15.653709 | rate=15.643066 | power=29.999939 | r_p=0.000000 | r_c=0.000000 | r_s=5.517647e-04 | status=kkt_converged
[UL Convergence Candidate] | user=0 | block=2 | n_kl=40 | achieved_rate=15.643111 | rate_gap=-10.643111 | power_gap=-5.531311e-05 | status=accepted
[UL Convergence Solve] | user=0 | block=2 | stage=reduced_n | n_kl=30 | served_bits=200
[UL Convergence] | phase=optimize | user=0 | block=2 | n_kl=30 | epoch=1/1000 | objective=-15.203274 | rate=15.194746 | power=29.999945 | r_p=0.000000 | r_c=0.000000 | r_s=inf | status=running
[UL Convergence] | phase=optimize | user=0 | block=2 | n_kl=30 | epoch=2/1000 | objective=-15.203224 | rate=15.194696 | power=29.999945 | r_p=0.000000 | r_c=0.000000 | r_s=0.001214 | status=running
[UL Convergence] | phase=optimize | user=0 | block=2 | n_kl=30 | epoch=3/1000 | objective=-15.203225 | rate=15.194697 | power=29.999945 | r_p=0.000000 | r_c=0.000000 | r_s=5.175775e-04 | status=kkt_converged
[UL Convergence Candidate] | user=0 | block=2 | n_kl=30 | achieved_rate=15.194746 | rate_gap=-8.528080 | power_gap=-5.531311e-05 | status=accepted
[UL Convergence Solve] | user=0 | block=2 | stage=reduced_n | n_kl=20 | served_bits=200
[UL Convergence] | phase=optimize | user=0 | block=2 | n_kl=20 | epoch=1/1000 | objective=-14.447023 | rate=14.442581 | power=29.999945 | r_p=0.000000 | r_c=0.000000 | r_s=inf | status=running
[UL Convergence] | phase=optimize | user=0 | block=2 | n_kl=20 | epoch=2/1000 | objective=-14.446972 | rate=14.442530 | power=29.999935 | r_p=0.000000 | r_c=0.000000 | r_s=0.001180 | status=running
[UL Convergence] | phase=optimize | user=0 | block=2 | n_kl=20 | epoch=3/1000 | objective=-14.446980 | rate=14.442537 | power=29.999945 | r_p=0.000000 | r_c=0.000000 | r_s=4.822938e-04 | status=kkt_converged
[UL Convergence Candidate] | user=0 | block=2 | n_kl=20 | achieved_rate=14.442581 | rate_gap=-4.442581 | power_gap=-5.531311e-05 | status=accepted
[UL Convergence Reduction] | user=0 | block=2 | n_kl=14 | status=stop_infeasible
[UL Convergence Final] | user=0 | block=2 | feasible_points=36 | chosen_n_kl=15 | served_bits=200 | achieved_rate=13.808476 | power=29.999945 | solve_status=kkt_converged
[UL Convergence Allocation] | user=0 | block=2 | chosen_n_kl=15 | served_bits=200 | unserved_bits=0 | mode=fixed_block_targets
[UL Convergence Train] | user=0 | block=3 | target_bits=200 | mode=fixed_block_targets
[UL Convergence Block] | user=0 | block=3 | budget_mode=target_bits | requested_bits=200
[UL Convergence Solve] | user=0 | block=3 | stage=n=T | n_kl=50 | requested_bits=200
[UL Convergence] | phase=optimize | user=0 | block=3 | n_kl=50 | epoch=1/1000 | objective=-14.563883 | rate=14.553329 | power=29.999945 | r_p=0.000000 | r_c=0.000000 | r_s=inf | status=running
[UL Convergence] | phase=optimize | user=0 | block=3 | n_kl=50 | epoch=2/1000 | objective=-14.520629 | rate=14.510118 | power=29.999935 | r_p=0.000000 | r_c=0.000000 | r_s=0.100667 | status=running
[UL Convergence] | phase=optimize | user=0 | block=3 | n_kl=50 | epoch=3/1000 | objective=-14.558864 | rate=14.548315 | power=29.999939 | r_p=0.000000 | r_c=0.000000 | r_s=0.056885 | status=running
[UL Convergence] | phase=optimize | user=0 | block=3 | n_kl=50 | epoch=4/1000 | objective=-14.559133 | rate=14.548584 | power=29.999945 | r_p=0.000000 | r_c=0.000000 | r_s=0.051408 | status=running
[UL Convergence] | phase=optimize | user=0 | block=3 | n_kl=50 | epoch=5/1000 | objective=-14.550099 | rate=14.539559 | power=29.999939 | r_p=0.000000 | r_c=0.000000 | r_s=0.030229 | status=running
[UL Convergence] | phase=optimize | user=0 | block=3 | n_kl=50 | epoch=6/1000 | objective=-14.553809 | rate=14.543266 | power=29.999945 | r_p=0.000000 | r_c=0.000000 | r_s=0.021015 | status=running
[UL Convergence] | phase=optimize | user=0 | block=3 | n_kl=50 | epoch=7/1000 | objective=-14.561559 | rate=14.551007 | power=29.999945 | r_p=0.000000 | r_c=0.000000 | r_s=0.023088 | status=running
[UL Convergence] | phase=optimize | user=0 | block=3 | n_kl=50 | epoch=8/1000 | objective=-14.565106 | rate=14.554552 | power=29.999945 | r_p=0.000000 | r_c=0.000000 | r_s=0.023813 | status=running
[UL Convergence] | phase=optimize | user=0 | block=3 | n_kl=50 | epoch=9/1000 | objective=-14.563852 | rate=14.553299 | power=29.999945 | r_p=0.000000 | r_c=0.000000 | r_s=0.020960 | status=running
[UL Convergence] | phase=optimize | user=0 | block=3 | n_kl=50 | epoch=10/1000 | objective=-14.561773 | rate=14.551222 | power=29.999945 | r_p=0.000000 | r_c=0.000000 | r_s=0.016033 | status=running
[UL Convergence] | phase=optimize | user=0 | block=3 | n_kl=50 | epoch=11/1000 | objective=-14.561864 | rate=14.551312 | power=29.999945 | r_p=0.000000 | r_c=0.000000 | r_s=0.012629 | status=running
[UL Convergence] | phase=optimize | user=0 | block=3 | n_kl=50 | epoch=12/1000 | objective=-14.564046 | rate=14.553493 | power=29.999945 | r_p=0.000000 | r_c=0.000000 | r_s=0.012661 | status=running
[UL Convergence] | phase=optimize | user=0 | block=3 | n_kl=50 | epoch=13/1000 | objective=-14.566382 | rate=14.555826 | power=29.999939 | r_p=0.000000 | r_c=0.000000 | r_s=0.014185 | status=running
[UL Convergence] | phase=optimize | user=0 | block=3 | n_kl=50 | epoch=14/1000 | objective=-14.567193 | rate=14.556637 | power=29.999945 | r_p=0.000000 | r_c=0.000000 | r_s=0.014461 | status=running
[UL Convergence] | phase=optimize | user=0 | block=3 | n_kl=50 | epoch=15/1000 | objective=-14.566594 | rate=14.556038 | power=29.999939 | r_p=0.000000 | r_c=0.000000 | r_s=0.012727 | status=running
[UL Convergence] | phase=optimize | user=0 | block=3 | n_kl=50 | epoch=16/1000 | objective=-14.565984 | rate=14.555429 | power=29.999950 | r_p=0.000000 | r_c=0.000000 | r_s=0.010126 | status=running
[UL Convergence] | phase=optimize | user=0 | block=3 | n_kl=50 | epoch=17/1000 | objective=-14.566249 | rate=14.555694 | power=29.999945 | r_p=0.000000 | r_c=0.000000 | r_s=0.008808 | status=running
[UL Convergence] | phase=optimize | user=0 | block=3 | n_kl=50 | epoch=18/1000 | objective=-14.567072 | rate=14.556516 | power=29.999935 | r_p=0.000000 | r_c=0.000000 | r_s=0.009059 | status=running
[UL Convergence] | phase=optimize | user=0 | block=3 | n_kl=50 | epoch=19/1000 | objective=-14.567765 | rate=14.557208 | power=29.999939 | r_p=0.000000 | r_c=0.000000 | r_s=0.009355 | status=running
[UL Convergence] | phase=optimize | user=0 | block=3 | n_kl=50 | epoch=20/1000 | objective=-14.568080 | rate=14.557523 | power=29.999945 | r_p=0.000000 | r_c=0.000000 | r_s=0.009078 | status=running
[UL Convergence] | phase=optimize | user=0 | block=3 | n_kl=50 | epoch=21/1000 | objective=-14.568184 | rate=14.557627 | power=29.999939 | r_p=0.000000 | r_c=0.000000 | r_s=0.008395 | status=running
[UL Convergence] | phase=optimize | user=0 | block=3 | n_kl=50 | epoch=22/1000 | objective=-14.568254 | rate=14.557695 | power=29.999939 | r_p=0.000000 | r_c=0.000000 | r_s=0.007832 | status=running
[UL Convergence] | phase=optimize | user=0 | block=3 | n_kl=50 | epoch=23/1000 | objective=-14.568276 | rate=14.557718 | power=29.999945 | r_p=0.000000 | r_c=0.000000 | r_s=0.007421 | status=running
[UL Convergence] | phase=optimize | user=0 | block=3 | n_kl=50 | epoch=24/1000 | objective=-14.568294 | rate=14.557735 | power=29.999939 | r_p=0.000000 | r_c=0.000000 | r_s=0.006775 | status=running
[UL Convergence] | phase=optimize | user=0 | block=3 | n_kl=50 | epoch=25/1000 | objective=-14.568448 | rate=14.557890 | power=29.999945 | r_p=0.000000 | r_c=0.000000 | r_s=0.006112 | status=running
[UL Convergence] | phase=optimize | user=0 | block=3 | n_kl=50 | epoch=26/1000 | objective=-14.568773 | rate=14.558215 | power=29.999945 | r_p=0.000000 | r_c=0.000000 | r_s=0.005985 | status=running
[UL Convergence] | phase=optimize | user=0 | block=3 | n_kl=50 | epoch=27/1000 | objective=-14.569127 | rate=14.558569 | power=29.999950 | r_p=0.000000 | r_c=0.000000 | r_s=0.006358 | status=running
[UL Convergence] | phase=optimize | user=0 | block=3 | n_kl=50 | epoch=28/1000 | objective=-14.569233 | rate=14.558674 | power=29.999939 | r_p=0.000000 | r_c=0.000000 | r_s=0.006484 | status=running
[UL Convergence] | phase=optimize | user=0 | block=3 | n_kl=50 | epoch=29/1000 | objective=-14.569104 | rate=14.558546 | power=29.999939 | r_p=0.000000 | r_c=0.000000 | r_s=0.005850 | status=running
[UL Convergence] | phase=optimize | user=0 | block=3 | n_kl=50 | epoch=30/1000 | objective=-14.568967 | rate=14.558409 | power=29.999945 | r_p=0.000000 | r_c=0.000000 | r_s=0.004756 | status=running
[UL Convergence] | phase=optimize | user=0 | block=3 | n_kl=50 | epoch=31/1000 | objective=-14.569060 | rate=14.558502 | power=29.999945 | r_p=0.000000 | r_c=0.000000 | r_s=0.004210 | status=running
[UL Convergence] | phase=optimize | user=0 | block=3 | n_kl=50 | epoch=32/1000 | objective=-14.569313 | rate=14.558754 | power=29.999945 | r_p=0.000000 | r_c=0.000000 | r_s=0.004579 | status=running
[UL Convergence] | phase=optimize | user=0 | block=3 | n_kl=50 | epoch=33/1000 | objective=-14.569513 | rate=14.558954 | power=29.999935 | r_p=0.000000 | r_c=0.000000 | r_s=0.004934 | status=running
[UL Convergence] | phase=optimize | user=0 | block=3 | n_kl=50 | epoch=34/1000 | objective=-14.569564 | rate=14.559005 | power=29.999939 | r_p=0.000000 | r_c=0.000000 | r_s=0.004831 | status=running
[UL Convergence] | phase=optimize | user=0 | block=3 | n_kl=50 | epoch=35/1000 | objective=-14.569510 | rate=14.558951 | power=29.999939 | r_p=0.000000 | r_c=0.000000 | r_s=0.004413 | status=running
[UL Convergence] | phase=optimize | user=0 | block=3 | n_kl=50 | epoch=36/1000 | objective=-14.569447 | rate=14.558887 | power=29.999935 | r_p=0.000000 | r_c=0.000000 | r_s=0.003950 | status=running
[UL Convergence] | phase=optimize | user=0 | block=3 | n_kl=50 | epoch=37/1000 | objective=-14.569456 | rate=14.558897 | power=29.999945 | r_p=0.000000 | r_c=0.000000 | r_s=0.003511 | status=running
[UL Convergence] | phase=optimize | user=0 | block=3 | n_kl=50 | epoch=38/1000 | objective=-14.569542 | rate=14.558983 | power=29.999945 | r_p=0.000000 | r_c=0.000000 | r_s=0.003212 | status=running
[UL Convergence] | phase=optimize | user=0 | block=3 | n_kl=50 | epoch=39/1000 | objective=-14.569691 | rate=14.559132 | power=29.999945 | r_p=0.000000 | r_c=0.000000 | r_s=0.003396 | status=running
[UL Convergence] | phase=optimize | user=0 | block=3 | n_kl=50 | epoch=40/1000 | objective=-14.569780 | rate=14.559221 | power=29.999939 | r_p=0.000000 | r_c=0.000000 | r_s=0.003805 | status=running
[UL Convergence] | phase=optimize | user=0 | block=3 | n_kl=50 | epoch=41/1000 | objective=-14.569760 | rate=14.559201 | power=29.999939 | r_p=0.000000 | r_c=0.000000 | r_s=0.003781 | status=running
[UL Convergence] | phase=optimize | user=0 | block=3 | n_kl=50 | epoch=42/1000 | objective=-14.569650 | rate=14.559091 | power=29.999945 | r_p=0.000000 | r_c=0.000000 | r_s=0.003058 | status=running
[UL Convergence] | phase=optimize | user=0 | block=3 | n_kl=50 | epoch=43/1000 | objective=-14.569639 | rate=14.559080 | power=29.999945 | r_p=0.000000 | r_c=0.000000 | r_s=0.002182 | status=running
[UL Convergence] | phase=optimize | user=0 | block=3 | n_kl=50 | epoch=44/1000 | objective=-14.569726 | rate=14.559167 | power=29.999945 | r_p=0.000000 | r_c=0.000000 | r_s=0.002236 | status=running
[UL Convergence] | phase=optimize | user=0 | block=3 | n_kl=50 | epoch=45/1000 | objective=-14.569850 | rate=14.559291 | power=29.999939 | r_p=0.000000 | r_c=0.000000 | r_s=0.002901 | status=running
[UL Convergence] | phase=optimize | user=0 | block=3 | n_kl=50 | epoch=46/1000 | objective=-14.569890 | rate=14.559331 | power=29.999945 | r_p=0.000000 | r_c=0.000000 | r_s=0.003204 | status=running
[UL Convergence] | phase=optimize | user=0 | block=3 | n_kl=50 | epoch=47/1000 | objective=-14.569831 | rate=14.559272 | power=29.999939 | r_p=0.000000 | r_c=0.000000 | r_s=0.002884 | status=running
[UL Convergence] | phase=optimize | user=0 | block=3 | n_kl=50 | epoch=48/1000 | objective=-14.569758 | rate=14.559199 | power=29.999939 | r_p=0.000000 | r_c=0.000000 | r_s=0.002062 | status=running
[UL Convergence] | phase=optimize | user=0 | block=3 | n_kl=50 | epoch=49/1000 | objective=-14.569774 | rate=14.559215 | power=29.999945 | r_p=0.000000 | r_c=0.000000 | r_s=0.001407 | status=running
[UL Convergence] | phase=optimize | user=0 | block=3 | n_kl=50 | epoch=50/1000 | objective=-14.569849 | rate=14.559290 | power=29.999939 | r_p=0.000000 | r_c=0.000000 | r_s=0.001835 | status=running
[UL Convergence] | phase=optimize | user=0 | block=3 | n_kl=50 | epoch=51/1000 | objective=-14.569915 | rate=14.559356 | power=29.999945 | r_p=0.000000 | r_c=0.000000 | r_s=0.002478 | status=running
[UL Convergence] | phase=optimize | user=0 | block=3 | n_kl=50 | epoch=52/1000 | objective=-14.569913 | rate=14.559354 | power=29.999945 | r_p=0.000000 | r_c=0.000000 | r_s=0.002561 | status=running
[UL Convergence] | phase=optimize | user=0 | block=3 | n_kl=50 | epoch=53/1000 | objective=-14.569857 | rate=14.559298 | power=29.999945 | r_p=0.000000 | r_c=0.000000 | r_s=0.001948 | status=running
[UL Convergence] | phase=optimize | user=0 | block=3 | n_kl=50 | epoch=54/1000 | objective=-14.569821 | rate=14.559262 | power=29.999939 | r_p=0.000000 | r_c=0.000000 | r_s=9.971407e-04 | status=running
[UL Convergence] | phase=optimize | user=0 | block=3 | n_kl=50 | epoch=55/1000 | objective=-14.569875 | rate=14.559316 | power=29.999935 | r_p=0.000000 | r_c=0.000000 | r_s=0.001088 | status=running
[UL Convergence] | phase=optimize | user=0 | block=3 | n_kl=50 | epoch=56/1000 | objective=-14.569939 | rate=14.559380 | power=29.999939 | r_p=0.000000 | r_c=0.000000 | r_s=0.001863 | status=running
[UL Convergence] | phase=optimize | user=0 | block=3 | n_kl=50 | epoch=57/1000 | objective=-14.569947 | rate=14.559388 | power=29.999939 | r_p=0.000000 | r_c=0.000000 | r_s=0.002127 | status=running
[UL Convergence] | phase=optimize | user=0 | block=3 | n_kl=50 | epoch=58/1000 | objective=-14.569902 | rate=14.559343 | power=29.999939 | r_p=0.000000 | r_c=0.000000 | r_s=0.001727 | status=running
[UL Convergence] | phase=optimize | user=0 | block=3 | n_kl=50 | epoch=59/1000 | objective=-14.569875 | rate=14.559316 | power=29.999945 | r_p=0.000000 | r_c=0.000000 | r_s=8.929187e-04 | status=running
[UL Convergence] | phase=optimize | user=0 | block=3 | n_kl=50 | epoch=60/1000 | objective=-14.569901 | rate=14.559342 | power=29.999945 | r_p=0.000000 | r_c=0.000000 | r_s=6.456473e-04 | status=running
[UL Convergence] | phase=optimize | user=0 | block=3 | n_kl=50 | epoch=61/1000 | objective=-14.569934 | rate=14.559375 | power=29.999945 | r_p=0.000000 | r_c=0.000000 | r_s=0.001341 | status=running
[UL Convergence] | phase=optimize | user=0 | block=3 | n_kl=50 | epoch=62/1000 | objective=-14.569950 | rate=14.559391 | power=29.999939 | r_p=0.000000 | r_c=0.000000 | r_s=0.001659 | status=running
[UL Convergence] | phase=optimize | user=0 | block=3 | n_kl=50 | epoch=63/1000 | objective=-14.569931 | rate=14.559372 | power=29.999945 | r_p=0.000000 | r_c=0.000000 | r_s=0.001422 | status=running
[UL Convergence] | phase=optimize | user=0 | block=3 | n_kl=50 | epoch=64/1000 | objective=-14.569902 | rate=14.559343 | power=29.999945 | r_p=0.000000 | r_c=0.000000 | r_s=8.243286e-04 | status=running
[UL Convergence] | phase=optimize | user=0 | block=3 | n_kl=50 | epoch=65/1000 | objective=-14.569916 | rate=14.559357 | power=29.999945 | r_p=0.000000 | r_c=0.000000 | r_s=5.347876e-04 | status=kkt_converged
[UL Convergence Result] | user=0 | block=3 | n_kl=50 | achieved_rate=14.559391 | power=29.999939 | rate_gap=-10.559391 | power_gap=-6.103516e-05 | solve_status=kkt_converged
[UL Convergence Allocation] | user=0 | block=3 | n_kl=50 | requested_bits=200 | served_bits=200 | full_service=true
[UL Convergence Block] | user=0 | block=3 | stage=post_T | served_bits=200 | unserved_bits=0
[UL Convergence Reduction] | user=0 | block=3 | served_bits=200 | n_start=49 | n_min=1
[UL Convergence Solve] | user=0 | block=3 | stage=reduced_n | n_kl=49 | served_bits=200
[UL Convergence] | phase=optimize | user=0 | block=3 | n_kl=49 | epoch=1/1000 | objective=-14.543570 | rate=14.533118 | power=29.999945 | r_p=0.000000 | r_c=0.000000 | r_s=inf | status=running
[UL Convergence] | phase=optimize | user=0 | block=3 | n_kl=49 | epoch=2/1000 | objective=-14.543546 | rate=14.533094 | power=29.999945 | r_p=0.000000 | r_c=0.000000 | r_s=0.001418 | status=running
[UL Convergence] | phase=optimize | user=0 | block=3 | n_kl=49 | epoch=3/1000 | objective=-14.543521 | rate=14.533070 | power=29.999945 | r_p=0.000000 | r_c=0.000000 | r_s=8.207739e-04 | status=running
[UL Convergence] | phase=optimize | user=0 | block=3 | n_kl=49 | epoch=4/1000 | objective=-14.543529 | rate=14.533077 | power=29.999939 | r_p=0.000000 | r_c=0.000000 | r_s=5.383202e-04 | status=kkt_converged
[UL Convergence Candidate] | user=0 | block=3 | n_kl=49 | achieved_rate=14.533118 | rate_gap=-10.451486 | power_gap=-5.531311e-05 | status=accepted
[UL Convergence Solve] | user=0 | block=3 | stage=reduced_n | n_kl=40 | served_bits=200
[UL Convergence] | phase=optimize | user=0 | block=3 | n_kl=40 | epoch=1/1000 | objective=-14.263135 | rate=14.253881 | power=29.999939 | r_p=0.000000 | r_c=0.000000 | r_s=inf | status=running
[UL Convergence] | phase=optimize | user=0 | block=3 | n_kl=40 | epoch=2/1000 | objective=-14.263116 | rate=14.253862 | power=29.999945 | r_p=0.000000 | r_c=0.000000 | r_s=0.001379 | status=running
[UL Convergence] | phase=optimize | user=0 | block=3 | n_kl=40 | epoch=3/1000 | objective=-14.263105 | rate=14.253852 | power=29.999945 | r_p=0.000000 | r_c=0.000000 | r_s=7.905325e-04 | status=running
[UL Convergence] | phase=optimize | user=0 | block=3 | n_kl=40 | epoch=4/1000 | objective=-14.263107 | rate=14.253854 | power=29.999939 | r_p=0.000000 | r_c=0.000000 | r_s=5.810102e-04 | status=kkt_converged
[UL Convergence Candidate] | user=0 | block=3 | n_kl=40 | achieved_rate=14.253881 | rate_gap=-9.253881 | power_gap=-6.103516e-05 | status=accepted
[UL Convergence Solve] | user=0 | block=3 | stage=reduced_n | n_kl=30 | served_bits=200
[UL Convergence] | phase=optimize | user=0 | block=3 | n_kl=30 | epoch=1/1000 | objective=-13.813364 | rate=13.806225 | power=29.999945 | r_p=0.000000 | r_c=0.000000 | r_s=inf | status=running
[UL Convergence] | phase=optimize | user=0 | block=3 | n_kl=30 | epoch=2/1000 | objective=-13.813350 | rate=13.806211 | power=29.999945 | r_p=0.000000 | r_c=0.000000 | r_s=0.001163 | status=running
[UL Convergence] | phase=optimize | user=0 | block=3 | n_kl=30 | epoch=3/1000 | objective=-13.813341 | rate=13.806202 | power=29.999945 | r_p=0.000000 | r_c=0.000000 | r_s=7.774446e-04 | status=running
[UL Convergence] | phase=optimize | user=0 | block=3 | n_kl=30 | epoch=4/1000 | objective=-13.813341 | rate=13.806202 | power=29.999945 | r_p=0.000000 | r_c=0.000000 | r_s=4.773152e-04 | status=kkt_converged
[UL Convergence Candidate] | user=0 | block=3 | n_kl=30 | achieved_rate=13.806225 | rate_gap=-7.139558 | power_gap=-5.531311e-05 | status=accepted
[UL Convergence Solve] | user=0 | block=3 | stage=reduced_n | n_kl=20 | served_bits=200
[UL Convergence] | phase=optimize | user=0 | block=3 | n_kl=20 | epoch=1/1000 | objective=-13.058315 | rate=13.055260 | power=29.999945 | r_p=0.000000 | r_c=0.000000 | r_s=inf | status=running
[UL Convergence] | phase=optimize | user=0 | block=3 | n_kl=20 | epoch=2/1000 | objective=-13.058288 | rate=13.055232 | power=29.999939 | r_p=0.000000 | r_c=0.000000 | r_s=9.431041e-04 | status=running
[UL Convergence] | phase=optimize | user=0 | block=3 | n_kl=20 | epoch=3/1000 | objective=-13.058294 | rate=13.055239 | power=29.999945 | r_p=0.000000 | r_c=0.000000 | r_s=5.593465e-04 | status=kkt_converged
[UL Convergence Candidate] | user=0 | block=3 | n_kl=20 | achieved_rate=13.055260 | rate_gap=-3.055260 | power_gap=-5.531311e-05 | status=accepted
[UL Convergence Reduction] | user=0 | block=3 | n_kl=15 | status=stop_infeasible
[UL Convergence Final] | user=0 | block=3 | feasible_points=35 | chosen_n_kl=16 | served_bits=200 | achieved_rate=12.572221 | power=29.999939 | solve_status=kkt_converged
[UL Convergence Allocation] | user=0 | block=3 | chosen_n_kl=16 | served_bits=200 | unserved_bits=0 | mode=fixed_block_targets
[UL Convergence Train] | user=0 | block=4 | target_bits=200 | mode=fixed_block_targets
[UL Convergence Block] | user=0 | block=4 | budget_mode=target_bits | requested_bits=200
[UL Convergence Solve] | user=0 | block=4 | stage=n=T | n_kl=50 | requested_bits=200
[UL Convergence] | phase=optimize | user=0 | block=4 | n_kl=50 | epoch=1/1000 | objective=-14.847081 | rate=14.836245 | power=29.999939 | r_p=0.000000 | r_c=0.000000 | r_s=inf | status=running
[UL Convergence] | phase=optimize | user=0 | block=4 | n_kl=50 | epoch=2/1000 | objective=-14.812610 | rate=14.801807 | power=29.999945 | r_p=0.000000 | r_c=0.000000 | r_s=0.091227 | status=running
[UL Convergence] | phase=optimize | user=0 | block=4 | n_kl=50 | epoch=3/1000 | objective=-14.845803 | rate=14.834969 | power=29.999945 | r_p=0.000000 | r_c=0.000000 | r_s=0.047582 | status=running
[UL Convergence] | phase=optimize | user=0 | block=4 | n_kl=50 | epoch=4/1000 | objective=-14.846368 | rate=14.835532 | power=29.999939 | r_p=0.000000 | r_c=0.000000 | r_s=0.048465 | status=running
[UL Convergence] | phase=optimize | user=0 | block=4 | n_kl=50 | epoch=5/1000 | objective=-14.835103 | rate=14.824279 | power=29.999939 | r_p=0.000000 | r_c=0.000000 | r_s=0.025759 | status=running
[UL Convergence] | phase=optimize | user=0 | block=4 | n_kl=50 | epoch=6/1000 | objective=-14.839285 | rate=14.828457 | power=29.999945 | r_p=0.000000 | r_c=0.000000 | r_s=0.014168 | status=running
[UL Convergence] | phase=optimize | user=0 | block=4 | n_kl=50 | epoch=7/1000 | objective=-14.849139 | rate=14.838301 | power=29.999935 | r_p=0.000000 | r_c=0.000000 | r_s=0.022413 | status=running
[UL Convergence] | phase=optimize | user=0 | block=4 | n_kl=50 | epoch=8/1000 | objective=-14.851707 | rate=14.840866 | power=29.999939 | r_p=0.000000 | r_c=0.000000 | r_s=0.024989 | status=running
[UL Convergence] | phase=optimize | user=0 | block=4 | n_kl=50 | epoch=9/1000 | objective=-14.847253 | rate=14.836416 | power=29.999945 | r_p=0.000000 | r_c=0.000000 | r_s=0.019571 | status=running
[UL Convergence] | phase=optimize | user=0 | block=4 | n_kl=50 | epoch=10/1000 | objective=-14.844151 | rate=14.833318 | power=29.999939 | r_p=0.000000 | r_c=0.000000 | r_s=0.010504 | status=running
[UL Convergence] | phase=optimize | user=0 | block=4 | n_kl=50 | epoch=11/1000 | objective=-14.846408 | rate=14.835572 | power=29.999939 | r_p=0.000000 | r_c=0.000000 | r_s=0.008461 | status=running
[UL Convergence] | phase=optimize | user=0 | block=4 | n_kl=50 | epoch=12/1000 | objective=-14.850755 | rate=14.839915 | power=29.999945 | r_p=0.000000 | r_c=0.000000 | r_s=0.013654 | status=running
[UL Convergence] | phase=optimize | user=0 | block=4 | n_kl=50 | epoch=13/1000 | objective=-14.852619 | rate=14.841778 | power=29.999939 | r_p=0.000000 | r_c=0.000000 | r_s=0.015963 | status=running
[UL Convergence] | phase=optimize | user=0 | block=4 | n_kl=50 | epoch=14/1000 | objective=-14.851163 | rate=14.840322 | power=29.999939 | r_p=0.000000 | r_c=0.000000 | r_s=0.014046 | status=running
[UL Convergence] | phase=optimize | user=0 | block=4 | n_kl=50 | epoch=15/1000 | objective=-14.849072 | rate=14.838234 | power=29.999945 | r_p=0.000000 | r_c=0.000000 | r_s=0.009419 | status=running
[UL Convergence] | phase=optimize | user=0 | block=4 | n_kl=50 | epoch=16/1000 | objective=-14.848966 | rate=14.838127 | power=29.999939 | r_p=0.000000 | r_c=0.000000 | r_s=0.005884 | status=running
[UL Convergence] | phase=optimize | user=0 | block=4 | n_kl=50 | epoch=17/1000 | objective=-14.850791 | rate=14.839951 | power=29.999939 | r_p=0.000000 | r_c=0.000000 | r_s=0.007719 | status=running
[UL Convergence] | phase=optimize | user=0 | block=4 | n_kl=50 | epoch=18/1000 | objective=-14.852593 | rate=14.841752 | power=29.999939 | r_p=0.000000 | r_c=0.000000 | r_s=0.010327 | status=running
[UL Convergence] | phase=optimize | user=0 | block=4 | n_kl=50 | epoch=19/1000 | objective=-14.852859 | rate=14.842017 | power=29.999939 | r_p=0.000000 | r_c=0.000000 | r_s=0.010784 | status=running
[UL Convergence] | phase=optimize | user=0 | block=4 | n_kl=50 | epoch=20/1000 | objective=-14.851896 | rate=14.841055 | power=29.999945 | r_p=0.000000 | r_c=0.000000 | r_s=0.008956 | status=running
[UL Convergence] | phase=optimize | user=0 | block=4 | n_kl=50 | epoch=21/1000 | objective=-14.851064 | rate=14.840223 | power=29.999950 | r_p=0.000000 | r_c=0.000000 | r_s=0.005884 | status=running
[UL Convergence] | phase=optimize | user=0 | block=4 | n_kl=50 | epoch=22/1000 | objective=-14.851318 | rate=14.840478 | power=29.999939 | r_p=0.000000 | r_c=0.000000 | r_s=0.004445 | status=running
[UL Convergence] | phase=optimize | user=0 | block=4 | n_kl=50 | epoch=23/1000 | objective=-14.852360 | rate=14.841518 | power=29.999945 | r_p=0.000000 | r_c=0.000000 | r_s=0.006248 | status=running
[UL Convergence] | phase=optimize | user=0 | block=4 | n_kl=50 | epoch=24/1000 | objective=-14.853146 | rate=14.842303 | power=29.999939 | r_p=0.000000 | r_c=0.000000 | r_s=0.007891 | status=running
[UL Convergence] | phase=optimize | user=0 | block=4 | n_kl=50 | epoch=25/1000 | objective=-14.853086 | rate=14.842243 | power=29.999945 | r_p=0.000000 | r_c=0.000000 | r_s=0.007866 | status=running
[UL Convergence] | phase=optimize | user=0 | block=4 | n_kl=50 | epoch=26/1000 | objective=-14.852503 | rate=14.841661 | power=29.999939 | r_p=0.000000 | r_c=0.000000 | r_s=0.006194 | status=running
[UL Convergence] | phase=optimize | user=0 | block=4 | n_kl=50 | epoch=27/1000 | objective=-14.852186 | rate=14.841345 | power=29.999939 | r_p=0.000000 | r_c=0.000000 | r_s=0.003941 | status=running
[UL Convergence] | phase=optimize | user=0 | block=4 | n_kl=50 | epoch=28/1000 | objective=-14.852509 | rate=14.841667 | power=29.999945 | r_p=0.000000 | r_c=0.000000 | r_s=0.003653 | status=running
[UL Convergence] | phase=optimize | user=0 | block=4 | n_kl=50 | epoch=29/1000 | objective=-14.853103 | rate=14.842260 | power=29.999945 | r_p=0.000000 | r_c=0.000000 | r_s=0.005235 | status=running
[UL Convergence] | phase=optimize | user=0 | block=4 | n_kl=50 | epoch=30/1000 | objective=-14.853375 | rate=14.842533 | power=29.999939 | r_p=0.000000 | r_c=0.000000 | r_s=0.006099 | status=running
[UL Convergence] | phase=optimize | user=0 | block=4 | n_kl=50 | epoch=31/1000 | objective=-14.853183 | rate=14.842340 | power=29.999939 | r_p=0.000000 | r_c=0.000000 | r_s=0.005532 | status=running
[UL Convergence] | phase=optimize | user=0 | block=4 | n_kl=50 | epoch=32/1000 | objective=-14.852893 | rate=14.842051 | power=29.999939 | r_p=0.000000 | r_c=0.000000 | r_s=0.003952 | status=running
[UL Convergence] | phase=optimize | user=0 | block=4 | n_kl=50 | epoch=33/1000 | objective=-14.852872 | rate=14.842030 | power=29.999939 | r_p=0.000000 | r_c=0.000000 | r_s=0.002858 | status=running
[UL Convergence] | phase=optimize | user=0 | block=4 | n_kl=50 | epoch=34/1000 | objective=-14.853148 | rate=14.842305 | power=29.999939 | r_p=0.000000 | r_c=0.000000 | r_s=0.003543 | status=running
[UL Convergence] | phase=optimize | user=0 | block=4 | n_kl=50 | epoch=35/1000 | objective=-14.853400 | rate=14.842558 | power=29.999939 | r_p=0.000000 | r_c=0.000000 | r_s=0.004418 | status=running
[UL Convergence] | phase=optimize | user=0 | block=4 | n_kl=50 | epoch=36/1000 | objective=-14.853431 | rate=14.842588 | power=29.999939 | r_p=0.000000 | r_c=0.000000 | r_s=0.004474 | status=running
[UL Convergence] | phase=optimize | user=0 | block=4 | n_kl=50 | epoch=37/1000 | objective=-14.853287 | rate=14.842444 | power=29.999939 | r_p=0.000000 | r_c=0.000000 | r_s=0.003742 | status=running
[UL Convergence] | phase=optimize | user=0 | block=4 | n_kl=50 | epoch=38/1000 | objective=-14.853202 | rate=14.842360 | power=29.999939 | r_p=0.000000 | r_c=0.000000 | r_s=0.002791 | status=running
[UL Convergence] | phase=optimize | user=0 | block=4 | n_kl=50 | epoch=39/1000 | objective=-14.853265 | rate=14.842422 | power=29.999939 | r_p=0.000000 | r_c=0.000000 | r_s=0.002527 | status=running
[UL Convergence] | phase=optimize | user=0 | block=4 | n_kl=50 | epoch=40/1000 | objective=-14.853420 | rate=14.842578 | power=29.999945 | r_p=0.000000 | r_c=0.000000 | r_s=0.003015 | status=running
[UL Convergence] | phase=optimize | user=0 | block=4 | n_kl=50 | epoch=41/1000 | objective=-14.853502 | rate=14.842660 | power=29.999939 | r_p=0.000000 | r_c=0.000000 | r_s=0.003397 | status=running
[UL Convergence] | phase=optimize | user=0 | block=4 | n_kl=50 | epoch=42/1000 | objective=-14.853472 | rate=14.842629 | power=29.999935 | r_p=0.000000 | r_c=0.000000 | r_s=0.003232 | status=running
[UL Convergence] | phase=optimize | user=0 | block=4 | n_kl=50 | epoch=43/1000 | objective=-14.853396 | rate=14.842554 | power=29.999945 | r_p=0.000000 | r_c=0.000000 | r_s=0.002593 | status=running
[UL Convergence] | phase=optimize | user=0 | block=4 | n_kl=50 | epoch=44/1000 | objective=-14.853392 | rate=14.842549 | power=29.999939 | r_p=0.000000 | r_c=0.000000 | r_s=0.001986 | status=running
[UL Convergence] | phase=optimize | user=0 | block=4 | n_kl=50 | epoch=45/1000 | objective=-14.853471 | rate=14.842628 | power=29.999939 | r_p=0.000000 | r_c=0.000000 | r_s=0.002098 | status=running
[UL Convergence] | phase=optimize | user=0 | block=4 | n_kl=50 | epoch=46/1000 | objective=-14.853550 | rate=14.842708 | power=29.999939 | r_p=0.000000 | r_c=0.000000 | r_s=0.002586 | status=running
[UL Convergence] | phase=optimize | user=0 | block=4 | n_kl=50 | epoch=47/1000 | objective=-14.853556 | rate=14.842713 | power=29.999939 | r_p=0.000000 | r_c=0.000000 | r_s=0.002713 | status=running
[UL Convergence] | phase=optimize | user=0 | block=4 | n_kl=50 | epoch=48/1000 | objective=-14.853499 | rate=14.842657 | power=29.999939 | r_p=0.000000 | r_c=0.000000 | r_s=0.002269 | status=running
[UL Convergence] | phase=optimize | user=0 | block=4 | n_kl=50 | epoch=49/1000 | objective=-14.853473 | rate=14.842630 | power=29.999945 | r_p=0.000000 | r_c=0.000000 | r_s=0.001581 | status=running
[UL Convergence] | phase=optimize | user=0 | block=4 | n_kl=50 | epoch=50/1000 | objective=-14.853520 | rate=14.842678 | power=29.999939 | r_p=0.000000 | r_c=0.000000 | r_s=0.001526 | status=running
[UL Convergence] | phase=optimize | user=0 | block=4 | n_kl=50 | epoch=51/1000 | objective=-14.853574 | rate=14.842731 | power=29.999939 | r_p=0.000000 | r_c=0.000000 | r_s=0.002023 | status=running
[UL Convergence] | phase=optimize | user=0 | block=4 | n_kl=50 | epoch=52/1000 | objective=-14.853580 | rate=14.842738 | power=29.999945 | r_p=0.000000 | r_c=0.000000 | r_s=0.002197 | status=running
[UL Convergence] | phase=optimize | user=0 | block=4 | n_kl=50 | epoch=53/1000 | objective=-14.853546 | rate=14.842704 | power=29.999939 | r_p=0.000000 | r_c=0.000000 | r_s=0.001812 | status=running
[UL Convergence] | phase=optimize | user=0 | block=4 | n_kl=50 | epoch=54/1000 | objective=-14.853537 | rate=14.842694 | power=29.999939 | r_p=0.000000 | r_c=0.000000 | r_s=0.001215 | status=running
[UL Convergence] | phase=optimize | user=0 | block=4 | n_kl=50 | epoch=55/1000 | objective=-14.853560 | rate=14.842718 | power=29.999945 | r_p=0.000000 | r_c=0.000000 | r_s=0.001245 | status=running
[UL Convergence] | phase=optimize | user=0 | block=4 | n_kl=50 | epoch=56/1000 | objective=-14.853591 | rate=14.842749 | power=29.999939 | r_p=0.000000 | r_c=0.000000 | r_s=0.001659 | status=running
[UL Convergence] | phase=optimize | user=0 | block=4 | n_kl=50 | epoch=57/1000 | objective=-14.853597 | rate=14.842754 | power=29.999945 | r_p=0.000000 | r_c=0.000000 | r_s=0.001718 | status=running
[UL Convergence] | phase=optimize | user=0 | block=4 | n_kl=50 | epoch=58/1000 | objective=-14.853580 | rate=14.842737 | power=29.999939 | r_p=0.000000 | r_c=0.000000 | r_s=0.001361 | status=running
[UL Convergence] | phase=optimize | user=0 | block=4 | n_kl=50 | epoch=59/1000 | objective=-14.853575 | rate=14.842732 | power=29.999939 | r_p=0.000000 | r_c=0.000000 | r_s=9.945139e-04 | status=running
[UL Convergence] | phase=optimize | user=0 | block=4 | n_kl=50 | epoch=60/1000 | objective=-14.853593 | rate=14.842751 | power=29.999945 | r_p=0.000000 | r_c=0.000000 | r_s=0.001099 | status=running
[UL Convergence] | phase=optimize | user=0 | block=4 | n_kl=50 | epoch=61/1000 | objective=-14.853607 | rate=14.842765 | power=29.999935 | r_p=0.000000 | r_c=0.000000 | r_s=0.001319 | status=running
[UL Convergence] | phase=optimize | user=0 | block=4 | n_kl=50 | epoch=62/1000 | objective=-14.853602 | rate=14.842760 | power=29.999939 | r_p=0.000000 | r_c=0.000000 | r_s=0.001275 | status=running
[UL Convergence] | phase=optimize | user=0 | block=4 | n_kl=50 | epoch=63/1000 | objective=-14.853597 | rate=14.842754 | power=29.999939 | r_p=0.000000 | r_c=0.000000 | r_s=0.001022 | status=running
[UL Convergence] | phase=optimize | user=0 | block=4 | n_kl=50 | epoch=64/1000 | objective=-14.853596 | rate=14.842753 | power=29.999935 | r_p=0.000000 | r_c=0.000000 | r_s=8.602798e-04 | status=running
[UL Convergence] | phase=optimize | user=0 | block=4 | n_kl=50 | epoch=65/1000 | objective=-14.853603 | rate=14.842761 | power=29.999939 | r_p=0.000000 | r_c=0.000000 | r_s=9.439446e-04 | status=running
[UL Convergence] | phase=optimize | user=0 | block=4 | n_kl=50 | epoch=66/1000 | objective=-14.853606 | rate=14.842764 | power=29.999935 | r_p=0.000000 | r_c=0.000000 | r_s=0.001024 | status=running
[UL Convergence] | phase=optimize | user=0 | block=4 | n_kl=50 | epoch=67/1000 | objective=-14.853603 | rate=14.842761 | power=29.999935 | r_p=0.000000 | r_c=0.000000 | r_s=9.491170e-04 | status=running
[UL Convergence] | phase=optimize | user=0 | block=4 | n_kl=50 | epoch=68/1000 | objective=-14.853607 | rate=14.842765 | power=29.999945 | r_p=0.000000 | r_c=0.000000 | r_s=8.001204e-04 | status=running
[UL Convergence] | phase=optimize | user=0 | block=4 | n_kl=50 | epoch=69/1000 | objective=-14.853606 | rate=14.842764 | power=29.999939 | r_p=0.000000 | r_c=0.000000 | r_s=7.610408e-04 | status=running
[UL Convergence] | phase=optimize | user=0 | block=4 | n_kl=50 | epoch=70/1000 | objective=-14.853609 | rate=14.842767 | power=29.999939 | r_p=0.000000 | r_c=0.000000 | r_s=7.948384e-04 | status=running
[UL Convergence] | phase=optimize | user=0 | block=4 | n_kl=50 | epoch=71/1000 | objective=-14.853612 | rate=14.842770 | power=29.999945 | r_p=0.000000 | r_c=0.000000 | r_s=7.633200e-04 | status=running
[UL Convergence] | phase=optimize | user=0 | block=4 | n_kl=50 | epoch=72/1000 | objective=-14.853620 | rate=14.842777 | power=29.999939 | r_p=0.000000 | r_c=0.000000 | r_s=7.023579e-04 | status=running
[UL Convergence] | phase=optimize | user=0 | block=4 | n_kl=50 | epoch=73/1000 | objective=-14.853613 | rate=14.842771 | power=29.999939 | r_p=0.000000 | r_c=0.000000 | r_s=6.867440e-04 | status=running
[UL Convergence] | phase=optimize | user=0 | block=4 | n_kl=50 | epoch=74/1000 | objective=-14.853617 | rate=14.842774 | power=29.999939 | r_p=0.000000 | r_c=0.000000 | r_s=6.584924e-04 | status=running
[UL Convergence] | phase=optimize | user=0 | block=4 | n_kl=50 | epoch=75/1000 | objective=-14.853625 | rate=14.842783 | power=29.999945 | r_p=0.000000 | r_c=0.000000 | r_s=5.887811e-04 | status=kkt_converged
[UL Convergence Result] | user=0 | block=4 | n_kl=50 | achieved_rate=14.842783 | power=29.999945 | rate_gap=-10.842783 | power_gap=-5.531311e-05 | solve_status=kkt_converged
[UL Convergence Allocation] | user=0 | block=4 | n_kl=50 | requested_bits=200 | served_bits=200 | full_service=true
[UL Convergence Block] | user=0 | block=4 | stage=post_T | served_bits=200 | unserved_bits=0
[UL Convergence Reduction] | user=0 | block=4 | served_bits=200 | n_start=49 | n_min=1
[UL Convergence Solve] | user=0 | block=4 | stage=reduced_n | n_kl=49 | served_bits=200
[UL Convergence] | phase=optimize | user=0 | block=4 | n_kl=49 | epoch=1/1000 | objective=-14.827202 | rate=14.816467 | power=29.999939 | r_p=0.000000 | r_c=0.000000 | r_s=inf | status=running
[UL Convergence] | phase=optimize | user=0 | block=4 | n_kl=49 | epoch=2/1000 | objective=-14.827204 | rate=14.816469 | power=29.999939 | r_p=0.000000 | r_c=0.000000 | r_s=5.630136e-04 | status=kkt_converged
[UL Convergence Candidate] | user=0 | block=4 | n_kl=49 | achieved_rate=14.816469 | rate_gap=-10.734837 | power_gap=-6.103516e-05 | status=accepted
[UL Convergence Solve] | user=0 | block=4 | stage=reduced_n | n_kl=40 | served_bits=200
[UL Convergence] | phase=optimize | user=0 | block=4 | n_kl=40 | epoch=1/1000 | objective=-14.546471 | rate=14.536934 | power=29.999945 | r_p=0.000000 | r_c=0.000000 | r_s=inf | status=running
[UL Convergence] | phase=optimize | user=0 | block=4 | n_kl=40 | epoch=2/1000 | objective=-14.546465 | rate=14.536928 | power=29.999939 | r_p=0.000000 | r_c=0.000000 | r_s=5.114586e-04 | status=kkt_converged
[UL Convergence Candidate] | user=0 | block=4 | n_kl=40 | achieved_rate=14.536934 | rate_gap=-9.536934 | power_gap=-5.531311e-05 | status=accepted
[UL Convergence Solve] | user=0 | block=4 | stage=reduced_n | n_kl=30 | served_bits=200
[UL Convergence] | phase=optimize | user=0 | block=4 | n_kl=30 | epoch=1/1000 | objective=-14.096183 | rate=14.088760 | power=29.999935 | r_p=0.000000 | r_c=0.000000 | r_s=inf | status=running
[UL Convergence] | phase=optimize | user=0 | block=4 | n_kl=30 | epoch=2/1000 | objective=-14.096190 | rate=14.088768 | power=29.999939 | r_p=0.000000 | r_c=0.000000 | r_s=3.704888e-04 | status=kkt_converged
[UL Convergence Candidate] | user=0 | block=4 | n_kl=30 | achieved_rate=14.088768 | rate_gap=-7.422101 | power_gap=-6.103516e-05 | status=accepted
[UL Convergence Solve] | user=0 | block=4 | stage=reduced_n | n_kl=20 | served_bits=200
[UL Convergence] | phase=optimize | user=0 | block=4 | n_kl=20 | epoch=1/1000 | objective=-13.340303 | rate=13.336967 | power=29.999939 | r_p=0.000000 | r_c=0.000000 | r_s=inf | status=running
[UL Convergence] | phase=optimize | user=0 | block=4 | n_kl=20 | epoch=2/1000 | objective=-13.340299 | rate=13.336962 | power=29.999939 | r_p=0.000000 | r_c=0.000000 | r_s=2.562045e-04 | status=kkt_converged
[UL Convergence Candidate] | user=0 | block=4 | n_kl=20 | achieved_rate=13.336967 | rate_gap=-3.336967 | power_gap=-6.103516e-05 | status=accepted
[UL Convergence Reduction] | user=0 | block=4 | n_kl=15 | status=stop_infeasible
[UL Convergence Final] | user=0 | block=4 | feasible_points=35 | chosen_n_kl=16 | served_bits=200 | achieved_rate=12.853386 | power=29.999939 | solve_status=kkt_converged
[UL Convergence Allocation] | user=0 | block=4 | chosen_n_kl=16 | served_bits=200 | unserved_bits=0 | mode=fixed_block_targets
[UL Convergence Train] | phase=start | user=1 | mode=fixed_block_targets
[UL Convergence Train] | user=1 | block=0 | target_bits=400 | mode=fixed_block_targets
[UL Convergence Block] | user=1 | block=0 | budget_mode=target_bits | requested_bits=400
[UL Convergence Solve] | user=1 | block=0 | stage=n=T | n_kl=60 | requested_bits=400
[UL Convergence] | phase=optimize | user=1 | block=0 | n_kl=60 | epoch=1/1000 | objective=-14.569521 | rate=14.561626 | power=29.999945 | r_p=0.000000 | r_c=0.000000 | r_s=inf | status=running
[UL Convergence] | phase=optimize | user=1 | block=0 | n_kl=60 | epoch=2/1000 | objective=-13.586452 | rate=13.579538 | power=29.999939 | r_p=0.000000 | r_c=0.000000 | r_s=1.029918 | status=running
[UL Convergence] | phase=optimize | user=1 | block=0 | n_kl=60 | epoch=3/1000 | objective=-17.051859 | rate=17.041485 | power=29.999945 | r_p=0.000000 | r_c=0.000000 | r_s=0.491872 | status=running
[UL Convergence] | phase=optimize | user=1 | block=0 | n_kl=60 | epoch=4/1000 | objective=-17.330826 | rate=17.320171 | power=29.999939 | r_p=0.000000 | r_c=0.000000 | r_s=0.262923 | status=running
[UL Convergence] | phase=optimize | user=1 | block=0 | n_kl=60 | epoch=5/1000 | objective=-17.419706 | rate=17.408964 | power=29.999939 | r_p=0.000000 | r_c=0.000000 | r_s=0.122032 | status=running
[UL Convergence] | phase=optimize | user=1 | block=0 | n_kl=60 | epoch=6/1000 | objective=-17.458183 | rate=17.447403 | power=29.999939 | r_p=0.000000 | r_c=0.000000 | r_s=0.094458 | status=running
[UL Convergence] | phase=optimize | user=1 | block=0 | n_kl=60 | epoch=7/1000 | objective=-17.467930 | rate=17.457140 | power=29.999945 | r_p=0.000000 | r_c=0.000000 | r_s=0.072861 | status=running
[UL Convergence] | phase=optimize | user=1 | block=0 | n_kl=60 | epoch=8/1000 | objective=-17.475939 | rate=17.465139 | power=29.999945 | r_p=0.000000 | r_c=0.000000 | r_s=0.052405 | status=running
[UL Convergence] | phase=optimize | user=1 | block=0 | n_kl=60 | epoch=9/1000 | objective=-17.499016 | rate=17.488194 | power=29.999945 | r_p=0.000000 | r_c=0.000000 | r_s=0.039495 | status=running
[UL Convergence] | phase=optimize | user=1 | block=0 | n_kl=60 | epoch=10/1000 | objective=-17.534630 | rate=17.523773 | power=29.999945 | r_p=0.000000 | r_c=0.000000 | r_s=0.035004 | status=running
[UL Convergence] | phase=optimize | user=1 | block=0 | n_kl=60 | epoch=11/1000 | objective=-17.573984 | rate=17.563087 | power=29.999945 | r_p=0.000000 | r_c=0.000000 | r_s=0.037511 | status=running
[UL Convergence] | phase=optimize | user=1 | block=0 | n_kl=60 | epoch=12/1000 | objective=-17.602119 | rate=17.591194 | power=29.999939 | r_p=0.000000 | r_c=0.000000 | r_s=0.039116 | status=running
[UL Convergence] | phase=optimize | user=1 | block=0 | n_kl=60 | epoch=13/1000 | objective=-17.611399 | rate=17.600466 | power=29.999945 | r_p=0.000000 | r_c=0.000000 | r_s=0.037866 | status=running
[UL Convergence] | phase=optimize | user=1 | block=0 | n_kl=60 | epoch=14/1000 | objective=-17.605042 | rate=17.594114 | power=29.999945 | r_p=0.000000 | r_c=0.000000 | r_s=0.031043 | status=running
[UL Convergence] | phase=optimize | user=1 | block=0 | n_kl=60 | epoch=15/1000 | objective=-17.596390 | rate=17.585470 | power=29.999945 | r_p=0.000000 | r_c=0.000000 | r_s=0.021299 | status=running
[UL Convergence] | phase=optimize | user=1 | block=0 | n_kl=60 | epoch=16/1000 | objective=-17.594023 | rate=17.583107 | power=29.999945 | r_p=0.000000 | r_c=0.000000 | r_s=0.015484 | status=running
[UL Convergence] | phase=optimize | user=1 | block=0 | n_kl=60 | epoch=17/1000 | objective=-17.597931 | rate=17.587011 | power=29.999939 | r_p=0.000000 | r_c=0.000000 | r_s=0.015234 | status=running
[UL Convergence] | phase=optimize | user=1 | block=0 | n_kl=60 | epoch=18/1000 | objective=-17.604443 | rate=17.593515 | power=29.999945 | r_p=0.000000 | r_c=0.000000 | r_s=0.015717 | status=running
[UL Convergence] | phase=optimize | user=1 | block=0 | n_kl=60 | epoch=19/1000 | objective=-17.610523 | rate=17.599590 | power=29.999935 | r_p=0.000000 | r_c=0.000000 | r_s=0.016306 | status=running
[UL Convergence] | phase=optimize | user=1 | block=0 | n_kl=60 | epoch=20/1000 | objective=-17.614328 | rate=17.603392 | power=29.999939 | r_p=0.000000 | r_c=0.000000 | r_s=0.013488 | status=running
[UL Convergence] | phase=optimize | user=1 | block=0 | n_kl=60 | epoch=21/1000 | objective=-17.616539 | rate=17.605600 | power=29.999939 | r_p=0.000000 | r_c=0.000000 | r_s=0.012255 | status=running
[UL Convergence] | phase=optimize | user=1 | block=0 | n_kl=60 | epoch=22/1000 | objective=-17.617384 | rate=17.606443 | power=29.999945 | r_p=0.000000 | r_c=0.000000 | r_s=0.010817 | status=running
[UL Convergence] | phase=optimize | user=1 | block=0 | n_kl=60 | epoch=23/1000 | objective=-17.617344 | rate=17.606403 | power=29.999939 | r_p=0.000000 | r_c=0.000000 | r_s=0.009323 | status=running
[UL Convergence] | phase=optimize | user=1 | block=0 | n_kl=60 | epoch=24/1000 | objective=-17.616869 | rate=17.605930 | power=29.999945 | r_p=0.000000 | r_c=0.000000 | r_s=0.007804 | status=running
[UL Convergence] | phase=optimize | user=1 | block=0 | n_kl=60 | epoch=25/1000 | objective=-17.616430 | rate=17.605492 | power=29.999939 | r_p=0.000000 | r_c=0.000000 | r_s=0.006316 | status=running
[UL Convergence] | phase=optimize | user=1 | block=0 | n_kl=60 | epoch=26/1000 | objective=-17.616428 | rate=17.605490 | power=29.999935 | r_p=0.000000 | r_c=0.000000 | r_s=0.005143 | status=running
[UL Convergence] | phase=optimize | user=1 | block=0 | n_kl=60 | epoch=27/1000 | objective=-17.617001 | rate=17.606062 | power=29.999945 | r_p=0.000000 | r_c=0.000000 | r_s=0.004785 | status=running
[UL Convergence] | phase=optimize | user=1 | block=0 | n_kl=60 | epoch=28/1000 | objective=-17.618006 | rate=17.607065 | power=29.999939 | r_p=0.000000 | r_c=0.000000 | r_s=0.005310 | status=running
[UL Convergence] | phase=optimize | user=1 | block=0 | n_kl=60 | epoch=29/1000 | objective=-17.618900 | rate=17.607960 | power=29.999939 | r_p=0.000000 | r_c=0.000000 | r_s=0.005436 | status=running
[UL Convergence] | phase=optimize | user=1 | block=0 | n_kl=60 | epoch=30/1000 | objective=-17.619410 | rate=17.608467 | power=29.999945 | r_p=0.000000 | r_c=0.000000 | r_s=0.005418 | status=running
[UL Convergence] | phase=optimize | user=1 | block=0 | n_kl=60 | epoch=31/1000 | objective=-17.619625 | rate=17.608683 | power=29.999945 | r_p=0.000000 | r_c=0.000000 | r_s=0.005227 | status=running
[UL Convergence] | phase=optimize | user=1 | block=0 | n_kl=60 | epoch=32/1000 | objective=-17.619598 | rate=17.608656 | power=29.999945 | r_p=0.000000 | r_c=0.000000 | r_s=0.004736 | status=running
[UL Convergence] | phase=optimize | user=1 | block=0 | n_kl=60 | epoch=33/1000 | objective=-17.619461 | rate=17.608519 | power=29.999945 | r_p=0.000000 | r_c=0.000000 | r_s=0.004058 | status=running
[UL Convergence] | phase=optimize | user=1 | block=0 | n_kl=60 | epoch=34/1000 | objective=-17.619381 | rate=17.608438 | power=29.999945 | r_p=0.000000 | r_c=0.000000 | r_s=0.003400 | status=running
[UL Convergence] | phase=optimize | user=1 | block=0 | n_kl=60 | epoch=35/1000 | objective=-17.619436 | rate=17.608494 | power=29.999939 | r_p=0.000000 | r_c=0.000000 | r_s=0.003012 | status=running
[UL Convergence] | phase=optimize | user=1 | block=0 | n_kl=60 | epoch=36/1000 | objective=-17.619635 | rate=17.608692 | power=29.999935 | r_p=0.000000 | r_c=0.000000 | r_s=0.003002 | status=running
[UL Convergence] | phase=optimize | user=1 | block=0 | n_kl=60 | epoch=37/1000 | objective=-17.619909 | rate=17.608967 | power=29.999939 | r_p=0.000000 | r_c=0.000000 | r_s=0.003208 | status=running
[UL Convergence] | phase=optimize | user=1 | block=0 | n_kl=60 | epoch=38/1000 | objective=-17.620176 | rate=17.609234 | power=29.999945 | r_p=0.000000 | r_c=0.000000 | r_s=0.003389 | status=running
[UL Convergence] | phase=optimize | user=1 | block=0 | n_kl=60 | epoch=39/1000 | objective=-17.620378 | rate=17.609436 | power=29.999945 | r_p=0.000000 | r_c=0.000000 | r_s=0.003409 | status=running
[UL Convergence] | phase=optimize | user=1 | block=0 | n_kl=60 | epoch=40/1000 | objective=-17.620481 | rate=17.609539 | power=29.999945 | r_p=0.000000 | r_c=0.000000 | r_s=0.003250 | status=running
[UL Convergence] | phase=optimize | user=1 | block=0 | n_kl=60 | epoch=41/1000 | objective=-17.620491 | rate=17.609549 | power=29.999939 | r_p=0.000000 | r_c=0.000000 | r_s=0.002899 | status=running
[UL Convergence] | phase=optimize | user=1 | block=0 | n_kl=60 | epoch=42/1000 | objective=-17.620470 | rate=17.609528 | power=29.999945 | r_p=0.000000 | r_c=0.000000 | r_s=0.002551 | status=running
[UL Convergence] | phase=optimize | user=1 | block=0 | n_kl=60 | epoch=43/1000 | objective=-17.620451 | rate=17.609509 | power=29.999935 | r_p=0.000000 | r_c=0.000000 | r_s=0.002223 | status=running
[UL Convergence] | phase=optimize | user=1 | block=0 | n_kl=60 | epoch=44/1000 | objective=-17.620461 | rate=17.609518 | power=29.999939 | r_p=0.000000 | r_c=0.000000 | r_s=0.002072 | status=running
[UL Convergence] | phase=optimize | user=1 | block=0 | n_kl=60 | epoch=45/1000 | objective=-17.620537 | rate=17.609594 | power=29.999945 | r_p=0.000000 | r_c=0.000000 | r_s=0.002085 | status=running
[UL Convergence] | phase=optimize | user=1 | block=0 | n_kl=60 | epoch=46/1000 | objective=-17.620604 | rate=17.609661 | power=29.999939 | r_p=0.000000 | r_c=0.000000 | r_s=0.002142 | status=running
[UL Convergence] | phase=optimize | user=1 | block=0 | n_kl=60 | epoch=47/1000 | objective=-17.620672 | rate=17.609730 | power=29.999939 | r_p=0.000000 | r_c=0.000000 | r_s=0.002139 | status=running
[UL Convergence] | phase=optimize | user=1 | block=0 | n_kl=60 | epoch=48/1000 | objective=-17.620722 | rate=17.609779 | power=29.999939 | r_p=0.000000 | r_c=0.000000 | r_s=0.002045 | status=running
[UL Convergence] | phase=optimize | user=1 | block=0 | n_kl=60 | epoch=49/1000 | objective=-17.620764 | rate=17.609821 | power=29.999939 | r_p=0.000000 | r_c=0.000000 | r_s=0.001896 | status=running
[UL Convergence] | phase=optimize | user=1 | block=0 | n_kl=60 | epoch=50/1000 | objective=-17.620815 | rate=17.609873 | power=29.999945 | r_p=0.000000 | r_c=0.000000 | r_s=0.001760 | status=running
[UL Convergence] | phase=optimize | user=1 | block=0 | n_kl=60 | epoch=51/1000 | objective=-17.620844 | rate=17.609901 | power=29.999935 | r_p=0.000000 | r_c=0.000000 | r_s=0.001691 | status=running
[UL Convergence] | phase=optimize | user=1 | block=0 | n_kl=60 | epoch=52/1000 | objective=-17.620880 | rate=17.609938 | power=29.999945 | r_p=0.000000 | r_c=0.000000 | r_s=0.001677 | status=running
[UL Convergence] | phase=optimize | user=1 | block=0 | n_kl=60 | epoch=53/1000 | objective=-17.620892 | rate=17.609949 | power=29.999945 | r_p=0.000000 | r_c=0.000000 | r_s=0.001664 | status=running
[UL Convergence] | phase=optimize | user=1 | block=0 | n_kl=60 | epoch=54/1000 | objective=-17.620893 | rate=17.609951 | power=29.999935 | r_p=0.000000 | r_c=0.000000 | r_s=0.001598 | status=running
[UL Convergence] | phase=optimize | user=1 | block=0 | n_kl=60 | epoch=55/1000 | objective=-17.620878 | rate=17.609936 | power=29.999945 | r_p=0.000000 | r_c=0.000000 | r_s=0.001466 | status=running
[UL Convergence] | phase=optimize | user=1 | block=0 | n_kl=60 | epoch=56/1000 | objective=-17.620878 | rate=17.609936 | power=29.999945 | r_p=0.000000 | r_c=0.000000 | r_s=0.001298 | status=running
[UL Convergence] | phase=optimize | user=1 | block=0 | n_kl=60 | epoch=57/1000 | objective=-17.620886 | rate=17.609943 | power=29.999939 | r_p=0.000000 | r_c=0.000000 | r_s=0.001155 | status=running
[UL Convergence] | phase=optimize | user=1 | block=0 | n_kl=60 | epoch=58/1000 | objective=-17.620897 | rate=17.609955 | power=29.999939 | r_p=0.000000 | r_c=0.000000 | r_s=0.001093 | status=running
[UL Convergence] | phase=optimize | user=1 | block=0 | n_kl=60 | epoch=59/1000 | objective=-17.620934 | rate=17.609991 | power=29.999939 | r_p=0.000000 | r_c=0.000000 | r_s=0.001108 | status=running
[UL Convergence] | phase=optimize | user=1 | block=0 | n_kl=60 | epoch=60/1000 | objective=-17.620958 | rate=17.610016 | power=29.999935 | r_p=0.000000 | r_c=0.000000 | r_s=0.001146 | status=running
[UL Convergence] | phase=optimize | user=1 | block=0 | n_kl=60 | epoch=61/1000 | objective=-17.620981 | rate=17.610039 | power=29.999939 | r_p=0.000000 | r_c=0.000000 | r_s=0.001156 | status=running
[UL Convergence] | phase=optimize | user=1 | block=0 | n_kl=60 | epoch=62/1000 | objective=-17.621008 | rate=17.610065 | power=29.999939 | r_p=0.000000 | r_c=0.000000 | r_s=0.001124 | status=running
[UL Convergence] | phase=optimize | user=1 | block=0 | n_kl=60 | epoch=63/1000 | objective=-17.621010 | rate=17.610067 | power=29.999935 | r_p=0.000000 | r_c=0.000000 | r_s=0.001060 | status=running
[UL Convergence] | phase=optimize | user=1 | block=0 | n_kl=60 | epoch=64/1000 | objective=-17.621004 | rate=17.610062 | power=29.999935 | r_p=0.000000 | r_c=0.000000 | r_s=9.890944e-04 | status=running
[UL Convergence] | phase=optimize | user=1 | block=0 | n_kl=60 | epoch=65/1000 | objective=-17.621004 | rate=17.610062 | power=29.999939 | r_p=0.000000 | r_c=0.000000 | r_s=9.260470e-04 | status=running
[UL Convergence] | phase=optimize | user=1 | block=0 | n_kl=60 | epoch=66/1000 | objective=-17.620996 | rate=17.610054 | power=29.999939 | r_p=0.000000 | r_c=0.000000 | r_s=8.649598e-04 | status=running
[UL Convergence] | phase=optimize | user=1 | block=0 | n_kl=60 | epoch=67/1000 | objective=-17.620993 | rate=17.610050 | power=29.999939 | r_p=0.000000 | r_c=0.000000 | r_s=7.909926e-04 | status=running
[UL Convergence] | phase=optimize | user=1 | block=0 | n_kl=60 | epoch=68/1000 | objective=-17.621002 | rate=17.610060 | power=29.999939 | r_p=0.000000 | r_c=0.000000 | r_s=7.023117e-04 | status=running
[UL Convergence] | phase=optimize | user=1 | block=0 | n_kl=60 | epoch=69/1000 | objective=-17.620995 | rate=17.610052 | power=29.999945 | r_p=0.000000 | r_c=0.000000 | r_s=6.243651e-04 | status=running
[UL Convergence] | phase=optimize | user=1 | block=0 | n_kl=60 | epoch=70/1000 | objective=-17.621010 | rate=17.610067 | power=29.999939 | r_p=0.000000 | r_c=0.000000 | r_s=6.001347e-04 | status=running
[UL Convergence] | phase=optimize | user=1 | block=0 | n_kl=60 | epoch=71/1000 | objective=-17.621038 | rate=17.610094 | power=29.999939 | r_p=0.000000 | r_c=0.000000 | r_s=6.416363e-04 | status=running
[UL Convergence] | phase=optimize | user=1 | block=0 | n_kl=60 | epoch=72/1000 | objective=-17.621035 | rate=17.610090 | power=29.999939 | r_p=0.000000 | r_c=0.000000 | r_s=7.051847e-04 | status=running
[UL Convergence] | phase=optimize | user=1 | block=0 | n_kl=60 | epoch=73/1000 | objective=-17.621052 | rate=17.610107 | power=29.999935 | r_p=0.000000 | r_c=0.000000 | r_s=7.366291e-04 | status=running
[UL Convergence] | phase=optimize | user=1 | block=0 | n_kl=60 | epoch=74/1000 | objective=-17.621044 | rate=17.610100 | power=29.999945 | r_p=0.000000 | r_c=0.000000 | r_s=7.047555e-04 | status=running
[UL Convergence] | phase=optimize | user=1 | block=0 | n_kl=60 | epoch=75/1000 | objective=-17.621040 | rate=17.610096 | power=29.999939 | r_p=0.000000 | r_c=0.000000 | r_s=6.078944e-04 | status=running
[UL Convergence] | phase=optimize | user=1 | block=0 | n_kl=60 | epoch=76/1000 | objective=-17.621038 | rate=17.610094 | power=29.999939 | r_p=0.000000 | r_c=0.000000 | r_s=4.735173e-04 | status=kkt_converged
[UL Convergence Result] | user=1 | block=0 | n_kl=60 | achieved_rate=17.610107 | power=29.999935 | rate_gap=-10.943441 | power_gap=-6.484985e-05 | solve_status=kkt_converged
[UL Convergence Allocation] | user=1 | block=0 | n_kl=60 | requested_bits=400 | served_bits=400 | full_service=true
[UL Convergence Block] | user=1 | block=0 | stage=post_T | served_bits=400 | unserved_bits=0
[UL Convergence Reduction] | user=1 | block=0 | served_bits=400 | n_start=59 | n_min=1
[UL Convergence Solve] | user=1 | block=0 | stage=reduced_n | n_kl=59 | served_bits=400
[UL Convergence] | phase=optimize | user=1 | block=0 | n_kl=59 | epoch=1/1000 | objective=-17.600922 | rate=17.590111 | power=29.999935 | r_p=0.000000 | r_c=0.000000 | r_s=inf | status=running
[UL Convergence] | phase=optimize | user=1 | block=0 | n_kl=59 | epoch=2/1000 | objective=-17.600925 | rate=17.590115 | power=29.999945 | r_p=0.000000 | r_c=0.000000 | r_s=7.047919e-04 | status=running
[UL Convergence] | phase=optimize | user=1 | block=0 | n_kl=59 | epoch=3/1000 | objective=-17.600914 | rate=17.590103 | power=29.999939 | r_p=0.000000 | r_c=0.000000 | r_s=6.079837e-04 | status=running
[UL Convergence] | phase=optimize | user=1 | block=0 | n_kl=59 | epoch=4/1000 | objective=-17.600910 | rate=17.590099 | power=29.999939 | r_p=0.000000 | r_c=0.000000 | r_s=4.736326e-04 | status=kkt_converged
[UL Convergence Candidate] | user=1 | block=0 | n_kl=59 | achieved_rate=17.590115 | rate_gap=-10.810453 | power_gap=-5.531311e-05 | status=accepted
[UL Convergence Solve] | user=1 | block=0 | stage=reduced_n | n_kl=50 | served_bits=400
[UL Convergence] | phase=optimize | user=1 | block=0 | n_kl=50 | epoch=1/1000 | objective=-17.393452 | rate=17.384068 | power=29.999939 | r_p=0.000000 | r_c=0.000000 | r_s=inf | status=running
[UL Convergence] | phase=optimize | user=1 | block=0 | n_kl=50 | epoch=2/1000 | objective=-17.393459 | rate=17.384075 | power=29.999939 | r_p=0.000000 | r_c=0.000000 | r_s=4.824188e-04 | status=kkt_converged
[UL Convergence Candidate] | user=1 | block=0 | n_kl=50 | achieved_rate=17.384075 | rate_gap=-9.384075 | power_gap=-6.103516e-05 | status=accepted
[UL Convergence Solve] | user=1 | block=0 | stage=reduced_n | n_kl=40 | served_bits=400
[UL Convergence] | phase=optimize | user=1 | block=0 | n_kl=40 | epoch=1/1000 | objective=-17.084932 | rate=17.077854 | power=29.999935 | r_p=0.000000 | r_c=0.000000 | r_s=inf | status=running
[UL Convergence] | phase=optimize | user=1 | block=0 | n_kl=40 | epoch=2/1000 | objective=-17.084948 | rate=17.077869 | power=29.999939 | r_p=0.000000 | r_c=0.000000 | r_s=3.346200e-04 | status=kkt_converged
[UL Convergence Candidate] | user=1 | block=0 | n_kl=40 | achieved_rate=17.077869 | rate_gap=-7.077869 | power_gap=-6.103516e-05 | status=accepted
[UL Convergence Solve] | user=1 | block=0 | stage=reduced_n | n_kl=30 | served_bits=400
[UL Convergence] | phase=optimize | user=1 | block=0 | n_kl=30 | epoch=1/1000 | objective=-16.632448 | rate=16.629152 | power=29.999939 | r_p=0.000000 | r_c=0.000000 | r_s=inf | status=running
[UL Convergence] | phase=optimize | user=1 | block=0 | n_kl=30 | epoch=2/1000 | objective=-16.632454 | rate=16.629158 | power=29.999939 | r_p=0.000000 | r_c=0.000000 | r_s=2.787287e-04 | status=kkt_converged
[UL Convergence Candidate] | user=1 | block=0 | n_kl=30 | achieved_rate=16.629158 | rate_gap=-3.295825 | power_gap=-6.103516e-05 | status=accepted
[UL Convergence Reduction] | user=1 | block=0 | n_kl=24 | status=stop_infeasible
[UL Convergence Final] | user=1 | block=0 | feasible_points=36 | chosen_n_kl=25 | served_bits=400 | achieved_rate=16.309500 | power=29.999939 | solve_status=kkt_converged
[UL Convergence Allocation] | user=1 | block=0 | chosen_n_kl=25 | served_bits=400 | unserved_bits=0 | mode=fixed_block_targets
[UL Convergence Train] | user=1 | block=1 | target_bits=400 | mode=fixed_block_targets
[UL Convergence Block] | user=1 | block=1 | budget_mode=target_bits | requested_bits=400
[UL Convergence Solve] | user=1 | block=1 | stage=n=T | n_kl=60 | requested_bits=400
[UL Convergence] | phase=optimize | user=1 | block=1 | n_kl=60 | epoch=1/1000 | objective=-17.171518 | rate=17.161024 | power=29.999945 | r_p=0.000000 | r_c=0.000000 | r_s=inf | status=running
[UL Convergence] | phase=optimize | user=1 | block=1 | n_kl=60 | epoch=2/1000 | objective=-16.959473 | rate=16.949190 | power=29.999945 | r_p=0.000000 | r_c=0.000000 | r_s=0.158416 | status=running
[UL Convergence] | phase=optimize | user=1 | block=1 | n_kl=60 | epoch=3/1000 | objective=-17.157818 | rate=17.147337 | power=29.999945 | r_p=0.000000 | r_c=0.000000 | r_s=0.110572 | status=running
[UL Convergence] | phase=optimize | user=1 | block=1 | n_kl=60 | epoch=4/1000 | objective=-17.121218 | rate=17.110773 | power=29.999945 | r_p=0.000000 | r_c=0.000000 | r_s=0.111863 | status=running
[UL Convergence] | phase=optimize | user=1 | block=1 | n_kl=60 | epoch=5/1000 | objective=-17.070400 | rate=17.060007 | power=29.999939 | r_p=0.000000 | r_c=0.000000 | r_s=0.032111 | status=running
[UL Convergence] | phase=optimize | user=1 | block=1 | n_kl=60 | epoch=6/1000 | objective=-17.109655 | rate=17.099222 | power=29.999939 | r_p=0.000000 | r_c=0.000000 | r_s=0.025911 | status=running
[UL Convergence] | phase=optimize | user=1 | block=1 | n_kl=60 | epoch=7/1000 | objective=-17.157486 | rate=17.147005 | power=29.999945 | r_p=0.000000 | r_c=0.000000 | r_s=0.043784 | status=running
[UL Convergence] | phase=optimize | user=1 | block=1 | n_kl=60 | epoch=8/1000 | objective=-17.170494 | rate=17.160000 | power=29.999939 | r_p=0.000000 | r_c=0.000000 | r_s=0.047084 | status=running
[UL Convergence] | phase=optimize | user=1 | block=1 | n_kl=60 | epoch=9/1000 | objective=-17.153006 | rate=17.142530 | power=29.999945 | r_p=0.000000 | r_c=0.000000 | r_s=0.035688 | status=running
[UL Convergence] | phase=optimize | user=1 | block=1 | n_kl=60 | epoch=10/1000 | objective=-17.137579 | rate=17.127119 | power=29.999939 | r_p=0.000000 | r_c=0.000000 | r_s=0.018560 | status=running
[UL Convergence] | phase=optimize | user=1 | block=1 | n_kl=60 | epoch=11/1000 | objective=-17.139391 | rate=17.128929 | power=29.999935 | r_p=0.000000 | r_c=0.000000 | r_s=0.011074 | status=running
[UL Convergence] | phase=optimize | user=1 | block=1 | n_kl=60 | epoch=12/1000 | objective=-17.152874 | rate=17.142399 | power=29.999939 | r_p=0.000000 | r_c=0.000000 | r_s=0.016556 | status=running
[UL Convergence] | phase=optimize | user=1 | block=1 | n_kl=60 | epoch=13/1000 | objective=-17.166311 | rate=17.155823 | power=29.999939 | r_p=0.000000 | r_c=0.000000 | r_s=0.022283 | status=running
[UL Convergence] | phase=optimize | user=1 | block=1 | n_kl=60 | epoch=14/1000 | objective=-17.171242 | rate=17.160748 | power=29.999945 | r_p=0.000000 | r_c=0.000000 | r_s=0.023858 | status=running
[UL Convergence] | phase=optimize | user=1 | block=1 | n_kl=60 | epoch=15/1000 | objective=-17.167078 | rate=17.156588 | power=29.999945 | r_p=0.000000 | r_c=0.000000 | r_s=0.021306 | status=running
[UL Convergence] | phase=optimize | user=1 | block=1 | n_kl=60 | epoch=16/1000 | objective=-17.159763 | rate=17.149281 | power=29.999939 | r_p=0.000000 | r_c=0.000000 | r_s=0.015061 | status=running
[UL Convergence] | phase=optimize | user=1 | block=1 | n_kl=60 | epoch=17/1000 | objective=-17.156361 | rate=17.145882 | power=29.999945 | r_p=0.000000 | r_c=0.000000 | r_s=0.007408 | status=running
[UL Convergence] | phase=optimize | user=1 | block=1 | n_kl=60 | epoch=18/1000 | objective=-17.159273 | rate=17.148790 | power=29.999945 | r_p=0.000000 | r_c=0.000000 | r_s=0.006815 | status=running
[UL Convergence] | phase=optimize | user=1 | block=1 | n_kl=60 | epoch=19/1000 | objective=-17.165405 | rate=17.154917 | power=29.999945 | r_p=0.000000 | r_c=0.000000 | r_s=0.012122 | status=running
[UL Convergence] | phase=optimize | user=1 | block=1 | n_kl=60 | epoch=20/1000 | objective=-17.170135 | rate=17.159643 | power=29.999939 | r_p=0.000000 | r_c=0.000000 | r_s=0.015223 | status=running
[UL Convergence] | phase=optimize | user=1 | block=1 | n_kl=60 | epoch=21/1000 | objective=-17.171173 | rate=17.160679 | power=29.999945 | r_p=0.000000 | r_c=0.000000 | r_s=0.015219 | status=running
[UL Convergence] | phase=optimize | user=1 | block=1 | n_kl=60 | epoch=22/1000 | objective=-17.169268 | rate=17.158775 | power=29.999945 | r_p=0.000000 | r_c=0.000000 | r_s=0.012868 | status=running
[UL Convergence] | phase=optimize | user=1 | block=1 | n_kl=60 | epoch=23/1000 | objective=-17.166805 | rate=17.156315 | power=29.999939 | r_p=0.000000 | r_c=0.000000 | r_s=0.009484 | status=running
[UL Convergence] | phase=optimize | user=1 | block=1 | n_kl=60 | epoch=24/1000 | objective=-17.165749 | rate=17.155260 | power=29.999939 | r_p=0.000000 | r_c=0.000000 | r_s=0.006657 | status=running
[UL Convergence] | phase=optimize | user=1 | block=1 | n_kl=60 | epoch=25/1000 | objective=-17.166714 | rate=17.156223 | power=29.999945 | r_p=0.000000 | r_c=0.000000 | r_s=0.006316 | status=running
[UL Convergence] | phase=optimize | user=1 | block=1 | n_kl=60 | epoch=26/1000 | objective=-17.168905 | rate=17.158413 | power=29.999935 | r_p=0.000000 | r_c=0.000000 | r_s=0.008045 | status=running
[UL Convergence] | phase=optimize | user=1 | block=1 | n_kl=60 | epoch=27/1000 | objective=-17.170872 | rate=17.160378 | power=29.999939 | r_p=0.000000 | r_c=0.000000 | r_s=0.009601 | status=running
[UL Convergence] | phase=optimize | user=1 | block=1 | n_kl=60 | epoch=28/1000 | objective=-17.171610 | rate=17.161116 | power=29.999935 | r_p=0.000000 | r_c=0.000000 | r_s=0.009908 | status=running
[UL Convergence] | phase=optimize | user=1 | block=1 | n_kl=60 | epoch=29/1000 | objective=-17.171143 | rate=17.160648 | power=29.999945 | r_p=0.000000 | r_c=0.000000 | r_s=0.008885 | status=running
[UL Convergence] | phase=optimize | user=1 | block=1 | n_kl=60 | epoch=30/1000 | objective=-17.170204 | rate=17.159712 | power=29.999945 | r_p=0.000000 | r_c=0.000000 | r_s=0.007098 | status=running
[UL Convergence] | phase=optimize | user=1 | block=1 | n_kl=60 | epoch=31/1000 | objective=-17.169645 | rate=17.159153 | power=29.999945 | r_p=0.000000 | r_c=0.000000 | r_s=0.005454 | status=running
[UL Convergence] | phase=optimize | user=1 | block=1 | n_kl=60 | epoch=32/1000 | objective=-17.169817 | rate=17.159325 | power=29.999945 | r_p=0.000000 | r_c=0.000000 | r_s=0.004808 | status=running
[UL Convergence] | phase=optimize | user=1 | block=1 | n_kl=60 | epoch=33/1000 | objective=-17.170593 | rate=17.160099 | power=29.999945 | r_p=0.000000 | r_c=0.000000 | r_s=0.005291 | status=running
[UL Convergence] | phase=optimize | user=1 | block=1 | n_kl=60 | epoch=34/1000 | objective=-17.171530 | rate=17.161036 | power=29.999939 | r_p=0.000000 | r_c=0.000000 | r_s=0.006246 | status=running
[UL Convergence] | phase=optimize | user=1 | block=1 | n_kl=60 | epoch=35/1000 | objective=-17.172091 | rate=17.161596 | power=29.999945 | r_p=0.000000 | r_c=0.000000 | r_s=0.006917 | status=running
[UL Convergence] | phase=optimize | user=1 | block=1 | n_kl=60 | epoch=36/1000 | objective=-17.172056 | rate=17.161562 | power=29.999935 | r_p=0.000000 | r_c=0.000000 | r_s=0.006780 | status=running
[UL Convergence] | phase=optimize | user=1 | block=1 | n_kl=60 | epoch=37/1000 | objective=-17.171604 | rate=17.161110 | power=29.999939 | r_p=0.000000 | r_c=0.000000 | r_s=0.005720 | status=running
[UL Convergence] | phase=optimize | user=1 | block=1 | n_kl=60 | epoch=38/1000 | objective=-17.171207 | rate=17.160713 | power=29.999939 | r_p=0.000000 | r_c=0.000000 | r_s=0.004168 | status=running
[UL Convergence] | phase=optimize | user=1 | block=1 | n_kl=60 | epoch=39/1000 | objective=-17.171200 | rate=17.160706 | power=29.999939 | r_p=0.000000 | r_c=0.000000 | r_s=0.003162 | status=running
[UL Convergence] | phase=optimize | user=1 | block=1 | n_kl=60 | epoch=40/1000 | objective=-17.171595 | rate=17.161100 | power=29.999939 | r_p=0.000000 | r_c=0.000000 | r_s=0.003519 | status=running
[UL Convergence] | phase=optimize | user=1 | block=1 | n_kl=60 | epoch=41/1000 | objective=-17.172119 | rate=17.161625 | power=29.999939 | r_p=0.000000 | r_c=0.000000 | r_s=0.004400 | status=running
[UL Convergence] | phase=optimize | user=1 | block=1 | n_kl=60 | epoch=42/1000 | objective=-17.172447 | rate=17.161951 | power=29.999939 | r_p=0.000000 | r_c=0.000000 | r_s=0.004951 | status=running
[UL Convergence] | phase=optimize | user=1 | block=1 | n_kl=60 | epoch=43/1000 | objective=-17.172400 | rate=17.161903 | power=29.999939 | r_p=0.000000 | r_c=0.000000 | r_s=0.004851 | status=running
[UL Convergence] | phase=optimize | user=1 | block=1 | n_kl=60 | epoch=44/1000 | objective=-17.172115 | rate=17.161621 | power=29.999945 | r_p=0.000000 | r_c=0.000000 | r_s=0.004021 | status=running
[UL Convergence] | phase=optimize | user=1 | block=1 | n_kl=60 | epoch=45/1000 | objective=-17.171883 | rate=17.161388 | power=29.999945 | r_p=0.000000 | r_c=0.000000 | r_s=0.002701 | status=running
[UL Convergence] | phase=optimize | user=1 | block=1 | n_kl=60 | epoch=46/1000 | objective=-17.171904 | rate=17.161409 | power=29.999939 | r_p=0.000000 | r_c=0.000000 | r_s=0.001858 | status=running
[UL Convergence] | phase=optimize | user=1 | block=1 | n_kl=60 | epoch=47/1000 | objective=-17.172192 | rate=17.161697 | power=29.999939 | r_p=0.000000 | r_c=0.000000 | r_s=0.002554 | status=running
[UL Convergence] | phase=optimize | user=1 | block=1 | n_kl=60 | epoch=48/1000 | objective=-17.172495 | rate=17.161999 | power=29.999945 | r_p=0.000000 | r_c=0.000000 | r_s=0.003494 | status=running
[UL Convergence] | phase=optimize | user=1 | block=1 | n_kl=60 | epoch=49/1000 | objective=-17.172606 | rate=17.162109 | power=29.999950 | r_p=0.000000 | r_c=0.000000 | r_s=0.003858 | status=running
[UL Convergence] | phase=optimize | user=1 | block=1 | n_kl=60 | epoch=50/1000 | objective=-17.172499 | rate=17.162003 | power=29.999945 | r_p=0.000000 | r_c=0.000000 | r_s=0.003528 | status=running
[UL Convergence] | phase=optimize | user=1 | block=1 | n_kl=60 | epoch=51/1000 | objective=-17.172302 | rate=17.161808 | power=29.999945 | r_p=0.000000 | r_c=0.000000 | r_s=0.002616 | status=running
[UL Convergence] | phase=optimize | user=1 | block=1 | n_kl=60 | epoch=52/1000 | objective=-17.172226 | rate=17.161732 | power=29.999945 | r_p=0.000000 | r_c=0.000000 | r_s=0.001461 | status=running
[UL Convergence] | phase=optimize | user=1 | block=1 | n_kl=60 | epoch=53/1000 | objective=-17.172329 | rate=17.161835 | power=29.999945 | r_p=0.000000 | r_c=0.000000 | r_s=0.001307 | status=running
[UL Convergence] | phase=optimize | user=1 | block=1 | n_kl=60 | epoch=54/1000 | objective=-17.172525 | rate=17.162029 | power=29.999939 | r_p=0.000000 | r_c=0.000000 | r_s=0.002291 | status=running
[UL Convergence] | phase=optimize | user=1 | block=1 | n_kl=60 | epoch=55/1000 | objective=-17.172651 | rate=17.162155 | power=29.999950 | r_p=0.000000 | r_c=0.000000 | r_s=0.002932 | status=running
[UL Convergence] | phase=optimize | user=1 | block=1 | n_kl=60 | epoch=56/1000 | objective=-17.172625 | rate=17.162128 | power=29.999939 | r_p=0.000000 | r_c=0.000000 | r_s=0.002849 | status=running
[UL Convergence] | phase=optimize | user=1 | block=1 | n_kl=60 | epoch=57/1000 | objective=-17.172514 | rate=17.162018 | power=29.999945 | r_p=0.000000 | r_c=0.000000 | r_s=0.002123 | status=running
[UL Convergence] | phase=optimize | user=1 | block=1 | n_kl=60 | epoch=58/1000 | objective=-17.172441 | rate=17.161945 | power=29.999945 | r_p=0.000000 | r_c=0.000000 | r_s=0.001151 | status=running
[UL Convergence] | phase=optimize | user=1 | block=1 | n_kl=60 | epoch=59/1000 | objective=-17.172470 | rate=17.161974 | power=29.999945 | r_p=0.000000 | r_c=0.000000 | r_s=9.259879e-04 | status=running
[UL Convergence] | phase=optimize | user=1 | block=1 | n_kl=60 | epoch=60/1000 | objective=-17.172579 | rate=17.162083 | power=29.999939 | r_p=0.000000 | r_c=0.000000 | r_s=0.001613 | status=running
[UL Convergence] | phase=optimize | user=1 | block=1 | n_kl=60 | epoch=61/1000 | objective=-17.172655 | rate=17.162159 | power=29.999945 | r_p=0.000000 | r_c=0.000000 | r_s=0.002114 | status=running
[UL Convergence] | phase=optimize | user=1 | block=1 | n_kl=60 | epoch=62/1000 | objective=-17.172651 | rate=17.162155 | power=29.999939 | r_p=0.000000 | r_c=0.000000 | r_s=0.002142 | status=running
[UL Convergence] | phase=optimize | user=1 | block=1 | n_kl=60 | epoch=63/1000 | objective=-17.172592 | rate=17.162096 | power=29.999939 | r_p=0.000000 | r_c=0.000000 | r_s=0.001678 | status=running
[UL Convergence] | phase=optimize | user=1 | block=1 | n_kl=60 | epoch=64/1000 | objective=-17.172556 | rate=17.162060 | power=29.999945 | r_p=0.000000 | r_c=0.000000 | r_s=9.548759e-04 | status=running
[UL Convergence] | phase=optimize | user=1 | block=1 | n_kl=60 | epoch=65/1000 | objective=-17.172564 | rate=17.162067 | power=29.999945 | r_p=0.000000 | r_c=0.000000 | r_s=7.287309e-04 | status=running
[UL Convergence] | phase=optimize | user=1 | block=1 | n_kl=60 | epoch=66/1000 | objective=-17.172619 | rate=17.162123 | power=29.999945 | r_p=0.000000 | r_c=0.000000 | r_s=0.001206 | status=running
[UL Convergence] | phase=optimize | user=1 | block=1 | n_kl=60 | epoch=67/1000 | objective=-17.172659 | rate=17.162163 | power=29.999945 | r_p=0.000000 | r_c=0.000000 | r_s=0.001529 | status=running
[UL Convergence] | phase=optimize | user=1 | block=1 | n_kl=60 | epoch=68/1000 | objective=-17.172661 | rate=17.162165 | power=29.999945 | r_p=0.000000 | r_c=0.000000 | r_s=0.001541 | status=running
[UL Convergence] | phase=optimize | user=1 | block=1 | n_kl=60 | epoch=69/1000 | objective=-17.172634 | rate=17.162138 | power=29.999939 | r_p=0.000000 | r_c=0.000000 | r_s=0.001293 | status=running
[UL Convergence] | phase=optimize | user=1 | block=1 | n_kl=60 | epoch=70/1000 | objective=-17.172619 | rate=17.162123 | power=29.999935 | r_p=0.000000 | r_c=0.000000 | r_s=8.979150e-04 | status=running
[UL Convergence] | phase=optimize | user=1 | block=1 | n_kl=60 | epoch=71/1000 | objective=-17.172628 | rate=17.162132 | power=29.999945 | r_p=0.000000 | r_c=0.000000 | r_s=6.670627e-04 | status=running
[UL Convergence] | phase=optimize | user=1 | block=1 | n_kl=60 | epoch=72/1000 | objective=-17.172644 | rate=17.162148 | power=29.999950 | r_p=0.000000 | r_c=0.000000 | r_s=8.755809e-04 | status=running
[UL Convergence] | phase=optimize | user=1 | block=1 | n_kl=60 | epoch=73/1000 | objective=-17.172663 | rate=17.162167 | power=29.999945 | r_p=0.000000 | r_c=0.000000 | r_s=0.001116 | status=running
[UL Convergence] | phase=optimize | user=1 | block=1 | n_kl=60 | epoch=74/1000 | objective=-17.172672 | rate=17.162176 | power=29.999945 | r_p=0.000000 | r_c=0.000000 | r_s=0.001151 | status=running
[UL Convergence] | phase=optimize | user=1 | block=1 | n_kl=60 | epoch=75/1000 | objective=-17.172657 | rate=17.162161 | power=29.999939 | r_p=0.000000 | r_c=0.000000 | r_s=9.947125e-04 | status=running
[UL Convergence] | phase=optimize | user=1 | block=1 | n_kl=60 | epoch=76/1000 | objective=-17.172644 | rate=17.162148 | power=29.999945 | r_p=0.000000 | r_c=0.000000 | r_s=7.348652e-04 | status=running
[UL Convergence] | phase=optimize | user=1 | block=1 | n_kl=60 | epoch=77/1000 | objective=-17.172646 | rate=17.162149 | power=29.999939 | r_p=0.000000 | r_c=0.000000 | r_s=5.185268e-04 | status=kkt_converged
[UL Convergence Result] | user=1 | block=1 | n_kl=60 | achieved_rate=17.162176 | power=29.999945 | rate_gap=-10.495510 | power_gap=-5.531311e-05 | solve_status=kkt_converged
[UL Convergence Allocation] | user=1 | block=1 | n_kl=60 | requested_bits=400 | served_bits=400 | full_service=true
[UL Convergence Block] | user=1 | block=1 | stage=post_T | served_bits=400 | unserved_bits=0
[UL Convergence Reduction] | user=1 | block=1 | served_bits=400 | n_start=59 | n_min=1
[UL Convergence Solve] | user=1 | block=1 | stage=reduced_n | n_kl=59 | served_bits=400
[UL Convergence] | phase=optimize | user=1 | block=1 | n_kl=59 | epoch=1/1000 | objective=-17.152550 | rate=17.142187 | power=29.999939 | r_p=0.000000 | r_c=0.000000 | r_s=inf | status=running
[UL Convergence] | phase=optimize | user=1 | block=1 | n_kl=59 | epoch=2/1000 | objective=-17.152536 | rate=17.142174 | power=29.999945 | r_p=0.000000 | r_c=0.000000 | r_s=9.949703e-04 | status=running
[UL Convergence] | phase=optimize | user=1 | block=1 | n_kl=59 | epoch=3/1000 | objective=-17.152533 | rate=17.142170 | power=29.999945 | r_p=0.000000 | r_c=0.000000 | r_s=7.353070e-04 | status=running
[UL Convergence] | phase=optimize | user=1 | block=1 | n_kl=59 | epoch=4/1000 | objective=-17.152527 | rate=17.142164 | power=29.999945 | r_p=0.000000 | r_c=0.000000 | r_s=5.185666e-04 | status=kkt_converged
[UL Convergence Candidate] | user=1 | block=1 | n_kl=59 | achieved_rate=17.142187 | rate_gap=-10.362526 | power_gap=-6.103516e-05 | status=accepted
[UL Convergence Solve] | user=1 | block=1 | stage=reduced_n | n_kl=50 | served_bits=400
[UL Convergence] | phase=optimize | user=1 | block=1 | n_kl=50 | epoch=1/1000 | objective=-16.945122 | rate=16.936186 | power=29.999939 | r_p=0.000000 | r_c=0.000000 | r_s=inf | status=running
[UL Convergence] | phase=optimize | user=1 | block=1 | n_kl=50 | epoch=2/1000 | objective=-16.945118 | rate=16.936182 | power=29.999945 | r_p=0.000000 | r_c=0.000000 | r_s=9.981659e-04 | status=running
[UL Convergence] | phase=optimize | user=1 | block=1 | n_kl=50 | epoch=3/1000 | objective=-16.945095 | rate=16.936159 | power=29.999945 | r_p=0.000000 | r_c=0.000000 | r_s=7.400968e-04 | status=running
[UL Convergence] | phase=optimize | user=1 | block=1 | n_kl=50 | epoch=4/1000 | objective=-16.945101 | rate=16.936165 | power=29.999945 | r_p=0.000000 | r_c=0.000000 | r_s=5.203622e-04 | status=kkt_converged
[UL Convergence Candidate] | user=1 | block=1 | n_kl=50 | achieved_rate=16.936186 | rate_gap=-8.936186 | power_gap=-6.103516e-05 | status=accepted
[UL Convergence Solve] | user=1 | block=1 | stage=reduced_n | n_kl=40 | served_bits=400
[UL Convergence] | phase=optimize | user=1 | block=1 | n_kl=40 | epoch=1/1000 | objective=-16.636665 | rate=16.630035 | power=29.999945 | r_p=0.000000 | r_c=0.000000 | r_s=inf | status=running
[UL Convergence] | phase=optimize | user=1 | block=1 | n_kl=40 | epoch=2/1000 | objective=-16.636656 | rate=16.630026 | power=29.999939 | r_p=0.000000 | r_c=0.000000 | r_s=7.478088e-04 | status=running
[UL Convergence] | phase=optimize | user=1 | block=1 | n_kl=40 | epoch=3/1000 | objective=-16.636654 | rate=16.630024 | power=29.999939 | r_p=0.000000 | r_c=0.000000 | r_s=5.271125e-04 | status=kkt_converged
[UL Convergence Candidate] | user=1 | block=1 | n_kl=40 | achieved_rate=16.630035 | rate_gap=-6.630035 | power_gap=-5.531311e-05 | status=accepted
[UL Convergence Solve] | user=1 | block=1 | stage=reduced_n | n_kl=30 | served_bits=400
[UL Convergence] | phase=optimize | user=1 | block=1 | n_kl=30 | epoch=1/1000 | objective=-16.184294 | rate=16.181446 | power=29.999945 | r_p=0.000000 | r_c=0.000000 | r_s=inf | status=running
[UL Convergence] | phase=optimize | user=1 | block=1 | n_kl=30 | epoch=2/1000 | objective=-16.184290 | rate=16.181442 | power=29.999950 | r_p=0.000000 | r_c=0.000000 | r_s=7.649437e-04 | status=running
[UL Convergence] | phase=optimize | user=1 | block=1 | n_kl=30 | epoch=3/1000 | objective=-16.184290 | rate=16.181442 | power=29.999945 | r_p=0.000000 | r_c=0.000000 | r_s=5.044277e-04 | status=kkt_converged
[UL Convergence Candidate] | user=1 | block=1 | n_kl=30 | achieved_rate=16.181446 | rate_gap=-2.848113 | power_gap=-5.531311e-05 | status=accepted
[UL Convergence Reduction] | user=1 | block=1 | n_kl=25 | status=stop_infeasible
[UL Convergence Final] | user=1 | block=1 | feasible_points=35 | chosen_n_kl=26 | served_bits=400 | achieved_rate=15.933072 | power=29.999945 | solve_status=kkt_converged
[UL Convergence Allocation] | user=1 | block=1 | chosen_n_kl=26 | served_bits=400 | unserved_bits=0 | mode=fixed_block_targets
[UL Convergence Train] | user=1 | block=2 | target_bits=400 | mode=fixed_block_targets
[UL Convergence Block] | user=1 | block=2 | budget_mode=target_bits | requested_bits=400
[UL Convergence Solve] | user=1 | block=2 | stage=n=T | n_kl=60 | requested_bits=400
[UL Convergence] | phase=optimize | user=1 | block=2 | n_kl=60 | epoch=1/1000 | objective=-16.638052 | rate=16.628090 | power=29.999939 | r_p=0.000000 | r_c=0.000000 | r_s=inf | status=running
[UL Convergence] | phase=optimize | user=1 | block=2 | n_kl=60 | epoch=2/1000 | objective=-16.555243 | rate=16.545364 | power=29.999945 | r_p=0.000000 | r_c=0.000000 | r_s=0.112314 | status=running
[UL Convergence] | phase=optimize | user=1 | block=2 | n_kl=60 | epoch=3/1000 | objective=-16.623402 | rate=16.613455 | power=29.999945 | r_p=0.000000 | r_c=0.000000 | r_s=0.080092 | status=running
[UL Convergence] | phase=optimize | user=1 | block=2 | n_kl=60 | epoch=4/1000 | objective=-16.621696 | rate=16.611752 | power=29.999939 | r_p=0.000000 | r_c=0.000000 | r_s=0.062675 | status=running
[UL Convergence] | phase=optimize | user=1 | block=2 | n_kl=60 | epoch=5/1000 | objective=-16.604897 | rate=16.594969 | power=29.999939 | r_p=0.000000 | r_c=0.000000 | r_s=0.036438 | status=running
[UL Convergence] | phase=optimize | user=1 | block=2 | n_kl=60 | epoch=6/1000 | objective=-16.609909 | rate=16.599976 | power=29.999935 | r_p=0.000000 | r_c=0.000000 | r_s=0.023052 | status=running
[UL Convergence] | phase=optimize | user=1 | block=2 | n_kl=60 | epoch=7/1000 | objective=-16.625256 | rate=16.615307 | power=29.999939 | r_p=0.000000 | r_c=0.000000 | r_s=0.026036 | status=running
[UL Convergence] | phase=optimize | user=1 | block=2 | n_kl=60 | epoch=8/1000 | objective=-16.634186 | rate=16.624228 | power=29.999939 | r_p=0.000000 | r_c=0.000000 | r_s=0.028467 | status=running
[UL Convergence] | phase=optimize | user=1 | block=2 | n_kl=60 | epoch=9/1000 | objective=-16.633217 | rate=16.623260 | power=29.999939 | r_p=0.000000 | r_c=0.000000 | r_s=0.026025 | status=running
[UL Convergence] | phase=optimize | user=1 | block=2 | n_kl=60 | epoch=10/1000 | objective=-16.628124 | rate=16.618174 | power=29.999945 | r_p=0.000000 | r_c=0.000000 | r_s=0.020245 | status=running
[UL Convergence] | phase=optimize | user=1 | block=2 | n_kl=60 | epoch=11/1000 | objective=-16.625582 | rate=16.615633 | power=29.999939 | r_p=0.000000 | r_c=0.000000 | r_s=0.013939 | status=running
[UL Convergence] | phase=optimize | user=1 | block=2 | n_kl=60 | epoch=12/1000 | objective=-16.628162 | rate=16.618212 | power=29.999939 | r_p=0.000000 | r_c=0.000000 | r_s=0.012090 | status=running
[UL Convergence] | phase=optimize | user=1 | block=2 | n_kl=60 | epoch=13/1000 | objective=-16.633120 | rate=16.623163 | power=29.999939 | r_p=0.000000 | r_c=0.000000 | r_s=0.014393 | status=running
[UL Convergence] | phase=optimize | user=1 | block=2 | n_kl=60 | epoch=14/1000 | objective=-16.636520 | rate=16.626560 | power=29.999945 | r_p=0.000000 | r_c=0.000000 | r_s=0.016095 | status=running
[UL Convergence] | phase=optimize | user=1 | block=2 | n_kl=60 | epoch=15/1000 | objective=-16.636909 | rate=16.626949 | power=29.999945 | r_p=0.000000 | r_c=0.000000 | r_s=0.015768 | status=running
[UL Convergence] | phase=optimize | user=1 | block=2 | n_kl=60 | epoch=16/1000 | objective=-16.635452 | rate=16.625494 | power=29.999939 | r_p=0.000000 | r_c=0.000000 | r_s=0.013687 | status=running
[UL Convergence] | phase=optimize | user=1 | block=2 | n_kl=60 | epoch=17/1000 | objective=-16.634201 | rate=16.624243 | power=29.999935 | r_p=0.000000 | r_c=0.000000 | r_s=0.011055 | status=running
[UL Convergence] | phase=optimize | user=1 | block=2 | n_kl=60 | epoch=18/1000 | objective=-16.634235 | rate=16.624277 | power=29.999945 | r_p=0.000000 | r_c=0.000000 | r_s=0.009560 | status=running
[UL Convergence] | phase=optimize | user=1 | block=2 | n_kl=60 | epoch=19/1000 | objective=-16.635300 | rate=16.625341 | power=29.999939 | r_p=0.000000 | r_c=0.000000 | r_s=0.009332 | status=running
[UL Convergence] | phase=optimize | user=1 | block=2 | n_kl=60 | epoch=20/1000 | objective=-16.636732 | rate=16.626772 | power=29.999939 | r_p=0.000000 | r_c=0.000000 | r_s=0.009436 | status=running
[UL Convergence] | phase=optimize | user=1 | block=2 | n_kl=60 | epoch=21/1000 | objective=-16.638021 | rate=16.628059 | power=29.999935 | r_p=0.000000 | r_c=0.000000 | r_s=0.009951 | status=running
[UL Convergence] | phase=optimize | user=1 | block=2 | n_kl=60 | epoch=22/1000 | objective=-16.638647 | rate=16.628685 | power=29.999939 | r_p=0.000000 | r_c=0.000000 | r_s=0.010481 | status=running
[UL Convergence] | phase=optimize | user=1 | block=2 | n_kl=60 | epoch=23/1000 | objective=-16.638407 | rate=16.628445 | power=29.999945 | r_p=0.000000 | r_c=0.000000 | r_s=0.010060 | status=running
[UL Convergence] | phase=optimize | user=1 | block=2 | n_kl=60 | epoch=24/1000 | objective=-16.637684 | rate=16.627724 | power=29.999939 | r_p=0.000000 | r_c=0.000000 | r_s=0.008431 | status=running
[UL Convergence] | phase=optimize | user=1 | block=2 | n_kl=60 | epoch=25/1000 | objective=-16.637226 | rate=16.627266 | power=29.999945 | r_p=0.000000 | r_c=0.000000 | r_s=0.006371 | status=running
[UL Convergence] | phase=optimize | user=1 | block=2 | n_kl=60 | epoch=26/1000 | objective=-16.637526 | rate=16.627565 | power=29.999945 | r_p=0.000000 | r_c=0.000000 | r_s=0.005347 | status=running
[UL Convergence] | phase=optimize | user=1 | block=2 | n_kl=60 | epoch=27/1000 | objective=-16.638468 | rate=16.628506 | power=29.999935 | r_p=0.000000 | r_c=0.000000 | r_s=0.006217 | status=running
[UL Convergence] | phase=optimize | user=1 | block=2 | n_kl=60 | epoch=28/1000 | objective=-16.639412 | rate=16.629450 | power=29.999935 | r_p=0.000000 | r_c=0.000000 | r_s=0.007613 | status=running
[UL Convergence] | phase=optimize | user=1 | block=2 | n_kl=60 | epoch=29/1000 | objective=-16.639750 | rate=16.629786 | power=29.999939 | r_p=0.000000 | r_c=0.000000 | r_s=0.008076 | status=running
[UL Convergence] | phase=optimize | user=1 | block=2 | n_kl=60 | epoch=30/1000 | objective=-16.639376 | rate=16.629414 | power=29.999945 | r_p=0.000000 | r_c=0.000000 | r_s=0.007175 | status=running
[UL Convergence] | phase=optimize | user=1 | block=2 | n_kl=60 | epoch=31/1000 | objective=-16.638815 | rate=16.628853 | power=29.999939 | r_p=0.000000 | r_c=0.000000 | r_s=0.005329 | status=running
[UL Convergence] | phase=optimize | user=1 | block=2 | n_kl=60 | epoch=32/1000 | objective=-16.638596 | rate=16.628633 | power=29.999945 | r_p=0.000000 | r_c=0.000000 | r_s=0.003621 | status=running
[UL Convergence] | phase=optimize | user=1 | block=2 | n_kl=60 | epoch=33/1000 | objective=-16.638939 | rate=16.628977 | power=29.999939 | r_p=0.000000 | r_c=0.000000 | r_s=0.003686 | status=running
[UL Convergence] | phase=optimize | user=1 | block=2 | n_kl=60 | epoch=34/1000 | objective=-16.639557 | rate=16.629595 | power=29.999945 | r_p=0.000000 | r_c=0.000000 | r_s=0.005040 | status=running
[UL Convergence] | phase=optimize | user=1 | block=2 | n_kl=60 | epoch=35/1000 | objective=-16.639999 | rate=16.630035 | power=29.999939 | r_p=0.000000 | r_c=0.000000 | r_s=0.005886 | status=running
[UL Convergence] | phase=optimize | user=1 | block=2 | n_kl=60 | epoch=36/1000 | objective=-16.640015 | rate=16.630051 | power=29.999939 | r_p=0.000000 | r_c=0.000000 | r_s=0.005642 | status=running
[UL Convergence] | phase=optimize | user=1 | block=2 | n_kl=60 | epoch=37/1000 | objective=-16.639709 | rate=16.629745 | power=29.999935 | r_p=0.000000 | r_c=0.000000 | r_s=0.004592 | status=running
[UL Convergence] | phase=optimize | user=1 | block=2 | n_kl=60 | epoch=38/1000 | objective=-16.639418 | rate=16.629456 | power=29.999939 | r_p=0.000000 | r_c=0.000000 | r_s=0.003243 | status=running
[UL Convergence] | phase=optimize | user=1 | block=2 | n_kl=60 | epoch=39/1000 | objective=-16.639420 | rate=16.629457 | power=29.999939 | r_p=0.000000 | r_c=0.000000 | r_s=0.002339 | status=running
[UL Convergence] | phase=optimize | user=1 | block=2 | n_kl=60 | epoch=40/1000 | objective=-16.639734 | rate=16.629770 | power=29.999939 | r_p=0.000000 | r_c=0.000000 | r_s=0.002910 | status=running
[UL Convergence] | phase=optimize | user=1 | block=2 | n_kl=60 | epoch=41/1000 | objective=-16.640072 | rate=16.630108 | power=29.999939 | r_p=0.000000 | r_c=0.000000 | r_s=0.003928 | status=running
[UL Convergence] | phase=optimize | user=1 | block=2 | n_kl=60 | epoch=42/1000 | objective=-16.640203 | rate=16.630239 | power=29.999939 | r_p=0.000000 | r_c=0.000000 | r_s=0.004333 | status=running
[UL Convergence] | phase=optimize | user=1 | block=2 | n_kl=60 | epoch=43/1000 | objective=-16.640068 | rate=16.630104 | power=29.999939 | r_p=0.000000 | r_c=0.000000 | r_s=0.003924 | status=running
[UL Convergence] | phase=optimize | user=1 | block=2 | n_kl=60 | epoch=44/1000 | objective=-16.639843 | rate=16.629879 | power=29.999939 | r_p=0.000000 | r_c=0.000000 | r_s=0.002813 | status=running
[UL Convergence] | phase=optimize | user=1 | block=2 | n_kl=60 | epoch=45/1000 | objective=-16.639795 | rate=16.629831 | power=29.999945 | r_p=0.000000 | r_c=0.000000 | r_s=0.001569 | status=running
[UL Convergence] | phase=optimize | user=1 | block=2 | n_kl=60 | epoch=46/1000 | objective=-16.639944 | rate=16.629980 | power=29.999945 | r_p=0.000000 | r_c=0.000000 | r_s=0.001895 | status=running
[UL Convergence] | phase=optimize | user=1 | block=2 | n_kl=60 | epoch=47/1000 | objective=-16.640146 | rate=16.630182 | power=29.999939 | r_p=0.000000 | r_c=0.000000 | r_s=0.002918 | status=running
[UL Convergence] | phase=optimize | user=1 | block=2 | n_kl=60 | epoch=48/1000 | objective=-16.640240 | rate=16.630276 | power=29.999945 | r_p=0.000000 | r_c=0.000000 | r_s=0.003325 | status=running
[UL Convergence] | phase=optimize | user=1 | block=2 | n_kl=60 | epoch=49/1000 | objective=-16.640175 | rate=16.630211 | power=29.999945 | r_p=0.000000 | r_c=0.000000 | r_s=0.003003 | status=running
[UL Convergence] | phase=optimize | user=1 | block=2 | n_kl=60 | epoch=50/1000 | objective=-16.640070 | rate=16.630106 | power=29.999945 | r_p=0.000000 | r_c=0.000000 | r_s=0.002185 | status=running
[UL Convergence] | phase=optimize | user=1 | block=2 | n_kl=60 | epoch=51/1000 | objective=-16.640034 | rate=16.630070 | power=29.999939 | r_p=0.000000 | r_c=0.000000 | r_s=0.001425 | status=running
[UL Convergence] | phase=optimize | user=1 | block=2 | n_kl=60 | epoch=52/1000 | objective=-16.640091 | rate=16.630127 | power=29.999945 | r_p=0.000000 | r_c=0.000000 | r_s=0.001559 | status=running
[UL Convergence] | phase=optimize | user=1 | block=2 | n_kl=60 | epoch=53/1000 | objective=-16.640182 | rate=16.630219 | power=29.999939 | r_p=0.000000 | r_c=0.000000 | r_s=0.002076 | status=running
[UL Convergence] | phase=optimize | user=1 | block=2 | n_kl=60 | epoch=54/1000 | objective=-16.640244 | rate=16.630280 | power=29.999939 | r_p=0.000000 | r_c=0.000000 | r_s=0.002357 | status=running
[UL Convergence] | phase=optimize | user=1 | block=2 | n_kl=60 | epoch=55/1000 | objective=-16.640228 | rate=16.630264 | power=29.999945 | r_p=0.000000 | r_c=0.000000 | r_s=0.002281 | status=running
[UL Convergence] | phase=optimize | user=1 | block=2 | n_kl=60 | epoch=56/1000 | objective=-16.640177 | rate=16.630213 | power=29.999945 | r_p=0.000000 | r_c=0.000000 | r_s=0.001798 | status=running
[UL Convergence] | phase=optimize | user=1 | block=2 | n_kl=60 | epoch=57/1000 | objective=-16.640152 | rate=16.630188 | power=29.999939 | r_p=0.000000 | r_c=0.000000 | r_s=0.001192 | status=running
[UL Convergence] | phase=optimize | user=1 | block=2 | n_kl=60 | epoch=58/1000 | objective=-16.640177 | rate=16.630213 | power=29.999945 | r_p=0.000000 | r_c=0.000000 | r_s=0.001162 | status=running
[UL Convergence] | phase=optimize | user=1 | block=2 | n_kl=60 | epoch=59/1000 | objective=-16.640232 | rate=16.630268 | power=29.999945 | r_p=0.000000 | r_c=0.000000 | r_s=0.001534 | status=running
[UL Convergence] | phase=optimize | user=1 | block=2 | n_kl=60 | epoch=60/1000 | objective=-16.640255 | rate=16.630291 | power=29.999939 | r_p=0.000000 | r_c=0.000000 | r_s=0.001759 | status=running
[UL Convergence] | phase=optimize | user=1 | block=2 | n_kl=60 | epoch=61/1000 | objective=-16.640265 | rate=16.630301 | power=29.999939 | r_p=0.000000 | r_c=0.000000 | r_s=0.001674 | status=running
[UL Convergence] | phase=optimize | user=1 | block=2 | n_kl=60 | epoch=62/1000 | objective=-16.640228 | rate=16.630264 | power=29.999945 | r_p=0.000000 | r_c=0.000000 | r_s=0.001340 | status=running
[UL Convergence] | phase=optimize | user=1 | block=2 | n_kl=60 | epoch=63/1000 | objective=-16.640213 | rate=16.630249 | power=29.999939 | r_p=0.000000 | r_c=0.000000 | r_s=0.001032 | status=running
[UL Convergence] | phase=optimize | user=1 | block=2 | n_kl=60 | epoch=64/1000 | objective=-16.640224 | rate=16.630260 | power=29.999935 | r_p=0.000000 | r_c=0.000000 | r_s=9.706227e-04 | status=running
[UL Convergence] | phase=optimize | user=1 | block=2 | n_kl=60 | epoch=65/1000 | objective=-16.640251 | rate=16.630287 | power=29.999945 | r_p=0.000000 | r_c=0.000000 | r_s=0.001128 | status=running
[UL Convergence] | phase=optimize | user=1 | block=2 | n_kl=60 | epoch=66/1000 | objective=-16.640276 | rate=16.630312 | power=29.999945 | r_p=0.000000 | r_c=0.000000 | r_s=0.001298 | status=running
[UL Convergence] | phase=optimize | user=1 | block=2 | n_kl=60 | epoch=67/1000 | objective=-16.640265 | rate=16.630301 | power=29.999945 | r_p=0.000000 | r_c=0.000000 | r_s=0.001279 | status=running
[UL Convergence] | phase=optimize | user=1 | block=2 | n_kl=60 | epoch=68/1000 | objective=-16.640259 | rate=16.630295 | power=29.999945 | r_p=0.000000 | r_c=0.000000 | r_s=0.001058 | status=running
[UL Convergence] | phase=optimize | user=1 | block=2 | n_kl=60 | epoch=69/1000 | objective=-16.640251 | rate=16.630287 | power=29.999945 | r_p=0.000000 | r_c=0.000000 | r_s=7.629096e-04 | status=running
[UL Convergence] | phase=optimize | user=1 | block=2 | n_kl=60 | epoch=70/1000 | objective=-16.640251 | rate=16.630287 | power=29.999945 | r_p=0.000000 | r_c=0.000000 | r_s=6.550419e-04 | status=running
[UL Convergence] | phase=optimize | user=1 | block=2 | n_kl=60 | epoch=71/1000 | objective=-16.640272 | rate=16.630308 | power=29.999945 | r_p=0.000000 | r_c=0.000000 | r_s=8.584955e-04 | status=running
[UL Convergence] | phase=optimize | user=1 | block=2 | n_kl=60 | epoch=72/1000 | objective=-16.640276 | rate=16.630312 | power=29.999945 | r_p=0.000000 | r_c=0.000000 | r_s=0.001009 | status=running
[UL Convergence] | phase=optimize | user=1 | block=2 | n_kl=60 | epoch=73/1000 | objective=-16.640270 | rate=16.630306 | power=29.999939 | r_p=0.000000 | r_c=0.000000 | r_s=9.613736e-04 | status=running
[UL Convergence] | phase=optimize | user=1 | block=2 | n_kl=60 | epoch=74/1000 | objective=-16.640259 | rate=16.630295 | power=29.999945 | r_p=0.000000 | r_c=0.000000 | r_s=7.603216e-04 | status=running
[UL Convergence] | phase=optimize | user=1 | block=2 | n_kl=60 | epoch=75/1000 | objective=-16.640259 | rate=16.630295 | power=29.999945 | r_p=0.000000 | r_c=0.000000 | r_s=5.060002e-04 | status=kkt_converged
[UL Convergence Result] | user=1 | block=2 | n_kl=60 | achieved_rate=16.630312 | power=29.999945 | rate_gap=-9.963646 | power_gap=-5.531311e-05 | solve_status=kkt_converged
[UL Convergence Allocation] | user=1 | block=2 | n_kl=60 | requested_bits=400 | served_bits=400 | full_service=true
[UL Convergence Block] | user=1 | block=2 | stage=post_T | served_bits=400 | unserved_bits=0
[UL Convergence Reduction] | user=1 | block=2 | served_bits=400 | n_start=59 | n_min=1
[UL Convergence Solve] | user=1 | block=2 | stage=reduced_n | n_kl=59 | served_bits=400
[UL Convergence] | phase=optimize | user=1 | block=2 | n_kl=59 | epoch=1/1000 | objective=-16.620171 | rate=16.610340 | power=29.999945 | r_p=0.000000 | r_c=0.000000 | r_s=inf | status=running
[UL Convergence] | phase=optimize | user=1 | block=2 | n_kl=59 | epoch=2/1000 | objective=-16.620167 | rate=16.610336 | power=29.999939 | r_p=0.000000 | r_c=0.000000 | r_s=9.625068e-04 | status=running
[UL Convergence] | phase=optimize | user=1 | block=2 | n_kl=59 | epoch=3/1000 | objective=-16.620153 | rate=16.610323 | power=29.999939 | r_p=0.000000 | r_c=0.000000 | r_s=7.615365e-04 | status=running
[UL Convergence] | phase=optimize | user=1 | block=2 | n_kl=59 | epoch=4/1000 | objective=-16.620150 | rate=16.610319 | power=29.999939 | r_p=0.000000 | r_c=0.000000 | r_s=5.063432e-04 | status=kkt_converged
[UL Convergence Candidate] | user=1 | block=2 | n_kl=59 | achieved_rate=16.610340 | rate_gap=-9.830679 | power_gap=-5.531311e-05 | status=accepted
[UL Convergence Solve] | user=1 | block=2 | stage=reduced_n | n_kl=50 | served_bits=400
[UL Convergence] | phase=optimize | user=1 | block=2 | n_kl=50 | epoch=1/1000 | objective=-16.412830 | rate=16.404427 | power=29.999945 | r_p=0.000000 | r_c=0.000000 | r_s=inf | status=running
[UL Convergence] | phase=optimize | user=1 | block=2 | n_kl=50 | epoch=2/1000 | objective=-16.412817 | rate=16.404413 | power=29.999939 | r_p=0.000000 | r_c=0.000000 | r_s=7.707403e-04 | status=running
[UL Convergence] | phase=optimize | user=1 | block=2 | n_kl=50 | epoch=3/1000 | objective=-16.412809 | rate=16.404406 | power=29.999939 | r_p=0.000000 | r_c=0.000000 | r_s=5.106064e-04 | status=kkt_converged
[UL Convergence Candidate] | user=1 | block=2 | n_kl=50 | achieved_rate=16.404427 | rate_gap=-8.404427 | power_gap=-5.531311e-05 | status=accepted
[UL Convergence Solve] | user=1 | block=2 | stage=reduced_n | n_kl=40 | served_bits=400
[UL Convergence] | phase=optimize | user=1 | block=2 | n_kl=40 | epoch=1/1000 | objective=-16.104507 | rate=16.098410 | power=29.999939 | r_p=0.000000 | r_c=0.000000 | r_s=inf | status=running
[UL Convergence] | phase=optimize | user=1 | block=2 | n_kl=40 | epoch=2/1000 | objective=-16.104500 | rate=16.098402 | power=29.999939 | r_p=0.000000 | r_c=0.000000 | r_s=7.836505e-04 | status=running
[UL Convergence] | phase=optimize | user=1 | block=2 | n_kl=40 | epoch=3/1000 | objective=-16.104490 | rate=16.098392 | power=29.999939 | r_p=0.000000 | r_c=0.000000 | r_s=5.196364e-04 | status=kkt_converged
[UL Convergence Candidate] | user=1 | block=2 | n_kl=40 | achieved_rate=16.098410 | rate_gap=-6.098410 | power_gap=-6.103516e-05 | status=accepted
[UL Convergence Solve] | user=1 | block=2 | stage=reduced_n | n_kl=30 | served_bits=400
[UL Convergence] | phase=optimize | user=1 | block=2 | n_kl=30 | epoch=1/1000 | objective=-15.652312 | rate=15.649996 | power=29.999945 | r_p=0.000000 | r_c=0.000000 | r_s=inf | status=running
[UL Convergence] | phase=optimize | user=1 | block=2 | n_kl=30 | epoch=2/1000 | objective=-15.652301 | rate=15.649984 | power=29.999939 | r_p=0.000000 | r_c=0.000000 | r_s=5.339524e-04 | status=kkt_converged
[UL Convergence Candidate] | user=1 | block=2 | n_kl=30 | achieved_rate=15.649996 | rate_gap=-2.316663 | power_gap=-5.531311e-05 | status=accepted
[UL Convergence Reduction] | user=1 | block=2 | n_kl=25 | status=stop_infeasible
[UL Convergence Final] | user=1 | block=2 | feasible_points=35 | chosen_n_kl=26 | served_bits=400 | achieved_rate=15.401744 | power=29.999945 | solve_status=kkt_converged
[UL Convergence Allocation] | user=1 | block=2 | chosen_n_kl=26 | served_bits=400 | unserved_bits=0 | mode=fixed_block_targets
[UL Convergence Train] | user=1 | block=3 | target_bits=400 | mode=fixed_block_targets
[UL Convergence Block] | user=1 | block=3 | budget_mode=target_bits | requested_bits=400
[UL Convergence Solve] | user=1 | block=3 | stage=n=T | n_kl=60 | requested_bits=400
[UL Convergence] | phase=optimize | user=1 | block=3 | n_kl=60 | epoch=1/1000 | objective=-17.090219 | rate=17.079807 | power=29.999935 | r_p=0.000000 | r_c=0.000000 | r_s=inf | status=running
[UL Convergence] | phase=optimize | user=1 | block=3 | n_kl=60 | epoch=2/1000 | objective=-17.053627 | rate=17.043251 | power=29.999945 | r_p=0.000000 | r_c=0.000000 | r_s=0.091849 | status=running
[UL Convergence] | phase=optimize | user=1 | block=3 | n_kl=60 | epoch=3/1000 | objective=-17.084801 | rate=17.074392 | power=29.999950 | r_p=0.000000 | r_c=0.000000 | r_s=0.055637 | status=running
[UL Convergence] | phase=optimize | user=1 | block=3 | n_kl=60 | epoch=4/1000 | objective=-17.087002 | rate=17.076591 | power=29.999945 | r_p=0.000000 | r_c=0.000000 | r_s=0.045291 | status=running
[UL Convergence] | phase=optimize | user=1 | block=3 | n_kl=60 | epoch=5/1000 | objective=-17.076710 | rate=17.066311 | power=29.999945 | r_p=0.000000 | r_c=0.000000 | r_s=0.030157 | status=running
[UL Convergence] | phase=optimize | user=1 | block=3 | n_kl=60 | epoch=6/1000 | objective=-17.078459 | rate=17.068058 | power=29.999939 | r_p=0.000000 | r_c=0.000000 | r_s=0.014503 | status=running
[UL Convergence] | phase=optimize | user=1 | block=3 | n_kl=60 | epoch=7/1000 | objective=-17.088022 | rate=17.077612 | power=29.999945 | r_p=0.000000 | r_c=0.000000 | r_s=0.019844 | status=running
[UL Convergence] | phase=optimize | user=1 | block=3 | n_kl=60 | epoch=8/1000 | objective=-17.092379 | rate=17.081963 | power=29.999945 | r_p=0.000000 | r_c=0.000000 | r_s=0.024044 | status=running
[UL Convergence] | phase=optimize | user=1 | block=3 | n_kl=60 | epoch=9/1000 | objective=-17.089035 | rate=17.078623 | power=29.999945 | r_p=0.000000 | r_c=0.000000 | r_s=0.021129 | status=running
[UL Convergence] | phase=optimize | user=1 | block=3 | n_kl=60 | epoch=10/1000 | objective=-17.085100 | rate=17.074692 | power=29.999945 | r_p=0.000000 | r_c=0.000000 | r_s=0.013080 | status=running
[UL Convergence] | phase=optimize | user=1 | block=3 | n_kl=60 | epoch=11/1000 | objective=-17.085907 | rate=17.075499 | power=29.999939 | r_p=0.000000 | r_c=0.000000 | r_s=0.008516 | status=running
[UL Convergence] | phase=optimize | user=1 | block=3 | n_kl=60 | epoch=12/1000 | objective=-17.089836 | rate=17.079424 | power=29.999939 | r_p=0.000000 | r_c=0.000000 | r_s=0.012043 | status=running
[UL Convergence] | phase=optimize | user=1 | block=3 | n_kl=60 | epoch=13/1000 | objective=-17.092783 | rate=17.082367 | power=29.999945 | r_p=0.000000 | r_c=0.000000 | r_s=0.015543 | status=running
[UL Convergence] | phase=optimize | user=1 | block=3 | n_kl=60 | epoch=14/1000 | objective=-17.092539 | rate=17.082123 | power=29.999939 | r_p=0.000000 | r_c=0.000000 | r_s=0.015701 | status=running
[UL Convergence] | phase=optimize | user=1 | block=3 | n_kl=60 | epoch=15/1000 | objective=-17.090378 | rate=17.079964 | power=29.999939 | r_p=0.000000 | r_c=0.000000 | r_s=0.012376 | status=running
[UL Convergence] | phase=optimize | user=1 | block=3 | n_kl=60 | epoch=16/1000 | objective=-17.089165 | rate=17.078753 | power=29.999939 | r_p=0.000000 | r_c=0.000000 | r_s=0.007292 | status=running
[UL Convergence] | phase=optimize | user=1 | block=3 | n_kl=60 | epoch=17/1000 | objective=-17.090223 | rate=17.079811 | power=29.999939 | r_p=0.000000 | r_c=0.000000 | r_s=0.005904 | status=running
[UL Convergence] | phase=optimize | user=1 | block=3 | n_kl=60 | epoch=18/1000 | objective=-17.092361 | rate=17.081945 | power=29.999939 | r_p=0.000000 | r_c=0.000000 | r_s=0.009192 | status=running
[UL Convergence] | phase=optimize | user=1 | block=3 | n_kl=60 | epoch=19/1000 | objective=-17.093592 | rate=17.083176 | power=29.999945 | r_p=0.000000 | r_c=0.000000 | r_s=0.011417 | status=running
[UL Convergence] | phase=optimize | user=1 | block=3 | n_kl=60 | epoch=20/1000 | objective=-17.093061 | rate=17.082645 | power=29.999945 | r_p=0.000000 | r_c=0.000000 | r_s=0.010970 | status=running
[UL Convergence] | phase=optimize | user=1 | block=3 | n_kl=60 | epoch=21/1000 | objective=-17.091730 | rate=17.081316 | power=29.999939 | r_p=0.000000 | r_c=0.000000 | r_s=0.007842 | status=running
[UL Convergence] | phase=optimize | user=1 | block=3 | n_kl=60 | epoch=22/1000 | objective=-17.091240 | rate=17.080826 | power=29.999939 | r_p=0.000000 | r_c=0.000000 | r_s=0.003634 | status=running
[UL Convergence] | phase=optimize | user=1 | block=3 | n_kl=60 | epoch=23/1000 | objective=-17.092142 | rate=17.081728 | power=29.999939 | r_p=0.000000 | r_c=0.000000 | r_s=0.004376 | status=running
[UL Convergence] | phase=optimize | user=1 | block=3 | n_kl=60 | epoch=24/1000 | objective=-17.093431 | rate=17.083015 | power=29.999935 | r_p=0.000000 | r_c=0.000000 | r_s=0.007657 | status=running
[UL Convergence] | phase=optimize | user=1 | block=3 | n_kl=60 | epoch=25/1000 | objective=-17.093872 | rate=17.083456 | power=29.999945 | r_p=0.000000 | r_c=0.000000 | r_s=0.008991 | status=running
[UL Convergence] | phase=optimize | user=1 | block=3 | n_kl=60 | epoch=26/1000 | objective=-17.093275 | rate=17.082859 | power=29.999945 | r_p=0.000000 | r_c=0.000000 | r_s=0.007862 | status=running
[UL Convergence] | phase=optimize | user=1 | block=3 | n_kl=60 | epoch=27/1000 | objective=-17.092546 | rate=17.082130 | power=29.999935 | r_p=0.000000 | r_c=0.000000 | r_s=0.004882 | status=running
[UL Convergence] | phase=optimize | user=1 | block=3 | n_kl=60 | epoch=28/1000 | objective=-17.092514 | rate=17.082098 | power=29.999945 | r_p=0.000000 | r_c=0.000000 | r_s=0.002168 | status=running
[UL Convergence] | phase=optimize | user=1 | block=3 | n_kl=60 | epoch=29/1000 | objective=-17.093195 | rate=17.082779 | power=29.999939 | r_p=0.000000 | r_c=0.000000 | r_s=0.004046 | status=running
[UL Convergence] | phase=optimize | user=1 | block=3 | n_kl=60 | epoch=30/1000 | objective=-17.093845 | rate=17.083429 | power=29.999939 | r_p=0.000000 | r_c=0.000000 | r_s=0.006241 | status=running
[UL Convergence] | phase=optimize | user=1 | block=3 | n_kl=60 | epoch=31/1000 | objective=-17.093870 | rate=17.083454 | power=29.999945 | r_p=0.000000 | r_c=0.000000 | r_s=0.006703 | status=running
[UL Convergence] | phase=optimize | user=1 | block=3 | n_kl=60 | epoch=32/1000 | objective=-17.093410 | rate=17.082994 | power=29.999935 | r_p=0.000000 | r_c=0.000000 | r_s=0.005260 | status=running
[UL Convergence] | phase=optimize | user=1 | block=3 | n_kl=60 | epoch=33/1000 | objective=-17.093079 | rate=17.082663 | power=29.999945 | r_p=0.000000 | r_c=0.000000 | r_s=0.002567 | status=running
[UL Convergence] | phase=optimize | user=1 | block=3 | n_kl=60 | epoch=34/1000 | objective=-17.093273 | rate=17.082857 | power=29.999945 | r_p=0.000000 | r_c=0.000000 | r_s=0.001735 | status=running
[UL Convergence] | phase=optimize | user=1 | block=3 | n_kl=60 | epoch=35/1000 | objective=-17.093737 | rate=17.083321 | power=29.999945 | r_p=0.000000 | r_c=0.000000 | r_s=0.004048 | status=running
[UL Convergence] | phase=optimize | user=1 | block=3 | n_kl=60 | epoch=36/1000 | objective=-17.093977 | rate=17.083561 | power=29.999945 | r_p=0.000000 | r_c=0.000000 | r_s=0.005278 | status=running
[UL Convergence] | phase=optimize | user=1 | block=3 | n_kl=60 | epoch=37/1000 | objective=-17.093803 | rate=17.083387 | power=29.999945 | r_p=0.000000 | r_c=0.000000 | r_s=0.004845 | status=running
[UL Convergence] | phase=optimize | user=1 | block=3 | n_kl=60 | epoch=38/1000 | objective=-17.093521 | rate=17.083105 | power=29.999939 | r_p=0.000000 | r_c=0.000000 | r_s=0.003034 | status=running
[UL Convergence] | phase=optimize | user=1 | block=3 | n_kl=60 | epoch=39/1000 | objective=-17.093498 | rate=17.083082 | power=29.999945 | r_p=0.000000 | r_c=0.000000 | r_s=0.001166 | status=running
[UL Convergence] | phase=optimize | user=1 | block=3 | n_kl=60 | epoch=40/1000 | objective=-17.093729 | rate=17.083313 | power=29.999945 | r_p=0.000000 | r_c=0.000000 | r_s=0.002467 | status=running
[UL Convergence] | phase=optimize | user=1 | block=3 | n_kl=60 | epoch=41/1000 | objective=-17.093950 | rate=17.083534 | power=29.999945 | r_p=0.000000 | r_c=0.000000 | r_s=0.003783 | status=running
[UL Convergence] | phase=optimize | user=1 | block=3 | n_kl=60 | epoch=42/1000 | objective=-17.093939 | rate=17.083523 | power=29.999939 | r_p=0.000000 | r_c=0.000000 | r_s=0.003936 | status=running
[UL Convergence] | phase=optimize | user=1 | block=3 | n_kl=60 | epoch=43/1000 | objective=-17.093784 | rate=17.083368 | power=29.999945 | r_p=0.000000 | r_c=0.000000 | r_s=0.003000 | status=running
[UL Convergence] | phase=optimize | user=1 | block=3 | n_kl=60 | epoch=44/1000 | objective=-17.093702 | rate=17.083286 | power=29.999939 | r_p=0.000000 | r_c=0.000000 | r_s=0.001495 | status=running
[UL Convergence] | phase=optimize | user=1 | block=3 | n_kl=60 | epoch=45/1000 | objective=-17.093788 | rate=17.083372 | power=29.999939 | r_p=0.000000 | r_c=0.000000 | r_s=0.001408 | status=running
[UL Convergence] | phase=optimize | user=1 | block=3 | n_kl=60 | epoch=46/1000 | objective=-17.093935 | rate=17.083519 | power=29.999939 | r_p=0.000000 | r_c=0.000000 | r_s=0.002666 | status=running
[UL Convergence] | phase=optimize | user=1 | block=3 | n_kl=60 | epoch=47/1000 | objective=-17.093967 | rate=17.083551 | power=29.999939 | r_p=0.000000 | r_c=0.000000 | r_s=0.003188 | status=running
[UL Convergence] | phase=optimize | user=1 | block=3 | n_kl=60 | epoch=48/1000 | objective=-17.093885 | rate=17.083469 | power=29.999939 | r_p=0.000000 | r_c=0.000000 | r_s=0.002671 | status=running
[UL Convergence] | phase=optimize | user=1 | block=3 | n_kl=60 | epoch=49/1000 | objective=-17.093822 | rate=17.083406 | power=29.999939 | r_p=0.000000 | r_c=0.000000 | r_s=0.001516 | status=running
[UL Convergence] | phase=optimize | user=1 | block=3 | n_kl=60 | epoch=50/1000 | objective=-17.093842 | rate=17.083426 | power=29.999945 | r_p=0.000000 | r_c=0.000000 | r_s=0.001081 | status=running
[UL Convergence] | phase=optimize | user=1 | block=3 | n_kl=60 | epoch=51/1000 | objective=-17.093935 | rate=17.083519 | power=29.999945 | r_p=0.000000 | r_c=0.000000 | r_s=0.001879 | status=running
[UL Convergence] | phase=optimize | user=1 | block=3 | n_kl=60 | epoch=52/1000 | objective=-17.093979 | rate=17.083563 | power=29.999945 | r_p=0.000000 | r_c=0.000000 | r_s=0.002396 | status=running
[UL Convergence] | phase=optimize | user=1 | block=3 | n_kl=60 | epoch=53/1000 | objective=-17.093948 | rate=17.083532 | power=29.999945 | r_p=0.000000 | r_c=0.000000 | r_s=0.002242 | status=running
[UL Convergence] | phase=optimize | user=1 | block=3 | n_kl=60 | epoch=54/1000 | objective=-17.093887 | rate=17.083471 | power=29.999945 | r_p=0.000000 | r_c=0.000000 | r_s=0.001426 | status=running
[UL Convergence] | phase=optimize | user=1 | block=3 | n_kl=60 | epoch=55/1000 | objective=-17.093910 | rate=17.083494 | power=29.999939 | r_p=0.000000 | r_c=0.000000 | r_s=6.558070e-04 | status=running
[UL Convergence] | phase=optimize | user=1 | block=3 | n_kl=60 | epoch=56/1000 | objective=-17.093952 | rate=17.083536 | power=29.999939 | r_p=0.000000 | r_c=0.000000 | r_s=0.001381 | status=running
[UL Convergence] | phase=optimize | user=1 | block=3 | n_kl=60 | epoch=57/1000 | objective=-17.093992 | rate=17.083576 | power=29.999939 | r_p=0.000000 | r_c=0.000000 | r_s=0.001933 | status=running
[UL Convergence] | phase=optimize | user=1 | block=3 | n_kl=60 | epoch=58/1000 | objective=-17.093966 | rate=17.083549 | power=29.999939 | r_p=0.000000 | r_c=0.000000 | r_s=0.001807 | status=running
[UL Convergence] | phase=optimize | user=1 | block=3 | n_kl=60 | epoch=59/1000 | objective=-17.093943 | rate=17.083527 | power=29.999939 | r_p=0.000000 | r_c=0.000000 | r_s=0.001164 | status=running
[UL Convergence] | phase=optimize | user=1 | block=3 | n_kl=60 | epoch=60/1000 | objective=-17.093933 | rate=17.083517 | power=29.999939 | r_p=0.000000 | r_c=0.000000 | r_s=5.752614e-04 | status=kkt_converged
[UL Convergence Result] | user=1 | block=3 | n_kl=60 | achieved_rate=17.083576 | power=29.999939 | rate_gap=-10.416910 | power_gap=-6.103516e-05 | solve_status=kkt_converged
[UL Convergence Allocation] | user=1 | block=3 | n_kl=60 | requested_bits=400 | served_bits=400 | full_service=true
[UL Convergence Block] | user=1 | block=3 | stage=post_T | served_bits=400 | unserved_bits=0
[UL Convergence Reduction] | user=1 | block=3 | served_bits=400 | n_start=59 | n_min=1
[UL Convergence Solve] | user=1 | block=3 | stage=reduced_n | n_kl=59 | served_bits=400
[UL Convergence] | phase=optimize | user=1 | block=3 | n_kl=59 | epoch=1/1000 | objective=-17.073875 | rate=17.063591 | power=29.999939 | r_p=0.000000 | r_c=0.000000 | r_s=inf | status=running
[UL Convergence] | phase=optimize | user=1 | block=3 | n_kl=59 | epoch=2/1000 | objective=-17.073858 | rate=17.063574 | power=29.999939 | r_p=0.000000 | r_c=0.000000 | r_s=0.001807 | status=running
[UL Convergence] | phase=optimize | user=1 | block=3 | n_kl=59 | epoch=3/1000 | objective=-17.073818 | rate=17.063534 | power=29.999939 | r_p=0.000000 | r_c=0.000000 | r_s=0.001163 | status=running
[UL Convergence] | phase=optimize | user=1 | block=3 | n_kl=59 | epoch=4/1000 | objective=-17.073820 | rate=17.063536 | power=29.999945 | r_p=0.000000 | r_c=0.000000 | r_s=5.748972e-04 | status=kkt_converged
[UL Convergence Candidate] | user=1 | block=3 | n_kl=59 | achieved_rate=17.063591 | rate_gap=-10.283930 | power_gap=-6.103516e-05 | status=accepted
[UL Convergence Solve] | user=1 | block=3 | stage=reduced_n | n_kl=50 | served_bits=400
[UL Convergence] | phase=optimize | user=1 | block=3 | n_kl=50 | epoch=1/1000 | objective=-16.866480 | rate=16.857622 | power=29.999945 | r_p=0.000000 | r_c=0.000000 | r_s=inf | status=running
[UL Convergence] | phase=optimize | user=1 | block=3 | n_kl=50 | epoch=2/1000 | objective=-16.866446 | rate=16.857588 | power=29.999945 | r_p=0.000000 | r_c=0.000000 | r_s=0.001802 | status=running
[UL Convergence] | phase=optimize | user=1 | block=3 | n_kl=50 | epoch=3/1000 | objective=-16.866421 | rate=16.857563 | power=29.999939 | r_p=0.000000 | r_c=0.000000 | r_s=0.001155 | status=running
[UL Convergence] | phase=optimize | user=1 | block=3 | n_kl=50 | epoch=4/1000 | objective=-16.866425 | rate=16.857567 | power=29.999939 | r_p=0.000000 | r_c=0.000000 | r_s=5.720548e-04 | status=kkt_converged
[UL Convergence Candidate] | user=1 | block=3 | n_kl=50 | achieved_rate=16.857622 | rate_gap=-8.857622 | power_gap=-5.531311e-05 | status=accepted
[UL Convergence Solve] | user=1 | block=3 | stage=reduced_n | n_kl=40 | served_bits=400
[UL Convergence] | phase=optimize | user=1 | block=3 | n_kl=40 | epoch=1/1000 | objective=-16.558067 | rate=16.551516 | power=29.999939 | r_p=0.000000 | r_c=0.000000 | r_s=inf | status=running
[UL Convergence] | phase=optimize | user=1 | block=3 | n_kl=40 | epoch=2/1000 | objective=-16.558043 | rate=16.551491 | power=29.999939 | r_p=0.000000 | r_c=0.000000 | r_s=0.001796 | status=running
[UL Convergence] | phase=optimize | user=1 | block=3 | n_kl=40 | epoch=3/1000 | objective=-16.558008 | rate=16.551456 | power=29.999939 | r_p=0.000000 | r_c=0.000000 | r_s=0.001144 | status=running
[UL Convergence] | phase=optimize | user=1 | block=3 | n_kl=40 | epoch=4/1000 | objective=-16.558010 | rate=16.551458 | power=29.999935 | r_p=0.000000 | r_c=0.000000 | r_s=5.675209e-04 | status=kkt_converged
[UL Convergence Candidate] | user=1 | block=3 | n_kl=40 | achieved_rate=16.551516 | rate_gap=-6.551516 | power_gap=-6.103516e-05 | status=accepted
[UL Convergence Solve] | user=1 | block=3 | stage=reduced_n | n_kl=30 | served_bits=400
[UL Convergence] | phase=optimize | user=1 | block=3 | n_kl=30 | epoch=1/1000 | objective=-16.105749 | rate=16.102980 | power=29.999935 | r_p=0.000000 | r_c=0.000000 | r_s=inf | status=running
[UL Convergence] | phase=optimize | user=1 | block=3 | n_kl=30 | epoch=2/1000 | objective=-16.105724 | rate=16.102955 | power=29.999939 | r_p=0.000000 | r_c=0.000000 | r_s=0.001790 | status=running
[UL Convergence] | phase=optimize | user=1 | block=3 | n_kl=30 | epoch=3/1000 | objective=-16.105680 | rate=16.102911 | power=29.999939 | r_p=0.000000 | r_c=0.000000 | r_s=0.001131 | status=running
[UL Convergence] | phase=optimize | user=1 | block=3 | n_kl=30 | epoch=4/1000 | objective=-16.105703 | rate=16.102934 | power=29.999945 | r_p=0.000000 | r_c=0.000000 | r_s=5.646168e-04 | status=kkt_converged
[UL Convergence Candidate] | user=1 | block=3 | n_kl=30 | achieved_rate=16.102980 | rate_gap=-2.769647 | power_gap=-6.484985e-05 | status=accepted
[UL Convergence Reduction] | user=1 | block=3 | n_kl=25 | status=stop_infeasible
[UL Convergence Final] | user=1 | block=3 | feasible_points=35 | chosen_n_kl=26 | served_bits=400 | achieved_rate=15.854639 | power=29.999939 | solve_status=kkt_converged
[UL Convergence Allocation] | user=1 | block=3 | chosen_n_kl=26 | served_bits=400 | unserved_bits=0 | mode=fixed_block_targets
[UL Convergence Train] | user=1 | block=4 | target_bits=400 | mode=fixed_block_targets
[UL Convergence Block] | user=1 | block=4 | budget_mode=target_bits | requested_bits=400
[UL Convergence Solve] | user=1 | block=4 | stage=n=T | n_kl=60 | requested_bits=400
[UL Convergence] | phase=optimize | user=1 | block=4 | n_kl=60 | epoch=1/1000 | objective=-16.393860 | rate=16.384142 | power=29.999935 | r_p=0.000000 | r_c=0.000000 | r_s=inf | status=running
[UL Convergence] | phase=optimize | user=1 | block=4 | n_kl=60 | epoch=2/1000 | objective=-16.366571 | rate=16.356882 | power=29.999945 | r_p=0.000000 | r_c=0.000000 | r_s=0.084584 | status=running
[UL Convergence] | phase=optimize | user=1 | block=4 | n_kl=60 | epoch=3/1000 | objective=-16.389425 | rate=16.379713 | power=29.999939 | r_p=0.000000 | r_c=0.000000 | r_s=0.044235 | status=running
[UL Convergence] | phase=optimize | user=1 | block=4 | n_kl=60 | epoch=4/1000 | objective=-16.393272 | rate=16.383556 | power=29.999939 | r_p=0.000000 | r_c=0.000000 | r_s=0.041906 | status=running
[UL Convergence] | phase=optimize | user=1 | block=4 | n_kl=60 | epoch=5/1000 | objective=-16.384651 | rate=16.374943 | power=29.999945 | r_p=0.000000 | r_c=0.000000 | r_s=0.027505 | status=running
[UL Convergence] | phase=optimize | user=1 | block=4 | n_kl=60 | epoch=6/1000 | objective=-16.384932 | rate=16.375223 | power=29.999939 | r_p=0.000000 | r_c=0.000000 | r_s=0.012788 | status=running
[UL Convergence] | phase=optimize | user=1 | block=4 | n_kl=60 | epoch=7/1000 | objective=-16.392492 | rate=16.382776 | power=29.999945 | r_p=0.000000 | r_c=0.000000 | r_s=0.017826 | status=running
[UL Convergence] | phase=optimize | user=1 | block=4 | n_kl=60 | epoch=8/1000 | objective=-16.397047 | rate=16.387327 | power=29.999939 | r_p=0.000000 | r_c=0.000000 | r_s=0.021743 | status=running
[UL Convergence] | phase=optimize | user=1 | block=4 | n_kl=60 | epoch=9/1000 | objective=-16.394781 | rate=16.385063 | power=29.999945 | r_p=0.000000 | r_c=0.000000 | r_s=0.020147 | status=running
[UL Convergence] | phase=optimize | user=1 | block=4 | n_kl=60 | epoch=10/1000 | objective=-16.390499 | rate=16.380785 | power=29.999939 | r_p=0.000000 | r_c=0.000000 | r_s=0.012103 | status=running
[UL Convergence] | phase=optimize | user=1 | block=4 | n_kl=60 | epoch=11/1000 | objective=-16.390623 | rate=16.380909 | power=29.999939 | r_p=0.000000 | r_c=0.000000 | r_s=0.003557 | status=running
[UL Convergence] | phase=optimize | user=1 | block=4 | n_kl=60 | epoch=12/1000 | objective=-16.394495 | rate=16.384777 | power=29.999939 | r_p=0.000000 | r_c=0.000000 | r_s=0.009532 | status=running
[UL Convergence] | phase=optimize | user=1 | block=4 | n_kl=60 | epoch=13/1000 | objective=-16.397505 | rate=16.387783 | power=29.999939 | r_p=0.000000 | r_c=0.000000 | r_s=0.013982 | status=running
[UL Convergence] | phase=optimize | user=1 | block=4 | n_kl=60 | epoch=14/1000 | objective=-16.397005 | rate=16.387285 | power=29.999945 | r_p=0.000000 | r_c=0.000000 | r_s=0.013932 | status=running
[UL Convergence] | phase=optimize | user=1 | block=4 | n_kl=60 | epoch=15/1000 | objective=-16.394579 | rate=16.384861 | power=29.999945 | r_p=0.000000 | r_c=0.000000 | r_s=0.009797 | status=running
[UL Convergence] | phase=optimize | user=1 | block=4 | n_kl=60 | epoch=16/1000 | objective=-16.393501 | rate=16.383783 | power=29.999939 | r_p=0.000000 | r_c=0.000000 | r_s=0.003609 | status=running
[UL Convergence] | phase=optimize | user=1 | block=4 | n_kl=60 | epoch=17/1000 | objective=-16.394844 | rate=16.385126 | power=29.999945 | r_p=0.000000 | r_c=0.000000 | r_s=0.004453 | status=running
[UL Convergence] | phase=optimize | user=1 | block=4 | n_kl=60 | epoch=18/1000 | objective=-16.396868 | rate=16.387148 | power=29.999939 | r_p=0.000000 | r_c=0.000000 | r_s=0.008688 | status=running
[UL Convergence] | phase=optimize | user=1 | block=4 | n_kl=60 | epoch=19/1000 | objective=-16.397644 | rate=16.387922 | power=29.999945 | r_p=0.000000 | r_c=0.000000 | r_s=0.010265 | status=running
[UL Convergence] | phase=optimize | user=1 | block=4 | n_kl=60 | epoch=20/1000 | objective=-16.396891 | rate=16.387171 | power=29.999945 | r_p=0.000000 | r_c=0.000000 | r_s=0.009200 | status=running
[UL Convergence] | phase=optimize | user=1 | block=4 | n_kl=60 | epoch=21/1000 | objective=-16.395807 | rate=16.386087 | power=29.999939 | r_p=0.000000 | r_c=0.000000 | r_s=0.006347 | status=running
[UL Convergence] | phase=optimize | user=1 | block=4 | n_kl=60 | epoch=22/1000 | objective=-16.395582 | rate=16.385862 | power=29.999945 | r_p=0.000000 | r_c=0.000000 | r_s=0.003322 | status=running
[UL Convergence] | phase=optimize | user=1 | block=4 | n_kl=60 | epoch=23/1000 | objective=-16.396427 | rate=16.386707 | power=29.999939 | r_p=0.000000 | r_c=0.000000 | r_s=0.004138 | status=running
[UL Convergence] | phase=optimize | user=1 | block=4 | n_kl=60 | epoch=24/1000 | objective=-16.397451 | rate=16.387730 | power=29.999945 | r_p=0.000000 | r_c=0.000000 | r_s=0.006770 | status=running
[UL Convergence] | phase=optimize | user=1 | block=4 | n_kl=60 | epoch=25/1000 | objective=-16.397711 | rate=16.387989 | power=29.999939 | r_p=0.000000 | r_c=0.000000 | r_s=0.007829 | status=running
[UL Convergence] | phase=optimize | user=1 | block=4 | n_kl=60 | epoch=26/1000 | objective=-16.397114 | rate=16.387394 | power=29.999939 | r_p=0.000000 | r_c=0.000000 | r_s=0.006660 | status=running
[UL Convergence] | phase=optimize | user=1 | block=4 | n_kl=60 | epoch=27/1000 | objective=-16.396515 | rate=16.386795 | power=29.999945 | r_p=0.000000 | r_c=0.000000 | r_s=0.003659 | status=running
[UL Convergence] | phase=optimize | user=1 | block=4 | n_kl=60 | epoch=28/1000 | objective=-16.396631 | rate=16.386911 | power=29.999939 | r_p=0.000000 | r_c=0.000000 | r_s=0.001246 | status=running
[UL Convergence] | phase=optimize | user=1 | block=4 | n_kl=60 | epoch=29/1000 | objective=-16.397295 | rate=16.387573 | power=29.999935 | r_p=0.000000 | r_c=0.000000 | r_s=0.004163 | status=running
[UL Convergence] | phase=optimize | user=1 | block=4 | n_kl=60 | epoch=30/1000 | objective=-16.397753 | rate=16.388031 | power=29.999945 | r_p=0.000000 | r_c=0.000000 | r_s=0.005978 | status=running
[UL Convergence] | phase=optimize | user=1 | block=4 | n_kl=60 | epoch=31/1000 | objective=-16.397619 | rate=16.387897 | power=29.999939 | r_p=0.000000 | r_c=0.000000 | r_s=0.005805 | status=running
[UL Convergence] | phase=optimize | user=1 | block=4 | n_kl=60 | epoch=32/1000 | objective=-16.397221 | rate=16.387499 | power=29.999945 | r_p=0.000000 | r_c=0.000000 | r_s=0.004077 | status=running
[UL Convergence] | phase=optimize | user=1 | block=4 | n_kl=60 | epoch=33/1000 | objective=-16.397060 | rate=16.387341 | power=29.999939 | r_p=0.000000 | r_c=0.000000 | r_s=0.001869 | status=running
[UL Convergence] | phase=optimize | user=1 | block=4 | n_kl=60 | epoch=34/1000 | objective=-16.397314 | rate=16.387592 | power=29.999939 | r_p=0.000000 | r_c=0.000000 | r_s=0.002244 | status=running
[UL Convergence] | phase=optimize | user=1 | block=4 | n_kl=60 | epoch=35/1000 | objective=-16.397661 | rate=16.387939 | power=29.999939 | r_p=0.000000 | r_c=0.000000 | r_s=0.003931 | status=running
[UL Convergence] | phase=optimize | user=1 | block=4 | n_kl=60 | epoch=36/1000 | objective=-16.397751 | rate=16.388029 | power=29.999939 | r_p=0.000000 | r_c=0.000000 | r_s=0.004529 | status=running
[UL Convergence] | phase=optimize | user=1 | block=4 | n_kl=60 | epoch=37/1000 | objective=-16.397579 | rate=16.387857 | power=29.999945 | r_p=0.000000 | r_c=0.000000 | r_s=0.003902 | status=running
[UL Convergence] | phase=optimize | user=1 | block=4 | n_kl=60 | epoch=38/1000 | objective=-16.397385 | rate=16.387663 | power=29.999939 | r_p=0.000000 | r_c=0.000000 | r_s=0.002426 | status=running
[UL Convergence] | phase=optimize | user=1 | block=4 | n_kl=60 | epoch=39/1000 | objective=-16.397411 | rate=16.387690 | power=29.999939 | r_p=0.000000 | r_c=0.000000 | r_s=0.001158 | status=running
[UL Convergence] | phase=optimize | user=1 | block=4 | n_kl=60 | epoch=40/1000 | objective=-16.397636 | rate=16.387915 | power=29.999939 | r_p=0.000000 | r_c=0.000000 | r_s=0.002431 | status=running
[UL Convergence] | phase=optimize | user=1 | block=4 | n_kl=60 | epoch=41/1000 | objective=-16.397778 | rate=16.388056 | power=29.999939 | r_p=0.000000 | r_c=0.000000 | r_s=0.003569 | status=running
[UL Convergence] | phase=optimize | user=1 | block=4 | n_kl=60 | epoch=42/1000 | objective=-16.397711 | rate=16.387989 | power=29.999939 | r_p=0.000000 | r_c=0.000000 | r_s=0.003475 | status=running
[UL Convergence] | phase=optimize | user=1 | block=4 | n_kl=60 | epoch=43/1000 | objective=-16.397573 | rate=16.387852 | power=29.999935 | r_p=0.000000 | r_c=0.000000 | r_s=0.002275 | status=running
[UL Convergence] | phase=optimize | user=1 | block=4 | n_kl=60 | epoch=44/1000 | objective=-16.397556 | rate=16.387835 | power=29.999939 | r_p=0.000000 | r_c=0.000000 | r_s=8.413295e-04 | status=running
[UL Convergence] | phase=optimize | user=1 | block=4 | n_kl=60 | epoch=45/1000 | objective=-16.397671 | rate=16.387949 | power=29.999945 | r_p=0.000000 | r_c=0.000000 | r_s=0.001693 | status=running
[UL Convergence] | phase=optimize | user=1 | block=4 | n_kl=60 | epoch=46/1000 | objective=-16.397779 | rate=16.388058 | power=29.999935 | r_p=0.000000 | r_c=0.000000 | r_s=0.002689 | status=running
[UL Convergence] | phase=optimize | user=1 | block=4 | n_kl=60 | epoch=47/1000 | objective=-16.397751 | rate=16.388029 | power=29.999939 | r_p=0.000000 | r_c=0.000000 | r_s=0.002752 | status=running
[UL Convergence] | phase=optimize | user=1 | block=4 | n_kl=60 | epoch=48/1000 | objective=-16.397680 | rate=16.387959 | power=29.999935 | r_p=0.000000 | r_c=0.000000 | r_s=0.002002 | status=running
[UL Convergence] | phase=optimize | user=1 | block=4 | n_kl=60 | epoch=49/1000 | objective=-16.397652 | rate=16.387930 | power=29.999945 | r_p=0.000000 | r_c=0.000000 | r_s=9.919878e-04 | status=running
[UL Convergence] | phase=optimize | user=1 | block=4 | n_kl=60 | epoch=50/1000 | objective=-16.397705 | rate=16.387983 | power=29.999935 | r_p=0.000000 | r_c=0.000000 | r_s=0.001175 | status=running
[UL Convergence] | phase=optimize | user=1 | block=4 | n_kl=60 | epoch=51/1000 | objective=-16.397770 | rate=16.388048 | power=29.999935 | r_p=0.000000 | r_c=0.000000 | r_s=0.002022 | status=running
[UL Convergence] | phase=optimize | user=1 | block=4 | n_kl=60 | epoch=52/1000 | objective=-16.397781 | rate=16.388060 | power=29.999939 | r_p=0.000000 | r_c=0.000000 | r_s=0.002286 | status=running
[UL Convergence] | phase=optimize | user=1 | block=4 | n_kl=60 | epoch=53/1000 | objective=-16.397726 | rate=16.388004 | power=29.999939 | r_p=0.000000 | r_c=0.000000 | r_s=0.001787 | status=running
[UL Convergence] | phase=optimize | user=1 | block=4 | n_kl=60 | epoch=54/1000 | objective=-16.397711 | rate=16.387989 | power=29.999945 | r_p=0.000000 | r_c=0.000000 | r_s=7.891019e-04 | status=running
[UL Convergence] | phase=optimize | user=1 | block=4 | n_kl=60 | epoch=55/1000 | objective=-16.397738 | rate=16.388016 | power=29.999939 | r_p=0.000000 | r_c=0.000000 | r_s=8.550918e-04 | status=running
[UL Convergence] | phase=optimize | user=1 | block=4 | n_kl=60 | epoch=56/1000 | objective=-16.397791 | rate=16.388069 | power=29.999939 | r_p=0.000000 | r_c=0.000000 | r_s=0.001682 | status=running
[UL Convergence] | phase=optimize | user=1 | block=4 | n_kl=60 | epoch=57/1000 | objective=-16.397787 | rate=16.388065 | power=29.999945 | r_p=0.000000 | r_c=0.000000 | r_s=0.001835 | status=running
[UL Convergence] | phase=optimize | user=1 | block=4 | n_kl=60 | epoch=58/1000 | objective=-16.397753 | rate=16.388031 | power=29.999939 | r_p=0.000000 | r_c=0.000000 | r_s=0.001301 | status=running
[UL Convergence] | phase=optimize | user=1 | block=4 | n_kl=60 | epoch=59/1000 | objective=-16.397738 | rate=16.388016 | power=29.999945 | r_p=0.000000 | r_c=0.000000 | r_s=5.326156e-04 | status=kkt_converged
[UL Convergence Result] | user=1 | block=4 | n_kl=60 | achieved_rate=16.388069 | power=29.999939 | rate_gap=-9.721403 | power_gap=-6.103516e-05 | solve_status=kkt_converged
[UL Convergence Allocation] | user=1 | block=4 | n_kl=60 | requested_bits=400 | served_bits=400 | full_service=true
[UL Convergence Block] | user=1 | block=4 | stage=post_T | served_bits=400 | unserved_bits=0
[UL Convergence Reduction] | user=1 | block=4 | served_bits=400 | n_start=59 | n_min=1
[UL Convergence Solve] | user=1 | block=4 | stage=reduced_n | n_kl=59 | served_bits=400
[UL Convergence] | phase=optimize | user=1 | block=4 | n_kl=59 | epoch=1/1000 | objective=-16.377680 | rate=16.368092 | power=29.999939 | r_p=0.000000 | r_c=0.000000 | r_s=inf | status=running
[UL Convergence] | phase=optimize | user=1 | block=4 | n_kl=59 | epoch=2/1000 | objective=-16.377682 | rate=16.368093 | power=29.999935 | r_p=0.000000 | r_c=0.000000 | r_s=0.001833 | status=running
[UL Convergence] | phase=optimize | user=1 | block=4 | n_kl=59 | epoch=3/1000 | objective=-16.377644 | rate=16.368055 | power=29.999935 | r_p=0.000000 | r_c=0.000000 | r_s=0.001299 | status=running
[UL Convergence] | phase=optimize | user=1 | block=4 | n_kl=59 | epoch=4/1000 | objective=-16.377640 | rate=16.368052 | power=29.999935 | r_p=0.000000 | r_c=0.000000 | r_s=5.319434e-04 | status=kkt_converged
[UL Convergence Candidate] | user=1 | block=4 | n_kl=59 | achieved_rate=16.368093 | rate_gap=-9.588432 | power_gap=-6.484985e-05 | status=accepted
[UL Convergence Solve] | user=1 | block=4 | stage=reduced_n | n_kl=50 | served_bits=400
[UL Convergence] | phase=optimize | user=1 | block=4 | n_kl=50 | epoch=1/1000 | objective=-16.170345 | rate=16.162184 | power=29.999945 | r_p=0.000000 | r_c=0.000000 | r_s=inf | status=running
[UL Convergence] | phase=optimize | user=1 | block=4 | n_kl=50 | epoch=2/1000 | objective=-16.170313 | rate=16.162151 | power=29.999935 | r_p=0.000000 | r_c=0.000000 | r_s=0.001290 | status=running
[UL Convergence] | phase=optimize | user=1 | block=4 | n_kl=50 | epoch=3/1000 | objective=-16.170305 | rate=16.162144 | power=29.999945 | r_p=0.000000 | r_c=0.000000 | r_s=5.320948e-04 | status=kkt_converged
[UL Convergence Candidate] | user=1 | block=4 | n_kl=50 | achieved_rate=16.162184 | rate_gap=-8.162184 | power_gap=-5.531311e-05 | status=accepted
[UL Convergence Solve] | user=1 | block=4 | stage=reduced_n | n_kl=40 | served_bits=400
[UL Convergence] | phase=optimize | user=1 | block=4 | n_kl=40 | epoch=1/1000 | objective=-15.862040 | rate=15.856183 | power=29.999939 | r_p=0.000000 | r_c=0.000000 | r_s=inf | status=running
[UL Convergence] | phase=optimize | user=1 | block=4 | n_kl=40 | epoch=2/1000 | objective=-15.862020 | rate=15.856163 | power=29.999939 | r_p=0.000000 | r_c=0.000000 | r_s=0.001278 | status=running
[UL Convergence] | phase=optimize | user=1 | block=4 | n_kl=40 | epoch=3/1000 | objective=-15.862002 | rate=15.856146 | power=29.999945 | r_p=0.000000 | r_c=0.000000 | r_s=5.358197e-04 | status=kkt_converged
[UL Convergence Candidate] | user=1 | block=4 | n_kl=40 | achieved_rate=15.856183 | rate_gap=-5.856183 | power_gap=-6.103516e-05 | status=accepted
[UL Convergence Solve] | user=1 | block=4 | stage=reduced_n | n_kl=30 | served_bits=400
[UL Convergence] | phase=optimize | user=1 | block=4 | n_kl=30 | epoch=1/1000 | objective=-15.409865 | rate=15.407791 | power=29.999945 | r_p=0.000000 | r_c=0.000000 | r_s=inf | status=running
[UL Convergence] | phase=optimize | user=1 | block=4 | n_kl=30 | epoch=2/1000 | objective=-15.409841 | rate=15.407766 | power=29.999945 | r_p=0.000000 | r_c=0.000000 | r_s=0.001261 | status=running
[UL Convergence] | phase=optimize | user=1 | block=4 | n_kl=30 | epoch=3/1000 | objective=-15.409837 | rate=15.407763 | power=29.999939 | r_p=0.000000 | r_c=0.000000 | r_s=5.503012e-04 | status=kkt_converged
[UL Convergence Candidate] | user=1 | block=4 | n_kl=30 | achieved_rate=15.407791 | rate_gap=-2.074458 | power_gap=-5.531311e-05 | status=accepted
[UL Convergence Reduction] | user=1 | block=4 | n_kl=26 | status=stop_infeasible
[UL Convergence Final] | user=1 | block=4 | feasible_points=34 | chosen_n_kl=27 | served_bits=400 | achieved_rate=15.226762 | power=29.999939 | solve_status=kkt_converged
[UL Convergence Allocation] | user=1 | block=4 | chosen_n_kl=27 | served_bits=400 | unserved_bits=0 | mode=fixed_block_targets
[UL Convergence Train] | phase=start | user=2 | mode=fixed_block_targets
[UL Convergence Train] | user=2 | block=0 | target_bits=600 | mode=fixed_block_targets
[UL Convergence Block] | user=2 | block=0 | budget_mode=target_bits | requested_bits=600
[UL Convergence Solve] | user=2 | block=0 | stage=n=T | n_kl=80 | requested_bits=600
[UL Convergence] | phase=optimize | user=2 | block=0 | n_kl=80 | epoch=1/1000 | objective=-13.006046 | rate=13.000546 | power=29.999939 | r_p=0.000000 | r_c=0.000000 | r_s=inf | status=running
[UL Convergence] | phase=optimize | user=2 | block=0 | n_kl=80 | epoch=2/1000 | objective=-12.577084 | rate=12.572012 | power=29.999945 | r_p=0.000000 | r_c=0.000000 | r_s=1.031188 | status=running
[UL Convergence] | phase=optimize | user=2 | block=0 | n_kl=80 | epoch=3/1000 | objective=-15.654294 | rate=15.646148 | power=29.999945 | r_p=0.000000 | r_c=0.000000 | r_s=0.552238 | status=running
[UL Convergence] | phase=optimize | user=2 | block=0 | n_kl=80 | epoch=4/1000 | objective=-15.562635 | rate=15.554581 | power=29.999945 | r_p=0.000000 | r_c=0.000000 | r_s=0.342453 | status=running
[UL Convergence] | phase=optimize | user=2 | block=0 | n_kl=80 | epoch=5/1000 | objective=-15.948956 | rate=15.940516 | power=29.999939 | r_p=0.000000 | r_c=0.000000 | r_s=0.197215 | status=running
[UL Convergence] | phase=optimize | user=2 | block=0 | n_kl=80 | epoch=6/1000 | objective=-15.991931 | rate=15.983447 | power=29.999935 | r_p=0.000000 | r_c=0.000000 | r_s=0.133173 | status=running
[UL Convergence] | phase=optimize | user=2 | block=0 | n_kl=80 | epoch=7/1000 | objective=-16.016048 | rate=16.007542 | power=29.999939 | r_p=0.000000 | r_c=0.000000 | r_s=0.083412 | status=running
[UL Convergence] | phase=optimize | user=2 | block=0 | n_kl=80 | epoch=8/1000 | objective=-16.056469 | rate=16.047920 | power=29.999939 | r_p=0.000000 | r_c=0.000000 | r_s=0.069057 | status=running
[UL Convergence] | phase=optimize | user=2 | block=0 | n_kl=80 | epoch=9/1000 | objective=-16.086107 | rate=16.077530 | power=29.999945 | r_p=0.000000 | r_c=0.000000 | r_s=0.060201 | status=running
[UL Convergence] | phase=optimize | user=2 | block=0 | n_kl=80 | epoch=10/1000 | objective=-16.101038 | rate=16.092445 | power=29.999945 | r_p=0.000000 | r_c=0.000000 | r_s=0.048152 | status=running
[UL Convergence] | phase=optimize | user=2 | block=0 | n_kl=80 | epoch=11/1000 | objective=-16.109289 | rate=16.100689 | power=29.999950 | r_p=0.000000 | r_c=0.000000 | r_s=0.039297 | status=running
[UL Convergence] | phase=optimize | user=2 | block=0 | n_kl=80 | epoch=12/1000 | objective=-16.114376 | rate=16.105770 | power=29.999945 | r_p=0.000000 | r_c=0.000000 | r_s=0.034418 | status=running
[UL Convergence] | phase=optimize | user=2 | block=0 | n_kl=80 | epoch=13/1000 | objective=-16.116571 | rate=16.107964 | power=29.999945 | r_p=0.000000 | r_c=0.000000 | r_s=0.030301 | status=running
[UL Convergence] | phase=optimize | user=2 | block=0 | n_kl=80 | epoch=14/1000 | objective=-16.118105 | rate=16.109495 | power=29.999945 | r_p=0.000000 | r_c=0.000000 | r_s=0.025820 | status=running
[UL Convergence] | phase=optimize | user=2 | block=0 | n_kl=80 | epoch=15/1000 | objective=-16.121111 | rate=16.112499 | power=29.999939 | r_p=0.000000 | r_c=0.000000 | r_s=0.022202 | status=running
[UL Convergence] | phase=optimize | user=2 | block=0 | n_kl=80 | epoch=16/1000 | objective=-16.125740 | rate=16.117123 | power=29.999939 | r_p=0.000000 | r_c=0.000000 | r_s=0.019875 | status=running
[UL Convergence] | phase=optimize | user=2 | block=0 | n_kl=80 | epoch=17/1000 | objective=-16.130932 | rate=16.122309 | power=29.999945 | r_p=0.000000 | r_c=0.000000 | r_s=0.018297 | status=running
[UL Convergence] | phase=optimize | user=2 | block=0 | n_kl=80 | epoch=18/1000 | objective=-16.135637 | rate=16.127010 | power=29.999945 | r_p=0.000000 | r_c=0.000000 | r_s=0.016975 | status=running
[UL Convergence] | phase=optimize | user=2 | block=0 | n_kl=80 | epoch=19/1000 | objective=-16.139263 | rate=16.130632 | power=29.999945 | r_p=0.000000 | r_c=0.000000 | r_s=0.015707 | status=running
[UL Convergence] | phase=optimize | user=2 | block=0 | n_kl=80 | epoch=20/1000 | objective=-16.141628 | rate=16.132996 | power=29.999950 | r_p=0.000000 | r_c=0.000000 | r_s=0.014435 | status=running
[UL Convergence] | phase=optimize | user=2 | block=0 | n_kl=80 | epoch=21/1000 | objective=-16.142866 | rate=16.134232 | power=29.999945 | r_p=0.000000 | r_c=0.000000 | r_s=0.013162 | status=running
[UL Convergence] | phase=optimize | user=2 | block=0 | n_kl=80 | epoch=22/1000 | objective=-16.143290 | rate=16.134655 | power=29.999939 | r_p=0.000000 | r_c=0.000000 | r_s=0.011923 | status=running
[UL Convergence] | phase=optimize | user=2 | block=0 | n_kl=80 | epoch=23/1000 | objective=-16.143259 | rate=16.134624 | power=29.999945 | r_p=0.000000 | r_c=0.000000 | r_s=0.010747 | status=running
[UL Convergence] | phase=optimize | user=2 | block=0 | n_kl=80 | epoch=24/1000 | objective=-16.143118 | rate=16.134483 | power=29.999939 | r_p=0.000000 | r_c=0.000000 | r_s=0.009648 | status=running
[UL Convergence] | phase=optimize | user=2 | block=0 | n_kl=80 | epoch=25/1000 | objective=-16.143198 | rate=16.134563 | power=29.999935 | r_p=0.000000 | r_c=0.000000 | r_s=0.008668 | status=running
[UL Convergence] | phase=optimize | user=2 | block=0 | n_kl=80 | epoch=26/1000 | objective=-16.143684 | rate=16.135050 | power=29.999939 | r_p=0.000000 | r_c=0.000000 | r_s=0.007917 | status=running
[UL Convergence] | phase=optimize | user=2 | block=0 | n_kl=80 | epoch=27/1000 | objective=-16.144651 | rate=16.136015 | power=29.999945 | r_p=0.000000 | r_c=0.000000 | r_s=0.007512 | status=running
[UL Convergence] | phase=optimize | user=2 | block=0 | n_kl=80 | epoch=28/1000 | objective=-16.145931 | rate=16.137295 | power=29.999939 | r_p=0.000000 | r_c=0.000000 | r_s=0.007449 | status=running
[UL Convergence] | phase=optimize | user=2 | block=0 | n_kl=80 | epoch=29/1000 | objective=-16.147285 | rate=16.138647 | power=29.999939 | r_p=0.000000 | r_c=0.000000 | r_s=0.007551 | status=running
[UL Convergence] | phase=optimize | user=2 | block=0 | n_kl=80 | epoch=30/1000 | objective=-16.148411 | rate=16.139771 | power=29.999945 | r_p=0.000000 | r_c=0.000000 | r_s=0.007597 | status=running
[UL Convergence] | phase=optimize | user=2 | block=0 | n_kl=80 | epoch=31/1000 | objective=-16.149134 | rate=16.140493 | power=29.999945 | r_p=0.000000 | r_c=0.000000 | r_s=0.007445 | status=running
[UL Convergence] | phase=optimize | user=2 | block=0 | n_kl=80 | epoch=32/1000 | objective=-16.149410 | rate=16.140770 | power=29.999939 | r_p=0.000000 | r_c=0.000000 | r_s=0.007063 | status=running
[UL Convergence] | phase=optimize | user=2 | block=0 | n_kl=80 | epoch=33/1000 | objective=-16.149361 | rate=16.140720 | power=29.999935 | r_p=0.000000 | r_c=0.000000 | r_s=0.006492 | status=running
[UL Convergence] | phase=optimize | user=2 | block=0 | n_kl=80 | epoch=34/1000 | objective=-16.149153 | rate=16.140512 | power=29.999945 | r_p=0.000000 | r_c=0.000000 | r_s=0.005808 | status=running
[UL Convergence] | phase=optimize | user=2 | block=0 | n_kl=80 | epoch=35/1000 | objective=-16.148972 | rate=16.140331 | power=29.999945 | r_p=0.000000 | r_c=0.000000 | r_s=0.005109 | status=running
[UL Convergence] | phase=optimize | user=2 | block=0 | n_kl=80 | epoch=36/1000 | objective=-16.148952 | rate=16.140312 | power=29.999945 | r_p=0.000000 | r_c=0.000000 | r_s=0.004521 | status=running
[UL Convergence] | phase=optimize | user=2 | block=0 | n_kl=80 | epoch=37/1000 | objective=-16.149147 | rate=16.140507 | power=29.999939 | r_p=0.000000 | r_c=0.000000 | r_s=0.004166 | status=running
[UL Convergence] | phase=optimize | user=2 | block=0 | n_kl=80 | epoch=38/1000 | objective=-16.149544 | rate=16.140903 | power=29.999939 | r_p=0.000000 | r_c=0.000000 | r_s=0.004078 | status=running
[UL Convergence] | phase=optimize | user=2 | block=0 | n_kl=80 | epoch=39/1000 | objective=-16.150026 | rate=16.141384 | power=29.999939 | r_p=0.000000 | r_c=0.000000 | r_s=0.004161 | status=running
[UL Convergence] | phase=optimize | user=2 | block=0 | n_kl=80 | epoch=40/1000 | objective=-16.150507 | rate=16.141865 | power=29.999939 | r_p=0.000000 | r_c=0.000000 | r_s=0.004269 | status=running
[UL Convergence] | phase=optimize | user=2 | block=0 | n_kl=80 | epoch=41/1000 | objective=-16.150885 | rate=16.142242 | power=29.999945 | r_p=0.000000 | r_c=0.000000 | r_s=0.004305 | status=running
[UL Convergence] | phase=optimize | user=2 | block=0 | n_kl=80 | epoch=42/1000 | objective=-16.151119 | rate=16.142477 | power=29.999945 | r_p=0.000000 | r_c=0.000000 | r_s=0.004237 | status=running
[UL Convergence] | phase=optimize | user=2 | block=0 | n_kl=80 | epoch=43/1000 | objective=-16.151196 | rate=16.142553 | power=29.999939 | r_p=0.000000 | r_c=0.000000 | r_s=0.004059 | status=running
[UL Convergence] | phase=optimize | user=2 | block=0 | n_kl=80 | epoch=44/1000 | objective=-16.151144 | rate=16.142502 | power=29.999945 | r_p=0.000000 | r_c=0.000000 | r_s=0.003769 | status=running
[UL Convergence] | phase=optimize | user=2 | block=0 | n_kl=80 | epoch=45/1000 | objective=-16.151018 | rate=16.142376 | power=29.999945 | r_p=0.000000 | r_c=0.000000 | r_s=0.003369 | status=running
[UL Convergence] | phase=optimize | user=2 | block=0 | n_kl=80 | epoch=46/1000 | objective=-16.150911 | rate=16.142269 | power=29.999939 | r_p=0.000000 | r_c=0.000000 | r_s=0.002903 | status=running
[UL Convergence] | phase=optimize | user=2 | block=0 | n_kl=80 | epoch=47/1000 | objective=-16.150864 | rate=16.142221 | power=29.999939 | r_p=0.000000 | r_c=0.000000 | r_s=0.002475 | status=running
[UL Convergence] | phase=optimize | user=2 | block=0 | n_kl=80 | epoch=48/1000 | objective=-16.150934 | rate=16.142292 | power=29.999945 | r_p=0.000000 | r_c=0.000000 | r_s=0.002234 | status=running
[UL Convergence] | phase=optimize | user=2 | block=0 | n_kl=80 | epoch=49/1000 | objective=-16.151119 | rate=16.142477 | power=29.999945 | r_p=0.000000 | r_c=0.000000 | r_s=0.002254 | status=running
[UL Convergence] | phase=optimize | user=2 | block=0 | n_kl=80 | epoch=50/1000 | objective=-16.151342 | rate=16.142700 | power=29.999939 | r_p=0.000000 | r_c=0.000000 | r_s=0.002451 | status=running
[UL Convergence] | phase=optimize | user=2 | block=0 | n_kl=80 | epoch=51/1000 | objective=-16.151566 | rate=16.142923 | power=29.999939 | r_p=0.000000 | r_c=0.000000 | r_s=0.002672 | status=running
[UL Convergence] | phase=optimize | user=2 | block=0 | n_kl=80 | epoch=52/1000 | objective=-16.151714 | rate=16.143072 | power=29.999939 | r_p=0.000000 | r_c=0.000000 | r_s=0.002803 | status=running
[UL Convergence] | phase=optimize | user=2 | block=0 | n_kl=80 | epoch=53/1000 | objective=-16.151758 | rate=16.143116 | power=29.999939 | r_p=0.000000 | r_c=0.000000 | r_s=0.002774 | status=running
[UL Convergence] | phase=optimize | user=2 | block=0 | n_kl=80 | epoch=54/1000 | objective=-16.151695 | rate=16.143053 | power=29.999945 | r_p=0.000000 | r_c=0.000000 | r_s=0.002553 | status=running
[UL Convergence] | phase=optimize | user=2 | block=0 | n_kl=80 | epoch=55/1000 | objective=-16.151596 | rate=16.142954 | power=29.999939 | r_p=0.000000 | r_c=0.000000 | r_s=0.002151 | status=running
[UL Convergence] | phase=optimize | user=2 | block=0 | n_kl=80 | epoch=56/1000 | objective=-16.151512 | rate=16.142870 | power=29.999945 | r_p=0.000000 | r_c=0.000000 | r_s=0.001645 | status=running
[UL Convergence] | phase=optimize | user=2 | block=0 | n_kl=80 | epoch=57/1000 | objective=-16.151480 | rate=16.142838 | power=29.999939 | r_p=0.000000 | r_c=0.000000 | r_s=0.001211 | status=running
[UL Convergence] | phase=optimize | user=2 | block=0 | n_kl=80 | epoch=58/1000 | objective=-16.151527 | rate=16.142885 | power=29.999939 | r_p=0.000000 | r_c=0.000000 | r_s=0.001116 | status=running
[UL Convergence] | phase=optimize | user=2 | block=0 | n_kl=80 | epoch=59/1000 | objective=-16.151630 | rate=16.142988 | power=29.999939 | r_p=0.000000 | r_c=0.000000 | r_s=0.001368 | status=running
[UL Convergence] | phase=optimize | user=2 | block=0 | n_kl=80 | epoch=60/1000 | objective=-16.151754 | rate=16.143112 | power=29.999935 | r_p=0.000000 | r_c=0.000000 | r_s=0.001679 | status=running
[UL Convergence] | phase=optimize | user=2 | block=0 | n_kl=80 | epoch=61/1000 | objective=-16.151852 | rate=16.143208 | power=29.999935 | r_p=0.000000 | r_c=0.000000 | r_s=0.001879 | status=running
[UL Convergence] | phase=optimize | user=2 | block=0 | n_kl=80 | epoch=62/1000 | objective=-16.151882 | rate=16.143238 | power=29.999939 | r_p=0.000000 | r_c=0.000000 | r_s=0.001907 | status=running
[UL Convergence] | phase=optimize | user=2 | block=0 | n_kl=80 | epoch=63/1000 | objective=-16.151861 | rate=16.143217 | power=29.999945 | r_p=0.000000 | r_c=0.000000 | r_s=0.001755 | status=running
[UL Convergence] | phase=optimize | user=2 | block=0 | n_kl=80 | epoch=64/1000 | objective=-16.151823 | rate=16.143179 | power=29.999939 | r_p=0.000000 | r_c=0.000000 | r_s=0.001455 | status=running
[UL Convergence] | phase=optimize | user=2 | block=0 | n_kl=80 | epoch=65/1000 | objective=-16.151777 | rate=16.143135 | power=29.999935 | r_p=0.000000 | r_c=0.000000 | r_s=0.001083 | status=running
[UL Convergence] | phase=optimize | user=2 | block=0 | n_kl=80 | epoch=66/1000 | objective=-16.151751 | rate=16.143108 | power=29.999939 | r_p=0.000000 | r_c=0.000000 | r_s=7.859906e-04 | status=running
[UL Convergence] | phase=optimize | user=2 | block=0 | n_kl=80 | epoch=67/1000 | objective=-16.151770 | rate=16.143127 | power=29.999939 | r_p=0.000000 | r_c=0.000000 | r_s=7.480293e-04 | status=running
[UL Convergence] | phase=optimize | user=2 | block=0 | n_kl=80 | epoch=68/1000 | objective=-16.151808 | rate=16.143164 | power=29.999939 | r_p=0.000000 | r_c=0.000000 | r_s=9.122302e-04 | status=running
[UL Convergence] | phase=optimize | user=2 | block=0 | n_kl=80 | epoch=69/1000 | objective=-16.151848 | rate=16.143204 | power=29.999939 | r_p=0.000000 | r_c=0.000000 | r_s=0.001081 | status=running
[UL Convergence] | phase=optimize | user=2 | block=0 | n_kl=80 | epoch=70/1000 | objective=-16.151880 | rate=16.143236 | power=29.999939 | r_p=0.000000 | r_c=0.000000 | r_s=0.001173 | status=running
[UL Convergence] | phase=optimize | user=2 | block=0 | n_kl=80 | epoch=71/1000 | objective=-16.151901 | rate=16.143257 | power=29.999939 | r_p=0.000000 | r_c=0.000000 | r_s=0.001182 | status=running
[UL Convergence] | phase=optimize | user=2 | block=0 | n_kl=80 | epoch=72/1000 | objective=-16.151909 | rate=16.143265 | power=29.999939 | r_p=0.000000 | r_c=0.000000 | r_s=0.001117 | status=running
[UL Convergence] | phase=optimize | user=2 | block=0 | n_kl=80 | epoch=73/1000 | objective=-16.151894 | rate=16.143250 | power=29.999939 | r_p=0.000000 | r_c=0.000000 | r_s=9.918248e-04 | status=running
[UL Convergence] | phase=optimize | user=2 | block=0 | n_kl=80 | epoch=74/1000 | objective=-16.151884 | rate=16.143240 | power=29.999939 | r_p=0.000000 | r_c=0.000000 | r_s=8.257140e-04 | status=running
[UL Convergence] | phase=optimize | user=2 | block=0 | n_kl=80 | epoch=75/1000 | objective=-16.151863 | rate=16.143219 | power=29.999939 | r_p=0.000000 | r_c=0.000000 | r_s=6.519296e-04 | status=running
[UL Convergence] | phase=optimize | user=2 | block=0 | n_kl=80 | epoch=76/1000 | objective=-16.151869 | rate=16.143225 | power=29.999939 | r_p=0.000000 | r_c=0.000000 | r_s=5.291475e-04 | status=kkt_converged
[UL Convergence Result] | user=2 | block=0 | n_kl=80 | achieved_rate=16.143265 | power=29.999939 | rate_gap=-8.643265 | power_gap=-6.103516e-05 | solve_status=kkt_converged
[UL Convergence Allocation] | user=2 | block=0 | n_kl=80 | requested_bits=600 | served_bits=600 | full_service=true
[UL Convergence Block] | user=2 | block=0 | stage=post_T | served_bits=600 | unserved_bits=0
[UL Convergence Reduction] | user=2 | block=0 | served_bits=600 | n_start=79 | n_min=1
[UL Convergence Solve] | user=2 | block=0 | stage=reduced_n | n_kl=79 | served_bits=600
[UL Convergence] | phase=optimize | user=2 | block=0 | n_kl=79 | epoch=1/1000 | objective=-16.138861 | rate=16.130325 | power=29.999939 | r_p=0.000000 | r_c=0.000000 | r_s=inf | status=running
[UL Convergence] | phase=optimize | user=2 | block=0 | n_kl=79 | epoch=2/1000 | objective=-16.138857 | rate=16.130322 | power=29.999939 | r_p=0.000000 | r_c=0.000000 | r_s=9.919404e-04 | status=running
[UL Convergence] | phase=optimize | user=2 | block=0 | n_kl=79 | epoch=3/1000 | objective=-16.138845 | rate=16.130310 | power=29.999939 | r_p=0.000000 | r_c=0.000000 | r_s=8.258081e-04 | status=running
[UL Convergence] | phase=optimize | user=2 | block=0 | n_kl=79 | epoch=4/1000 | objective=-16.138830 | rate=16.130295 | power=29.999945 | r_p=0.000000 | r_c=0.000000 | r_s=6.518678e-04 | status=running
[UL Convergence] | phase=optimize | user=2 | block=0 | n_kl=79 | epoch=5/1000 | objective=-16.138824 | rate=16.130289 | power=29.999939 | r_p=0.000000 | r_c=0.000000 | r_s=5.289484e-04 | status=kkt_converged
[UL Convergence Candidate] | user=2 | block=0 | n_kl=79 | achieved_rate=16.130325 | rate_gap=-8.535389 | power_gap=-6.103516e-05 | status=accepted
[UL Convergence Solve] | user=2 | block=0 | stage=reduced_n | n_kl=70 | served_bits=600
[UL Convergence] | phase=optimize | user=2 | block=0 | n_kl=70 | epoch=1/1000 | objective=-16.009203 | rate=16.001772 | power=29.999935 | r_p=0.000000 | r_c=0.000000 | r_s=inf | status=running
[UL Convergence] | phase=optimize | user=2 | block=0 | n_kl=70 | epoch=2/1000 | objective=-16.009190 | rate=16.001759 | power=29.999939 | r_p=0.000000 | r_c=0.000000 | r_s=9.932172e-04 | status=running
[UL Convergence] | phase=optimize | user=2 | block=0 | n_kl=70 | epoch=3/1000 | objective=-16.009169 | rate=16.001738 | power=29.999939 | r_p=0.000000 | r_c=0.000000 | r_s=8.270138e-04 | status=running
[UL Convergence] | phase=optimize | user=2 | block=0 | n_kl=70 | epoch=4/1000 | objective=-16.009163 | rate=16.001732 | power=29.999939 | r_p=0.000000 | r_c=0.000000 | r_s=6.513674e-04 | status=running
[UL Convergence] | phase=optimize | user=2 | block=0 | n_kl=70 | epoch=5/1000 | objective=-16.009163 | rate=16.001732 | power=29.999939 | r_p=0.000000 | r_c=0.000000 | r_s=5.273619e-04 | status=kkt_converged
[UL Convergence Candidate] | user=2 | block=0 | n_kl=70 | achieved_rate=16.001772 | rate_gap=-7.430344 | power_gap=-6.484985e-05 | status=accepted
[UL Convergence Solve] | user=2 | block=0 | stage=reduced_n | n_kl=60 | served_bits=600
[UL Convergence] | phase=optimize | user=2 | block=0 | n_kl=60 | epoch=1/1000 | objective=-15.832066 | rate=15.826240 | power=29.999939 | r_p=0.000000 | r_c=0.000000 | r_s=inf | status=running
[UL Convergence] | phase=optimize | user=2 | block=0 | n_kl=60 | epoch=2/1000 | objective=-15.832049 | rate=15.826223 | power=29.999939 | r_p=0.000000 | r_c=0.000000 | r_s=9.950259e-04 | status=running
[UL Convergence] | phase=optimize | user=2 | block=0 | n_kl=60 | epoch=3/1000 | objective=-15.832042 | rate=15.826216 | power=29.999945 | r_p=0.000000 | r_c=0.000000 | r_s=8.285846e-04 | status=running
[UL Convergence] | phase=optimize | user=2 | block=0 | n_kl=60 | epoch=4/1000 | objective=-15.832026 | rate=15.826200 | power=29.999945 | r_p=0.000000 | r_c=0.000000 | r_s=6.511292e-04 | status=running
[UL Convergence] | phase=optimize | user=2 | block=0 | n_kl=60 | epoch=5/1000 | objective=-15.832026 | rate=15.826200 | power=29.999935 | r_p=0.000000 | r_c=0.000000 | r_s=5.255279e-04 | status=kkt_converged
[UL Convergence Candidate] | user=2 | block=0 | n_kl=60 | achieved_rate=15.826240 | rate_gap=-5.826240 | power_gap=-6.103516e-05 | status=accepted
[UL Convergence Solve] | user=2 | block=0 | stage=reduced_n | n_kl=50 | served_bits=600
[UL Convergence] | phase=optimize | user=2 | block=0 | n_kl=50 | epoch=1/1000 | objective=-15.603985 | rate=15.600385 | power=29.999945 | r_p=0.000000 | r_c=0.000000 | r_s=inf | status=running
[UL Convergence] | phase=optimize | user=2 | block=0 | n_kl=50 | epoch=2/1000 | objective=-15.603980 | rate=15.600380 | power=29.999939 | r_p=0.000000 | r_c=0.000000 | r_s=9.973760e-04 | status=running
[UL Convergence] | phase=optimize | user=2 | block=0 | n_kl=50 | epoch=3/1000 | objective=-15.603961 | rate=15.600361 | power=29.999939 | r_p=0.000000 | r_c=0.000000 | r_s=8.309313e-04 | status=running
[UL Convergence] | phase=optimize | user=2 | block=0 | n_kl=50 | epoch=4/1000 | objective=-15.603951 | rate=15.600350 | power=29.999945 | r_p=0.000000 | r_c=0.000000 | r_s=6.512696e-04 | status=running
[UL Convergence] | phase=optimize | user=2 | block=0 | n_kl=50 | epoch=5/1000 | objective=-15.603947 | rate=15.600347 | power=29.999945 | r_p=0.000000 | r_c=0.000000 | r_s=5.237159e-04 | status=kkt_converged
[UL Convergence Candidate] | user=2 | block=0 | n_kl=50 | achieved_rate=15.600385 | rate_gap=-3.600385 | power_gap=-5.531311e-05 | status=accepted
[UL Convergence Solve] | user=2 | block=0 | stage=reduced_n | n_kl=40 | served_bits=600
[UL Convergence] | phase=optimize | user=2 | block=0 | n_kl=40 | epoch=1/1000 | objective=-15.294725 | rate=15.294431 | power=29.999939 | r_p=0.000000 | r_c=0.000000 | r_s=inf | status=running
[UL Convergence] | phase=optimize | user=2 | block=0 | n_kl=40 | epoch=2/1000 | objective=-15.294713 | rate=15.294418 | power=29.999935 | r_p=0.000000 | r_c=0.000000 | r_s=0.001001 | status=running
[UL Convergence] | phase=optimize | user=2 | block=0 | n_kl=40 | epoch=3/1000 | objective=-15.294702 | rate=15.294407 | power=29.999945 | r_p=0.000000 | r_c=0.000000 | r_s=8.345095e-04 | status=running
[UL Convergence] | phase=optimize | user=2 | block=0 | n_kl=40 | epoch=4/1000 | objective=-15.294685 | rate=15.294391 | power=29.999939 | r_p=0.000000 | r_c=0.000000 | r_s=6.523667e-04 | status=running
[UL Convergence] | phase=optimize | user=2 | block=0 | n_kl=40 | epoch=5/1000 | objective=-15.294683 | rate=15.294388 | power=29.999945 | r_p=0.000000 | r_c=0.000000 | r_s=5.223061e-04 | status=kkt_converged
[UL Convergence Candidate] | user=2 | block=0 | n_kl=40 | achieved_rate=15.294431 | rate_gap=-0.294431 | power_gap=-6.103516e-05 | status=accepted
[UL Convergence Reduction] | user=2 | block=0 | n_kl=39 | status=stop_infeasible
[UL Convergence Final] | user=2 | block=0 | feasible_points=41 | chosen_n_kl=40 | served_bits=600 | achieved_rate=15.294431 | power=29.999939 | solve_status=kkt_converged
[UL Convergence Allocation] | user=2 | block=0 | chosen_n_kl=40 | served_bits=600 | unserved_bits=0 | mode=fixed_block_targets
[UL Convergence Train] | user=2 | block=1 | target_bits=600 | mode=fixed_block_targets
[UL Convergence Block] | user=2 | block=1 | budget_mode=target_bits | requested_bits=600
[UL Convergence Solve] | user=2 | block=1 | stage=n=T | n_kl=80 | requested_bits=600
[UL Convergence] | phase=optimize | user=2 | block=1 | n_kl=80 | epoch=1/1000 | objective=-16.662899 | rate=16.653746 | power=29.999939 | r_p=0.000000 | r_c=0.000000 | r_s=inf | status=running
[UL Convergence] | phase=optimize | user=2 | block=1 | n_kl=80 | epoch=2/1000 | objective=-16.360815 | rate=16.351963 | power=29.999945 | r_p=0.000000 | r_c=0.000000 | r_s=0.203167 | status=running
[UL Convergence] | phase=optimize | user=2 | block=1 | n_kl=80 | epoch=3/1000 | objective=-16.611862 | rate=16.602760 | power=29.999945 | r_p=0.000000 | r_c=0.000000 | r_s=0.145430 | status=running
[UL Convergence] | phase=optimize | user=2 | block=1 | n_kl=80 | epoch=4/1000 | objective=-16.617912 | rate=16.608803 | power=29.999939 | r_p=0.000000 | r_c=0.000000 | r_s=0.112486 | status=running
[UL Convergence] | phase=optimize | user=2 | block=1 | n_kl=80 | epoch=5/1000 | objective=-16.570023 | rate=16.560961 | power=29.999945 | r_p=0.000000 | r_c=0.000000 | r_s=0.066464 | status=running
[UL Convergence] | phase=optimize | user=2 | block=1 | n_kl=80 | epoch=6/1000 | objective=-16.569412 | rate=16.560352 | power=29.999945 | r_p=0.000000 | r_c=0.000000 | r_s=0.038663 | status=running
[UL Convergence] | phase=optimize | user=2 | block=1 | n_kl=80 | epoch=7/1000 | objective=-16.607931 | rate=16.598833 | power=29.999939 | r_p=0.000000 | r_c=0.000000 | r_s=0.036171 | status=running
[UL Convergence] | phase=optimize | user=2 | block=1 | n_kl=80 | epoch=8/1000 | objective=-16.645132 | rate=16.635996 | power=29.999945 | r_p=0.000000 | r_c=0.000000 | r_s=0.042019 | status=running
[UL Convergence] | phase=optimize | user=2 | block=1 | n_kl=80 | epoch=9/1000 | objective=-16.658043 | rate=16.648893 | power=29.999945 | r_p=0.000000 | r_c=0.000000 | r_s=0.042367 | status=running
[UL Convergence] | phase=optimize | user=2 | block=1 | n_kl=80 | epoch=10/1000 | objective=-16.648790 | rate=16.639650 | power=29.999945 | r_p=0.000000 | r_c=0.000000 | r_s=0.035892 | status=running
[UL Convergence] | phase=optimize | user=2 | block=1 | n_kl=80 | epoch=11/1000 | objective=-16.634562 | rate=16.625437 | power=29.999935 | r_p=0.000000 | r_c=0.000000 | r_s=0.025444 | status=running
[UL Convergence] | phase=optimize | user=2 | block=1 | n_kl=80 | epoch=12/1000 | objective=-16.630264 | rate=16.621143 | power=29.999945 | r_p=0.000000 | r_c=0.000000 | r_s=0.016288 | status=running
[UL Convergence] | phase=optimize | user=2 | block=1 | n_kl=80 | epoch=13/1000 | objective=-16.638510 | rate=16.629381 | power=29.999945 | r_p=0.000000 | r_c=0.000000 | r_s=0.015634 | status=running
[UL Convergence] | phase=optimize | user=2 | block=1 | n_kl=80 | epoch=14/1000 | objective=-16.651670 | rate=16.642529 | power=29.999939 | r_p=0.000000 | r_c=0.000000 | r_s=0.020179 | status=running
[UL Convergence] | phase=optimize | user=2 | block=1 | n_kl=80 | epoch=15/1000 | objective=-16.660917 | rate=16.651766 | power=29.999945 | r_p=0.000000 | r_c=0.000000 | r_s=0.022959 | status=running
[UL Convergence] | phase=optimize | user=2 | block=1 | n_kl=80 | epoch=16/1000 | objective=-16.662340 | rate=16.653187 | power=29.999939 | r_p=0.000000 | r_c=0.000000 | r_s=0.022666 | status=running
[UL Convergence] | phase=optimize | user=2 | block=1 | n_kl=80 | epoch=17/1000 | objective=-16.657915 | rate=16.648766 | power=29.999939 | r_p=0.000000 | r_c=0.000000 | r_s=0.019565 | status=running
[UL Convergence] | phase=optimize | user=2 | block=1 | n_kl=80 | epoch=18/1000 | objective=-16.652990 | rate=16.643847 | power=29.999939 | r_p=0.000000 | r_c=0.000000 | r_s=0.014603 | status=running
[UL Convergence] | phase=optimize | user=2 | block=1 | n_kl=80 | epoch=19/1000 | objective=-16.651825 | rate=16.642683 | power=29.999945 | r_p=0.000000 | r_c=0.000000 | r_s=0.010640 | status=running
[UL Convergence] | phase=optimize | user=2 | block=1 | n_kl=80 | epoch=20/1000 | objective=-16.654905 | rate=16.645760 | power=29.999939 | r_p=0.000000 | r_c=0.000000 | r_s=0.010573 | status=running
[UL Convergence] | phase=optimize | user=2 | block=1 | n_kl=80 | epoch=21/1000 | objective=-16.659813 | rate=16.650661 | power=29.999945 | r_p=0.000000 | r_c=0.000000 | r_s=0.012831 | status=running
[UL Convergence] | phase=optimize | user=2 | block=1 | n_kl=80 | epoch=22/1000 | objective=-16.663588 | rate=16.654432 | power=29.999945 | r_p=0.000000 | r_c=0.000000 | r_s=0.014510 | status=running
[UL Convergence] | phase=optimize | user=2 | block=1 | n_kl=80 | epoch=23/1000 | objective=-16.664667 | rate=16.655512 | power=29.999939 | r_p=0.000000 | r_c=0.000000 | r_s=0.014563 | status=running
[UL Convergence] | phase=optimize | user=2 | block=1 | n_kl=80 | epoch=24/1000 | objective=-16.663420 | rate=16.654266 | power=29.999939 | r_p=0.000000 | r_c=0.000000 | r_s=0.012997 | status=running
[UL Convergence] | phase=optimize | user=2 | block=1 | n_kl=80 | epoch=25/1000 | objective=-16.661469 | rate=16.652317 | power=29.999939 | r_p=0.000000 | r_c=0.000000 | r_s=0.010378 | status=running
[UL Convergence] | phase=optimize | user=2 | block=1 | n_kl=80 | epoch=26/1000 | objective=-16.660442 | rate=16.651291 | power=29.999939 | r_p=0.000000 | r_c=0.000000 | r_s=0.007714 | status=running
[UL Convergence] | phase=optimize | user=2 | block=1 | n_kl=80 | epoch=27/1000 | objective=-16.661018 | rate=16.651867 | power=29.999939 | r_p=0.000000 | r_c=0.000000 | r_s=0.006531 | status=running
[UL Convergence] | phase=optimize | user=2 | block=1 | n_kl=80 | epoch=28/1000 | objective=-16.662767 | rate=16.653614 | power=29.999939 | r_p=0.000000 | r_c=0.000000 | r_s=0.007414 | status=running
[UL Convergence] | phase=optimize | user=2 | block=1 | n_kl=80 | epoch=29/1000 | objective=-16.664637 | rate=16.655481 | power=29.999945 | r_p=0.000000 | r_c=0.000000 | r_s=0.008844 | status=running
[UL Convergence] | phase=optimize | user=2 | block=1 | n_kl=80 | epoch=30/1000 | objective=-16.665691 | rate=16.656534 | power=29.999939 | r_p=0.000000 | r_c=0.000000 | r_s=0.009588 | status=running
[UL Convergence] | phase=optimize | user=2 | block=1 | n_kl=80 | epoch=31/1000 | objective=-16.665684 | rate=16.656527 | power=29.999945 | r_p=0.000000 | r_c=0.000000 | r_s=0.009256 | status=running
[UL Convergence] | phase=optimize | user=2 | block=1 | n_kl=80 | epoch=32/1000 | objective=-16.664984 | rate=16.655828 | power=29.999945 | r_p=0.000000 | r_c=0.000000 | r_s=0.007973 | status=running
[UL Convergence] | phase=optimize | user=2 | block=1 | n_kl=80 | epoch=33/1000 | objective=-16.664263 | rate=16.655107 | power=29.999945 | r_p=0.000000 | r_c=0.000000 | r_s=0.006258 | status=running
[UL Convergence] | phase=optimize | user=2 | block=1 | n_kl=80 | epoch=34/1000 | objective=-16.664085 | rate=16.654930 | power=29.999939 | r_p=0.000000 | r_c=0.000000 | r_s=0.004976 | status=running
[UL Convergence] | phase=optimize | user=2 | block=1 | n_kl=80 | epoch=35/1000 | objective=-16.664577 | rate=16.655422 | power=29.999939 | r_p=0.000000 | r_c=0.000000 | r_s=0.004921 | status=running
[UL Convergence] | phase=optimize | user=2 | block=1 | n_kl=80 | epoch=36/1000 | objective=-16.665445 | rate=16.656288 | power=29.999935 | r_p=0.000000 | r_c=0.000000 | r_s=0.005742 | status=running
[UL Convergence] | phase=optimize | user=2 | block=1 | n_kl=80 | epoch=37/1000 | objective=-16.666220 | rate=16.657063 | power=29.999945 | r_p=0.000000 | r_c=0.000000 | r_s=0.006524 | status=running
[UL Convergence] | phase=optimize | user=2 | block=1 | n_kl=80 | epoch=38/1000 | objective=-16.666523 | rate=16.657366 | power=29.999945 | r_p=0.000000 | r_c=0.000000 | r_s=0.006733 | status=running
[UL Convergence] | phase=optimize | user=2 | block=1 | n_kl=80 | epoch=39/1000 | objective=-16.666309 | rate=16.657152 | power=29.999945 | r_p=0.000000 | r_c=0.000000 | r_s=0.006187 | status=running
[UL Convergence] | phase=optimize | user=2 | block=1 | n_kl=80 | epoch=40/1000 | objective=-16.665857 | rate=16.656700 | power=29.999939 | r_p=0.000000 | r_c=0.000000 | r_s=0.004979 | status=running
[UL Convergence] | phase=optimize | user=2 | block=1 | n_kl=80 | epoch=41/1000 | objective=-16.665571 | rate=16.656414 | power=29.999939 | r_p=0.000000 | r_c=0.000000 | r_s=0.003553 | status=running
[UL Convergence] | phase=optimize | user=2 | block=1 | n_kl=80 | epoch=42/1000 | objective=-16.665707 | rate=16.656549 | power=29.999935 | r_p=0.000000 | r_c=0.000000 | r_s=0.002888 | status=running
[UL Convergence] | phase=optimize | user=2 | block=1 | n_kl=80 | epoch=43/1000 | objective=-16.666149 | rate=16.656992 | power=29.999939 | r_p=0.000000 | r_c=0.000000 | r_s=0.003551 | status=running
[UL Convergence] | phase=optimize | user=2 | block=1 | n_kl=80 | epoch=44/1000 | objective=-16.666620 | rate=16.657463 | power=29.999945 | r_p=0.000000 | r_c=0.000000 | r_s=0.004497 | status=running
[UL Convergence] | phase=optimize | user=2 | block=1 | n_kl=80 | epoch=45/1000 | objective=-16.666840 | rate=16.657682 | power=29.999939 | r_p=0.000000 | r_c=0.000000 | r_s=0.004930 | status=running
[UL Convergence] | phase=optimize | user=2 | block=1 | n_kl=80 | epoch=46/1000 | objective=-16.666714 | rate=16.657557 | power=29.999935 | r_p=0.000000 | r_c=0.000000 | r_s=0.004614 | status=running
[UL Convergence] | phase=optimize | user=2 | block=1 | n_kl=80 | epoch=47/1000 | objective=-16.666460 | rate=16.657303 | power=29.999939 | r_p=0.000000 | r_c=0.000000 | r_s=0.003636 | status=running
[UL Convergence] | phase=optimize | user=2 | block=1 | n_kl=80 | epoch=48/1000 | objective=-16.666304 | rate=16.657146 | power=29.999945 | r_p=0.000000 | r_c=0.000000 | r_s=0.002417 | status=running
[UL Convergence] | phase=optimize | user=2 | block=1 | n_kl=80 | epoch=49/1000 | objective=-16.666378 | rate=16.657221 | power=29.999945 | r_p=0.000000 | r_c=0.000000 | r_s=0.001988 | status=running
[UL Convergence] | phase=optimize | user=2 | block=1 | n_kl=80 | epoch=50/1000 | objective=-16.666630 | rate=16.657473 | power=29.999945 | r_p=0.000000 | r_c=0.000000 | r_s=0.002741 | status=running
[UL Convergence] | phase=optimize | user=2 | block=1 | n_kl=80 | epoch=51/1000 | objective=-16.666859 | rate=16.657701 | power=29.999950 | r_p=0.000000 | r_c=0.000000 | r_s=0.003472 | status=running
[UL Convergence] | phase=optimize | user=2 | block=1 | n_kl=80 | epoch=52/1000 | objective=-16.666931 | rate=16.657774 | power=29.999945 | r_p=0.000000 | r_c=0.000000 | r_s=0.003614 | status=running
[UL Convergence] | phase=optimize | user=2 | block=1 | n_kl=80 | epoch=53/1000 | objective=-16.666845 | rate=16.657688 | power=29.999945 | r_p=0.000000 | r_c=0.000000 | r_s=0.003150 | status=running
[UL Convergence] | phase=optimize | user=2 | block=1 | n_kl=80 | epoch=54/1000 | objective=-16.666729 | rate=16.657572 | power=29.999945 | r_p=0.000000 | r_c=0.000000 | r_s=0.002362 | status=running
[UL Convergence] | phase=optimize | user=2 | block=1 | n_kl=80 | epoch=55/1000 | objective=-16.666683 | rate=16.657526 | power=29.999945 | r_p=0.000000 | r_c=0.000000 | r_s=0.001755 | status=running
[UL Convergence] | phase=optimize | user=2 | block=1 | n_kl=80 | epoch=56/1000 | objective=-16.666748 | rate=16.657591 | power=29.999945 | r_p=0.000000 | r_c=0.000000 | r_s=0.001773 | status=running
[UL Convergence] | phase=optimize | user=2 | block=1 | n_kl=80 | epoch=57/1000 | objective=-16.666849 | rate=16.657692 | power=29.999945 | r_p=0.000000 | r_c=0.000000 | r_s=0.002140 | status=running
[UL Convergence] | phase=optimize | user=2 | block=1 | n_kl=80 | epoch=58/1000 | objective=-16.666943 | rate=16.657785 | power=29.999945 | r_p=0.000000 | r_c=0.000000 | r_s=0.002414 | status=running
[UL Convergence] | phase=optimize | user=2 | block=1 | n_kl=80 | epoch=59/1000 | objective=-16.666971 | rate=16.657814 | power=29.999945 | r_p=0.000000 | r_c=0.000000 | r_s=0.002426 | status=running
[UL Convergence] | phase=optimize | user=2 | block=1 | n_kl=80 | epoch=60/1000 | objective=-16.666937 | rate=16.657780 | power=29.999950 | r_p=0.000000 | r_c=0.000000 | r_s=0.002159 | status=running
[UL Convergence] | phase=optimize | user=2 | block=1 | n_kl=80 | epoch=61/1000 | objective=-16.666887 | rate=16.657730 | power=29.999945 | r_p=0.000000 | r_c=0.000000 | r_s=0.001709 | status=running
[UL Convergence] | phase=optimize | user=2 | block=1 | n_kl=80 | epoch=62/1000 | objective=-16.666876 | rate=16.657719 | power=29.999945 | r_p=0.000000 | r_c=0.000000 | r_s=0.001325 | status=running
[UL Convergence] | phase=optimize | user=2 | block=1 | n_kl=80 | epoch=63/1000 | objective=-16.666897 | rate=16.657740 | power=29.999945 | r_p=0.000000 | r_c=0.000000 | r_s=0.001307 | status=running
[UL Convergence] | phase=optimize | user=2 | block=1 | n_kl=80 | epoch=64/1000 | objective=-16.666960 | rate=16.657803 | power=29.999945 | r_p=0.000000 | r_c=0.000000 | r_s=0.001554 | status=running
[UL Convergence] | phase=optimize | user=2 | block=1 | n_kl=80 | epoch=65/1000 | objective=-16.666998 | rate=16.657841 | power=29.999945 | r_p=0.000000 | r_c=0.000000 | r_s=0.001746 | status=running
[UL Convergence] | phase=optimize | user=2 | block=1 | n_kl=80 | epoch=66/1000 | objective=-16.667000 | rate=16.657843 | power=29.999939 | r_p=0.000000 | r_c=0.000000 | r_s=0.001731 | status=running
[UL Convergence] | phase=optimize | user=2 | block=1 | n_kl=80 | epoch=67/1000 | objective=-16.666981 | rate=16.657824 | power=29.999945 | r_p=0.000000 | r_c=0.000000 | r_s=0.001505 | status=running
[UL Convergence] | phase=optimize | user=2 | block=1 | n_kl=80 | epoch=68/1000 | objective=-16.666964 | rate=16.657806 | power=29.999945 | r_p=0.000000 | r_c=0.000000 | r_s=0.001166 | status=running
[UL Convergence] | phase=optimize | user=2 | block=1 | n_kl=80 | epoch=69/1000 | objective=-16.666952 | rate=16.657795 | power=29.999939 | r_p=0.000000 | r_c=0.000000 | r_s=9.225152e-04 | status=running
[UL Convergence] | phase=optimize | user=2 | block=1 | n_kl=80 | epoch=70/1000 | objective=-16.666975 | rate=16.657818 | power=29.999945 | r_p=0.000000 | r_c=0.000000 | r_s=9.784592e-04 | status=running
[UL Convergence] | phase=optimize | user=2 | block=1 | n_kl=80 | epoch=71/1000 | objective=-16.667015 | rate=16.657858 | power=29.999945 | r_p=0.000000 | r_c=0.000000 | r_s=0.001190 | status=running
[UL Convergence] | phase=optimize | user=2 | block=1 | n_kl=80 | epoch=72/1000 | objective=-16.667027 | rate=16.657869 | power=29.999945 | r_p=0.000000 | r_c=0.000000 | r_s=0.001314 | status=running
[UL Convergence] | phase=optimize | user=2 | block=1 | n_kl=80 | epoch=73/1000 | objective=-16.667025 | rate=16.657867 | power=29.999945 | r_p=0.000000 | r_c=0.000000 | r_s=0.001247 | status=running
[UL Convergence] | phase=optimize | user=2 | block=1 | n_kl=80 | epoch=74/1000 | objective=-16.667007 | rate=16.657850 | power=29.999945 | r_p=0.000000 | r_c=0.000000 | r_s=0.001005 | status=running
[UL Convergence] | phase=optimize | user=2 | block=1 | n_kl=80 | epoch=75/1000 | objective=-16.666998 | rate=16.657841 | power=29.999939 | r_p=0.000000 | r_c=0.000000 | r_s=7.070756e-04 | status=running
[UL Convergence] | phase=optimize | user=2 | block=1 | n_kl=80 | epoch=76/1000 | objective=-16.666990 | rate=16.657833 | power=29.999939 | r_p=0.000000 | r_c=0.000000 | r_s=6.094038e-04 | status=running
[UL Convergence] | phase=optimize | user=2 | block=1 | n_kl=80 | epoch=77/1000 | objective=-16.667025 | rate=16.657867 | power=29.999945 | r_p=0.000000 | r_c=0.000000 | r_s=7.929730e-04 | status=running
[UL Convergence] | phase=optimize | user=2 | block=1 | n_kl=80 | epoch=78/1000 | objective=-16.667030 | rate=16.657873 | power=29.999939 | r_p=0.000000 | r_c=0.000000 | r_s=9.775821e-04 | status=running
[UL Convergence] | phase=optimize | user=2 | block=1 | n_kl=80 | epoch=79/1000 | objective=-16.667034 | rate=16.657877 | power=29.999945 | r_p=0.000000 | r_c=0.000000 | r_s=9.969941e-04 | status=running
[UL Convergence] | phase=optimize | user=2 | block=1 | n_kl=80 | epoch=80/1000 | objective=-16.667021 | rate=16.657864 | power=29.999939 | r_p=0.000000 | r_c=0.000000 | r_s=8.183262e-04 | status=running
[UL Convergence] | phase=optimize | user=2 | block=1 | n_kl=80 | epoch=81/1000 | objective=-16.667017 | rate=16.657860 | power=29.999945 | r_p=0.000000 | r_c=0.000000 | r_s=5.136481e-04 | status=kkt_converged
[UL Convergence Result] | user=2 | block=1 | n_kl=80 | achieved_rate=16.657877 | power=29.999945 | rate_gap=-9.157877 | power_gap=-5.531311e-05 | solve_status=kkt_converged
[UL Convergence Allocation] | user=2 | block=1 | n_kl=80 | requested_bits=600 | served_bits=600 | full_service=true
[UL Convergence Block] | user=2 | block=1 | stage=post_T | served_bits=600 | unserved_bits=0
[UL Convergence Reduction] | user=2 | block=1 | served_bits=600 | n_start=79 | n_min=1
[UL Convergence Solve] | user=2 | block=1 | stage=reduced_n | n_kl=79 | served_bits=600
[UL Convergence] | phase=optimize | user=2 | block=1 | n_kl=79 | epoch=1/1000 | objective=-16.653996 | rate=16.644945 | power=29.999945 | r_p=0.000000 | r_c=0.000000 | r_s=inf | status=running
[UL Convergence] | phase=optimize | user=2 | block=1 | n_kl=79 | epoch=2/1000 | objective=-16.653975 | rate=16.644924 | power=29.999939 | r_p=0.000000 | r_c=0.000000 | r_s=8.185442e-04 | status=running
[UL Convergence] | phase=optimize | user=2 | block=1 | n_kl=79 | epoch=3/1000 | objective=-16.653969 | rate=16.644918 | power=29.999945 | r_p=0.000000 | r_c=0.000000 | r_s=5.142474e-04 | status=kkt_converged
[UL Convergence Candidate] | user=2 | block=1 | n_kl=79 | achieved_rate=16.644945 | rate_gap=-9.050009 | power_gap=-5.531311e-05 | status=accepted
[UL Convergence Solve] | user=2 | block=1 | stage=reduced_n | n_kl=70 | served_bits=600
[UL Convergence] | phase=optimize | user=2 | block=1 | n_kl=70 | epoch=1/1000 | objective=-16.524292 | rate=16.516348 | power=29.999945 | r_p=0.000000 | r_c=0.000000 | r_s=inf | status=running
[UL Convergence] | phase=optimize | user=2 | block=1 | n_kl=70 | epoch=2/1000 | objective=-16.524275 | rate=16.516331 | power=29.999939 | r_p=0.000000 | r_c=0.000000 | r_s=3.811847e-04 | status=kkt_converged
[UL Convergence Candidate] | user=2 | block=1 | n_kl=70 | achieved_rate=16.516348 | rate_gap=-7.944920 | power_gap=-5.531311e-05 | status=accepted
[UL Convergence Solve] | user=2 | block=1 | stage=reduced_n | n_kl=60 | served_bits=600
[UL Convergence] | phase=optimize | user=2 | block=1 | n_kl=60 | epoch=1/1000 | objective=-16.347103 | rate=16.340763 | power=29.999939 | r_p=0.000000 | r_c=0.000000 | r_s=inf | status=running
[UL Convergence] | phase=optimize | user=2 | block=1 | n_kl=60 | epoch=2/1000 | objective=-16.347107 | rate=16.340767 | power=29.999945 | r_p=0.000000 | r_c=0.000000 | r_s=2.760480e-04 | status=kkt_converged
[UL Convergence Candidate] | user=2 | block=1 | n_kl=60 | achieved_rate=16.340767 | rate_gap=-6.340767 | power_gap=-5.531311e-05 | status=accepted
[UL Convergence Solve] | user=2 | block=1 | stage=reduced_n | n_kl=50 | served_bits=600
[UL Convergence] | phase=optimize | user=2 | block=1 | n_kl=50 | epoch=1/1000 | objective=-16.118967 | rate=16.114853 | power=29.999945 | r_p=0.000000 | r_c=0.000000 | r_s=inf | status=running
[UL Convergence] | phase=optimize | user=2 | block=1 | n_kl=50 | epoch=2/1000 | objective=-16.118961 | rate=16.114847 | power=29.999945 | r_p=0.000000 | r_c=0.000000 | r_s=1.968635e-04 | status=kkt_converged
[UL Convergence Candidate] | user=2 | block=1 | n_kl=50 | achieved_rate=16.114853 | rate_gap=-4.114853 | power_gap=-5.531311e-05 | status=accepted
[UL Convergence Solve] | user=2 | block=1 | stage=reduced_n | n_kl=40 | served_bits=600
[UL Convergence] | phase=optimize | user=2 | block=1 | n_kl=40 | epoch=1/1000 | objective=-15.809607 | rate=15.808798 | power=29.999939 | r_p=0.000000 | r_c=0.000000 | r_s=inf | status=running
[UL Convergence] | phase=optimize | user=2 | block=1 | n_kl=40 | epoch=2/1000 | objective=-15.809610 | rate=15.808802 | power=29.999945 | r_p=0.000000 | r_c=0.000000 | r_s=2.369226e-04 | status=kkt_converged
[UL Convergence Candidate] | user=2 | block=1 | n_kl=40 | achieved_rate=15.808802 | rate_gap=-0.808802 | power_gap=-5.531311e-05 | status=accepted
[UL Convergence Reduction] | user=2 | block=1 | n_kl=38 | status=stop_infeasible
[UL Convergence Final] | user=2 | block=1 | feasible_points=42 | chosen_n_kl=39 | served_bits=600 | achieved_rate=15.771871 | power=29.999945 | solve_status=kkt_converged
[UL Convergence Allocation] | user=2 | block=1 | chosen_n_kl=39 | served_bits=600 | unserved_bits=0 | mode=fixed_block_targets
[UL Convergence Train] | user=2 | block=2 | target_bits=600 | mode=fixed_block_targets
[UL Convergence Block] | user=2 | block=2 | budget_mode=target_bits | requested_bits=600
[UL Convergence Solve] | user=2 | block=2 | stage=n=T | n_kl=80 | requested_bits=600
[UL Convergence] | phase=optimize | user=2 | block=2 | n_kl=80 | epoch=1/1000 | objective=-16.120913 | rate=16.112301 | power=29.999939 | r_p=0.000000 | r_c=0.000000 | r_s=inf | status=running
[UL Convergence] | phase=optimize | user=2 | block=2 | n_kl=80 | epoch=2/1000 | objective=-16.035107 | rate=16.026581 | power=29.999939 | r_p=0.000000 | r_c=0.000000 | r_s=0.125259 | status=running
[UL Convergence] | phase=optimize | user=2 | block=2 | n_kl=80 | epoch=3/1000 | objective=-16.109121 | rate=16.100521 | power=29.999935 | r_p=0.000000 | r_c=0.000000 | r_s=0.077888 | status=running
[UL Convergence] | phase=optimize | user=2 | block=2 | n_kl=80 | epoch=4/1000 | objective=-16.109264 | rate=16.100664 | power=29.999939 | r_p=0.000000 | r_c=0.000000 | r_s=0.067793 | status=running
[UL Convergence] | phase=optimize | user=2 | block=2 | n_kl=80 | epoch=5/1000 | objective=-16.089403 | rate=16.080822 | power=29.999939 | r_p=0.000000 | r_c=0.000000 | r_s=0.042230 | status=running
[UL Convergence] | phase=optimize | user=2 | block=2 | n_kl=80 | epoch=6/1000 | objective=-16.093832 | rate=16.085247 | power=29.999945 | r_p=0.000000 | r_c=0.000000 | r_s=0.022151 | status=running
[UL Convergence] | phase=optimize | user=2 | block=2 | n_kl=80 | epoch=7/1000 | objective=-16.112164 | rate=16.103559 | power=29.999939 | r_p=0.000000 | r_c=0.000000 | r_s=0.025987 | status=running
[UL Convergence] | phase=optimize | user=2 | block=2 | n_kl=80 | epoch=8/1000 | objective=-16.122620 | rate=16.114006 | power=29.999939 | r_p=0.000000 | r_c=0.000000 | r_s=0.031658 | status=running
[UL Convergence] | phase=optimize | user=2 | block=2 | n_kl=80 | epoch=9/1000 | objective=-16.118410 | rate=16.109800 | power=29.999935 | r_p=0.000000 | r_c=0.000000 | r_s=0.029445 | status=running
[UL Convergence] | phase=optimize | user=2 | block=2 | n_kl=80 | epoch=10/1000 | objective=-16.109955 | rate=16.101353 | power=29.999945 | r_p=0.000000 | r_c=0.000000 | r_s=0.019857 | status=running
[UL Convergence] | phase=optimize | user=2 | block=2 | n_kl=80 | epoch=11/1000 | objective=-16.109133 | rate=16.100533 | power=29.999939 | r_p=0.000000 | r_c=0.000000 | r_s=0.011048 | status=running
[UL Convergence] | phase=optimize | user=2 | block=2 | n_kl=80 | epoch=12/1000 | objective=-16.115524 | rate=16.106916 | power=29.999939 | r_p=0.000000 | r_c=0.000000 | r_s=0.014282 | status=running
[UL Convergence] | phase=optimize | user=2 | block=2 | n_kl=80 | epoch=13/1000 | objective=-16.121750 | rate=16.113136 | power=29.999945 | r_p=0.000000 | r_c=0.000000 | r_s=0.018727 | status=running
[UL Convergence] | phase=optimize | user=2 | block=2 | n_kl=80 | epoch=14/1000 | objective=-16.123371 | rate=16.114756 | power=29.999939 | r_p=0.000000 | r_c=0.000000 | r_s=0.018902 | status=running
[UL Convergence] | phase=optimize | user=2 | block=2 | n_kl=80 | epoch=15/1000 | objective=-16.121269 | rate=16.112656 | power=29.999939 | r_p=0.000000 | r_c=0.000000 | r_s=0.016058 | status=running
[UL Convergence] | phase=optimize | user=2 | block=2 | n_kl=80 | epoch=16/1000 | objective=-16.118652 | rate=16.110043 | power=29.999945 | r_p=0.000000 | r_c=0.000000 | r_s=0.011818 | status=running
[UL Convergence] | phase=optimize | user=2 | block=2 | n_kl=80 | epoch=17/1000 | objective=-16.118101 | rate=16.109491 | power=29.999945 | r_p=0.000000 | r_c=0.000000 | r_s=0.008686 | status=running
[UL Convergence] | phase=optimize | user=2 | block=2 | n_kl=80 | epoch=18/1000 | objective=-16.119932 | rate=16.111320 | power=29.999939 | r_p=0.000000 | r_c=0.000000 | r_s=0.009047 | status=running
[UL Convergence] | phase=optimize | user=2 | block=2 | n_kl=80 | epoch=19/1000 | objective=-16.122620 | rate=16.114006 | power=29.999939 | r_p=0.000000 | r_c=0.000000 | r_s=0.011056 | status=running
[UL Convergence] | phase=optimize | user=2 | block=2 | n_kl=80 | epoch=20/1000 | objective=-16.124292 | rate=16.115677 | power=29.999945 | r_p=0.000000 | r_c=0.000000 | r_s=0.012378 | status=running
[UL Convergence] | phase=optimize | user=2 | block=2 | n_kl=80 | epoch=21/1000 | objective=-16.124071 | rate=16.115456 | power=29.999935 | r_p=0.000000 | r_c=0.000000 | r_s=0.012059 | status=running
[UL Convergence] | phase=optimize | user=2 | block=2 | n_kl=80 | epoch=22/1000 | objective=-16.122639 | rate=16.114025 | power=29.999939 | r_p=0.000000 | r_c=0.000000 | r_s=0.009829 | status=running
[UL Convergence] | phase=optimize | user=2 | block=2 | n_kl=80 | epoch=23/1000 | objective=-16.121578 | rate=16.112965 | power=29.999939 | r_p=0.000000 | r_c=0.000000 | r_s=0.006571 | status=running
[UL Convergence] | phase=optimize | user=2 | block=2 | n_kl=80 | epoch=24/1000 | objective=-16.121990 | rate=16.113377 | power=29.999945 | r_p=0.000000 | r_c=0.000000 | r_s=0.005142 | status=running
[UL Convergence] | phase=optimize | user=2 | block=2 | n_kl=80 | epoch=25/1000 | objective=-16.123474 | rate=16.114859 | power=29.999945 | r_p=0.000000 | r_c=0.000000 | r_s=0.007052 | status=running
[UL Convergence] | phase=optimize | user=2 | block=2 | n_kl=80 | epoch=26/1000 | objective=-16.124746 | rate=16.116131 | power=29.999939 | r_p=0.000000 | r_c=0.000000 | r_s=0.008882 | status=running
[UL Convergence] | phase=optimize | user=2 | block=2 | n_kl=80 | epoch=27/1000 | objective=-16.124935 | rate=16.116320 | power=29.999939 | r_p=0.000000 | r_c=0.000000 | r_s=0.009016 | status=running
[UL Convergence] | phase=optimize | user=2 | block=2 | n_kl=80 | epoch=28/1000 | objective=-16.124277 | rate=16.115662 | power=29.999935 | r_p=0.000000 | r_c=0.000000 | r_s=0.007524 | status=running
[UL Convergence] | phase=optimize | user=2 | block=2 | n_kl=80 | epoch=29/1000 | objective=-16.123625 | rate=16.115009 | power=29.999939 | r_p=0.000000 | r_c=0.000000 | r_s=0.005376 | status=running
[UL Convergence] | phase=optimize | user=2 | block=2 | n_kl=80 | epoch=30/1000 | objective=-16.123600 | rate=16.114985 | power=29.999950 | r_p=0.000000 | r_c=0.000000 | r_s=0.004194 | status=running
[UL Convergence] | phase=optimize | user=2 | block=2 | n_kl=80 | epoch=31/1000 | objective=-16.124170 | rate=16.115555 | power=29.999945 | r_p=0.000000 | r_c=0.000000 | r_s=0.004840 | status=running
[UL Convergence] | phase=optimize | user=2 | block=2 | n_kl=80 | epoch=32/1000 | objective=-16.124868 | rate=16.116253 | power=29.999945 | r_p=0.000000 | r_c=0.000000 | r_s=0.005933 | status=running
[UL Convergence] | phase=optimize | user=2 | block=2 | n_kl=80 | epoch=33/1000 | objective=-16.125195 | rate=16.116577 | power=29.999939 | r_p=0.000000 | r_c=0.000000 | r_s=0.006425 | status=running
[UL Convergence] | phase=optimize | user=2 | block=2 | n_kl=80 | epoch=34/1000 | objective=-16.125023 | rate=16.116407 | power=29.999939 | r_p=0.000000 | r_c=0.000000 | r_s=0.005985 | status=running
[UL Convergence] | phase=optimize | user=2 | block=2 | n_kl=80 | epoch=35/1000 | objective=-16.124624 | rate=16.116009 | power=29.999945 | r_p=0.000000 | r_c=0.000000 | r_s=0.004678 | status=running
[UL Convergence] | phase=optimize | user=2 | block=2 | n_kl=80 | epoch=36/1000 | objective=-16.124453 | rate=16.115837 | power=29.999939 | r_p=0.000000 | r_c=0.000000 | r_s=0.003245 | status=running
[UL Convergence] | phase=optimize | user=2 | block=2 | n_kl=80 | epoch=37/1000 | objective=-16.124685 | rate=16.116070 | power=29.999945 | r_p=0.000000 | r_c=0.000000 | r_s=0.003189 | status=running
[UL Convergence] | phase=optimize | user=2 | block=2 | n_kl=80 | epoch=38/1000 | objective=-16.125086 | rate=16.116468 | power=29.999945 | r_p=0.000000 | r_c=0.000000 | r_s=0.004180 | status=running
[UL Convergence] | phase=optimize | user=2 | block=2 | n_kl=80 | epoch=39/1000 | objective=-16.125332 | rate=16.116714 | power=29.999945 | r_p=0.000000 | r_c=0.000000 | r_s=0.004769 | status=running
[UL Convergence] | phase=optimize | user=2 | block=2 | n_kl=80 | epoch=40/1000 | objective=-16.125280 | rate=16.116663 | power=29.999939 | r_p=0.000000 | r_c=0.000000 | r_s=0.004570 | status=running
[UL Convergence] | phase=optimize | user=2 | block=2 | n_kl=80 | epoch=41/1000 | objective=-16.125076 | rate=16.116459 | power=29.999945 | r_p=0.000000 | r_c=0.000000 | r_s=0.003758 | status=running
[UL Convergence] | phase=optimize | user=2 | block=2 | n_kl=80 | epoch=42/1000 | objective=-16.124945 | rate=16.116329 | power=29.999939 | r_p=0.000000 | r_c=0.000000 | r_s=0.002746 | status=running
[UL Convergence] | phase=optimize | user=2 | block=2 | n_kl=80 | epoch=43/1000 | objective=-16.125031 | rate=16.116415 | power=29.999945 | r_p=0.000000 | r_c=0.000000 | r_s=0.002319 | status=running
[UL Convergence] | phase=optimize | user=2 | block=2 | n_kl=80 | epoch=44/1000 | objective=-16.125256 | rate=16.116638 | power=29.999945 | r_p=0.000000 | r_c=0.000000 | r_s=0.002935 | status=running
[UL Convergence] | phase=optimize | user=2 | block=2 | n_kl=80 | epoch=45/1000 | objective=-16.125418 | rate=16.116800 | power=29.999945 | r_p=0.000000 | r_c=0.000000 | r_s=0.003621 | status=running
[UL Convergence] | phase=optimize | user=2 | block=2 | n_kl=80 | epoch=46/1000 | objective=-16.125395 | rate=16.116777 | power=29.999939 | r_p=0.000000 | r_c=0.000000 | r_s=0.003632 | status=running
[UL Convergence] | phase=optimize | user=2 | block=2 | n_kl=80 | epoch=47/1000 | objective=-16.125269 | rate=16.116652 | power=29.999935 | r_p=0.000000 | r_c=0.000000 | r_s=0.002894 | status=running
[UL Convergence] | phase=optimize | user=2 | block=2 | n_kl=80 | epoch=48/1000 | objective=-16.125196 | rate=16.116579 | power=29.999935 | r_p=0.000000 | r_c=0.000000 | r_s=0.001901 | status=running
[UL Convergence] | phase=optimize | user=2 | block=2 | n_kl=80 | epoch=49/1000 | objective=-16.125246 | rate=16.116629 | power=29.999939 | r_p=0.000000 | r_c=0.000000 | r_s=0.001718 | status=running
[UL Convergence] | phase=optimize | user=2 | block=2 | n_kl=80 | epoch=50/1000 | objective=-16.125381 | rate=16.116764 | power=29.999945 | r_p=0.000000 | r_c=0.000000 | r_s=0.002350 | status=running
[UL Convergence] | phase=optimize | user=2 | block=2 | n_kl=80 | epoch=51/1000 | objective=-16.125463 | rate=16.116846 | power=29.999939 | r_p=0.000000 | r_c=0.000000 | r_s=0.002774 | status=running
[UL Convergence] | phase=optimize | user=2 | block=2 | n_kl=80 | epoch=52/1000 | objective=-16.125443 | rate=16.116825 | power=29.999935 | r_p=0.000000 | r_c=0.000000 | r_s=0.002683 | status=running
[UL Convergence] | phase=optimize | user=2 | block=2 | n_kl=80 | epoch=53/1000 | objective=-16.125374 | rate=16.116756 | power=29.999945 | r_p=0.000000 | r_c=0.000000 | r_s=0.002144 | status=running
[UL Convergence] | phase=optimize | user=2 | block=2 | n_kl=80 | epoch=54/1000 | objective=-16.125330 | rate=16.116713 | power=29.999939 | r_p=0.000000 | r_c=0.000000 | r_s=0.001449 | status=running
[UL Convergence] | phase=optimize | user=2 | block=2 | n_kl=80 | epoch=55/1000 | objective=-16.125380 | rate=16.116762 | power=29.999939 | r_p=0.000000 | r_c=0.000000 | r_s=0.001295 | status=running
[UL Convergence] | phase=optimize | user=2 | block=2 | n_kl=80 | epoch=56/1000 | objective=-16.125458 | rate=16.116840 | power=29.999945 | r_p=0.000000 | r_c=0.000000 | r_s=0.001832 | status=running
[UL Convergence] | phase=optimize | user=2 | block=2 | n_kl=80 | epoch=57/1000 | objective=-16.125492 | rate=16.116875 | power=29.999935 | r_p=0.000000 | r_c=0.000000 | r_s=0.002210 | status=running
[UL Convergence] | phase=optimize | user=2 | block=2 | n_kl=80 | epoch=58/1000 | objective=-16.125467 | rate=16.116850 | power=29.999935 | r_p=0.000000 | r_c=0.000000 | r_s=0.002044 | status=running
[UL Convergence] | phase=optimize | user=2 | block=2 | n_kl=80 | epoch=59/1000 | objective=-16.125416 | rate=16.116798 | power=29.999945 | r_p=0.000000 | r_c=0.000000 | r_s=0.001394 | status=running
[UL Convergence] | phase=optimize | user=2 | block=2 | n_kl=80 | epoch=60/1000 | objective=-16.125412 | rate=16.116795 | power=29.999939 | r_p=0.000000 | r_c=0.000000 | r_s=8.197517e-04 | status=running
[UL Convergence] | phase=optimize | user=2 | block=2 | n_kl=80 | epoch=61/1000 | objective=-16.125452 | rate=16.116835 | power=29.999939 | r_p=0.000000 | r_c=0.000000 | r_s=0.001181 | status=running
[UL Convergence] | phase=optimize | user=2 | block=2 | n_kl=80 | epoch=62/1000 | objective=-16.125498 | rate=16.116880 | power=29.999939 | r_p=0.000000 | r_c=0.000000 | r_s=0.001637 | status=running
[UL Convergence] | phase=optimize | user=2 | block=2 | n_kl=80 | epoch=63/1000 | objective=-16.125500 | rate=16.116882 | power=29.999939 | r_p=0.000000 | r_c=0.000000 | r_s=0.001673 | status=running
[UL Convergence] | phase=optimize | user=2 | block=2 | n_kl=80 | epoch=64/1000 | objective=-16.125469 | rate=16.116852 | power=29.999939 | r_p=0.000000 | r_c=0.000000 | r_s=0.001325 | status=running
[UL Convergence] | phase=optimize | user=2 | block=2 | n_kl=80 | epoch=65/1000 | objective=-16.125450 | rate=16.116833 | power=29.999935 | r_p=0.000000 | r_c=0.000000 | r_s=8.733297e-04 | status=running
[UL Convergence] | phase=optimize | user=2 | block=2 | n_kl=80 | epoch=66/1000 | objective=-16.125462 | rate=16.116844 | power=29.999939 | r_p=0.000000 | r_c=0.000000 | r_s=7.934925e-04 | status=running
[UL Convergence] | phase=optimize | user=2 | block=2 | n_kl=80 | epoch=67/1000 | objective=-16.125492 | rate=16.116875 | power=29.999939 | r_p=0.000000 | r_c=0.000000 | r_s=0.001093 | status=running
[UL Convergence] | phase=optimize | user=2 | block=2 | n_kl=80 | epoch=68/1000 | objective=-16.125507 | rate=16.116890 | power=29.999939 | r_p=0.000000 | r_c=0.000000 | r_s=0.001302 | status=running
[UL Convergence] | phase=optimize | user=2 | block=2 | n_kl=80 | epoch=69/1000 | objective=-16.125492 | rate=16.116875 | power=29.999939 | r_p=0.000000 | r_c=0.000000 | r_s=0.001219 | status=running
[UL Convergence] | phase=optimize | user=2 | block=2 | n_kl=80 | epoch=70/1000 | objective=-16.125471 | rate=16.116854 | power=29.999939 | r_p=0.000000 | r_c=0.000000 | r_s=8.565847e-04 | status=running
[UL Convergence] | phase=optimize | user=2 | block=2 | n_kl=80 | epoch=71/1000 | objective=-16.125479 | rate=16.116861 | power=29.999939 | r_p=0.000000 | r_c=0.000000 | r_s=5.286556e-04 | status=kkt_converged
[UL Convergence Result] | user=2 | block=2 | n_kl=80 | achieved_rate=16.116890 | power=29.999939 | rate_gap=-8.616890 | power_gap=-6.103516e-05 | solve_status=kkt_converged
[UL Convergence Allocation] | user=2 | block=2 | n_kl=80 | requested_bits=600 | served_bits=600 | full_service=true
[UL Convergence Block] | user=2 | block=2 | stage=post_T | served_bits=600 | unserved_bits=0
[UL Convergence Reduction] | user=2 | block=2 | served_bits=600 | n_start=79 | n_min=1
[UL Convergence Solve] | user=2 | block=2 | stage=reduced_n | n_kl=79 | served_bits=600
[UL Convergence] | phase=optimize | user=2 | block=2 | n_kl=79 | epoch=1/1000 | objective=-16.112474 | rate=16.103966 | power=29.999939 | r_p=0.000000 | r_c=0.000000 | r_s=inf | status=running
[UL Convergence] | phase=optimize | user=2 | block=2 | n_kl=79 | epoch=2/1000 | objective=-16.112455 | rate=16.103947 | power=29.999935 | r_p=0.000000 | r_c=0.000000 | r_s=0.001220 | status=running
[UL Convergence] | phase=optimize | user=2 | block=2 | n_kl=79 | epoch=3/1000 | objective=-16.112446 | rate=16.103937 | power=29.999945 | r_p=0.000000 | r_c=0.000000 | r_s=8.584197e-04 | status=running
[UL Convergence] | phase=optimize | user=2 | block=2 | n_kl=79 | epoch=4/1000 | objective=-16.112440 | rate=16.103931 | power=29.999935 | r_p=0.000000 | r_c=0.000000 | r_s=5.290140e-04 | status=kkt_converged
[UL Convergence Candidate] | user=2 | block=2 | n_kl=79 | achieved_rate=16.103966 | rate_gap=-8.509029 | power_gap=-6.103516e-05 | status=accepted
[UL Convergence Solve] | user=2 | block=2 | stage=reduced_n | n_kl=70 | served_bits=600
[UL Convergence] | phase=optimize | user=2 | block=2 | n_kl=70 | epoch=1/1000 | objective=-15.982834 | rate=15.975430 | power=29.999935 | r_p=0.000000 | r_c=0.000000 | r_s=inf | status=running
[UL Convergence] | phase=optimize | user=2 | block=2 | n_kl=70 | epoch=2/1000 | objective=-15.982831 | rate=15.975427 | power=29.999939 | r_p=0.000000 | r_c=0.000000 | r_s=0.001233 | status=running
[UL Convergence] | phase=optimize | user=2 | block=2 | n_kl=70 | epoch=3/1000 | objective=-15.982821 | rate=15.975416 | power=29.999939 | r_p=0.000000 | r_c=0.000000 | r_s=8.777026e-04 | status=running
[UL Convergence] | phase=optimize | user=2 | block=2 | n_kl=70 | epoch=4/1000 | objective=-15.982813 | rate=15.975409 | power=29.999935 | r_p=0.000000 | r_c=0.000000 | r_s=5.331334e-04 | status=kkt_converged
[UL Convergence Candidate] | user=2 | block=2 | n_kl=70 | achieved_rate=15.975430 | rate_gap=-7.404001 | power_gap=-6.484985e-05 | status=accepted
[UL Convergence Solve] | user=2 | block=2 | stage=reduced_n | n_kl=60 | served_bits=600
[UL Convergence] | phase=optimize | user=2 | block=2 | n_kl=60 | epoch=1/1000 | objective=-15.805744 | rate=15.799944 | power=29.999939 | r_p=0.000000 | r_c=0.000000 | r_s=inf | status=running
[UL Convergence] | phase=optimize | user=2 | block=2 | n_kl=60 | epoch=2/1000 | objective=-15.805737 | rate=15.799936 | power=29.999935 | r_p=0.000000 | r_c=0.000000 | r_s=8.974515e-04 | status=running
[UL Convergence] | phase=optimize | user=2 | block=2 | n_kl=60 | epoch=3/1000 | objective=-15.805738 | rate=15.799938 | power=29.999935 | r_p=0.000000 | r_c=0.000000 | r_s=5.424745e-04 | status=kkt_converged
[UL Convergence Candidate] | user=2 | block=2 | n_kl=60 | achieved_rate=15.799944 | rate_gap=-5.799944 | power_gap=-6.103516e-05 | status=accepted
[UL Convergence Solve] | user=2 | block=2 | stage=reduced_n | n_kl=50 | served_bits=600
[UL Convergence] | phase=optimize | user=2 | block=2 | n_kl=50 | epoch=1/1000 | objective=-15.577744 | rate=15.574170 | power=29.999935 | r_p=0.000000 | r_c=0.000000 | r_s=inf | status=running
[UL Convergence] | phase=optimize | user=2 | block=2 | n_kl=50 | epoch=2/1000 | objective=-15.577714 | rate=15.574140 | power=29.999935 | r_p=0.000000 | r_c=0.000000 | r_s=9.276641e-04 | status=running
[UL Convergence] | phase=optimize | user=2 | block=2 | n_kl=50 | epoch=3/1000 | objective=-15.577723 | rate=15.574148 | power=29.999935 | r_p=0.000000 | r_c=0.000000 | r_s=5.535137e-04 | status=kkt_converged
[UL Convergence Candidate] | user=2 | block=2 | n_kl=50 | achieved_rate=15.574170 | rate_gap=-3.574170 | power_gap=-6.484985e-05 | status=accepted
[UL Convergence Solve] | user=2 | block=2 | stage=reduced_n | n_kl=40 | served_bits=600
[UL Convergence] | phase=optimize | user=2 | block=2 | n_kl=40 | epoch=1/1000 | objective=-15.268565 | rate=15.268297 | power=29.999939 | r_p=0.000000 | r_c=0.000000 | r_s=inf | status=running
[UL Convergence] | phase=optimize | user=2 | block=2 | n_kl=40 | epoch=2/1000 | objective=-15.268558 | rate=15.268290 | power=29.999945 | r_p=0.000000 | r_c=0.000000 | r_s=9.612890e-04 | status=running
[UL Convergence] | phase=optimize | user=2 | block=2 | n_kl=40 | epoch=3/1000 | objective=-15.268552 | rate=15.268284 | power=29.999935 | r_p=0.000000 | r_c=0.000000 | r_s=5.793132e-04 | status=kkt_converged
[UL Convergence Candidate] | user=2 | block=2 | n_kl=40 | achieved_rate=15.268297 | rate_gap=-0.268297 | power_gap=-6.103516e-05 | status=accepted
[UL Convergence Reduction] | user=2 | block=2 | n_kl=39 | status=stop_infeasible
[UL Convergence Final] | user=2 | block=2 | feasible_points=41 | chosen_n_kl=40 | served_bits=600 | achieved_rate=15.268297 | power=29.999939 | solve_status=kkt_converged
[UL Convergence Allocation] | user=2 | block=2 | chosen_n_kl=40 | served_bits=600 | unserved_bits=0 | mode=fixed_block_targets
[UL Convergence Train] | user=2 | block=3 | target_bits=600 | mode=fixed_block_targets
[UL Convergence Block] | user=2 | block=3 | budget_mode=target_bits | requested_bits=600
[UL Convergence Solve] | user=2 | block=3 | stage=n=T | n_kl=80 | requested_bits=600
[UL Convergence] | phase=optimize | user=2 | block=3 | n_kl=80 | epoch=1/1000 | objective=-16.497116 | rate=16.488129 | power=29.999935 | r_p=0.000000 | r_c=0.000000 | r_s=inf | status=running
[UL Convergence] | phase=optimize | user=2 | block=3 | n_kl=80 | epoch=2/1000 | objective=-16.461885 | rate=16.452932 | power=29.999939 | r_p=0.000000 | r_c=0.000000 | r_s=0.102747 | status=running
[UL Convergence] | phase=optimize | user=2 | block=3 | n_kl=80 | epoch=3/1000 | objective=-16.494263 | rate=16.485277 | power=29.999945 | r_p=0.000000 | r_c=0.000000 | r_s=0.052927 | status=running
[UL Convergence] | phase=optimize | user=2 | block=3 | n_kl=80 | epoch=4/1000 | objective=-16.493998 | rate=16.485012 | power=29.999945 | r_p=0.000000 | r_c=0.000000 | r_s=0.047490 | status=running
[UL Convergence] | phase=optimize | user=2 | block=3 | n_kl=80 | epoch=5/1000 | objective=-16.487701 | rate=16.478724 | power=29.999939 | r_p=0.000000 | r_c=0.000000 | r_s=0.027164 | status=running
[UL Convergence] | phase=optimize | user=2 | block=3 | n_kl=80 | epoch=6/1000 | objective=-16.492287 | rate=16.483303 | power=29.999939 | r_p=0.000000 | r_c=0.000000 | r_s=0.021512 | status=running
[UL Convergence] | phase=optimize | user=2 | block=3 | n_kl=80 | epoch=7/1000 | objective=-16.497828 | rate=16.488838 | power=29.999945 | r_p=0.000000 | r_c=0.000000 | r_s=0.023523 | status=running
[UL Convergence] | phase=optimize | user=2 | block=3 | n_kl=80 | epoch=8/1000 | objective=-16.499378 | rate=16.490387 | power=29.999939 | r_p=0.000000 | r_c=0.000000 | r_s=0.022111 | status=running
[UL Convergence] | phase=optimize | user=2 | block=3 | n_kl=80 | epoch=9/1000 | objective=-16.498463 | rate=16.489473 | power=29.999945 | r_p=0.000000 | r_c=0.000000 | r_s=0.018939 | status=running
[UL Convergence] | phase=optimize | user=2 | block=3 | n_kl=80 | epoch=10/1000 | objective=-16.497705 | rate=16.488716 | power=29.999945 | r_p=0.000000 | r_c=0.000000 | r_s=0.015734 | status=running
[UL Convergence] | phase=optimize | user=2 | block=3 | n_kl=80 | epoch=11/1000 | objective=-16.498457 | rate=16.489468 | power=29.999945 | r_p=0.000000 | r_c=0.000000 | r_s=0.013730 | status=running
[UL Convergence] | phase=optimize | user=2 | block=3 | n_kl=80 | epoch=12/1000 | objective=-16.500242 | rate=16.491251 | power=29.999935 | r_p=0.000000 | r_c=0.000000 | r_s=0.013564 | status=running
[UL Convergence] | phase=optimize | user=2 | block=3 | n_kl=80 | epoch=13/1000 | objective=-16.501652 | rate=16.492659 | power=29.999939 | r_p=0.000000 | r_c=0.000000 | r_s=0.013933 | status=running
[UL Convergence] | phase=optimize | user=2 | block=3 | n_kl=80 | epoch=14/1000 | objective=-16.501890 | rate=16.492897 | power=29.999939 | r_p=0.000000 | r_c=0.000000 | r_s=0.013554 | status=running
[UL Convergence] | phase=optimize | user=2 | block=3 | n_kl=80 | epoch=15/1000 | objective=-16.501347 | rate=16.492353 | power=29.999945 | r_p=0.000000 | r_c=0.000000 | r_s=0.011968 | status=running
[UL Convergence] | phase=optimize | user=2 | block=3 | n_kl=80 | epoch=16/1000 | objective=-16.501118 | rate=16.492126 | power=29.999939 | r_p=0.000000 | r_c=0.000000 | r_s=0.009945 | status=running
[UL Convergence] | phase=optimize | user=2 | block=3 | n_kl=80 | epoch=17/1000 | objective=-16.501707 | rate=16.492714 | power=29.999945 | r_p=0.000000 | r_c=0.000000 | r_s=0.009111 | status=running
[UL Convergence] | phase=optimize | user=2 | block=3 | n_kl=80 | epoch=18/1000 | objective=-16.502640 | rate=16.493647 | power=29.999939 | r_p=0.000000 | r_c=0.000000 | r_s=0.009528 | status=running
[UL Convergence] | phase=optimize | user=2 | block=3 | n_kl=80 | epoch=19/1000 | objective=-16.503233 | rate=16.494238 | power=29.999939 | r_p=0.000000 | r_c=0.000000 | r_s=0.010102 | status=running
[UL Convergence] | phase=optimize | user=2 | block=3 | n_kl=80 | epoch=20/1000 | objective=-16.503168 | rate=16.494173 | power=29.999945 | r_p=0.000000 | r_c=0.000000 | r_s=0.009675 | status=running
[UL Convergence] | phase=optimize | user=2 | block=3 | n_kl=80 | epoch=21/1000 | objective=-16.502861 | rate=16.493868 | power=29.999945 | r_p=0.000000 | r_c=0.000000 | r_s=0.008059 | status=running
[UL Convergence] | phase=optimize | user=2 | block=3 | n_kl=80 | epoch=22/1000 | objective=-16.502897 | rate=16.493904 | power=29.999939 | r_p=0.000000 | r_c=0.000000 | r_s=0.006749 | status=running
[UL Convergence] | phase=optimize | user=2 | block=3 | n_kl=80 | epoch=23/1000 | objective=-16.503330 | rate=16.494335 | power=29.999945 | r_p=0.000000 | r_c=0.000000 | r_s=0.007024 | status=running
[UL Convergence] | phase=optimize | user=2 | block=3 | n_kl=80 | epoch=24/1000 | objective=-16.503704 | rate=16.494709 | power=29.999945 | r_p=0.000000 | r_c=0.000000 | r_s=0.007558 | status=running
[UL Convergence] | phase=optimize | user=2 | block=3 | n_kl=80 | epoch=25/1000 | objective=-16.503849 | rate=16.494854 | power=29.999945 | r_p=0.000000 | r_c=0.000000 | r_s=0.007306 | status=running
[UL Convergence] | phase=optimize | user=2 | block=3 | n_kl=80 | epoch=26/1000 | objective=-16.503864 | rate=16.494869 | power=29.999945 | r_p=0.000000 | r_c=0.000000 | r_s=0.006626 | status=running
[UL Convergence] | phase=optimize | user=2 | block=3 | n_kl=80 | epoch=27/1000 | objective=-16.503862 | rate=16.494867 | power=29.999945 | r_p=0.000000 | r_c=0.000000 | r_s=0.006107 | status=running
[UL Convergence] | phase=optimize | user=2 | block=3 | n_kl=80 | epoch=28/1000 | objective=-16.503887 | rate=16.494892 | power=29.999945 | r_p=0.000000 | r_c=0.000000 | r_s=0.005713 | status=running
[UL Convergence] | phase=optimize | user=2 | block=3 | n_kl=80 | epoch=29/1000 | objective=-16.503971 | rate=16.494976 | power=29.999945 | r_p=0.000000 | r_c=0.000000 | r_s=0.005308 | status=running
[UL Convergence] | phase=optimize | user=2 | block=3 | n_kl=80 | epoch=30/1000 | objective=-16.504139 | rate=16.495144 | power=29.999945 | r_p=0.000000 | r_c=0.000000 | r_s=0.005105 | status=running
[UL Convergence] | phase=optimize | user=2 | block=3 | n_kl=80 | epoch=31/1000 | objective=-16.504337 | rate=16.495342 | power=29.999945 | r_p=0.000000 | r_c=0.000000 | r_s=0.005234 | status=running
[UL Convergence] | phase=optimize | user=2 | block=3 | n_kl=80 | epoch=32/1000 | objective=-16.504396 | rate=16.495401 | power=29.999939 | r_p=0.000000 | r_c=0.000000 | r_s=0.005306 | status=running
[UL Convergence] | phase=optimize | user=2 | block=3 | n_kl=80 | epoch=33/1000 | objective=-16.504309 | rate=16.495314 | power=29.999945 | r_p=0.000000 | r_c=0.000000 | r_s=0.004818 | status=running
[UL Convergence] | phase=optimize | user=2 | block=3 | n_kl=80 | epoch=34/1000 | objective=-16.504229 | rate=16.495234 | power=29.999939 | r_p=0.000000 | r_c=0.000000 | r_s=0.003857 | status=running
[UL Convergence] | phase=optimize | user=2 | block=3 | n_kl=80 | epoch=35/1000 | objective=-16.504332 | rate=16.495337 | power=29.999945 | r_p=0.000000 | r_c=0.000000 | r_s=0.003456 | status=running
[UL Convergence] | phase=optimize | user=2 | block=3 | n_kl=80 | epoch=36/1000 | objective=-16.504547 | rate=16.495552 | power=29.999939 | r_p=0.000000 | r_c=0.000000 | r_s=0.004084 | status=running
[UL Convergence] | phase=optimize | user=2 | block=3 | n_kl=80 | epoch=37/1000 | objective=-16.504652 | rate=16.495657 | power=29.999939 | r_p=0.000000 | r_c=0.000000 | r_s=0.004541 | status=running
[UL Convergence] | phase=optimize | user=2 | block=3 | n_kl=80 | epoch=38/1000 | objective=-16.504562 | rate=16.495567 | power=29.999939 | r_p=0.000000 | r_c=0.000000 | r_s=0.004099 | status=running
[UL Convergence] | phase=optimize | user=2 | block=3 | n_kl=80 | epoch=39/1000 | objective=-16.504450 | rate=16.495455 | power=29.999939 | r_p=0.000000 | r_c=0.000000 | r_s=0.002987 | status=running
[UL Convergence] | phase=optimize | user=2 | block=3 | n_kl=80 | epoch=40/1000 | objective=-16.504492 | rate=16.495497 | power=29.999939 | r_p=0.000000 | r_c=0.000000 | r_s=0.002382 | status=running
[UL Convergence] | phase=optimize | user=2 | block=3 | n_kl=80 | epoch=41/1000 | objective=-16.504662 | rate=16.495667 | power=29.999939 | r_p=0.000000 | r_c=0.000000 | r_s=0.003059 | status=running
[UL Convergence] | phase=optimize | user=2 | block=3 | n_kl=80 | epoch=42/1000 | objective=-16.504753 | rate=16.495758 | power=29.999935 | r_p=0.000000 | r_c=0.000000 | r_s=0.003655 | status=running
[UL Convergence] | phase=optimize | user=2 | block=3 | n_kl=80 | epoch=43/1000 | objective=-16.504696 | rate=16.495701 | power=29.999939 | r_p=0.000000 | r_c=0.000000 | r_s=0.003358 | status=running
[UL Convergence] | phase=optimize | user=2 | block=3 | n_kl=80 | epoch=44/1000 | objective=-16.504612 | rate=16.495617 | power=29.999939 | r_p=0.000000 | r_c=0.000000 | r_s=0.002346 | status=running
[UL Convergence] | phase=optimize | user=2 | block=3 | n_kl=80 | epoch=45/1000 | objective=-16.504625 | rate=16.495630 | power=29.999939 | r_p=0.000000 | r_c=0.000000 | r_s=0.001767 | status=running
[UL Convergence] | phase=optimize | user=2 | block=3 | n_kl=80 | epoch=46/1000 | objective=-16.504730 | rate=16.495735 | power=29.999939 | r_p=0.000000 | r_c=0.000000 | r_s=0.002390 | status=running
[UL Convergence] | phase=optimize | user=2 | block=3 | n_kl=80 | epoch=47/1000 | objective=-16.504787 | rate=16.495792 | power=29.999939 | r_p=0.000000 | r_c=0.000000 | r_s=0.002903 | status=running
[UL Convergence] | phase=optimize | user=2 | block=3 | n_kl=80 | epoch=48/1000 | objective=-16.504757 | rate=16.495762 | power=29.999939 | r_p=0.000000 | r_c=0.000000 | r_s=0.002709 | status=running
[UL Convergence] | phase=optimize | user=2 | block=3 | n_kl=80 | epoch=49/1000 | objective=-16.504704 | rate=16.495708 | power=29.999939 | r_p=0.000000 | r_c=0.000000 | r_s=0.001956 | status=running
[UL Convergence] | phase=optimize | user=2 | block=3 | n_kl=80 | epoch=50/1000 | objective=-16.504711 | rate=16.495716 | power=29.999945 | r_p=0.000000 | r_c=0.000000 | r_s=0.001469 | status=running
[UL Convergence] | phase=optimize | user=2 | block=3 | n_kl=80 | epoch=51/1000 | objective=-16.504774 | rate=16.495779 | power=29.999939 | r_p=0.000000 | r_c=0.000000 | r_s=0.001906 | status=running
[UL Convergence] | phase=optimize | user=2 | block=3 | n_kl=80 | epoch=52/1000 | objective=-16.504810 | rate=16.495815 | power=29.999945 | r_p=0.000000 | r_c=0.000000 | r_s=0.002275 | status=running
[UL Convergence] | phase=optimize | user=2 | block=3 | n_kl=80 | epoch=53/1000 | objective=-16.504803 | rate=16.495808 | power=29.999945 | r_p=0.000000 | r_c=0.000000 | r_s=0.002121 | status=running
[UL Convergence] | phase=optimize | user=2 | block=3 | n_kl=80 | epoch=54/1000 | objective=-16.504774 | rate=16.495779 | power=29.999945 | r_p=0.000000 | r_c=0.000000 | r_s=0.001626 | status=running
[UL Convergence] | phase=optimize | user=2 | block=3 | n_kl=80 | epoch=55/1000 | objective=-16.504774 | rate=16.495779 | power=29.999945 | r_p=0.000000 | r_c=0.000000 | r_s=0.001274 | status=running
[UL Convergence] | phase=optimize | user=2 | block=3 | n_kl=80 | epoch=56/1000 | objective=-16.504797 | rate=16.495802 | power=29.999939 | r_p=0.000000 | r_c=0.000000 | r_s=0.001484 | status=running
[UL Convergence] | phase=optimize | user=2 | block=3 | n_kl=80 | epoch=57/1000 | objective=-16.504827 | rate=16.495832 | power=29.999945 | r_p=0.000000 | r_c=0.000000 | r_s=0.001782 | status=running
[UL Convergence] | phase=optimize | user=2 | block=3 | n_kl=80 | epoch=58/1000 | objective=-16.504826 | rate=16.495831 | power=29.999945 | r_p=0.000000 | r_c=0.000000 | r_s=0.001702 | status=running
[UL Convergence] | phase=optimize | user=2 | block=3 | n_kl=80 | epoch=59/1000 | objective=-16.504805 | rate=16.495810 | power=29.999945 | r_p=0.000000 | r_c=0.000000 | r_s=0.001295 | status=running
[UL Convergence] | phase=optimize | user=2 | block=3 | n_kl=80 | epoch=60/1000 | objective=-16.504805 | rate=16.495810 | power=29.999945 | r_p=0.000000 | r_c=0.000000 | r_s=0.001036 | status=running
[UL Convergence] | phase=optimize | user=2 | block=3 | n_kl=80 | epoch=61/1000 | objective=-16.504829 | rate=16.495834 | power=29.999945 | r_p=0.000000 | r_c=0.000000 | r_s=0.001230 | status=running
[UL Convergence] | phase=optimize | user=2 | block=3 | n_kl=80 | epoch=62/1000 | objective=-16.504837 | rate=16.495842 | power=29.999939 | r_p=0.000000 | r_c=0.000000 | r_s=0.001414 | status=running
[UL Convergence] | phase=optimize | user=2 | block=3 | n_kl=80 | epoch=63/1000 | objective=-16.504829 | rate=16.495834 | power=29.999945 | r_p=0.000000 | r_c=0.000000 | r_s=0.001317 | status=running
[UL Convergence] | phase=optimize | user=2 | block=3 | n_kl=80 | epoch=64/1000 | objective=-16.504827 | rate=16.495832 | power=29.999945 | r_p=0.000000 | r_c=0.000000 | r_s=0.001043 | status=running
[UL Convergence] | phase=optimize | user=2 | block=3 | n_kl=80 | epoch=65/1000 | objective=-16.504822 | rate=16.495827 | power=29.999945 | r_p=0.000000 | r_c=0.000000 | r_s=8.918727e-04 | status=running
[UL Convergence] | phase=optimize | user=2 | block=3 | n_kl=80 | epoch=66/1000 | objective=-16.504835 | rate=16.495840 | power=29.999945 | r_p=0.000000 | r_c=0.000000 | r_s=9.744887e-04 | status=running
[UL Convergence] | phase=optimize | user=2 | block=3 | n_kl=80 | epoch=67/1000 | objective=-16.504845 | rate=16.495850 | power=29.999945 | r_p=0.000000 | r_c=0.000000 | r_s=0.001091 | status=running
[UL Convergence] | phase=optimize | user=2 | block=3 | n_kl=80 | epoch=68/1000 | objective=-16.504835 | rate=16.495840 | power=29.999945 | r_p=0.000000 | r_c=0.000000 | r_s=0.001063 | status=running
[UL Convergence] | phase=optimize | user=2 | block=3 | n_kl=80 | epoch=69/1000 | objective=-16.504839 | rate=16.495844 | power=29.999939 | r_p=0.000000 | r_c=0.000000 | r_s=8.143872e-04 | status=running
[UL Convergence] | phase=optimize | user=2 | block=3 | n_kl=80 | epoch=70/1000 | objective=-16.504837 | rate=16.495842 | power=29.999945 | r_p=0.000000 | r_c=0.000000 | r_s=6.180348e-04 | status=running
[UL Convergence] | phase=optimize | user=2 | block=3 | n_kl=80 | epoch=71/1000 | objective=-16.504843 | rate=16.495848 | power=29.999939 | r_p=0.000000 | r_c=0.000000 | r_s=7.908897e-04 | status=running
[UL Convergence] | phase=optimize | user=2 | block=3 | n_kl=80 | epoch=72/1000 | objective=-16.504847 | rate=16.495852 | power=29.999945 | r_p=0.000000 | r_c=0.000000 | r_s=9.048471e-04 | status=running
[UL Convergence] | phase=optimize | user=2 | block=3 | n_kl=80 | epoch=73/1000 | objective=-16.504837 | rate=16.495842 | power=29.999945 | r_p=0.000000 | r_c=0.000000 | r_s=7.885585e-04 | status=running
[UL Convergence] | phase=optimize | user=2 | block=3 | n_kl=80 | epoch=74/1000 | objective=-16.504839 | rate=16.495844 | power=29.999950 | r_p=0.000000 | r_c=0.000000 | r_s=5.716362e-04 | status=kkt_converged
[UL Convergence Result] | user=2 | block=3 | n_kl=80 | achieved_rate=16.495852 | power=29.999945 | rate_gap=-8.995852 | power_gap=-5.531311e-05 | solve_status=kkt_converged
[UL Convergence Allocation] | user=2 | block=3 | n_kl=80 | requested_bits=600 | served_bits=600 | full_service=true
[UL Convergence Block] | user=2 | block=3 | stage=post_T | served_bits=600 | unserved_bits=0
[UL Convergence Reduction] | user=2 | block=3 | served_bits=600 | n_start=79 | n_min=1
[UL Convergence Solve] | user=2 | block=3 | stage=reduced_n | n_kl=79 | served_bits=600
[UL Convergence] | phase=optimize | user=2 | block=3 | n_kl=79 | epoch=1/1000 | objective=-16.491817 | rate=16.482929 | power=29.999945 | r_p=0.000000 | r_c=0.000000 | r_s=inf | status=running
[UL Convergence] | phase=optimize | user=2 | block=3 | n_kl=79 | epoch=2/1000 | objective=-16.491821 | rate=16.482933 | power=29.999945 | r_p=0.000000 | r_c=0.000000 | r_s=7.896397e-04 | status=running
[UL Convergence] | phase=optimize | user=2 | block=3 | n_kl=79 | epoch=3/1000 | objective=-16.491806 | rate=16.482918 | power=29.999945 | r_p=0.000000 | r_c=0.000000 | r_s=5.729496e-04 | status=kkt_converged
[UL Convergence Candidate] | user=2 | block=3 | n_kl=79 | achieved_rate=16.482933 | rate_gap=-8.887997 | power_gap=-5.531311e-05 | status=accepted
[UL Convergence Solve] | user=2 | block=3 | stage=reduced_n | n_kl=70 | served_bits=600
[UL Convergence] | phase=optimize | user=2 | block=3 | n_kl=70 | epoch=1/1000 | objective=-16.362200 | rate=16.354416 | power=29.999945 | r_p=0.000000 | r_c=0.000000 | r_s=inf | status=running
[UL Convergence] | phase=optimize | user=2 | block=3 | n_kl=70 | epoch=2/1000 | objective=-16.362204 | rate=16.354420 | power=29.999939 | r_p=0.000000 | r_c=0.000000 | r_s=5.847728e-04 | status=kkt_converged
[UL Convergence Candidate] | user=2 | block=3 | n_kl=70 | achieved_rate=16.354420 | rate_gap=-7.782991 | power_gap=-6.103516e-05 | status=accepted
[UL Convergence Solve] | user=2 | block=3 | stage=reduced_n | n_kl=60 | served_bits=600
[UL Convergence] | phase=optimize | user=2 | block=3 | n_kl=60 | epoch=1/1000 | objective=-16.185148 | rate=16.178968 | power=29.999945 | r_p=0.000000 | r_c=0.000000 | r_s=inf | status=running
[UL Convergence] | phase=optimize | user=2 | block=3 | n_kl=60 | epoch=2/1000 | objective=-16.185139 | rate=16.178959 | power=29.999945 | r_p=0.000000 | r_c=0.000000 | r_s=4.150260e-04 | status=kkt_converged
[UL Convergence Candidate] | user=2 | block=3 | n_kl=60 | achieved_rate=16.178968 | rate_gap=-6.178968 | power_gap=-5.531311e-05 | status=accepted
[UL Convergence Solve] | user=2 | block=3 | stage=reduced_n | n_kl=50 | served_bits=600
[UL Convergence] | phase=optimize | user=2 | block=3 | n_kl=50 | epoch=1/1000 | objective=-15.957147 | rate=15.953194 | power=29.999939 | r_p=0.000000 | r_c=0.000000 | r_s=inf | status=running
[UL Convergence] | phase=optimize | user=2 | block=3 | n_kl=50 | epoch=2/1000 | objective=-15.957152 | rate=15.953199 | power=29.999939 | r_p=0.000000 | r_c=0.000000 | r_s=3.097051e-04 | status=kkt_converged
[UL Convergence Candidate] | user=2 | block=3 | n_kl=50 | achieved_rate=15.953199 | rate_gap=-3.953199 | power_gap=-6.103516e-05 | status=accepted
[UL Convergence Solve] | user=2 | block=3 | stage=reduced_n | n_kl=40 | served_bits=600
[UL Convergence] | phase=optimize | user=2 | block=3 | n_kl=40 | epoch=1/1000 | objective=-15.648008 | rate=15.647361 | power=29.999945 | r_p=0.000000 | r_c=0.000000 | r_s=inf | status=running
[UL Convergence] | phase=optimize | user=2 | block=3 | n_kl=40 | epoch=2/1000 | objective=-15.648016 | rate=15.647368 | power=29.999939 | r_p=0.000000 | r_c=0.000000 | r_s=3.164832e-04 | status=kkt_converged
[UL Convergence Candidate] | user=2 | block=3 | n_kl=40 | achieved_rate=15.647368 | rate_gap=-0.647368 | power_gap=-6.103516e-05 | status=accepted
[UL Convergence Reduction] | user=2 | block=3 | n_kl=38 | status=stop_infeasible
[UL Convergence Final] | user=2 | block=3 | feasible_points=42 | chosen_n_kl=39 | served_bits=600 | achieved_rate=15.610467 | power=29.999945 | solve_status=kkt_converged
[UL Convergence Allocation] | user=2 | block=3 | chosen_n_kl=39 | served_bits=600 | unserved_bits=0 | mode=fixed_block_targets
[UL Convergence Train] | user=2 | block=4 | target_bits=600 | mode=fixed_block_targets
[UL Convergence Block] | user=2 | block=4 | budget_mode=target_bits | requested_bits=600
[UL Convergence Solve] | user=2 | block=4 | stage=n=T | n_kl=80 | requested_bits=600
[UL Convergence] | phase=optimize | user=2 | block=4 | n_kl=80 | epoch=1/1000 | objective=-15.040616 | rate=15.033083 | power=29.999945 | r_p=0.000000 | r_c=0.000000 | r_s=inf | status=running
[UL Convergence] | phase=optimize | user=2 | block=4 | n_kl=80 | epoch=2/1000 | objective=-15.008685 | rate=15.001184 | power=29.999945 | r_p=0.000000 | r_c=0.000000 | r_s=0.088589 | status=running
[UL Convergence] | phase=optimize | user=2 | block=4 | n_kl=80 | epoch=3/1000 | objective=-15.039392 | rate=15.031860 | power=29.999945 | r_p=0.000000 | r_c=0.000000 | r_s=0.047335 | status=running
[UL Convergence] | phase=optimize | user=2 | block=4 | n_kl=80 | epoch=4/1000 | objective=-15.038682 | rate=15.031151 | power=29.999945 | r_p=0.000000 | r_c=0.000000 | r_s=0.048298 | status=running
[UL Convergence] | phase=optimize | user=2 | block=4 | n_kl=80 | epoch=5/1000 | objective=-15.030127 | rate=15.022604 | power=29.999945 | r_p=0.000000 | r_c=0.000000 | r_s=0.026327 | status=running
[UL Convergence] | phase=optimize | user=2 | block=4 | n_kl=80 | epoch=6/1000 | objective=-15.034015 | rate=15.026488 | power=29.999945 | r_p=0.000000 | r_c=0.000000 | r_s=0.015747 | status=running
[UL Convergence] | phase=optimize | user=2 | block=4 | n_kl=80 | epoch=7/1000 | objective=-15.042289 | rate=15.034754 | power=29.999939 | r_p=0.000000 | r_c=0.000000 | r_s=0.022383 | status=running
[UL Convergence] | phase=optimize | user=2 | block=4 | n_kl=80 | epoch=8/1000 | objective=-15.044442 | rate=15.036905 | power=29.999939 | r_p=0.000000 | r_c=0.000000 | r_s=0.024116 | status=running
[UL Convergence] | phase=optimize | user=2 | block=4 | n_kl=80 | epoch=9/1000 | objective=-15.040802 | rate=15.033269 | power=29.999945 | r_p=0.000000 | r_c=0.000000 | r_s=0.019283 | status=running
[UL Convergence] | phase=optimize | user=2 | block=4 | n_kl=80 | epoch=10/1000 | objective=-15.038169 | rate=15.030639 | power=29.999945 | r_p=0.000000 | r_c=0.000000 | r_s=0.011356 | status=running
[UL Convergence] | phase=optimize | user=2 | block=4 | n_kl=80 | epoch=11/1000 | objective=-15.040079 | rate=15.032547 | power=29.999945 | r_p=0.000000 | r_c=0.000000 | r_s=0.009317 | status=running
[UL Convergence] | phase=optimize | user=2 | block=4 | n_kl=80 | epoch=12/1000 | objective=-15.043749 | rate=15.036213 | power=29.999939 | r_p=0.000000 | r_c=0.000000 | r_s=0.013134 | status=running
[UL Convergence] | phase=optimize | user=2 | block=4 | n_kl=80 | epoch=13/1000 | objective=-15.045445 | rate=15.037908 | power=29.999939 | r_p=0.000000 | r_c=0.000000 | r_s=0.014917 | status=running
[UL Convergence] | phase=optimize | user=2 | block=4 | n_kl=80 | epoch=14/1000 | objective=-15.044364 | rate=15.036827 | power=29.999945 | r_p=0.000000 | r_c=0.000000 | r_s=0.013637 | status=running
[UL Convergence] | phase=optimize | user=2 | block=4 | n_kl=80 | epoch=15/1000 | objective=-15.042542 | rate=15.035007 | power=29.999945 | r_p=0.000000 | r_c=0.000000 | r_s=0.009885 | status=running
[UL Convergence] | phase=optimize | user=2 | block=4 | n_kl=80 | epoch=16/1000 | objective=-15.042308 | rate=15.034773 | power=29.999945 | r_p=0.000000 | r_c=0.000000 | r_s=0.006196 | status=running
[UL Convergence] | phase=optimize | user=2 | block=4 | n_kl=80 | epoch=17/1000 | objective=-15.043883 | rate=15.036347 | power=29.999945 | r_p=0.000000 | r_c=0.000000 | r_s=0.007632 | status=running
[UL Convergence] | phase=optimize | user=2 | block=4 | n_kl=80 | epoch=18/1000 | objective=-15.045570 | rate=15.038033 | power=29.999939 | r_p=0.000000 | r_c=0.000000 | r_s=0.010328 | status=running
[UL Convergence] | phase=optimize | user=2 | block=4 | n_kl=80 | epoch=19/1000 | objective=-15.045912 | rate=15.038373 | power=29.999935 | r_p=0.000000 | r_c=0.000000 | r_s=0.010935 | status=running
[UL Convergence] | phase=optimize | user=2 | block=4 | n_kl=80 | epoch=20/1000 | objective=-15.045028 | rate=15.037490 | power=29.999945 | r_p=0.000000 | r_c=0.000000 | r_s=0.009178 | status=running
[UL Convergence] | phase=optimize | user=2 | block=4 | n_kl=80 | epoch=21/1000 | objective=-15.044181 | rate=15.036644 | power=29.999939 | r_p=0.000000 | r_c=0.000000 | r_s=0.005971 | status=running
[UL Convergence] | phase=optimize | user=2 | block=4 | n_kl=80 | epoch=22/1000 | objective=-15.044377 | rate=15.036840 | power=29.999939 | r_p=0.000000 | r_c=0.000000 | r_s=0.004196 | status=running
[UL Convergence] | phase=optimize | user=2 | block=4 | n_kl=80 | epoch=23/1000 | objective=-15.045341 | rate=15.037804 | power=29.999939 | r_p=0.000000 | r_c=0.000000 | r_s=0.005852 | status=running
[UL Convergence] | phase=optimize | user=2 | block=4 | n_kl=80 | epoch=24/1000 | objective=-15.046138 | rate=15.038599 | power=29.999939 | r_p=0.000000 | r_c=0.000000 | r_s=0.007504 | status=running
[UL Convergence] | phase=optimize | user=2 | block=4 | n_kl=80 | epoch=25/1000 | objective=-15.046125 | rate=15.038587 | power=29.999939 | r_p=0.000000 | r_c=0.000000 | r_s=0.007652 | status=running
[UL Convergence] | phase=optimize | user=2 | block=4 | n_kl=80 | epoch=26/1000 | objective=-15.045568 | rate=15.038030 | power=29.999945 | r_p=0.000000 | r_c=0.000000 | r_s=0.006149 | status=running
[UL Convergence] | phase=optimize | user=2 | block=4 | n_kl=80 | epoch=27/1000 | objective=-15.045185 | rate=15.037647 | power=29.999939 | r_p=0.000000 | r_c=0.000000 | r_s=0.003841 | status=running
[UL Convergence] | phase=optimize | user=2 | block=4 | n_kl=80 | epoch=28/1000 | objective=-15.045442 | rate=15.037904 | power=29.999939 | r_p=0.000000 | r_c=0.000000 | r_s=0.003429 | status=running
[UL Convergence] | phase=optimize | user=2 | block=4 | n_kl=80 | epoch=29/1000 | objective=-15.046031 | rate=15.038492 | power=29.999939 | r_p=0.000000 | r_c=0.000000 | r_s=0.005036 | status=running
[UL Convergence] | phase=optimize | user=2 | block=4 | n_kl=80 | epoch=30/1000 | objective=-15.046372 | rate=15.038834 | power=29.999939 | r_p=0.000000 | r_c=0.000000 | r_s=0.006043 | status=running
[UL Convergence] | phase=optimize | user=2 | block=4 | n_kl=80 | epoch=31/1000 | objective=-15.046220 | rate=15.038681 | power=29.999939 | r_p=0.000000 | r_c=0.000000 | r_s=0.005721 | status=running
[UL Convergence] | phase=optimize | user=2 | block=4 | n_kl=80 | epoch=32/1000 | objective=-15.045859 | rate=15.038321 | power=29.999945 | r_p=0.000000 | r_c=0.000000 | r_s=0.004093 | status=running
[UL Convergence] | phase=optimize | user=2 | block=4 | n_kl=80 | epoch=33/1000 | objective=-15.045765 | rate=15.038227 | power=29.999945 | r_p=0.000000 | r_c=0.000000 | r_s=0.002244 | status=running
[UL Convergence] | phase=optimize | user=2 | block=4 | n_kl=80 | epoch=34/1000 | objective=-15.046039 | rate=15.038500 | power=29.999939 | r_p=0.000000 | r_c=0.000000 | r_s=0.002785 | status=running
[UL Convergence] | phase=optimize | user=2 | block=4 | n_kl=80 | epoch=35/1000 | objective=-15.046374 | rate=15.038836 | power=29.999945 | r_p=0.000000 | r_c=0.000000 | r_s=0.004175 | status=running
[UL Convergence] | phase=optimize | user=2 | block=4 | n_kl=80 | epoch=36/1000 | objective=-15.046443 | rate=15.038904 | power=29.999945 | r_p=0.000000 | r_c=0.000000 | r_s=0.004641 | status=running
[UL Convergence] | phase=optimize | user=2 | block=4 | n_kl=80 | epoch=37/1000 | objective=-15.046246 | rate=15.038707 | power=29.999939 | r_p=0.000000 | r_c=0.000000 | r_s=0.003893 | status=running
[UL Convergence] | phase=optimize | user=2 | block=4 | n_kl=80 | epoch=38/1000 | objective=-15.046081 | rate=15.038542 | power=29.999939 | r_p=0.000000 | r_c=0.000000 | r_s=0.002317 | status=running
[UL Convergence] | phase=optimize | user=2 | block=4 | n_kl=80 | epoch=39/1000 | objective=-15.046153 | rate=15.038614 | power=29.999945 | r_p=0.000000 | r_c=0.000000 | r_s=0.001747 | status=running
[UL Convergence] | phase=optimize | user=2 | block=4 | n_kl=80 | epoch=40/1000 | objective=-15.046371 | rate=15.038833 | power=29.999945 | r_p=0.000000 | r_c=0.000000 | r_s=0.002950 | status=running
[UL Convergence] | phase=optimize | user=2 | block=4 | n_kl=80 | epoch=41/1000 | objective=-15.046479 | rate=15.038940 | power=29.999945 | r_p=0.000000 | r_c=0.000000 | r_s=0.003683 | status=running
[UL Convergence] | phase=optimize | user=2 | block=4 | n_kl=80 | epoch=42/1000 | objective=-15.046403 | rate=15.038864 | power=29.999945 | r_p=0.000000 | r_c=0.000000 | r_s=0.003344 | status=running
[UL Convergence] | phase=optimize | user=2 | block=4 | n_kl=80 | epoch=43/1000 | objective=-15.046292 | rate=15.038754 | power=29.999945 | r_p=0.000000 | r_c=0.000000 | r_s=0.002167 | status=running
[UL Convergence] | phase=optimize | user=2 | block=4 | n_kl=80 | epoch=44/1000 | objective=-15.046288 | rate=15.038750 | power=29.999945 | r_p=0.000000 | r_c=0.000000 | r_s=0.001314 | status=running
[UL Convergence] | phase=optimize | user=2 | block=4 | n_kl=80 | epoch=45/1000 | objective=-15.046405 | rate=15.038866 | power=29.999939 | r_p=0.000000 | r_c=0.000000 | r_s=0.001997 | status=running
[UL Convergence] | phase=optimize | user=2 | block=4 | n_kl=80 | epoch=46/1000 | objective=-15.046484 | rate=15.038945 | power=29.999939 | r_p=0.000000 | r_c=0.000000 | r_s=0.002680 | status=running
[UL Convergence] | phase=optimize | user=2 | block=4 | n_kl=80 | epoch=47/1000 | objective=-15.046474 | rate=15.038936 | power=29.999945 | r_p=0.000000 | r_c=0.000000 | r_s=0.002652 | status=running
[UL Convergence] | phase=optimize | user=2 | block=4 | n_kl=80 | epoch=48/1000 | objective=-15.046409 | rate=15.038870 | power=29.999939 | r_p=0.000000 | r_c=0.000000 | r_s=0.001974 | status=running
[UL Convergence] | phase=optimize | user=2 | block=4 | n_kl=80 | epoch=49/1000 | objective=-15.046390 | rate=15.038851 | power=29.999939 | r_p=0.000000 | r_c=0.000000 | r_s=0.001291 | status=running
[UL Convergence] | phase=optimize | user=2 | block=4 | n_kl=80 | epoch=50/1000 | objective=-15.046430 | rate=15.038891 | power=29.999939 | r_p=0.000000 | r_c=0.000000 | r_s=0.001460 | status=running
[UL Convergence] | phase=optimize | user=2 | block=4 | n_kl=80 | epoch=51/1000 | objective=-15.046489 | rate=15.038950 | power=29.999939 | r_p=0.000000 | r_c=0.000000 | r_s=0.001989 | status=running
[UL Convergence] | phase=optimize | user=2 | block=4 | n_kl=80 | epoch=52/1000 | objective=-15.046498 | rate=15.038960 | power=29.999939 | r_p=0.000000 | r_c=0.000000 | r_s=0.002134 | status=running
[UL Convergence] | phase=optimize | user=2 | block=4 | n_kl=80 | epoch=53/1000 | objective=-15.046463 | rate=15.038924 | power=29.999945 | r_p=0.000000 | r_c=0.000000 | r_s=0.001731 | status=running
[UL Convergence] | phase=optimize | user=2 | block=4 | n_kl=80 | epoch=54/1000 | objective=-15.046446 | rate=15.038907 | power=29.999939 | r_p=0.000000 | r_c=0.000000 | r_s=0.001135 | status=running
[UL Convergence] | phase=optimize | user=2 | block=4 | n_kl=80 | epoch=55/1000 | objective=-15.046469 | rate=15.038930 | power=29.999945 | r_p=0.000000 | r_c=0.000000 | r_s=0.001060 | status=running
[UL Convergence] | phase=optimize | user=2 | block=4 | n_kl=80 | epoch=56/1000 | objective=-15.046499 | rate=15.038960 | power=29.999939 | r_p=0.000000 | r_c=0.000000 | r_s=0.001505 | status=running
[UL Convergence] | phase=optimize | user=2 | block=4 | n_kl=80 | epoch=57/1000 | objective=-15.046509 | rate=15.038970 | power=29.999945 | r_p=0.000000 | r_c=0.000000 | r_s=0.001708 | status=running
[UL Convergence] | phase=optimize | user=2 | block=4 | n_kl=80 | epoch=58/1000 | objective=-15.046494 | rate=15.038956 | power=29.999945 | r_p=0.000000 | r_c=0.000000 | r_s=0.001407 | status=running
[UL Convergence] | phase=optimize | user=2 | block=4 | n_kl=80 | epoch=59/1000 | objective=-15.046467 | rate=15.038928 | power=29.999945 | r_p=0.000000 | r_c=0.000000 | r_s=8.737088e-04 | status=running
[UL Convergence] | phase=optimize | user=2 | block=4 | n_kl=80 | epoch=60/1000 | objective=-15.046491 | rate=15.038952 | power=29.999945 | r_p=0.000000 | r_c=0.000000 | r_s=8.690162e-04 | status=running
[UL Convergence] | phase=optimize | user=2 | block=4 | n_kl=80 | epoch=61/1000 | objective=-15.046513 | rate=15.038974 | power=29.999939 | r_p=0.000000 | r_c=0.000000 | r_s=0.001244 | status=running
[UL Convergence] | phase=optimize | user=2 | block=4 | n_kl=80 | epoch=62/1000 | objective=-15.046517 | rate=15.038979 | power=29.999945 | r_p=0.000000 | r_c=0.000000 | r_s=0.001326 | status=running
[UL Convergence] | phase=optimize | user=2 | block=4 | n_kl=80 | epoch=63/1000 | objective=-15.046508 | rate=15.038969 | power=29.999939 | r_p=0.000000 | r_c=0.000000 | r_s=0.001078 | status=running
[UL Convergence] | phase=optimize | user=2 | block=4 | n_kl=80 | epoch=64/1000 | objective=-15.046508 | rate=15.038969 | power=29.999939 | r_p=0.000000 | r_c=0.000000 | r_s=7.412651e-04 | status=running
[UL Convergence] | phase=optimize | user=2 | block=4 | n_kl=80 | epoch=65/1000 | objective=-15.046508 | rate=15.038969 | power=29.999945 | r_p=0.000000 | r_c=0.000000 | r_s=7.358460e-04 | status=running
[UL Convergence] | phase=optimize | user=2 | block=4 | n_kl=80 | epoch=66/1000 | objective=-15.046522 | rate=15.038983 | power=29.999945 | r_p=0.000000 | r_c=0.000000 | r_s=9.596215e-04 | status=running
[UL Convergence] | phase=optimize | user=2 | block=4 | n_kl=80 | epoch=67/1000 | objective=-15.046523 | rate=15.038984 | power=29.999945 | r_p=0.000000 | r_c=0.000000 | r_s=0.001007 | status=running
[UL Convergence] | phase=optimize | user=2 | block=4 | n_kl=80 | epoch=68/1000 | objective=-15.046515 | rate=15.038977 | power=29.999945 | r_p=0.000000 | r_c=0.000000 | r_s=8.483037e-04 | status=running
[UL Convergence] | phase=optimize | user=2 | block=4 | n_kl=80 | epoch=69/1000 | objective=-15.046510 | rate=15.038971 | power=29.999945 | r_p=0.000000 | r_c=0.000000 | r_s=5.972736e-04 | status=kkt_converged
[UL Convergence Result] | user=2 | block=4 | n_kl=80 | achieved_rate=15.038984 | power=29.999945 | rate_gap=-7.538984 | power_gap=-5.531311e-05 | solve_status=kkt_converged
[UL Convergence Allocation] | user=2 | block=4 | n_kl=80 | requested_bits=600 | served_bits=600 | full_service=true
[UL Convergence Block] | user=2 | block=4 | stage=post_T | served_bits=600 | unserved_bits=0
[UL Convergence Reduction] | user=2 | block=4 | served_bits=600 | n_start=79 | n_min=1
[UL Convergence Solve] | user=2 | block=4 | stage=reduced_n | n_kl=79 | served_bits=600
[UL Convergence] | phase=optimize | user=2 | block=4 | n_kl=79 | epoch=1/1000 | objective=-15.033489 | rate=15.026058 | power=29.999945 | r_p=0.000000 | r_c=0.000000 | r_s=inf | status=running
[UL Convergence] | phase=optimize | user=2 | block=4 | n_kl=79 | epoch=2/1000 | objective=-15.033483 | rate=15.026052 | power=29.999945 | r_p=0.000000 | r_c=0.000000 | r_s=8.473365e-04 | status=running
[UL Convergence] | phase=optimize | user=2 | block=4 | n_kl=79 | epoch=3/1000 | objective=-15.033487 | rate=15.026056 | power=29.999945 | r_p=0.000000 | r_c=0.000000 | r_s=5.966067e-04 | status=kkt_converged
[UL Convergence Candidate] | user=2 | block=4 | n_kl=79 | achieved_rate=15.026058 | rate_gap=-7.431121 | power_gap=-5.531311e-05 | status=accepted
[UL Convergence Solve] | user=2 | block=4 | stage=reduced_n | n_kl=70 | served_bits=600
[UL Convergence] | phase=optimize | user=2 | block=4 | n_kl=70 | epoch=1/1000 | objective=-14.903924 | rate=14.897598 | power=29.999945 | r_p=0.000000 | r_c=0.000000 | r_s=inf | status=running
[UL Convergence] | phase=optimize | user=2 | block=4 | n_kl=70 | epoch=2/1000 | objective=-14.903919 | rate=14.897593 | power=29.999939 | r_p=0.000000 | r_c=0.000000 | r_s=8.391360e-04 | status=running
[UL Convergence] | phase=optimize | user=2 | block=4 | n_kl=70 | epoch=3/1000 | objective=-14.903916 | rate=14.897591 | power=29.999945 | r_p=0.000000 | r_c=0.000000 | r_s=5.913091e-04 | status=kkt_converged
[UL Convergence Candidate] | user=2 | block=4 | n_kl=70 | achieved_rate=14.897598 | rate_gap=-6.326170 | power_gap=-5.531311e-05 | status=accepted
[UL Convergence Solve] | user=2 | block=4 | stage=reduced_n | n_kl=60 | served_bits=600
[UL Convergence] | phase=optimize | user=2 | block=4 | n_kl=60 | epoch=1/1000 | objective=-14.726936 | rate=14.722214 | power=29.999945 | r_p=0.000000 | r_c=0.000000 | r_s=inf | status=running
[UL Convergence] | phase=optimize | user=2 | block=4 | n_kl=60 | epoch=2/1000 | objective=-14.726929 | rate=14.722206 | power=29.999945 | r_p=0.000000 | r_c=0.000000 | r_s=8.291351e-04 | status=running
[UL Convergence] | phase=optimize | user=2 | block=4 | n_kl=60 | epoch=3/1000 | objective=-14.726925 | rate=14.722202 | power=29.999945 | r_p=0.000000 | r_c=0.000000 | r_s=5.856831e-04 | status=kkt_converged
[UL Convergence Candidate] | user=2 | block=4 | n_kl=60 | achieved_rate=14.722214 | rate_gap=-4.722214 | power_gap=-5.531311e-05 | status=accepted
[UL Convergence Solve] | user=2 | block=4 | stage=reduced_n | n_kl=50 | served_bits=600
[UL Convergence] | phase=optimize | user=2 | block=4 | n_kl=50 | epoch=1/1000 | objective=-14.499034 | rate=14.496537 | power=29.999945 | r_p=0.000000 | r_c=0.000000 | r_s=inf | status=running
[UL Convergence] | phase=optimize | user=2 | block=4 | n_kl=50 | epoch=2/1000 | objective=-14.499027 | rate=14.496531 | power=29.999945 | r_p=0.000000 | r_c=0.000000 | r_s=8.196233e-04 | status=running
[UL Convergence] | phase=optimize | user=2 | block=4 | n_kl=50 | epoch=3/1000 | objective=-14.499023 | rate=14.496527 | power=29.999945 | r_p=0.000000 | r_c=0.000000 | r_s=5.834844e-04 | status=kkt_converged
[UL Convergence Candidate] | user=2 | block=4 | n_kl=50 | achieved_rate=14.496537 | rate_gap=-2.496537 | power_gap=-5.531311e-05 | status=accepted
[UL Convergence Reduction] | user=2 | block=4 | n_kl=42 | status=stop_infeasible
[UL Convergence Final] | user=2 | block=4 | feasible_points=38 | chosen_n_kl=43 | served_bits=600 | achieved_rate=14.293660 | power=29.999939 | solve_status=kkt_converged
[UL Convergence Allocation] | user=2 | block=4 | chosen_n_kl=43 | served_bits=600 | unserved_bits=0 | mode=fixed_block_targets
logging rfbl:  [10.01972384 10.63958963 10.85683243 10.54547219 11.16733275]
logging rfbl:  [11.98300293 11.62666183 12.46949405 13.12993789 11.91705239]
logging rfbl:  [13.41409209 13.53759188 13.90594961 12.42613953 12.05575777]
Test results saved to: C:\All Codes\Taiwan_Internship\UL_UPLINK_DOWNLINK_MONTE_CARLO\Results\Uplink\Method-Convergence per epoch\conv_net__ul_fixed_block_targets_sweep_20260704_205455_conv_upd_net_loss_plain_rate_snr__s3\data\convergence_results.txt
Mirrored uplink convergence scenario results to: C:\All Codes\Taiwan_Internship\UL_UPLINK_DOWNLINK_MONTE_CARLO\Results\Uplink\Scenario-Fixed block targets\Convergence per epoch\conv_net__ul_fixed_block_targets_sweep_20260704_205455_conv_upd_net_loss_plain_rate_snr__s3
Saved uplink convergence method results to: C:\All Codes\Taiwan_Internship\UL_UPLINK_DOWNLINK_MONTE_CARLO\Results\Uplink\Method-Convergence per epoch\conv_net__ul_fixed_block_targets_sweep_20260704_205455_conv_upd_net_loss_plain_rate_snr__s3
