[DL Initial Baseline] | seed=3 | scenario=payload_completion | method=convergence | users=3 | initial_total_latency=0.305000 | initial_avg_latency=0.101667 | initial_min_latency=0.069867 | initial_max_latency=0.135667
[DL Convergence Block] | block=0 | active_users=3 | remaining_bits=6000 | objective=equal_priority_sum_rate
[DL Convergence] | phase=optimize | block=0 | epoch=1/120 | active_users=3 | updated_users=3 | objective=4.322776 | sum_rate=4.322776 | r_p=34.700127 | r_c=3.470013 | r_s=1.085769 | status=running
[DL Convergence] | phase=optimize | block=0 | epoch=5/120 | active_users=3 | updated_users=3 | objective=17.149866 | sum_rate=17.149866 | r_p=33.492729 | r_c=47.073651 | r_s=0.329539 | status=running
[DL Convergence] | phase=optimize | block=0 | epoch=10/120 | active_users=3 | updated_users=3 | objective=20.975554 | sum_rate=20.975554 | r_p=30.919397 | r_c=94.645698 | r_s=0.400636 | status=running
[DL Convergence] | phase=optimize | block=0 | epoch=15/120 | active_users=3 | updated_users=3 | objective=23.135712 | sum_rate=23.135712 | r_p=27.779491 | r_c=125.941292 | r_s=0.167120 | status=running
[DL Convergence] | phase=optimize | block=0 | epoch=20/120 | active_users=3 | updated_users=3 | objective=23.807028 | sum_rate=23.807028 | r_p=28.210835 | r_c=167.214613 | r_s=0.164221 | status=running
[DL Convergence] | phase=optimize | block=0 | epoch=25/120 | active_users=3 | updated_users=3 | objective=23.898872 | sum_rate=23.898872 | r_p=27.509529 | r_c=201.774387 | r_s=0.183426 | status=running
[DL Convergence] | phase=optimize | block=0 | epoch=30/120 | active_users=3 | updated_users=3 | objective=24.103090 | sum_rate=24.103090 | r_p=27.564203 | r_c=239.879477 | r_s=0.107542 | status=running
[DL Convergence] | phase=optimize | block=0 | epoch=35/120 | active_users=3 | updated_users=3 | objective=24.889229 | sum_rate=24.889229 | r_p=25.995495 | r_c=261.939317 | r_s=0.107781 | status=running
[DL Convergence] | phase=optimize | block=0 | epoch=40/120 | active_users=3 | updated_users=3 | objective=26.844364 | sum_rate=26.844364 | r_p=23.274521 | r_c=262.535132 | r_s=0.183905 | status=running
[DL Convergence] | phase=optimize | block=0 | epoch=45/120 | active_users=3 | updated_users=3 | objective=26.927778 | sum_rate=26.927778 | r_p=22.897219 | r_c=285.164290 | r_s=0.176225 | status=running
[DL Convergence] | phase=optimize | block=0 | epoch=50/120 | active_users=3 | updated_users=3 | objective=27.231831 | sum_rate=27.231831 | r_p=22.839115 | r_c=310.620617 | r_s=0.106873 | status=running
[DL Convergence] | phase=optimize | block=0 | epoch=55/120 | active_users=3 | updated_users=3 | objective=27.516644 | sum_rate=27.516644 | r_p=22.630600 | r_c=333.691797 | r_s=0.170645 | status=running
[DL Convergence] | phase=optimize | block=0 | epoch=60/120 | active_users=3 | updated_users=3 | objective=27.638947 | sum_rate=27.638947 | r_p=22.765221 | r_c=361.287381 | r_s=0.227379 | status=running
[DL Convergence] | phase=optimize | block=0 | epoch=65/120 | active_users=3 | updated_users=3 | objective=27.664949 | sum_rate=27.664949 | r_p=22.317911 | r_c=379.346268 | r_s=0.162016 | status=running
[DL Convergence] | phase=optimize | block=0 | epoch=70/120 | active_users=3 | updated_users=3 | objective=27.784443 | sum_rate=27.784443 | r_p=22.504417 | r_c=407.750676 | r_s=0.162432 | status=running
[DL Convergence] | phase=optimize | block=0 | epoch=75/120 | active_users=3 | updated_users=3 | objective=27.782211 | sum_rate=27.782211 | r_p=22.410339 | r_c=431.074995 | r_s=0.243333 | status=running
[DL Convergence] | phase=optimize | block=0 | epoch=80/120 | active_users=3 | updated_users=3 | objective=27.771782 | sum_rate=27.771782 | r_p=22.104609 | r_c=449.922902 | r_s=0.242260 | status=running
[DL Convergence] | phase=optimize | block=0 | epoch=85/120 | active_users=3 | updated_users=3 | objective=28.600668 | sum_rate=28.600668 | r_p=22.379295 | r_c=425.349021 | r_s=0.199713 | status=running
[DL Convergence] | phase=optimize | block=0 | epoch=90/120 | active_users=3 | updated_users=3 | objective=29.759758 | sum_rate=29.759758 | r_p=22.298767 | r_c=420.212903 | r_s=0.259176 | status=running
[DL Convergence] | phase=optimize | block=0 | epoch=95/120 | active_users=3 | updated_users=3 | objective=29.859144 | sum_rate=29.859144 | r_p=21.847187 | r_c=445.928628 | r_s=0.352039 | status=running
[DL Convergence] | phase=optimize | block=0 | epoch=100/120 | active_users=3 | updated_users=3 | objective=30.009254 | sum_rate=30.009254 | r_p=21.922678 | r_c=458.396460 | r_s=0.593139 | status=running
[DL Convergence] | phase=optimize | block=0 | epoch=105/120 | active_users=3 | updated_users=3 | objective=30.060410 | sum_rate=30.060410 | r_p=22.005836 | r_c=478.752762 | r_s=0.174969 | status=running
[DL Convergence] | phase=optimize | block=0 | epoch=110/120 | active_users=3 | updated_users=3 | objective=30.143312 | sum_rate=30.143312 | r_p=21.963448 | r_c=501.819787 | r_s=0.650262 | status=running
[DL Convergence] | phase=optimize | block=0 | epoch=115/120 | active_users=3 | updated_users=3 | objective=30.200939 | sum_rate=30.200939 | r_p=21.837292 | r_c=522.746557 | r_s=0.256609 | status=running
[DL Convergence] | phase=optimize | block=0 | epoch=120/120 | active_users=3 | updated_users=3 | objective=30.215662 | sum_rate=30.215662 | r_p=21.789742 | r_c=545.348753 | r_s=0.673428 | status=running
[DL Convergence Block] | block=0 | skipped_users=[0] | action=reoptimize_remaining
[DL Convergence] | phase=optimize | block=0 | epoch=1/120 | active_users=2 | updated_users=2 | objective=28.619160 | sum_rate=28.619160 | r_p=22.380943 | r_c=425.245882 | r_s=0.066996 | status=running
[DL Convergence] | phase=optimize | block=0 | epoch=5/120 | active_users=2 | updated_users=2 | objective=29.674477 | sum_rate=29.674477 | r_p=22.181938 | r_c=421.568903 | r_s=0.063787 | status=running
[DL Convergence] | phase=optimize | block=0 | epoch=10/120 | active_users=2 | updated_users=2 | objective=29.847565 | sum_rate=29.847565 | r_p=22.096390 | r_c=437.425203 | r_s=0.030069 | status=running
[DL Convergence] | phase=optimize | block=0 | epoch=15/120 | active_users=2 | updated_users=2 | objective=30.025768 | sum_rate=30.025768 | r_p=22.118187 | r_c=452.142838 | r_s=0.027482 | status=running
[DL Convergence] | phase=optimize | block=0 | epoch=20/120 | active_users=2 | updated_users=2 | objective=30.154732 | sum_rate=30.154732 | r_p=21.905846 | r_c=471.790017 | r_s=0.020815 | status=running
[DL Convergence] | phase=optimize | block=0 | epoch=25/120 | active_users=2 | updated_users=2 | objective=30.196362 | sum_rate=30.196362 | r_p=21.890476 | r_c=495.372403 | r_s=0.015261 | status=running
[DL Convergence] | phase=optimize | block=0 | epoch=30/120 | active_users=2 | updated_users=2 | objective=30.243971 | sum_rate=30.243971 | r_p=21.703777 | r_c=514.853219 | r_s=0.011082 | status=running
[DL Convergence] | phase=optimize | block=0 | epoch=35/120 | active_users=2 | updated_users=2 | objective=30.253841 | sum_rate=30.253841 | r_p=21.725895 | r_c=539.055856 | r_s=0.009134 | status=running
[DL Convergence] | phase=optimize | block=0 | epoch=40/120 | active_users=2 | updated_users=2 | objective=30.266365 | sum_rate=30.266365 | r_p=21.675018 | r_c=561.394703 | r_s=0.007836 | status=running
[DL Convergence] | phase=optimize | block=0 | epoch=45/120 | active_users=2 | updated_users=2 | objective=30.267933 | sum_rate=30.267933 | r_p=21.686777 | r_c=585.286316 | r_s=0.007205 | status=running
[DL Convergence] | phase=optimize | block=0 | epoch=50/120 | active_users=2 | updated_users=2 | objective=30.267378 | sum_rate=30.267378 | r_p=21.695518 | r_c=609.083489 | r_s=0.004681 | status=running
[DL Convergence] | phase=optimize | block=0 | epoch=55/120 | active_users=2 | updated_users=2 | objective=30.271351 | sum_rate=30.271351 | r_p=21.659027 | r_c=631.562103 | r_s=0.003532 | status=running
[DL Convergence] | phase=optimize | block=0 | epoch=60/120 | active_users=2 | updated_users=2 | objective=30.273214 | sum_rate=30.273214 | r_p=21.649305 | r_c=654.750102 | r_s=0.002670 | status=running
[DL Convergence] | phase=optimize | block=0 | epoch=65/120 | active_users=2 | updated_users=2 | objective=30.273655 | sum_rate=30.273655 | r_p=21.649632 | r_c=678.204635 | r_s=0.002276 | status=running
[DL Convergence] | phase=optimize | block=0 | epoch=70/120 | active_users=2 | updated_users=2 | objective=30.274323 | sum_rate=30.274323 | r_p=21.638535 | r_c=701.274265 | r_s=0.001884 | status=running
[DL Convergence] | phase=optimize | block=0 | epoch=75/120 | active_users=2 | updated_users=2 | objective=30.271425 | sum_rate=30.271425 | r_p=21.674488 | r_c=725.875621 | r_s=0.003571 | status=running
[DL Convergence] | phase=optimize | block=0 | epoch=80/120 | active_users=2 | updated_users=2 | objective=30.222832 | sum_rate=30.222832 | r_p=21.367283 | r_c=738.717342 | r_s=0.024845 | status=running
[DL Convergence] | phase=optimize | block=0 | epoch=85/120 | active_users=2 | updated_users=2 | objective=30.273504 | sum_rate=30.273504 | r_p=21.420065 | r_c=763.685456 | r_s=0.015046 | status=running
[DL Convergence] | phase=optimize | block=0 | epoch=90/120 | active_users=2 | updated_users=2 | objective=30.268435 | sum_rate=30.268435 | r_p=21.566891 | r_c=792.181482 | r_s=0.008006 | status=running
[DL Convergence] | phase=optimize | block=0 | epoch=95/120 | active_users=2 | updated_users=2 | objective=30.275444 | sum_rate=30.275444 | r_p=21.544401 | r_c=814.593224 | r_s=0.006425 | status=running
[DL Convergence] | phase=optimize | block=0 | epoch=100/120 | active_users=2 | updated_users=2 | objective=30.276640 | sum_rate=30.276640 | r_p=21.531639 | r_c=837.328537 | r_s=0.005050 | status=running
[DL Convergence] | phase=optimize | block=0 | epoch=105/120 | active_users=2 | updated_users=2 | objective=30.276730 | sum_rate=30.276730 | r_p=21.540676 | r_c=860.891957 | r_s=0.004482 | status=running
[DL Convergence] | phase=optimize | block=0 | epoch=110/120 | active_users=2 | updated_users=2 | objective=30.277815 | sum_rate=30.277815 | r_p=21.539686 | r_c=884.053109 | r_s=0.004579 | status=running
[DL Convergence] | phase=optimize | block=0 | epoch=115/120 | active_users=2 | updated_users=2 | objective=30.279293 | sum_rate=30.279293 | r_p=21.505470 | r_c=905.803133 | r_s=0.002277 | status=running
[DL Convergence] | phase=optimize | block=0 | epoch=120/120 | active_users=2 | updated_users=2 | objective=30.278347 | sum_rate=30.278347 | r_p=21.519718 | r_c=929.558904 | r_s=0.003395 | status=running
  user=01 block=00 serves partial bits at n=T; not reducing n_kl.
  user=02 block=00 serves partial bits at n=T; not reducing n_kl.
[DL Convergence Allocation] | user=0 | block=0 | status=skipped | n_kl=50 | achieved_rate=-0.014266
[DL Convergence Allocation] | user=1 | block=0 | served_bits=855 | n_kl=60 | required_rate=14.250000 | achieved_rate=14.251607 | rate_margin=0.001607
[DL Convergence Allocation] | user=2 | block=0 | served_bits=1277 | n_kl=80 | required_rate=15.962500 | achieved_rate=15.973745 | rate_margin=0.011245
[DL Convergence Block] | block=0 | status=complete | allocated_bits=2132 | remaining_bits=3868
[DL Convergence Block] | block=1 | active_users=3 | remaining_bits=3868 | objective=equal_priority_sum_rate
[DL Convergence] | phase=optimize | block=1 | epoch=1/120 | active_users=3 | updated_users=3 | objective=6.772040 | sum_rate=6.772040 | r_p=20.139994 | r_c=2.013999 | r_s=1.298468 | status=running
[DL Convergence] | phase=optimize | block=1 | epoch=5/120 | active_users=3 | updated_users=3 | objective=10.680886 | sum_rate=10.680886 | r_p=20.019512 | r_c=18.081461 | r_s=0.473865 | status=running
[DL Convergence] | phase=optimize | block=1 | epoch=10/120 | active_users=3 | updated_users=3 | objective=16.453939 | sum_rate=16.453939 | r_p=20.005785 | r_c=38.091424 | r_s=0.519170 | status=running
[DL Convergence] | phase=optimize | block=1 | epoch=15/120 | active_users=3 | updated_users=3 | objective=17.741508 | sum_rate=17.741508 | r_p=20.000832 | r_c=58.086281 | r_s=0.380986 | status=running
[DL Convergence] | phase=optimize | block=1 | epoch=20/120 | active_users=3 | updated_users=3 | objective=14.802027 | sum_rate=14.802027 | r_p=20.000189 | r_c=78.085187 | r_s=0.235919 | status=running
[DL Convergence] | phase=optimize | block=1 | epoch=25/120 | active_users=3 | updated_users=3 | objective=13.107253 | sum_rate=13.107253 | r_p=20.000095 | r_c=98.085107 | r_s=0.192328 | status=running
[DL Convergence] | phase=optimize | block=1 | epoch=30/120 | active_users=3 | updated_users=3 | objective=13.038427 | sum_rate=13.038427 | r_p=20.000092 | r_c=118.085289 | r_s=0.312164 | status=running
[DL Convergence] | phase=optimize | block=1 | epoch=35/120 | active_users=3 | updated_users=3 | objective=13.464729 | sum_rate=13.464729 | r_p=20.000116 | r_c=138.085645 | r_s=0.371353 | status=running
[DL Convergence] | phase=optimize | block=1 | epoch=40/120 | active_users=3 | updated_users=3 | objective=13.917648 | sum_rate=13.917648 | r_p=20.000050 | r_c=158.085330 | r_s=0.236702 | status=running
[DL Convergence] | phase=optimize | block=1 | epoch=45/120 | active_users=3 | updated_users=3 | objective=14.181300 | sum_rate=14.181300 | r_p=20.000040 | r_c=178.085431 | r_s=0.465422 | status=running
[DL Convergence] | phase=optimize | block=1 | epoch=50/120 | active_users=3 | updated_users=3 | objective=14.262699 | sum_rate=14.262699 | r_p=20.000097 | r_c=198.086109 | r_s=0.245388 | status=running
[DL Convergence] | phase=optimize | block=1 | epoch=55/120 | active_users=3 | updated_users=3 | objective=14.266162 | sum_rate=14.266162 | r_p=20.000061 | r_c=218.085890 | r_s=0.591649 | status=running
[DL Convergence] | phase=optimize | block=1 | epoch=60/120 | active_users=3 | updated_users=3 | objective=14.244496 | sum_rate=14.244496 | r_p=20.000076 | r_c=238.086196 | r_s=0.131310 | status=running
[DL Convergence] | phase=optimize | block=1 | epoch=65/120 | active_users=3 | updated_users=3 | objective=14.287815 | sum_rate=14.287815 | r_p=20.000044 | r_c=258.085903 | r_s=0.477222 | status=running
[DL Convergence] | phase=optimize | block=1 | epoch=70/120 | active_users=3 | updated_users=3 | objective=14.358599 | sum_rate=14.358599 | r_p=20.000025 | r_c=278.085716 | r_s=0.257934 | status=running
[DL Convergence] | phase=optimize | block=1 | epoch=75/120 | active_users=3 | updated_users=3 | objective=14.407608 | sum_rate=14.407608 | r_p=20.000023 | r_c=298.085738 | r_s=0.275147 | status=running
[DL Convergence] | phase=optimize | block=1 | epoch=80/120 | active_users=3 | updated_users=3 | objective=14.462917 | sum_rate=14.462917 | r_p=20.000019 | r_c=318.085722 | r_s=0.362954 | status=running
[DL Convergence] | phase=optimize | block=1 | epoch=85/120 | active_users=3 | updated_users=3 | objective=14.525572 | sum_rate=14.525572 | r_p=20.000017 | r_c=338.085727 | r_s=0.266295 | status=running
[DL Convergence] | phase=optimize | block=1 | epoch=90/120 | active_users=3 | updated_users=3 | objective=14.581979 | sum_rate=14.581979 | r_p=20.000013 | r_c=358.085692 | r_s=0.223328 | status=running
[DL Convergence] | phase=optimize | block=1 | epoch=95/120 | active_users=3 | updated_users=3 | objective=14.603150 | sum_rate=14.603150 | r_p=20.000019 | r_c=378.085827 | r_s=0.470002 | status=running
[DL Convergence] | phase=optimize | block=1 | epoch=100/120 | active_users=3 | updated_users=3 | objective=14.616810 | sum_rate=14.616810 | r_p=20.000011 | r_c=398.085709 | r_s=0.347277 | status=running
[DL Convergence] | phase=optimize | block=1 | epoch=105/120 | active_users=3 | updated_users=3 | objective=14.642621 | sum_rate=14.642621 | r_p=20.000006 | r_c=418.085612 | r_s=0.175624 | status=running
[DL Convergence] | phase=optimize | block=1 | epoch=110/120 | active_users=3 | updated_users=3 | objective=14.661507 | sum_rate=14.661507 | r_p=20.000013 | r_c=438.085796 | r_s=0.293572 | status=running
[DL Convergence] | phase=optimize | block=1 | epoch=115/120 | active_users=3 | updated_users=3 | objective=14.697460 | sum_rate=14.697460 | r_p=20.000010 | r_c=458.085733 | r_s=0.256146 | status=running
[DL Convergence] | phase=optimize | block=1 | epoch=120/120 | active_users=3 | updated_users=3 | objective=14.717080 | sum_rate=14.717080 | r_p=20.000010 | r_c=478.085751 | r_s=0.434535 | status=running
[DL Convergence Block] | block=1 | skipped_users=[0] | action=reoptimize_remaining
[DL Convergence] | phase=optimize | block=1 | epoch=1/120 | active_users=2 | updated_users=2 | objective=14.646368 | sum_rate=14.646368 | r_p=15.991637 | r_c=260.069200 | r_s=0.002067 | status=running
[DL Convergence] | phase=optimize | block=1 | epoch=5/120 | active_users=2 | updated_users=2 | objective=14.661713 | sum_rate=14.661713 | r_p=15.978695 | r_c=270.076539 | r_s=0.002095 | status=running
[DL Convergence] | phase=optimize | block=1 | epoch=10/120 | active_users=2 | updated_users=2 | objective=14.697295 | sum_rate=14.697295 | r_p=15.967484 | r_c=282.640001 | r_s=0.002068 | status=running
[DL Convergence] | phase=optimize | block=1 | epoch=15/120 | active_users=2 | updated_users=2 | objective=14.716393 | sum_rate=14.716393 | r_p=15.963800 | r_c=295.318359 | r_s=0.002095 | status=running
[DL Convergence] | phase=optimize | block=1 | epoch=20/120 | active_users=2 | updated_users=2 | objective=14.745993 | sum_rate=14.745993 | r_p=15.963238 | r_c=308.048888 | r_s=0.002026 | status=running
[DL Convergence] | phase=optimize | block=1 | epoch=25/120 | active_users=2 | updated_users=2 | objective=14.764733 | sum_rate=14.764733 | r_p=15.975074 | r_c=321.031140 | r_s=0.001969 | status=running
[DL Convergence] | phase=optimize | block=1 | epoch=30/120 | active_users=2 | updated_users=2 | objective=14.782537 | sum_rate=14.782537 | r_p=15.990643 | r_c=334.120846 | r_s=0.001869 | status=running
[DL Convergence] | phase=optimize | block=1 | epoch=35/120 | active_users=2 | updated_users=2 | objective=14.808549 | sum_rate=14.808549 | r_p=16.010490 | r_c=347.342628 | r_s=0.001784 | status=running
[DL Convergence] | phase=optimize | block=1 | epoch=40/120 | active_users=2 | updated_users=2 | objective=14.829892 | sum_rate=14.829892 | r_p=16.036884 | r_c=360.760895 | r_s=0.001676 | status=running
[DL Convergence] | phase=optimize | block=1 | epoch=45/120 | active_users=2 | updated_users=2 | objective=14.846432 | sum_rate=14.846432 | r_p=16.062479 | r_c=374.224960 | r_s=0.001608 | status=running
[DL Convergence] | phase=optimize | block=1 | epoch=50/120 | active_users=2 | updated_users=2 | objective=14.863299 | sum_rate=14.863299 | r_p=16.079523 | r_c=387.541839 | r_s=0.001530 | status=running
[DL Convergence] | phase=optimize | block=1 | epoch=55/120 | active_users=2 | updated_users=2 | objective=14.875363 | sum_rate=14.875363 | r_p=16.086525 | r_c=400.646821 | r_s=0.001444 | status=running
[DL Convergence] | phase=optimize | block=1 | epoch=60/120 | active_users=2 | updated_users=2 | objective=14.884365 | sum_rate=14.884365 | r_p=16.077173 | r_c=413.343198 | r_s=0.001365 | status=running
[DL Convergence] | phase=optimize | block=1 | epoch=65/120 | active_users=2 | updated_users=2 | objective=14.889172 | sum_rate=14.889172 | r_p=16.051626 | r_c=425.582459 | r_s=0.001298 | status=running
[DL Convergence] | phase=optimize | block=1 | epoch=70/120 | active_users=2 | updated_users=2 | objective=14.888652 | sum_rate=14.888652 | r_p=16.009604 | r_c=437.304826 | r_s=0.001226 | status=running
[DL Convergence] | phase=optimize | block=1 | epoch=75/120 | active_users=2 | updated_users=2 | objective=14.885670 | sum_rate=14.885670 | r_p=15.953596 | r_c=448.528428 | r_s=0.001169 | status=running
[DL Convergence] | phase=optimize | block=1 | epoch=80/120 | active_users=2 | updated_users=2 | objective=14.881783 | sum_rate=14.881783 | r_p=15.890801 | r_c=459.419137 | r_s=0.001109 | status=running
[DL Convergence] | phase=optimize | block=1 | epoch=85/120 | active_users=2 | updated_users=2 | objective=14.876171 | sum_rate=14.876171 | r_p=15.825397 | r_c=470.081614 | r_s=0.001060 | status=running
[DL Convergence] | phase=optimize | block=1 | epoch=90/120 | active_users=2 | updated_users=2 | objective=14.870269 | sum_rate=14.870269 | r_p=15.761149 | r_c=480.623816 | r_s=0.001012 | status=running
[DL Convergence] | phase=optimize | block=1 | epoch=92/120 | active_users=2 | updated_users=2 | objective=14.869285 | sum_rate=14.869285 | r_p=15.737396 | r_c=484.858325 | r_s=9.939118e-04 | status=stationary_infeasible
  user=01 block=01 serves partial bits at n=T; not reducing n_kl.
  user=02 block=01 serves partial bits at n=T; not reducing n_kl.
[DL Convergence Allocation] | user=0 | block=1 | status=skipped | n_kl=50 | achieved_rate=-0.003753
[DL Convergence Allocation] | user=1 | block=1 | served_bits=343 | n_kl=60 | required_rate=5.716667 | achieved_rate=5.722094 | rate_margin=0.005428
[DL Convergence Allocation] | user=2 | block=1 | served_bits=720 | n_kl=80 | required_rate=9.000000 | achieved_rate=9.005919 | rate_margin=0.005919
[DL Convergence Block] | block=1 | status=complete | allocated_bits=1063 | remaining_bits=2805
[DL Convergence Block] | block=2 | active_users=3 | remaining_bits=2805 | objective=equal_priority_sum_rate
[DL Convergence] | phase=optimize | block=2 | epoch=1/120 | active_users=3 | updated_users=3 | objective=7.559460 | sum_rate=7.559460 | r_p=20.000324 | r_c=2.000032 | r_s=116.962175 | status=running
[DL Convergence] | phase=optimize | block=2 | epoch=5/120 | active_users=3 | updated_users=3 | objective=8.330141 | sum_rate=8.330141 | r_p=20.000122 | r_c=18.000305 | r_s=0.947568 | status=running
[DL Convergence] | phase=optimize | block=2 | epoch=10/120 | active_users=3 | updated_users=3 | objective=11.058762 | sum_rate=11.058762 | r_p=20.000103 | r_c=38.000504 | r_s=0.541697 | status=running
[DL Convergence] | phase=optimize | block=2 | epoch=15/120 | active_users=3 | updated_users=3 | objective=15.183205 | sum_rate=15.183205 | r_p=20.000072 | r_c=58.000611 | r_s=0.478999 | status=running
[DL Convergence] | phase=optimize | block=2 | epoch=20/120 | active_users=3 | updated_users=3 | objective=16.717674 | sum_rate=16.717674 | r_p=20.000130 | r_c=78.000989 | r_s=0.676647 | status=running
[DL Convergence] | phase=optimize | block=2 | epoch=25/120 | active_users=3 | updated_users=3 | objective=16.747608 | sum_rate=16.747608 | r_p=20.000067 | r_c=98.000887 | r_s=0.649923 | status=running
[DL Convergence] | phase=optimize | block=2 | epoch=30/120 | active_users=3 | updated_users=3 | objective=16.794521 | sum_rate=16.794521 | r_p=20.000027 | r_c=118.000758 | r_s=0.572145 | status=running
[DL Convergence] | phase=optimize | block=2 | epoch=35/120 | active_users=3 | updated_users=3 | objective=16.945301 | sum_rate=16.945301 | r_p=20.000013 | r_c=138.000712 | r_s=0.390989 | status=running
[DL Convergence] | phase=optimize | block=2 | epoch=40/120 | active_users=3 | updated_users=3 | objective=17.092539 | sum_rate=17.092539 | r_p=20.000008 | r_c=158.000693 | r_s=0.240735 | status=running
[DL Convergence] | phase=optimize | block=2 | epoch=45/120 | active_users=3 | updated_users=3 | objective=17.210867 | sum_rate=17.210867 | r_p=20.000010 | r_c=178.000727 | r_s=0.298889 | status=running
[DL Convergence] | phase=optimize | block=2 | epoch=50/120 | active_users=3 | updated_users=3 | objective=17.286690 | sum_rate=17.286690 | r_p=20.000010 | r_c=198.000749 | r_s=0.445304 | status=running
[DL Convergence] | phase=optimize | block=2 | epoch=55/120 | active_users=3 | updated_users=3 | objective=17.323936 | sum_rate=17.323936 | r_p=20.000006 | r_c=218.000727 | r_s=0.263178 | status=running
[DL Convergence] | phase=optimize | block=2 | epoch=60/120 | active_users=3 | updated_users=3 | objective=17.327271 | sum_rate=17.327271 | r_p=20.000010 | r_c=238.000788 | r_s=0.381562 | status=running
[DL Convergence] | phase=optimize | block=2 | epoch=65/120 | active_users=3 | updated_users=3 | objective=17.311752 | sum_rate=17.311752 | r_p=20.000010 | r_c=258.000806 | r_s=0.525080 | status=running
[DL Convergence] | phase=optimize | block=2 | epoch=70/120 | active_users=3 | updated_users=3 | objective=17.305136 | sum_rate=17.305136 | r_p=20.000008 | r_c=278.000797 | r_s=0.430424 | status=running
[DL Convergence] | phase=optimize | block=2 | epoch=75/120 | active_users=3 | updated_users=3 | objective=17.314108 | sum_rate=17.314108 | r_p=20.000008 | r_c=298.000812 | r_s=0.443273 | status=running
[DL Convergence] | phase=optimize | block=2 | epoch=80/120 | active_users=3 | updated_users=3 | objective=17.331152 | sum_rate=17.331152 | r_p=20.000006 | r_c=318.000795 | r_s=0.300055 | status=running
[DL Convergence] | phase=optimize | block=2 | epoch=85/120 | active_users=3 | updated_users=3 | objective=17.351097 | sum_rate=17.351097 | r_p=20.000004 | r_c=338.000775 | r_s=0.394663 | status=running
[DL Convergence] | phase=optimize | block=2 | epoch=90/120 | active_users=3 | updated_users=3 | objective=17.369644 | sum_rate=17.369644 | r_p=20.000004 | r_c=358.000784 | r_s=0.302538 | status=running
[DL Convergence] | phase=optimize | block=2 | epoch=95/120 | active_users=3 | updated_users=3 | objective=17.382999 | sum_rate=17.382999 | r_p=20.000006 | r_c=378.000829 | r_s=0.377916 | status=running
[DL Convergence] | phase=optimize | block=2 | epoch=100/120 | active_users=3 | updated_users=3 | objective=17.393097 | sum_rate=17.393097 | r_p=20.000004 | r_c=398.000801 | r_s=0.329319 | status=running
[DL Convergence] | phase=optimize | block=2 | epoch=105/120 | active_users=3 | updated_users=3 | objective=17.402546 | sum_rate=17.402546 | r_p=20.000004 | r_c=418.000807 | r_s=0.255389 | status=running
[DL Convergence] | phase=optimize | block=2 | epoch=110/120 | active_users=3 | updated_users=3 | objective=17.415173 | sum_rate=17.415173 | r_p=20.000004 | r_c=438.000814 | r_s=0.301743 | status=running
[DL Convergence] | phase=optimize | block=2 | epoch=115/120 | active_users=3 | updated_users=3 | objective=17.421442 | sum_rate=17.421442 | r_p=20.000002 | r_c=458.000779 | r_s=0.220920 | status=running
[DL Convergence] | phase=optimize | block=2 | epoch=120/120 | active_users=3 | updated_users=3 | objective=17.429003 | sum_rate=17.429003 | r_p=20.000004 | r_c=478.000830 | r_s=0.491159 | status=running
[DL Convergence Block] | block=2 | skipped_users=[0] | action=reoptimize_remaining
[DL Convergence] | phase=optimize | block=2 | epoch=1/120 | active_users=2 | updated_users=2 | objective=17.391098 | sum_rate=17.391098 | r_p=5.428507 | r_c=31.162499 | r_s=7.331247e-04 | status=running
[DL Convergence] | phase=optimize | block=2 | epoch=2/120 | active_users=2 | updated_users=2 | objective=17.393106 | sum_rate=17.393106 | r_p=5.431319 | r_c=31.473483 | r_s=6.116246e-04 | status=stationary_infeasible
  user=01 block=02 serves partial bits at n=T; not reducing n_kl.
  user=02 block=02 serves partial bits at n=T; not reducing n_kl.
[DL Convergence Allocation] | user=0 | block=2 | status=skipped | n_kl=50 | achieved_rate=-0.004363
[DL Convergence Allocation] | user=1 | block=2 | served_bits=421 | n_kl=60 | required_rate=7.016667 | achieved_rate=7.023761 | rate_margin=0.007095
[DL Convergence Allocation] | user=2 | block=2 | served_bits=822 | n_kl=80 | required_rate=10.275000 | achieved_rate=10.279193 | rate_margin=0.004193
[DL Convergence Block] | block=2 | status=complete | allocated_bits=1243 | remaining_bits=1562
[DL Convergence Block] | block=3 | active_users=3 | remaining_bits=1562 | objective=equal_priority_sum_rate
[DL Convergence] | phase=optimize | block=3 | epoch=1/120 | active_users=3 | updated_users=3 | objective=6.913357 | sum_rate=6.913357 | r_p=20.000402 | r_c=2.000040 | r_s=384.954474 | status=running
[DL Convergence] | phase=optimize | block=3 | epoch=5/120 | active_users=3 | updated_users=3 | objective=9.838574 | sum_rate=9.838574 | r_p=20.000074 | r_c=18.000229 | r_s=0.540923 | status=running
[DL Convergence] | phase=optimize | block=3 | epoch=10/120 | active_users=3 | updated_users=3 | objective=13.082815 | sum_rate=13.082815 | r_p=20.000031 | r_c=38.000276 | r_s=0.389669 | status=running
[DL Convergence] | phase=optimize | block=3 | epoch=15/120 | active_users=3 | updated_users=3 | objective=15.981455 | sum_rate=15.981455 | r_p=20.000029 | r_c=58.000335 | r_s=0.598570 | status=running
[DL Convergence] | phase=optimize | block=3 | epoch=20/120 | active_users=3 | updated_users=3 | objective=17.662781 | sum_rate=17.662781 | r_p=20.000017 | r_c=78.000339 | r_s=0.440716 | status=running
[DL Convergence] | phase=optimize | block=3 | epoch=25/120 | active_users=3 | updated_users=3 | objective=18.332409 | sum_rate=18.332409 | r_p=20.000010 | r_c=98.000334 | r_s=0.347246 | status=running
[DL Convergence] | phase=optimize | block=3 | epoch=30/120 | active_users=3 | updated_users=3 | objective=18.867641 | sum_rate=18.867641 | r_p=20.000013 | r_c=118.000375 | r_s=0.402599 | status=running
[DL Convergence] | phase=optimize | block=3 | epoch=35/120 | active_users=3 | updated_users=3 | objective=19.201584 | sum_rate=19.201584 | r_p=20.000010 | r_c=138.000371 | r_s=0.426702 | status=running
[DL Convergence] | phase=optimize | block=3 | epoch=40/120 | active_users=3 | updated_users=3 | objective=19.168783 | sum_rate=19.168783 | r_p=20.000008 | r_c=158.000372 | r_s=0.363589 | status=running
[DL Convergence] | phase=optimize | block=3 | epoch=45/120 | active_users=3 | updated_users=3 | objective=19.052311 | sum_rate=19.052311 | r_p=20.000006 | r_c=178.000369 | r_s=0.428086 | status=running
[DL Convergence] | phase=optimize | block=3 | epoch=50/120 | active_users=3 | updated_users=3 | objective=18.928415 | sum_rate=18.928415 | r_p=20.000004 | r_c=198.000362 | r_s=0.385758 | status=running
[DL Convergence] | phase=optimize | block=3 | epoch=55/120 | active_users=3 | updated_users=3 | objective=18.849148 | sum_rate=18.849148 | r_p=20.000004 | r_c=218.000371 | r_s=0.202924 | status=running
[DL Convergence] | phase=optimize | block=3 | epoch=60/120 | active_users=3 | updated_users=3 | objective=18.829737 | sum_rate=18.829737 | r_p=20.000006 | r_c=238.000402 | r_s=0.318214 | status=running
[DL Convergence] | phase=optimize | block=3 | epoch=65/120 | active_users=3 | updated_users=3 | objective=18.850178 | sum_rate=18.850178 | r_p=20.000004 | r_c=258.000388 | r_s=0.254031 | status=running
[DL Convergence] | phase=optimize | block=3 | epoch=70/120 | active_users=3 | updated_users=3 | objective=18.879354 | sum_rate=18.879354 | r_p=20.000004 | r_c=278.000396 | r_s=0.250849 | status=running
[DL Convergence] | phase=optimize | block=3 | epoch=75/120 | active_users=3 | updated_users=3 | objective=18.899366 | sum_rate=18.899366 | r_p=20.000004 | r_c=298.000404 | r_s=0.405530 | status=running
[DL Convergence] | phase=optimize | block=3 | epoch=80/120 | active_users=3 | updated_users=3 | objective=18.906851 | sum_rate=18.906851 | r_p=20.000002 | r_c=318.000381 | r_s=0.183537 | status=running
[DL Convergence] | phase=optimize | block=3 | epoch=85/120 | active_users=3 | updated_users=3 | objective=18.906599 | sum_rate=18.906599 | r_p=20.000004 | r_c=338.000419 | r_s=0.316652 | status=running
[DL Convergence] | phase=optimize | block=3 | epoch=90/120 | active_users=3 | updated_users=3 | objective=18.903963 | sum_rate=18.903963 | r_p=20.000004 | r_c=358.000427 | r_s=0.187312 | status=running
[DL Convergence] | phase=optimize | block=3 | epoch=95/120 | active_users=3 | updated_users=3 | objective=18.901609 | sum_rate=18.901609 | r_p=20.000004 | r_c=378.000434 | r_s=0.318792 | status=running
[DL Convergence] | phase=optimize | block=3 | epoch=100/120 | active_users=3 | updated_users=3 | objective=18.899960 | sum_rate=18.899960 | r_p=20.000002 | r_c=398.000404 | r_s=0.262425 | status=running
[DL Convergence] | phase=optimize | block=3 | epoch=105/120 | active_users=3 | updated_users=3 | objective=18.898569 | sum_rate=18.898569 | r_p=20.000004 | r_c=418.000449 | r_s=0.304738 | status=running
[DL Convergence] | phase=optimize | block=3 | epoch=110/120 | active_users=3 | updated_users=3 | objective=18.897242 | sum_rate=18.897242 | r_p=20.000002 | r_c=438.000415 | r_s=0.225387 | status=running
[DL Convergence] | phase=optimize | block=3 | epoch=115/120 | active_users=3 | updated_users=3 | objective=18.896309 | sum_rate=18.896309 | r_p=20.000002 | r_c=458.000420 | r_s=0.197779 | status=running
[DL Convergence] | phase=optimize | block=3 | epoch=120/120 | active_users=3 | updated_users=3 | objective=18.896296 | sum_rate=18.896296 | r_p=20.000004 | r_c=478.000470 | r_s=0.311554 | status=running
[DL Convergence Block] | block=3 | skipped_users=[0] | action=reoptimize_remaining
[DL Convergence] | phase=optimize | block=3 | epoch=1/120 | active_users=2 | updated_users=2 | objective=18.907228 | sum_rate=18.907228 | r_p=3.694187 | r_c=12.798716 | r_s=0.001041 | status=running
[DL Convergence] | phase=optimize | block=3 | epoch=2/120 | active_users=2 | updated_users=2 | objective=18.907352 | sum_rate=18.907352 | r_p=3.695864 | r_c=12.941058 | r_s=9.720872e-04 | status=stationary_infeasible
[DL Convergence Reduction] | block=3 | epoch=1 | direction=ascending | strategy=fixed_step | users=[1, 2]
  user=01 block=03 candidate n_kl=   1 breaks committed-user feasibility [1] at search_stage=fixed_step; trying fresh re-optimization.
[DL Convergence] | phase=optimize | block=3 | epoch=1/120 | active_users=2 | updated_users=1 | objective=7.397040 | sum_rate=7.397040 | r_p=373.597900 | r_c=1308.152091 | r_s=0.272020 | status=running
[DL Convergence] | phase=optimize | block=3 | epoch=5/120 | active_users=2 | updated_users=1 | objective=7.399156 | sum_rate=7.399156 | r_p=373.597656 | r_c=6891.161297 | r_s=0.016364 | status=running
[DL Convergence] | phase=optimize | block=3 | epoch=10/120 | active_users=2 | updated_users=1 | objective=7.399986 | sum_rate=7.399986 | r_p=373.597656 | r_c=1.386992e+04 | r_s=0.004790 | status=running
[DL Convergence] | phase=optimize | block=3 | epoch=15/120 | active_users=2 | updated_users=1 | objective=7.400403 | sum_rate=7.400403 | r_p=373.597626 | r_c=2.084868e+04 | r_s=0.002520 | status=running
[DL Convergence] | phase=optimize | block=3 | epoch=20/120 | active_users=2 | updated_users=1 | objective=7.400668 | sum_rate=7.400668 | r_p=373.597626 | r_c=2.782744e+04 | r_s=0.001768 | status=running
[DL Convergence] | phase=optimize | block=3 | epoch=25/120 | active_users=2 | updated_users=1 | objective=7.400853 | sum_rate=7.400853 | r_p=373.597626 | r_c=3.480620e+04 | r_s=0.001312 | status=running
[DL Convergence] | phase=optimize | block=3 | epoch=30/120 | active_users=2 | updated_users=1 | objective=7.400990 | sum_rate=7.400990 | r_p=373.597626 | r_c=4.178496e+04 | r_s=9.073530e-04 | status=stationary_infeasible
  user=01 block=03 candidate n_kl=   1 after updating users [1] still leaves committed users infeasible [1, 2] at search_stage=fixed_step.
  user=01 block=03 candidate n_kl=   2 breaks committed-user feasibility [1] at search_stage=fixed_step; trying fresh re-optimization.
[DL Convergence] | phase=optimize | block=3 | epoch=1/120 | active_users=2 | updated_users=1 | objective=12.772550 | sum_rate=12.772550 | r_p=177.722382 | r_c=622.294464 | r_s=0.272020 | status=running
[DL Convergence] | phase=optimize | block=3 | epoch=5/120 | active_users=2 | updated_users=1 | objective=12.774670 | sum_rate=12.774670 | r_p=177.722168 | r_c=1885.701235 | r_s=0.016328 | status=running
[DL Convergence] | phase=optimize | block=3 | epoch=10/120 | active_users=2 | updated_users=1 | objective=12.775476 | sum_rate=12.775476 | r_p=177.722153 | r_c=3464.959414 | r_s=0.004641 | status=running
[DL Convergence] | phase=optimize | block=3 | epoch=15/120 | active_users=2 | updated_users=1 | objective=12.775908 | sum_rate=12.775908 | r_p=177.722137 | r_c=5044.217050 | r_s=0.002344 | status=running
[DL Convergence] | phase=optimize | block=3 | epoch=20/120 | active_users=2 | updated_users=1 | objective=12.776175 | sum_rate=12.776175 | r_p=177.722122 | r_c=6623.474307 | r_s=0.001531 | status=running
[DL Convergence] | phase=optimize | block=3 | epoch=25/120 | active_users=2 | updated_users=1 | objective=12.776360 | sum_rate=12.776360 | r_p=177.722122 | r_c=8202.731943 | r_s=0.001129 | status=running
[DL Convergence] | phase=optimize | block=3 | epoch=26/120 | active_users=2 | updated_users=1 | objective=12.776388 | sum_rate=12.776388 | r_p=177.722122 | r_c=8518.583470 | r_s=9.766125e-04 | status=stationary_infeasible
  user=01 block=03 candidate n_kl=   2 after updating users [1] still leaves committed users infeasible [1, 2] at search_stage=fixed_step.
  user=01 block=03 candidate n_kl=   3 breaks committed-user feasibility [1] at search_stage=fixed_step; trying fresh re-optimization.
[DL Convergence] | phase=optimize | block=3 | epoch=1/120 | active_users=2 | updated_users=1 | objective=15.153982 | sum_rate=15.153982 | r_p=111.840958 | r_c=391.610827 | r_s=0.272020 | status=running
[DL Convergence] | phase=optimize | block=3 | epoch=5/120 | active_users=2 | updated_users=1 | objective=15.156103 | sum_rate=15.156103 | r_p=111.840729 | r_c=891.944473 | r_s=0.016312 | status=running
[DL Convergence] | phase=optimize | block=3 | epoch=10/120 | active_users=2 | updated_users=1 | objective=15.156905 | sum_rate=15.156905 | r_p=111.840729 | r_c=1517.361946 | r_s=0.004575 | status=running
[DL Convergence] | phase=optimize | block=3 | epoch=15/120 | active_users=2 | updated_users=1 | objective=15.157348 | sum_rate=15.157348 | r_p=111.840698 | r_c=2142.778698 | r_s=0.002282 | status=running
[DL Convergence] | phase=optimize | block=3 | epoch=20/120 | active_users=2 | updated_users=1 | objective=15.157609 | sum_rate=15.157609 | r_p=111.840691 | r_c=2768.195590 | r_s=0.001517 | status=running
[DL Convergence] | phase=optimize | block=3 | epoch=25/120 | active_users=2 | updated_users=1 | objective=15.157795 | sum_rate=15.157795 | r_p=111.840683 | r_c=3393.612362 | r_s=0.001005 | status=running
[DL Convergence] | phase=optimize | block=3 | epoch=26/120 | active_users=2 | updated_users=1 | objective=15.157822 | sum_rate=15.157822 | r_p=111.840683 | r_c=3518.695746 | r_s=9.999915e-04 | status=stationary_infeasible
  user=01 block=03 candidate n_kl=   3 after updating users [1] still leaves committed users infeasible [1, 2] at search_stage=fixed_step.
  user=01 block=03 candidate n_kl=   4 breaks committed-user feasibility [1] at search_stage=fixed_step; trying fresh re-optimization.
[DL Convergence] | phase=optimize | block=3 | epoch=1/120 | active_users=2 | updated_users=1 | objective=16.573605 | sum_rate=16.573605 | r_p=78.671333 | r_c=275.467472 | r_s=0.272020 | status=running
[DL Convergence] | phase=optimize | block=3 | epoch=5/120 | active_users=2 | updated_users=1 | objective=16.575718 | sum_rate=16.575718 | r_p=78.671120 | r_c=523.032851 | r_s=0.016304 | status=running
[DL Convergence] | phase=optimize | block=3 | epoch=10/120 | active_users=2 | updated_users=1 | objective=16.576519 | sum_rate=16.576519 | r_p=78.671112 | r_c=832.490018 | r_s=0.004560 | status=running
[DL Convergence] | phase=optimize | block=3 | epoch=15/120 | active_users=2 | updated_users=1 | objective=16.576962 | sum_rate=16.576962 | r_p=78.671082 | r_c=1141.946715 | r_s=0.002232 | status=running
[DL Convergence] | phase=optimize | block=3 | epoch=20/120 | active_users=2 | updated_users=1 | objective=16.577225 | sum_rate=16.577225 | r_p=78.671074 | r_c=1451.403521 | r_s=0.001356 | status=running
[DL Convergence] | phase=optimize | block=3 | epoch=25/120 | active_users=2 | updated_users=1 | objective=16.577410 | sum_rate=16.577410 | r_p=78.671066 | r_c=1760.860220 | r_s=0.001009 | status=running
[DL Convergence] | phase=optimize | block=3 | epoch=26/120 | active_users=2 | updated_users=1 | objective=16.577444 | sum_rate=16.577444 | r_p=78.671066 | r_c=1822.751587 | r_s=9.152662e-04 | status=stationary_infeasible
  user=01 block=03 candidate n_kl=   4 after updating users [1] still leaves committed users infeasible [1, 2] at search_stage=fixed_step.
  user=01 block=03 candidate n_kl=   5 breaks committed-user feasibility [1] at search_stage=fixed_step; trying fresh re-optimization.
[DL Convergence] | phase=optimize | block=3 | epoch=1/120 | active_users=2 | updated_users=1 | objective=17.542397 | sum_rate=17.542397 | r_p=58.652538 | r_c=205.371713 | r_s=0.272020 | status=running
[DL Convergence] | phase=optimize | block=3 | epoch=5/120 | active_users=2 | updated_users=1 | objective=17.544514 | sum_rate=17.544514 | r_p=58.652321 | r_c=342.974996 | r_s=0.016299 | status=running
[DL Convergence] | phase=optimize | block=3 | epoch=10/120 | active_users=2 | updated_users=1 | objective=17.545307 | sum_rate=17.545307 | r_p=58.652321 | r_c=514.979733 | r_s=0.004554 | status=running
[DL Convergence] | phase=optimize | block=3 | epoch=15/120 | active_users=2 | updated_users=1 | objective=17.545752 | sum_rate=17.545752 | r_p=58.652287 | r_c=686.984010 | r_s=0.002243 | status=running
[DL Convergence] | phase=optimize | block=3 | epoch=20/120 | active_users=2 | updated_users=1 | objective=17.546019 | sum_rate=17.546019 | r_p=58.652279 | r_c=858.988412 | r_s=0.001334 | status=running
[DL Convergence] | phase=optimize | block=3 | epoch=25/120 | active_users=2 | updated_users=1 | objective=17.546202 | sum_rate=17.546202 | r_p=58.652271 | r_c=1030.992751 | r_s=9.141075e-04 | status=stationary_infeasible
  user=01 block=03 candidate n_kl=   5 after updating users [1] still leaves committed users infeasible [1, 2] at search_stage=fixed_step.
  user=01 block=03 candidate n_kl=   6 breaks committed-user feasibility [1] at search_stage=fixed_step; trying fresh re-optimization.
[DL Convergence] | phase=optimize | block=3 | epoch=1/120 | active_users=2 | updated_users=1 | objective=18.257530 | sum_rate=18.257530 | r_p=45.237408 | r_c=158.398667 | r_s=0.272020 | status=running
[DL Convergence] | phase=optimize | block=3 | epoch=5/120 | active_users=2 | updated_users=1 | objective=18.259649 | sum_rate=18.259649 | r_p=45.237190 | r_c=240.254238 | r_s=0.016296 | status=running
[DL Convergence] | phase=optimize | block=3 | epoch=10/120 | active_users=2 | updated_users=1 | objective=18.260443 | sum_rate=18.260443 | r_p=45.237190 | r_c=342.574409 | r_s=0.004550 | status=running
[DL Convergence] | phase=optimize | block=3 | epoch=15/120 | active_users=2 | updated_users=1 | objective=18.260889 | sum_rate=18.260889 | r_p=45.237152 | r_c=444.894168 | r_s=0.002247 | status=running
[DL Convergence] | phase=optimize | block=3 | epoch=20/120 | active_users=2 | updated_users=1 | objective=18.261158 | sum_rate=18.261158 | r_p=45.237144 | r_c=547.214062 | r_s=0.001375 | status=running
[DL Convergence] | phase=optimize | block=3 | epoch=25/120 | active_users=2 | updated_users=1 | objective=18.261337 | sum_rate=18.261337 | r_p=45.237137 | r_c=649.533907 | r_s=9.723581e-04 | status=stationary_infeasible
  user=01 block=03 candidate n_kl=   6 after updating users [1] still leaves committed users infeasible [1, 2] at search_stage=fixed_step.
  user=01 block=03 candidate n_kl=   7 breaks committed-user feasibility [1] at search_stage=fixed_step; trying fresh re-optimization.
[DL Convergence] | phase=optimize | block=3 | epoch=1/120 | active_users=2 | updated_users=1 | objective=18.813334 | sum_rate=18.813334 | r_p=35.610176 | r_c=124.688940 | r_s=0.272020 | status=running
[DL Convergence] | phase=optimize | block=3 | epoch=5/120 | active_users=2 | updated_users=1 | objective=18.815453 | sum_rate=18.815453 | r_p=35.609955 | r_c=175.411080 | r_s=0.016293 | status=running
[DL Convergence] | phase=optimize | block=3 | epoch=10/120 | active_users=2 | updated_users=1 | objective=18.816242 | sum_rate=18.816242 | r_p=35.609959 | r_c=238.814555 | r_s=0.004547 | status=running
[DL Convergence] | phase=optimize | block=3 | epoch=15/120 | active_users=2 | updated_users=1 | objective=18.816690 | sum_rate=18.816690 | r_p=35.609921 | r_c=302.217658 | r_s=0.002239 | status=running
[DL Convergence] | phase=optimize | block=3 | epoch=20/120 | active_users=2 | updated_users=1 | objective=18.816959 | sum_rate=18.816959 | r_p=35.609909 | r_c=365.620855 | r_s=0.001372 | status=running
[DL Convergence] | phase=optimize | block=3 | epoch=24/120 | active_users=2 | updated_users=1 | objective=18.817110 | sum_rate=18.817110 | r_p=35.609905 | r_c=416.343437 | r_s=9.848947e-04 | status=stationary_infeasible
  user=01 block=03 candidate n_kl=   7 after updating users [1] still leaves committed users infeasible [1, 2] at search_stage=fixed_step.
  user=01 block=03 candidate n_kl=   8 breaks committed-user feasibility [1] at search_stage=fixed_step; trying fresh re-optimization.
[DL Convergence] | phase=optimize | block=3 | epoch=1/120 | active_users=2 | updated_users=1 | objective=19.261356 | sum_rate=19.261356 | r_p=28.358582 | r_c=99.297501 | r_s=0.272020 | status=running
[DL Convergence] | phase=optimize | block=3 | epoch=5/120 | active_users=2 | updated_users=1 | objective=19.263470 | sum_rate=19.263470 | r_p=28.358370 | r_c=131.464768 | r_s=0.016292 | status=running
[DL Convergence] | phase=optimize | block=3 | epoch=10/120 | active_users=2 | updated_users=1 | objective=19.264263 | sum_rate=19.264263 | r_p=28.358370 | r_c=171.674626 | r_s=0.004544 | status=running
[DL Convergence] | phase=optimize | block=3 | epoch=15/120 | active_users=2 | updated_users=1 | objective=19.264709 | sum_rate=19.264709 | r_p=28.358330 | r_c=211.884163 | r_s=0.002226 | status=running
[DL Convergence] | phase=optimize | block=3 | epoch=20/120 | active_users=2 | updated_users=1 | objective=19.264978 | sum_rate=19.264978 | r_p=28.358320 | r_c=252.093819 | r_s=0.001344 | status=running
[DL Convergence] | phase=optimize | block=3 | epoch=24/120 | active_users=2 | updated_users=1 | objective=19.265125 | sum_rate=19.265125 | r_p=28.358320 | r_c=284.261592 | r_s=9.336509e-04 | status=stationary_infeasible
  user=01 block=03 candidate n_kl=   8 after updating users [1] still leaves committed users infeasible [1, 2] at search_stage=fixed_step.
  user=01 block=03 candidate n_kl=   9 breaks committed-user feasibility [1] at search_stage=fixed_step; trying fresh re-optimization.
[DL Convergence] | phase=optimize | block=3 | epoch=1/120 | active_users=2 | updated_users=1 | objective=19.632458 | sum_rate=19.632458 | r_p=22.695812 | r_c=79.469328 | r_s=0.272020 | status=running
[DL Convergence] | phase=optimize | block=3 | epoch=5/120 | active_users=2 | updated_users=1 | objective=19.634571 | sum_rate=19.634571 | r_p=22.695601 | r_c=100.072297 | r_s=0.016290 | status=running
[DL Convergence] | phase=optimize | block=3 | epoch=10/120 | active_users=2 | updated_users=1 | objective=19.635365 | sum_rate=19.635365 | r_p=22.695601 | r_c=125.826811 | r_s=0.004542 | status=running
[DL Convergence] | phase=optimize | block=3 | epoch=15/120 | active_users=2 | updated_users=1 | objective=19.635807 | sum_rate=19.635807 | r_p=22.695564 | r_c=151.581069 | r_s=0.002212 | status=running
[DL Convergence] | phase=optimize | block=3 | epoch=20/120 | active_users=2 | updated_users=1 | objective=19.636076 | sum_rate=19.636076 | r_p=22.695555 | r_c=177.335422 | r_s=0.001317 | status=running
[DL Convergence] | phase=optimize | block=3 | epoch=24/120 | active_users=2 | updated_users=1 | objective=19.636229 | sum_rate=19.636229 | r_p=22.695549 | r_c=197.938898 | r_s=9.304377e-04 | status=stationary_infeasible
  user=01 block=03 candidate n_kl=   9 after updating users [1] still leaves committed users infeasible [1, 2] at search_stage=fixed_step.
  user=01 block=03 candidate n_kl=  10 breaks committed-user feasibility [1] at search_stage=fixed_step; trying fresh re-optimization.
[DL Convergence] | phase=optimize | block=3 | epoch=1/120 | active_users=2 | updated_users=1 | objective=19.946396 | sum_rate=19.946396 | r_p=18.148540 | r_c=63.547068 | r_s=0.272020 | status=running
[DL Convergence] | phase=optimize | block=3 | epoch=5/120 | active_users=2 | updated_users=1 | objective=19.948511 | sum_rate=19.948511 | r_p=18.148327 | r_c=76.720869 | r_s=0.016289 | status=running
[DL Convergence] | phase=optimize | block=3 | epoch=10/120 | active_users=2 | updated_users=1 | objective=19.949305 | sum_rate=19.949305 | r_p=18.148327 | r_c=93.188959 | r_s=0.004539 | status=running
[DL Convergence] | phase=optimize | block=3 | epoch=15/120 | active_users=2 | updated_users=1 | objective=19.949745 | sum_rate=19.949745 | r_p=18.148293 | r_c=109.656830 | r_s=0.002199 | status=running
[DL Convergence] | phase=optimize | block=3 | epoch=20/120 | active_users=2 | updated_users=1 | objective=19.950020 | sum_rate=19.950020 | r_p=18.148277 | r_c=126.124745 | r_s=0.001299 | status=running
[DL Convergence] | phase=optimize | block=3 | epoch=24/120 | active_users=2 | updated_users=1 | objective=19.950169 | sum_rate=19.950169 | r_p=18.148277 | r_c=139.299143 | r_s=9.471992e-04 | status=stationary_infeasible
  user=01 block=03 candidate n_kl=  10 after updating users [1] still leaves committed users infeasible [1, 2] at search_stage=fixed_step.
  user=01 block=03 candidate n_kl=  11 breaks committed-user feasibility [1] at search_stage=fixed_step; trying fresh re-optimization.
[DL Convergence] | phase=optimize | block=3 | epoch=1/120 | active_users=2 | updated_users=1 | objective=20.216488 | sum_rate=20.216488 | r_p=14.414814 | r_c=50.473434 | r_s=0.272020 | status=running
[DL Convergence] | phase=optimize | block=3 | epoch=5/120 | active_users=2 | updated_users=1 | objective=20.218603 | sum_rate=20.218603 | r_p=14.414600 | r_c=58.783977 | r_s=0.016288 | status=running
[DL Convergence] | phase=optimize | block=3 | epoch=10/120 | active_users=2 | updated_users=1 | objective=20.219391 | sum_rate=20.219391 | r_p=14.414606 | r_c=69.173041 | r_s=0.004538 | status=running
[DL Convergence] | phase=optimize | block=3 | epoch=15/120 | active_users=2 | updated_users=1 | objective=20.219837 | sum_rate=20.219837 | r_p=14.414566 | r_c=79.561854 | r_s=0.002187 | status=running
[DL Convergence] | phase=optimize | block=3 | epoch=20/120 | active_users=2 | updated_users=1 | objective=20.220108 | sum_rate=20.220108 | r_p=14.414555 | r_c=89.950765 | r_s=0.001289 | status=running
[DL Convergence] | phase=optimize | block=3 | epoch=24/120 | active_users=2 | updated_users=1 | objective=20.220263 | sum_rate=20.220263 | r_p=14.414549 | r_c=98.261900 | r_s=9.614911e-04 | status=stationary_infeasible
  user=01 block=03 candidate n_kl=  11 after updating users [1] still leaves committed users infeasible [1, 2] at search_stage=fixed_step.
  user=01 block=03 candidate n_kl=  12 breaks committed-user feasibility [1] at search_stage=fixed_step; trying fresh re-optimization.
[DL Convergence] | phase=optimize | block=3 | epoch=1/120 | active_users=2 | updated_users=1 | objective=20.452072 | sum_rate=20.452072 | r_p=11.292866 | r_c=39.541941 | r_s=0.272020 | status=running
[DL Convergence] | phase=optimize | block=3 | epoch=5/120 | active_users=2 | updated_users=1 | objective=20.454187 | sum_rate=20.454187 | r_p=11.292652 | r_c=44.642201 | r_s=0.016287 | status=running
[DL Convergence] | phase=optimize | block=3 | epoch=10/120 | active_users=2 | updated_users=1 | objective=20.454975 | sum_rate=20.454975 | r_p=11.292658 | r_c=51.018428 | r_s=0.004536 | status=running
[DL Convergence] | phase=optimize | block=3 | epoch=15/120 | active_users=2 | updated_users=1 | objective=20.455416 | sum_rate=20.455416 | r_p=11.292624 | r_c=57.394453 | r_s=0.002177 | status=running
[DL Convergence] | phase=optimize | block=3 | epoch=20/120 | active_users=2 | updated_users=1 | objective=20.455690 | sum_rate=20.455690 | r_p=11.292606 | r_c=63.770517 | r_s=0.001286 | status=running
[DL Convergence] | phase=optimize | block=3 | epoch=24/120 | active_users=2 | updated_users=1 | objective=20.455847 | sum_rate=20.455847 | r_p=11.292599 | r_c=68.871387 | r_s=9.663735e-04 | status=stationary_infeasible
  user=01 block=03 candidate n_kl=  12 after updating users [1] still leaves committed users infeasible [1, 2] at search_stage=fixed_step.
  user=01 block=03 candidate n_kl=  13 breaks committed-user feasibility [1] at search_stage=fixed_step; trying fresh re-optimization.
[DL Convergence] | phase=optimize | block=3 | epoch=1/120 | active_users=2 | updated_users=1 | objective=20.659922 | sum_rate=20.659922 | r_p=8.642708 | r_c=30.262419 | r_s=0.272020 | status=running
[DL Convergence] | phase=optimize | block=3 | epoch=5/120 | active_users=2 | updated_users=1 | objective=20.662035 | sum_rate=20.662035 | r_p=8.642496 | r_c=33.249424 | r_s=0.016287 | status=running
[DL Convergence] | phase=optimize | block=3 | epoch=10/120 | active_users=2 | updated_users=1 | objective=20.662821 | sum_rate=20.662821 | r_p=8.642504 | r_c=36.984094 | r_s=0.004534 | status=running
[DL Convergence] | phase=optimize | block=3 | epoch=15/120 | active_users=2 | updated_users=1 | objective=20.663267 | sum_rate=20.663267 | r_p=8.642464 | r_c=40.718543 | r_s=0.002169 | status=running
[DL Convergence] | phase=optimize | block=3 | epoch=20/120 | active_users=2 | updated_users=1 | objective=20.663540 | sum_rate=20.663540 | r_p=8.642448 | r_c=44.453070 | r_s=0.001287 | status=running
[DL Convergence] | phase=optimize | block=3 | epoch=24/120 | active_users=2 | updated_users=1 | objective=20.663696 | sum_rate=20.663696 | r_p=8.642441 | r_c=47.440703 | r_s=9.628159e-04 | status=stationary_infeasible
  user=01 block=03 candidate n_kl=  13 after updating users [1] still leaves committed users infeasible [1, 2] at search_stage=fixed_step.
  user=01 block=03 candidate n_kl=  14 breaks committed-user feasibility [1] at search_stage=fixed_step; trying fresh re-optimization.
[DL Convergence] | phase=optimize | block=3 | epoch=1/120 | active_users=2 | updated_users=1 | objective=20.845083 | sum_rate=20.845083 | r_p=6.364140 | r_c=22.284018 | r_s=0.272020 | status=running
[DL Convergence] | phase=optimize | block=3 | epoch=5/120 | active_users=2 | updated_users=1 | objective=20.847195 | sum_rate=20.847195 | r_p=6.363930 | r_c=23.903294 | r_s=0.016286 | status=running
[DL Convergence] | phase=optimize | block=3 | epoch=10/120 | active_users=2 | updated_users=1 | objective=20.847984 | sum_rate=20.847984 | r_p=6.363934 | r_c=25.928290 | r_s=0.004533 | status=running
[DL Convergence] | phase=optimize | block=3 | epoch=15/120 | active_users=2 | updated_users=1 | objective=20.848427 | sum_rate=20.848427 | r_p=6.363897 | r_c=27.953110 | r_s=0.002162 | status=running
[DL Convergence] | phase=optimize | block=3 | epoch=20/120 | active_users=2 | updated_users=1 | objective=20.848701 | sum_rate=20.848701 | r_p=6.363880 | r_c=29.977985 | r_s=0.001289 | status=running
[DL Convergence] | phase=optimize | block=3 | epoch=24/120 | active_users=2 | updated_users=1 | objective=20.848860 | sum_rate=20.848860 | r_p=6.363871 | r_c=31.597896 | r_s=9.540508e-04 | status=stationary_infeasible
  user=01 block=03 candidate n_kl=  14 after updating users [1] still leaves committed users infeasible [1, 2] at search_stage=fixed_step.
  user=01 block=03 candidate n_kl=  15 breaks committed-user feasibility [1] at search_stage=fixed_step; trying fresh re-optimization.
[DL Convergence] | phase=optimize | block=3 | epoch=1/120 | active_users=2 | updated_users=1 | objective=21.011406 | sum_rate=21.011406 | r_p=4.383532 | r_c=15.348925 | r_s=0.272020 | status=running
[DL Convergence] | phase=optimize | block=3 | epoch=5/120 | active_users=2 | updated_users=1 | objective=21.013517 | sum_rate=21.013517 | r_p=4.383322 | r_c=16.116749 | r_s=0.016286 | status=running
[DL Convergence] | phase=optimize | block=3 | epoch=10/120 | active_users=2 | updated_users=1 | objective=21.014303 | sum_rate=21.014303 | r_p=4.383329 | r_c=17.077454 | r_s=0.004532 | status=running
[DL Convergence] | phase=optimize | block=3 | epoch=15/120 | active_users=2 | updated_users=1 | objective=21.014748 | sum_rate=21.014748 | r_p=4.383291 | r_c=18.037973 | r_s=0.002156 | status=running
[DL Convergence] | phase=optimize | block=3 | epoch=20/120 | active_users=2 | updated_users=1 | objective=21.015024 | sum_rate=21.015024 | r_p=4.383272 | r_c=18.998550 | r_s=0.001291 | status=running
[DL Convergence] | phase=optimize | block=3 | epoch=24/120 | active_users=2 | updated_users=1 | objective=21.015182 | sum_rate=21.015182 | r_p=4.383263 | r_c=19.767030 | r_s=9.430655e-04 | status=stationary_infeasible
  user=01 block=03 candidate n_kl=  15 after updating users [1] still leaves committed users infeasible [1, 2] at search_stage=fixed_step.
  user=01 block=03 candidate n_kl=  16 breaks committed-user feasibility [1] at search_stage=fixed_step; trying fresh re-optimization.
[DL Convergence] | phase=optimize | block=3 | epoch=1/120 | active_users=2 | updated_users=1 | objective=21.161880 | sum_rate=21.161880 | r_p=2.645557 | r_c=9.263412 | r_s=0.272020 | status=running
[DL Convergence] | phase=optimize | block=3 | epoch=5/120 | active_users=2 | updated_users=1 | objective=21.163992 | sum_rate=21.163992 | r_p=2.645348 | r_c=9.542604 | r_s=0.016285 | status=running
[DL Convergence] | phase=optimize | block=3 | epoch=10/120 | active_users=2 | updated_users=1 | objective=21.164782 | sum_rate=21.164782 | r_p=2.645351 | r_c=9.892511 | r_s=0.004531 | status=running
[DL Convergence] | phase=optimize | block=3 | epoch=15/120 | active_users=2 | updated_users=1 | objective=21.165218 | sum_rate=21.165218 | r_p=2.645321 | r_c=10.242286 | r_s=0.002151 | status=running
[DL Convergence] | phase=optimize | block=3 | epoch=20/120 | active_users=2 | updated_users=1 | objective=21.165499 | sum_rate=21.165499 | r_p=2.645298 | r_c=10.592079 | r_s=0.001293 | status=running
[DL Convergence] | phase=optimize | block=3 | epoch=23/120 | active_users=2 | updated_users=1 | objective=21.165621 | sum_rate=21.165621 | r_p=2.645292 | r_c=10.801983 | r_s=9.914639e-04 | status=stationary_infeasible
  user=01 block=03 candidate n_kl=  16 after updating users [1] still leaves committed users infeasible [1, 2] at search_stage=fixed_step.
  user=01 block=03 candidate n_kl=  17 breaks committed-user feasibility [1] at search_stage=fixed_step; trying fresh re-optimization.
[DL Convergence] | phase=optimize | block=3 | epoch=1/120 | active_users=2 | updated_users=1 | objective=21.298880 | sum_rate=21.298880 | r_p=2.267562 | r_c=3.879037 | r_s=0.272020 | status=running
[DL Convergence] | phase=optimize | block=3 | epoch=5/120 | active_users=2 | updated_users=1 | objective=21.300987 | sum_rate=21.300987 | r_p=2.265660 | r_c=3.927393 | r_s=0.016285 | status=running
[DL Convergence] | phase=optimize | block=3 | epoch=10/120 | active_users=2 | updated_users=1 | objective=21.301775 | sum_rate=21.301775 | r_p=2.264866 | r_c=3.988755 | r_s=0.004530 | status=running
[DL Convergence] | phase=optimize | block=3 | epoch=15/120 | active_users=2 | updated_users=1 | objective=21.302214 | sum_rate=21.302214 | r_p=2.264461 | r_c=4.049977 | r_s=0.002147 | status=running
[DL Convergence] | phase=optimize | block=3 | epoch=20/120 | active_users=2 | updated_users=1 | objective=21.302494 | sum_rate=21.302494 | r_p=2.264204 | r_c=4.111229 | r_s=0.001295 | status=running
[DL Convergence] | phase=optimize | block=3 | epoch=23/120 | active_users=2 | updated_users=1 | objective=21.302610 | sum_rate=21.302610 | r_p=2.264088 | r_c=4.148023 | r_s=9.847463e-04 | status=stationary_infeasible
  user=01 block=03 candidate n_kl=  17 after updating users [1] still leaves committed users infeasible [1, 2] at search_stage=fixed_step.
  user=01 block=03 candidate n_kl=  18 breaks committed-user feasibility [1] at search_stage=fixed_step; trying fresh re-optimization.
[DL Convergence] | phase=optimize | block=3 | epoch=1/120 | active_users=2 | updated_users=1 | objective=21.424265 | sum_rate=21.424265 | r_p=2.267560 | r_c=0.226756 | r_s=0.272019 | status=running
[DL Convergence] | phase=optimize | block=3 | epoch=5/120 | active_users=2 | updated_users=1 | objective=21.426300 | sum_rate=21.426300 | r_p=2.265646 | r_c=0.431981 | r_s=0.016243 | status=running
[DL Convergence] | phase=optimize | block=3 | epoch=10/120 | active_users=2 | updated_users=1 | objective=21.427164 | sum_rate=21.427164 | r_p=2.264848 | r_c=0.688354 | r_s=0.004490 | status=running
[DL Convergence] | phase=optimize | block=3 | epoch=15/120 | active_users=2 | updated_users=1 | objective=21.427605 | sum_rate=21.427605 | r_p=2.264447 | r_c=0.944643 | r_s=0.002088 | status=running
[DL Convergence] | phase=optimize | block=3 | epoch=20/120 | active_users=2 | updated_users=1 | objective=21.427889 | sum_rate=21.427889 | r_p=2.264197 | r_c=1.200884 | r_s=0.001217 | status=running
[DL Convergence] | phase=optimize | block=3 | epoch=23/120 | active_users=2 | updated_users=1 | objective=21.428011 | sum_rate=21.428011 | r_p=2.264085 | r_c=1.354612 | r_s=9.338531e-04 | status=stationary_infeasible
  user=01 block=03 candidate n_kl=  18 after updating users [1] still leaves committed users infeasible [1, 2] at search_stage=fixed_step.
  user=01 block=03 candidate n_kl=  19 breaks committed-user feasibility [1] at search_stage=fixed_step; trying fresh re-optimization.
[DL Convergence] | phase=optimize | block=3 | epoch=1/120 | active_users=2 | updated_users=1 | objective=21.539642 | sum_rate=21.539642 | r_p=2.267560 | r_c=0.226756 | r_s=0.272019 | status=running
[DL Convergence] | phase=optimize | block=3 | epoch=5/120 | active_users=2 | updated_users=1 | objective=21.541683 | sum_rate=21.541683 | r_p=2.265646 | r_c=0.431981 | r_s=0.016243 | status=running
[DL Convergence] | phase=optimize | block=3 | epoch=10/120 | active_users=2 | updated_users=1 | objective=21.542542 | sum_rate=21.542542 | r_p=2.264848 | r_c=0.688354 | r_s=0.004490 | status=running
[DL Convergence] | phase=optimize | block=3 | epoch=15/120 | active_users=2 | updated_users=1 | objective=21.542986 | sum_rate=21.542986 | r_p=2.264447 | r_c=0.944643 | r_s=0.002088 | status=running
[DL Convergence] | phase=optimize | block=3 | epoch=20/120 | active_users=2 | updated_users=1 | objective=21.543266 | sum_rate=21.543266 | r_p=2.264197 | r_c=1.200884 | r_s=0.001217 | status=running
[DL Convergence] | phase=optimize | block=3 | epoch=23/120 | active_users=2 | updated_users=1 | objective=21.543392 | sum_rate=21.543392 | r_p=2.264085 | r_c=1.354612 | r_s=9.338528e-04 | status=stationary_infeasible
  user=01 block=03 candidate n_kl=  19 after updating users [1] still leaves committed users infeasible [1, 2] at search_stage=fixed_step.
  user=01 block=03 candidate n_kl=  20 breaks committed-user feasibility [1] at search_stage=fixed_step; trying fresh re-optimization.
[DL Convergence] | phase=optimize | block=3 | epoch=1/120 | active_users=2 | updated_users=1 | objective=21.646254 | sum_rate=21.646254 | r_p=2.267560 | r_c=0.226756 | r_s=0.272019 | status=running
[DL Convergence] | phase=optimize | block=3 | epoch=5/120 | active_users=2 | updated_users=1 | objective=21.648293 | sum_rate=21.648293 | r_p=2.265646 | r_c=0.431981 | r_s=0.016243 | status=running
[DL Convergence] | phase=optimize | block=3 | epoch=10/120 | active_users=2 | updated_users=1 | objective=21.649153 | sum_rate=21.649153 | r_p=2.264848 | r_c=0.688354 | r_s=0.004490 | status=running
[DL Convergence] | phase=optimize | block=3 | epoch=15/120 | active_users=2 | updated_users=1 | objective=21.649597 | sum_rate=21.649597 | r_p=2.264447 | r_c=0.944643 | r_s=0.002088 | status=running
[DL Convergence] | phase=optimize | block=3 | epoch=20/120 | active_users=2 | updated_users=1 | objective=21.649878 | sum_rate=21.649878 | r_p=2.264197 | r_c=1.200884 | r_s=0.001217 | status=running
[DL Convergence] | phase=optimize | block=3 | epoch=23/120 | active_users=2 | updated_users=1 | objective=21.650000 | sum_rate=21.650000 | r_p=2.264085 | r_c=1.354612 | r_s=9.338510e-04 | status=stationary_infeasible
  user=01 block=03 candidate n_kl=  20 after updating users [1] still leaves committed users infeasible [1, 2] at search_stage=fixed_step.
  user=01 block=03 candidate n_kl=  21 breaks committed-user feasibility [1] at search_stage=fixed_step; trying fresh re-optimization.
[DL Convergence] | phase=optimize | block=3 | epoch=1/120 | active_users=2 | updated_users=1 | objective=21.745157 | sum_rate=21.745157 | r_p=2.267560 | r_c=0.226756 | r_s=0.272019 | status=running
[DL Convergence] | phase=optimize | block=3 | epoch=5/120 | active_users=2 | updated_users=1 | objective=21.747192 | sum_rate=21.747192 | r_p=2.265646 | r_c=0.431981 | r_s=0.016243 | status=running
[DL Convergence] | phase=optimize | block=3 | epoch=10/120 | active_users=2 | updated_users=1 | objective=21.748056 | sum_rate=21.748056 | r_p=2.264848 | r_c=0.688354 | r_s=0.004490 | status=running
[DL Convergence] | phase=optimize | block=3 | epoch=15/120 | active_users=2 | updated_users=1 | objective=21.748501 | sum_rate=21.748501 | r_p=2.264447 | r_c=0.944643 | r_s=0.002088 | status=running
[DL Convergence] | phase=optimize | block=3 | epoch=20/120 | active_users=2 | updated_users=1 | objective=21.748777 | sum_rate=21.748777 | r_p=2.264197 | r_c=1.200884 | r_s=0.001217 | status=running
[DL Convergence] | phase=optimize | block=3 | epoch=23/120 | active_users=2 | updated_users=1 | objective=21.748907 | sum_rate=21.748907 | r_p=2.264085 | r_c=1.354612 | r_s=9.338465e-04 | status=stationary_infeasible
  user=01 block=03 candidate n_kl=  21 after updating users [1] still leaves committed users infeasible [2] at search_stage=fixed_step.
  user=01 block=03 candidate n_kl=  22 breaks committed-user feasibility [1] at search_stage=fixed_step; trying fresh re-optimization.
[DL Convergence] | phase=optimize | block=3 | epoch=1/120 | active_users=2 | updated_users=1 | objective=21.837238 | sum_rate=21.837238 | r_p=2.267560 | r_c=0.226756 | r_s=0.272019 | status=running
[DL Convergence] | phase=optimize | block=3 | epoch=5/120 | active_users=2 | updated_users=1 | objective=21.839277 | sum_rate=21.839277 | r_p=2.265646 | r_c=0.431981 | r_s=0.016243 | status=running
[DL Convergence] | phase=optimize | block=3 | epoch=10/120 | active_users=2 | updated_users=1 | objective=21.840137 | sum_rate=21.840137 | r_p=2.264848 | r_c=0.688354 | r_s=0.004490 | status=running
[DL Convergence] | phase=optimize | block=3 | epoch=15/120 | active_users=2 | updated_users=1 | objective=21.840582 | sum_rate=21.840582 | r_p=2.264447 | r_c=0.944643 | r_s=0.002088 | status=running
[DL Convergence] | phase=optimize | block=3 | epoch=20/120 | active_users=2 | updated_users=1 | objective=21.840862 | sum_rate=21.840862 | r_p=2.264197 | r_c=1.200884 | r_s=0.001217 | status=running
[DL Convergence] | phase=optimize | block=3 | epoch=23/120 | active_users=2 | updated_users=1 | objective=21.840984 | sum_rate=21.840984 | r_p=2.264085 | r_c=1.354612 | r_s=9.338480e-04 | status=stationary_infeasible
  user=01 block=03 candidate n_kl=  22 after updating users [1] still leaves committed users infeasible [2] at search_stage=fixed_step.
  user=01 block=03 candidate n_kl=  23 breaks committed-user feasibility [1] at search_stage=fixed_step; trying fresh re-optimization.
[DL Convergence] | phase=optimize | block=3 | epoch=1/120 | active_users=2 | updated_users=1 | objective=21.923246 | sum_rate=21.923246 | r_p=2.267560 | r_c=0.226756 | r_s=0.272019 | status=running
[DL Convergence] | phase=optimize | block=3 | epoch=5/120 | active_users=2 | updated_users=1 | objective=21.925285 | sum_rate=21.925285 | r_p=2.265646 | r_c=0.431981 | r_s=0.016243 | status=running
[DL Convergence] | phase=optimize | block=3 | epoch=10/120 | active_users=2 | updated_users=1 | objective=21.926146 | sum_rate=21.926146 | r_p=2.264848 | r_c=0.688354 | r_s=0.004490 | status=running
[DL Convergence] | phase=optimize | block=3 | epoch=15/120 | active_users=2 | updated_users=1 | objective=21.926586 | sum_rate=21.926586 | r_p=2.264447 | r_c=0.944643 | r_s=0.002088 | status=running
[DL Convergence] | phase=optimize | block=3 | epoch=20/120 | active_users=2 | updated_users=1 | objective=21.926872 | sum_rate=21.926872 | r_p=2.264197 | r_c=1.200884 | r_s=0.001217 | status=running
[DL Convergence] | phase=optimize | block=3 | epoch=23/120 | active_users=2 | updated_users=1 | objective=21.926996 | sum_rate=21.926996 | r_p=2.264085 | r_c=1.354612 | r_s=9.338486e-04 | status=stationary_infeasible
  user=01 block=03 candidate n_kl=  23 after updating users [1] still leaves committed users infeasible [2] at search_stage=fixed_step.
  user=01 block=03 candidate n_kl=  24 breaks committed-user feasibility [1] at search_stage=fixed_step; trying fresh re-optimization.
[DL Convergence] | phase=optimize | block=3 | epoch=1/120 | active_users=2 | updated_users=1 | objective=22.003822 | sum_rate=22.003822 | r_p=2.267560 | r_c=0.226756 | r_s=0.272019 | status=running
[DL Convergence] | phase=optimize | block=3 | epoch=5/120 | active_users=2 | updated_users=1 | objective=22.005861 | sum_rate=22.005861 | r_p=2.265646 | r_c=0.431981 | r_s=0.016243 | status=running
[DL Convergence] | phase=optimize | block=3 | epoch=10/120 | active_users=2 | updated_users=1 | objective=22.006716 | sum_rate=22.006716 | r_p=2.264848 | r_c=0.688354 | r_s=0.004490 | status=running
[DL Convergence] | phase=optimize | block=3 | epoch=15/120 | active_users=2 | updated_users=1 | objective=22.007164 | sum_rate=22.007164 | r_p=2.264447 | r_c=0.944643 | r_s=0.002088 | status=running
[DL Convergence] | phase=optimize | block=3 | epoch=20/120 | active_users=2 | updated_users=1 | objective=22.007444 | sum_rate=22.007444 | r_p=2.264197 | r_c=1.200884 | r_s=0.001217 | status=running
[DL Convergence] | phase=optimize | block=3 | epoch=23/120 | active_users=2 | updated_users=1 | objective=22.007570 | sum_rate=22.007570 | r_p=2.264085 | r_c=1.354612 | r_s=9.338467e-04 | status=stationary_infeasible
  user=01 block=03 candidate n_kl=  24 after updating users [1] still leaves committed users infeasible [2] at search_stage=fixed_step.
  user=01 block=03 candidate n_kl=  25 breaks committed-user feasibility [1] at search_stage=fixed_step; trying fresh re-optimization.
[DL Convergence] | phase=optimize | block=3 | epoch=1/120 | active_users=2 | updated_users=1 | objective=22.079514 | sum_rate=22.079514 | r_p=2.267560 | r_c=0.226756 | r_s=0.272019 | status=running
[DL Convergence] | phase=optimize | block=3 | epoch=5/120 | active_users=2 | updated_users=1 | objective=22.081553 | sum_rate=22.081553 | r_p=2.265646 | r_c=0.431981 | r_s=0.016243 | status=running
[DL Convergence] | phase=optimize | block=3 | epoch=10/120 | active_users=2 | updated_users=1 | objective=22.082411 | sum_rate=22.082411 | r_p=2.264848 | r_c=0.688354 | r_s=0.004490 | status=running
[DL Convergence] | phase=optimize | block=3 | epoch=15/120 | active_users=2 | updated_users=1 | objective=22.082855 | sum_rate=22.082855 | r_p=2.264447 | r_c=0.944643 | r_s=0.002088 | status=running
[DL Convergence] | phase=optimize | block=3 | epoch=20/120 | active_users=2 | updated_users=1 | objective=22.083136 | sum_rate=22.083136 | r_p=2.264197 | r_c=1.200884 | r_s=0.001217 | status=running
[DL Convergence] | phase=optimize | block=3 | epoch=23/120 | active_users=2 | updated_users=1 | objective=22.083261 | sum_rate=22.083261 | r_p=2.264085 | r_c=1.354612 | r_s=9.338488e-04 | status=stationary_infeasible
  user=01 block=03 candidate n_kl=  25 after updating users [1] still leaves committed users infeasible [2] at search_stage=fixed_step.
  user=01 block=03 candidate n_kl=  26 breaks committed-user feasibility [1] at search_stage=fixed_step; trying fresh re-optimization.
[DL Convergence] | phase=optimize | block=3 | epoch=1/120 | active_users=2 | updated_users=1 | objective=22.150793 | sum_rate=22.150793 | r_p=2.267560 | r_c=0.226756 | r_s=0.272019 | status=running
[DL Convergence] | phase=optimize | block=3 | epoch=5/120 | active_users=2 | updated_users=1 | objective=22.152832 | sum_rate=22.152832 | r_p=2.265646 | r_c=0.431981 | r_s=0.016243 | status=running
[DL Convergence] | phase=optimize | block=3 | epoch=10/120 | active_users=2 | updated_users=1 | objective=22.153692 | sum_rate=22.153692 | r_p=2.264848 | r_c=0.688354 | r_s=0.004490 | status=running
[DL Convergence] | phase=optimize | block=3 | epoch=15/120 | active_users=2 | updated_users=1 | objective=22.154137 | sum_rate=22.154137 | r_p=2.264447 | r_c=0.944643 | r_s=0.002088 | status=running
[DL Convergence] | phase=optimize | block=3 | epoch=20/120 | active_users=2 | updated_users=1 | objective=22.154419 | sum_rate=22.154419 | r_p=2.264197 | r_c=1.200884 | r_s=0.001217 | status=running
[DL Convergence] | phase=optimize | block=3 | epoch=23/120 | active_users=2 | updated_users=1 | objective=22.154539 | sum_rate=22.154539 | r_p=2.264085 | r_c=1.354612 | r_s=9.338459e-04 | status=stationary_infeasible
  user=01 block=03 candidate n_kl=  26 after updating users [1] still leaves committed users infeasible [2] at search_stage=fixed_step.
  user=01 block=03 candidate n_kl=  27 breaks committed-user feasibility [1] at search_stage=fixed_step; trying fresh re-optimization.
[DL Convergence] | phase=optimize | block=3 | epoch=1/120 | active_users=2 | updated_users=1 | objective=22.218077 | sum_rate=22.218077 | r_p=2.267560 | r_c=0.226756 | r_s=0.272019 | status=running
[DL Convergence] | phase=optimize | block=3 | epoch=5/120 | active_users=2 | updated_users=1 | objective=22.220116 | sum_rate=22.220116 | r_p=2.265646 | r_c=0.431981 | r_s=0.016243 | status=running
[DL Convergence] | phase=optimize | block=3 | epoch=10/120 | active_users=2 | updated_users=1 | objective=22.220976 | sum_rate=22.220976 | r_p=2.264848 | r_c=0.688354 | r_s=0.004490 | status=running
[DL Convergence] | phase=optimize | block=3 | epoch=15/120 | active_users=2 | updated_users=1 | objective=22.221420 | sum_rate=22.221420 | r_p=2.264447 | r_c=0.944643 | r_s=0.002088 | status=running
[DL Convergence] | phase=optimize | block=3 | epoch=20/120 | active_users=2 | updated_users=1 | objective=22.221703 | sum_rate=22.221703 | r_p=2.264197 | r_c=1.200884 | r_s=0.001217 | status=running
[DL Convergence] | phase=optimize | block=3 | epoch=23/120 | active_users=2 | updated_users=1 | objective=22.221827 | sum_rate=22.221827 | r_p=2.264085 | r_c=1.354612 | r_s=9.338441e-04 | status=stationary_infeasible
  user=01 block=03 candidate n_kl=  27 after updating users [1] still leaves committed users infeasible [2] at search_stage=fixed_step.
  user=01 block=03 candidate n_kl=  28 breaks committed-user feasibility [1] at search_stage=fixed_step; trying fresh re-optimization.
[DL Convergence] | phase=optimize | block=3 | epoch=1/120 | active_users=2 | updated_users=1 | objective=22.281723 | sum_rate=22.281723 | r_p=2.267560 | r_c=0.226756 | r_s=0.272019 | status=running
[DL Convergence] | phase=optimize | block=3 | epoch=5/120 | active_users=2 | updated_users=1 | objective=22.283762 | sum_rate=22.283762 | r_p=2.265646 | r_c=0.431981 | r_s=0.016243 | status=running
[DL Convergence] | phase=optimize | block=3 | epoch=10/120 | active_users=2 | updated_users=1 | objective=22.284622 | sum_rate=22.284622 | r_p=2.264848 | r_c=0.688354 | r_s=0.004490 | status=running
[DL Convergence] | phase=optimize | block=3 | epoch=15/120 | active_users=2 | updated_users=1 | objective=22.285067 | sum_rate=22.285067 | r_p=2.264447 | r_c=0.944643 | r_s=0.002088 | status=running
[DL Convergence] | phase=optimize | block=3 | epoch=20/120 | active_users=2 | updated_users=1 | objective=22.285347 | sum_rate=22.285347 | r_p=2.264197 | r_c=1.200884 | r_s=0.001217 | status=running
[DL Convergence] | phase=optimize | block=3 | epoch=23/120 | active_users=2 | updated_users=1 | objective=22.285473 | sum_rate=22.285473 | r_p=2.264085 | r_c=1.354612 | r_s=9.338406e-04 | status=stationary_infeasible
  user=01 block=03 candidate n_kl=  28 after updating users [1] still leaves committed users infeasible [2] at search_stage=fixed_step.
  user=01 block=03 candidate n_kl=  29 breaks committed-user feasibility [1] at search_stage=fixed_step; trying fresh re-optimization.
[DL Convergence] | phase=optimize | block=3 | epoch=1/120 | active_users=2 | updated_users=1 | objective=22.342049 | sum_rate=22.342049 | r_p=2.267560 | r_c=0.226756 | r_s=0.272019 | status=running
[DL Convergence] | phase=optimize | block=3 | epoch=5/120 | active_users=2 | updated_users=1 | objective=22.344084 | sum_rate=22.344084 | r_p=2.265646 | r_c=0.431981 | r_s=0.016243 | status=running
[DL Convergence] | phase=optimize | block=3 | epoch=10/120 | active_users=2 | updated_users=1 | objective=22.344946 | sum_rate=22.344946 | r_p=2.264848 | r_c=0.688354 | r_s=0.004490 | status=running
[DL Convergence] | phase=optimize | block=3 | epoch=15/120 | active_users=2 | updated_users=1 | objective=22.345390 | sum_rate=22.345390 | r_p=2.264447 | r_c=0.944643 | r_s=0.002088 | status=running
[DL Convergence] | phase=optimize | block=3 | epoch=20/120 | active_users=2 | updated_users=1 | objective=22.345671 | sum_rate=22.345671 | r_p=2.264197 | r_c=1.200884 | r_s=0.001216 | status=running
[DL Convergence] | phase=optimize | block=3 | epoch=23/120 | active_users=2 | updated_users=1 | objective=22.345793 | sum_rate=22.345793 | r_p=2.264085 | r_c=1.354612 | r_s=9.338434e-04 | status=stationary_infeasible
  user=01 block=03 candidate n_kl=  29 after updating users [1] still leaves committed users infeasible [2] at search_stage=fixed_step.
  user=01 block=03 candidate n_kl=  30 breaks committed-user feasibility [1] at search_stage=fixed_step; trying fresh re-optimization.
[DL Convergence] | phase=optimize | block=3 | epoch=1/120 | active_users=2 | updated_users=1 | objective=22.399330 | sum_rate=22.399330 | r_p=2.267560 | r_c=0.226756 | r_s=0.272019 | status=running
[DL Convergence] | phase=optimize | block=3 | epoch=5/120 | active_users=2 | updated_users=1 | objective=22.401371 | sum_rate=22.401371 | r_p=2.265646 | r_c=0.431981 | r_s=0.016243 | status=running
[DL Convergence] | phase=optimize | block=3 | epoch=10/120 | active_users=2 | updated_users=1 | objective=22.402225 | sum_rate=22.402225 | r_p=2.264848 | r_c=0.688354 | r_s=0.004490 | status=running
[DL Convergence] | phase=optimize | block=3 | epoch=15/120 | active_users=2 | updated_users=1 | objective=22.402674 | sum_rate=22.402674 | r_p=2.264447 | r_c=0.944643 | r_s=0.002088 | status=running
[DL Convergence] | phase=optimize | block=3 | epoch=20/120 | active_users=2 | updated_users=1 | objective=22.402956 | sum_rate=22.402956 | r_p=2.264197 | r_c=1.200884 | r_s=0.001216 | status=running
[DL Convergence] | phase=optimize | block=3 | epoch=23/120 | active_users=2 | updated_users=1 | objective=22.403076 | sum_rate=22.403076 | r_p=2.264085 | r_c=1.354612 | r_s=9.338416e-04 | status=stationary_infeasible
  user=01 block=03 candidate n_kl=  30 after updating users [1] still leaves committed users infeasible [2] at search_stage=fixed_step.
  user=01 block=03 candidate n_kl=  31 breaks committed-user feasibility [1] at search_stage=fixed_step; trying fresh re-optimization.
[DL Convergence] | phase=optimize | block=3 | epoch=1/120 | active_users=2 | updated_users=1 | objective=22.453819 | sum_rate=22.453819 | r_p=2.267560 | r_c=0.226756 | r_s=0.272019 | status=running
[DL Convergence] | phase=optimize | block=3 | epoch=5/120 | active_users=2 | updated_users=1 | objective=22.455854 | sum_rate=22.455854 | r_p=2.265646 | r_c=0.431981 | r_s=0.016243 | status=running
[DL Convergence] | phase=optimize | block=3 | epoch=10/120 | active_users=2 | updated_users=1 | objective=22.456718 | sum_rate=22.456718 | r_p=2.264848 | r_c=0.688354 | r_s=0.004490 | status=running
[DL Convergence] | phase=optimize | block=3 | epoch=15/120 | active_users=2 | updated_users=1 | objective=22.457163 | sum_rate=22.457163 | r_p=2.264447 | r_c=0.944643 | r_s=0.002088 | status=running
[DL Convergence] | phase=optimize | block=3 | epoch=20/120 | active_users=2 | updated_users=1 | objective=22.457443 | sum_rate=22.457443 | r_p=2.264197 | r_c=1.200884 | r_s=0.001216 | status=running
[DL Convergence] | phase=optimize | block=3 | epoch=23/120 | active_users=2 | updated_users=1 | objective=22.457565 | sum_rate=22.457565 | r_p=2.264085 | r_c=1.354612 | r_s=9.338427e-04 | status=stationary_infeasible
  user=01 block=03 candidate n_kl=  31 after updating users [1] still leaves committed users infeasible [2] at search_stage=fixed_step.
  user=01 block=03 candidate n_kl=  32 breaks committed-user feasibility [1] at search_stage=fixed_step; trying fresh re-optimization.
[DL Convergence] | phase=optimize | block=3 | epoch=1/120 | active_users=2 | updated_users=1 | objective=22.505733 | sum_rate=22.505733 | r_p=2.267560 | r_c=0.226756 | r_s=0.272019 | status=running
[DL Convergence] | phase=optimize | block=3 | epoch=5/120 | active_users=2 | updated_users=1 | objective=22.507772 | sum_rate=22.507772 | r_p=2.265646 | r_c=0.431981 | r_s=0.016243 | status=running
[DL Convergence] | phase=optimize | block=3 | epoch=10/120 | active_users=2 | updated_users=1 | objective=22.508631 | sum_rate=22.508631 | r_p=2.264848 | r_c=0.688354 | r_s=0.004490 | status=running
[DL Convergence] | phase=optimize | block=3 | epoch=15/120 | active_users=2 | updated_users=1 | objective=22.509073 | sum_rate=22.509073 | r_p=2.264447 | r_c=0.944643 | r_s=0.002088 | status=running
[DL Convergence] | phase=optimize | block=3 | epoch=20/120 | active_users=2 | updated_users=1 | objective=22.509357 | sum_rate=22.509357 | r_p=2.264197 | r_c=1.200884 | r_s=0.001216 | status=running
[DL Convergence] | phase=optimize | block=3 | epoch=23/120 | active_users=2 | updated_users=1 | objective=22.509478 | sum_rate=22.509478 | r_p=2.264085 | r_c=1.354612 | r_s=9.338403e-04 | status=stationary_infeasible
  user=01 block=03 candidate n_kl=  32 after updating users [1] still leaves committed users infeasible [2] at search_stage=fixed_step.
  user=01 block=03 candidate n_kl=  33 breaks committed-user feasibility [1] at search_stage=fixed_step; trying fresh re-optimization.
[DL Convergence] | phase=optimize | block=3 | epoch=1/120 | active_users=2 | updated_users=1 | objective=22.555269 | sum_rate=22.555269 | r_p=2.267560 | r_c=0.226756 | r_s=0.272019 | status=running
[DL Convergence] | phase=optimize | block=3 | epoch=5/120 | active_users=2 | updated_users=1 | objective=22.557310 | sum_rate=22.557310 | r_p=2.265646 | r_c=0.431981 | r_s=0.016243 | status=running
[DL Convergence] | phase=optimize | block=3 | epoch=10/120 | active_users=2 | updated_users=1 | objective=22.558168 | sum_rate=22.558168 | r_p=2.264848 | r_c=0.688354 | r_s=0.004490 | status=running
[DL Convergence] | phase=optimize | block=3 | epoch=15/120 | active_users=2 | updated_users=1 | objective=22.558611 | sum_rate=22.558611 | r_p=2.264447 | r_c=0.944643 | r_s=0.002088 | status=running
[DL Convergence] | phase=optimize | block=3 | epoch=20/120 | active_users=2 | updated_users=1 | objective=22.558891 | sum_rate=22.558891 | r_p=2.264197 | r_c=1.200884 | r_s=0.001216 | status=running
[DL Convergence] | phase=optimize | block=3 | epoch=23/120 | active_users=2 | updated_users=1 | objective=22.559019 | sum_rate=22.559019 | r_p=2.264085 | r_c=1.354612 | r_s=9.338420e-04 | status=stationary_infeasible
  user=01 block=03 candidate n_kl=  33 after updating users [1] still leaves committed users infeasible [2] at search_stage=fixed_step.
  user=01 block=03 candidate n_kl=  34 breaks committed-user feasibility [1] at search_stage=fixed_step; trying fresh re-optimization.
[DL Convergence] | phase=optimize | block=3 | epoch=1/120 | active_users=2 | updated_users=1 | objective=22.602602 | sum_rate=22.602602 | r_p=2.267560 | r_c=0.226756 | r_s=0.272019 | status=running
[DL Convergence] | phase=optimize | block=3 | epoch=5/120 | active_users=2 | updated_users=1 | objective=22.604641 | sum_rate=22.604641 | r_p=2.265646 | r_c=0.431981 | r_s=0.016243 | status=running
[DL Convergence] | phase=optimize | block=3 | epoch=10/120 | active_users=2 | updated_users=1 | objective=22.605501 | sum_rate=22.605501 | r_p=2.264848 | r_c=0.688354 | r_s=0.004490 | status=running
[DL Convergence] | phase=optimize | block=3 | epoch=15/120 | active_users=2 | updated_users=1 | objective=22.605946 | sum_rate=22.605946 | r_p=2.264447 | r_c=0.944643 | r_s=0.002088 | status=running
[DL Convergence] | phase=optimize | block=3 | epoch=20/120 | active_users=2 | updated_users=1 | objective=22.606226 | sum_rate=22.606226 | r_p=2.264197 | r_c=1.200884 | r_s=0.001216 | status=running
[DL Convergence] | phase=optimize | block=3 | epoch=23/120 | active_users=2 | updated_users=1 | objective=22.606348 | sum_rate=22.606348 | r_p=2.264085 | r_c=1.354612 | r_s=9.338422e-04 | status=stationary_infeasible
  user=01 block=03 candidate n_kl=  34 after updating users [1] still leaves committed users infeasible [2] at search_stage=fixed_step.
  user=01 block=03 candidate n_kl=  35 breaks committed-user feasibility [1] at search_stage=fixed_step; trying fresh re-optimization.
[DL Convergence] | phase=optimize | block=3 | epoch=1/120 | active_users=2 | updated_users=1 | objective=22.647894 | sum_rate=22.647894 | r_p=2.267560 | r_c=0.226756 | r_s=0.272019 | status=running
[DL Convergence] | phase=optimize | block=3 | epoch=5/120 | active_users=2 | updated_users=1 | objective=22.649929 | sum_rate=22.649929 | r_p=2.265646 | r_c=0.431981 | r_s=0.016243 | status=running
[DL Convergence] | phase=optimize | block=3 | epoch=10/120 | active_users=2 | updated_users=1 | objective=22.650793 | sum_rate=22.650793 | r_p=2.264848 | r_c=0.688354 | r_s=0.004490 | status=running
[DL Convergence] | phase=optimize | block=3 | epoch=15/120 | active_users=2 | updated_users=1 | objective=22.651232 | sum_rate=22.651232 | r_p=2.264447 | r_c=0.944643 | r_s=0.002088 | status=running
[DL Convergence] | phase=optimize | block=3 | epoch=20/120 | active_users=2 | updated_users=1 | objective=22.651516 | sum_rate=22.651516 | r_p=2.264197 | r_c=1.200884 | r_s=0.001216 | status=running
[DL Convergence] | phase=optimize | block=3 | epoch=23/120 | active_users=2 | updated_users=1 | objective=22.651640 | sum_rate=22.651640 | r_p=2.264085 | r_c=1.354612 | r_s=9.338397e-04 | status=stationary_infeasible
  user=01 block=03 candidate n_kl=  35 after updating users [1] still leaves committed users infeasible [2] at search_stage=fixed_step.
  user=01 block=03 candidate n_kl=  36 breaks committed-user feasibility [1] at search_stage=fixed_step; trying fresh re-optimization.
[DL Convergence] | phase=optimize | block=3 | epoch=1/120 | active_users=2 | updated_users=1 | objective=22.691284 | sum_rate=22.691284 | r_p=2.267560 | r_c=0.226756 | r_s=0.272019 | status=running
[DL Convergence] | phase=optimize | block=3 | epoch=5/120 | active_users=2 | updated_users=1 | objective=22.693323 | sum_rate=22.693323 | r_p=2.265646 | r_c=0.431981 | r_s=0.016243 | status=running
[DL Convergence] | phase=optimize | block=3 | epoch=10/120 | active_users=2 | updated_users=1 | objective=22.694181 | sum_rate=22.694181 | r_p=2.264848 | r_c=0.688354 | r_s=0.004490 | status=running
[DL Convergence] | phase=optimize | block=3 | epoch=15/120 | active_users=2 | updated_users=1 | objective=22.694626 | sum_rate=22.694626 | r_p=2.264447 | r_c=0.944643 | r_s=0.002088 | status=running
[DL Convergence] | phase=optimize | block=3 | epoch=20/120 | active_users=2 | updated_users=1 | objective=22.694906 | sum_rate=22.694906 | r_p=2.264197 | r_c=1.200884 | r_s=0.001216 | status=running
[DL Convergence] | phase=optimize | block=3 | epoch=23/120 | active_users=2 | updated_users=1 | objective=22.695028 | sum_rate=22.695028 | r_p=2.264085 | r_c=1.354612 | r_s=9.338406e-04 | status=stationary_infeasible
  user=01 block=03 candidate n_kl=  36 after updating users [1] still leaves committed users infeasible [2] at search_stage=fixed_step.
  user=01 block=03 candidate n_kl=  37 breaks committed-user feasibility [1] at search_stage=fixed_step; trying fresh re-optimization.
[DL Convergence] | phase=optimize | block=3 | epoch=1/120 | active_users=2 | updated_users=1 | objective=22.732899 | sum_rate=22.732899 | r_p=2.267560 | r_c=0.226756 | r_s=0.272019 | status=running
[DL Convergence] | phase=optimize | block=3 | epoch=5/120 | active_users=2 | updated_users=1 | objective=22.734943 | sum_rate=22.734943 | r_p=2.265646 | r_c=0.431981 | r_s=0.016243 | status=running
[DL Convergence] | phase=optimize | block=3 | epoch=10/120 | active_users=2 | updated_users=1 | objective=22.735802 | sum_rate=22.735802 | r_p=2.264848 | r_c=0.688354 | r_s=0.004490 | status=running
[DL Convergence] | phase=optimize | block=3 | epoch=15/120 | active_users=2 | updated_users=1 | objective=22.736246 | sum_rate=22.736246 | r_p=2.264447 | r_c=0.944643 | r_s=0.002088 | status=running
[DL Convergence] | phase=optimize | block=3 | epoch=20/120 | active_users=2 | updated_users=1 | objective=22.736523 | sum_rate=22.736523 | r_p=2.264197 | r_c=1.200884 | r_s=0.001216 | status=running
[DL Convergence] | phase=optimize | block=3 | epoch=23/120 | active_users=2 | updated_users=1 | objective=22.736652 | sum_rate=22.736652 | r_p=2.264085 | r_c=1.354612 | r_s=9.338370e-04 | status=stationary_infeasible
  user=01 block=03 candidate n_kl=  37 after updating users [1] still leaves committed users infeasible [2] at search_stage=fixed_step.
  user=01 block=03 candidate n_kl=  38 breaks committed-user feasibility [1] at search_stage=fixed_step; trying fresh re-optimization.
[DL Convergence] | phase=optimize | block=3 | epoch=1/120 | active_users=2 | updated_users=1 | objective=22.772867 | sum_rate=22.772867 | r_p=2.267560 | r_c=0.226756 | r_s=0.272019 | status=running
[DL Convergence] | phase=optimize | block=3 | epoch=5/120 | active_users=2 | updated_users=1 | objective=22.774906 | sum_rate=22.774906 | r_p=2.265646 | r_c=0.431981 | r_s=0.016243 | status=running
[DL Convergence] | phase=optimize | block=3 | epoch=10/120 | active_users=2 | updated_users=1 | objective=22.775766 | sum_rate=22.775766 | r_p=2.264848 | r_c=0.688354 | r_s=0.004490 | status=running
[DL Convergence] | phase=optimize | block=3 | epoch=15/120 | active_users=2 | updated_users=1 | objective=22.776211 | sum_rate=22.776211 | r_p=2.264447 | r_c=0.944643 | r_s=0.002088 | status=running
[DL Convergence] | phase=optimize | block=3 | epoch=20/120 | active_users=2 | updated_users=1 | objective=22.776493 | sum_rate=22.776493 | r_p=2.264197 | r_c=1.200884 | r_s=0.001216 | status=running
[DL Convergence] | phase=optimize | block=3 | epoch=23/120 | active_users=2 | updated_users=1 | objective=22.776617 | sum_rate=22.776617 | r_p=2.264085 | r_c=1.354612 | r_s=9.338382e-04 | status=stationary_infeasible
  user=01 block=03 candidate n_kl=  38 after updating users [1] still leaves committed users infeasible [2] at search_stage=fixed_step.
  user=01 block=03 candidate n_kl=  39 breaks committed-user feasibility [1] at search_stage=fixed_step; trying fresh re-optimization.
[DL Convergence] | phase=optimize | block=3 | epoch=1/120 | active_users=2 | updated_users=1 | objective=22.811285 | sum_rate=22.811285 | r_p=2.267560 | r_c=0.226756 | r_s=0.272019 | status=running
[DL Convergence] | phase=optimize | block=3 | epoch=5/120 | active_users=2 | updated_users=1 | objective=22.813324 | sum_rate=22.813324 | r_p=2.265646 | r_c=0.431981 | r_s=0.016243 | status=running
[DL Convergence] | phase=optimize | block=3 | epoch=10/120 | active_users=2 | updated_users=1 | objective=22.814184 | sum_rate=22.814184 | r_p=2.264848 | r_c=0.688354 | r_s=0.004490 | status=running
[DL Convergence] | phase=optimize | block=3 | epoch=15/120 | active_users=2 | updated_users=1 | objective=22.814629 | sum_rate=22.814629 | r_p=2.264447 | r_c=0.944643 | r_s=0.002088 | status=running
[DL Convergence] | phase=optimize | block=3 | epoch=20/120 | active_users=2 | updated_users=1 | objective=22.814909 | sum_rate=22.814909 | r_p=2.264197 | r_c=1.200884 | r_s=0.001216 | status=running
[DL Convergence] | phase=optimize | block=3 | epoch=23/120 | active_users=2 | updated_users=1 | objective=22.815035 | sum_rate=22.815035 | r_p=2.264085 | r_c=1.354612 | r_s=9.338370e-04 | status=stationary_infeasible
  user=01 block=03 candidate n_kl=  39 after updating users [1] still leaves committed users infeasible [2] at search_stage=fixed_step.
  user=01 block=03 candidate n_kl=  40 breaks committed-user feasibility [1] at search_stage=fixed_step; trying fresh re-optimization.
[DL Convergence] | phase=optimize | block=3 | epoch=1/120 | active_users=2 | updated_users=1 | objective=22.848249 | sum_rate=22.848249 | r_p=2.267560 | r_c=0.226756 | r_s=0.272019 | status=running
[DL Convergence] | phase=optimize | block=3 | epoch=5/120 | active_users=2 | updated_users=1 | objective=22.850292 | sum_rate=22.850292 | r_p=2.265646 | r_c=0.431981 | r_s=0.016243 | status=running
[DL Convergence] | phase=optimize | block=3 | epoch=10/120 | active_users=2 | updated_users=1 | objective=22.851152 | sum_rate=22.851152 | r_p=2.264848 | r_c=0.688354 | r_s=0.004490 | status=running
[DL Convergence] | phase=optimize | block=3 | epoch=15/120 | active_users=2 | updated_users=1 | objective=22.851597 | sum_rate=22.851597 | r_p=2.264447 | r_c=0.944643 | r_s=0.002088 | status=running
[DL Convergence] | phase=optimize | block=3 | epoch=20/120 | active_users=2 | updated_users=1 | objective=22.851879 | sum_rate=22.851879 | r_p=2.264197 | r_c=1.200884 | r_s=0.001216 | status=running
[DL Convergence] | phase=optimize | block=3 | epoch=23/120 | active_users=2 | updated_users=1 | objective=22.852003 | sum_rate=22.852003 | r_p=2.264085 | r_c=1.354612 | r_s=9.338358e-04 | status=stationary_infeasible
  user=01 block=03 candidate n_kl=  40 after updating users [1] still leaves committed users infeasible [2] at search_stage=fixed_step.
  user=01 block=03 candidate n_kl=  41 breaks committed-user feasibility [1] at search_stage=fixed_step; trying fresh re-optimization.
[DL Convergence] | phase=optimize | block=3 | epoch=1/120 | active_users=2 | updated_users=1 | objective=22.883862 | sum_rate=22.883862 | r_p=2.267560 | r_c=0.226756 | r_s=0.272019 | status=running
[DL Convergence] | phase=optimize | block=3 | epoch=5/120 | active_users=2 | updated_users=1 | objective=22.885900 | sum_rate=22.885900 | r_p=2.265646 | r_c=0.431981 | r_s=0.016243 | status=running
[DL Convergence] | phase=optimize | block=3 | epoch=10/120 | active_users=2 | updated_users=1 | objective=22.886759 | sum_rate=22.886759 | r_p=2.264848 | r_c=0.688354 | r_s=0.004490 | status=running
[DL Convergence] | phase=optimize | block=3 | epoch=15/120 | active_users=2 | updated_users=1 | objective=22.887205 | sum_rate=22.887205 | r_p=2.264447 | r_c=0.944643 | r_s=0.002088 | status=running
[DL Convergence] | phase=optimize | block=3 | epoch=20/120 | active_users=2 | updated_users=1 | objective=22.887486 | sum_rate=22.887486 | r_p=2.264197 | r_c=1.200884 | r_s=0.001216 | status=running
[DL Convergence] | phase=optimize | block=3 | epoch=23/120 | active_users=2 | updated_users=1 | objective=22.887606 | sum_rate=22.887606 | r_p=2.264085 | r_c=1.354612 | r_s=9.338383e-04 | status=stationary_infeasible
  user=01 block=03 candidate n_kl=  41 after updating users [1] still leaves committed users infeasible [2] at search_stage=fixed_step.
  user=01 block=03 candidate n_kl=  42 breaks committed-user feasibility [1] at search_stage=fixed_step; trying fresh re-optimization.
[DL Convergence] | phase=optimize | block=3 | epoch=1/120 | active_users=2 | updated_users=1 | objective=22.918184 | sum_rate=22.918184 | r_p=2.267560 | r_c=0.226756 | r_s=0.272019 | status=running
[DL Convergence] | phase=optimize | block=3 | epoch=5/120 | active_users=2 | updated_users=1 | objective=22.920227 | sum_rate=22.920227 | r_p=2.265646 | r_c=0.431981 | r_s=0.016243 | status=running
[DL Convergence] | phase=optimize | block=3 | epoch=10/120 | active_users=2 | updated_users=1 | objective=22.921087 | sum_rate=22.921087 | r_p=2.264848 | r_c=0.688354 | r_s=0.004490 | status=running
[DL Convergence] | phase=optimize | block=3 | epoch=15/120 | active_users=2 | updated_users=1 | objective=22.921532 | sum_rate=22.921532 | r_p=2.264447 | r_c=0.944643 | r_s=0.002088 | status=running
[DL Convergence] | phase=optimize | block=3 | epoch=20/120 | active_users=2 | updated_users=1 | objective=22.921812 | sum_rate=22.921812 | r_p=2.264197 | r_c=1.200884 | r_s=0.001216 | status=running
[DL Convergence] | phase=optimize | block=3 | epoch=23/120 | active_users=2 | updated_users=1 | objective=22.921934 | sum_rate=22.921934 | r_p=2.264085 | r_c=1.354612 | r_s=9.338385e-04 | status=stationary_infeasible
  user=01 block=03 candidate n_kl=  42 after updating users [1] still leaves committed users infeasible [2] at search_stage=fixed_step.
  user=01 block=03 candidate n_kl=  43 breaks committed-user feasibility [1] at search_stage=fixed_step; trying fresh re-optimization.
[DL Convergence] | phase=optimize | block=3 | epoch=1/120 | active_users=2 | updated_users=1 | objective=22.951309 | sum_rate=22.951309 | r_p=2.267560 | r_c=0.226756 | r_s=0.272019 | status=running
[DL Convergence] | phase=optimize | block=3 | epoch=5/120 | active_users=2 | updated_users=1 | objective=22.953352 | sum_rate=22.953352 | r_p=2.265646 | r_c=0.431981 | r_s=0.016243 | status=running
[DL Convergence] | phase=optimize | block=3 | epoch=10/120 | active_users=2 | updated_users=1 | objective=22.954210 | sum_rate=22.954210 | r_p=2.264848 | r_c=0.688354 | r_s=0.004490 | status=running
[DL Convergence] | phase=optimize | block=3 | epoch=15/120 | active_users=2 | updated_users=1 | objective=22.954655 | sum_rate=22.954655 | r_p=2.264447 | r_c=0.944643 | r_s=0.002088 | status=running
[DL Convergence] | phase=optimize | block=3 | epoch=20/120 | active_users=2 | updated_users=1 | objective=22.954931 | sum_rate=22.954931 | r_p=2.264197 | r_c=1.200884 | r_s=0.001216 | status=running
[DL Convergence] | phase=optimize | block=3 | epoch=23/120 | active_users=2 | updated_users=1 | objective=22.955057 | sum_rate=22.955057 | r_p=2.264085 | r_c=1.354612 | r_s=9.338346e-04 | status=stationary_infeasible
  user=01 block=03 candidate n_kl=  43 after updating users [1] still leaves committed users infeasible [2] at search_stage=fixed_step.
  user=01 block=03 candidate n_kl=  44 breaks committed-user feasibility [1] at search_stage=fixed_step; trying fresh re-optimization.
[DL Convergence] | phase=optimize | block=3 | epoch=1/120 | active_users=2 | updated_users=1 | objective=22.983299 | sum_rate=22.983299 | r_p=2.267560 | r_c=0.226756 | r_s=0.272019 | status=running
[DL Convergence] | phase=optimize | block=3 | epoch=5/120 | active_users=2 | updated_users=1 | objective=22.985338 | sum_rate=22.985338 | r_p=2.265646 | r_c=0.431981 | r_s=0.016243 | status=running
[DL Convergence] | phase=optimize | block=3 | epoch=10/120 | active_users=2 | updated_users=1 | objective=22.986198 | sum_rate=22.986198 | r_p=2.264848 | r_c=0.688354 | r_s=0.004490 | status=running
[DL Convergence] | phase=optimize | block=3 | epoch=15/120 | active_users=2 | updated_users=1 | objective=22.986643 | sum_rate=22.986643 | r_p=2.264447 | r_c=0.944643 | r_s=0.002088 | status=running
[DL Convergence] | phase=optimize | block=3 | epoch=20/120 | active_users=2 | updated_users=1 | objective=22.986923 | sum_rate=22.986923 | r_p=2.264197 | r_c=1.200884 | r_s=0.001216 | status=running
[DL Convergence] | phase=optimize | block=3 | epoch=23/120 | active_users=2 | updated_users=1 | objective=22.987045 | sum_rate=22.987045 | r_p=2.264085 | r_c=1.354612 | r_s=9.338373e-04 | status=stationary_infeasible
  user=01 block=03 candidate n_kl=  44 after updating users [1] still leaves committed users infeasible [2] at search_stage=fixed_step.
  user=01 block=03 candidate n_kl=  45 breaks committed-user feasibility [1] at search_stage=fixed_step; trying fresh re-optimization.
[DL Convergence] | phase=optimize | block=3 | epoch=1/120 | active_users=2 | updated_users=1 | objective=23.014212 | sum_rate=23.014212 | r_p=2.267560 | r_c=0.226756 | r_s=0.272019 | status=running
[DL Convergence] | phase=optimize | block=3 | epoch=5/120 | active_users=2 | updated_users=1 | objective=23.016254 | sum_rate=23.016254 | r_p=2.265646 | r_c=0.431981 | r_s=0.016243 | status=running
[DL Convergence] | phase=optimize | block=3 | epoch=10/120 | active_users=2 | updated_users=1 | objective=23.017115 | sum_rate=23.017115 | r_p=2.264848 | r_c=0.688354 | r_s=0.004490 | status=running
[DL Convergence] | phase=optimize | block=3 | epoch=15/120 | active_users=2 | updated_users=1 | objective=23.017559 | sum_rate=23.017559 | r_p=2.264447 | r_c=0.944643 | r_s=0.002088 | status=running
[DL Convergence] | phase=optimize | block=3 | epoch=20/120 | active_users=2 | updated_users=1 | objective=23.017841 | sum_rate=23.017841 | r_p=2.264197 | r_c=1.200884 | r_s=0.001216 | status=running
[DL Convergence] | phase=optimize | block=3 | epoch=23/120 | active_users=2 | updated_users=1 | objective=23.017965 | sum_rate=23.017965 | r_p=2.264085 | r_c=1.354612 | r_s=9.338356e-04 | status=stationary_infeasible
  user=01 block=03 candidate n_kl=  45 after updating users [1] still leaves committed users infeasible [2] at search_stage=fixed_step.
  user=01 block=03 candidate n_kl=  46 breaks committed-user feasibility [1] at search_stage=fixed_step; trying fresh re-optimization.
[DL Convergence] | phase=optimize | block=3 | epoch=1/120 | active_users=2 | updated_users=1 | objective=23.044113 | sum_rate=23.044113 | r_p=2.267560 | r_c=0.226756 | r_s=0.272019 | status=running
[DL Convergence] | phase=optimize | block=3 | epoch=5/120 | active_users=2 | updated_users=1 | objective=23.046156 | sum_rate=23.046156 | r_p=2.265646 | r_c=0.431981 | r_s=0.016243 | status=running
[DL Convergence] | phase=optimize | block=3 | epoch=10/120 | active_users=2 | updated_users=1 | objective=23.047016 | sum_rate=23.047016 | r_p=2.264848 | r_c=0.688354 | r_s=0.004490 | status=running
[DL Convergence] | phase=optimize | block=3 | epoch=15/120 | active_users=2 | updated_users=1 | objective=23.047457 | sum_rate=23.047457 | r_p=2.264447 | r_c=0.944643 | r_s=0.002088 | status=running
[DL Convergence] | phase=optimize | block=3 | epoch=20/120 | active_users=2 | updated_users=1 | objective=23.047743 | sum_rate=23.047743 | r_p=2.264197 | r_c=1.200884 | r_s=0.001216 | status=running
[DL Convergence] | phase=optimize | block=3 | epoch=23/120 | active_users=2 | updated_users=1 | objective=23.047867 | sum_rate=23.047867 | r_p=2.264085 | r_c=1.354612 | r_s=9.338341e-04 | status=stationary_infeasible
  user=01 block=03 candidate n_kl=  46 after updating users [1] still leaves committed users infeasible [2] at search_stage=fixed_step.
  user=01 block=03 candidate n_kl=  47 breaks committed-user feasibility [1] at search_stage=fixed_step; trying fresh re-optimization.
[DL Convergence] | phase=optimize | block=3 | epoch=1/120 | active_users=2 | updated_users=1 | objective=23.073055 | sum_rate=23.073055 | r_p=2.267560 | r_c=0.226756 | r_s=0.272019 | status=running
[DL Convergence] | phase=optimize | block=3 | epoch=5/120 | active_users=2 | updated_users=1 | objective=23.075100 | sum_rate=23.075100 | r_p=2.265646 | r_c=0.431981 | r_s=0.016243 | status=running
[DL Convergence] | phase=optimize | block=3 | epoch=10/120 | active_users=2 | updated_users=1 | objective=23.075958 | sum_rate=23.075958 | r_p=2.264848 | r_c=0.688354 | r_s=0.004490 | status=running
[DL Convergence] | phase=optimize | block=3 | epoch=15/120 | active_users=2 | updated_users=1 | objective=23.076403 | sum_rate=23.076403 | r_p=2.264447 | r_c=0.944643 | r_s=0.002088 | status=running
[DL Convergence] | phase=optimize | block=3 | epoch=20/120 | active_users=2 | updated_users=1 | objective=23.076683 | sum_rate=23.076683 | r_p=2.264197 | r_c=1.200884 | r_s=0.001216 | status=running
[DL Convergence] | phase=optimize | block=3 | epoch=23/120 | active_users=2 | updated_users=1 | objective=23.076805 | sum_rate=23.076805 | r_p=2.264085 | r_c=1.354612 | r_s=9.338336e-04 | status=stationary_infeasible
  user=01 block=03 candidate n_kl=  47 after updating users [1] still leaves committed users infeasible [2] at search_stage=fixed_step.
  user=01 block=03 candidate n_kl=  48 breaks committed-user feasibility [1] at search_stage=fixed_step; trying fresh re-optimization.
[DL Convergence] | phase=optimize | block=3 | epoch=1/120 | active_users=2 | updated_users=1 | objective=23.101091 | sum_rate=23.101091 | r_p=2.267560 | r_c=0.226756 | r_s=0.272019 | status=running
[DL Convergence] | phase=optimize | block=3 | epoch=5/120 | active_users=2 | updated_users=1 | objective=23.103130 | sum_rate=23.103130 | r_p=2.265646 | r_c=0.431981 | r_s=0.016243 | status=running
[DL Convergence] | phase=optimize | block=3 | epoch=10/120 | active_users=2 | updated_users=1 | objective=23.103991 | sum_rate=23.103991 | r_p=2.264848 | r_c=0.688354 | r_s=0.004490 | status=running
[DL Convergence] | phase=optimize | block=3 | epoch=15/120 | active_users=2 | updated_users=1 | objective=23.104435 | sum_rate=23.104435 | r_p=2.264447 | r_c=0.944643 | r_s=0.002088 | status=running
[DL Convergence] | phase=optimize | block=3 | epoch=20/120 | active_users=2 | updated_users=1 | objective=23.104715 | sum_rate=23.104715 | r_p=2.264197 | r_c=1.200884 | r_s=0.001216 | status=running
[DL Convergence] | phase=optimize | block=3 | epoch=23/120 | active_users=2 | updated_users=1 | objective=23.104841 | sum_rate=23.104841 | r_p=2.264085 | r_c=1.354612 | r_s=9.338359e-04 | status=stationary_infeasible
  user=01 block=03 candidate n_kl=  48 after updating users [1] still leaves committed users infeasible [2] at search_stage=fixed_step.
  user=01 block=03 candidate n_kl=  49 breaks committed-user feasibility [1] at search_stage=fixed_step; trying fresh re-optimization.
[DL Convergence] | phase=optimize | block=3 | epoch=1/120 | active_users=2 | updated_users=1 | objective=23.128260 | sum_rate=23.128260 | r_p=2.267560 | r_c=0.226756 | r_s=0.272019 | status=running
[DL Convergence] | phase=optimize | block=3 | epoch=5/120 | active_users=2 | updated_users=1 | objective=23.130301 | sum_rate=23.130301 | r_p=2.265646 | r_c=0.431981 | r_s=0.016243 | status=running
[DL Convergence] | phase=optimize | block=3 | epoch=10/120 | active_users=2 | updated_users=1 | objective=23.131161 | sum_rate=23.131161 | r_p=2.264848 | r_c=0.688354 | r_s=0.004490 | status=running
[DL Convergence] | phase=optimize | block=3 | epoch=15/120 | active_users=2 | updated_users=1 | objective=23.131605 | sum_rate=23.131605 | r_p=2.264447 | r_c=0.944643 | r_s=0.002088 | status=running
[DL Convergence] | phase=optimize | block=3 | epoch=20/120 | active_users=2 | updated_users=1 | objective=23.131886 | sum_rate=23.131886 | r_p=2.264197 | r_c=1.200884 | r_s=0.001216 | status=running
[DL Convergence] | phase=optimize | block=3 | epoch=23/120 | active_users=2 | updated_users=1 | objective=23.132008 | sum_rate=23.132008 | r_p=2.264085 | r_c=1.354612 | r_s=9.338341e-04 | status=stationary_infeasible
  user=01 block=03 candidate n_kl=  49 after updating users [1] still leaves committed users infeasible [2] at search_stage=fixed_step.
  user=01 block=03 candidate n_kl=  50 breaks committed-user feasibility [1] at search_stage=fixed_step; trying fresh re-optimization.
[DL Convergence] | phase=optimize | block=3 | epoch=1/120 | active_users=2 | updated_users=1 | objective=23.154610 | sum_rate=23.154610 | r_p=2.267560 | r_c=0.226756 | r_s=0.272019 | status=running
[DL Convergence] | phase=optimize | block=3 | epoch=5/120 | active_users=2 | updated_users=1 | objective=23.156652 | sum_rate=23.156652 | r_p=2.265646 | r_c=0.431981 | r_s=0.016243 | status=running
[DL Convergence] | phase=optimize | block=3 | epoch=10/120 | active_users=2 | updated_users=1 | objective=23.157513 | sum_rate=23.157513 | r_p=2.264848 | r_c=0.688354 | r_s=0.004490 | status=running
[DL Convergence] | phase=optimize | block=3 | epoch=15/120 | active_users=2 | updated_users=1 | objective=23.157957 | sum_rate=23.157957 | r_p=2.264447 | r_c=0.944643 | r_s=0.002088 | status=running
[DL Convergence] | phase=optimize | block=3 | epoch=20/120 | active_users=2 | updated_users=1 | objective=23.158234 | sum_rate=23.158234 | r_p=2.264197 | r_c=1.200884 | r_s=0.001216 | status=running
[DL Convergence] | phase=optimize | block=3 | epoch=23/120 | active_users=2 | updated_users=1 | objective=23.158360 | sum_rate=23.158360 | r_p=2.264085 | r_c=1.354612 | r_s=9.338352e-04 | status=stationary_infeasible
  user=01 block=03 candidate n_kl=  50 after updating users [1] still leaves committed users infeasible [2] at search_stage=fixed_step.
  user=01 block=03 candidate n_kl=  51 breaks committed-user feasibility [1] at search_stage=fixed_step; trying fresh re-optimization.
[DL Convergence] | phase=optimize | block=3 | epoch=1/120 | active_users=2 | updated_users=1 | objective=23.180182 | sum_rate=23.180182 | r_p=2.267560 | r_c=0.226756 | r_s=0.272019 | status=running
[DL Convergence] | phase=optimize | block=3 | epoch=5/120 | active_users=2 | updated_users=1 | objective=23.182224 | sum_rate=23.182224 | r_p=2.265646 | r_c=0.431981 | r_s=0.016243 | status=running
[DL Convergence] | phase=optimize | block=3 | epoch=10/120 | active_users=2 | updated_users=1 | objective=23.183084 | sum_rate=23.183084 | r_p=2.264848 | r_c=0.688354 | r_s=0.004490 | status=running
[DL Convergence] | phase=optimize | block=3 | epoch=15/120 | active_users=2 | updated_users=1 | objective=23.183529 | sum_rate=23.183529 | r_p=2.264447 | r_c=0.944643 | r_s=0.002088 | status=running
[DL Convergence] | phase=optimize | block=3 | epoch=20/120 | active_users=2 | updated_users=1 | objective=23.183811 | sum_rate=23.183811 | r_p=2.264197 | r_c=1.200884 | r_s=0.001216 | status=running
[DL Convergence] | phase=optimize | block=3 | epoch=23/120 | active_users=2 | updated_users=1 | objective=23.183935 | sum_rate=23.183935 | r_p=2.264085 | r_c=1.354612 | r_s=9.338341e-04 | status=stationary_infeasible
  user=01 block=03 candidate n_kl=  51 after updating users [1] still leaves committed users infeasible [2] at search_stage=fixed_step.
  user=01 block=03 candidate n_kl=  52 accepted at search_stage=fixed_step without fresh re-optimization.
  user=01 block=03 committed best n_kl=  52 after 1 accepted search states.
  user=02 block=03 candidate n_kl=   1 breaks committed-user feasibility [2] at search_stage=fixed_step; trying fresh re-optimization.
[DL Convergence] | phase=optimize | block=3 | epoch=1/120 | active_users=2 | updated_users=1 | objective=4.585417 | sum_rate=4.585417 | r_p=176.412445 | r_c=25.662688 | r_s=0.082052 | status=running
[DL Convergence] | phase=optimize | block=3 | epoch=5/120 | active_users=2 | updated_users=1 | objective=4.586503 | sum_rate=4.586503 | r_p=176.412033 | r_c=1262.491385 | r_s=0.011823 | status=running
[DL Convergence] | phase=optimize | block=3 | epoch=10/120 | active_users=2 | updated_users=1 | objective=4.586872 | sum_rate=4.586872 | r_p=176.411987 | r_c=2818.550601 | r_s=0.003994 | status=running
[DL Convergence] | phase=optimize | block=3 | epoch=15/120 | active_users=2 | updated_users=1 | objective=4.587112 | sum_rate=4.587112 | r_p=176.411942 | r_c=4374.608741 | r_s=0.002355 | status=running
[DL Convergence] | phase=optimize | block=3 | epoch=20/120 | active_users=2 | updated_users=1 | objective=4.587233 | sum_rate=4.587233 | r_p=176.411942 | r_c=5930.667424 | r_s=0.001585 | status=running
[DL Convergence] | phase=optimize | block=3 | epoch=25/120 | active_users=2 | updated_users=1 | objective=4.587327 | sum_rate=4.587327 | r_p=176.411926 | r_c=7486.725324 | r_s=0.001281 | status=running
[DL Convergence] | phase=optimize | block=3 | epoch=27/120 | active_users=2 | updated_users=1 | objective=4.587354 | sum_rate=4.587354 | r_p=176.411926 | r_c=8109.148679 | r_s=9.700508e-04 | status=stationary_infeasible
  user=02 block=03 candidate n_kl=   1 after updating users [2] still leaves committed users infeasible [1, 2] at search_stage=fixed_step.
  user=02 block=03 candidate n_kl=   2 breaks committed-user feasibility [2] at search_stage=fixed_step; trying fresh re-optimization.
[DL Convergence] | phase=optimize | block=3 | epoch=1/120 | active_users=2 | updated_users=1 | objective=9.960057 | sum_rate=9.960057 | r_p=80.537804 | r_c=25.662688 | r_s=0.082052 | status=running
[DL Convergence] | phase=optimize | block=3 | epoch=5/120 | active_users=2 | updated_users=1 | objective=9.961042 | sum_rate=9.961042 | r_p=80.537498 | r_c=267.505984 | r_s=0.011709 | status=running
[DL Convergence] | phase=optimize | block=3 | epoch=10/120 | active_users=2 | updated_users=1 | objective=9.961510 | sum_rate=9.961510 | r_p=80.537354 | r_c=591.818898 | r_s=0.003928 | status=running
[DL Convergence] | phase=optimize | block=3 | epoch=15/120 | active_users=2 | updated_users=1 | objective=9.961735 | sum_rate=9.961735 | r_p=80.537308 | r_c=916.131569 | r_s=0.002154 | status=running
[DL Convergence] | phase=optimize | block=3 | epoch=20/120 | active_users=2 | updated_users=1 | objective=9.961877 | sum_rate=9.961877 | r_p=80.537292 | r_c=1240.444218 | r_s=0.001465 | status=running
[DL Convergence] | phase=optimize | block=3 | epoch=25/120 | active_users=2 | updated_users=1 | objective=9.961967 | sum_rate=9.961967 | r_p=80.537285 | r_c=1564.756850 | r_s=0.001027 | status=running
[DL Convergence] | phase=optimize | block=3 | epoch=26/120 | active_users=2 | updated_users=1 | objective=9.961981 | sum_rate=9.961981 | r_p=80.537285 | r_c=1629.619393 | r_s=9.287398e-04 | status=stationary_infeasible
  user=02 block=03 candidate n_kl=   2 after updating users [2] still leaves committed users infeasible [1, 2] at search_stage=fixed_step.
  user=02 block=03 candidate n_kl=   3 breaks committed-user feasibility [2] at search_stage=fixed_step; trying fresh re-optimization.
[DL Convergence] | phase=optimize | block=3 | epoch=1/120 | active_users=2 | updated_users=1 | objective=12.341108 | sum_rate=12.341108 | r_p=47.990086 | r_c=25.662688 | r_s=0.082052 | status=running
[DL Convergence] | phase=optimize | block=3 | epoch=5/120 | active_users=2 | updated_users=1 | objective=12.342044 | sum_rate=12.342044 | r_p=47.989830 | r_c=96.920273 | r_s=0.011677 | status=running
[DL Convergence] | phase=optimize | block=3 | epoch=10/120 | active_users=2 | updated_users=1 | objective=12.342584 | sum_rate=12.342584 | r_p=47.989616 | r_c=212.070216 | r_s=0.003941 | status=running
[DL Convergence] | phase=optimize | block=3 | epoch=15/120 | active_users=2 | updated_users=1 | objective=12.342788 | sum_rate=12.342788 | r_p=47.989590 | r_c=327.220202 | r_s=0.002039 | status=running
[DL Convergence] | phase=optimize | block=3 | epoch=20/120 | active_users=2 | updated_users=1 | objective=12.342918 | sum_rate=12.342918 | r_p=47.989582 | r_c=442.370157 | r_s=0.001241 | status=running
[DL Convergence] | phase=optimize | block=3 | epoch=25/120 | active_users=2 | updated_users=1 | objective=12.343019 | sum_rate=12.343019 | r_p=47.989571 | r_c=557.519997 | r_s=8.977172e-04 | status=stationary_infeasible
  user=02 block=03 candidate n_kl=   3 after updating users [2] still leaves committed users infeasible [1, 2] at search_stage=fixed_step.
  user=02 block=03 candidate n_kl=   4 breaks committed-user feasibility [2] at search_stage=fixed_step; trying fresh re-optimization.
[DL Convergence] | phase=optimize | block=3 | epoch=1/120 | active_users=2 | updated_users=1 | objective=13.760502 | sum_rate=13.760502 | r_p=31.487360 | r_c=25.662688 | r_s=0.082052 | status=running
[DL Convergence] | phase=optimize | block=3 | epoch=5/120 | active_users=2 | updated_users=1 | objective=13.761401 | sum_rate=13.761401 | r_p=31.487141 | r_c=42.806505 | r_s=0.011664 | status=running
[DL Convergence] | phase=optimize | block=3 | epoch=10/120 | active_users=2 | updated_users=1 | objective=13.761974 | sum_rate=13.761974 | r_p=31.486897 | r_c=92.377592 | r_s=0.003914 | status=running
[DL Convergence] | phase=optimize | block=3 | epoch=15/120 | active_users=2 | updated_users=1 | objective=13.762163 | sum_rate=13.762163 | r_p=31.486885 | r_c=141.948771 | r_s=0.001948 | status=running
[DL Convergence] | phase=optimize | block=3 | epoch=20/120 | active_users=2 | updated_users=1 | objective=13.762315 | sum_rate=13.762315 | r_p=31.486853 | r_c=191.519737 | r_s=0.001263 | status=running
[DL Convergence] | phase=optimize | block=3 | epoch=23/120 | active_users=2 | updated_users=1 | objective=13.762371 | sum_rate=13.762371 | r_p=31.486851 | r_c=221.262384 | r_s=9.716371e-04 | status=stationary_infeasible
  user=02 block=03 candidate n_kl=   4 after updating users [2] still leaves committed users infeasible [1, 2] at search_stage=fixed_step.
  user=02 block=03 candidate n_kl=   5 breaks committed-user feasibility [2] at search_stage=fixed_step; trying fresh re-optimization.
[DL Convergence] | phase=optimize | block=3 | epoch=1/120 | active_users=2 | updated_users=1 | objective=14.729139 | sum_rate=14.729139 | r_p=21.468723 | r_c=25.662688 | r_s=0.082052 | status=running
[DL Convergence] | phase=optimize | block=3 | epoch=5/120 | active_users=2 | updated_users=1 | objective=14.730021 | sum_rate=14.730021 | r_p=21.468521 | r_c=27.808624 | r_s=0.011656 | status=running
[DL Convergence] | phase=optimize | block=3 | epoch=10/120 | active_users=2 | updated_users=1 | objective=14.730597 | sum_rate=14.730597 | r_p=21.468277 | r_c=43.627114 | r_s=0.003882 | status=running
[DL Convergence] | phase=optimize | block=3 | epoch=15/120 | active_users=2 | updated_users=1 | objective=14.730797 | sum_rate=14.730797 | r_p=21.468254 | r_c=66.671372 | r_s=0.001929 | status=running
[DL Convergence] | phase=optimize | block=3 | epoch=20/120 | active_users=2 | updated_users=1 | objective=14.730960 | sum_rate=14.730960 | r_p=21.468208 | r_c=89.715455 | r_s=0.001269 | status=running
[DL Convergence] | phase=optimize | block=3 | epoch=23/120 | active_users=2 | updated_users=1 | objective=14.731009 | sum_rate=14.731009 | r_p=21.468214 | r_c=103.542003 | r_s=9.470853e-04 | status=stationary_infeasible
  user=02 block=03 candidate n_kl=   5 after updating users [2] still leaves committed users infeasible [1, 2] at search_stage=fixed_step.
  user=02 block=03 candidate n_kl=   6 breaks committed-user feasibility [2] at search_stage=fixed_step; trying fresh re-optimization.
[DL Convergence] | phase=optimize | block=3 | epoch=1/120 | active_users=2 | updated_users=1 | objective=15.444161 | sum_rate=15.444161 | r_p=14.720366 | r_c=25.662688 | r_s=0.082052 | status=running
[DL Convergence] | phase=optimize | block=3 | epoch=5/120 | active_users=2 | updated_users=1 | objective=15.445025 | sum_rate=15.445025 | r_p=14.720182 | r_c=27.808622 | r_s=0.011652 | status=running
[DL Convergence] | phase=optimize | block=3 | epoch=10/120 | active_users=2 | updated_users=1 | objective=15.445597 | sum_rate=15.445597 | r_p=14.719944 | r_c=30.492439 | r_s=0.003855 | status=running
[DL Convergence] | phase=optimize | block=3 | epoch=15/120 | active_users=2 | updated_users=1 | objective=15.445817 | sum_rate=15.445817 | r_p=14.719900 | r_c=33.176624 | r_s=0.001930 | status=running
[DL Convergence] | phase=optimize | block=3 | epoch=20/120 | active_users=2 | updated_users=1 | objective=15.445975 | sum_rate=15.445975 | r_p=14.719858 | r_c=42.640574 | r_s=0.001222 | status=running
[DL Convergence] | phase=optimize | block=3 | epoch=23/120 | active_users=2 | updated_users=1 | objective=15.446037 | sum_rate=15.446037 | r_p=14.719851 | r_c=49.140774 | r_s=9.794521e-04 | status=stationary_infeasible
  user=02 block=03 candidate n_kl=   6 after updating users [2] still leaves committed users infeasible [1, 2] at search_stage=fixed_step.
  user=02 block=03 candidate n_kl=   7 breaks committed-user feasibility [2] at search_stage=fixed_step; trying fresh re-optimization.
[DL Convergence] | phase=optimize | block=3 | epoch=1/120 | active_users=2 | updated_users=1 | objective=15.999872 | sum_rate=15.999872 | r_p=9.855133 | r_c=25.662688 | r_s=0.082052 | status=running
[DL Convergence] | phase=optimize | block=3 | epoch=5/120 | active_users=2 | updated_users=1 | objective=16.000731 | sum_rate=16.000731 | r_p=9.854956 | r_c=27.808620 | r_s=0.011649 | status=running
[DL Convergence] | phase=optimize | block=3 | epoch=10/120 | active_users=2 | updated_users=1 | objective=16.001291 | sum_rate=16.001291 | r_p=9.854729 | r_c=30.492433 | r_s=0.003834 | status=running
[DL Convergence] | phase=optimize | block=3 | epoch=15/120 | active_users=2 | updated_users=1 | objective=16.001530 | sum_rate=16.001530 | r_p=9.854668 | r_c=33.176614 | r_s=0.001929 | status=running
[DL Convergence] | phase=optimize | block=3 | epoch=20/120 | active_users=2 | updated_users=1 | objective=16.001678 | sum_rate=16.001678 | r_p=9.854633 | r_c=35.860913 | r_s=0.001178 | status=running
[DL Convergence] | phase=optimize | block=3 | epoch=23/120 | active_users=2 | updated_users=1 | objective=16.001751 | sum_rate=16.001751 | r_p=9.854616 | r_c=37.471515 | r_s=9.681896e-04 | status=stationary_infeasible
  user=02 block=03 candidate n_kl=   7 after updating users [2] still leaves committed users infeasible [1, 2] at search_stage=fixed_step.
  user=02 block=03 candidate n_kl=   8 breaks committed-user feasibility [2] at search_stage=fixed_step; trying fresh re-optimization.
[DL Convergence] | phase=optimize | block=3 | epoch=1/120 | active_users=2 | updated_users=1 | objective=16.447821 | sum_rate=16.447821 | r_p=7.329061 | r_c=25.662688 | r_s=0.082052 | status=running
[DL Convergence] | phase=optimize | block=3 | epoch=5/120 | active_users=2 | updated_users=1 | objective=16.448668 | sum_rate=16.448668 | r_p=7.328381 | r_c=27.808620 | r_s=0.011647 | status=running
[DL Convergence] | phase=optimize | block=3 | epoch=10/120 | active_users=2 | updated_users=1 | objective=16.449217 | sum_rate=16.449217 | r_p=7.328045 | r_c=30.492427 | r_s=0.003817 | status=running
[DL Convergence] | phase=optimize | block=3 | epoch=15/120 | active_users=2 | updated_users=1 | objective=16.449472 | sum_rate=16.449472 | r_p=7.327868 | r_c=33.176605 | r_s=0.001922 | status=running
[DL Convergence] | phase=optimize | block=3 | epoch=20/120 | active_users=2 | updated_users=1 | objective=16.449615 | sum_rate=16.449615 | r_p=7.327752 | r_c=35.860904 | r_s=0.001153 | status=running
[DL Convergence] | phase=optimize | block=3 | epoch=22/120 | active_users=2 | updated_users=1 | objective=16.449667 | sum_rate=16.449667 | r_p=7.327716 | r_c=36.934639 | r_s=9.948226e-04 | status=stationary_infeasible
  user=02 block=03 candidate n_kl=   8 after updating users [2] still leaves committed users infeasible [1, 2] at search_stage=fixed_step.
  user=02 block=03 candidate n_kl=   9 breaks committed-user feasibility [2] at search_stage=fixed_step; trying fresh re-optimization.
[DL Convergence] | phase=optimize | block=3 | epoch=1/120 | active_users=2 | updated_users=1 | objective=16.818863 | sum_rate=16.818863 | r_p=7.329061 | r_c=25.662688 | r_s=0.082052 | status=running
[DL Convergence] | phase=optimize | block=3 | epoch=5/120 | active_users=2 | updated_users=1 | objective=16.819702 | sum_rate=16.819702 | r_p=7.328380 | r_c=27.808618 | r_s=0.011646 | status=running
[DL Convergence] | phase=optimize | block=3 | epoch=10/120 | active_users=2 | updated_users=1 | objective=16.820238 | sum_rate=16.820238 | r_p=7.328044 | r_c=30.492422 | r_s=0.003804 | status=running
[DL Convergence] | phase=optimize | block=3 | epoch=15/120 | active_users=2 | updated_users=1 | objective=16.820503 | sum_rate=16.820503 | r_p=7.327866 | r_c=33.176598 | r_s=0.001911 | status=running
[DL Convergence] | phase=optimize | block=3 | epoch=20/120 | active_users=2 | updated_users=1 | objective=16.820644 | sum_rate=16.820644 | r_p=7.327750 | r_c=35.860894 | r_s=0.001140 | status=running
[DL Convergence] | phase=optimize | block=3 | epoch=22/120 | active_users=2 | updated_users=1 | objective=16.820694 | sum_rate=16.820694 | r_p=7.327714 | r_c=36.934628 | r_s=9.685361e-04 | status=stationary_infeasible
  user=02 block=03 candidate n_kl=   9 after updating users [2] still leaves committed users infeasible [1, 2] at search_stage=fixed_step.
  user=02 block=03 candidate n_kl=  10 breaks committed-user feasibility [2] at search_stage=fixed_step; trying fresh re-optimization.
[DL Convergence] | phase=optimize | block=3 | epoch=1/120 | active_users=2 | updated_users=1 | objective=17.132750 | sum_rate=17.132750 | r_p=7.329061 | r_c=25.662688 | r_s=0.082052 | status=running
[DL Convergence] | phase=optimize | block=3 | epoch=5/120 | active_users=2 | updated_users=1 | objective=17.133585 | sum_rate=17.133585 | r_p=7.328380 | r_c=27.808618 | r_s=0.011644 | status=running
[DL Convergence] | phase=optimize | block=3 | epoch=10/120 | active_users=2 | updated_users=1 | objective=17.134111 | sum_rate=17.134111 | r_p=7.328044 | r_c=30.492420 | r_s=0.003793 | status=running
[DL Convergence] | phase=optimize | block=3 | epoch=15/120 | active_users=2 | updated_users=1 | objective=17.134380 | sum_rate=17.134380 | r_p=7.327865 | r_c=33.176591 | r_s=0.001898 | status=running
[DL Convergence] | phase=optimize | block=3 | epoch=20/120 | active_users=2 | updated_users=1 | objective=17.134527 | sum_rate=17.134527 | r_p=7.327749 | r_c=35.860886 | r_s=0.001132 | status=running
[DL Convergence] | phase=optimize | block=3 | epoch=22/120 | active_users=2 | updated_users=1 | objective=17.134571 | sum_rate=17.134571 | r_p=7.327713 | r_c=36.934620 | r_s=9.531317e-04 | status=stationary_infeasible
  user=02 block=03 candidate n_kl=  10 after updating users [2] still leaves committed users infeasible [1, 2] at search_stage=fixed_step.
  user=02 block=03 candidate n_kl=  11 breaks committed-user feasibility [2] at search_stage=fixed_step; trying fresh re-optimization.
[DL Convergence] | phase=optimize | block=3 | epoch=1/120 | active_users=2 | updated_users=1 | objective=17.402798 | sum_rate=17.402798 | r_p=7.329061 | r_c=25.662688 | r_s=0.082052 | status=running
[DL Convergence] | phase=optimize | block=3 | epoch=5/120 | active_users=2 | updated_users=1 | objective=17.403616 | sum_rate=17.403616 | r_p=7.328380 | r_c=27.808616 | r_s=0.011642 | status=running
[DL Convergence] | phase=optimize | block=3 | epoch=10/120 | active_users=2 | updated_users=1 | objective=17.404127 | sum_rate=17.404127 | r_p=7.328043 | r_c=30.492414 | r_s=0.003782 | status=running
[DL Convergence] | phase=optimize | block=3 | epoch=15/120 | active_users=2 | updated_users=1 | objective=17.404408 | sum_rate=17.404408 | r_p=7.327863 | r_c=33.176581 | r_s=0.001890 | status=running
[DL Convergence] | phase=optimize | block=3 | epoch=20/120 | active_users=2 | updated_users=1 | objective=17.404562 | sum_rate=17.404562 | r_p=7.327746 | r_c=35.860872 | r_s=0.001131 | status=running
[DL Convergence] | phase=optimize | block=3 | epoch=22/120 | active_users=2 | updated_users=1 | objective=17.404610 | sum_rate=17.404610 | r_p=7.327711 | r_c=36.934608 | r_s=9.493649e-04 | status=stationary_infeasible
  user=02 block=03 candidate n_kl=  11 after updating users [2] still leaves committed users infeasible [1, 2] at search_stage=fixed_step.
  user=02 block=03 candidate n_kl=  12 breaks committed-user feasibility [2] at search_stage=fixed_step; trying fresh re-optimization.
[DL Convergence] | phase=optimize | block=3 | epoch=1/120 | active_users=2 | updated_users=1 | objective=17.638346 | sum_rate=17.638346 | r_p=7.329061 | r_c=25.662688 | r_s=0.082052 | status=running
[DL Convergence] | phase=optimize | block=3 | epoch=5/120 | active_users=2 | updated_users=1 | objective=17.639162 | sum_rate=17.639162 | r_p=7.328380 | r_c=27.808616 | r_s=0.011642 | status=running
[DL Convergence] | phase=optimize | block=3 | epoch=10/120 | active_users=2 | updated_users=1 | objective=17.639673 | sum_rate=17.639673 | r_p=7.328043 | r_c=30.492414 | r_s=0.003783 | status=running
[DL Convergence] | phase=optimize | block=3 | epoch=15/120 | active_users=2 | updated_users=1 | objective=17.639956 | sum_rate=17.639956 | r_p=7.327863 | r_c=33.176581 | r_s=0.001890 | status=running
[DL Convergence] | phase=optimize | block=3 | epoch=20/120 | active_users=2 | updated_users=1 | objective=17.640110 | sum_rate=17.640110 | r_p=7.327746 | r_c=35.860872 | r_s=0.001131 | status=running
[DL Convergence] | phase=optimize | block=3 | epoch=22/120 | active_users=2 | updated_users=1 | objective=17.640154 | sum_rate=17.640154 | r_p=7.327711 | r_c=36.934608 | r_s=9.493487e-04 | status=stationary_infeasible
  user=02 block=03 candidate n_kl=  12 after updating users [2] still leaves committed users infeasible [1] at search_stage=fixed_step.
  user=02 block=03 candidate n_kl=  13 breaks committed-user feasibility [2] at search_stage=fixed_step; trying fresh re-optimization.
[DL Convergence] | phase=optimize | block=3 | epoch=1/120 | active_users=2 | updated_users=1 | objective=17.846161 | sum_rate=17.846161 | r_p=7.329061 | r_c=25.662688 | r_s=0.082052 | status=running
[DL Convergence] | phase=optimize | block=3 | epoch=5/120 | active_users=2 | updated_users=1 | objective=17.846981 | sum_rate=17.846981 | r_p=7.328380 | r_c=27.808616 | r_s=0.011642 | status=running
[DL Convergence] | phase=optimize | block=3 | epoch=10/120 | active_users=2 | updated_users=1 | objective=17.847490 | sum_rate=17.847490 | r_p=7.328043 | r_c=30.492414 | r_s=0.003783 | status=running
[DL Convergence] | phase=optimize | block=3 | epoch=15/120 | active_users=2 | updated_users=1 | objective=17.847773 | sum_rate=17.847773 | r_p=7.327863 | r_c=33.176581 | r_s=0.001890 | status=running
[DL Convergence] | phase=optimize | block=3 | epoch=20/120 | active_users=2 | updated_users=1 | objective=17.847925 | sum_rate=17.847925 | r_p=7.327746 | r_c=35.860872 | r_s=0.001131 | status=running
[DL Convergence] | phase=optimize | block=3 | epoch=22/120 | active_users=2 | updated_users=1 | objective=17.847971 | sum_rate=17.847971 | r_p=7.327711 | r_c=36.934608 | r_s=9.493395e-04 | status=stationary_infeasible
  user=02 block=03 candidate n_kl=  13 after updating users [2] still leaves committed users infeasible [1] at search_stage=fixed_step.
  user=02 block=03 candidate n_kl=  14 breaks committed-user feasibility [2] at search_stage=fixed_step; trying fresh re-optimization.
[DL Convergence] | phase=optimize | block=3 | epoch=1/120 | active_users=2 | updated_users=1 | objective=18.031294 | sum_rate=18.031294 | r_p=7.329061 | r_c=25.662688 | r_s=0.082052 | status=running
[DL Convergence] | phase=optimize | block=3 | epoch=5/120 | active_users=2 | updated_users=1 | objective=18.032110 | sum_rate=18.032110 | r_p=7.328380 | r_c=27.808616 | r_s=0.011642 | status=running
[DL Convergence] | phase=optimize | block=3 | epoch=10/120 | active_users=2 | updated_users=1 | objective=18.032623 | sum_rate=18.032623 | r_p=7.328043 | r_c=30.492414 | r_s=0.003783 | status=running
[DL Convergence] | phase=optimize | block=3 | epoch=15/120 | active_users=2 | updated_users=1 | objective=18.032904 | sum_rate=18.032904 | r_p=7.327863 | r_c=33.176581 | r_s=0.001890 | status=running
[DL Convergence] | phase=optimize | block=3 | epoch=20/120 | active_users=2 | updated_users=1 | objective=18.033056 | sum_rate=18.033056 | r_p=7.327746 | r_c=35.860872 | r_s=0.001131 | status=running
[DL Convergence] | phase=optimize | block=3 | epoch=22/120 | active_users=2 | updated_users=1 | objective=18.033102 | sum_rate=18.033102 | r_p=7.327711 | r_c=36.934608 | r_s=9.493327e-04 | status=stationary_infeasible
  user=02 block=03 candidate n_kl=  14 after updating users [2] still leaves committed users infeasible [1] at search_stage=fixed_step.
  user=02 block=03 candidate n_kl=  15 breaks committed-user feasibility [2] at search_stage=fixed_step; trying fresh re-optimization.
[DL Convergence] | phase=optimize | block=3 | epoch=1/120 | active_users=2 | updated_users=1 | objective=18.197590 | sum_rate=18.197590 | r_p=7.329061 | r_c=25.662688 | r_s=0.082052 | status=running
[DL Convergence] | phase=optimize | block=3 | epoch=5/120 | active_users=2 | updated_users=1 | objective=18.198406 | sum_rate=18.198406 | r_p=7.328380 | r_c=27.808616 | r_s=0.011642 | status=running
[DL Convergence] | phase=optimize | block=3 | epoch=10/120 | active_users=2 | updated_users=1 | objective=18.198919 | sum_rate=18.198919 | r_p=7.328043 | r_c=30.492414 | r_s=0.003783 | status=running
[DL Convergence] | phase=optimize | block=3 | epoch=15/120 | active_users=2 | updated_users=1 | objective=18.199202 | sum_rate=18.199202 | r_p=7.327863 | r_c=33.176581 | r_s=0.001890 | status=running
[DL Convergence] | phase=optimize | block=3 | epoch=20/120 | active_users=2 | updated_users=1 | objective=18.199354 | sum_rate=18.199354 | r_p=7.327746 | r_c=35.860872 | r_s=0.001131 | status=running
[DL Convergence] | phase=optimize | block=3 | epoch=22/120 | active_users=2 | updated_users=1 | objective=18.199400 | sum_rate=18.199400 | r_p=7.327711 | r_c=36.934608 | r_s=9.493185e-04 | status=stationary_infeasible
  user=02 block=03 candidate n_kl=  15 after updating users [2] still leaves committed users infeasible [1] at search_stage=fixed_step.
  user=02 block=03 candidate n_kl=  16 breaks committed-user feasibility [2] at search_stage=fixed_step; trying fresh re-optimization.
[DL Convergence] | phase=optimize | block=3 | epoch=1/120 | active_users=2 | updated_users=1 | objective=18.348040 | sum_rate=18.348040 | r_p=7.329061 | r_c=25.662688 | r_s=0.082052 | status=running
[DL Convergence] | phase=optimize | block=3 | epoch=5/120 | active_users=2 | updated_users=1 | objective=18.348858 | sum_rate=18.348858 | r_p=7.328380 | r_c=27.808616 | r_s=0.011642 | status=running
[DL Convergence] | phase=optimize | block=3 | epoch=10/120 | active_users=2 | updated_users=1 | objective=18.349371 | sum_rate=18.349371 | r_p=7.328043 | r_c=30.492414 | r_s=0.003783 | status=running
[DL Convergence] | phase=optimize | block=3 | epoch=15/120 | active_users=2 | updated_users=1 | objective=18.349649 | sum_rate=18.349649 | r_p=7.327863 | r_c=33.176581 | r_s=0.001890 | status=running
[DL Convergence] | phase=optimize | block=3 | epoch=20/120 | active_users=2 | updated_users=1 | objective=18.349804 | sum_rate=18.349804 | r_p=7.327746 | r_c=35.860872 | r_s=0.001131 | status=running
[DL Convergence] | phase=optimize | block=3 | epoch=22/120 | active_users=2 | updated_users=1 | objective=18.349850 | sum_rate=18.349850 | r_p=7.327711 | r_c=36.934608 | r_s=9.493126e-04 | status=stationary_infeasible
  user=02 block=03 candidate n_kl=  16 after updating users [2] still leaves committed users infeasible [1] at search_stage=fixed_step.
  user=02 block=03 candidate n_kl=  17 breaks committed-user feasibility [2] at search_stage=fixed_step; trying fresh re-optimization.
[DL Convergence] | phase=optimize | block=3 | epoch=1/120 | active_users=2 | updated_users=1 | objective=18.485014 | sum_rate=18.485014 | r_p=7.329061 | r_c=25.662688 | r_s=0.082052 | status=running
[DL Convergence] | phase=optimize | block=3 | epoch=5/120 | active_users=2 | updated_users=1 | objective=18.485830 | sum_rate=18.485830 | r_p=7.328380 | r_c=27.808616 | r_s=0.011642 | status=running
[DL Convergence] | phase=optimize | block=3 | epoch=10/120 | active_users=2 | updated_users=1 | objective=18.486341 | sum_rate=18.486341 | r_p=7.328043 | r_c=30.492414 | r_s=0.003783 | status=running
[DL Convergence] | phase=optimize | block=3 | epoch=15/120 | active_users=2 | updated_users=1 | objective=18.486624 | sum_rate=18.486624 | r_p=7.327863 | r_c=33.176581 | r_s=0.001890 | status=running
[DL Convergence] | phase=optimize | block=3 | epoch=20/120 | active_users=2 | updated_users=1 | objective=18.486778 | sum_rate=18.486778 | r_p=7.327746 | r_c=35.860872 | r_s=0.001131 | status=running
[DL Convergence] | phase=optimize | block=3 | epoch=22/120 | active_users=2 | updated_users=1 | objective=18.486822 | sum_rate=18.486822 | r_p=7.327711 | r_c=36.934608 | r_s=9.493036e-04 | status=stationary_infeasible
  user=02 block=03 candidate n_kl=  17 after updating users [2] still leaves committed users infeasible [1] at search_stage=fixed_step.
  user=02 block=03 candidate n_kl=  18 breaks committed-user feasibility [2] at search_stage=fixed_step; trying fresh re-optimization.
[DL Convergence] | phase=optimize | block=3 | epoch=1/120 | active_users=2 | updated_users=1 | objective=18.610407 | sum_rate=18.610407 | r_p=7.329061 | r_c=25.662688 | r_s=0.082052 | status=running
[DL Convergence] | phase=optimize | block=3 | epoch=5/120 | active_users=2 | updated_users=1 | objective=18.611223 | sum_rate=18.611223 | r_p=7.328380 | r_c=27.808616 | r_s=0.011642 | status=running
[DL Convergence] | phase=optimize | block=3 | epoch=10/120 | active_users=2 | updated_users=1 | objective=18.611736 | sum_rate=18.611736 | r_p=7.328043 | r_c=30.492414 | r_s=0.003783 | status=running
[DL Convergence] | phase=optimize | block=3 | epoch=15/120 | active_users=2 | updated_users=1 | objective=18.612019 | sum_rate=18.612019 | r_p=7.327863 | r_c=33.176581 | r_s=0.001890 | status=running
[DL Convergence] | phase=optimize | block=3 | epoch=20/120 | active_users=2 | updated_users=1 | objective=18.612171 | sum_rate=18.612171 | r_p=7.327746 | r_c=35.860872 | r_s=0.001131 | status=running
[DL Convergence] | phase=optimize | block=3 | epoch=22/120 | active_users=2 | updated_users=1 | objective=18.612217 | sum_rate=18.612217 | r_p=7.327711 | r_c=36.934608 | r_s=9.492978e-04 | status=stationary_infeasible
  user=02 block=03 candidate n_kl=  18 after updating users [2] still leaves committed users infeasible [1] at search_stage=fixed_step.
  user=02 block=03 candidate n_kl=  19 breaks committed-user feasibility [2] at search_stage=fixed_step; trying fresh re-optimization.
[DL Convergence] | phase=optimize | block=3 | epoch=1/120 | active_users=2 | updated_users=1 | objective=18.725765 | sum_rate=18.725765 | r_p=7.329061 | r_c=25.662688 | r_s=0.082052 | status=running
[DL Convergence] | phase=optimize | block=3 | epoch=5/120 | active_users=2 | updated_users=1 | objective=18.726583 | sum_rate=18.726583 | r_p=7.328380 | r_c=27.808616 | r_s=0.011642 | status=running
[DL Convergence] | phase=optimize | block=3 | epoch=10/120 | active_users=2 | updated_users=1 | objective=18.727095 | sum_rate=18.727095 | r_p=7.328043 | r_c=30.492414 | r_s=0.003783 | status=running
[DL Convergence] | phase=optimize | block=3 | epoch=15/120 | active_users=2 | updated_users=1 | objective=18.727377 | sum_rate=18.727377 | r_p=7.327863 | r_c=33.176581 | r_s=0.001890 | status=running
[DL Convergence] | phase=optimize | block=3 | epoch=20/120 | active_users=2 | updated_users=1 | objective=18.727528 | sum_rate=18.727528 | r_p=7.327746 | r_c=35.860872 | r_s=0.001131 | status=running
[DL Convergence] | phase=optimize | block=3 | epoch=22/120 | active_users=2 | updated_users=1 | objective=18.727577 | sum_rate=18.727577 | r_p=7.327711 | r_c=36.934608 | r_s=9.492896e-04 | status=stationary_infeasible
  user=02 block=03 candidate n_kl=  19 after updating users [2] still leaves committed users infeasible [1] at search_stage=fixed_step.
  user=02 block=03 candidate n_kl=  20 accepted at search_stage=fixed_step without fresh re-optimization.
  user=02 block=03 committed best n_kl=  20 after 1 accepted search states.
[DL Convergence Allocation] | user=0 | block=3 | status=skipped | n_kl=50 | achieved_rate=-0.004051
[DL Convergence Allocation] | user=1 | block=3 | served_bits=381 | n_kl=52 | required_rate=7.326923 | achieved_rate=7.487291 | rate_margin=0.160368
[DL Convergence Allocation] | user=2 | block=3 | served_bits=181 | n_kl=20 | required_rate=9.050000 | achieved_rate=9.209895 | rate_margin=0.159895
[DL Convergence Block] | block=3 | status=complete | allocated_bits=562 | remaining_bits=1000
[DL Convergence Block] | block=4 | active_users=1 | remaining_bits=1000 | objective=equal_priority_sum_rate
[DL Convergence] | phase=optimize | block=4 | epoch=1/120 | active_users=1 | updated_users=1 | objective=16.158222 | sum_rate=16.158222 | r_p=3.841778 | r_c=0.384178 | r_s=0.747435 | status=running
[DL Convergence] | phase=optimize | block=4 | epoch=5/120 | active_users=1 | updated_users=1 | objective=20.492912 | sum_rate=20.492912 | r_p=0.000000 | r_c=0.000000 | r_s=0.154165 | status=running
[DL Convergence] | phase=optimize | block=4 | epoch=10/120 | active_users=1 | updated_users=1 | objective=21.096230 | sum_rate=21.096230 | r_p=0.000000 | r_c=0.000000 | r_s=0.061020 | status=running
[DL Convergence] | phase=optimize | block=4 | epoch=15/120 | active_users=1 | updated_users=1 | objective=21.127531 | sum_rate=21.127531 | r_p=0.000000 | r_c=0.000000 | r_s=0.035791 | status=running
[DL Convergence] | phase=optimize | block=4 | epoch=20/120 | active_users=1 | updated_users=1 | objective=21.154661 | sum_rate=21.154661 | r_p=0.000000 | r_c=0.000000 | r_s=0.021679 | status=running
[DL Convergence] | phase=optimize | block=4 | epoch=25/120 | active_users=1 | updated_users=1 | objective=21.183987 | sum_rate=21.183987 | r_p=0.000000 | r_c=0.000000 | r_s=0.015007 | status=running
[DL Convergence] | phase=optimize | block=4 | epoch=30/120 | active_users=1 | updated_users=1 | objective=21.193182 | sum_rate=21.193182 | r_p=0.000000 | r_c=0.000000 | r_s=0.009109 | status=running
[DL Convergence] | phase=optimize | block=4 | epoch=35/120 | active_users=1 | updated_users=1 | objective=21.193911 | sum_rate=21.193911 | r_p=0.000000 | r_c=0.000000 | r_s=0.005409 | status=running
[DL Convergence] | phase=optimize | block=4 | epoch=40/120 | active_users=1 | updated_users=1 | objective=21.195038 | sum_rate=21.195038 | r_p=0.000000 | r_c=0.000000 | r_s=0.004310 | status=running
[DL Convergence] | phase=optimize | block=4 | epoch=45/120 | active_users=1 | updated_users=1 | objective=21.196051 | sum_rate=21.196051 | r_p=0.000000 | r_c=0.000000 | r_s=0.002961 | status=running
[DL Convergence] | phase=optimize | block=4 | epoch=50/120 | active_users=1 | updated_users=1 | objective=21.196392 | sum_rate=21.196392 | r_p=0.000000 | r_c=0.000000 | r_s=0.002559 | status=running
[DL Convergence] | phase=optimize | block=4 | epoch=55/120 | active_users=1 | updated_users=1 | objective=21.196621 | sum_rate=21.196621 | r_p=0.000000 | r_c=0.000000 | r_s=0.001602 | status=running
[DL Convergence] | phase=optimize | block=4 | epoch=60/120 | active_users=1 | updated_users=1 | objective=21.196724 | sum_rate=21.196724 | r_p=0.000000 | r_c=0.000000 | r_s=0.001370 | status=running
[DL Convergence] | phase=optimize | block=4 | epoch=65/120 | active_users=1 | updated_users=1 | objective=21.196789 | sum_rate=21.196789 | r_p=0.000000 | r_c=0.000000 | r_s=0.001117 | status=running
[DL Convergence] | phase=optimize | block=4 | epoch=66/120 | active_users=1 | updated_users=1 | objective=21.196800 | sum_rate=21.196800 | r_p=0.000000 | r_c=0.000000 | r_s=9.366904e-04 | status=kkt_converged
[DL Convergence Reduction] | block=4 | epoch=1 | direction=ascending | strategy=fixed_step | users=[0]
  user=00 block=04 candidate n_kl=   1 breaks committed-user feasibility [0] at search_stage=fixed_step; trying fresh re-optimization.
[DL Convergence] | phase=optimize | block=4 | epoch=1/120 | active_users=1 | updated_users=1 | objective=5.442999 | sum_rate=5.442999 | r_p=994.557007 | r_c=161.123440 | r_s=0.001135 | status=running
[DL Convergence] | phase=optimize | block=4 | epoch=5/120 | active_users=1 | updated_users=1 | objective=5.428190 | sum_rate=5.428190 | r_p=994.571838 | r_c=3.972765e+04 | r_s=0.090741 | status=running
[DL Convergence] | phase=optimize | block=4 | epoch=10/120 | active_users=1 | updated_users=1 | objective=5.439499 | sum_rate=5.439499 | r_p=994.560486 | r_c=8.918498e+04 | r_s=0.029556 | status=running
[DL Convergence] | phase=optimize | block=4 | epoch=15/120 | active_users=1 | updated_users=1 | objective=5.440971 | sum_rate=5.440971 | r_p=994.559021 | r_c=1.386423e+05 | r_s=0.030246 | status=running
[DL Convergence] | phase=optimize | block=4 | epoch=20/120 | active_users=1 | updated_users=1 | objective=5.442310 | sum_rate=5.442310 | r_p=994.557678 | r_c=1.880994e+05 | r_s=0.014671 | status=running
[DL Convergence] | phase=optimize | block=4 | epoch=25/120 | active_users=1 | updated_users=1 | objective=5.442419 | sum_rate=5.442419 | r_p=994.557556 | r_c=2.375566e+05 | r_s=0.013460 | status=running
[DL Convergence] | phase=optimize | block=4 | epoch=30/120 | active_users=1 | updated_users=1 | objective=5.442364 | sum_rate=5.442364 | r_p=994.557617 | r_c=2.870138e+05 | r_s=0.015836 | status=running
[DL Convergence] | phase=optimize | block=4 | epoch=35/120 | active_users=1 | updated_users=1 | objective=5.442612 | sum_rate=5.442612 | r_p=994.557373 | r_c=3.364711e+05 | r_s=0.018009 | status=running
[DL Convergence] | phase=optimize | block=4 | epoch=40/120 | active_users=1 | updated_users=1 | objective=5.441978 | sum_rate=5.441978 | r_p=994.558044 | r_c=3.859286e+05 | r_s=0.020298 | status=running
[DL Convergence] | phase=optimize | block=4 | epoch=45/120 | active_users=1 | updated_users=1 | objective=5.442566 | sum_rate=5.442566 | r_p=994.557434 | r_c=4.353856e+05 | r_s=0.012102 | status=running
[DL Convergence] | phase=optimize | block=4 | epoch=50/120 | active_users=1 | updated_users=1 | objective=5.442865 | sum_rate=5.442865 | r_p=994.557129 | r_c=4.848426e+05 | r_s=0.009752 | status=running
[DL Convergence] | phase=optimize | block=4 | epoch=55/120 | active_users=1 | updated_users=1 | objective=5.442860 | sum_rate=5.442860 | r_p=994.557129 | r_c=5.342998e+05 | r_s=0.008757 | status=running
[DL Convergence] | phase=optimize | block=4 | epoch=60/120 | active_users=1 | updated_users=1 | objective=5.442991 | sum_rate=5.442991 | r_p=994.557007 | r_c=5.837569e+05 | r_s=0.005848 | status=running
[DL Convergence] | phase=optimize | block=4 | epoch=65/120 | active_users=1 | updated_users=1 | objective=5.440889 | sum_rate=5.440889 | r_p=994.559082 | r_c=6.332155e+05 | r_s=0.027006 | status=running
[DL Convergence] | phase=optimize | block=4 | epoch=70/120 | active_users=1 | updated_users=1 | objective=5.442358 | sum_rate=5.442358 | r_p=994.557617 | r_c=6.826718e+05 | r_s=0.020972 | status=running
[DL Convergence] | phase=optimize | block=4 | epoch=75/120 | active_users=1 | updated_users=1 | objective=5.442520 | sum_rate=5.442520 | r_p=994.557495 | r_c=7.321289e+05 | r_s=0.011372 | status=running
[DL Convergence] | phase=optimize | block=4 | epoch=80/120 | active_users=1 | updated_users=1 | objective=5.442896 | sum_rate=5.442896 | r_p=994.557129 | r_c=7.815859e+05 | r_s=0.006463 | status=running
[DL Convergence] | phase=optimize | block=4 | epoch=85/120 | active_users=1 | updated_users=1 | objective=5.443024 | sum_rate=5.443024 | r_p=994.557007 | r_c=8.310430e+05 | r_s=0.005387 | status=running
[DL Convergence] | phase=optimize | block=4 | epoch=90/120 | active_users=1 | updated_users=1 | objective=5.443026 | sum_rate=5.443026 | r_p=994.556946 | r_c=8.805001e+05 | r_s=0.006641 | status=running
[DL Convergence] | phase=optimize | block=4 | epoch=95/120 | active_users=1 | updated_users=1 | objective=5.443024 | sum_rate=5.443024 | r_p=994.557007 | r_c=9.299573e+05 | r_s=0.004673 | status=running
[DL Convergence] | phase=optimize | block=4 | epoch=100/120 | active_users=1 | updated_users=1 | objective=5.443058 | sum_rate=5.443058 | r_p=994.556946 | r_c=9.794144e+05 | r_s=0.003255 | status=running
[DL Convergence] | phase=optimize | block=4 | epoch=105/120 | active_users=1 | updated_users=1 | objective=5.442022 | sum_rate=5.442022 | r_p=994.557983 | r_c=1.028873e+06 | r_s=0.018653 | status=running
[DL Convergence] | phase=optimize | block=4 | epoch=110/120 | active_users=1 | updated_users=1 | objective=5.442358 | sum_rate=5.442358 | r_p=994.557617 | r_c=1.078330e+06 | r_s=0.019237 | status=running
[DL Convergence] | phase=optimize | block=4 | epoch=115/120 | active_users=1 | updated_users=1 | objective=5.442675 | sum_rate=5.442675 | r_p=994.557312 | r_c=1.127786e+06 | r_s=0.010563 | status=running
[DL Convergence] | phase=optimize | block=4 | epoch=120/120 | active_users=1 | updated_users=1 | objective=5.442850 | sum_rate=5.442850 | r_p=994.557129 | r_c=1.177243e+06 | r_s=0.007121 | status=running
  user=00 block=04 candidate n_kl=   1 after updating users [0] still leaves committed users infeasible [0] at search_stage=fixed_step.
  user=00 block=04 candidate n_kl=   2 breaks committed-user feasibility [0] at search_stage=fixed_step; trying fresh re-optimization.
[DL Convergence] | phase=optimize | block=4 | epoch=1/120 | active_users=1 | updated_users=1 | objective=10.817211 | sum_rate=10.817211 | r_p=489.182800 | r_c=79.250174 | r_s=0.001159 | status=running
[DL Convergence] | phase=optimize | block=4 | epoch=5/120 | active_users=1 | updated_users=1 | objective=10.811207 | sum_rate=10.811207 | r_p=489.188782 | r_c=9651.403663 | r_s=0.057200 | status=running
[DL Convergence] | phase=optimize | block=4 | epoch=10/120 | active_users=1 | updated_users=1 | objective=10.816040 | sum_rate=10.816040 | r_p=489.183960 | r_c=2.161643e+04 | r_s=0.018414 | status=running
[DL Convergence] | phase=optimize | block=4 | epoch=15/120 | active_users=1 | updated_users=1 | objective=10.816520 | sum_rate=10.816520 | r_p=489.183472 | r_c=3.358146e+04 | r_s=0.019840 | status=running
[DL Convergence] | phase=optimize | block=4 | epoch=20/120 | active_users=1 | updated_users=1 | objective=10.816842 | sum_rate=10.816842 | r_p=489.183167 | r_c=4.554646e+04 | r_s=0.017692 | status=running
[DL Convergence] | phase=optimize | block=4 | epoch=25/120 | active_users=1 | updated_users=1 | objective=10.816850 | sum_rate=10.816850 | r_p=489.183136 | r_c=5.751146e+04 | r_s=0.016093 | status=running
[DL Convergence] | phase=optimize | block=4 | epoch=30/120 | active_users=1 | updated_users=1 | objective=10.813758 | sum_rate=10.813758 | r_p=489.186249 | r_c=6.947692e+04 | r_s=0.038868 | status=running
[DL Convergence] | phase=optimize | block=4 | epoch=35/120 | active_users=1 | updated_users=1 | objective=10.816739 | sum_rate=10.816739 | r_p=489.183258 | r_c=8.144156e+04 | r_s=0.021073 | status=running
[DL Convergence] | phase=optimize | block=4 | epoch=40/120 | active_users=1 | updated_users=1 | objective=10.816923 | sum_rate=10.816923 | r_p=489.183075 | r_c=9.340655e+04 | r_s=0.013887 | status=running
[DL Convergence] | phase=optimize | block=4 | epoch=45/120 | active_users=1 | updated_users=1 | objective=10.816835 | sum_rate=10.816835 | r_p=489.183167 | r_c=1.053716e+05 | r_s=0.011328 | status=running
[DL Convergence] | phase=optimize | block=4 | epoch=50/120 | active_users=1 | updated_users=1 | objective=10.817015 | sum_rate=10.817015 | r_p=489.182983 | r_c=1.173365e+05 | r_s=0.008393 | status=running
[DL Convergence] | phase=optimize | block=4 | epoch=55/120 | active_users=1 | updated_users=1 | objective=10.817118 | sum_rate=10.817118 | r_p=489.182892 | r_c=1.293015e+05 | r_s=0.007277 | status=running
[DL Convergence] | phase=optimize | block=4 | epoch=60/120 | active_users=1 | updated_users=1 | objective=10.816565 | sum_rate=10.816565 | r_p=489.183441 | r_c=1.412667e+05 | r_s=0.014792 | status=running
[DL Convergence] | phase=optimize | block=4 | epoch=65/120 | active_users=1 | updated_users=1 | objective=10.816972 | sum_rate=10.816972 | r_p=489.183014 | r_c=1.532316e+05 | r_s=0.005958 | status=running
[DL Convergence] | phase=optimize | block=4 | epoch=70/120 | active_users=1 | updated_users=1 | objective=10.816628 | sum_rate=10.816628 | r_p=489.183380 | r_c=1.651967e+05 | r_s=0.015355 | status=running
[DL Convergence] | phase=optimize | block=4 | epoch=75/120 | active_users=1 | updated_users=1 | objective=10.817152 | sum_rate=10.817152 | r_p=489.182861 | r_c=1.771615e+05 | r_s=0.005897 | status=running
[DL Convergence] | phase=optimize | block=4 | epoch=80/120 | active_users=1 | updated_users=1 | objective=10.817145 | sum_rate=10.817145 | r_p=489.182861 | r_c=1.891265e+05 | r_s=0.008171 | status=running
[DL Convergence] | phase=optimize | block=4 | epoch=85/120 | active_users=1 | updated_users=1 | objective=10.817228 | sum_rate=10.817228 | r_p=489.182770 | r_c=2.010915e+05 | r_s=0.004338 | status=running
[DL Convergence] | phase=optimize | block=4 | epoch=90/120 | active_users=1 | updated_users=1 | objective=10.817232 | sum_rate=10.817232 | r_p=489.182770 | r_c=2.130564e+05 | r_s=0.004710 | status=running
[DL Convergence] | phase=optimize | block=4 | epoch=95/120 | active_users=1 | updated_users=1 | objective=10.817149 | sum_rate=10.817149 | r_p=489.182861 | r_c=2.250215e+05 | r_s=0.006899 | status=running
[DL Convergence] | phase=optimize | block=4 | epoch=100/120 | active_users=1 | updated_users=1 | objective=10.816636 | sum_rate=10.816636 | r_p=489.183350 | r_c=2.369867e+05 | r_s=0.024257 | status=running
[DL Convergence] | phase=optimize | block=4 | epoch=105/120 | active_users=1 | updated_users=1 | objective=10.816581 | sum_rate=10.816581 | r_p=489.183411 | r_c=2.489518e+05 | r_s=0.013044 | status=running
[DL Convergence] | phase=optimize | block=4 | epoch=110/120 | active_users=1 | updated_users=1 | objective=10.817072 | sum_rate=10.817072 | r_p=489.182922 | r_c=2.609165e+05 | r_s=0.006748 | status=running
[DL Convergence] | phase=optimize | block=4 | epoch=115/120 | active_users=1 | updated_users=1 | objective=10.817230 | sum_rate=10.817230 | r_p=489.182770 | r_c=2.728814e+05 | r_s=0.005353 | status=running
[DL Convergence] | phase=optimize | block=4 | epoch=120/120 | active_users=1 | updated_users=1 | objective=10.817256 | sum_rate=10.817256 | r_p=489.182739 | r_c=2.848464e+05 | r_s=0.005471 | status=running
  user=00 block=04 candidate n_kl=   2 after updating users [0] still leaves committed users infeasible [0] at search_stage=fixed_step.
  user=00 block=04 candidate n_kl=   3 breaks committed-user feasibility [0] at search_stage=fixed_step; trying fresh re-optimization.
[DL Convergence] | phase=optimize | block=4 | epoch=1/120 | active_users=1 | updated_users=1 | objective=13.198076 | sum_rate=13.198076 | r_p=320.135254 | r_c=51.863587 | r_s=0.001179 | status=running
[DL Convergence] | phase=optimize | block=4 | epoch=5/120 | active_users=1 | updated_users=1 | objective=13.193640 | sum_rate=13.193640 | r_p=320.139709 | r_c=4151.419083 | r_s=0.065058 | status=running
[DL Convergence] | phase=optimize | block=4 | epoch=10/120 | active_users=1 | updated_users=1 | objective=13.195998 | sum_rate=13.195998 | r_p=320.137360 | r_c=9275.803137 | r_s=0.017502 | status=running
[DL Convergence] | phase=optimize | block=4 | epoch=15/120 | active_users=1 | updated_users=1 | objective=13.196939 | sum_rate=13.196939 | r_p=320.136414 | r_c=1.440015e+04 | r_s=0.021763 | status=running
[DL Convergence] | phase=optimize | block=4 | epoch=20/120 | active_users=1 | updated_users=1 | objective=13.197359 | sum_rate=13.197359 | r_p=320.135986 | r_c=1.952448e+04 | r_s=0.016969 | status=running
[DL Convergence] | phase=optimize | block=4 | epoch=25/120 | active_users=1 | updated_users=1 | objective=13.197880 | sum_rate=13.197880 | r_p=320.135468 | r_c=2.464879e+04 | r_s=0.012409 | status=running
[DL Convergence] | phase=optimize | block=4 | epoch=30/120 | active_users=1 | updated_users=1 | objective=13.197937 | sum_rate=13.197937 | r_p=320.135406 | r_c=2.977312e+04 | r_s=0.009705 | status=running
[DL Convergence] | phase=optimize | block=4 | epoch=35/120 | active_users=1 | updated_users=1 | objective=13.193577 | sum_rate=13.193577 | r_p=320.139771 | r_c=3.489795e+04 | r_s=0.049418 | status=running
[DL Convergence] | phase=optimize | block=4 | epoch=40/120 | active_users=1 | updated_users=1 | objective=13.196410 | sum_rate=13.196410 | r_p=320.136932 | r_c=4.002202e+04 | r_s=0.017619 | status=running
[DL Convergence] | phase=optimize | block=4 | epoch=45/120 | active_users=1 | updated_users=1 | objective=13.197352 | sum_rate=13.197352 | r_p=320.135986 | r_c=4.514626e+04 | r_s=0.015756 | status=running
[DL Convergence] | phase=optimize | block=4 | epoch=50/120 | active_users=1 | updated_users=1 | objective=13.197906 | sum_rate=13.197906 | r_p=320.135437 | r_c=5.027052e+04 | r_s=0.011990 | status=running
[DL Convergence] | phase=optimize | block=4 | epoch=55/120 | active_users=1 | updated_users=1 | objective=13.198063 | sum_rate=13.198063 | r_p=320.135284 | r_c=5.539483e+04 | r_s=0.007701 | status=running
[DL Convergence] | phase=optimize | block=4 | epoch=60/120 | active_users=1 | updated_users=1 | objective=13.198043 | sum_rate=13.198043 | r_p=320.135315 | r_c=6.051916e+04 | r_s=0.005236 | status=running
[DL Convergence] | phase=optimize | block=4 | epoch=65/120 | active_users=1 | updated_users=1 | objective=13.198003 | sum_rate=13.198003 | r_p=320.135345 | r_c=6.564350e+04 | r_s=0.006476 | status=running
[DL Convergence] | phase=optimize | block=4 | epoch=70/120 | active_users=1 | updated_users=1 | objective=13.197458 | sum_rate=13.197458 | r_p=320.135895 | r_c=7.076797e+04 | r_s=0.021619 | status=running
[DL Convergence] | phase=optimize | block=4 | epoch=75/120 | active_users=1 | updated_users=1 | objective=13.197463 | sum_rate=13.197463 | r_p=320.135895 | r_c=7.589233e+04 | r_s=0.021244 | status=running
[DL Convergence] | phase=optimize | block=4 | epoch=80/120 | active_users=1 | updated_users=1 | objective=13.197842 | sum_rate=13.197842 | r_p=320.135498 | r_c=8.101657e+04 | r_s=0.013848 | status=running
[DL Convergence] | phase=optimize | block=4 | epoch=85/120 | active_users=1 | updated_users=1 | objective=13.198058 | sum_rate=13.198058 | r_p=320.135284 | r_c=8.614085e+04 | r_s=0.009510 | status=running
[DL Convergence] | phase=optimize | block=4 | epoch=90/120 | active_users=1 | updated_users=1 | objective=13.198086 | sum_rate=13.198086 | r_p=320.135254 | r_c=9.126517e+04 | r_s=0.006004 | status=running
[DL Convergence] | phase=optimize | block=4 | epoch=95/120 | active_users=1 | updated_users=1 | objective=13.198112 | sum_rate=13.198112 | r_p=320.135223 | r_c=9.638949e+04 | r_s=0.003378 | status=running
[DL Convergence] | phase=optimize | block=4 | epoch=100/120 | active_users=1 | updated_users=1 | objective=13.198107 | sum_rate=13.198107 | r_p=320.135223 | r_c=1.015138e+05 | r_s=0.003806 | status=running
[DL Convergence] | phase=optimize | block=4 | epoch=105/120 | active_users=1 | updated_users=1 | objective=13.198136 | sum_rate=13.198136 | r_p=320.135193 | r_c=1.066381e+05 | r_s=0.002325 | status=running
[DL Convergence] | phase=optimize | block=4 | epoch=110/120 | active_users=1 | updated_users=1 | objective=13.198140 | sum_rate=13.198140 | r_p=320.135193 | r_c=1.117625e+05 | r_s=0.002675 | status=running
[DL Convergence] | phase=optimize | block=4 | epoch=115/120 | active_users=1 | updated_users=1 | objective=13.197303 | sum_rate=13.197303 | r_p=320.136047 | r_c=1.168871e+05 | r_s=0.015768 | status=running
[DL Convergence] | phase=optimize | block=4 | epoch=120/120 | active_users=1 | updated_users=1 | objective=13.197077 | sum_rate=13.197077 | r_p=320.136261 | r_c=1.220115e+05 | r_s=0.012801 | status=running
  user=00 block=04 candidate n_kl=   3 after updating users [0] still leaves committed users infeasible [0] at search_stage=fixed_step.
  user=00 block=04 candidate n_kl=   4 breaks committed-user feasibility [0] at search_stage=fixed_step; trying fresh re-optimization.
[DL Convergence] | phase=optimize | block=4 | epoch=1/120 | active_users=1 | updated_users=1 | objective=14.617353 | sum_rate=14.617353 | r_p=235.382645 | r_c=38.133220 | r_s=0.001193 | status=running
[DL Convergence] | phase=optimize | block=4 | epoch=5/120 | active_users=1 | updated_users=1 | objective=14.613265 | sum_rate=14.613265 | r_p=235.386734 | r_c=2254.390710 | r_s=0.060530 | status=running
[DL Convergence] | phase=optimize | block=4 | epoch=10/120 | active_users=1 | updated_users=1 | objective=14.615670 | sum_rate=14.615670 | r_p=235.384323 | r_c=5024.667266 | r_s=0.014698 | status=running
[DL Convergence] | phase=optimize | block=4 | epoch=15/120 | active_users=1 | updated_users=1 | objective=14.616323 | sum_rate=14.616323 | r_p=235.383682 | r_c=7794.929491 | r_s=0.021000 | status=running
[DL Convergence] | phase=optimize | block=4 | epoch=20/120 | active_users=1 | updated_users=1 | objective=14.616768 | sum_rate=14.616768 | r_p=235.383240 | r_c=1.056518e+04 | r_s=0.015586 | status=running
[DL Convergence] | phase=optimize | block=4 | epoch=25/120 | active_users=1 | updated_users=1 | objective=14.617207 | sum_rate=14.617207 | r_p=235.382797 | r_c=1.333541e+04 | r_s=0.007606 | status=running
[DL Convergence] | phase=optimize | block=4 | epoch=30/120 | active_users=1 | updated_users=1 | objective=14.617334 | sum_rate=14.617334 | r_p=235.382660 | r_c=1.610566e+04 | r_s=0.006972 | status=running
[DL Convergence] | phase=optimize | block=4 | epoch=35/120 | active_users=1 | updated_users=1 | objective=14.612267 | sum_rate=14.612267 | r_p=235.387726 | r_c=1.887632e+04 | r_s=0.050085 | status=running
[DL Convergence] | phase=optimize | block=4 | epoch=40/120 | active_users=1 | updated_users=1 | objective=14.615882 | sum_rate=14.615882 | r_p=235.384125 | r_c=2.164633e+04 | r_s=0.016607 | status=running
[DL Convergence] | phase=optimize | block=4 | epoch=45/120 | active_users=1 | updated_users=1 | objective=14.616394 | sum_rate=14.616394 | r_p=235.383606 | r_c=2.441655e+04 | r_s=0.016053 | status=running
[DL Convergence] | phase=optimize | block=4 | epoch=50/120 | active_users=1 | updated_users=1 | objective=14.617067 | sum_rate=14.617067 | r_p=235.382935 | r_c=2.718674e+04 | r_s=0.013764 | status=running
[DL Convergence] | phase=optimize | block=4 | epoch=55/120 | active_users=1 | updated_users=1 | objective=14.617350 | sum_rate=14.617350 | r_p=235.382645 | r_c=2.995696e+04 | r_s=0.008022 | status=running
[DL Convergence] | phase=optimize | block=4 | epoch=60/120 | active_users=1 | updated_users=1 | objective=14.617364 | sum_rate=14.617364 | r_p=235.382629 | r_c=3.272721e+04 | r_s=0.004247 | status=running
[DL Convergence] | phase=optimize | block=4 | epoch=65/120 | active_users=1 | updated_users=1 | objective=14.617362 | sum_rate=14.617362 | r_p=235.382645 | r_c=3.549746e+04 | r_s=0.003919 | status=running
[DL Convergence] | phase=optimize | block=4 | epoch=70/120 | active_users=1 | updated_users=1 | objective=14.617393 | sum_rate=14.617393 | r_p=235.382614 | r_c=3.826770e+04 | r_s=0.003456 | status=running
[DL Convergence] | phase=optimize | block=4 | epoch=75/120 | active_users=1 | updated_users=1 | objective=14.617406 | sum_rate=14.617406 | r_p=235.382599 | r_c=4.103795e+04 | r_s=0.003258 | status=running
[DL Convergence] | phase=optimize | block=4 | epoch=80/120 | active_users=1 | updated_users=1 | objective=14.612498 | sum_rate=14.612498 | r_p=235.387497 | r_c=4.380911e+04 | r_s=0.041580 | status=running
[DL Convergence] | phase=optimize | block=4 | epoch=85/120 | active_users=1 | updated_users=1 | objective=14.616112 | sum_rate=14.616112 | r_p=235.383881 | r_c=4.657874e+04 | r_s=0.017235 | status=running
[DL Convergence] | phase=optimize | block=4 | epoch=90/120 | active_users=1 | updated_users=1 | objective=14.616371 | sum_rate=14.616371 | r_p=235.383636 | r_c=4.934896e+04 | r_s=0.018360 | status=running
[DL Convergence] | phase=optimize | block=4 | epoch=95/120 | active_users=1 | updated_users=1 | objective=14.617091 | sum_rate=14.617091 | r_p=235.382904 | r_c=5.211907e+04 | r_s=0.010283 | status=running
[DL Convergence] | phase=optimize | block=4 | epoch=100/120 | active_users=1 | updated_users=1 | objective=14.617229 | sum_rate=14.617229 | r_p=235.382767 | r_c=5.488929e+04 | r_s=0.009404 | status=running
[DL Convergence] | phase=optimize | block=4 | epoch=105/120 | active_users=1 | updated_users=1 | objective=14.617253 | sum_rate=14.617253 | r_p=235.382751 | r_c=5.765954e+04 | r_s=0.005962 | status=running
[DL Convergence] | phase=optimize | block=4 | epoch=110/120 | active_users=1 | updated_users=1 | objective=14.617400 | sum_rate=14.617400 | r_p=235.382599 | r_c=6.042975e+04 | r_s=0.004821 | status=running
[DL Convergence] | phase=optimize | block=4 | epoch=115/120 | active_users=1 | updated_users=1 | objective=14.617381 | sum_rate=14.617381 | r_p=235.382614 | r_c=6.320001e+04 | r_s=0.003730 | status=running
[DL Convergence] | phase=optimize | block=4 | epoch=120/120 | active_users=1 | updated_users=1 | objective=14.617412 | sum_rate=14.617412 | r_p=235.382584 | r_c=6.597025e+04 | r_s=0.002716 | status=running
  user=00 block=04 candidate n_kl=   4 after updating users [0] still leaves committed users infeasible [0] at search_stage=fixed_step.
  user=00 block=04 candidate n_kl=   5 breaks committed-user feasibility [0] at search_stage=fixed_step; trying fresh re-optimization.
[DL Convergence] | phase=optimize | block=4 | epoch=1/120 | active_users=1 | updated_users=1 | objective=15.585917 | sum_rate=15.585917 | r_p=184.414078 | r_c=29.876046 | r_s=0.001204 | status=running
[DL Convergence] | phase=optimize | block=4 | epoch=5/120 | active_users=1 | updated_users=1 | objective=15.579676 | sum_rate=15.579676 | r_p=184.420319 | r_c=1390.284396 | r_s=0.073706 | status=running
[DL Convergence] | phase=optimize | block=4 | epoch=10/120 | active_users=1 | updated_users=1 | objective=15.583213 | sum_rate=15.583213 | r_p=184.416794 | r_c=3090.743676 | r_s=0.027385 | status=running
[DL Convergence] | phase=optimize | block=4 | epoch=15/120 | active_users=1 | updated_users=1 | objective=15.585110 | sum_rate=15.585110 | r_p=184.414886 | r_c=4791.161009 | r_s=0.014658 | status=running
[DL Convergence] | phase=optimize | block=4 | epoch=20/120 | active_users=1 | updated_users=1 | objective=15.585394 | sum_rate=15.585394 | r_p=184.414612 | r_c=6491.592705 | r_s=0.014455 | status=running
[DL Convergence] | phase=optimize | block=4 | epoch=25/120 | active_users=1 | updated_users=1 | objective=15.585680 | sum_rate=15.585680 | r_p=184.414322 | r_c=8192.015647 | r_s=0.011485 | status=running
[DL Convergence] | phase=optimize | block=4 | epoch=30/120 | active_users=1 | updated_users=1 | objective=15.585775 | sum_rate=15.585775 | r_p=184.414230 | r_c=9892.442026 | r_s=0.006641 | status=running
[DL Convergence] | phase=optimize | block=4 | epoch=35/120 | active_users=1 | updated_users=1 | objective=15.585899 | sum_rate=15.585899 | r_p=184.414093 | r_c=1.159286e+04 | r_s=0.005367 | status=running
[DL Convergence] | phase=optimize | block=4 | epoch=40/120 | active_users=1 | updated_users=1 | objective=15.582306 | sum_rate=15.582306 | r_p=184.417694 | r_c=1.329355e+04 | r_s=0.035336 | status=running
[DL Convergence] | phase=optimize | block=4 | epoch=45/120 | active_users=1 | updated_users=1 | objective=15.585596 | sum_rate=15.585596 | r_p=184.414398 | r_c=1.499377e+04 | r_s=0.019366 | status=running
[DL Convergence] | phase=optimize | block=4 | epoch=50/120 | active_users=1 | updated_users=1 | objective=15.584991 | sum_rate=15.584991 | r_p=184.415009 | r_c=1.669427e+04 | r_s=0.011349 | status=running
[DL Convergence] | phase=optimize | block=4 | epoch=55/120 | active_users=1 | updated_users=1 | objective=15.585617 | sum_rate=15.585617 | r_p=184.414383 | r_c=1.839465e+04 | r_s=0.013648 | status=running
[DL Convergence] | phase=optimize | block=4 | epoch=60/120 | active_users=1 | updated_users=1 | objective=15.585801 | sum_rate=15.585801 | r_p=184.414200 | r_c=2.009506e+04 | r_s=0.006920 | status=running
[DL Convergence] | phase=optimize | block=4 | epoch=65/120 | active_users=1 | updated_users=1 | objective=15.585874 | sum_rate=15.585874 | r_p=184.414124 | r_c=2.179548e+04 | r_s=0.006795 | status=running
[DL Convergence] | phase=optimize | block=4 | epoch=70/120 | active_users=1 | updated_users=1 | objective=15.585929 | sum_rate=15.585929 | r_p=184.414078 | r_c=2.349590e+04 | r_s=0.003977 | status=running
[DL Convergence] | phase=optimize | block=4 | epoch=75/120 | active_users=1 | updated_users=1 | objective=15.585928 | sum_rate=15.585928 | r_p=184.414078 | r_c=2.519633e+04 | r_s=0.003723 | status=running
[DL Convergence] | phase=optimize | block=4 | epoch=80/120 | active_users=1 | updated_users=1 | objective=15.585955 | sum_rate=15.585955 | r_p=184.414047 | r_c=2.689675e+04 | r_s=0.003824 | status=running
[DL Convergence] | phase=optimize | block=4 | epoch=85/120 | active_users=1 | updated_users=1 | objective=15.585975 | sum_rate=15.585975 | r_p=184.414032 | r_c=2.859718e+04 | r_s=0.003066 | status=running
[DL Convergence] | phase=optimize | block=4 | epoch=90/120 | active_users=1 | updated_users=1 | objective=15.585948 | sum_rate=15.585948 | r_p=184.414047 | r_c=3.029761e+04 | r_s=0.004228 | status=running
[DL Convergence] | phase=optimize | block=4 | epoch=95/120 | active_users=1 | updated_users=1 | objective=15.583847 | sum_rate=15.583847 | r_p=184.416153 | r_c=3.199841e+04 | r_s=0.033145 | status=running
[DL Convergence] | phase=optimize | block=4 | epoch=100/120 | active_users=1 | updated_users=1 | objective=15.585793 | sum_rate=15.585793 | r_p=184.414200 | r_c=3.369850e+04 | r_s=0.005812 | status=running
[DL Convergence] | phase=optimize | block=4 | epoch=105/120 | active_users=1 | updated_users=1 | objective=15.585923 | sum_rate=15.585923 | r_p=184.414078 | r_c=3.539891e+04 | r_s=0.010492 | status=running
[DL Convergence] | phase=optimize | block=4 | epoch=110/120 | active_users=1 | updated_users=1 | objective=15.585886 | sum_rate=15.585886 | r_p=184.414108 | r_c=3.709935e+04 | r_s=0.009207 | status=running
[DL Convergence] | phase=optimize | block=4 | epoch=115/120 | active_users=1 | updated_users=1 | objective=15.585903 | sum_rate=15.585903 | r_p=184.414093 | r_c=3.879977e+04 | r_s=0.006790 | status=running
[DL Convergence] | phase=optimize | block=4 | epoch=120/120 | active_users=1 | updated_users=1 | objective=15.585943 | sum_rate=15.585943 | r_p=184.414062 | r_c=4.050019e+04 | r_s=0.005050 | status=running
  user=00 block=04 candidate n_kl=   5 after updating users [0] still leaves committed users infeasible [0] at search_stage=fixed_step.
  user=00 block=04 candidate n_kl=   6 breaks committed-user feasibility [0] at search_stage=fixed_step; trying fresh re-optimization.
[DL Convergence] | phase=optimize | block=4 | epoch=1/120 | active_users=1 | updated_users=1 | objective=16.300880 | sum_rate=16.300880 | r_p=150.365784 | r_c=24.360044 | r_s=0.001212 | status=running
[DL Convergence] | phase=optimize | block=4 | epoch=5/120 | active_users=1 | updated_users=1 | objective=16.294724 | sum_rate=16.294724 | r_p=150.371948 | r_c=928.802398 | r_s=0.064830 | status=running
[DL Convergence] | phase=optimize | block=4 | epoch=10/120 | active_users=1 | updated_users=1 | objective=16.298389 | sum_rate=16.298389 | r_p=150.368286 | r_c=2059.314730 | r_s=0.023215 | status=running
[DL Convergence] | phase=optimize | block=4 | epoch=15/120 | active_users=1 | updated_users=1 | objective=16.300232 | sum_rate=16.300232 | r_p=150.366440 | r_c=3189.797712 | r_s=0.014200 | status=running
[DL Convergence] | phase=optimize | block=4 | epoch=20/120 | active_users=1 | updated_users=1 | objective=16.300564 | sum_rate=16.300564 | r_p=150.366104 | r_c=4320.290735 | r_s=0.012239 | status=running
[DL Convergence] | phase=optimize | block=4 | epoch=25/120 | active_users=1 | updated_users=1 | objective=16.300694 | sum_rate=16.300694 | r_p=150.365982 | r_c=5450.784230 | r_s=0.009840 | status=running
[DL Convergence] | phase=optimize | block=4 | epoch=30/120 | active_users=1 | updated_users=1 | objective=16.300787 | sum_rate=16.300787 | r_p=150.365891 | r_c=6581.275985 | r_s=0.006919 | status=running
[DL Convergence] | phase=optimize | block=4 | epoch=35/120 | active_users=1 | updated_users=1 | objective=16.299303 | sum_rate=16.299303 | r_p=150.367371 | r_c=7711.851191 | r_s=0.033170 | status=running
[DL Convergence] | phase=optimize | block=4 | epoch=40/120 | active_users=1 | updated_users=1 | objective=16.300821 | sum_rate=16.300821 | r_p=150.365845 | r_c=8842.272138 | r_s=0.006283 | status=running
[DL Convergence] | phase=optimize | block=4 | epoch=45/120 | active_users=1 | updated_users=1 | objective=16.300735 | sum_rate=16.300735 | r_p=150.365936 | r_c=9972.774293 | r_s=0.014311 | status=running
[DL Convergence] | phase=optimize | block=4 | epoch=50/120 | active_users=1 | updated_users=1 | objective=16.300722 | sum_rate=16.300722 | r_p=150.365952 | r_c=1.110327e+04 | r_s=0.009553 | status=running
[DL Convergence] | phase=optimize | block=4 | epoch=55/120 | active_users=1 | updated_users=1 | objective=16.300892 | sum_rate=16.300892 | r_p=150.365784 | r_c=1.223375e+04 | r_s=0.005964 | status=running
[DL Convergence] | phase=optimize | block=4 | epoch=60/120 | active_users=1 | updated_users=1 | objective=16.300892 | sum_rate=16.300892 | r_p=150.365784 | r_c=1.336425e+04 | r_s=0.006028 | status=running
[DL Convergence] | phase=optimize | block=4 | epoch=65/120 | active_users=1 | updated_users=1 | objective=16.300873 | sum_rate=16.300873 | r_p=150.365799 | r_c=1.449474e+04 | r_s=0.005779 | status=running
[DL Convergence] | phase=optimize | block=4 | epoch=70/120 | active_users=1 | updated_users=1 | objective=16.298054 | sum_rate=16.298054 | r_p=150.368622 | r_c=1.562553e+04 | r_s=0.033687 | status=running
[DL Convergence] | phase=optimize | block=4 | epoch=75/120 | active_users=1 | updated_users=1 | objective=16.300533 | sum_rate=16.300533 | r_p=150.366135 | r_c=1.675578e+04 | r_s=0.019339 | status=running
[DL Convergence] | phase=optimize | block=4 | epoch=80/120 | active_users=1 | updated_users=1 | objective=16.300560 | sum_rate=16.300560 | r_p=150.366119 | r_c=1.788628e+04 | r_s=0.012690 | status=running
[DL Convergence] | phase=optimize | block=4 | epoch=85/120 | active_users=1 | updated_users=1 | objective=16.300711 | sum_rate=16.300711 | r_p=150.365967 | r_c=1.901676e+04 | r_s=0.007338 | status=running
[DL Convergence] | phase=optimize | block=4 | epoch=90/120 | active_users=1 | updated_users=1 | objective=16.300785 | sum_rate=16.300785 | r_p=150.365891 | r_c=2.014724e+04 | r_s=0.006393 | status=running
[DL Convergence] | phase=optimize | block=4 | epoch=95/120 | active_users=1 | updated_users=1 | objective=16.300850 | sum_rate=16.300850 | r_p=150.365814 | r_c=2.127773e+04 | r_s=0.006535 | status=running
[DL Convergence] | phase=optimize | block=4 | epoch=100/120 | active_users=1 | updated_users=1 | objective=16.300900 | sum_rate=16.300900 | r_p=150.365768 | r_c=2.240821e+04 | r_s=0.004902 | status=running
[DL Convergence] | phase=optimize | block=4 | epoch=105/120 | active_users=1 | updated_users=1 | objective=16.300932 | sum_rate=16.300932 | r_p=150.365738 | r_c=2.353870e+04 | r_s=0.004017 | status=running
[DL Convergence] | phase=optimize | block=4 | epoch=110/120 | active_users=1 | updated_users=1 | objective=16.300924 | sum_rate=16.300924 | r_p=150.365753 | r_c=2.466920e+04 | r_s=0.004028 | status=running
[DL Convergence] | phase=optimize | block=4 | epoch=115/120 | active_users=1 | updated_users=1 | objective=16.299953 | sum_rate=16.299953 | r_p=150.366714 | r_c=2.579986e+04 | r_s=0.018576 | status=running
[DL Convergence] | phase=optimize | block=4 | epoch=120/120 | active_users=1 | updated_users=1 | objective=16.300215 | sum_rate=16.300215 | r_p=150.366455 | r_c=2.693032e+04 | r_s=0.013301 | status=running
  user=00 block=04 candidate n_kl=   6 after updating users [0] still leaves committed users infeasible [0] at search_stage=fixed_step.
  user=00 block=04 candidate n_kl=   7 breaks committed-user feasibility [0] at search_stage=fixed_step; trying fresh re-optimization.
[DL Convergence] | phase=optimize | block=4 | epoch=1/120 | active_users=1 | updated_users=1 | objective=16.856548 | sum_rate=16.856548 | r_p=126.000595 | r_c=20.412756 | r_s=0.001219 | status=running
[DL Convergence] | phase=optimize | block=4 | epoch=5/120 | active_users=1 | updated_users=1 | objective=16.849926 | sum_rate=16.849926 | r_p=126.007217 | r_c=655.497174 | r_s=0.057151 | status=running
[DL Convergence] | phase=optimize | block=4 | epoch=10/120 | active_users=1 | updated_users=1 | objective=16.854706 | sum_rate=16.854706 | r_p=126.002441 | r_c=1449.309772 | r_s=0.016713 | status=running
[DL Convergence] | phase=optimize | block=4 | epoch=15/120 | active_users=1 | updated_users=1 | objective=16.856064 | sum_rate=16.856064 | r_p=126.001083 | r_c=2243.111936 | r_s=0.015365 | status=running
[DL Convergence] | phase=optimize | block=4 | epoch=20/120 | active_users=1 | updated_users=1 | objective=16.856155 | sum_rate=16.856155 | r_p=126.000992 | r_c=3036.923496 | r_s=0.011818 | status=running
[DL Convergence] | phase=optimize | block=4 | epoch=25/120 | active_users=1 | updated_users=1 | objective=16.856270 | sum_rate=16.856270 | r_p=126.000877 | r_c=3830.731619 | r_s=0.011259 | status=running
[DL Convergence] | phase=optimize | block=4 | epoch=30/120 | active_users=1 | updated_users=1 | objective=16.856430 | sum_rate=16.856430 | r_p=126.000717 | r_c=4624.536034 | r_s=0.008017 | status=running
[DL Convergence] | phase=optimize | block=4 | epoch=35/120 | active_users=1 | updated_users=1 | objective=16.855631 | sum_rate=16.855631 | r_p=126.001518 | r_c=5418.379741 | r_s=0.021030 | status=running
[DL Convergence] | phase=optimize | block=4 | epoch=40/120 | active_users=1 | updated_users=1 | objective=16.855766 | sum_rate=16.855766 | r_p=126.001381 | r_c=6212.191129 | r_s=0.019149 | status=running
[DL Convergence] | phase=optimize | block=4 | epoch=45/120 | active_users=1 | updated_users=1 | objective=16.856503 | sum_rate=16.856503 | r_p=126.000641 | r_c=7005.964909 | r_s=0.011006 | status=running
[DL Convergence] | phase=optimize | block=4 | epoch=50/120 | active_users=1 | updated_users=1 | objective=16.856409 | sum_rate=16.856409 | r_p=126.000740 | r_c=7799.779499 | r_s=0.007953 | status=running
[DL Convergence] | phase=optimize | block=4 | epoch=55/120 | active_users=1 | updated_users=1 | objective=16.856535 | sum_rate=16.856535 | r_p=126.000610 | r_c=8593.579526 | r_s=0.008354 | status=running
[DL Convergence] | phase=optimize | block=4 | epoch=60/120 | active_users=1 | updated_users=1 | objective=16.856613 | sum_rate=16.856613 | r_p=126.000534 | r_c=9387.381475 | r_s=0.004143 | status=running
[DL Convergence] | phase=optimize | block=4 | epoch=65/120 | active_users=1 | updated_users=1 | objective=16.856621 | sum_rate=16.856621 | r_p=126.000526 | r_c=1.018119e+04 | r_s=0.002905 | status=running
[DL Convergence] | phase=optimize | block=4 | epoch=70/120 | active_users=1 | updated_users=1 | objective=16.856552 | sum_rate=16.856552 | r_p=126.000595 | r_c=1.097500e+04 | r_s=0.006805 | status=running
[DL Convergence] | phase=optimize | block=4 | epoch=75/120 | active_users=1 | updated_users=1 | objective=16.856243 | sum_rate=16.856243 | r_p=126.000900 | r_c=1.176884e+04 | r_s=0.011749 | status=running
[DL Convergence] | phase=optimize | block=4 | epoch=80/120 | active_users=1 | updated_users=1 | objective=16.854500 | sum_rate=16.854500 | r_p=126.002647 | r_c=1.256283e+04 | r_s=0.034300 | status=running
[DL Convergence] | phase=optimize | block=4 | epoch=85/120 | active_users=1 | updated_users=1 | objective=16.855942 | sum_rate=16.855942 | r_p=126.001205 | r_c=1.335650e+04 | r_s=0.015437 | status=running
[DL Convergence] | phase=optimize | block=4 | epoch=90/120 | active_users=1 | updated_users=1 | objective=16.856302 | sum_rate=16.856302 | r_p=126.000847 | r_c=1.415028e+04 | r_s=0.010930 | status=running
[DL Convergence] | phase=optimize | block=4 | epoch=95/120 | active_users=1 | updated_users=1 | objective=16.856514 | sum_rate=16.856514 | r_p=126.000633 | r_c=1.494406e+04 | r_s=0.007463 | status=running
[DL Convergence] | phase=optimize | block=4 | epoch=100/120 | active_users=1 | updated_users=1 | objective=16.856514 | sum_rate=16.856514 | r_p=126.000633 | r_c=1.573787e+04 | r_s=0.005791 | status=running
[DL Convergence] | phase=optimize | block=4 | epoch=105/120 | active_users=1 | updated_users=1 | objective=16.856527 | sum_rate=16.856527 | r_p=126.000618 | r_c=1.653168e+04 | r_s=0.005087 | status=running
[DL Convergence] | phase=optimize | block=4 | epoch=110/120 | active_users=1 | updated_users=1 | objective=16.856567 | sum_rate=16.856567 | r_p=126.000580 | r_c=1.732548e+04 | r_s=0.004222 | status=running
[DL Convergence] | phase=optimize | block=4 | epoch=115/120 | active_users=1 | updated_users=1 | objective=16.856594 | sum_rate=16.856594 | r_p=126.000549 | r_c=1.811928e+04 | r_s=0.003467 | status=running
[DL Convergence] | phase=optimize | block=4 | epoch=120/120 | active_users=1 | updated_users=1 | objective=16.856606 | sum_rate=16.856606 | r_p=126.000542 | r_c=1.891309e+04 | r_s=0.003087 | status=running
  user=00 block=04 candidate n_kl=   7 after updating users [0] still leaves committed users infeasible [0] at search_stage=fixed_step.
  user=00 block=04 candidate n_kl=   8 breaks committed-user feasibility [0] at search_stage=fixed_step; trying fresh re-optimization.
[DL Convergence] | phase=optimize | block=4 | epoch=1/120 | active_users=1 | updated_users=1 | objective=17.304461 | sum_rate=17.304461 | r_p=107.695541 | r_c=17.447241 | r_s=0.001225 | status=running
[DL Convergence] | phase=optimize | block=4 | epoch=5/120 | active_users=1 | updated_users=1 | objective=17.298670 | sum_rate=17.298670 | r_p=107.701332 | r_c=481.407756 | r_s=0.047453 | status=running
[DL Convergence] | phase=optimize | block=4 | epoch=10/120 | active_users=1 | updated_users=1 | objective=17.303387 | sum_rate=17.303387 | r_p=107.696609 | r_c=1061.322643 | r_s=0.013916 | status=running
[DL Convergence] | phase=optimize | block=4 | epoch=15/120 | active_users=1 | updated_users=1 | objective=17.303957 | sum_rate=17.303957 | r_p=107.696045 | r_c=1641.241318 | r_s=0.016415 | status=running
[DL Convergence] | phase=optimize | block=4 | epoch=20/120 | active_users=1 | updated_users=1 | objective=17.304218 | sum_rate=17.304218 | r_p=107.695786 | r_c=2221.157543 | r_s=0.010407 | status=running
[DL Convergence] | phase=optimize | block=4 | epoch=25/120 | active_users=1 | updated_users=1 | objective=17.304317 | sum_rate=17.304317 | r_p=107.695679 | r_c=2801.073720 | r_s=0.004692 | status=running
[DL Convergence] | phase=optimize | block=4 | epoch=30/120 | active_users=1 | updated_users=1 | objective=17.303722 | sum_rate=17.303722 | r_p=107.696274 | r_c=3381.011045 | r_s=0.021162 | status=running
[DL Convergence] | phase=optimize | block=4 | epoch=35/120 | active_users=1 | updated_users=1 | objective=17.304054 | sum_rate=17.304054 | r_p=107.695946 | r_c=3960.921229 | r_s=0.014814 | status=running
[DL Convergence] | phase=optimize | block=4 | epoch=40/120 | active_users=1 | updated_users=1 | objective=17.304255 | sum_rate=17.304255 | r_p=107.695747 | r_c=4540.832453 | r_s=0.012371 | status=running
[DL Convergence] | phase=optimize | block=4 | epoch=45/120 | active_users=1 | updated_users=1 | objective=17.304329 | sum_rate=17.304329 | r_p=107.695671 | r_c=5120.746778 | r_s=0.010556 | status=running
[DL Convergence] | phase=optimize | block=4 | epoch=50/120 | active_users=1 | updated_users=1 | objective=17.304512 | sum_rate=17.304512 | r_p=107.695488 | r_c=5700.654495 | r_s=0.001857 | status=running
[DL Convergence] | phase=optimize | block=4 | epoch=55/120 | active_users=1 | updated_users=1 | objective=17.304165 | sum_rate=17.304165 | r_p=107.695831 | r_c=6280.591024 | r_s=0.014231 | status=running
[DL Convergence] | phase=optimize | block=4 | epoch=60/120 | active_users=1 | updated_users=1 | objective=17.304516 | sum_rate=17.304516 | r_p=107.695480 | r_c=6860.487868 | r_s=0.005484 | status=running
[DL Convergence] | phase=optimize | block=4 | epoch=65/120 | active_users=1 | updated_users=1 | objective=17.304321 | sum_rate=17.304321 | r_p=107.695679 | r_c=7440.417956 | r_s=0.011667 | status=running
[DL Convergence] | phase=optimize | block=4 | epoch=70/120 | active_users=1 | updated_users=1 | objective=17.304348 | sum_rate=17.304348 | r_p=107.695648 | r_c=8020.333028 | r_s=0.008639 | status=running
[DL Convergence] | phase=optimize | block=4 | epoch=75/120 | active_users=1 | updated_users=1 | objective=17.304407 | sum_rate=17.304407 | r_p=107.695595 | r_c=8600.247011 | r_s=0.009664 | status=running
[DL Convergence] | phase=optimize | block=4 | epoch=80/120 | active_users=1 | updated_users=1 | objective=17.304380 | sum_rate=17.304380 | r_p=107.695618 | r_c=9180.166249 | r_s=0.009460 | status=running
[DL Convergence] | phase=optimize | block=4 | epoch=85/120 | active_users=1 | updated_users=1 | objective=17.304283 | sum_rate=17.304283 | r_p=107.695717 | r_c=9760.092557 | r_s=0.010240 | status=running
[DL Convergence] | phase=optimize | block=4 | epoch=90/120 | active_users=1 | updated_users=1 | objective=17.304062 | sum_rate=17.304062 | r_p=107.695938 | r_c=1.034003e+04 | r_s=0.015933 | status=running
[DL Convergence] | phase=optimize | block=4 | epoch=95/120 | active_users=1 | updated_users=1 | objective=17.304319 | sum_rate=17.304319 | r_p=107.695679 | r_c=1.091993e+04 | r_s=0.009525 | status=running
[DL Convergence] | phase=optimize | block=4 | epoch=100/120 | active_users=1 | updated_users=1 | objective=17.304424 | sum_rate=17.304424 | r_p=107.695572 | r_c=1.149983e+04 | r_s=0.007326 | status=running
[DL Convergence] | phase=optimize | block=4 | epoch=105/120 | active_users=1 | updated_users=1 | objective=17.304478 | sum_rate=17.304478 | r_p=107.695526 | r_c=1.207974e+04 | r_s=0.006427 | status=running
[DL Convergence] | phase=optimize | block=4 | epoch=110/120 | active_users=1 | updated_users=1 | objective=17.304373 | sum_rate=17.304373 | r_p=107.695625 | r_c=1.265967e+04 | r_s=0.008895 | status=running
[DL Convergence] | phase=optimize | block=4 | epoch=115/120 | active_users=1 | updated_users=1 | objective=17.303871 | sum_rate=17.303871 | r_p=107.696129 | r_c=1.323965e+04 | r_s=0.021194 | status=running
[DL Convergence] | phase=optimize | block=4 | epoch=120/120 | active_users=1 | updated_users=1 | objective=17.304441 | sum_rate=17.304441 | r_p=107.695557 | r_c=1.381950e+04 | r_s=0.008910 | status=running
  user=00 block=04 candidate n_kl=   8 after updating users [0] still leaves committed users infeasible [0] at search_stage=fixed_step.
  user=00 block=04 candidate n_kl=   9 breaks committed-user feasibility [0] at search_stage=fixed_step; trying fresh re-optimization.
[DL Convergence] | phase=optimize | block=4 | epoch=1/120 | active_users=1 | updated_users=1 | objective=17.675472 | sum_rate=17.675472 | r_p=93.435638 | r_c=15.137062 | r_s=0.001230 | status=running
[DL Convergence] | phase=optimize | block=4 | epoch=5/120 | active_users=1 | updated_users=1 | objective=17.670958 | sum_rate=17.670958 | r_p=93.440155 | r_c=364.363893 | r_s=0.038359 | status=running
[DL Convergence] | phase=optimize | block=4 | epoch=10/120 | active_users=1 | updated_users=1 | objective=17.675047 | sum_rate=17.675047 | r_p=93.436066 | r_c=800.870486 | r_s=0.014732 | status=running
[DL Convergence] | phase=optimize | block=4 | epoch=15/120 | active_users=1 | updated_users=1 | objective=17.674740 | sum_rate=17.674740 | r_p=93.436371 | r_c=1237.390800 | r_s=0.015920 | status=running
[DL Convergence] | phase=optimize | block=4 | epoch=20/120 | active_users=1 | updated_users=1 | objective=17.675396 | sum_rate=17.675396 | r_p=93.435715 | r_c=1673.895319 | r_s=0.012248 | status=running
[DL Convergence] | phase=optimize | block=4 | epoch=25/120 | active_users=1 | updated_users=1 | objective=17.675177 | sum_rate=17.675177 | r_p=93.435936 | r_c=2110.412633 | r_s=0.014264 | status=running
[DL Convergence] | phase=optimize | block=4 | epoch=30/120 | active_users=1 | updated_users=1 | objective=17.675488 | sum_rate=17.675488 | r_p=93.435623 | r_c=2546.917649 | r_s=0.003543 | status=running
[DL Convergence] | phase=optimize | block=4 | epoch=35/120 | active_users=1 | updated_users=1 | objective=17.675283 | sum_rate=17.675283 | r_p=93.435829 | r_c=2983.436037 | r_s=0.014084 | status=running
[DL Convergence] | phase=optimize | block=4 | epoch=40/120 | active_users=1 | updated_users=1 | objective=17.675331 | sum_rate=17.675331 | r_p=93.435783 | r_c=3419.946514 | r_s=0.011105 | status=running
[DL Convergence] | phase=optimize | block=4 | epoch=45/120 | active_users=1 | updated_users=1 | objective=17.675459 | sum_rate=17.675459 | r_p=93.435654 | r_c=3856.453712 | r_s=0.009068 | status=running
[DL Convergence] | phase=optimize | block=4 | epoch=50/120 | active_users=1 | updated_users=1 | objective=17.675278 | sum_rate=17.675278 | r_p=93.435837 | r_c=4292.973258 | r_s=0.012291 | status=running
[DL Convergence] | phase=optimize | block=4 | epoch=55/120 | active_users=1 | updated_users=1 | objective=17.675510 | sum_rate=17.675510 | r_p=93.435608 | r_c=4729.474260 | r_s=0.005609 | status=running
[DL Convergence] | phase=optimize | block=4 | epoch=60/120 | active_users=1 | updated_users=1 | objective=17.675301 | sum_rate=17.675301 | r_p=93.435814 | r_c=5165.996569 | r_s=0.012196 | status=running
[DL Convergence] | phase=optimize | block=4 | epoch=65/120 | active_users=1 | updated_users=1 | objective=17.675507 | sum_rate=17.675507 | r_p=93.435608 | r_c=5602.496655 | r_s=0.006502 | status=running
[DL Convergence] | phase=optimize | block=4 | epoch=70/120 | active_users=1 | updated_users=1 | objective=17.675346 | sum_rate=17.675346 | r_p=93.435768 | r_c=6039.017808 | r_s=0.010472 | status=running
[DL Convergence] | phase=optimize | block=4 | epoch=75/120 | active_users=1 | updated_users=1 | objective=17.675476 | sum_rate=17.675476 | r_p=93.435638 | r_c=6475.521043 | r_s=0.008725 | status=running
[DL Convergence] | phase=optimize | block=4 | epoch=80/120 | active_users=1 | updated_users=1 | objective=17.675364 | sum_rate=17.675364 | r_p=93.435753 | r_c=6912.040329 | r_s=0.009291 | status=running
[DL Convergence] | phase=optimize | block=4 | epoch=85/120 | active_users=1 | updated_users=1 | objective=17.674801 | sum_rate=17.674801 | r_p=93.436310 | r_c=7348.597574 | r_s=0.021138 | status=running
[DL Convergence] | phase=optimize | block=4 | epoch=90/120 | active_users=1 | updated_users=1 | objective=17.675390 | sum_rate=17.675390 | r_p=93.435722 | r_c=7785.064379 | r_s=0.012601 | status=running
[DL Convergence] | phase=optimize | block=4 | epoch=95/120 | active_users=1 | updated_users=1 | objective=17.675346 | sum_rate=17.675346 | r_p=93.435768 | r_c=8221.580196 | r_s=0.008618 | status=running
[DL Convergence] | phase=optimize | block=4 | epoch=100/120 | active_users=1 | updated_users=1 | objective=17.675451 | sum_rate=17.675451 | r_p=93.435661 | r_c=8658.082173 | r_s=0.007112 | status=running
[DL Convergence] | phase=optimize | block=4 | epoch=105/120 | active_users=1 | updated_users=1 | objective=17.675491 | sum_rate=17.675491 | r_p=93.435623 | r_c=9094.589572 | r_s=0.006209 | status=running
[DL Convergence] | phase=optimize | block=4 | epoch=110/120 | active_users=1 | updated_users=1 | objective=17.675493 | sum_rate=17.675493 | r_p=93.435623 | r_c=9531.100313 | r_s=0.004950 | status=running
[DL Convergence] | phase=optimize | block=4 | epoch=115/120 | active_users=1 | updated_users=1 | objective=17.674809 | sum_rate=17.674809 | r_p=93.436310 | r_c=9967.684939 | r_s=0.018112 | status=running
[DL Convergence] | phase=optimize | block=4 | epoch=120/120 | active_users=1 | updated_users=1 | objective=17.675194 | sum_rate=17.675194 | r_p=93.435921 | r_c=1.040416e+04 | r_s=0.009135 | status=running
  user=00 block=04 candidate n_kl=   9 after updating users [0] still leaves committed users infeasible [0] at search_stage=fixed_step.
  user=00 block=04 candidate n_kl=  10 breaks committed-user feasibility [0] at search_stage=fixed_step; trying fresh re-optimization.
[DL Convergence] | phase=optimize | block=4 | epoch=1/120 | active_users=1 | updated_users=1 | objective=17.989338 | sum_rate=17.989338 | r_p=82.010666 | r_c=13.286157 | r_s=0.001234 | status=running
[DL Convergence] | phase=optimize | block=4 | epoch=5/120 | active_users=1 | updated_users=1 | objective=17.986252 | sum_rate=17.986252 | r_p=82.013748 | r_c=282.326866 | r_s=0.029866 | status=running
[DL Convergence] | phase=optimize | block=4 | epoch=10/120 | active_users=1 | updated_users=1 | objective=17.989063 | sum_rate=17.989063 | r_p=82.010941 | r_c=618.611837 | r_s=0.016742 | status=running
[DL Convergence] | phase=optimize | block=4 | epoch=15/120 | active_users=1 | updated_users=1 | objective=17.988964 | sum_rate=17.988964 | r_p=82.011032 | r_c=954.903548 | r_s=0.009425 | status=running
[DL Convergence] | phase=optimize | block=4 | epoch=20/120 | active_users=1 | updated_users=1 | objective=17.989027 | sum_rate=17.989027 | r_p=82.010971 | r_c=1291.192580 | r_s=0.009463 | status=running
[DL Convergence] | phase=optimize | block=4 | epoch=25/120 | active_users=1 | updated_users=1 | objective=17.989246 | sum_rate=17.989246 | r_p=82.010757 | r_c=1627.477515 | r_s=0.005404 | status=running
[DL Convergence] | phase=optimize | block=4 | epoch=30/120 | active_users=1 | updated_users=1 | objective=17.988981 | sum_rate=17.988981 | r_p=82.011017 | r_c=1963.771756 | r_s=0.013018 | status=running
[DL Convergence] | phase=optimize | block=4 | epoch=35/120 | active_users=1 | updated_users=1 | objective=17.987606 | sum_rate=17.987606 | r_p=82.012390 | r_c=2300.104288 | r_s=0.024667 | status=running
[DL Convergence] | phase=optimize | block=4 | epoch=40/120 | active_users=1 | updated_users=1 | objective=17.988531 | sum_rate=17.988531 | r_p=82.011467 | r_c=2636.372033 | r_s=0.015004 | status=running
[DL Convergence] | phase=optimize | block=4 | epoch=45/120 | active_users=1 | updated_users=1 | objective=17.989098 | sum_rate=17.989098 | r_p=82.010902 | r_c=2972.643633 | r_s=0.012352 | status=running
[DL Convergence] | phase=optimize | block=4 | epoch=50/120 | active_users=1 | updated_users=1 | objective=17.989296 | sum_rate=17.989296 | r_p=82.010704 | r_c=3308.924579 | r_s=0.006532 | status=running
[DL Convergence] | phase=optimize | block=4 | epoch=55/120 | active_users=1 | updated_users=1 | objective=17.989330 | sum_rate=17.989330 | r_p=82.010666 | r_c=3645.210624 | r_s=0.004410 | status=running
[DL Convergence] | phase=optimize | block=4 | epoch=60/120 | active_users=1 | updated_users=1 | objective=17.989357 | sum_rate=17.989357 | r_p=82.010643 | r_c=3981.496910 | r_s=0.004099 | status=running
[DL Convergence] | phase=optimize | block=4 | epoch=65/120 | active_users=1 | updated_users=1 | objective=17.989384 | sum_rate=17.989384 | r_p=82.010620 | r_c=4317.782915 | r_s=0.003538 | status=running
[DL Convergence] | phase=optimize | block=4 | epoch=70/120 | active_users=1 | updated_users=1 | objective=17.989391 | sum_rate=17.989391 | r_p=82.010605 | r_c=4654.069096 | r_s=0.003423 | status=running
[DL Convergence] | phase=optimize | block=4 | epoch=75/120 | active_users=1 | updated_users=1 | objective=17.989399 | sum_rate=17.989399 | r_p=82.010605 | r_c=4990.356036 | r_s=0.002710 | status=running
[DL Convergence] | phase=optimize | block=4 | epoch=80/120 | active_users=1 | updated_users=1 | objective=17.989395 | sum_rate=17.989395 | r_p=82.010605 | r_c=5326.642983 | r_s=0.003132 | status=running
[DL Convergence] | phase=optimize | block=4 | epoch=85/120 | active_users=1 | updated_users=1 | objective=17.988565 | sum_rate=17.988565 | r_p=82.011436 | r_c=5662.987878 | r_s=0.018304 | status=running
[DL Convergence] | phase=optimize | block=4 | epoch=90/120 | active_users=1 | updated_users=1 | objective=17.988834 | sum_rate=17.988834 | r_p=82.011169 | r_c=5999.261555 | r_s=0.011671 | status=running
[DL Convergence] | phase=optimize | block=4 | epoch=95/120 | active_users=1 | updated_users=1 | objective=17.989231 | sum_rate=17.989231 | r_p=82.010773 | r_c=6335.521582 | r_s=0.012219 | status=running
[DL Convergence] | phase=optimize | block=4 | epoch=100/120 | active_users=1 | updated_users=1 | objective=17.989294 | sum_rate=17.989294 | r_p=82.010704 | r_c=6671.804163 | r_s=0.005377 | status=running
[DL Convergence] | phase=optimize | block=4 | epoch=105/120 | active_users=1 | updated_users=1 | objective=17.989342 | sum_rate=17.989342 | r_p=82.010658 | r_c=7008.087955 | r_s=0.007042 | status=running
[DL Convergence] | phase=optimize | block=4 | epoch=110/120 | active_users=1 | updated_users=1 | objective=17.989395 | sum_rate=17.989395 | r_p=82.010605 | r_c=7344.370495 | r_s=0.002935 | status=running
[DL Convergence] | phase=optimize | block=4 | epoch=115/120 | active_users=1 | updated_users=1 | objective=17.989374 | sum_rate=17.989374 | r_p=82.010628 | r_c=7680.659635 | r_s=0.004271 | status=running
[DL Convergence] | phase=optimize | block=4 | epoch=120/120 | active_users=1 | updated_users=1 | objective=17.989399 | sum_rate=17.989399 | r_p=82.010605 | r_c=8016.944469 | r_s=0.003585 | status=running
  user=00 block=04 candidate n_kl=  10 after updating users [0] still leaves committed users infeasible [0] at search_stage=fixed_step.
  user=00 block=04 candidate n_kl=  11 breaks committed-user feasibility [0] at search_stage=fixed_step; trying fresh re-optimization.
[DL Convergence] | phase=optimize | block=4 | epoch=1/120 | active_users=1 | updated_users=1 | objective=18.259365 | sum_rate=18.259365 | r_p=72.649719 | r_c=11.769635 | r_s=0.001238 | status=running
[DL Convergence] | phase=optimize | block=4 | epoch=5/120 | active_users=1 | updated_users=1 | objective=18.257473 | sum_rate=18.257473 | r_p=72.651611 | r_c=222.894725 | r_s=0.022437 | status=running
[DL Convergence] | phase=optimize | block=4 | epoch=10/120 | active_users=1 | updated_users=1 | objective=18.258944 | sum_rate=18.258944 | r_p=72.650146 | r_c=486.794620 | r_s=0.015693 | status=running
[DL Convergence] | phase=optimize | block=4 | epoch=15/120 | active_users=1 | updated_users=1 | objective=18.259239 | sum_rate=18.259239 | r_p=72.649849 | r_c=750.693546 | r_s=0.012505 | status=running
[DL Convergence] | phase=optimize | block=4 | epoch=20/120 | active_users=1 | updated_users=1 | objective=18.259281 | sum_rate=18.259281 | r_p=72.649811 | r_c=1014.593146 | r_s=0.010944 | status=running
[DL Convergence] | phase=optimize | block=4 | epoch=25/120 | active_users=1 | updated_users=1 | objective=18.259077 | sum_rate=18.259077 | r_p=72.650009 | r_c=1278.496399 | r_s=0.012544 | status=running
[DL Convergence] | phase=optimize | block=4 | epoch=30/120 | active_users=1 | updated_users=1 | objective=18.259361 | sum_rate=18.259361 | r_p=72.649727 | r_c=1542.392323 | r_s=0.006482 | status=running
[DL Convergence] | phase=optimize | block=4 | epoch=35/120 | active_users=1 | updated_users=1 | objective=18.259302 | sum_rate=18.259302 | r_p=72.649788 | r_c=1806.293696 | r_s=0.007184 | status=running
[DL Convergence] | phase=optimize | block=4 | epoch=40/120 | active_users=1 | updated_users=1 | objective=18.259224 | sum_rate=18.259224 | r_p=72.649864 | r_c=2070.195576 | r_s=0.011122 | status=running
[DL Convergence] | phase=optimize | block=4 | epoch=45/120 | active_users=1 | updated_users=1 | objective=18.259344 | sum_rate=18.259344 | r_p=72.649742 | r_c=2334.091422 | r_s=0.005357 | status=running
[DL Convergence] | phase=optimize | block=4 | epoch=50/120 | active_users=1 | updated_users=1 | objective=18.259361 | sum_rate=18.259361 | r_p=72.649727 | r_c=2597.990183 | r_s=0.007749 | status=running
[DL Convergence] | phase=optimize | block=4 | epoch=55/120 | active_users=1 | updated_users=1 | objective=18.259426 | sum_rate=18.259426 | r_p=72.649658 | r_c=2861.886497 | r_s=0.003939 | status=running
[DL Convergence] | phase=optimize | block=4 | epoch=60/120 | active_users=1 | updated_users=1 | objective=18.258512 | sum_rate=18.258512 | r_p=72.650574 | r_c=3125.824929 | r_s=0.019840 | status=running
[DL Convergence] | phase=optimize | block=4 | epoch=65/120 | active_users=1 | updated_users=1 | objective=18.258381 | sum_rate=18.258381 | r_p=72.650711 | r_c=3389.736968 | r_s=0.020718 | status=running
[DL Convergence] | phase=optimize | block=4 | epoch=70/120 | active_users=1 | updated_users=1 | objective=18.259087 | sum_rate=18.259087 | r_p=72.650002 | r_c=3653.605491 | r_s=0.007636 | status=running
[DL Convergence] | phase=optimize | block=4 | epoch=75/120 | active_users=1 | updated_users=1 | objective=18.259350 | sum_rate=18.259350 | r_p=72.649734 | r_c=3917.491890 | r_s=0.003550 | status=running
[DL Convergence] | phase=optimize | block=4 | epoch=80/120 | active_users=1 | updated_users=1 | objective=18.259430 | sum_rate=18.259430 | r_p=72.649658 | r_c=4181.386895 | r_s=0.005098 | status=running
[DL Convergence] | phase=optimize | block=4 | epoch=85/120 | active_users=1 | updated_users=1 | objective=18.259424 | sum_rate=18.259424 | r_p=72.649666 | r_c=4445.286220 | r_s=0.005510 | status=running
[DL Convergence] | phase=optimize | block=4 | epoch=90/120 | active_users=1 | updated_users=1 | objective=18.259398 | sum_rate=18.259398 | r_p=72.649689 | r_c=4709.186484 | r_s=0.005463 | status=running
[DL Convergence] | phase=optimize | block=4 | epoch=95/120 | active_users=1 | updated_users=1 | objective=18.259403 | sum_rate=18.259403 | r_p=72.649689 | r_c=4973.085292 | r_s=0.003722 | status=running
[DL Convergence] | phase=optimize | block=4 | epoch=100/120 | active_users=1 | updated_users=1 | objective=18.259371 | sum_rate=18.259371 | r_p=72.649719 | r_c=5236.986328 | r_s=0.006259 | status=running
[DL Convergence] | phase=optimize | block=4 | epoch=105/120 | active_users=1 | updated_users=1 | objective=18.259224 | sum_rate=18.259224 | r_p=72.649864 | r_c=5500.896866 | r_s=0.011888 | status=running
[DL Convergence] | phase=optimize | block=4 | epoch=110/120 | active_users=1 | updated_users=1 | objective=18.259293 | sum_rate=18.259293 | r_p=72.649796 | r_c=5764.791145 | r_s=0.008439 | status=running
[DL Convergence] | phase=optimize | block=4 | epoch=115/120 | active_users=1 | updated_users=1 | objective=18.259346 | sum_rate=18.259346 | r_p=72.649742 | r_c=6028.686081 | r_s=0.005781 | status=running
[DL Convergence] | phase=optimize | block=4 | epoch=120/120 | active_users=1 | updated_users=1 | objective=18.259413 | sum_rate=18.259413 | r_p=72.649673 | r_c=6292.579242 | r_s=0.003321 | status=running
  user=00 block=04 candidate n_kl=  11 after updating users [0] still leaves committed users infeasible [0] at search_stage=fixed_step.
  user=00 block=04 candidate n_kl=  12 breaks committed-user feasibility [0] at search_stage=fixed_step; trying fresh re-optimization.
[DL Convergence] | phase=optimize | block=4 | epoch=1/120 | active_users=1 | updated_users=1 | objective=18.494892 | sum_rate=18.494892 | r_p=64.838440 | r_c=10.504167 | r_s=0.001241 | status=running
[DL Convergence] | phase=optimize | block=4 | epoch=5/120 | active_users=1 | updated_users=1 | objective=18.494076 | sum_rate=18.494076 | r_p=64.839264 | r_c=178.667349 | r_s=0.014743 | status=running
[DL Convergence] | phase=optimize | block=4 | epoch=10/120 | active_users=1 | updated_users=1 | objective=18.494236 | sum_rate=18.494236 | r_p=64.839096 | r_c=388.875293 | r_s=0.015964 | status=running
[DL Convergence] | phase=optimize | block=4 | epoch=15/120 | active_users=1 | updated_users=1 | objective=18.494816 | sum_rate=18.494816 | r_p=64.838516 | r_c=599.075404 | r_s=0.010887 | status=running
[DL Convergence] | phase=optimize | block=4 | epoch=20/120 | active_users=1 | updated_users=1 | objective=18.494900 | sum_rate=18.494900 | r_p=64.838440 | r_c=809.276903 | r_s=0.006755 | status=running
[DL Convergence] | phase=optimize | block=4 | epoch=25/120 | active_users=1 | updated_users=1 | objective=18.494881 | sum_rate=18.494881 | r_p=64.838455 | r_c=1019.478743 | r_s=0.007435 | status=running
[DL Convergence] | phase=optimize | block=4 | epoch=30/120 | active_users=1 | updated_users=1 | objective=18.494860 | sum_rate=18.494860 | r_p=64.838478 | r_c=1229.680599 | r_s=0.010235 | status=running
[DL Convergence] | phase=optimize | block=4 | epoch=35/120 | active_users=1 | updated_users=1 | objective=18.494942 | sum_rate=18.494942 | r_p=64.838394 | r_c=1439.880053 | r_s=0.003685 | status=running
[DL Convergence] | phase=optimize | block=4 | epoch=40/120 | active_users=1 | updated_users=1 | objective=18.494856 | sum_rate=18.494856 | r_p=64.838478 | r_c=1650.083225 | r_s=0.007266 | status=running
[DL Convergence] | phase=optimize | block=4 | epoch=45/120 | active_users=1 | updated_users=1 | objective=18.494442 | sum_rate=18.494442 | r_p=64.838898 | r_c=1860.297310 | r_s=0.016676 | status=running
[DL Convergence] | phase=optimize | block=4 | epoch=50/120 | active_users=1 | updated_users=1 | objective=18.494574 | sum_rate=18.494574 | r_p=64.838760 | r_c=2070.496375 | r_s=0.014283 | status=running
[DL Convergence] | phase=optimize | block=4 | epoch=55/120 | active_users=1 | updated_users=1 | objective=18.494869 | sum_rate=18.494869 | r_p=64.838470 | r_c=2280.688781 | r_s=0.009130 | status=running
[DL Convergence] | phase=optimize | block=4 | epoch=60/120 | active_users=1 | updated_users=1 | objective=18.494892 | sum_rate=18.494892 | r_p=64.838440 | r_c=2490.888932 | r_s=0.005057 | status=running
[DL Convergence] | phase=optimize | block=4 | epoch=65/120 | active_users=1 | updated_users=1 | objective=18.494896 | sum_rate=18.494896 | r_p=64.838440 | r_c=2701.090091 | r_s=0.006679 | status=running
[DL Convergence] | phase=optimize | block=4 | epoch=70/120 | active_users=1 | updated_users=1 | objective=18.494921 | sum_rate=18.494921 | r_p=64.838417 | r_c=2911.290110 | r_s=0.005884 | status=running
[DL Convergence] | phase=optimize | block=4 | epoch=75/120 | active_users=1 | updated_users=1 | objective=18.494364 | sum_rate=18.494364 | r_p=64.838974 | r_c=3121.518127 | r_s=0.016854 | status=running
[DL Convergence] | phase=optimize | block=4 | epoch=80/120 | active_users=1 | updated_users=1 | objective=18.494347 | sum_rate=18.494347 | r_p=64.838989 | r_c=3331.724122 | r_s=0.012696 | status=running
[DL Convergence] | phase=optimize | block=4 | epoch=85/120 | active_users=1 | updated_users=1 | objective=18.494917 | sum_rate=18.494917 | r_p=64.838417 | r_c=3541.896982 | r_s=0.010514 | status=running
[DL Convergence] | phase=optimize | block=4 | epoch=90/120 | active_users=1 | updated_users=1 | objective=18.494793 | sum_rate=18.494793 | r_p=64.838547 | r_c=3752.105920 | r_s=0.011533 | status=running
[DL Convergence] | phase=optimize | block=4 | epoch=95/120 | active_users=1 | updated_users=1 | objective=18.494816 | sum_rate=18.494816 | r_p=64.838516 | r_c=3962.305675 | r_s=0.007332 | status=running
[DL Convergence] | phase=optimize | block=4 | epoch=100/120 | active_users=1 | updated_users=1 | objective=18.494909 | sum_rate=18.494909 | r_p=64.838425 | r_c=4172.501180 | r_s=0.002922 | status=running
[DL Convergence] | phase=optimize | block=4 | epoch=105/120 | active_users=1 | updated_users=1 | objective=18.494968 | sum_rate=18.494968 | r_p=64.838364 | r_c=4382.698066 | r_s=0.002536 | status=running
[DL Convergence] | phase=optimize | block=4 | epoch=110/120 | active_users=1 | updated_users=1 | objective=18.494951 | sum_rate=18.494951 | r_p=64.838387 | r_c=4592.900421 | r_s=0.004170 | status=running
[DL Convergence] | phase=optimize | block=4 | epoch=115/120 | active_users=1 | updated_users=1 | objective=18.494951 | sum_rate=18.494951 | r_p=64.838387 | r_c=4803.101210 | r_s=0.002537 | status=running
[DL Convergence] | phase=optimize | block=4 | epoch=120/120 | active_users=1 | updated_users=1 | objective=18.494698 | sum_rate=18.494698 | r_p=64.838638 | r_c=5013.321604 | r_s=0.010408 | status=running
  user=00 block=04 candidate n_kl=  12 after updating users [0] still leaves committed users infeasible [0] at search_stage=fixed_step.
  user=00 block=04 candidate n_kl=  13 breaks committed-user feasibility [0] at search_stage=fixed_step; trying fresh re-optimization.
[DL Convergence] | phase=optimize | block=4 | epoch=1/120 | active_users=1 | updated_users=1 | objective=18.702694 | sum_rate=18.702694 | r_p=58.220387 | r_c=9.432007 | r_s=0.001244 | status=running
[DL Convergence] | phase=optimize | block=4 | epoch=5/120 | active_users=1 | updated_users=1 | objective=18.702484 | sum_rate=18.702484 | r_p=58.220596 | r_c=145.017028 | r_s=0.008061 | status=running
[DL Convergence] | phase=optimize | block=4 | epoch=10/120 | active_users=1 | updated_users=1 | objective=18.700937 | sum_rate=18.700937 | r_p=58.222145 | r_c=314.514453 | r_s=0.015795 | status=running
[DL Convergence] | phase=optimize | block=4 | epoch=15/120 | active_users=1 | updated_users=1 | objective=18.701801 | sum_rate=18.701801 | r_p=58.221279 | r_c=483.996214 | r_s=0.007154 | status=running
[DL Convergence] | phase=optimize | block=4 | epoch=20/120 | active_users=1 | updated_users=1 | objective=18.702499 | sum_rate=18.702499 | r_p=58.220581 | r_c=653.473211 | r_s=0.009101 | status=running
[DL Convergence] | phase=optimize | block=4 | epoch=25/120 | active_users=1 | updated_users=1 | objective=18.702534 | sum_rate=18.702534 | r_p=58.220547 | r_c=822.954570 | r_s=0.008568 | status=running
[DL Convergence] | phase=optimize | block=4 | epoch=30/120 | active_users=1 | updated_users=1 | objective=18.702667 | sum_rate=18.702667 | r_p=58.220413 | r_c=992.433727 | r_s=0.007046 | status=running
[DL Convergence] | phase=optimize | block=4 | epoch=35/120 | active_users=1 | updated_users=1 | objective=18.702675 | sum_rate=18.702675 | r_p=58.220406 | r_c=1161.914380 | r_s=0.005769 | status=running
[DL Convergence] | phase=optimize | block=4 | epoch=40/120 | active_users=1 | updated_users=1 | objective=18.702717 | sum_rate=18.702717 | r_p=58.220364 | r_c=1331.394131 | r_s=0.003482 | status=running
[DL Convergence] | phase=optimize | block=4 | epoch=45/120 | active_users=1 | updated_users=1 | objective=18.702360 | sum_rate=18.702360 | r_p=58.220718 | r_c=1500.883867 | r_s=0.013282 | status=running
[DL Convergence] | phase=optimize | block=4 | epoch=50/120 | active_users=1 | updated_users=1 | objective=18.702200 | sum_rate=18.702200 | r_p=58.220879 | r_c=1670.371679 | r_s=0.011681 | status=running
[DL Convergence] | phase=optimize | block=4 | epoch=55/120 | active_users=1 | updated_users=1 | objective=18.702732 | sum_rate=18.702732 | r_p=58.220348 | r_c=1839.837831 | r_s=0.010372 | status=running
[DL Convergence] | phase=optimize | block=4 | epoch=60/120 | active_users=1 | updated_users=1 | objective=18.702599 | sum_rate=18.702599 | r_p=58.220482 | r_c=2009.323116 | r_s=0.008570 | status=running
[DL Convergence] | phase=optimize | block=4 | epoch=65/120 | active_users=1 | updated_users=1 | objective=18.702740 | sum_rate=18.702740 | r_p=58.220341 | r_c=2178.798848 | r_s=0.005285 | status=running
[DL Convergence] | phase=optimize | block=4 | epoch=70/120 | active_users=1 | updated_users=1 | objective=18.702732 | sum_rate=18.702732 | r_p=58.220348 | r_c=2348.279598 | r_s=0.003557 | status=running
[DL Convergence] | phase=optimize | block=4 | epoch=75/120 | active_users=1 | updated_users=1 | objective=18.702724 | sum_rate=18.702724 | r_p=58.220356 | r_c=2517.760356 | r_s=0.004502 | status=running
[DL Convergence] | phase=optimize | block=4 | epoch=80/120 | active_users=1 | updated_users=1 | objective=18.702740 | sum_rate=18.702740 | r_p=58.220341 | r_c=2687.240077 | r_s=0.004020 | status=running
[DL Convergence] | phase=optimize | block=4 | epoch=85/120 | active_users=1 | updated_users=1 | objective=18.702766 | sum_rate=18.702766 | r_p=58.220314 | r_c=2856.719126 | r_s=0.001785 | status=running
[DL Convergence] | phase=optimize | block=4 | epoch=90/120 | active_users=1 | updated_users=1 | objective=18.702700 | sum_rate=18.702700 | r_p=58.220383 | r_c=3026.202997 | r_s=0.006114 | status=running
[DL Convergence] | phase=optimize | block=4 | epoch=95/120 | active_users=1 | updated_users=1 | objective=18.702301 | sum_rate=18.702301 | r_p=58.220779 | r_c=3195.705781 | r_s=0.016048 | status=running
[DL Convergence] | phase=optimize | block=4 | epoch=100/120 | active_users=1 | updated_users=1 | objective=18.702602 | sum_rate=18.702602 | r_p=58.220478 | r_c=3365.170669 | r_s=0.007859 | status=running
[DL Convergence] | phase=optimize | block=4 | epoch=105/120 | active_users=1 | updated_users=1 | objective=18.702633 | sum_rate=18.702633 | r_p=58.220448 | r_c=3534.649913 | r_s=0.007555 | status=running
[DL Convergence] | phase=optimize | block=4 | epoch=110/120 | active_users=1 | updated_users=1 | objective=18.702557 | sum_rate=18.702557 | r_p=58.220524 | r_c=3704.135853 | r_s=0.010892 | status=running
[DL Convergence] | phase=optimize | block=4 | epoch=115/120 | active_users=1 | updated_users=1 | objective=18.702650 | sum_rate=18.702650 | r_p=58.220428 | r_c=3873.610689 | r_s=0.007529 | status=running
[DL Convergence] | phase=optimize | block=4 | epoch=120/120 | active_users=1 | updated_users=1 | objective=18.702702 | sum_rate=18.702702 | r_p=58.220379 | r_c=4043.088002 | r_s=0.005637 | status=running
  user=00 block=04 candidate n_kl=  13 after updating users [0] still leaves committed users infeasible [0] at search_stage=fixed_step.
  user=00 block=04 candidate n_kl=  14 breaks committed-user feasibility [0] at search_stage=fixed_step; trying fresh re-optimization.
[DL Convergence] | phase=optimize | block=4 | epoch=1/120 | active_users=1 | updated_users=1 | objective=18.887810 | sum_rate=18.887810 | r_p=52.540764 | r_c=8.511879 | r_s=0.001247 | status=running
[DL Convergence] | phase=optimize | block=4 | epoch=3/120 | active_users=1 | updated_users=1 | objective=18.887835 | sum_rate=18.887835 | r_p=52.540741 | r_c=63.722482 | r_s=9.720601e-04 | status=stationary_infeasible
  user=00 block=04 candidate n_kl=  14 after updating users [0] still leaves committed users infeasible [0] at search_stage=fixed_step.
  user=00 block=04 candidate n_kl=  15 breaks committed-user feasibility [0] at search_stage=fixed_step; trying fresh re-optimization.
[DL Convergence] | phase=optimize | block=4 | epoch=1/120 | active_users=1 | updated_users=1 | objective=19.054092 | sum_rate=19.054092 | r_p=47.612572 | r_c=7.713486 | r_s=0.001249 | status=running
[DL Convergence] | phase=optimize | block=4 | epoch=3/120 | active_users=1 | updated_users=1 | objective=19.054119 | sum_rate=19.054119 | r_p=47.612545 | r_c=53.052590 | r_s=9.051049e-04 | status=stationary_infeasible
  user=00 block=04 candidate n_kl=  15 after updating users [0] still leaves committed users infeasible [0] at search_stage=fixed_step.
  user=00 block=04 candidate n_kl=  16 breaks committed-user feasibility [0] at search_stage=fixed_step; trying fresh re-optimization.
[DL Convergence] | phase=optimize | block=4 | epoch=1/120 | active_users=1 | updated_users=1 | objective=19.204533 | sum_rate=19.204533 | r_p=43.295467 | r_c=7.014092 | r_s=0.001252 | status=running
[DL Convergence] | phase=optimize | block=4 | epoch=3/120 | active_users=1 | updated_users=1 | objective=19.204559 | sum_rate=19.204559 | r_p=43.295441 | r_c=44.504010 | r_s=8.681403e-04 | status=stationary_infeasible
  user=00 block=04 candidate n_kl=  16 after updating users [0] still leaves committed users infeasible [0] at search_stage=fixed_step.
  user=00 block=04 candidate n_kl=  17 breaks committed-user feasibility [0] at search_stage=fixed_step; trying fresh re-optimization.
[DL Convergence] | phase=optimize | block=4 | epoch=1/120 | active_users=1 | updated_users=1 | objective=19.341494 | sum_rate=19.341494 | r_p=39.482033 | r_c=6.396296 | r_s=0.001254 | status=running
[DL Convergence] | phase=optimize | block=4 | epoch=2/120 | active_users=1 | updated_users=1 | objective=19.341505 | sum_rate=19.341505 | r_p=39.482025 | r_c=21.984601 | r_s=9.939211e-04 | status=stationary_infeasible
  user=00 block=04 candidate n_kl=  17 after updating users [0] still leaves committed users infeasible [0] at search_stage=fixed_step.
  user=00 block=04 candidate n_kl=  18 breaks committed-user feasibility [0] at search_stage=fixed_step; trying fresh re-optimization.
[DL Convergence] | phase=optimize | block=4 | epoch=1/120 | active_users=1 | updated_users=1 | objective=19.466877 | sum_rate=19.466877 | r_p=36.088680 | r_c=5.846555 | r_s=0.001256 | status=running
[DL Convergence] | phase=optimize | block=4 | epoch=2/120 | active_users=1 | updated_users=1 | objective=19.466888 | sum_rate=19.466888 | r_p=36.088669 | r_c=18.870478 | r_s=9.807526e-04 | status=stationary_infeasible
  user=00 block=04 candidate n_kl=  18 after updating users [0] still leaves committed users infeasible [0] at search_stage=fixed_step.
  user=00 block=04 candidate n_kl=  19 breaks committed-user feasibility [0] at search_stage=fixed_step; trying fresh re-optimization.
[DL Convergence] | phase=optimize | block=4 | epoch=1/120 | active_users=1 | updated_users=1 | objective=19.582228 | sum_rate=19.582228 | r_p=33.049355 | r_c=5.354168 | r_s=0.001257 | status=running
[DL Convergence] | phase=optimize | block=4 | epoch=2/120 | active_users=1 | updated_users=1 | objective=19.582237 | sum_rate=19.582237 | r_p=33.049343 | r_c=16.276761 | r_s=9.691012e-04 | status=stationary_infeasible
  user=00 block=04 candidate n_kl=  19 after updating users [0] still leaves committed users infeasible [0] at search_stage=fixed_step.
  user=00 block=04 candidate n_kl=  20 breaks committed-user feasibility [0] at search_stage=fixed_step; trying fresh re-optimization.
[DL Convergence] | phase=optimize | block=4 | epoch=1/120 | active_users=1 | updated_users=1 | objective=19.688814 | sum_rate=19.688814 | r_p=30.311186 | r_c=4.910571 | r_s=0.001259 | status=running
[DL Convergence] | phase=optimize | block=4 | epoch=2/120 | active_users=1 | updated_users=1 | objective=19.688824 | sum_rate=19.688824 | r_p=30.311176 | r_c=14.098246 | r_s=9.588819e-04 | status=stationary_infeasible
  user=00 block=04 candidate n_kl=  20 after updating users [0] still leaves committed users infeasible [0] at search_stage=fixed_step.
  user=00 block=04 candidate n_kl=  21 breaks committed-user feasibility [0] at search_stage=fixed_step; trying fresh re-optimization.
[DL Convergence] | phase=optimize | block=4 | epoch=1/120 | active_users=1 | updated_users=1 | objective=19.787693 | sum_rate=19.787693 | r_p=27.831356 | r_c=4.508825 | r_s=0.001260 | status=running
[DL Convergence] | phase=optimize | block=4 | epoch=2/120 | active_users=1 | updated_users=1 | objective=19.787703 | sum_rate=19.787703 | r_p=27.831347 | r_c=12.254665 | r_s=9.497083e-04 | status=stationary_infeasible
  user=00 block=04 candidate n_kl=  21 after updating users [0] still leaves committed users infeasible [0] at search_stage=fixed_step.
  user=00 block=04 candidate n_kl=  22 breaks committed-user feasibility [0] at search_stage=fixed_step; trying fresh re-optimization.
[DL Convergence] | phase=optimize | block=4 | epoch=1/120 | active_users=1 | updated_users=1 | objective=19.879753 | sum_rate=19.879753 | r_p=25.574791 | r_c=4.143250 | r_s=0.001262 | status=running
[DL Convergence] | phase=optimize | block=4 | epoch=2/120 | active_users=1 | updated_users=1 | objective=19.879763 | sum_rate=19.879763 | r_p=25.574781 | r_c=10.683945 | r_s=9.417089e-04 | status=stationary_infeasible
  user=00 block=04 candidate n_kl=  22 after updating users [0] still leaves committed users infeasible [0] at search_stage=fixed_step.
  user=00 block=04 candidate n_kl=  23 breaks committed-user feasibility [0] at search_stage=fixed_step; trying fresh re-optimization.
[DL Convergence] | phase=optimize | block=4 | epoch=1/120 | active_users=1 | updated_users=1 | objective=19.965742 | sum_rate=19.965742 | r_p=23.512518 | r_c=3.809151 | r_s=0.001263 | status=running
[DL Convergence] | phase=optimize | block=4 | epoch=2/120 | active_users=1 | updated_users=1 | objective=19.965750 | sum_rate=19.965750 | r_p=23.512510 | r_c=9.337533 | r_s=9.344625e-04 | status=stationary_infeasible
  user=00 block=04 candidate n_kl=  23 after updating users [0] still leaves committed users infeasible [0] at search_stage=fixed_step.
  user=00 block=04 candidate n_kl=  24 breaks committed-user feasibility [0] at search_stage=fixed_step; trying fresh re-optimization.
[DL Convergence] | phase=optimize | block=4 | epoch=1/120 | active_users=1 | updated_users=1 | objective=20.046295 | sum_rate=20.046295 | r_p=21.620373 | r_c=3.502614 | r_s=0.001264 | status=running
[DL Convergence] | phase=optimize | block=4 | epoch=2/120 | active_users=1 | updated_users=1 | objective=20.046305 | sum_rate=20.046305 | r_p=21.620363 | r_c=8.177015 | r_s=9.279037e-04 | status=stationary_infeasible
  user=00 block=04 candidate n_kl=  24 after updating users [0] still leaves committed users infeasible [0] at search_stage=fixed_step.
  user=00 block=04 candidate n_kl=  25 breaks committed-user feasibility [0] at search_stage=fixed_step; trying fresh re-optimization.
[DL Convergence] | phase=optimize | block=4 | epoch=1/120 | active_users=1 | updated_users=1 | objective=20.121967 | sum_rate=20.121967 | r_p=19.878033 | r_c=3.220345 | r_s=0.001265 | status=running
[DL Convergence] | phase=optimize | block=4 | epoch=2/120 | active_users=1 | updated_users=1 | objective=20.121979 | sum_rate=20.121979 | r_p=19.878021 | r_c=7.171703 | r_s=9.219318e-04 | status=stationary_infeasible
  user=00 block=04 candidate n_kl=  25 after updating users [0] still leaves committed users infeasible [0] at search_stage=fixed_step.
  user=00 block=04 candidate n_kl=  26 breaks committed-user feasibility [0] at search_stage=fixed_step; trying fresh re-optimization.
[DL Convergence] | phase=optimize | block=4 | epoch=1/120 | active_users=1 | updated_users=1 | objective=20.193232 | sum_rate=20.193232 | r_p=18.268309 | r_c=2.959562 | r_s=0.001267 | status=running
[DL Convergence] | phase=optimize | block=4 | epoch=2/120 | active_users=1 | updated_users=1 | objective=20.193241 | sum_rate=20.193241 | r_p=18.268299 | r_c=6.296869 | r_s=9.165988e-04 | status=stationary_infeasible
  user=00 block=04 candidate n_kl=  26 after updating users [0] still leaves committed users infeasible [0] at search_stage=fixed_step.
  user=00 block=04 candidate n_kl=  27 breaks committed-user feasibility [0] at search_stage=fixed_step; trying fresh re-optimization.
[DL Convergence] | phase=optimize | block=4 | epoch=1/120 | active_users=1 | updated_users=1 | objective=20.260500 | sum_rate=20.260500 | r_p=16.776537 | r_c=2.717887 | r_s=0.001268 | status=running
[DL Convergence] | phase=optimize | block=4 | epoch=2/120 | active_users=1 | updated_users=1 | objective=20.260509 | sum_rate=20.260509 | r_p=16.776527 | r_c=5.532406 | r_s=9.116919e-04 | status=stationary_infeasible
  user=00 block=04 candidate n_kl=  27 after updating users [0] still leaves committed users infeasible [0] at search_stage=fixed_step.
  user=00 block=04 candidate n_kl=  28 breaks committed-user feasibility [0] at search_stage=fixed_step; trying fresh re-optimization.
[DL Convergence] | phase=optimize | block=4 | epoch=1/120 | active_users=1 | updated_users=1 | objective=20.324131 | sum_rate=20.324131 | r_p=15.390156 | r_c=2.493286 | r_s=0.001269 | status=running
[DL Convergence] | phase=optimize | block=4 | epoch=2/120 | active_users=1 | updated_users=1 | objective=20.324141 | sum_rate=20.324141 | r_p=15.390146 | r_c=4.861852 | r_s=9.072382e-04 | status=stationary_infeasible
  user=00 block=04 candidate n_kl=  28 after updating users [0] still leaves committed users infeasible [0] at search_stage=fixed_step.
  user=00 block=04 candidate n_kl=  29 breaks committed-user feasibility [0] at search_stage=fixed_step; trying fresh re-optimization.
[DL Convergence] | phase=optimize | block=4 | epoch=1/120 | active_users=1 | updated_users=1 | objective=20.384441 | sum_rate=20.384441 | r_p=14.098316 | r_c=2.284001 | r_s=0.001270 | status=running
[DL Convergence] | phase=optimize | block=4 | epoch=2/120 | active_users=1 | updated_users=1 | objective=20.384451 | sum_rate=20.384451 | r_p=14.098307 | r_c=4.271623 | r_s=9.031591e-04 | status=stationary_infeasible
  user=00 block=04 candidate n_kl=  29 after updating users [0] still leaves committed users infeasible [0] at search_stage=fixed_step.
  user=00 block=04 candidate n_kl=  30 breaks committed-user feasibility [0] at search_stage=fixed_step; trying fresh re-optimization.
[DL Convergence] | phase=optimize | block=4 | epoch=1/120 | active_users=1 | updated_users=1 | objective=20.441710 | sum_rate=20.441710 | r_p=12.891623 | r_c=2.088510 | r_s=0.001270 | status=running
[DL Convergence] | phase=optimize | block=4 | epoch=2/120 | active_users=1 | updated_users=1 | objective=20.441719 | sum_rate=20.441719 | r_p=12.891613 | r_c=3.750447 | r_s=8.993569e-04 | status=stationary_infeasible
  user=00 block=04 candidate n_kl=  30 after updating users [0] still leaves committed users infeasible [0] at search_stage=fixed_step.
  user=00 block=04 candidate n_kl=  31 breaks committed-user feasibility [0] at search_stage=fixed_step; trying fresh re-optimization.
[DL Convergence] | phase=optimize | block=4 | epoch=1/120 | active_users=1 | updated_users=1 | objective=20.496187 | sum_rate=20.496187 | r_p=11.761877 | r_c=1.905486 | r_s=0.001271 | status=running
[DL Convergence] | phase=optimize | block=4 | epoch=2/120 | active_users=1 | updated_users=1 | objective=20.496193 | sum_rate=20.496193 | r_p=11.761871 | r_c=3.288902 | r_s=8.959585e-04 | status=stationary_infeasible
  user=00 block=04 candidate n_kl=  31 after updating users [0] still leaves committed users infeasible [0] at search_stage=fixed_step.
  user=00 block=04 candidate n_kl=  32 breaks committed-user feasibility [0] at search_stage=fixed_step; trying fresh re-optimization.
[DL Convergence] | phase=optimize | block=4 | epoch=1/120 | active_users=1 | updated_users=1 | objective=20.548086 | sum_rate=20.548086 | r_p=10.701914 | r_c=1.733766 | r_s=0.001272 | status=running
[DL Convergence] | phase=optimize | block=4 | epoch=2/120 | active_users=1 | updated_users=1 | objective=20.548096 | sum_rate=20.548096 | r_p=10.701904 | r_c=2.879073 | r_s=8.927700e-04 | status=stationary_infeasible
  user=00 block=04 candidate n_kl=  32 after updating users [0] still leaves committed users infeasible [0] at search_stage=fixed_step.
  user=00 block=04 candidate n_kl=  33 breaks committed-user feasibility [0] at search_stage=fixed_step; trying fresh re-optimization.
[DL Convergence] | phase=optimize | block=4 | epoch=1/120 | active_users=1 | updated_users=1 | objective=20.597610 | sum_rate=20.597610 | r_p=9.705420 | r_c=1.572329 | r_s=0.001273 | status=running
[DL Convergence] | phase=optimize | block=4 | epoch=2/120 | active_users=1 | updated_users=1 | objective=20.597620 | sum_rate=20.597620 | r_p=9.705410 | r_c=2.514278 | r_s=8.897947e-04 | status=stationary_infeasible
  user=00 block=04 candidate n_kl=  33 after updating users [0] still leaves committed users infeasible [0] at search_stage=fixed_step.
  user=00 block=04 candidate n_kl=  34 breaks committed-user feasibility [0] at search_stage=fixed_step; trying fresh re-optimization.
[DL Convergence] | phase=optimize | block=4 | epoch=1/120 | active_users=1 | updated_users=1 | objective=20.644932 | sum_rate=20.644932 | r_p=8.766832 | r_c=1.420273 | r_s=0.001274 | status=running
[DL Convergence] | phase=optimize | block=4 | epoch=2/120 | active_users=1 | updated_users=1 | objective=20.644943 | sum_rate=20.644943 | r_p=8.766821 | r_c=2.188843 | r_s=8.870202e-04 | status=stationary_infeasible
  user=00 block=04 candidate n_kl=  34 after updating users [0] still leaves committed users infeasible [0] at search_stage=fixed_step.
  user=00 block=04 candidate n_kl=  35 breaks committed-user feasibility [0] at search_stage=fixed_step; trying fresh re-optimization.
[DL Convergence] | phase=optimize | block=4 | epoch=1/120 | active_users=1 | updated_users=1 | objective=20.690212 | sum_rate=20.690212 | r_p=7.881216 | r_c=1.276798 | r_s=0.001274 | status=running
[DL Convergence] | phase=optimize | block=4 | epoch=2/120 | active_users=1 | updated_users=1 | objective=20.690222 | sum_rate=20.690222 | r_p=7.881207 | r_c=1.897932 | r_s=8.844897e-04 | status=stationary_infeasible
  user=00 block=04 candidate n_kl=  35 after updating users [0] still leaves committed users infeasible [0] at search_stage=fixed_step.
  user=00 block=04 candidate n_kl=  36 breaks committed-user feasibility [0] at search_stage=fixed_step; trying fresh re-optimization.
[DL Convergence] | phase=optimize | block=4 | epoch=1/120 | active_users=1 | updated_users=1 | objective=20.733593 | sum_rate=20.733593 | r_p=7.044186 | r_c=1.141195 | r_s=0.001275 | status=running
[DL Convergence] | phase=optimize | block=4 | epoch=2/120 | active_users=1 | updated_users=1 | objective=20.733603 | sum_rate=20.733603 | r_p=7.044176 | r_c=1.637398 | r_s=8.820311e-04 | status=stationary_infeasible
  user=00 block=04 candidate n_kl=  36 after updating users [0] still leaves committed users infeasible [0] at search_stage=fixed_step.
  user=00 block=04 candidate n_kl=  37 breaks committed-user feasibility [0] at search_stage=fixed_step; trying fresh re-optimization.
[DL Convergence] | phase=optimize | block=4 | epoch=1/120 | active_users=1 | updated_users=1 | objective=20.775202 | sum_rate=20.775202 | r_p=6.251825 | r_c=1.012828 | r_s=0.001276 | status=running
[DL Convergence] | phase=optimize | block=4 | epoch=2/120 | active_users=1 | updated_users=1 | objective=20.775209 | sum_rate=20.775209 | r_p=6.251818 | r_c=1.403680 | r_s=8.798396e-04 | status=stationary_infeasible
  user=00 block=04 candidate n_kl=  37 after updating users [0] still leaves committed users infeasible [0] at search_stage=fixed_step.
  user=00 block=04 candidate n_kl=  38 breaks committed-user feasibility [0] at search_stage=fixed_step; trying fresh re-optimization.
[DL Convergence] | phase=optimize | block=4 | epoch=1/120 | active_users=1 | updated_users=1 | objective=20.815157 | sum_rate=20.815157 | r_p=5.500633 | r_c=0.891131 | r_s=0.001276 | status=running
[DL Convergence] | phase=optimize | block=4 | epoch=2/120 | active_users=1 | updated_users=1 | objective=20.815166 | sum_rate=20.815166 | r_p=5.500624 | r_c=1.193699 | r_s=8.777904e-04 | status=stationary_infeasible
  user=00 block=04 candidate n_kl=  38 after updating users [0] still leaves committed users infeasible [0] at search_stage=fixed_step.
  user=00 block=04 candidate n_kl=  39 breaks committed-user feasibility [0] at search_stage=fixed_step; trying fresh re-optimization.
[DL Convergence] | phase=optimize | block=4 | epoch=1/120 | active_users=1 | updated_users=1 | objective=20.853565 | sum_rate=20.853565 | r_p=4.787460 | r_c=0.775594 | r_s=0.001277 | status=running
[DL Convergence] | phase=optimize | block=4 | epoch=2/120 | active_users=1 | updated_users=1 | objective=20.853575 | sum_rate=20.853575 | r_p=4.787451 | r_c=1.004789 | r_s=8.758112e-04 | status=stationary_infeasible
  user=00 block=04 candidate n_kl=  39 after updating users [0] still leaves committed users infeasible [0] at search_stage=fixed_step.
  user=00 block=04 candidate n_kl=  40 breaks committed-user feasibility [0] at search_stage=fixed_step; trying fresh re-optimization.
[DL Convergence] | phase=optimize | block=4 | epoch=1/120 | active_users=1 | updated_users=1 | objective=20.890526 | sum_rate=20.890526 | r_p=4.109474 | r_c=0.665756 | r_s=0.001278 | status=running
[DL Convergence] | phase=optimize | block=4 | epoch=2/120 | active_users=1 | updated_users=1 | objective=20.890533 | sum_rate=20.890533 | r_p=4.109467 | r_c=0.834633 | r_s=8.739428e-04 | status=stationary_infeasible
  user=00 block=04 candidate n_kl=  40 after updating users [0] still leaves committed users infeasible [0] at search_stage=fixed_step.
  user=00 block=04 candidate n_kl=  41 breaks committed-user feasibility [0] at search_stage=fixed_step; trying fresh re-optimization.
[DL Convergence] | phase=optimize | block=4 | epoch=1/120 | active_users=1 | updated_users=1 | objective=20.926123 | sum_rate=20.926123 | r_p=3.464121 | r_c=0.561206 | r_s=0.001278 | status=running
[DL Convergence] | phase=optimize | block=4 | epoch=2/120 | active_users=1 | updated_users=1 | objective=20.926132 | sum_rate=20.926132 | r_p=3.464111 | r_c=0.681205 | r_s=8.722192e-04 | status=stationary_infeasible
  user=00 block=04 candidate n_kl=  41 after updating users [0] still leaves committed users infeasible [0] at search_stage=fixed_step.
  user=00 block=04 candidate n_kl=  42 breaks committed-user feasibility [0] at search_stage=fixed_step; trying fresh re-optimization.
[DL Convergence] | phase=optimize | block=4 | epoch=1/120 | active_users=1 | updated_users=1 | objective=20.960443 | sum_rate=20.960443 | r_p=2.849081 | r_c=0.461566 | r_s=0.001279 | status=running
[DL Convergence] | phase=optimize | block=4 | epoch=2/120 | active_users=1 | updated_users=1 | objective=20.960453 | sum_rate=20.960453 | r_p=2.849072 | r_c=0.542737 | r_s=8.705879e-04 | status=stationary_infeasible
  user=00 block=04 candidate n_kl=  42 after updating users [0] still leaves committed users infeasible [0] at search_stage=fixed_step.
  user=00 block=04 candidate n_kl=  43 breaks committed-user feasibility [0] at search_stage=fixed_step; trying fresh re-optimization.
[DL Convergence] | phase=optimize | block=4 | epoch=1/120 | active_users=1 | updated_users=1 | objective=20.993559 | sum_rate=20.993559 | r_p=2.262255 | r_c=0.366497 | r_s=0.001279 | status=running
[DL Convergence] | phase=optimize | block=4 | epoch=2/120 | active_users=1 | updated_users=1 | objective=20.993568 | sum_rate=20.993568 | r_p=2.262245 | r_c=0.417673 | r_s=8.690432e-04 | status=stationary_infeasible
  user=00 block=04 candidate n_kl=  43 after updating users [0] still leaves committed users infeasible [0] at search_stage=fixed_step.
  user=00 block=04 candidate n_kl=  44 breaks committed-user feasibility [0] at search_stage=fixed_step; trying fresh re-optimization.
[DL Convergence] | phase=optimize | block=4 | epoch=1/120 | active_users=1 | updated_users=1 | objective=21.025539 | sum_rate=21.025539 | r_p=1.701733 | r_c=0.275690 | r_s=0.001280 | status=running
[DL Convergence] | phase=optimize | block=4 | epoch=2/120 | active_users=1 | updated_users=1 | objective=21.025549 | sum_rate=21.025549 | r_p=1.701723 | r_c=0.304647 | r_s=8.675532e-04 | status=stationary_infeasible
  user=00 block=04 candidate n_kl=  44 after updating users [0] still leaves committed users infeasible [0] at search_stage=fixed_step.
  user=00 block=04 candidate n_kl=  45 breaks committed-user feasibility [0] at search_stage=fixed_step; trying fresh re-optimization.
[DL Convergence] | phase=optimize | block=4 | epoch=1/120 | active_users=1 | updated_users=1 | objective=21.056446 | sum_rate=21.056446 | r_p=1.165775 | r_c=0.188862 | r_s=0.001280 | status=running
[DL Convergence] | phase=optimize | block=4 | epoch=2/120 | active_users=1 | updated_users=1 | objective=21.056456 | sum_rate=21.056456 | r_p=1.165766 | r_c=0.202450 | r_s=8.662425e-04 | status=stationary_infeasible
  user=00 block=04 candidate n_kl=  45 after updating users [0] still leaves committed users infeasible [0] at search_stage=fixed_step.
  user=00 block=04 candidate n_kl=  46 breaks committed-user feasibility [0] at search_stage=fixed_step; trying fresh re-optimization.
[DL Convergence] | phase=optimize | block=4 | epoch=1/120 | active_users=1 | updated_users=1 | objective=21.086340 | sum_rate=21.086340 | r_p=0.652790 | r_c=0.105755 | r_s=0.001281 | status=running
[DL Convergence] | phase=optimize | block=4 | epoch=2/120 | active_users=1 | updated_users=1 | objective=21.086349 | sum_rate=21.086349 | r_p=0.652781 | r_c=0.110015 | r_s=8.649267e-04 | status=stationary_infeasible
  user=00 block=04 candidate n_kl=  46 after updating users [0] still leaves committed users infeasible [0] at search_stage=fixed_step.
  user=00 block=04 candidate n_kl=  47 breaks committed-user feasibility [0] at search_stage=fixed_step; trying fresh re-optimization.
[DL Convergence] | phase=optimize | block=4 | epoch=1/120 | active_users=1 | updated_users=1 | objective=21.115276 | sum_rate=21.115276 | r_p=0.161320 | r_c=0.026135 | r_s=0.001281 | status=running
[DL Convergence] | phase=optimize | block=4 | epoch=2/120 | active_users=1 | updated_users=1 | objective=21.115284 | sum_rate=21.115284 | r_p=0.161312 | r_c=0.026394 | r_s=8.636743e-04 | status=stationary_infeasible
  user=00 block=04 candidate n_kl=  47 after updating users [0] still leaves committed users infeasible [0] at search_stage=fixed_step.
  user=00 block=04 candidate n_kl=  48 accepted at search_stage=fixed_step without fresh re-optimization.
  user=00 block=04 committed best n_kl=  48 after 1 accepted search states.
[DL Convergence Allocation] | user=0 | block=4 | served_bits=1000 | n_kl=48 | required_rate=20.833333 | achieved_rate=21.143296 | rate_margin=0.309963
[DL Convergence Block] | block=4 | status=complete | allocated_bits=1000 | remaining_bits=0
Saved downlink results to: C:\All Codes\Taiwan_Internship\UL_UPLINK_DOWNLINK_MONTE_CARLO\Results\Downlink\Method-Convergence per epoch\conv_eqsum_user_net__dl_payload_completion_sweep_20260727_185736_conv_ndir_asc_obj_eqsum__s3\testing
Mirrored downlink convergence scenario results to: C:\All Codes\Taiwan_Internship\UL_UPLINK_DOWNLINK_MONTE_CARLO\Results\Downlink\Scenario-Payload completion\Convergence per epoch\conv_eqsum_user_net__dl_payload_completion_sweep_20260727_185736_conv_ndir_asc_obj_eqsum__s3
Saved downlink convergence method results to: C:\All Codes\Taiwan_Internship\UL_UPLINK_DOWNLINK_MONTE_CARLO\Results\Downlink\Method-Convergence per epoch\conv_eqsum_user_net__dl_payload_completion_sweep_20260727_185736_conv_ndir_asc_obj_eqsum__s3
