Initialized plotting globals:
train_result_path: C:\All Codes\Taiwan_Internship\UL_UPLINK_DOWNLINK_MONTE_CARLO\Results\Uplink\Method-Convergence per epoch\conv_net__ul_payload_completion_sweep_20260727_185736_conv_ndir_desc__s3\optimization_history
test_result_path: C:\All Codes\Taiwan_Internship\UL_UPLINK_DOWNLINK_MONTE_CARLO\Results\Uplink\Method-Convergence per epoch\conv_net__ul_payload_completion_sweep_20260727_185736_conv_ndir_desc__s3\optimization_history
user_cfg_result_path: C:\All Codes\Taiwan_Internship\UL_UPLINK_DOWNLINK_MONTE_CARLO\Results\Uplink\Method-Convergence per epoch\conv_net__ul_payload_completion_sweep_20260727_185736_conv_ndir_desc__s3\user_config
[UL Initial Baseline] | seed=3 | scenario=payload_completion | method=convergence | users=3 | initial_total_latency=0.030733 | initial_avg_latency=0.010244 | initial_min_latency=0.005867 | initial_max_latency=0.014200
[UL Convergence Train] | phase=start | user=0 | mode=payload_completion
[UL Convergence Train] | user=0 | block=0 | remaining_bits=1000
[UL Convergence Block] | user=0 | block=0 | budget_mode=B_rem | requested_bits=1000
[UL Convergence Solve] | user=0 | block=0 | stage=n=T | n_kl=50 | requested_bits=1000
[UL Convergence] | phase=optimize | user=0 | block=0 | n_kl=50 | epoch=1/120 | objective=-11.551072 | rate=12.319157 | power=29.999945 | r_p=7.680843 | r_c=0.768084 | r_s=inf | status=running
[UL Convergence] | phase=optimize | user=0 | block=0 | n_kl=50 | epoch=2/120 | objective=-9.921897 | rate=11.436071 | power=29.999945 | r_p=8.563929 | r_c=1.514175 | r_s=1.080039 | status=running
[UL Convergence] | phase=optimize | user=0 | block=0 | n_kl=50 | epoch=3/120 | objective=-12.777391 | rate=14.278885 | power=29.999945 | r_p=5.721115 | r_c=1.501494 | r_s=0.401238 | status=running
[UL Convergence] | phase=optimize | user=0 | block=0 | n_kl=50 | epoch=4/120 | objective=-13.374583 | rate=14.979447 | power=29.999945 | r_p=5.020553 | r_c=1.604864 | r_s=0.239514 | status=running
[UL Convergence] | phase=optimize | user=0 | block=0 | n_kl=50 | epoch=5/120 | objective=-13.254122 | rate=15.075514 | power=29.999945 | r_p=4.924486 | r_c=1.821392 | r_s=0.156264 | status=running
[UL Convergence] | phase=optimize | user=0 | block=0 | n_kl=50 | epoch=6/120 | objective=-12.973021 | rate=15.048317 | power=29.999939 | r_p=4.951683 | r_c=2.075296 | r_s=0.100313 | status=running
[UL Convergence] | phase=optimize | user=0 | block=0 | n_kl=50 | epoch=7/120 | objective=-12.708755 | rate=15.035330 | power=29.999945 | r_p=4.964670 | r_c=2.326574 | r_s=0.065096 | status=running
[UL Convergence] | phase=optimize | user=0 | block=0 | n_kl=50 | epoch=8/120 | objective=-12.501432 | rate=15.061120 | power=29.999939 | r_p=4.938880 | r_c=2.559687 | r_s=0.050110 | status=running
[UL Convergence] | phase=optimize | user=0 | block=0 | n_kl=50 | epoch=9/120 | objective=-12.324460 | rate=15.103828 | power=29.999950 | r_p=4.896172 | r_c=2.779369 | r_s=0.047903 | status=running
[UL Convergence] | phase=optimize | user=0 | block=0 | n_kl=50 | epoch=10/120 | objective=-12.142791 | rate=15.139740 | power=29.999939 | r_p=4.860260 | r_c=2.996950 | r_s=0.046335 | status=running
[UL Convergence] | phase=optimize | user=0 | block=0 | n_kl=50 | epoch=11/120 | objective=-11.946550 | rate=15.163750 | power=29.999939 | r_p=4.836250 | r_c=3.217199 | r_s=0.043393 | status=running
[UL Convergence] | phase=optimize | user=0 | block=0 | n_kl=50 | epoch=12/120 | objective=-11.735476 | rate=15.177066 | power=29.999939 | r_p=4.822934 | r_c=3.441590 | r_s=0.039570 | status=running
[UL Convergence] | phase=optimize | user=0 | block=0 | n_kl=50 | epoch=13/120 | objective=-11.512947 | rate=15.182786 | power=29.999945 | r_p=4.817214 | r_c=3.669839 | r_s=0.034231 | status=running
[UL Convergence] | phase=optimize | user=0 | block=0 | n_kl=50 | epoch=14/120 | objective=-11.285233 | rate=15.185184 | power=29.999939 | r_p=4.814816 | r_c=3.899952 | r_s=0.028445 | status=running
[UL Convergence] | phase=optimize | user=0 | block=0 | n_kl=50 | epoch=15/120 | objective=-11.057793 | rate=15.187544 | power=29.999939 | r_p=4.812456 | r_c=4.129752 | r_s=0.024066 | status=running
[UL Convergence] | phase=optimize | user=0 | block=0 | n_kl=50 | epoch=16/120 | objective=-10.832623 | rate=15.190916 | power=29.999945 | r_p=4.809084 | r_c=4.358293 | r_s=0.021697 | status=running
[UL Convergence] | phase=optimize | user=0 | block=0 | n_kl=50 | epoch=17/120 | objective=-10.608589 | rate=15.194620 | power=29.999935 | r_p=4.805380 | r_c=4.586031 | r_s=0.020513 | status=running
[UL Convergence] | phase=optimize | user=0 | block=0 | n_kl=50 | epoch=18/120 | objective=-10.383774 | rate=15.197667 | power=29.999945 | r_p=4.802333 | r_c=4.813893 | r_s=0.019438 | status=running
[UL Convergence] | phase=optimize | user=0 | block=0 | n_kl=50 | epoch=19/120 | objective=-10.157566 | rate=15.199821 | power=29.999939 | r_p=4.800179 | r_c=5.042255 | r_s=0.018016 | status=running
[UL Convergence] | phase=optimize | user=0 | block=0 | n_kl=50 | epoch=20/120 | objective=-9.930517 | rate=15.201427 | power=29.999939 | r_p=4.798573 | r_c=5.270908 | r_s=0.016184 | status=running
[UL Convergence] | phase=optimize | user=0 | block=0 | n_kl=50 | epoch=21/120 | objective=-9.703705 | rate=15.203033 | power=29.999939 | r_p=4.796967 | r_c=5.499329 | r_s=0.014142 | status=running
[UL Convergence] | phase=optimize | user=0 | block=0 | n_kl=50 | epoch=22/120 | objective=-9.477768 | rate=15.204935 | power=29.999939 | r_p=4.795065 | r_c=5.727167 | r_s=0.012560 | status=running
[UL Convergence] | phase=optimize | user=0 | block=0 | n_kl=50 | epoch=23/120 | objective=-9.252333 | rate=15.206938 | power=29.999935 | r_p=4.793062 | r_c=5.954605 | r_s=0.011792 | status=running
[UL Convergence] | phase=optimize | user=0 | block=0 | n_kl=50 | epoch=24/120 | objective=-9.026438 | rate=15.208614 | power=29.999939 | r_p=4.791386 | r_c=6.182177 | r_s=0.011559 | status=running
[UL Convergence] | phase=optimize | user=0 | block=0 | n_kl=50 | epoch=25/120 | objective=-8.799074 | rate=15.209559 | power=29.999939 | r_p=4.790441 | r_c=6.410486 | r_s=0.011313 | status=running
[UL Convergence] | phase=optimize | user=0 | block=0 | n_kl=50 | epoch=26/120 | objective=-8.570135 | rate=15.209787 | power=29.999939 | r_p=4.790213 | r_c=6.639653 | r_s=0.010625 | status=running
[UL Convergence] | phase=optimize | user=0 | block=0 | n_kl=50 | epoch=27/120 | objective=-8.341616 | rate=15.210175 | power=29.999945 | r_p=4.789825 | r_c=6.868559 | r_s=0.012020 | status=running
[UL Convergence] | phase=optimize | user=0 | block=0 | n_kl=50 | epoch=28/120 | objective=-8.113501 | rate=15.210702 | power=29.999945 | r_p=4.789298 | r_c=7.097202 | r_s=0.012336 | status=running
[UL Convergence] | phase=optimize | user=0 | block=0 | n_kl=50 | epoch=29/120 | objective=-7.887297 | rate=15.211955 | power=29.999945 | r_p=4.788045 | r_c=7.324659 | r_s=0.008855 | status=running
[UL Convergence] | phase=optimize | user=0 | block=0 | n_kl=50 | epoch=30/120 | objective=-7.661206 | rate=15.213182 | power=29.999939 | r_p=4.786818 | r_c=7.551976 | r_s=0.009400 | status=running
[UL Convergence] | phase=optimize | user=0 | block=0 | n_kl=50 | epoch=31/120 | objective=-7.433585 | rate=15.213759 | power=29.999939 | r_p=4.786241 | r_c=7.780174 | r_s=0.010149 | status=running
[UL Convergence] | phase=optimize | user=0 | block=0 | n_kl=50 | epoch=32/120 | objective=-7.204165 | rate=15.213633 | power=29.999939 | r_p=4.786367 | r_c=8.009467 | r_s=0.013162 | status=running
[UL Convergence] | phase=optimize | user=0 | block=0 | n_kl=50 | epoch=33/120 | objective=-6.974475 | rate=15.213413 | power=29.999945 | r_p=4.786587 | r_c=8.238938 | r_s=0.007648 | status=running
[UL Convergence] | phase=optimize | user=0 | block=0 | n_kl=50 | epoch=34/120 | objective=-6.745583 | rate=15.213493 | power=29.999939 | r_p=4.786507 | r_c=8.467911 | r_s=0.007107 | status=running
[UL Convergence] | phase=optimize | user=0 | block=0 | n_kl=50 | epoch=35/120 | objective=-6.517710 | rate=15.213931 | power=29.999945 | r_p=4.786069 | r_c=8.696222 | r_s=0.006986 | status=running
[UL Convergence] | phase=optimize | user=0 | block=0 | n_kl=50 | epoch=36/120 | objective=-6.290057 | rate=15.214424 | power=29.999939 | r_p=4.785576 | r_c=8.924367 | r_s=0.008449 | status=running
[UL Convergence] | phase=optimize | user=0 | block=0 | n_kl=50 | epoch=37/120 | objective=-6.062487 | rate=15.214921 | power=29.999939 | r_p=4.785079 | r_c=9.152434 | r_s=0.006274 | status=running
[UL Convergence] | phase=optimize | user=0 | block=0 | n_kl=50 | epoch=38/120 | objective=-5.834427 | rate=15.215228 | power=29.999939 | r_p=4.784772 | r_c=9.380802 | r_s=0.008343 | status=running
[UL Convergence] | phase=optimize | user=0 | block=0 | n_kl=50 | epoch=39/120 | objective=-5.605576 | rate=15.215258 | power=29.999945 | r_p=4.784742 | r_c=9.609683 | r_s=0.005471 | status=running
[UL Convergence] | phase=optimize | user=0 | block=0 | n_kl=50 | epoch=40/120 | objective=-5.376282 | rate=15.215141 | power=29.999929 | r_p=4.784859 | r_c=9.838859 | r_s=0.005566 | status=running
[UL Convergence] | phase=optimize | user=0 | block=0 | n_kl=50 | epoch=41/120 | objective=-5.147243 | rate=15.215113 | power=29.999939 | r_p=4.784887 | r_c=10.067868 | r_s=0.005010 | status=running
[UL Convergence] | phase=optimize | user=0 | block=0 | n_kl=50 | epoch=42/120 | objective=-4.918486 | rate=15.215174 | power=29.999939 | r_p=4.784826 | r_c=10.296688 | r_s=0.004341 | status=running
[UL Convergence] | phase=optimize | user=0 | block=0 | n_kl=50 | epoch=43/120 | objective=-4.690065 | rate=15.215338 | power=29.999945 | r_p=4.784662 | r_c=10.525273 | r_s=0.003516 | status=running
[UL Convergence] | phase=optimize | user=0 | block=0 | n_kl=50 | epoch=44/120 | objective=-4.461729 | rate=15.215521 | power=29.999939 | r_p=4.784479 | r_c=10.753792 | r_s=0.003349 | status=running
[UL Convergence] | phase=optimize | user=0 | block=0 | n_kl=50 | epoch=45/120 | objective=-4.233166 | rate=15.215627 | power=29.999945 | r_p=4.784373 | r_c=10.982461 | r_s=0.004095 | status=running
[UL Convergence] | phase=optimize | user=0 | block=0 | n_kl=50 | epoch=46/120 | objective=-4.004237 | rate=15.215619 | power=29.999945 | r_p=4.784381 | r_c=11.211381 | r_s=0.003441 | status=running
[UL Convergence] | phase=optimize | user=0 | block=0 | n_kl=50 | epoch=47/120 | objective=-3.774957 | rate=15.215508 | power=29.999939 | r_p=4.784492 | r_c=11.440551 | r_s=0.003225 | status=running
[UL Convergence] | phase=optimize | user=0 | block=0 | n_kl=50 | epoch=48/120 | objective=-3.545810 | rate=15.215440 | power=29.999945 | r_p=4.784560 | r_c=11.669630 | r_s=0.003023 | status=running
[UL Convergence] | phase=optimize | user=0 | block=0 | n_kl=50 | epoch=49/120 | objective=-3.317023 | rate=15.215478 | power=29.999945 | r_p=4.784522 | r_c=11.898455 | r_s=0.001873 | status=running
[UL Convergence] | phase=optimize | user=0 | block=0 | n_kl=50 | epoch=50/120 | objective=-3.088588 | rate=15.215614 | power=29.999939 | r_p=4.784386 | r_c=12.127026 | r_s=0.002550 | status=running
[UL Convergence] | phase=optimize | user=0 | block=0 | n_kl=50 | epoch=51/120 | objective=-2.860147 | rate=15.215743 | power=29.999935 | r_p=4.784257 | r_c=12.355597 | r_s=0.003364 | status=running
[UL Convergence] | phase=optimize | user=0 | block=0 | n_kl=50 | epoch=52/120 | objective=-2.631341 | rate=15.215767 | power=29.999945 | r_p=4.784233 | r_c=12.584425 | r_s=0.002826 | status=running
[UL Convergence] | phase=optimize | user=0 | block=0 | n_kl=50 | epoch=53/120 | objective=-2.402164 | rate=15.215689 | power=29.999939 | r_p=4.784311 | r_c=12.813524 | r_s=0.002617 | status=running
[UL Convergence] | phase=optimize | user=0 | block=0 | n_kl=50 | epoch=54/120 | objective=-2.172928 | rate=15.215597 | power=29.999939 | r_p=4.784403 | r_c=13.042670 | r_s=0.002492 | status=running
[UL Convergence] | phase=optimize | user=0 | block=0 | n_kl=50 | epoch=55/120 | objective=-1.944109 | rate=15.215620 | power=29.999939 | r_p=4.784380 | r_c=13.271511 | r_s=0.001775 | status=running
[UL Convergence] | phase=optimize | user=0 | block=0 | n_kl=50 | epoch=56/120 | objective=-1.715596 | rate=15.215722 | power=29.999945 | r_p=4.784278 | r_c=13.500126 | r_s=0.001612 | status=running
[UL Convergence] | phase=optimize | user=0 | block=0 | n_kl=50 | epoch=57/120 | objective=-1.486958 | rate=15.215788 | power=29.999939 | r_p=4.784212 | r_c=13.728831 | r_s=0.002341 | status=running
[UL Convergence] | phase=optimize | user=0 | block=0 | n_kl=50 | epoch=58/120 | objective=-1.258066 | rate=15.215787 | power=29.999939 | r_p=4.784213 | r_c=13.957720 | r_s=0.002747 | status=running
[UL Convergence] | phase=optimize | user=0 | block=0 | n_kl=50 | epoch=59/120 | objective=-1.028972 | rate=15.215734 | power=29.999945 | r_p=4.784266 | r_c=14.186763 | r_s=0.002667 | status=running
[UL Convergence] | phase=optimize | user=0 | block=0 | n_kl=50 | epoch=60/120 | objective=-0.799961 | rate=15.215705 | power=29.999939 | r_p=4.784295 | r_c=14.415744 | r_s=0.001740 | status=running
[UL Convergence] | phase=optimize | user=0 | block=0 | n_kl=50 | epoch=61/120 | objective=-0.571194 | rate=15.215736 | power=29.999945 | r_p=4.784264 | r_c=14.644542 | r_s=0.001371 | status=running
[UL Convergence] | phase=optimize | user=0 | block=0 | n_kl=50 | epoch=62/120 | objective=-0.342487 | rate=15.215781 | power=29.999939 | r_p=4.784219 | r_c=14.873295 | r_s=0.001446 | status=running
[UL Convergence] | phase=optimize | user=0 | block=0 | n_kl=50 | epoch=63/120 | objective=-0.113659 | rate=15.215796 | power=29.999939 | r_p=4.784204 | r_c=15.102137 | r_s=0.001812 | status=running
[UL Convergence] | phase=optimize | user=0 | block=0 | n_kl=50 | epoch=64/120 | objective=0.115288 | rate=15.215781 | power=29.999935 | r_p=4.784219 | r_c=15.331069 | r_s=0.002044 | status=running
[UL Convergence] | phase=optimize | user=0 | block=0 | n_kl=50 | epoch=65/120 | objective=0.344249 | rate=15.215764 | power=29.999929 | r_p=4.784236 | r_c=15.560012 | r_s=0.002316 | status=running
[UL Convergence] | phase=optimize | user=0 | block=0 | n_kl=50 | epoch=66/120 | objective=0.573178 | rate=15.215755 | power=29.999939 | r_p=4.784245 | r_c=15.788933 | r_s=0.002974 | status=running
[UL Convergence] | phase=optimize | user=0 | block=0 | n_kl=50 | epoch=67/120 | objective=0.802048 | rate=15.215759 | power=29.999945 | r_p=4.784241 | r_c=16.017807 | r_s=0.003615 | status=running
[UL Convergence] | phase=optimize | user=0 | block=0 | n_kl=50 | epoch=68/120 | objective=1.030880 | rate=15.215773 | power=29.999939 | r_p=4.784227 | r_c=16.246651 | r_s=0.003921 | status=running
[UL Convergence] | phase=optimize | user=0 | block=0 | n_kl=50 | epoch=69/120 | objective=1.259679 | rate=15.215793 | power=29.999945 | r_p=4.784207 | r_c=16.475471 | r_s=0.003022 | status=running
[UL Convergence] | phase=optimize | user=0 | block=0 | n_kl=50 | epoch=70/120 | objective=1.488577 | rate=15.215790 | power=29.999939 | r_p=4.784210 | r_c=16.704367 | r_s=0.001455 | status=running
[UL Convergence] | phase=optimize | user=0 | block=0 | n_kl=50 | epoch=71/120 | objective=1.717506 | rate=15.215780 | power=29.999939 | r_p=4.784220 | r_c=16.933287 | r_s=0.001268 | status=running
[UL Convergence] | phase=optimize | user=0 | block=0 | n_kl=50 | epoch=72/120 | objective=1.946352 | rate=15.215790 | power=29.999939 | r_p=4.784210 | r_c=17.162141 | r_s=0.002608 | status=running
[UL Convergence] | phase=optimize | user=0 | block=0 | n_kl=50 | epoch=73/120 | objective=2.175242 | rate=15.215789 | power=29.999945 | r_p=4.784211 | r_c=17.391031 | r_s=0.003036 | status=running
[UL Convergence] | phase=optimize | user=0 | block=0 | n_kl=50 | epoch=74/120 | objective=2.404031 | rate=15.215810 | power=29.999945 | r_p=4.784190 | r_c=17.619840 | r_s=0.002328 | status=running
[UL Convergence] | phase=optimize | user=0 | block=0 | n_kl=50 | epoch=75/120 | objective=2.632951 | rate=15.215802 | power=29.999945 | r_p=4.784198 | r_c=17.848754 | r_s=0.001098 | status=running
[UL Convergence] | phase=optimize | user=0 | block=0 | n_kl=50 | epoch=76/120 | objective=2.861851 | rate=15.215799 | power=29.999939 | r_p=4.784201 | r_c=18.077650 | r_s=0.001346 | status=running
[UL Convergence] | phase=optimize | user=0 | block=0 | n_kl=50 | epoch=77/120 | objective=3.090787 | rate=15.215789 | power=29.999939 | r_p=4.784211 | r_c=18.306576 | r_s=0.002247 | status=running
[UL Convergence] | phase=optimize | user=0 | block=0 | n_kl=50 | epoch=78/120 | objective=3.319576 | rate=15.215809 | power=29.999945 | r_p=4.784191 | r_c=18.535385 | r_s=0.002535 | status=running
[UL Convergence] | phase=optimize | user=0 | block=0 | n_kl=50 | epoch=79/120 | objective=3.548433 | rate=15.215815 | power=29.999939 | r_p=4.784185 | r_c=18.764247 | r_s=0.001945 | status=running
[UL Convergence] | phase=optimize | user=0 | block=0 | n_kl=50 | epoch=80/120 | objective=3.777288 | rate=15.215820 | power=29.999945 | r_p=4.784180 | r_c=18.993109 | r_s=8.330492e-04 | status=stationary_infeasible
[UL Convergence Result] | user=0 | block=0 | n_kl=50 | achieved_rate=15.215820 | power=29.999945 | rate_gap=4.784180 | power_gap=-5.531311e-05 | solve_status=stationary_infeasible
[UL Convergence Allocation] | user=0 | block=0 | n_kl=50 | requested_bits=1000 | served_bits=760 | full_service=false
[UL Convergence Block] | user=0 | block=0 | stage=post_T | served_bits=760 | remaining_bits=240
[UL Convergence Reduction] | user=0 | block=0 | served_bits=760 | direction=descending | strategy=fixed_step | n_min=1
[UL Convergence Reduction] | user=0 | block=0 | status=stop_partial_payload
[UL Convergence Final] | user=0 | block=0 | feasible_points=1 | chosen_n_kl=50 | served_bits=760 | achieved_rate=15.215820 | power=29.999945 | solve_status=stationary_infeasible
[UL Convergence Allocation] | user=0 | block=0 | chosen_n_kl=50 | served_bits=760 | committed_bits=760 | remaining_bits=240
[UL Convergence Train] | user=0 | block=1 | remaining_bits=240
[UL Convergence Block] | user=0 | block=1 | budget_mode=B_rem | requested_bits=240
[UL Convergence Solve] | user=0 | block=1 | stage=n=T | n_kl=50 | requested_bits=240
[UL Convergence] | phase=optimize | user=0 | block=1 | n_kl=50 | epoch=1/120 | objective=-15.731873 | rate=15.720952 | power=29.999939 | r_p=0.000000 | r_c=0.000000 | r_s=inf | status=running
[UL Convergence] | phase=optimize | user=0 | block=1 | n_kl=50 | epoch=2/120 | objective=-15.532376 | rate=15.521655 | power=29.999945 | r_p=0.000000 | r_c=0.000000 | r_s=0.160551 | status=running
[UL Convergence] | phase=optimize | user=0 | block=1 | n_kl=50 | epoch=3/120 | objective=-15.699325 | rate=15.688437 | power=29.999945 | r_p=0.000000 | r_c=0.000000 | r_s=0.123919 | status=running
[UL Convergence] | phase=optimize | user=0 | block=1 | n_kl=50 | epoch=4/120 | objective=-15.695101 | rate=15.684216 | power=29.999945 | r_p=0.000000 | r_c=0.000000 | r_s=0.087663 | status=running
[UL Convergence] | phase=optimize | user=0 | block=1 | n_kl=50 | epoch=5/120 | objective=-15.669613 | rate=15.658754 | power=29.999939 | r_p=0.000000 | r_c=0.000000 | r_s=0.047999 | status=running
[UL Convergence] | phase=optimize | user=0 | block=1 | n_kl=50 | epoch=6/120 | objective=-15.678307 | rate=15.667439 | power=29.999939 | r_p=0.000000 | r_c=0.000000 | r_s=0.034908 | status=running
[UL Convergence] | phase=optimize | user=0 | block=1 | n_kl=50 | epoch=7/120 | objective=-15.699644 | rate=15.688755 | power=29.999935 | r_p=0.000000 | r_c=0.000000 | r_s=0.037824 | status=running
[UL Convergence] | phase=optimize | user=0 | block=1 | n_kl=50 | epoch=8/120 | objective=-15.711722 | rate=15.700822 | power=29.999939 | r_p=0.000000 | r_c=0.000000 | r_s=0.039382 | status=running
[UL Convergence] | phase=optimize | user=0 | block=1 | n_kl=50 | epoch=9/120 | objective=-15.714961 | rate=15.704057 | power=29.999945 | r_p=0.000000 | r_c=0.000000 | r_s=0.031783 | status=running
[UL Convergence] | phase=optimize | user=0 | block=1 | n_kl=50 | epoch=10/120 | objective=-15.717971 | rate=15.707064 | power=29.999939 | r_p=0.000000 | r_c=0.000000 | r_s=0.026000 | status=running
[UL Convergence] | phase=optimize | user=0 | block=1 | n_kl=50 | epoch=11/120 | objective=-15.720574 | rate=15.709664 | power=29.999945 | r_p=0.000000 | r_c=0.000000 | r_s=0.025284 | status=running
[UL Convergence] | phase=optimize | user=0 | block=1 | n_kl=50 | epoch=12/120 | objective=-15.720281 | rate=15.709372 | power=29.999935 | r_p=0.000000 | r_c=0.000000 | r_s=0.023630 | status=running
[UL Convergence] | phase=optimize | user=0 | block=1 | n_kl=50 | epoch=13/120 | objective=-15.719588 | rate=15.708679 | power=29.999939 | r_p=0.000000 | r_c=0.000000 | r_s=0.019134 | status=running
[UL Convergence] | phase=optimize | user=0 | block=1 | n_kl=50 | epoch=14/120 | objective=-15.721183 | rate=15.710273 | power=29.999945 | r_p=0.000000 | r_c=0.000000 | r_s=0.016586 | status=running
[UL Convergence] | phase=optimize | user=0 | block=1 | n_kl=50 | epoch=15/120 | objective=-15.724233 | rate=15.713320 | power=29.999945 | r_p=0.000000 | r_c=0.000000 | r_s=0.016174 | status=running
[UL Convergence] | phase=optimize | user=0 | block=1 | n_kl=50 | epoch=16/120 | objective=-15.727395 | rate=15.716478 | power=29.999939 | r_p=0.000000 | r_c=0.000000 | r_s=0.015640 | status=running
[UL Convergence] | phase=optimize | user=0 | block=1 | n_kl=50 | epoch=17/120 | objective=-15.729777 | rate=15.718859 | power=29.999939 | r_p=0.000000 | r_c=0.000000 | r_s=0.015279 | status=running
[UL Convergence] | phase=optimize | user=0 | block=1 | n_kl=50 | epoch=18/120 | objective=-15.730327 | rate=15.719407 | power=29.999945 | r_p=0.000000 | r_c=0.000000 | r_s=0.014173 | status=running
[UL Convergence] | phase=optimize | user=0 | block=1 | n_kl=50 | epoch=19/120 | objective=-15.729648 | rate=15.718729 | power=29.999950 | r_p=0.000000 | r_c=0.000000 | r_s=0.012867 | status=running
[UL Convergence] | phase=optimize | user=0 | block=1 | n_kl=50 | epoch=20/120 | objective=-15.728556 | rate=15.717638 | power=29.999935 | r_p=0.000000 | r_c=0.000000 | r_s=0.010824 | status=running
[UL Convergence] | phase=optimize | user=0 | block=1 | n_kl=50 | epoch=21/120 | objective=-15.728195 | rate=15.717278 | power=29.999945 | r_p=0.000000 | r_c=0.000000 | r_s=0.008575 | status=running
[UL Convergence] | phase=optimize | user=0 | block=1 | n_kl=50 | epoch=22/120 | objective=-15.729110 | rate=15.718191 | power=29.999945 | r_p=0.000000 | r_c=0.000000 | r_s=0.007815 | status=running
[UL Convergence] | phase=optimize | user=0 | block=1 | n_kl=50 | epoch=23/120 | objective=-15.730814 | rate=15.719894 | power=29.999935 | r_p=0.000000 | r_c=0.000000 | r_s=0.008837 | status=running
[UL Convergence] | phase=optimize | user=0 | block=1 | n_kl=50 | epoch=24/120 | objective=-15.732262 | rate=15.721340 | power=29.999945 | r_p=0.000000 | r_c=0.000000 | r_s=0.009788 | status=running
[UL Convergence] | phase=optimize | user=0 | block=1 | n_kl=50 | epoch=25/120 | objective=-15.732810 | rate=15.721889 | power=29.999945 | r_p=0.000000 | r_c=0.000000 | r_s=0.009596 | status=running
[UL Convergence] | phase=optimize | user=0 | block=1 | n_kl=50 | epoch=26/120 | objective=-15.732594 | rate=15.721673 | power=29.999945 | r_p=0.000000 | r_c=0.000000 | r_s=0.008497 | status=running
[UL Convergence] | phase=optimize | user=0 | block=1 | n_kl=50 | epoch=27/120 | objective=-15.732084 | rate=15.721163 | power=29.999945 | r_p=0.000000 | r_c=0.000000 | r_s=0.007282 | status=running
[UL Convergence] | phase=optimize | user=0 | block=1 | n_kl=50 | epoch=28/120 | objective=-15.731669 | rate=15.720749 | power=29.999939 | r_p=0.000000 | r_c=0.000000 | r_s=0.006401 | status=running
[UL Convergence] | phase=optimize | user=0 | block=1 | n_kl=50 | epoch=29/120 | objective=-15.731624 | rate=15.720703 | power=29.999935 | r_p=0.000000 | r_c=0.000000 | r_s=0.005735 | status=running
[UL Convergence] | phase=optimize | user=0 | block=1 | n_kl=50 | epoch=30/120 | objective=-15.732063 | rate=15.721142 | power=29.999939 | r_p=0.000000 | r_c=0.000000 | r_s=0.005351 | status=running
[UL Convergence] | phase=optimize | user=0 | block=1 | n_kl=50 | epoch=31/120 | objective=-15.732850 | rate=15.721929 | power=29.999939 | r_p=0.000000 | r_c=0.000000 | r_s=0.005662 | status=running
[UL Convergence] | phase=optimize | user=0 | block=1 | n_kl=50 | epoch=32/120 | objective=-15.733577 | rate=15.722654 | power=29.999945 | r_p=0.000000 | r_c=0.000000 | r_s=0.006358 | status=running
[UL Convergence] | phase=optimize | user=0 | block=1 | n_kl=50 | epoch=33/120 | objective=-15.733823 | rate=15.722900 | power=29.999945 | r_p=0.000000 | r_c=0.000000 | r_s=0.006587 | status=running
[UL Convergence] | phase=optimize | user=0 | block=1 | n_kl=50 | epoch=34/120 | objective=-15.733603 | rate=15.722681 | power=29.999945 | r_p=0.000000 | r_c=0.000000 | r_s=0.005942 | status=running
[UL Convergence] | phase=optimize | user=0 | block=1 | n_kl=50 | epoch=35/120 | objective=-15.733223 | rate=15.722301 | power=29.999939 | r_p=0.000000 | r_c=0.000000 | r_s=0.004717 | status=running
[UL Convergence] | phase=optimize | user=0 | block=1 | n_kl=50 | epoch=36/120 | objective=-15.733053 | rate=15.722131 | power=29.999939 | r_p=0.000000 | r_c=0.000000 | r_s=0.003725 | status=running
[UL Convergence] | phase=optimize | user=0 | block=1 | n_kl=50 | epoch=37/120 | objective=-15.733171 | rate=15.722248 | power=29.999939 | r_p=0.000000 | r_c=0.000000 | r_s=0.003572 | status=running
[UL Convergence] | phase=optimize | user=0 | block=1 | n_kl=50 | epoch=38/120 | objective=-15.733481 | rate=15.722559 | power=29.999945 | r_p=0.000000 | r_c=0.000000 | r_s=0.003854 | status=running
[UL Convergence] | phase=optimize | user=0 | block=1 | n_kl=50 | epoch=39/120 | objective=-15.733834 | rate=15.722911 | power=29.999945 | r_p=0.000000 | r_c=0.000000 | r_s=0.004122 | status=running
[UL Convergence] | phase=optimize | user=0 | block=1 | n_kl=50 | epoch=40/120 | objective=-15.734083 | rate=15.723160 | power=29.999939 | r_p=0.000000 | r_c=0.000000 | r_s=0.004309 | status=running
[UL Convergence] | phase=optimize | user=0 | block=1 | n_kl=50 | epoch=41/120 | objective=-15.734119 | rate=15.723196 | power=29.999945 | r_p=0.000000 | r_c=0.000000 | r_s=0.004347 | status=running
[UL Convergence] | phase=optimize | user=0 | block=1 | n_kl=50 | epoch=42/120 | objective=-15.733999 | rate=15.723076 | power=29.999945 | r_p=0.000000 | r_c=0.000000 | r_s=0.004008 | status=running
[UL Convergence] | phase=optimize | user=0 | block=1 | n_kl=50 | epoch=43/120 | objective=-15.733808 | rate=15.722885 | power=29.999935 | r_p=0.000000 | r_c=0.000000 | r_s=0.003235 | status=running
[UL Convergence] | phase=optimize | user=0 | block=1 | n_kl=50 | epoch=44/120 | objective=-15.733733 | rate=15.722811 | power=29.999939 | r_p=0.000000 | r_c=0.000000 | r_s=0.002385 | status=running
[UL Convergence] | phase=optimize | user=0 | block=1 | n_kl=50 | epoch=45/120 | objective=-15.733829 | rate=15.722906 | power=29.999945 | r_p=0.000000 | r_c=0.000000 | r_s=0.002209 | status=running
[UL Convergence] | phase=optimize | user=0 | block=1 | n_kl=50 | epoch=46/120 | objective=-15.734061 | rate=15.723138 | power=29.999939 | r_p=0.000000 | r_c=0.000000 | r_s=0.002741 | status=running
[UL Convergence] | phase=optimize | user=0 | block=1 | n_kl=50 | epoch=47/120 | objective=-15.734264 | rate=15.723341 | power=29.999939 | r_p=0.000000 | r_c=0.000000 | r_s=0.003234 | status=running
[UL Convergence] | phase=optimize | user=0 | block=1 | n_kl=50 | epoch=48/120 | objective=-15.734311 | rate=15.723388 | power=29.999945 | r_p=0.000000 | r_c=0.000000 | r_s=0.003338 | status=running
[UL Convergence] | phase=optimize | user=0 | block=1 | n_kl=50 | epoch=49/120 | objective=-15.734228 | rate=15.723305 | power=29.999935 | r_p=0.000000 | r_c=0.000000 | r_s=0.003016 | status=running
[UL Convergence] | phase=optimize | user=0 | block=1 | n_kl=50 | epoch=50/120 | objective=-15.734105 | rate=15.723182 | power=29.999939 | r_p=0.000000 | r_c=0.000000 | r_s=0.002364 | status=running
[UL Convergence] | phase=optimize | user=0 | block=1 | n_kl=50 | epoch=51/120 | objective=-15.734045 | rate=15.723122 | power=29.999945 | r_p=0.000000 | r_c=0.000000 | r_s=0.001632 | status=running
[UL Convergence] | phase=optimize | user=0 | block=1 | n_kl=50 | epoch=52/120 | objective=-15.734109 | rate=15.723186 | power=29.999939 | r_p=0.000000 | r_c=0.000000 | r_s=0.001411 | status=running
[UL Convergence] | phase=optimize | user=0 | block=1 | n_kl=50 | epoch=53/120 | objective=-15.734240 | rate=15.723316 | power=29.999929 | r_p=0.000000 | r_c=0.000000 | r_s=0.001911 | status=running
[UL Convergence] | phase=optimize | user=0 | block=1 | n_kl=50 | epoch=54/120 | objective=-15.734362 | rate=15.723438 | power=29.999939 | r_p=0.000000 | r_c=0.000000 | r_s=0.002420 | status=running
[UL Convergence] | phase=optimize | user=0 | block=1 | n_kl=50 | epoch=55/120 | objective=-15.734371 | rate=15.723448 | power=29.999939 | r_p=0.000000 | r_c=0.000000 | r_s=0.002523 | status=running
[UL Convergence] | phase=optimize | user=0 | block=1 | n_kl=50 | epoch=56/120 | objective=-15.734303 | rate=15.723379 | power=29.999939 | r_p=0.000000 | r_c=0.000000 | r_s=0.002130 | status=running
[UL Convergence] | phase=optimize | user=0 | block=1 | n_kl=50 | epoch=57/120 | objective=-15.734228 | rate=15.723305 | power=29.999945 | r_p=0.000000 | r_c=0.000000 | r_s=0.001397 | status=running
[UL Convergence] | phase=optimize | user=0 | block=1 | n_kl=50 | epoch=58/120 | objective=-15.734220 | rate=15.723296 | power=29.999945 | r_p=0.000000 | r_c=0.000000 | r_s=8.926248e-04 | status=kkt_converged
[UL Convergence Result] | user=0 | block=1 | n_kl=50 | achieved_rate=15.723448 | power=29.999939 | rate_gap=-10.923448 | power_gap=-6.103516e-05 | solve_status=kkt_converged
[UL Convergence Allocation] | user=0 | block=1 | n_kl=50 | requested_bits=240 | served_bits=240 | full_service=true
[UL Convergence Block] | user=0 | block=1 | stage=post_T | served_bits=240 | remaining_bits=0
[UL Convergence Reduction] | user=0 | block=1 | served_bits=240 | direction=descending | strategy=fixed_step | n_min=1
[UL Convergence Solve] | user=0 | block=1 | stage=reduced_n_fixed_step | n_kl=49 | served_bits=240
[UL Convergence] | phase=optimize | user=0 | block=1 | n_kl=49 | epoch=1/120 | objective=-15.707933 | rate=15.697134 | power=29.999935 | r_p=0.000000 | r_c=0.000000 | r_s=inf | status=running
[UL Convergence] | phase=optimize | user=0 | block=1 | n_kl=49 | epoch=2/120 | objective=-15.707861 | rate=15.697062 | power=29.999939 | r_p=0.000000 | r_c=0.000000 | r_s=0.002130 | status=running
[UL Convergence] | phase=optimize | user=0 | block=1 | n_kl=49 | epoch=3/120 | objective=-15.707777 | rate=15.696978 | power=29.999939 | r_p=0.000000 | r_c=0.000000 | r_s=0.001397 | status=running
[UL Convergence] | phase=optimize | user=0 | block=1 | n_kl=49 | epoch=4/120 | objective=-15.707777 | rate=15.696978 | power=29.999939 | r_p=0.000000 | r_c=0.000000 | r_s=8.929693e-04 | status=kkt_converged
[UL Convergence Candidate] | user=0 | block=1 | n_kl=49 | search_stage=fixed_step | achieved_rate=15.697134 | rate_gap=-10.799175 | power_gap=-6.484985e-05 | status=accepted
[UL Convergence Solve] | user=0 | block=1 | stage=reduced_n_fixed_step | n_kl=48 | served_bits=240
[UL Convergence] | phase=optimize | user=0 | block=1 | n_kl=48 | epoch=1/120 | objective=-15.680656 | rate=15.669987 | power=29.999939 | r_p=0.000000 | r_c=0.000000 | r_s=inf | status=running
[UL Convergence] | phase=optimize | user=0 | block=1 | n_kl=48 | epoch=2/120 | objective=-15.680595 | rate=15.669926 | power=29.999939 | r_p=0.000000 | r_c=0.000000 | r_s=0.002130 | status=running
[UL Convergence] | phase=optimize | user=0 | block=1 | n_kl=48 | epoch=3/120 | objective=-15.680518 | rate=15.669848 | power=29.999939 | r_p=0.000000 | r_c=0.000000 | r_s=0.001397 | status=running
[UL Convergence] | phase=optimize | user=0 | block=1 | n_kl=48 | epoch=4/120 | objective=-15.680511 | rate=15.669841 | power=29.999939 | r_p=0.000000 | r_c=0.000000 | r_s=8.932051e-04 | status=kkt_converged
[UL Convergence Candidate] | user=0 | block=1 | n_kl=48 | search_stage=fixed_step | achieved_rate=15.669987 | rate_gap=-10.669987 | power_gap=-6.103516e-05 | status=accepted
[UL Convergence Solve] | user=0 | block=1 | stage=reduced_n_fixed_step | n_kl=47 | served_bits=240
[UL Convergence] | phase=optimize | user=0 | block=1 | n_kl=47 | epoch=1/120 | objective=-15.652522 | rate=15.641987 | power=29.999939 | r_p=0.000000 | r_c=0.000000 | r_s=inf | status=running
[UL Convergence] | phase=optimize | user=0 | block=1 | n_kl=47 | epoch=2/120 | objective=-15.652457 | rate=15.641922 | power=29.999935 | r_p=0.000000 | r_c=0.000000 | r_s=0.002130 | status=running
[UL Convergence] | phase=optimize | user=0 | block=1 | n_kl=47 | epoch=3/120 | objective=-15.652381 | rate=15.641846 | power=29.999945 | r_p=0.000000 | r_c=0.000000 | r_s=0.001398 | status=running
[UL Convergence] | phase=optimize | user=0 | block=1 | n_kl=47 | epoch=4/120 | objective=-15.652378 | rate=15.641843 | power=29.999945 | r_p=0.000000 | r_c=0.000000 | r_s=8.935684e-04 | status=kkt_converged
[UL Convergence Candidate] | user=0 | block=1 | n_kl=47 | search_stage=fixed_step | achieved_rate=15.641987 | rate_gap=-10.535604 | power_gap=-6.103516e-05 | status=accepted
[UL Convergence Solve] | user=0 | block=1 | stage=reduced_n_fixed_step | n_kl=46 | served_bits=240
[UL Convergence] | phase=optimize | user=0 | block=1 | n_kl=46 | epoch=1/120 | objective=-15.623489 | rate=15.613093 | power=29.999939 | r_p=0.000000 | r_c=0.000000 | r_s=inf | status=running
[UL Convergence] | phase=optimize | user=0 | block=1 | n_kl=46 | epoch=2/120 | objective=-15.623412 | rate=15.613016 | power=29.999939 | r_p=0.000000 | r_c=0.000000 | r_s=0.002130 | status=running
[UL Convergence] | phase=optimize | user=0 | block=1 | n_kl=46 | epoch=3/120 | objective=-15.623337 | rate=15.612941 | power=29.999939 | r_p=0.000000 | r_c=0.000000 | r_s=0.001398 | status=running
[UL Convergence] | phase=optimize | user=0 | block=1 | n_kl=46 | epoch=4/120 | objective=-15.623326 | rate=15.612930 | power=29.999939 | r_p=0.000000 | r_c=0.000000 | r_s=8.938272e-04 | status=kkt_converged
[UL Convergence Candidate] | user=0 | block=1 | n_kl=46 | search_stage=fixed_step | achieved_rate=15.613093 | rate_gap=-10.395702 | power_gap=-6.103516e-05 | status=accepted
[UL Convergence Solve] | user=0 | block=1 | stage=reduced_n_fixed_step | n_kl=45 | served_bits=240
[UL Convergence] | phase=optimize | user=0 | block=1 | n_kl=45 | epoch=1/120 | objective=-15.593472 | rate=15.583221 | power=29.999945 | r_p=0.000000 | r_c=0.000000 | r_s=inf | status=running
[UL Convergence] | phase=optimize | user=0 | block=1 | n_kl=45 | epoch=2/120 | objective=-15.593398 | rate=15.583148 | power=29.999939 | r_p=0.000000 | r_c=0.000000 | r_s=0.002130 | status=running
[UL Convergence] | phase=optimize | user=0 | block=1 | n_kl=45 | epoch=3/120 | objective=-15.593328 | rate=15.583078 | power=29.999939 | r_p=0.000000 | r_c=0.000000 | r_s=0.001398 | status=running
[UL Convergence] | phase=optimize | user=0 | block=1 | n_kl=45 | epoch=4/120 | objective=-15.593320 | rate=15.583070 | power=29.999945 | r_p=0.000000 | r_c=0.000000 | r_s=8.941055e-04 | status=kkt_converged
[UL Convergence Candidate] | user=0 | block=1 | n_kl=45 | search_stage=fixed_step | achieved_rate=15.583221 | rate_gap=-10.249887 | power_gap=-5.531311e-05 | status=accepted
[UL Convergence Solve] | user=0 | block=1 | stage=reduced_n_fixed_step | n_kl=44 | served_bits=240
[UL Convergence] | phase=optimize | user=0 | block=1 | n_kl=44 | epoch=1/120 | objective=-15.562443 | rate=15.552345 | power=29.999935 | r_p=0.000000 | r_c=0.000000 | r_s=inf | status=running
[UL Convergence] | phase=optimize | user=0 | block=1 | n_kl=44 | epoch=2/120 | objective=-15.562368 | rate=15.552271 | power=29.999939 | r_p=0.000000 | r_c=0.000000 | r_s=0.002130 | status=running
[UL Convergence] | phase=optimize | user=0 | block=1 | n_kl=44 | epoch=3/120 | objective=-15.562298 | rate=15.552200 | power=29.999945 | r_p=0.000000 | r_c=0.000000 | r_s=0.001398 | status=running
[UL Convergence] | phase=optimize | user=0 | block=1 | n_kl=44 | epoch=4/120 | objective=-15.562290 | rate=15.552193 | power=29.999939 | r_p=0.000000 | r_c=0.000000 | r_s=8.945320e-04 | status=kkt_converged
[UL Convergence Candidate] | user=0 | block=1 | n_kl=44 | search_stage=fixed_step | achieved_rate=15.552345 | rate_gap=-10.097799 | power_gap=-6.484985e-05 | status=accepted
[UL Convergence Solve] | user=0 | block=1 | stage=reduced_n_fixed_step | n_kl=43 | served_bits=240
[UL Convergence] | phase=optimize | user=0 | block=1 | n_kl=43 | epoch=1/120 | objective=-15.530342 | rate=15.520403 | power=29.999939 | r_p=0.000000 | r_c=0.000000 | r_s=inf | status=running
[UL Convergence] | phase=optimize | user=0 | block=1 | n_kl=43 | epoch=2/120 | objective=-15.530267 | rate=15.520328 | power=29.999945 | r_p=0.000000 | r_c=0.000000 | r_s=0.002130 | status=running
[UL Convergence] | phase=optimize | user=0 | block=1 | n_kl=43 | epoch=3/120 | objective=-15.530184 | rate=15.520245 | power=29.999939 | r_p=0.000000 | r_c=0.000000 | r_s=0.001399 | status=running
[UL Convergence] | phase=optimize | user=0 | block=1 | n_kl=43 | epoch=4/120 | objective=-15.530188 | rate=15.520248 | power=29.999939 | r_p=0.000000 | r_c=0.000000 | r_s=8.948076e-04 | status=kkt_converged
[UL Convergence Candidate] | user=0 | block=1 | n_kl=43 | search_stage=fixed_step | achieved_rate=15.520403 | rate_gap=-9.939008 | power_gap=-6.103516e-05 | status=accepted
[UL Convergence Solve] | user=0 | block=1 | stage=reduced_n_fixed_step | n_kl=42 | served_bits=240
[UL Convergence] | phase=optimize | user=0 | block=1 | n_kl=42 | epoch=1/120 | objective=-15.497093 | rate=15.487320 | power=29.999939 | r_p=0.000000 | r_c=0.000000 | r_s=inf | status=running
[UL Convergence] | phase=optimize | user=0 | block=1 | n_kl=42 | epoch=2/120 | objective=-15.497011 | rate=15.487238 | power=29.999939 | r_p=0.000000 | r_c=0.000000 | r_s=0.002129 | status=running
[UL Convergence] | phase=optimize | user=0 | block=1 | n_kl=42 | epoch=3/120 | objective=-15.496939 | rate=15.487165 | power=29.999935 | r_p=0.000000 | r_c=0.000000 | r_s=0.001399 | status=running
[UL Convergence] | phase=optimize | user=0 | block=1 | n_kl=42 | epoch=4/120 | objective=-15.496937 | rate=15.487164 | power=29.999939 | r_p=0.000000 | r_c=0.000000 | r_s=8.951919e-04 | status=kkt_converged
[UL Convergence Candidate] | user=0 | block=1 | n_kl=42 | search_stage=fixed_step | achieved_rate=15.487320 | rate_gap=-9.773034 | power_gap=-6.103516e-05 | status=accepted
[UL Convergence Solve] | user=0 | block=1 | stage=reduced_n_fixed_step | n_kl=41 | served_bits=240
[UL Convergence] | phase=optimize | user=0 | block=1 | n_kl=41 | epoch=1/120 | objective=-15.462631 | rate=15.453032 | power=29.999935 | r_p=0.000000 | r_c=0.000000 | r_s=inf | status=running
[UL Convergence] | phase=optimize | user=0 | block=1 | n_kl=41 | epoch=2/120 | objective=-15.462554 | rate=15.452954 | power=29.999929 | r_p=0.000000 | r_c=0.000000 | r_s=0.002129 | status=running
[UL Convergence] | phase=optimize | user=0 | block=1 | n_kl=41 | epoch=3/120 | objective=-15.462479 | rate=15.452879 | power=29.999945 | r_p=0.000000 | r_c=0.000000 | r_s=0.001399 | status=running
[UL Convergence] | phase=optimize | user=0 | block=1 | n_kl=41 | epoch=4/120 | objective=-15.462473 | rate=15.452873 | power=29.999939 | r_p=0.000000 | r_c=0.000000 | r_s=8.956760e-04 | status=kkt_converged
[UL Convergence Candidate] | user=0 | block=1 | n_kl=41 | search_stage=fixed_step | achieved_rate=15.453032 | rate_gap=-9.599373 | power_gap=-6.484985e-05 | status=accepted
[UL Convergence Solve] | user=0 | block=1 | stage=reduced_n_fixed_step | n_kl=40 | served_bits=240
[UL Convergence] | phase=optimize | user=0 | block=1 | n_kl=40 | epoch=1/120 | objective=-15.426880 | rate=15.417462 | power=29.999939 | r_p=0.000000 | r_c=0.000000 | r_s=inf | status=running
[UL Convergence] | phase=optimize | user=0 | block=1 | n_kl=40 | epoch=2/120 | objective=-15.426811 | rate=15.417394 | power=29.999945 | r_p=0.000000 | r_c=0.000000 | r_s=0.002129 | status=running
[UL Convergence] | phase=optimize | user=0 | block=1 | n_kl=40 | epoch=3/120 | objective=-15.426728 | rate=15.417311 | power=29.999929 | r_p=0.000000 | r_c=0.000000 | r_s=0.001400 | status=running
[UL Convergence] | phase=optimize | user=0 | block=1 | n_kl=40 | epoch=4/120 | objective=-15.426728 | rate=15.417311 | power=29.999945 | r_p=0.000000 | r_c=0.000000 | r_s=8.961046e-04 | status=kkt_converged
[UL Convergence Candidate] | user=0 | block=1 | n_kl=40 | search_stage=fixed_step | achieved_rate=15.417462 | rate_gap=-9.417462 | power_gap=-6.103516e-05 | status=accepted
[UL Convergence Solve] | user=0 | block=1 | stage=reduced_n_fixed_step | n_kl=39 | served_bits=240
[UL Convergence] | phase=optimize | user=0 | block=1 | n_kl=39 | epoch=1/120 | objective=-15.389777 | rate=15.380550 | power=29.999939 | r_p=0.000000 | r_c=0.000000 | r_s=inf | status=running
[UL Convergence] | phase=optimize | user=0 | block=1 | n_kl=39 | epoch=2/120 | objective=-15.389698 | rate=15.380471 | power=29.999929 | r_p=0.000000 | r_c=0.000000 | r_s=0.002129 | status=running
[UL Convergence] | phase=optimize | user=0 | block=1 | n_kl=39 | epoch=3/120 | objective=-15.389611 | rate=15.380384 | power=29.999939 | r_p=0.000000 | r_c=0.000000 | r_s=0.001400 | status=running
[UL Convergence] | phase=optimize | user=0 | block=1 | n_kl=39 | epoch=4/120 | objective=-15.389623 | rate=15.380396 | power=29.999939 | r_p=0.000000 | r_c=0.000000 | r_s=8.965926e-04 | status=kkt_converged
[UL Convergence Candidate] | user=0 | block=1 | n_kl=39 | search_stage=fixed_step | achieved_rate=15.380550 | rate_gap=-9.226704 | power_gap=-6.103516e-05 | status=accepted
[UL Convergence Solve] | user=0 | block=1 | stage=reduced_n_fixed_step | n_kl=38 | served_bits=240
[UL Convergence] | phase=optimize | user=0 | block=1 | n_kl=38 | epoch=1/120 | objective=-15.351199 | rate=15.342173 | power=29.999939 | r_p=0.000000 | r_c=0.000000 | r_s=inf | status=running
[UL Convergence] | phase=optimize | user=0 | block=1 | n_kl=38 | epoch=2/120 | objective=-15.351128 | rate=15.342101 | power=29.999935 | r_p=0.000000 | r_c=0.000000 | r_s=0.002129 | status=running
[UL Convergence] | phase=optimize | user=0 | block=1 | n_kl=38 | epoch=3/120 | objective=-15.351046 | rate=15.342019 | power=29.999939 | r_p=0.000000 | r_c=0.000000 | r_s=0.001401 | status=running
[UL Convergence] | phase=optimize | user=0 | block=1 | n_kl=38 | epoch=4/120 | objective=-15.351054 | rate=15.342028 | power=29.999939 | r_p=0.000000 | r_c=0.000000 | r_s=8.971161e-04 | status=kkt_converged
[UL Convergence Candidate] | user=0 | block=1 | n_kl=38 | search_stage=fixed_step | achieved_rate=15.342173 | rate_gap=-9.026382 | power_gap=-6.103516e-05 | status=accepted
[UL Convergence Solve] | user=0 | block=1 | stage=reduced_n_fixed_step | n_kl=37 | served_bits=240
[UL Convergence] | phase=optimize | user=0 | block=1 | n_kl=37 | epoch=1/120 | objective=-15.311069 | rate=15.302254 | power=29.999939 | r_p=0.000000 | r_c=0.000000 | r_s=inf | status=running
[UL Convergence] | phase=optimize | user=0 | block=1 | n_kl=37 | epoch=2/120 | objective=-15.310987 | rate=15.302171 | power=29.999935 | r_p=0.000000 | r_c=0.000000 | r_s=0.002129 | status=running
[UL Convergence] | phase=optimize | user=0 | block=1 | n_kl=37 | epoch=3/120 | objective=-15.310921 | rate=15.302105 | power=29.999945 | r_p=0.000000 | r_c=0.000000 | r_s=0.001401 | status=running
[UL Convergence] | phase=optimize | user=0 | block=1 | n_kl=37 | epoch=4/120 | objective=-15.310910 | rate=15.302094 | power=29.999939 | r_p=0.000000 | r_c=0.000000 | r_s=8.977414e-04 | status=kkt_converged
[UL Convergence Candidate] | user=0 | block=1 | n_kl=37 | search_stage=fixed_step | achieved_rate=15.302254 | rate_gap=-8.815767 | power_gap=-6.103516e-05 | status=accepted
[UL Convergence Solve] | user=0 | block=1 | stage=reduced_n_fixed_step | n_kl=36 | served_bits=240
[UL Convergence] | phase=optimize | user=0 | block=1 | n_kl=36 | epoch=1/120 | objective=-15.269282 | rate=15.260689 | power=29.999935 | r_p=0.000000 | r_c=0.000000 | r_s=inf | status=running
[UL Convergence] | phase=optimize | user=0 | block=1 | n_kl=36 | epoch=2/120 | objective=-15.269210 | rate=15.260616 | power=29.999939 | r_p=0.000000 | r_c=0.000000 | r_s=0.002129 | status=running
[UL Convergence] | phase=optimize | user=0 | block=1 | n_kl=36 | epoch=3/120 | objective=-15.269135 | rate=15.260541 | power=29.999939 | r_p=0.000000 | r_c=0.000000 | r_s=0.001402 | status=running
[UL Convergence] | phase=optimize | user=0 | block=1 | n_kl=36 | epoch=4/120 | objective=-15.269124 | rate=15.260530 | power=29.999945 | r_p=0.000000 | r_c=0.000000 | r_s=8.983782e-04 | status=kkt_converged
[UL Convergence Candidate] | user=0 | block=1 | n_kl=36 | search_stage=fixed_step | achieved_rate=15.260689 | rate_gap=-8.594023 | power_gap=-6.484985e-05 | status=accepted
[UL Convergence Solve] | user=0 | block=1 | stage=reduced_n_fixed_step | n_kl=35 | served_bits=240
[UL Convergence] | phase=optimize | user=0 | block=1 | n_kl=35 | epoch=1/120 | objective=-15.225706 | rate=15.217346 | power=29.999939 | r_p=0.000000 | r_c=0.000000 | r_s=inf | status=running
[UL Convergence] | phase=optimize | user=0 | block=1 | n_kl=35 | epoch=2/120 | objective=-15.225640 | rate=15.217280 | power=29.999929 | r_p=0.000000 | r_c=0.000000 | r_s=0.002129 | status=running
[UL Convergence] | phase=optimize | user=0 | block=1 | n_kl=35 | epoch=3/120 | objective=-15.225569 | rate=15.217209 | power=29.999935 | r_p=0.000000 | r_c=0.000000 | r_s=0.001402 | status=running
[UL Convergence] | phase=optimize | user=0 | block=1 | n_kl=35 | epoch=4/120 | objective=-15.225552 | rate=15.217192 | power=29.999939 | r_p=0.000000 | r_c=0.000000 | r_s=8.990175e-04 | status=kkt_converged
[UL Convergence Candidate] | user=0 | block=1 | n_kl=35 | search_stage=fixed_step | achieved_rate=15.217346 | rate_gap=-8.360203 | power_gap=-6.103516e-05 | status=accepted
[UL Convergence Solve] | user=0 | block=1 | stage=reduced_n_fixed_step | n_kl=34 | served_bits=240
[UL Convergence] | phase=optimize | user=0 | block=1 | n_kl=34 | epoch=1/120 | objective=-15.180221 | rate=15.172108 | power=29.999939 | r_p=0.000000 | r_c=0.000000 | r_s=inf | status=running
[UL Convergence] | phase=optimize | user=0 | block=1 | n_kl=34 | epoch=2/120 | objective=-15.180155 | rate=15.172042 | power=29.999945 | r_p=0.000000 | r_c=0.000000 | r_s=0.002129 | status=running
[UL Convergence] | phase=optimize | user=0 | block=1 | n_kl=34 | epoch=3/120 | objective=-15.180080 | rate=15.171968 | power=29.999935 | r_p=0.000000 | r_c=0.000000 | r_s=0.001403 | status=running
[UL Convergence] | phase=optimize | user=0 | block=1 | n_kl=34 | epoch=4/120 | objective=-15.180076 | rate=15.171963 | power=29.999935 | r_p=0.000000 | r_c=0.000000 | r_s=8.996217e-04 | status=kkt_converged
[UL Convergence Candidate] | user=0 | block=1 | n_kl=34 | search_stage=fixed_step | achieved_rate=15.172108 | rate_gap=-8.113284 | power_gap=-6.103516e-05 | status=accepted
[UL Convergence Solve] | user=0 | block=1 | stage=reduced_n_fixed_step | n_kl=33 | served_bits=240
[UL Convergence] | phase=optimize | user=0 | block=1 | n_kl=33 | epoch=1/120 | objective=-15.132689 | rate=15.124836 | power=29.999945 | r_p=0.000000 | r_c=0.000000 | r_s=inf | status=running
[UL Convergence] | phase=optimize | user=0 | block=1 | n_kl=33 | epoch=2/120 | objective=-15.132617 | rate=15.124765 | power=29.999939 | r_p=0.000000 | r_c=0.000000 | r_s=0.002129 | status=running
[UL Convergence] | phase=optimize | user=0 | block=1 | n_kl=33 | epoch=3/120 | objective=-15.132545 | rate=15.124693 | power=29.999945 | r_p=0.000000 | r_c=0.000000 | r_s=0.001403 | status=running
[UL Convergence] | phase=optimize | user=0 | block=1 | n_kl=33 | epoch=4/120 | objective=-15.132528 | rate=15.124677 | power=29.999939 | r_p=0.000000 | r_c=0.000000 | r_s=9.004177e-04 | status=kkt_converged
[UL Convergence Candidate] | user=0 | block=1 | n_kl=33 | search_stage=fixed_step | achieved_rate=15.124836 | rate_gap=-7.852108 | power_gap=-5.531311e-05 | status=accepted
[UL Convergence Solve] | user=0 | block=1 | stage=reduced_n_fixed_step | n_kl=32 | served_bits=240
[UL Convergence] | phase=optimize | user=0 | block=1 | n_kl=32 | epoch=1/120 | objective=-15.082928 | rate=15.075353 | power=29.999935 | r_p=0.000000 | r_c=0.000000 | r_s=inf | status=running
[UL Convergence] | phase=optimize | user=0 | block=1 | n_kl=32 | epoch=2/120 | objective=-15.082862 | rate=15.075287 | power=29.999939 | r_p=0.000000 | r_c=0.000000 | r_s=0.002129 | status=running
[UL Convergence] | phase=optimize | user=0 | block=1 | n_kl=32 | epoch=3/120 | objective=-15.082792 | rate=15.075217 | power=29.999935 | r_p=0.000000 | r_c=0.000000 | r_s=0.001404 | status=running
[UL Convergence] | phase=optimize | user=0 | block=1 | n_kl=32 | epoch=4/120 | objective=-15.082776 | rate=15.075201 | power=29.999939 | r_p=0.000000 | r_c=0.000000 | r_s=9.011969e-04 | status=kkt_converged
[UL Convergence Candidate] | user=0 | block=1 | n_kl=32 | search_stage=fixed_step | achieved_rate=15.075353 | rate_gap=-7.575353 | power_gap=-6.484985e-05 | status=accepted
[UL Convergence Solve] | user=0 | block=1 | stage=reduced_n_fixed_step | n_kl=31 | served_bits=240
[UL Convergence] | phase=optimize | user=0 | block=1 | n_kl=31 | epoch=1/120 | objective=-15.030795 | rate=15.023514 | power=29.999939 | r_p=0.000000 | r_c=0.000000 | r_s=inf | status=running
[UL Convergence] | phase=optimize | user=0 | block=1 | n_kl=31 | epoch=2/120 | objective=-15.030722 | rate=15.023440 | power=29.999939 | r_p=0.000000 | r_c=0.000000 | r_s=0.002129 | status=running
[UL Convergence] | phase=optimize | user=0 | block=1 | n_kl=31 | epoch=3/120 | objective=-15.030637 | rate=15.023355 | power=29.999935 | r_p=0.000000 | r_c=0.000000 | r_s=0.001405 | status=running
[UL Convergence] | phase=optimize | user=0 | block=1 | n_kl=31 | epoch=4/120 | objective=-15.030635 | rate=15.023354 | power=29.999939 | r_p=0.000000 | r_c=0.000000 | r_s=9.021671e-04 | status=kkt_converged
[UL Convergence Candidate] | user=0 | block=1 | n_kl=31 | search_stage=fixed_step | achieved_rate=15.023514 | rate_gap=-7.281579 | power_gap=-6.103516e-05 | status=accepted
[UL Convergence Solve] | user=0 | block=1 | stage=reduced_n_fixed_step | n_kl=30 | served_bits=240
[UL Convergence] | phase=optimize | user=0 | block=1 | n_kl=30 | epoch=1/120 | objective=-14.976057 | rate=14.969088 | power=29.999939 | r_p=0.000000 | r_c=0.000000 | r_s=inf | status=running
[UL Convergence] | phase=optimize | user=0 | block=1 | n_kl=30 | epoch=2/120 | objective=-14.975994 | rate=14.969025 | power=29.999939 | r_p=0.000000 | r_c=0.000000 | r_s=0.002129 | status=running
[UL Convergence] | phase=optimize | user=0 | block=1 | n_kl=30 | epoch=3/120 | objective=-14.975909 | rate=14.968941 | power=29.999939 | r_p=0.000000 | r_c=0.000000 | r_s=0.001406 | status=running
[UL Convergence] | phase=optimize | user=0 | block=1 | n_kl=30 | epoch=4/120 | objective=-14.975904 | rate=14.968935 | power=29.999939 | r_p=0.000000 | r_c=0.000000 | r_s=9.029641e-04 | status=kkt_converged
[UL Convergence Candidate] | user=0 | block=1 | n_kl=30 | search_stage=fixed_step | achieved_rate=14.969088 | rate_gap=-6.969088 | power_gap=-6.103516e-05 | status=accepted
[UL Convergence Solve] | user=0 | block=1 | stage=reduced_n_fixed_step | n_kl=29 | served_bits=240
[UL Convergence] | phase=optimize | user=0 | block=1 | n_kl=29 | epoch=1/120 | objective=-14.918512 | rate=14.911877 | power=29.999945 | r_p=0.000000 | r_c=0.000000 | r_s=inf | status=running
[UL Convergence] | phase=optimize | user=0 | block=1 | n_kl=29 | epoch=2/120 | objective=-14.918439 | rate=14.911803 | power=29.999945 | r_p=0.000000 | r_c=0.000000 | r_s=0.002129 | status=running
[UL Convergence] | phase=optimize | user=0 | block=1 | n_kl=29 | epoch=3/120 | objective=-14.918364 | rate=14.911728 | power=29.999939 | r_p=0.000000 | r_c=0.000000 | r_s=0.001407 | status=running
[UL Convergence] | phase=optimize | user=0 | block=1 | n_kl=29 | epoch=4/120 | objective=-14.918356 | rate=14.911720 | power=29.999939 | r_p=0.000000 | r_c=0.000000 | r_s=9.042116e-04 | status=kkt_converged
[UL Convergence Candidate] | user=0 | block=1 | n_kl=29 | search_stage=fixed_step | achieved_rate=14.911877 | rate_gap=-6.636015 | power_gap=-5.531311e-05 | status=accepted
[UL Convergence Solve] | user=0 | block=1 | stage=reduced_n_fixed_step | n_kl=28 | served_bits=240
[UL Convergence] | phase=optimize | user=0 | block=1 | n_kl=28 | epoch=1/120 | objective=-14.857908 | rate=14.851628 | power=29.999945 | r_p=0.000000 | r_c=0.000000 | r_s=inf | status=running
[UL Convergence] | phase=optimize | user=0 | block=1 | n_kl=28 | epoch=2/120 | objective=-14.857831 | rate=14.851551 | power=29.999939 | r_p=0.000000 | r_c=0.000000 | r_s=0.002130 | status=running
[UL Convergence] | phase=optimize | user=0 | block=1 | n_kl=28 | epoch=3/120 | objective=-14.857764 | rate=14.851484 | power=29.999945 | r_p=0.000000 | r_c=0.000000 | r_s=0.001408 | status=running
[UL Convergence] | phase=optimize | user=0 | block=1 | n_kl=28 | epoch=4/120 | objective=-14.857751 | rate=14.851471 | power=29.999945 | r_p=0.000000 | r_c=0.000000 | r_s=9.052485e-04 | status=kkt_converged
[UL Convergence Candidate] | user=0 | block=1 | n_kl=28 | search_stage=fixed_step | achieved_rate=14.851628 | rate_gap=-6.280200 | power_gap=-5.531311e-05 | status=accepted
[UL Convergence Solve] | user=0 | block=1 | stage=reduced_n_fixed_step | n_kl=27 | served_bits=240
[UL Convergence] | phase=optimize | user=0 | block=1 | n_kl=27 | epoch=1/120 | objective=-14.793953 | rate=14.788054 | power=29.999945 | r_p=0.000000 | r_c=0.000000 | r_s=inf | status=running
[UL Convergence] | phase=optimize | user=0 | block=1 | n_kl=27 | epoch=2/120 | objective=-14.793886 | rate=14.787987 | power=29.999939 | r_p=0.000000 | r_c=0.000000 | r_s=0.002130 | status=running
[UL Convergence] | phase=optimize | user=0 | block=1 | n_kl=27 | epoch=3/120 | objective=-14.793797 | rate=14.787898 | power=29.999939 | r_p=0.000000 | r_c=0.000000 | r_s=0.001409 | status=running
[UL Convergence] | phase=optimize | user=0 | block=1 | n_kl=27 | epoch=4/120 | objective=-14.793802 | rate=14.787903 | power=29.999945 | r_p=0.000000 | r_c=0.000000 | r_s=9.064876e-04 | status=kkt_converged
[UL Convergence Candidate] | user=0 | block=1 | n_kl=27 | search_stage=fixed_step | achieved_rate=14.788054 | rate_gap=-5.899164 | power_gap=-5.531311e-05 | status=accepted
[UL Convergence Solve] | user=0 | block=1 | stage=reduced_n_fixed_step | n_kl=26 | served_bits=240
[UL Convergence] | phase=optimize | user=0 | block=1 | n_kl=26 | epoch=1/120 | objective=-14.726343 | rate=14.720853 | power=29.999939 | r_p=0.000000 | r_c=0.000000 | r_s=inf | status=running
[UL Convergence] | phase=optimize | user=0 | block=1 | n_kl=26 | epoch=2/120 | objective=-14.726279 | rate=14.720789 | power=29.999935 | r_p=0.000000 | r_c=0.000000 | r_s=0.002130 | status=running
[UL Convergence] | phase=optimize | user=0 | block=1 | n_kl=26 | epoch=3/120 | objective=-14.726193 | rate=14.720703 | power=29.999939 | r_p=0.000000 | r_c=0.000000 | r_s=0.001410 | status=running
[UL Convergence] | phase=optimize | user=0 | block=1 | n_kl=26 | epoch=4/120 | objective=-14.726191 | rate=14.720700 | power=29.999945 | r_p=0.000000 | r_c=0.000000 | r_s=9.078948e-04 | status=kkt_converged
[UL Convergence Candidate] | user=0 | block=1 | n_kl=26 | search_stage=fixed_step | achieved_rate=14.720853 | rate_gap=-5.490084 | power_gap=-6.103516e-05 | status=accepted
[UL Convergence Solve] | user=0 | block=1 | stage=reduced_n_fixed_step | n_kl=25 | served_bits=240
[UL Convergence] | phase=optimize | user=0 | block=1 | n_kl=25 | epoch=1/120 | objective=-14.654712 | rate=14.649662 | power=29.999935 | r_p=0.000000 | r_c=0.000000 | r_s=inf | status=running
[UL Convergence] | phase=optimize | user=0 | block=1 | n_kl=25 | epoch=2/120 | objective=-14.654644 | rate=14.649594 | power=29.999945 | r_p=0.000000 | r_c=0.000000 | r_s=0.002130 | status=running
[UL Convergence] | phase=optimize | user=0 | block=1 | n_kl=25 | epoch=3/120 | objective=-14.654554 | rate=14.649505 | power=29.999935 | r_p=0.000000 | r_c=0.000000 | r_s=0.001411 | status=running
[UL Convergence] | phase=optimize | user=0 | block=1 | n_kl=25 | epoch=4/120 | objective=-14.654555 | rate=14.649506 | power=29.999929 | r_p=0.000000 | r_c=0.000000 | r_s=9.093212e-04 | status=kkt_converged
[UL Convergence Candidate] | user=0 | block=1 | n_kl=25 | search_stage=fixed_step | achieved_rate=14.649662 | rate_gap=-5.049662 | power_gap=-6.484985e-05 | status=accepted
[UL Convergence Solve] | user=0 | block=1 | stage=reduced_n_fixed_step | n_kl=24 | served_bits=240
[UL Convergence] | phase=optimize | user=0 | block=1 | n_kl=24 | epoch=1/120 | objective=-14.578624 | rate=14.574050 | power=29.999945 | r_p=0.000000 | r_c=0.000000 | r_s=inf | status=running
[UL Convergence] | phase=optimize | user=0 | block=1 | n_kl=24 | epoch=2/120 | objective=-14.578563 | rate=14.573989 | power=29.999935 | r_p=0.000000 | r_c=0.000000 | r_s=0.002130 | status=running
[UL Convergence] | phase=optimize | user=0 | block=1 | n_kl=24 | epoch=3/120 | objective=-14.578482 | rate=14.573908 | power=29.999939 | r_p=0.000000 | r_c=0.000000 | r_s=0.001413 | status=running
[UL Convergence] | phase=optimize | user=0 | block=1 | n_kl=24 | epoch=4/120 | objective=-14.578480 | rate=14.573906 | power=29.999939 | r_p=0.000000 | r_c=0.000000 | r_s=9.110937e-04 | status=kkt_converged
[UL Convergence Candidate] | user=0 | block=1 | n_kl=24 | search_stage=fixed_step | achieved_rate=14.574050 | rate_gap=-4.574050 | power_gap=-5.531311e-05 | status=accepted
[UL Convergence Solve] | user=0 | block=1 | stage=reduced_n_fixed_step | n_kl=23 | served_bits=240
[UL Convergence] | phase=optimize | user=0 | block=1 | n_kl=23 | epoch=1/120 | objective=-14.497644 | rate=14.493586 | power=29.999935 | r_p=0.000000 | r_c=0.000000 | r_s=inf | status=running
[UL Convergence] | phase=optimize | user=0 | block=1 | n_kl=23 | epoch=2/120 | objective=-14.497564 | rate=14.493505 | power=29.999945 | r_p=0.000000 | r_c=0.000000 | r_s=0.002130 | status=running
[UL Convergence] | phase=optimize | user=0 | block=1 | n_kl=23 | epoch=3/120 | objective=-14.497494 | rate=14.493435 | power=29.999939 | r_p=0.000000 | r_c=0.000000 | r_s=0.001415 | status=running
[UL Convergence] | phase=optimize | user=0 | block=1 | n_kl=23 | epoch=4/120 | objective=-14.497484 | rate=14.493425 | power=29.999935 | r_p=0.000000 | r_c=0.000000 | r_s=9.128607e-04 | status=kkt_converged
[UL Convergence Candidate] | user=0 | block=1 | n_kl=23 | search_stage=fixed_step | achieved_rate=14.493586 | rate_gap=-4.058803 | power_gap=-6.484985e-05 | status=accepted
[UL Convergence Solve] | user=0 | block=1 | stage=reduced_n_fixed_step | n_kl=22 | served_bits=240
[UL Convergence] | phase=optimize | user=0 | block=1 | n_kl=22 | epoch=1/120 | objective=-14.411182 | rate=14.407683 | power=29.999939 | r_p=0.000000 | r_c=0.000000 | r_s=inf | status=running
[UL Convergence] | phase=optimize | user=0 | block=1 | n_kl=22 | epoch=2/120 | objective=-14.411100 | rate=14.407602 | power=29.999929 | r_p=0.000000 | r_c=0.000000 | r_s=0.002130 | status=running
[UL Convergence] | phase=optimize | user=0 | block=1 | n_kl=22 | epoch=3/120 | objective=-14.411030 | rate=14.407532 | power=29.999939 | r_p=0.000000 | r_c=0.000000 | r_s=0.001416 | status=running
[UL Convergence] | phase=optimize | user=0 | block=1 | n_kl=22 | epoch=4/120 | objective=-14.411022 | rate=14.407524 | power=29.999939 | r_p=0.000000 | r_c=0.000000 | r_s=9.149477e-04 | status=kkt_converged
[UL Convergence Candidate] | user=0 | block=1 | n_kl=22 | search_stage=fixed_step | achieved_rate=14.407683 | rate_gap=-3.498592 | power_gap=-6.103516e-05 | status=accepted
[UL Convergence Solve] | user=0 | block=1 | stage=reduced_n_fixed_step | n_kl=21 | served_bits=240
[UL Convergence] | phase=optimize | user=0 | block=1 | n_kl=21 | epoch=1/120 | objective=-14.318589 | rate=14.315702 | power=29.999939 | r_p=0.000000 | r_c=0.000000 | r_s=inf | status=running
[UL Convergence] | phase=optimize | user=0 | block=1 | n_kl=21 | epoch=2/120 | objective=-14.318522 | rate=14.315636 | power=29.999939 | r_p=0.000000 | r_c=0.000000 | r_s=0.002131 | status=running
[UL Convergence] | phase=optimize | user=0 | block=1 | n_kl=21 | epoch=3/120 | objective=-14.318444 | rate=14.315557 | power=29.999935 | r_p=0.000000 | r_c=0.000000 | r_s=0.001418 | status=running
[UL Convergence] | phase=optimize | user=0 | block=1 | n_kl=21 | epoch=4/120 | objective=-14.318453 | rate=14.315566 | power=29.999939 | r_p=0.000000 | r_c=0.000000 | r_s=9.171844e-04 | status=kkt_converged
[UL Convergence Candidate] | user=0 | block=1 | n_kl=21 | search_stage=fixed_step | achieved_rate=14.315702 | rate_gap=-2.887131 | power_gap=-6.103516e-05 | status=accepted
[UL Convergence Solve] | user=0 | block=1 | stage=reduced_n_fixed_step | n_kl=20 | served_bits=240
[UL Convergence] | phase=optimize | user=0 | block=1 | n_kl=20 | epoch=1/120 | objective=-14.219153 | rate=14.216936 | power=29.999935 | r_p=0.000000 | r_c=0.000000 | r_s=inf | status=running
[UL Convergence] | phase=optimize | user=0 | block=1 | n_kl=20 | epoch=2/120 | objective=-14.219067 | rate=14.216849 | power=29.999935 | r_p=0.000000 | r_c=0.000000 | r_s=0.002131 | status=running
[UL Convergence] | phase=optimize | user=0 | block=1 | n_kl=20 | epoch=3/120 | objective=-14.219001 | rate=14.216784 | power=29.999939 | r_p=0.000000 | r_c=0.000000 | r_s=0.001421 | status=running
[UL Convergence] | phase=optimize | user=0 | block=1 | n_kl=20 | epoch=4/120 | objective=-14.218989 | rate=14.216773 | power=29.999939 | r_p=0.000000 | r_c=0.000000 | r_s=9.195841e-04 | status=kkt_converged
[UL Convergence Candidate] | user=0 | block=1 | n_kl=20 | search_stage=fixed_step | achieved_rate=14.216936 | rate_gap=-2.216936 | power_gap=-6.484985e-05 | status=accepted
[UL Convergence Solve] | user=0 | block=1 | stage=reduced_n_fixed_step | n_kl=19 | served_bits=240
[UL Convergence] | phase=optimize | user=0 | block=1 | n_kl=19 | epoch=1/120 | objective=-14.111923 | rate=14.110444 | power=29.999945 | r_p=0.000000 | r_c=0.000000 | r_s=inf | status=running
[UL Convergence] | phase=optimize | user=0 | block=1 | n_kl=19 | epoch=2/120 | objective=-14.111856 | rate=14.110376 | power=29.999945 | r_p=0.000000 | r_c=0.000000 | r_s=0.002131 | status=running
[UL Convergence] | phase=optimize | user=0 | block=1 | n_kl=19 | epoch=3/120 | objective=-14.111775 | rate=14.110296 | power=29.999935 | r_p=0.000000 | r_c=0.000000 | r_s=0.001423 | status=running
[UL Convergence] | phase=optimize | user=0 | block=1 | n_kl=19 | epoch=4/120 | objective=-14.111773 | rate=14.110293 | power=29.999945 | r_p=0.000000 | r_c=0.000000 | r_s=9.226671e-04 | status=kkt_converged
[UL Convergence Candidate] | user=0 | block=1 | n_kl=19 | search_stage=fixed_step | achieved_rate=14.110444 | rate_gap=-1.478865 | power_gap=-5.531311e-05 | status=accepted
[UL Convergence Solve] | user=0 | block=1 | stage=reduced_n_fixed_step | n_kl=18 | served_bits=240
[UL Convergence] | phase=optimize | user=0 | block=1 | n_kl=18 | epoch=1/120 | objective=-13.995866 | rate=13.995204 | power=29.999945 | r_p=0.000000 | r_c=0.000000 | r_s=inf | status=running
[UL Convergence] | phase=optimize | user=0 | block=1 | n_kl=18 | epoch=2/120 | objective=-13.995802 | rate=13.995140 | power=29.999939 | r_p=0.000000 | r_c=0.000000 | r_s=0.002132 | status=running
[UL Convergence] | phase=optimize | user=0 | block=1 | n_kl=18 | epoch=3/120 | objective=-13.995717 | rate=13.995055 | power=29.999939 | r_p=0.000000 | r_c=0.000000 | r_s=0.001426 | status=running
[UL Convergence] | phase=optimize | user=0 | block=1 | n_kl=18 | epoch=4/120 | objective=-13.995729 | rate=13.995068 | power=29.999935 | r_p=0.000000 | r_c=0.000000 | r_s=9.258821e-04 | status=kkt_converged
[UL Convergence Candidate] | user=0 | block=1 | n_kl=18 | search_stage=fixed_step | achieved_rate=13.995204 | rate_gap=-0.661871 | power_gap=-5.531311e-05 | status=accepted
[UL Convergence Solve] | user=0 | block=1 | stage=reduced_n_fixed_step | n_kl=17 | served_bits=240
[UL Convergence] | phase=optimize | user=0 | block=1 | n_kl=17 | epoch=1/120 | objective=-13.845176 | rate=13.869946 | power=29.999935 | r_p=0.247702 | r_c=0.024770 | r_s=inf | status=running
[UL Convergence] | phase=optimize | user=0 | block=1 | n_kl=17 | epoch=2/120 | objective=-13.844484 | rate=13.869875 | power=29.999935 | r_p=0.247772 | r_c=0.025391 | r_s=0.002127 | status=running
[UL Convergence] | phase=optimize | user=0 | block=1 | n_kl=17 | epoch=3/120 | objective=-13.843794 | rate=13.869806 | power=29.999939 | r_p=0.247841 | r_c=0.026012 | r_s=0.001405 | status=running
[UL Convergence] | phase=optimize | user=0 | block=1 | n_kl=17 | epoch=4/120 | objective=-13.843190 | rate=13.869816 | power=29.999939 | r_p=0.247831 | r_c=0.026625 | r_s=9.607086e-04 | status=stationary_infeasible
[UL Convergence Candidate] | user=0 | block=1 | n_kl=17 | search_stage=fixed_step | achieved_rate=13.869946 | rate_gap=0.247702 | power_gap=-6.484985e-05 | status=rejected
[UL Convergence Reduction] | user=0 | block=1 | n_kl=17 | status=stop_infeasible
[UL Convergence Final] | user=0 | block=1 | feasible_points=33 | chosen_n_kl=18 | served_bits=240 | achieved_rate=13.995204 | power=29.999945 | solve_status=kkt_converged
[UL Convergence Allocation] | user=0 | block=1 | chosen_n_kl=18 | served_bits=240 | committed_bits=240 | remaining_bits=0
[UL Convergence Train] | phase=start | user=1 | mode=payload_completion
[UL Convergence Train] | user=1 | block=0 | remaining_bits=2000
[UL Convergence Block] | user=1 | block=0 | budget_mode=B_rem | requested_bits=2000
[UL Convergence Solve] | user=1 | block=0 | stage=n=T | n_kl=60 | requested_bits=2000
[UL Convergence] | phase=optimize | user=1 | block=0 | n_kl=60 | epoch=1/120 | objective=-11.406007 | rate=13.399400 | power=29.999945 | r_p=19.933933 | r_c=1.993393 | r_s=inf | status=running
[UL Convergence] | phase=optimize | user=1 | block=0 | n_kl=60 | epoch=2/120 | objective=-5.882422 | rate=12.206511 | power=29.999939 | r_p=21.126822 | r_c=6.324089 | r_s=1.198702 | status=running
[UL Convergence] | phase=optimize | user=1 | block=0 | n_kl=60 | epoch=3/120 | objective=-7.024487 | rate=15.917263 | power=29.999939 | r_p=17.416069 | r_c=8.892776 | r_s=0.566461 | status=running
[UL Convergence] | phase=optimize | user=1 | block=0 | n_kl=60 | epoch=4/120 | objective=-5.989720 | rate=17.103437 | power=29.999945 | r_p=16.229895 | r_c=11.113716 | r_s=0.280187 | status=running
[UL Convergence] | phase=optimize | user=1 | block=0 | n_kl=60 | epoch=5/120 | objective=-3.385698 | rate=17.119719 | power=29.999935 | r_p=16.213614 | r_c=13.734020 | r_s=0.186008 | status=running
[UL Convergence] | phase=optimize | user=1 | block=0 | n_kl=60 | epoch=6/120 | objective=-0.621788 | rate=17.052479 | power=29.999939 | r_p=16.280853 | r_c=16.430691 | r_s=0.089892 | status=running
[UL Convergence] | phase=optimize | user=1 | block=0 | n_kl=60 | epoch=7/120 | objective=1.926493 | rate=17.099615 | power=29.999939 | r_p=16.233717 | r_c=19.026109 | r_s=0.066483 | status=running
[UL Convergence] | phase=optimize | user=1 | block=0 | n_kl=60 | epoch=8/120 | objective=4.396502 | rate=17.170439 | power=29.999939 | r_p=16.162893 | r_c=21.566941 | r_s=0.060351 | status=running
[UL Convergence] | phase=optimize | user=1 | block=0 | n_kl=60 | epoch=9/120 | objective=6.872738 | rate=17.224989 | power=29.999945 | r_p=16.108343 | r_c=24.097726 | r_s=0.053104 | status=running
[UL Convergence] | phase=optimize | user=1 | block=0 | n_kl=60 | epoch=10/120 | objective=9.372404 | rate=17.260788 | power=29.999935 | r_p=16.072544 | r_c=26.633192 | r_s=0.046623 | status=running
[UL Convergence] | phase=optimize | user=1 | block=0 | n_kl=60 | epoch=11/120 | objective=11.907053 | rate=17.278042 | power=29.999939 | r_p=16.055290 | r_c=29.185095 | r_s=0.041701 | status=running
[UL Convergence] | phase=optimize | user=1 | block=0 | n_kl=60 | epoch=12/120 | objective=14.478470 | rate=17.280159 | power=29.999945 | r_p=16.053173 | r_c=31.758630 | r_s=0.036022 | status=running
[UL Convergence] | phase=optimize | user=1 | block=0 | n_kl=60 | epoch=13/120 | objective=17.071812 | rate=17.274967 | power=29.999945 | r_p=16.058365 | r_c=34.346778 | r_s=0.029428 | status=running
[UL Convergence] | phase=optimize | user=1 | block=0 | n_kl=60 | epoch=14/120 | objective=19.663853 | rate=17.270927 | power=29.999939 | r_p=16.062405 | r_c=36.934778 | r_s=0.023249 | status=running
[UL Convergence] | phase=optimize | user=1 | block=0 | n_kl=60 | epoch=15/120 | objective=22.238245 | rate=17.272551 | power=29.999945 | r_p=16.060781 | r_c=39.510794 | r_s=0.019660 | status=running
[UL Convergence] | phase=optimize | user=1 | block=0 | n_kl=60 | epoch=16/120 | objective=24.792772 | rate=17.279444 | power=29.999945 | r_p=16.053888 | r_c=42.072216 | r_s=0.019110 | status=running
[UL Convergence] | phase=optimize | user=1 | block=0 | n_kl=60 | epoch=17/120 | objective=27.335869 | rate=17.288483 | power=29.999939 | r_p=16.044849 | r_c=44.624350 | r_s=0.019945 | status=running
[UL Convergence] | phase=optimize | user=1 | block=0 | n_kl=60 | epoch=18/120 | objective=29.879036 | rate=17.296398 | power=29.999945 | r_p=16.036934 | r_c=47.175437 | r_s=0.020389 | status=running
[UL Convergence] | phase=optimize | user=1 | block=0 | n_kl=60 | epoch=19/120 | objective=32.430496 | rate=17.301365 | power=29.999939 | r_p=16.031967 | r_c=49.731863 | r_s=0.019834 | status=running
[UL Convergence] | phase=optimize | user=1 | block=0 | n_kl=60 | epoch=20/120 | objective=34.993286 | rate=17.303114 | power=29.999945 | r_p=16.030218 | r_c=52.296396 | r_s=0.018408 | status=running
[UL Convergence] | phase=optimize | user=1 | block=0 | n_kl=60 | epoch=21/120 | objective=37.565712 | rate=17.302492 | power=29.999945 | r_p=16.030840 | r_c=54.868203 | r_s=0.016380 | status=running
[UL Convergence] | phase=optimize | user=1 | block=0 | n_kl=60 | epoch=22/120 | objective=40.142723 | rate=17.300936 | power=29.999945 | r_p=16.032396 | r_c=57.443658 | r_s=0.014058 | status=running
[UL Convergence] | phase=optimize | user=1 | block=0 | n_kl=60 | epoch=23/120 | objective=42.717712 | rate=17.299963 | power=29.999939 | r_p=16.033369 | r_c=60.017677 | r_s=0.011899 | status=running
[UL Convergence] | phase=optimize | user=1 | block=0 | n_kl=60 | epoch=24/120 | objective=45.285561 | rate=17.300543 | power=29.999939 | r_p=16.032789 | r_c=62.586103 | r_s=0.010538 | status=running
[UL Convergence] | phase=optimize | user=1 | block=0 | n_kl=60 | epoch=25/120 | objective=47.845352 | rate=17.302658 | power=29.999935 | r_p=16.030674 | r_c=65.148010 | r_s=0.010339 | status=running
[UL Convergence] | phase=optimize | user=1 | block=0 | n_kl=60 | epoch=26/120 | objective=50.400326 | rate=17.305500 | power=29.999939 | r_p=16.027832 | r_c=67.705829 | r_s=0.010887 | status=running
[UL Convergence] | phase=optimize | user=1 | block=0 | n_kl=60 | epoch=27/120 | objective=52.955864 | rate=17.307985 | power=29.999939 | r_p=16.025347 | r_c=70.263847 | r_s=0.011446 | status=running
[UL Convergence] | phase=optimize | user=1 | block=0 | n_kl=60 | epoch=28/120 | objective=55.516891 | rate=17.309263 | power=29.999939 | r_p=16.024069 | r_c=72.826156 | r_s=0.011514 | status=running
[UL Convergence] | phase=optimize | user=1 | block=0 | n_kl=60 | epoch=29/120 | objective=58.085411 | rate=17.309120 | power=29.999939 | r_p=16.024212 | r_c=75.394537 | r_s=0.010856 | status=running
[UL Convergence] | phase=optimize | user=1 | block=0 | n_kl=60 | epoch=30/120 | objective=60.659126 | rate=17.308104 | power=29.999945 | r_p=16.025229 | r_c=77.967237 | r_s=0.009456 | status=running
[UL Convergence] | phase=optimize | user=1 | block=0 | n_kl=60 | epoch=31/120 | objective=63.232883 | rate=17.307163 | power=29.999939 | r_p=16.026169 | r_c=80.540042 | r_s=0.007597 | status=running
[UL Convergence] | phase=optimize | user=1 | block=0 | n_kl=60 | epoch=32/120 | objective=65.801254 | rate=17.307163 | power=29.999945 | r_p=16.026169 | r_c=83.108423 | r_s=0.006107 | status=running
[UL Convergence] | phase=optimize | user=1 | block=0 | n_kl=60 | epoch=33/120 | objective=68.362556 | rate=17.308279 | power=29.999939 | r_p=16.025053 | r_c=85.670839 | r_s=0.006213 | status=running
[UL Convergence] | phase=optimize | user=1 | block=0 | n_kl=60 | epoch=34/120 | objective=70.920311 | rate=17.309858 | power=29.999950 | r_p=16.023474 | r_c=88.230166 | r_s=0.007591 | status=running
[UL Convergence] | phase=optimize | user=1 | block=0 | n_kl=60 | epoch=35/120 | objective=73.480537 | rate=17.310951 | power=29.999945 | r_p=16.022381 | r_c=90.791490 | r_s=0.008702 | status=running
[UL Convergence] | phase=optimize | user=1 | block=0 | n_kl=60 | epoch=36/120 | objective=76.047256 | rate=17.311016 | power=29.999945 | r_p=16.022316 | r_c=93.358279 | r_s=0.008646 | status=running
[UL Convergence] | phase=optimize | user=1 | block=0 | n_kl=60 | epoch=37/120 | objective=78.619164 | rate=17.310335 | power=29.999945 | r_p=16.022997 | r_c=95.929502 | r_s=0.007304 | status=running
[UL Convergence] | phase=optimize | user=1 | block=0 | n_kl=60 | epoch=38/120 | objective=81.191147 | rate=17.309689 | power=29.999945 | r_p=16.023643 | r_c=98.500841 | r_s=0.005242 | status=running
[UL Convergence] | phase=optimize | user=1 | block=0 | n_kl=60 | epoch=39/120 | objective=83.758774 | rate=17.309681 | power=29.999939 | r_p=16.023651 | r_c=101.068460 | r_s=0.003869 | status=running
[UL Convergence] | phase=optimize | user=1 | block=0 | n_kl=60 | epoch=40/120 | objective=86.321602 | rate=17.310316 | power=29.999945 | r_p=16.023016 | r_c=103.631926 | r_s=0.004519 | status=running
[UL Convergence] | phase=optimize | user=1 | block=0 | n_kl=60 | epoch=41/120 | objective=88.882889 | rate=17.311115 | power=29.999935 | r_p=16.022217 | r_c=106.194000 | r_s=0.005822 | status=running
[UL Convergence] | phase=optimize | user=1 | block=0 | n_kl=60 | epoch=42/120 | objective=91.446732 | rate=17.311535 | power=29.999945 | r_p=16.021797 | r_c=108.758266 | r_s=0.006433 | status=running
[UL Convergence] | phase=optimize | user=1 | block=0 | n_kl=60 | epoch=43/120 | objective=94.014847 | rate=17.311392 | power=29.999939 | r_p=16.021940 | r_c=111.326240 | r_s=0.006013 | status=running
[UL Convergence] | phase=optimize | user=1 | block=0 | n_kl=60 | epoch=44/120 | objective=96.585114 | rate=17.310993 | power=29.999939 | r_p=16.022339 | r_c=113.896099 | r_s=0.004750 | status=running
[UL Convergence] | phase=optimize | user=1 | block=0 | n_kl=60 | epoch=45/120 | objective=99.154289 | rate=17.310747 | power=29.999945 | r_p=16.022585 | r_c=116.465041 | r_s=0.003297 | status=running
[UL Convergence] | phase=optimize | user=1 | block=0 | n_kl=60 | epoch=46/120 | objective=101.720032 | rate=17.310925 | power=29.999939 | r_p=16.022408 | r_c=119.030955 | r_s=0.002939 | status=running
[UL Convergence] | phase=optimize | user=1 | block=0 | n_kl=60 | epoch=47/120 | objective=104.283340 | rate=17.311375 | power=29.999939 | r_p=16.021957 | r_c=121.594715 | r_s=0.003949 | status=running
[UL Convergence] | phase=optimize | user=1 | block=0 | n_kl=60 | epoch=48/120 | objective=106.847305 | rate=17.311726 | power=29.999935 | r_p=16.021606 | r_c=124.159026 | r_s=0.004916 | status=running
[UL Convergence] | phase=optimize | user=1 | block=0 | n_kl=60 | epoch=49/120 | objective=109.414490 | rate=17.311695 | power=29.999935 | r_p=16.021637 | r_c=126.726186 | r_s=0.004985 | status=running
[UL Convergence] | phase=optimize | user=1 | block=0 | n_kl=60 | epoch=50/120 | objective=111.983986 | rate=17.311411 | power=29.999945 | r_p=16.021921 | r_c=129.295408 | r_s=0.003908 | status=running
[UL Convergence] | phase=optimize | user=1 | block=0 | n_kl=60 | epoch=51/120 | objective=114.552643 | rate=17.311234 | power=29.999939 | r_p=16.022099 | r_c=131.863888 | r_s=0.002132 | status=running
[UL Convergence] | phase=optimize | user=1 | block=0 | n_kl=60 | epoch=52/120 | objective=117.118134 | rate=17.311403 | power=29.999945 | r_p=16.021929 | r_c=134.429540 | r_s=0.001890 | status=running
[UL Convergence] | phase=optimize | user=1 | block=0 | n_kl=60 | epoch=53/120 | objective=119.682182 | rate=17.311714 | power=29.999945 | r_p=16.021618 | r_c=136.993903 | r_s=0.003369 | status=running
[UL Convergence] | phase=optimize | user=1 | block=0 | n_kl=60 | epoch=54/120 | objective=122.247955 | rate=17.311832 | power=29.999939 | r_p=16.021500 | r_c=139.559796 | r_s=0.004074 | status=running
[UL Convergence] | phase=optimize | user=1 | block=0 | n_kl=60 | epoch=55/120 | objective=124.816116 | rate=17.311705 | power=29.999945 | r_p=16.021627 | r_c=142.127814 | r_s=0.003572 | status=running
[UL Convergence] | phase=optimize | user=1 | block=0 | n_kl=60 | epoch=56/120 | objective=127.384583 | rate=17.311550 | power=29.999939 | r_p=16.021782 | r_c=144.696135 | r_s=0.002295 | status=running
[UL Convergence] | phase=optimize | user=1 | block=0 | n_kl=60 | epoch=57/120 | objective=129.951370 | rate=17.311567 | power=29.999939 | r_p=16.021765 | r_c=147.262952 | r_s=0.001613 | status=running
[UL Convergence] | phase=optimize | user=1 | block=0 | n_kl=60 | epoch=58/120 | objective=132.516815 | rate=17.311716 | power=29.999939 | r_p=16.021616 | r_c=149.828530 | r_s=0.002386 | status=running
[UL Convergence] | phase=optimize | user=1 | block=0 | n_kl=60 | epoch=59/120 | objective=135.082565 | rate=17.311829 | power=29.999935 | r_p=16.021503 | r_c=152.394381 | r_s=0.003042 | status=running
[UL Convergence] | phase=optimize | user=1 | block=0 | n_kl=60 | epoch=60/120 | objective=137.649612 | rate=17.311811 | power=29.999939 | r_p=16.021521 | r_c=154.961433 | r_s=0.003007 | status=running
[UL Convergence] | phase=optimize | user=1 | block=0 | n_kl=60 | epoch=61/120 | objective=140.217606 | rate=17.311710 | power=29.999945 | r_p=16.021622 | r_c=157.529318 | r_s=0.002296 | status=running
[UL Convergence] | phase=optimize | user=1 | block=0 | n_kl=60 | epoch=62/120 | objective=142.784760 | rate=17.311689 | power=29.999939 | r_p=16.021643 | r_c=160.096452 | r_s=0.001402 | status=running
[UL Convergence] | phase=optimize | user=1 | block=0 | n_kl=60 | epoch=63/120 | objective=145.350739 | rate=17.311775 | power=29.999939 | r_p=16.021557 | r_c=162.662510 | r_s=0.001649 | status=running
[UL Convergence] | phase=optimize | user=1 | block=0 | n_kl=60 | epoch=64/120 | objective=147.916718 | rate=17.311855 | power=29.999945 | r_p=16.021477 | r_c=165.228587 | r_s=0.002388 | status=running
[UL Convergence] | phase=optimize | user=1 | block=0 | n_kl=60 | epoch=65/120 | objective=150.483902 | rate=17.311831 | power=29.999939 | r_p=16.021502 | r_c=167.795724 | r_s=0.002496 | status=running
[UL Convergence] | phase=optimize | user=1 | block=0 | n_kl=60 | epoch=66/120 | objective=153.051331 | rate=17.311783 | power=29.999939 | r_p=16.021549 | r_c=170.363116 | r_s=0.001834 | status=running
[UL Convergence] | phase=optimize | user=1 | block=0 | n_kl=60 | epoch=67/120 | objective=155.618469 | rate=17.311762 | power=29.999939 | r_p=16.021570 | r_c=172.930243 | r_s=9.291882e-04 | status=stationary_infeasible
[UL Convergence Result] | user=1 | block=0 | n_kl=60 | achieved_rate=17.311855 | power=29.999945 | rate_gap=16.021477 | power_gap=-5.531311e-05 | solve_status=stationary_infeasible
[UL Convergence Allocation] | user=1 | block=0 | n_kl=60 | requested_bits=2000 | served_bits=1038 | full_service=false
[UL Convergence Block] | user=1 | block=0 | stage=post_T | served_bits=1038 | remaining_bits=962
[UL Convergence Reduction] | user=1 | block=0 | served_bits=1038 | direction=descending | strategy=fixed_step | n_min=1
[UL Convergence Reduction] | user=1 | block=0 | status=stop_partial_payload
[UL Convergence Final] | user=1 | block=0 | feasible_points=1 | chosen_n_kl=60 | served_bits=1038 | achieved_rate=17.311855 | power=29.999945 | solve_status=stationary_infeasible
[UL Convergence Allocation] | user=1 | block=0 | chosen_n_kl=60 | served_bits=1038 | committed_bits=1038 | remaining_bits=962
[UL Convergence Train] | user=1 | block=1 | remaining_bits=962
[UL Convergence Block] | user=1 | block=1 | budget_mode=B_rem | requested_bits=962
[UL Convergence Solve] | user=1 | block=1 | stage=n=T | n_kl=60 | requested_bits=962
[UL Convergence] | phase=optimize | user=1 | block=1 | n_kl=60 | epoch=1/120 | objective=-16.431879 | rate=16.431480 | power=29.999945 | r_p=0.000000 | r_c=0.000000 | r_s=inf | status=running
[UL Convergence] | phase=optimize | user=1 | block=1 | n_kl=60 | epoch=2/120 | objective=-16.229465 | rate=16.229269 | power=29.999939 | r_p=0.000000 | r_c=0.000000 | r_s=0.157870 | status=running
[UL Convergence] | phase=optimize | user=1 | block=1 | n_kl=60 | epoch=3/120 | objective=-16.416183 | rate=16.415800 | power=29.999939 | r_p=0.000000 | r_c=0.000000 | r_s=0.113758 | status=running
[UL Convergence] | phase=optimize | user=1 | block=1 | n_kl=60 | epoch=4/120 | objective=-16.386986 | rate=16.386633 | power=29.999939 | r_p=0.000000 | r_c=0.000000 | r_s=0.105915 | status=running
[UL Convergence] | phase=optimize | user=1 | block=1 | n_kl=60 | epoch=5/120 | objective=-16.345762 | rate=16.345449 | power=29.999939 | r_p=0.000000 | r_c=0.000000 | r_s=0.039275 | status=running
[UL Convergence] | phase=optimize | user=1 | block=1 | n_kl=60 | epoch=6/120 | objective=-16.377699 | rate=16.377356 | power=29.999939 | r_p=0.000000 | r_c=0.000000 | r_s=0.026723 | status=running
[UL Convergence] | phase=optimize | user=1 | block=1 | n_kl=60 | epoch=7/120 | objective=-16.416502 | rate=16.416119 | power=29.999945 | r_p=0.000000 | r_c=0.000000 | r_s=0.041128 | status=running
[UL Convergence] | phase=optimize | user=1 | block=1 | n_kl=60 | epoch=8/120 | objective=-16.428041 | rate=16.427647 | power=29.999939 | r_p=0.000000 | r_c=0.000000 | r_s=0.041600 | status=running
[UL Convergence] | phase=optimize | user=1 | block=1 | n_kl=60 | epoch=9/120 | objective=-16.417959 | rate=16.417576 | power=29.999939 | r_p=0.000000 | r_c=0.000000 | r_s=0.032993 | status=running
[UL Convergence] | phase=optimize | user=1 | block=1 | n_kl=60 | epoch=10/120 | objective=-16.405630 | rate=16.405258 | power=29.999935 | r_p=0.000000 | r_c=0.000000 | r_s=0.021364 | status=running
[UL Convergence] | phase=optimize | user=1 | block=1 | n_kl=60 | epoch=11/120 | objective=-16.403763 | rate=16.403393 | power=29.999945 | r_p=0.000000 | r_c=0.000000 | r_s=0.013427 | status=running
[UL Convergence] | phase=optimize | user=1 | block=1 | n_kl=60 | epoch=12/120 | objective=-16.411987 | rate=16.411610 | power=29.999945 | r_p=0.000000 | r_c=0.000000 | r_s=0.015224 | status=running
[UL Convergence] | phase=optimize | user=1 | block=1 | n_kl=60 | epoch=13/120 | objective=-16.422430 | rate=16.422041 | power=29.999935 | r_p=0.000000 | r_c=0.000000 | r_s=0.019518 | status=running
[UL Convergence] | phase=optimize | user=1 | block=1 | n_kl=60 | epoch=14/120 | objective=-16.428482 | rate=16.428087 | power=29.999945 | r_p=0.000000 | r_c=0.000000 | r_s=0.021404 | status=running
[UL Convergence] | phase=optimize | user=1 | block=1 | n_kl=60 | epoch=15/120 | objective=-16.428633 | rate=16.428238 | power=29.999945 | r_p=0.000000 | r_c=0.000000 | r_s=0.020199 | status=running
[UL Convergence] | phase=optimize | user=1 | block=1 | n_kl=60 | epoch=16/120 | objective=-16.425188 | rate=16.424797 | power=29.999939 | r_p=0.000000 | r_c=0.000000 | r_s=0.017559 | status=running
[UL Convergence] | phase=optimize | user=1 | block=1 | n_kl=60 | epoch=17/120 | objective=-16.421614 | rate=16.421227 | power=29.999945 | r_p=0.000000 | r_c=0.000000 | r_s=0.013429 | status=running
[UL Convergence] | phase=optimize | user=1 | block=1 | n_kl=60 | epoch=18/120 | objective=-16.420704 | rate=16.420317 | power=29.999939 | r_p=0.000000 | r_c=0.000000 | r_s=0.009286 | status=running
[UL Convergence] | phase=optimize | user=1 | block=1 | n_kl=60 | epoch=19/120 | objective=-16.422981 | rate=16.422592 | power=29.999945 | r_p=0.000000 | r_c=0.000000 | r_s=0.008713 | status=running
[UL Convergence] | phase=optimize | user=1 | block=1 | n_kl=60 | epoch=20/120 | objective=-16.426817 | rate=16.426424 | power=29.999939 | r_p=0.000000 | r_c=0.000000 | r_s=0.010985 | status=running
[UL Convergence] | phase=optimize | user=1 | block=1 | n_kl=60 | epoch=21/120 | objective=-16.430000 | rate=16.429604 | power=29.999939 | r_p=0.000000 | r_c=0.000000 | r_s=0.012745 | status=running
[UL Convergence] | phase=optimize | user=1 | block=1 | n_kl=60 | epoch=22/120 | objective=-16.431129 | rate=16.430733 | power=29.999950 | r_p=0.000000 | r_c=0.000000 | r_s=0.012959 | status=running
[UL Convergence] | phase=optimize | user=1 | block=1 | n_kl=60 | epoch=23/120 | objective=-16.430243 | rate=16.429846 | power=29.999939 | r_p=0.000000 | r_c=0.000000 | r_s=0.011708 | status=running
[UL Convergence] | phase=optimize | user=1 | block=1 | n_kl=60 | epoch=24/120 | objective=-16.428474 | rate=16.428080 | power=29.999939 | r_p=0.000000 | r_c=0.000000 | r_s=0.009401 | status=running
[UL Convergence] | phase=optimize | user=1 | block=1 | n_kl=60 | epoch=25/120 | objective=-16.427275 | rate=16.426882 | power=29.999945 | r_p=0.000000 | r_c=0.000000 | r_s=0.006787 | status=running
[UL Convergence] | phase=optimize | user=1 | block=1 | n_kl=60 | epoch=26/120 | objective=-16.427511 | rate=16.427118 | power=29.999939 | r_p=0.000000 | r_c=0.000000 | r_s=0.005378 | status=running
[UL Convergence] | phase=optimize | user=1 | block=1 | n_kl=60 | epoch=27/120 | objective=-16.428967 | rate=16.428572 | power=29.999945 | r_p=0.000000 | r_c=0.000000 | r_s=0.006199 | status=running
[UL Convergence] | phase=optimize | user=1 | block=1 | n_kl=60 | epoch=28/120 | objective=-16.430744 | rate=16.430347 | power=29.999939 | r_p=0.000000 | r_c=0.000000 | r_s=0.007750 | status=running
[UL Convergence] | phase=optimize | user=1 | block=1 | n_kl=60 | epoch=29/120 | objective=-16.431892 | rate=16.431494 | power=29.999945 | r_p=0.000000 | r_c=0.000000 | r_s=0.008750 | status=running
[UL Convergence] | phase=optimize | user=1 | block=1 | n_kl=60 | epoch=30/120 | objective=-16.431980 | rate=16.431581 | power=29.999945 | r_p=0.000000 | r_c=0.000000 | r_s=0.008782 | status=running
[UL Convergence] | phase=optimize | user=1 | block=1 | n_kl=60 | epoch=31/120 | objective=-16.431234 | rate=16.430838 | power=29.999939 | r_p=0.000000 | r_c=0.000000 | r_s=0.007753 | status=running
[UL Convergence] | phase=optimize | user=1 | block=1 | n_kl=60 | epoch=32/120 | objective=-16.430344 | rate=16.429947 | power=29.999939 | r_p=0.000000 | r_c=0.000000 | r_s=0.005835 | status=running
[UL Convergence] | phase=optimize | user=1 | block=1 | n_kl=60 | epoch=33/120 | objective=-16.429976 | rate=16.429579 | power=29.999945 | r_p=0.000000 | r_c=0.000000 | r_s=0.003692 | status=running
[UL Convergence] | phase=optimize | user=1 | block=1 | n_kl=60 | epoch=34/120 | objective=-16.430416 | rate=16.430019 | power=29.999939 | r_p=0.000000 | r_c=0.000000 | r_s=0.003139 | status=running
[UL Convergence] | phase=optimize | user=1 | block=1 | n_kl=60 | epoch=35/120 | objective=-16.431385 | rate=16.430988 | power=29.999939 | r_p=0.000000 | r_c=0.000000 | r_s=0.004714 | status=running
[UL Convergence] | phase=optimize | user=1 | block=1 | n_kl=60 | epoch=36/120 | objective=-16.432234 | rate=16.431835 | power=29.999929 | r_p=0.000000 | r_c=0.000000 | r_s=0.006195 | status=running
[UL Convergence] | phase=optimize | user=1 | block=1 | n_kl=60 | epoch=37/120 | objective=-16.432501 | rate=16.432102 | power=29.999945 | r_p=0.000000 | r_c=0.000000 | r_s=0.006623 | status=running
[UL Convergence] | phase=optimize | user=1 | block=1 | n_kl=60 | epoch=38/120 | objective=-16.432146 | rate=16.431747 | power=29.999945 | r_p=0.000000 | r_c=0.000000 | r_s=0.005887 | status=running
[UL Convergence] | phase=optimize | user=1 | block=1 | n_kl=60 | epoch=39/120 | objective=-16.431570 | rate=16.431171 | power=29.999939 | r_p=0.000000 | r_c=0.000000 | r_s=0.004276 | status=running
[UL Convergence] | phase=optimize | user=1 | block=1 | n_kl=60 | epoch=40/120 | objective=-16.431255 | rate=16.430859 | power=29.999939 | r_p=0.000000 | r_c=0.000000 | r_s=0.002334 | status=running
[UL Convergence] | phase=optimize | user=1 | block=1 | n_kl=60 | epoch=41/120 | objective=-16.431448 | rate=16.431049 | power=29.999935 | r_p=0.000000 | r_c=0.000000 | r_s=0.001737 | status=running
[UL Convergence] | phase=optimize | user=1 | block=1 | n_kl=60 | epoch=42/120 | objective=-16.431973 | rate=16.431574 | power=29.999939 | r_p=0.000000 | r_c=0.000000 | r_s=0.003253 | status=running
[UL Convergence] | phase=optimize | user=1 | block=1 | n_kl=60 | epoch=43/120 | objective=-16.432447 | rate=16.432049 | power=29.999939 | r_p=0.000000 | r_c=0.000000 | r_s=0.004511 | status=running
[UL Convergence] | phase=optimize | user=1 | block=1 | n_kl=60 | epoch=44/120 | objective=-16.432583 | rate=16.432184 | power=29.999939 | r_p=0.000000 | r_c=0.000000 | r_s=0.004852 | status=running
[UL Convergence] | phase=optimize | user=1 | block=1 | n_kl=60 | epoch=45/120 | objective=-16.432375 | rate=16.431976 | power=29.999945 | r_p=0.000000 | r_c=0.000000 | r_s=0.004239 | status=running
[UL Convergence] | phase=optimize | user=1 | block=1 | n_kl=60 | epoch=46/120 | objective=-16.432070 | rate=16.431671 | power=29.999935 | r_p=0.000000 | r_c=0.000000 | r_s=0.002905 | status=running
[UL Convergence] | phase=optimize | user=1 | block=1 | n_kl=60 | epoch=47/120 | objective=-16.431944 | rate=16.431545 | power=29.999939 | r_p=0.000000 | r_c=0.000000 | r_s=0.001408 | status=running
[UL Convergence] | phase=optimize | user=1 | block=1 | n_kl=60 | epoch=48/120 | objective=-16.432076 | rate=16.431677 | power=29.999939 | r_p=0.000000 | r_c=0.000000 | r_s=0.001514 | status=running
[UL Convergence] | phase=optimize | user=1 | block=1 | n_kl=60 | epoch=49/120 | objective=-16.432335 | rate=16.431936 | power=29.999935 | r_p=0.000000 | r_c=0.000000 | r_s=0.002637 | status=running
[UL Convergence] | phase=optimize | user=1 | block=1 | n_kl=60 | epoch=50/120 | objective=-16.432535 | rate=16.432137 | power=29.999939 | r_p=0.000000 | r_c=0.000000 | r_s=0.003268 | status=running
[UL Convergence] | phase=optimize | user=1 | block=1 | n_kl=60 | epoch=51/120 | objective=-16.432558 | rate=16.432159 | power=29.999945 | r_p=0.000000 | r_c=0.000000 | r_s=0.003282 | status=running
[UL Convergence] | phase=optimize | user=1 | block=1 | n_kl=60 | epoch=52/120 | objective=-16.432463 | rate=16.432064 | power=29.999945 | r_p=0.000000 | r_c=0.000000 | r_s=0.002818 | status=running
[UL Convergence] | phase=optimize | user=1 | block=1 | n_kl=60 | epoch=53/120 | objective=-16.432339 | rate=16.431940 | power=29.999945 | r_p=0.000000 | r_c=0.000000 | r_s=0.002006 | status=running
[UL Convergence] | phase=optimize | user=1 | block=1 | n_kl=60 | epoch=54/120 | objective=-16.432299 | rate=16.431900 | power=29.999945 | r_p=0.000000 | r_c=0.000000 | r_s=0.001175 | status=running
[UL Convergence] | phase=optimize | user=1 | block=1 | n_kl=60 | epoch=55/120 | objective=-16.432369 | rate=16.431971 | power=29.999939 | r_p=0.000000 | r_c=0.000000 | r_s=0.001330 | status=running
[UL Convergence] | phase=optimize | user=1 | block=1 | n_kl=60 | epoch=56/120 | objective=-16.432493 | rate=16.432095 | power=29.999956 | r_p=0.000000 | r_c=0.000000 | r_s=0.002013 | status=running
[UL Convergence] | phase=optimize | user=1 | block=1 | n_kl=60 | epoch=57/120 | objective=-16.432575 | rate=16.432177 | power=29.999945 | r_p=0.000000 | r_c=0.000000 | r_s=0.002356 | status=running
[UL Convergence] | phase=optimize | user=1 | block=1 | n_kl=60 | epoch=58/120 | objective=-16.432570 | rate=16.432171 | power=29.999945 | r_p=0.000000 | r_c=0.000000 | r_s=0.002291 | status=running
[UL Convergence] | phase=optimize | user=1 | block=1 | n_kl=60 | epoch=59/120 | objective=-16.432528 | rate=16.432129 | power=29.999950 | r_p=0.000000 | r_c=0.000000 | r_s=0.001932 | status=running
[UL Convergence] | phase=optimize | user=1 | block=1 | n_kl=60 | epoch=60/120 | objective=-16.432474 | rate=16.432076 | power=29.999939 | r_p=0.000000 | r_c=0.000000 | r_s=0.001407 | status=running
[UL Convergence] | phase=optimize | user=1 | block=1 | n_kl=60 | epoch=61/120 | objective=-16.432468 | rate=16.432070 | power=29.999939 | r_p=0.000000 | r_c=0.000000 | r_s=0.001024 | status=running
[UL Convergence] | phase=optimize | user=1 | block=1 | n_kl=60 | epoch=62/120 | objective=-16.432507 | rate=16.432108 | power=29.999939 | r_p=0.000000 | r_c=0.000000 | r_s=0.001125 | status=running
[UL Convergence] | phase=optimize | user=1 | block=1 | n_kl=60 | epoch=63/120 | objective=-16.432562 | rate=16.432163 | power=29.999945 | r_p=0.000000 | r_c=0.000000 | r_s=0.001438 | status=running
[UL Convergence] | phase=optimize | user=1 | block=1 | n_kl=60 | epoch=64/120 | objective=-16.432606 | rate=16.432207 | power=29.999945 | r_p=0.000000 | r_c=0.000000 | r_s=0.001664 | status=running
[UL Convergence] | phase=optimize | user=1 | block=1 | n_kl=60 | epoch=65/120 | objective=-16.432594 | rate=16.432196 | power=29.999939 | r_p=0.000000 | r_c=0.000000 | r_s=0.001656 | status=running
[UL Convergence] | phase=optimize | user=1 | block=1 | n_kl=60 | epoch=66/120 | objective=-16.432566 | rate=16.432167 | power=29.999939 | r_p=0.000000 | r_c=0.000000 | r_s=0.001358 | status=running
[UL Convergence] | phase=optimize | user=1 | block=1 | n_kl=60 | epoch=67/120 | objective=-16.432533 | rate=16.432135 | power=29.999945 | r_p=0.000000 | r_c=0.000000 | r_s=8.977132e-04 | status=kkt_converged
[UL Convergence Result] | user=1 | block=1 | n_kl=60 | achieved_rate=16.432207 | power=29.999945 | rate_gap=-0.398874 | power_gap=-5.531311e-05 | solve_status=kkt_converged
[UL Convergence Allocation] | user=1 | block=1 | n_kl=60 | requested_bits=962 | served_bits=962 | full_service=true
[UL Convergence Block] | user=1 | block=1 | stage=post_T | served_bits=962 | remaining_bits=0
[UL Convergence Reduction] | user=1 | block=1 | served_bits=962 | direction=descending | strategy=fixed_step | n_min=1
[UL Convergence Solve] | user=1 | block=1 | stage=reduced_n_fixed_step | n_kl=59 | served_bits=962
[UL Convergence] | phase=optimize | user=1 | block=1 | n_kl=59 | epoch=1/120 | objective=-16.412331 | rate=16.412224 | power=29.999945 | r_p=0.000000 | r_c=0.000000 | r_s=inf | status=running
[UL Convergence] | phase=optimize | user=1 | block=1 | n_kl=59 | epoch=2/120 | objective=-16.412329 | rate=16.412222 | power=29.999945 | r_p=0.000000 | r_c=0.000000 | r_s=0.001656 | status=running
[UL Convergence] | phase=optimize | user=1 | block=1 | n_kl=59 | epoch=3/120 | objective=-16.412292 | rate=16.412186 | power=29.999945 | r_p=0.000000 | r_c=0.000000 | r_s=0.001359 | status=running
[UL Convergence] | phase=optimize | user=1 | block=1 | n_kl=59 | epoch=4/120 | objective=-16.412277 | rate=16.412170 | power=29.999945 | r_p=0.000000 | r_c=0.000000 | r_s=8.984756e-04 | status=kkt_converged
[UL Convergence Candidate] | user=1 | block=1 | n_kl=59 | search_stage=fixed_step | achieved_rate=16.412224 | rate_gap=-0.107140 | power_gap=-5.531311e-05 | status=accepted
[UL Convergence Solve] | user=1 | block=1 | stage=reduced_n_fixed_step | n_kl=58 | served_bits=962
[UL Convergence] | phase=optimize | user=1 | block=1 | n_kl=58 | epoch=1/120 | objective=-16.372272 | rate=16.391722 | power=29.999939 | r_p=0.194485 | r_c=0.019448 | r_s=inf | status=running
[UL Convergence] | phase=optimize | user=1 | block=1 | n_kl=58 | epoch=2/120 | objective=-16.371910 | rate=16.391735 | power=29.999945 | r_p=0.194471 | r_c=0.019825 | r_s=0.001679 | status=running
[UL Convergence] | phase=optimize | user=1 | block=1 | n_kl=58 | epoch=3/120 | objective=-16.371485 | rate=16.391693 | power=29.999939 | r_p=0.194513 | r_c=0.020208 | r_s=0.001370 | status=running
[UL Convergence] | phase=optimize | user=1 | block=1 | n_kl=58 | epoch=4/120 | objective=-16.371092 | rate=16.391680 | power=29.999945 | r_p=0.194527 | r_c=0.020588 | r_s=8.850347e-04 | status=stationary_infeasible
[UL Convergence Candidate] | user=1 | block=1 | n_kl=58 | search_stage=fixed_step | achieved_rate=16.391735 | rate_gap=0.194471 | power_gap=-5.531311e-05 | status=rejected
[UL Convergence Reduction] | user=1 | block=1 | n_kl=58 | status=stop_infeasible
[UL Convergence Final] | user=1 | block=1 | feasible_points=2 | chosen_n_kl=59 | served_bits=962 | achieved_rate=16.412224 | power=29.999945 | solve_status=kkt_converged
[UL Convergence Allocation] | user=1 | block=1 | chosen_n_kl=59 | served_bits=962 | committed_bits=962 | remaining_bits=0
[UL Convergence Train] | phase=start | user=2 | mode=payload_completion
[UL Convergence Train] | user=2 | block=0 | remaining_bits=3000
[UL Convergence Block] | user=2 | block=0 | budget_mode=B_rem | requested_bits=3000
[UL Convergence Solve] | user=2 | block=0 | stage=n=T | n_kl=80 | requested_bits=3000
[UL Convergence] | phase=optimize | user=2 | block=0 | n_kl=80 | epoch=1/120 | objective=-10.738587 | rate=13.171443 | power=29.999945 | r_p=24.328556 | r_c=2.432856 | r_s=inf | status=running
[UL Convergence] | phase=optimize | user=2 | block=0 | n_kl=80 | epoch=2/120 | objective=-3.270803 | rate=12.018302 | power=29.999939 | r_p=25.481697 | r_c=8.747499 | r_s=1.192002 | status=running
[UL Convergence] | phase=optimize | user=2 | block=0 | n_kl=80 | epoch=3/120 | objective=-1.130244 | rate=14.741913 | power=29.999945 | r_p=22.758087 | r_c=13.611670 | r_s=0.556053 | status=running
[UL Convergence] | phase=optimize | user=2 | block=0 | n_kl=80 | epoch=4/120 | objective=2.320763 | rate=15.688572 | power=29.999939 | r_p=21.811428 | r_c=18.009334 | r_s=0.249302 | status=running
[UL Convergence] | phase=optimize | user=2 | block=0 | n_kl=80 | epoch=5/120 | objective=6.264029 | rate=16.086908 | power=29.999939 | r_p=21.413092 | r_c=22.350935 | r_s=0.237818 | status=running
[UL Convergence] | phase=optimize | user=2 | block=0 | n_kl=80 | epoch=6/120 | objective=10.831781 | rate=16.094637 | power=29.999950 | r_p=21.405363 | r_c=26.926418 | r_s=0.186157 | status=running
[UL Convergence] | phase=optimize | user=2 | block=0 | n_kl=80 | epoch=7/120 | objective=15.596140 | rate=16.020824 | power=29.999939 | r_p=21.479176 | r_c=31.616965 | r_s=0.096174 | status=running
[UL Convergence] | phase=optimize | user=2 | block=0 | n_kl=80 | epoch=8/120 | objective=20.138119 | rate=16.047462 | power=29.999945 | r_p=21.452538 | r_c=36.185582 | r_s=0.062989 | status=running
[UL Convergence] | phase=optimize | user=2 | block=0 | n_kl=80 | epoch=9/120 | objective=24.482239 | rate=16.136387 | power=29.999939 | r_p=21.363613 | r_c=40.618624 | r_s=0.074603 | status=running
[UL Convergence] | phase=optimize | user=2 | block=0 | n_kl=80 | epoch=10/120 | objective=28.869190 | rate=16.193237 | power=29.999945 | r_p=21.306763 | r_c=45.062429 | r_s=0.072833 | status=running
[UL Convergence] | phase=optimize | user=2 | block=0 | n_kl=80 | epoch=11/120 | objective=33.386425 | rate=16.200012 | power=29.999945 | r_p=21.299988 | r_c=49.586438 | r_s=0.064265 | status=running
[UL Convergence] | phase=optimize | user=2 | block=0 | n_kl=80 | epoch=12/120 | objective=37.988991 | rate=16.181467 | power=29.999945 | r_p=21.318533 | r_c=54.170456 | r_s=0.053102 | status=running
[UL Convergence] | phase=optimize | user=2 | block=0 | n_kl=80 | epoch=13/120 | objective=42.567734 | rate=16.172424 | power=29.999945 | r_p=21.327576 | r_c=58.740160 | r_s=0.034006 | status=running
[UL Convergence] | phase=optimize | user=2 | block=0 | n_kl=80 | epoch=14/120 | objective=47.053406 | rate=16.188299 | power=29.999945 | r_p=21.311701 | r_c=63.241707 | r_s=0.028422 | status=running
[UL Convergence] | phase=optimize | user=2 | block=0 | n_kl=80 | epoch=15/120 | objective=51.503052 | rate=16.210363 | power=29.999945 | r_p=21.289637 | r_c=67.713416 | r_s=0.034394 | status=running
[UL Convergence] | phase=optimize | user=2 | block=0 | n_kl=80 | epoch=16/120 | objective=56.004021 | rate=16.217537 | power=29.999945 | r_p=21.282463 | r_c=72.221559 | r_s=0.035741 | status=running
[UL Convergence] | phase=optimize | user=2 | block=0 | n_kl=80 | epoch=17/120 | objective=60.571800 | rate=16.209211 | power=29.999945 | r_p=21.290789 | r_c=76.781016 | r_s=0.028854 | status=running
[UL Convergence] | phase=optimize | user=2 | block=0 | n_kl=80 | epoch=18/120 | objective=65.134750 | rate=16.202991 | power=29.999945 | r_p=21.297009 | r_c=81.337747 | r_s=0.017316 | status=running
[UL Convergence] | phase=optimize | user=2 | block=0 | n_kl=80 | epoch=19/120 | objective=69.654892 | rate=16.206068 | power=29.999939 | r_p=21.293932 | r_c=85.860968 | r_s=0.017734 | status=running
[UL Convergence] | phase=optimize | user=2 | block=0 | n_kl=80 | epoch=20/120 | objective=74.158676 | rate=16.211891 | power=29.999939 | r_p=21.288109 | r_c=90.370563 | r_s=0.021440 | status=running
[UL Convergence] | phase=optimize | user=2 | block=0 | n_kl=80 | epoch=21/120 | objective=78.667160 | rate=16.216169 | power=29.999939 | r_p=21.283831 | r_c=94.883327 | r_s=0.020537 | status=running
[UL Convergence] | phase=optimize | user=2 | block=0 | n_kl=80 | epoch=22/120 | objective=83.186066 | rate=16.218128 | power=29.999939 | r_p=21.281872 | r_c=99.404192 | r_s=0.019543 | status=running
[UL Convergence] | phase=optimize | user=2 | block=0 | n_kl=80 | epoch=23/120 | objective=87.721130 | rate=16.217129 | power=29.999939 | r_p=21.282871 | r_c=103.938254 | r_s=0.018766 | status=running
[UL Convergence] | phase=optimize | user=2 | block=0 | n_kl=80 | epoch=24/120 | objective=92.261810 | rate=16.215311 | power=29.999945 | r_p=21.284689 | r_c=108.477124 | r_s=0.015355 | status=running
[UL Convergence] | phase=optimize | user=2 | block=0 | n_kl=80 | epoch=25/120 | objective=96.788948 | rate=16.215826 | power=29.999939 | r_p=21.284174 | r_c=113.004769 | r_s=0.012772 | status=running
[UL Convergence] | phase=optimize | user=2 | block=0 | n_kl=80 | epoch=26/120 | objective=101.305283 | rate=16.217945 | power=29.999935 | r_p=21.282055 | r_c=117.523228 | r_s=0.013941 | status=running
[UL Convergence] | phase=optimize | user=2 | block=0 | n_kl=80 | epoch=27/120 | objective=105.823395 | rate=16.219601 | power=29.999945 | r_p=21.280399 | r_c=122.042992 | r_s=0.014230 | status=running
[UL Convergence] | phase=optimize | user=2 | block=0 | n_kl=80 | epoch=28/120 | objective=110.347443 | rate=16.220249 | power=29.999945 | r_p=21.279751 | r_c=126.567689 | r_s=0.013639 | status=running
[UL Convergence] | phase=optimize | user=2 | block=0 | n_kl=80 | epoch=29/120 | objective=114.879135 | rate=16.219772 | power=29.999939 | r_p=21.280228 | r_c=131.098904 | r_s=0.013028 | status=running
[UL Convergence] | phase=optimize | user=2 | block=0 | n_kl=80 | epoch=30/120 | objective=119.412514 | rate=16.219109 | power=29.999939 | r_p=21.280891 | r_c=135.631616 | r_s=0.010349 | status=running
[UL Convergence] | phase=optimize | user=2 | block=0 | n_kl=80 | epoch=31/120 | objective=123.936447 | rate=16.219744 | power=29.999945 | r_p=21.280256 | r_c=140.156196 | r_s=0.008737 | status=running
[UL Convergence] | phase=optimize | user=2 | block=0 | n_kl=80 | epoch=32/120 | objective=128.456955 | rate=16.220770 | power=29.999939 | r_p=21.279230 | r_c=144.677712 | r_s=0.010813 | status=running
[UL Convergence] | phase=optimize | user=2 | block=0 | n_kl=80 | epoch=33/120 | objective=132.983047 | rate=16.221014 | power=29.999945 | r_p=21.278986 | r_c=149.204056 | r_s=0.010843 | status=running
[UL Convergence] | phase=optimize | user=2 | block=0 | n_kl=80 | epoch=34/120 | objective=137.510178 | rate=16.221113 | power=29.999935 | r_p=21.278887 | r_c=153.731292 | r_s=0.009712 | status=running
[UL Convergence] | phase=optimize | user=2 | block=0 | n_kl=80 | epoch=35/120 | objective=142.036865 | rate=16.221260 | power=29.999945 | r_p=21.278740 | r_c=158.258110 | r_s=0.009827 | status=running
[UL Convergence] | phase=optimize | user=2 | block=0 | n_kl=80 | epoch=36/120 | objective=146.565506 | rate=16.221167 | power=29.999945 | r_p=21.278833 | r_c=162.786673 | r_s=0.008787 | status=running
[UL Convergence] | phase=optimize | user=2 | block=0 | n_kl=80 | epoch=37/120 | objective=151.092911 | rate=16.221222 | power=29.999945 | r_p=21.278778 | r_c=167.314126 | r_s=0.007551 | status=running
[UL Convergence] | phase=optimize | user=2 | block=0 | n_kl=80 | epoch=38/120 | objective=155.617569 | rate=16.221575 | power=29.999945 | r_p=21.278425 | r_c=171.839140 | r_s=0.007535 | status=running
[UL Convergence] | phase=optimize | user=2 | block=0 | n_kl=80 | epoch=39/120 | objective=160.141037 | rate=16.222031 | power=29.999939 | r_p=21.277969 | r_c=176.363075 | r_s=0.007765 | status=running
[UL Convergence] | phase=optimize | user=2 | block=0 | n_kl=80 | epoch=40/120 | objective=164.668625 | rate=16.222025 | power=29.999945 | r_p=21.277975 | r_c=180.890644 | r_s=0.008266 | status=running
[UL Convergence] | phase=optimize | user=2 | block=0 | n_kl=80 | epoch=41/120 | objective=169.199753 | rate=16.221653 | power=29.999939 | r_p=21.278347 | r_c=185.421407 | r_s=0.006422 | status=running
[UL Convergence] | phase=optimize | user=2 | block=0 | n_kl=80 | epoch=42/120 | objective=173.726242 | rate=16.221773 | power=29.999939 | r_p=21.278227 | r_c=189.948015 | r_s=0.005172 | status=running
[UL Convergence] | phase=optimize | user=2 | block=0 | n_kl=80 | epoch=43/120 | objective=178.249817 | rate=16.222172 | power=29.999935 | r_p=21.277828 | r_c=194.472001 | r_s=0.006652 | status=running
[UL Convergence] | phase=optimize | user=2 | block=0 | n_kl=80 | epoch=44/120 | objective=182.775146 | rate=16.222380 | power=29.999945 | r_p=21.277620 | r_c=198.997516 | r_s=0.006868 | status=running
[UL Convergence] | phase=optimize | user=2 | block=0 | n_kl=80 | epoch=45/120 | objective=187.304230 | rate=16.222218 | power=29.999935 | r_p=21.277782 | r_c=203.526438 | r_s=0.006935 | status=running
[UL Convergence] | phase=optimize | user=2 | block=0 | n_kl=80 | epoch=46/120 | objective=191.834183 | rate=16.221983 | power=29.999939 | r_p=21.278017 | r_c=208.056172 | r_s=0.004606 | status=running
[UL Convergence] | phase=optimize | user=2 | block=0 | n_kl=80 | epoch=47/120 | objective=196.358643 | rate=16.222265 | power=29.999939 | r_p=21.277735 | r_c=212.580892 | r_s=0.004240 | status=running
[UL Convergence] | phase=optimize | user=2 | block=0 | n_kl=80 | epoch=48/120 | objective=200.883270 | rate=16.222513 | power=29.999939 | r_p=21.277487 | r_c=217.105782 | r_s=0.006251 | status=running
[UL Convergence] | phase=optimize | user=2 | block=0 | n_kl=80 | epoch=49/120 | objective=205.411713 | rate=16.222414 | power=29.999945 | r_p=21.277586 | r_c=221.634130 | r_s=0.005462 | status=running
[UL Convergence] | phase=optimize | user=2 | block=0 | n_kl=80 | epoch=50/120 | objective=209.940567 | rate=16.222284 | power=29.999945 | r_p=21.277716 | r_c=226.162865 | r_s=0.004247 | status=running
[UL Convergence] | phase=optimize | user=2 | block=0 | n_kl=80 | epoch=51/120 | objective=214.466919 | rate=16.222374 | power=29.999939 | r_p=21.277626 | r_c=230.689305 | r_s=0.003897 | status=running
[UL Convergence] | phase=optimize | user=2 | block=0 | n_kl=80 | epoch=52/120 | objective=218.992599 | rate=16.222515 | power=29.999939 | r_p=21.277485 | r_c=235.215118 | r_s=0.004793 | status=running
[UL Convergence] | phase=optimize | user=2 | block=0 | n_kl=80 | epoch=53/120 | objective=223.519501 | rate=16.222549 | power=29.999939 | r_p=21.277451 | r_c=239.742045 | r_s=0.004615 | status=running
[UL Convergence] | phase=optimize | user=2 | block=0 | n_kl=80 | epoch=54/120 | objective=228.048111 | rate=16.222445 | power=29.999950 | r_p=21.277555 | r_c=244.270549 | r_s=0.004369 | status=running
[UL Convergence] | phase=optimize | user=2 | block=0 | n_kl=80 | epoch=55/120 | objective=232.575394 | rate=16.222448 | power=29.999945 | r_p=21.277552 | r_c=248.797848 | r_s=0.002611 | status=running
[UL Convergence] | phase=optimize | user=2 | block=0 | n_kl=80 | epoch=56/120 | objective=237.100983 | rate=16.222586 | power=29.999939 | r_p=21.277414 | r_c=253.323555 | r_s=0.004005 | status=running
[UL Convergence] | phase=optimize | user=2 | block=0 | n_kl=80 | epoch=57/120 | objective=241.628174 | rate=16.222593 | power=29.999945 | r_p=21.277407 | r_c=257.850746 | r_s=0.003931 | status=running
[UL Convergence] | phase=optimize | user=2 | block=0 | n_kl=80 | epoch=58/120 | objective=246.156189 | rate=16.222536 | power=29.999945 | r_p=21.277464 | r_c=262.378732 | r_s=0.003478 | status=running
[UL Convergence] | phase=optimize | user=2 | block=0 | n_kl=80 | epoch=59/120 | objective=250.683701 | rate=16.222523 | power=29.999939 | r_p=21.277477 | r_c=266.906204 | r_s=0.002289 | status=running
[UL Convergence] | phase=optimize | user=2 | block=0 | n_kl=80 | epoch=60/120 | objective=255.209534 | rate=16.222630 | power=29.999939 | r_p=21.277370 | r_c=271.432152 | r_s=0.003135 | status=running
[UL Convergence] | phase=optimize | user=2 | block=0 | n_kl=80 | epoch=61/120 | objective=259.736847 | rate=16.222626 | power=29.999939 | r_p=21.277374 | r_c=275.959466 | r_s=0.003544 | status=running
[UL Convergence] | phase=optimize | user=2 | block=0 | n_kl=80 | epoch=62/120 | objective=264.265228 | rate=16.222548 | power=29.999945 | r_p=21.277452 | r_c=280.487764 | r_s=0.002614 | status=running
[UL Convergence] | phase=optimize | user=2 | block=0 | n_kl=80 | epoch=63/120 | objective=268.791656 | rate=16.222607 | power=29.999950 | r_p=21.277393 | r_c=285.014271 | r_s=0.001898 | status=running
[UL Convergence] | phase=optimize | user=2 | block=0 | n_kl=80 | epoch=64/120 | objective=273.318268 | rate=16.222652 | power=29.999945 | r_p=21.277348 | r_c=289.540923 | r_s=0.003209 | status=running
[UL Convergence] | phase=optimize | user=2 | block=0 | n_kl=80 | epoch=65/120 | objective=277.846008 | rate=16.222620 | power=29.999945 | r_p=21.277380 | r_c=294.068626 | r_s=0.002650 | status=running
[UL Convergence] | phase=optimize | user=2 | block=0 | n_kl=80 | epoch=66/120 | objective=282.373413 | rate=16.222610 | power=29.999945 | r_p=21.277390 | r_c=298.596029 | r_s=0.001824 | status=running
[UL Convergence] | phase=optimize | user=2 | block=0 | n_kl=80 | epoch=67/120 | objective=286.900024 | rate=16.222654 | power=29.999945 | r_p=21.277346 | r_c=303.122677 | r_s=0.002234 | status=running
[UL Convergence] | phase=optimize | user=2 | block=0 | n_kl=80 | epoch=68/120 | objective=291.427307 | rate=16.222652 | power=29.999939 | r_p=21.277348 | r_c=307.649959 | r_s=0.002582 | status=running
[UL Convergence] | phase=optimize | user=2 | block=0 | n_kl=80 | epoch=69/120 | objective=295.955017 | rate=16.222624 | power=29.999939 | r_p=21.277376 | r_c=312.177634 | r_s=0.002103 | status=running
[UL Convergence] | phase=optimize | user=2 | block=0 | n_kl=80 | epoch=70/120 | objective=300.481781 | rate=16.222654 | power=29.999945 | r_p=21.277346 | r_c=316.704447 | r_s=0.001622 | status=running
[UL Convergence] | phase=optimize | user=2 | block=0 | n_kl=80 | epoch=71/120 | objective=305.008911 | rate=16.222664 | power=29.999939 | r_p=21.277336 | r_c=321.231558 | r_s=0.002320 | status=running
[UL Convergence] | phase=optimize | user=2 | block=0 | n_kl=80 | epoch=72/120 | objective=309.536377 | rate=16.222649 | power=29.999945 | r_p=21.277351 | r_c=325.759042 | r_s=0.001969 | status=running
[UL Convergence] | phase=optimize | user=2 | block=0 | n_kl=80 | epoch=73/120 | objective=314.063538 | rate=16.222654 | power=29.999945 | r_p=21.277346 | r_c=330.286210 | r_s=0.001329 | status=running
[UL Convergence] | phase=optimize | user=2 | block=0 | n_kl=80 | epoch=74/120 | objective=318.590607 | rate=16.222668 | power=29.999945 | r_p=21.277332 | r_c=334.813254 | r_s=0.001924 | status=running
[UL Convergence] | phase=optimize | user=2 | block=0 | n_kl=80 | epoch=75/120 | objective=323.117859 | rate=16.222668 | power=29.999939 | r_p=21.277332 | r_c=339.340503 | r_s=0.001828 | status=running
[UL Convergence] | phase=optimize | user=2 | block=0 | n_kl=80 | epoch=76/120 | objective=327.645142 | rate=16.222664 | power=29.999945 | r_p=21.277336 | r_c=343.867813 | r_s=0.001357 | status=running
[UL Convergence] | phase=optimize | user=2 | block=0 | n_kl=80 | epoch=77/120 | objective=332.172424 | rate=16.222664 | power=29.999939 | r_p=21.277336 | r_c=348.395063 | r_s=0.001595 | status=running
[UL Convergence] | phase=optimize | user=2 | block=0 | n_kl=80 | epoch=78/120 | objective=336.699554 | rate=16.222670 | power=29.999939 | r_p=21.277330 | r_c=352.922219 | r_s=0.001620 | status=running
[UL Convergence] | phase=optimize | user=2 | block=0 | n_kl=80 | epoch=79/120 | objective=341.226959 | rate=16.222662 | power=29.999939 | r_p=21.277338 | r_c=357.449595 | r_s=0.001274 | status=running
[UL Convergence] | phase=optimize | user=2 | block=0 | n_kl=80 | epoch=80/120 | objective=345.753937 | rate=16.222673 | power=29.999935 | r_p=21.277327 | r_c=361.976651 | r_s=0.001160 | status=running
[UL Convergence] | phase=optimize | user=2 | block=0 | n_kl=80 | epoch=81/120 | objective=350.281342 | rate=16.222668 | power=29.999945 | r_p=21.277332 | r_c=366.503996 | r_s=0.001668 | status=running
[UL Convergence] | phase=optimize | user=2 | block=0 | n_kl=80 | epoch=82/120 | objective=354.808624 | rate=16.222666 | power=29.999945 | r_p=21.277334 | r_c=371.031278 | r_s=9.908858e-04 | status=stationary_infeasible
[UL Convergence Result] | user=2 | block=0 | n_kl=80 | achieved_rate=16.222673 | power=29.999935 | rate_gap=21.277327 | power_gap=-6.484985e-05 | solve_status=stationary_infeasible
[UL Convergence Allocation] | user=2 | block=0 | n_kl=80 | requested_bits=3000 | served_bits=1297 | full_service=false
[UL Convergence Block] | user=2 | block=0 | stage=post_T | served_bits=1297 | remaining_bits=1703
[UL Convergence Reduction] | user=2 | block=0 | served_bits=1297 | direction=descending | strategy=fixed_step | n_min=1
[UL Convergence Reduction] | user=2 | block=0 | status=stop_partial_payload
[UL Convergence Final] | user=2 | block=0 | feasible_points=1 | chosen_n_kl=80 | served_bits=1297 | achieved_rate=16.222673 | power=29.999935 | solve_status=stationary_infeasible
[UL Convergence Allocation] | user=2 | block=0 | chosen_n_kl=80 | served_bits=1297 | committed_bits=1297 | remaining_bits=1703
[UL Convergence Train] | user=2 | block=1 | remaining_bits=1703
[UL Convergence Block] | user=2 | block=1 | budget_mode=B_rem | requested_bits=1703
[UL Convergence Solve] | user=2 | block=1 | stage=n=T | n_kl=80 | requested_bits=1703
[UL Convergence] | phase=optimize | user=2 | block=1 | n_kl=80 | epoch=1/120 | objective=-16.718300 | rate=17.133682 | power=29.999935 | r_p=4.153818 | r_c=0.415382 | r_s=inf | status=running
[UL Convergence] | phase=optimize | user=2 | block=1 | n_kl=80 | epoch=2/120 | objective=-16.095518 | rate=16.739267 | power=29.999939 | r_p=4.548233 | r_c=0.643749 | r_s=0.230959 | status=running
[UL Convergence] | phase=optimize | user=2 | block=1 | n_kl=80 | epoch=3/120 | objective=-16.288227 | rate=17.075886 | power=29.999939 | r_p=4.211615 | r_c=0.787658 | r_s=0.163559 | status=running
[UL Convergence] | phase=optimize | user=2 | block=1 | n_kl=80 | epoch=4/120 | objective=-16.099617 | rate=17.066746 | power=29.999945 | r_p=4.220755 | r_c=0.967130 | r_s=0.119060 | status=running
[UL Convergence] | phase=optimize | user=2 | block=1 | n_kl=80 | epoch=5/120 | objective=-15.870674 | rate=17.026793 | power=29.999945 | r_p=4.260708 | r_c=1.156118 | r_s=0.063499 | status=running
[UL Convergence] | phase=optimize | user=2 | block=1 | n_kl=80 | epoch=6/120 | objective=-15.701218 | rate=17.035986 | power=29.999950 | r_p=4.251514 | r_c=1.334768 | r_s=0.046850 | status=running
[UL Convergence] | phase=optimize | user=2 | block=1 | n_kl=80 | epoch=7/120 | objective=-15.562807 | rate=17.067202 | power=29.999939 | r_p=4.220299 | r_c=1.504395 | r_s=0.043922 | status=running
[UL Convergence] | phase=optimize | user=2 | block=1 | n_kl=80 | epoch=8/120 | objective=-15.431207 | rate=17.100454 | power=29.999939 | r_p=4.187046 | r_c=1.669247 | r_s=0.043222 | status=running
[UL Convergence] | phase=optimize | user=2 | block=1 | n_kl=80 | epoch=9/120 | objective=-15.282754 | rate=17.119101 | power=29.999939 | r_p=4.168400 | r_c=1.836346 | r_s=0.041658 | status=running
[UL Convergence] | phase=optimize | user=2 | block=1 | n_kl=80 | epoch=10/120 | objective=-15.110616 | rate=17.120192 | power=29.999939 | r_p=4.167309 | r_c=2.009576 | r_s=0.037229 | status=running
[UL Convergence] | phase=optimize | user=2 | block=1 | n_kl=80 | epoch=11/120 | objective=-14.923895 | rate=17.111624 | power=29.999945 | r_p=4.175877 | r_c=2.187729 | r_s=0.030505 | status=running
[UL Convergence] | phase=optimize | user=2 | block=1 | n_kl=80 | epoch=12/120 | objective=-14.738744 | rate=17.104744 | power=29.999950 | r_p=4.182756 | r_c=2.366000 | r_s=0.023585 | status=running
[UL Convergence] | phase=optimize | user=2 | block=1 | n_kl=80 | epoch=13/120 | objective=-14.566543 | rate=17.106457 | power=29.999945 | r_p=4.181044 | r_c=2.539914 | r_s=0.019929 | status=running
[UL Convergence] | phase=optimize | user=2 | block=1 | n_kl=80 | epoch=14/120 | objective=-14.407155 | rate=17.115808 | power=29.999939 | r_p=4.171692 | r_c=2.708653 | r_s=0.020544 | status=running
[UL Convergence] | phase=optimize | user=2 | block=1 | n_kl=80 | epoch=15/120 | objective=-14.251970 | rate=17.126953 | power=29.999939 | r_p=4.160547 | r_c=2.874982 | r_s=0.022708 | status=running
[UL Convergence] | phase=optimize | user=2 | block=1 | n_kl=80 | epoch=16/120 | objective=-14.090551 | rate=17.133696 | power=29.999935 | r_p=4.153805 | r_c=3.043144 | r_s=0.023795 | status=running
[UL Convergence] | phase=optimize | user=2 | block=1 | n_kl=80 | epoch=17/120 | objective=-13.917668 | rate=17.133503 | power=29.999945 | r_p=4.153997 | r_c=3.215834 | r_s=0.022300 | status=running
[UL Convergence] | phase=optimize | user=2 | block=1 | n_kl=80 | epoch=18/120 | objective=-13.736713 | rate=17.128878 | power=29.999939 | r_p=4.158623 | r_c=3.392164 | r_s=0.018288 | status=running
[UL Convergence] | phase=optimize | user=2 | block=1 | n_kl=80 | epoch=19/120 | objective=-13.556723 | rate=17.125082 | power=29.999935 | r_p=4.162418 | r_c=3.568360 | r_s=0.013240 | status=running
[UL Convergence] | phase=optimize | user=2 | block=1 | n_kl=80 | epoch=20/120 | objective=-13.384859 | rate=17.125816 | power=29.999939 | r_p=4.161684 | r_c=3.740957 | r_s=0.010622 | status=running
[UL Convergence] | phase=optimize | user=2 | block=1 | n_kl=80 | epoch=21/120 | objective=-13.220576 | rate=17.130409 | power=29.999939 | r_p=4.157091 | r_c=3.909833 | r_s=0.012382 | status=running
[UL Convergence] | phase=optimize | user=2 | block=1 | n_kl=80 | epoch=22/120 | objective=-13.057621 | rate=17.135384 | power=29.999945 | r_p=4.152117 | r_c=4.077762 | r_s=0.014837 | status=running
[UL Convergence] | phase=optimize | user=2 | block=1 | n_kl=80 | epoch=23/120 | objective=-12.890142 | rate=17.137815 | power=29.999939 | r_p=4.149685 | r_c=4.247673 | r_s=0.015673 | status=running
[UL Convergence] | phase=optimize | user=2 | block=1 | n_kl=80 | epoch=24/120 | objective=-12.716344 | rate=17.137041 | power=29.999939 | r_p=4.150459 | r_c=4.420697 | r_s=0.014555 | status=running
[UL Convergence] | phase=optimize | user=2 | block=1 | n_kl=80 | epoch=25/120 | objective=-12.539126 | rate=17.134689 | power=29.999945 | r_p=4.152811 | r_c=4.595563 | r_s=0.011781 | status=running
[UL Convergence] | phase=optimize | user=2 | block=1 | n_kl=80 | epoch=26/120 | objective=-12.363648 | rate=17.133284 | power=29.999939 | r_p=4.154217 | r_c=4.769635 | r_s=0.008550 | status=running
[UL Convergence] | phase=optimize | user=2 | block=1 | n_kl=80 | epoch=27/120 | objective=-12.193057 | rate=17.134190 | power=29.999939 | r_p=4.153311 | r_c=4.941132 | r_s=0.007456 | status=running
[UL Convergence] | phase=optimize | user=2 | block=1 | n_kl=80 | epoch=28/120 | objective=-12.026102 | rate=17.136675 | power=29.999950 | r_p=4.150826 | r_c=5.110572 | r_s=0.009378 | status=running
[UL Convergence] | phase=optimize | user=2 | block=1 | n_kl=80 | epoch=29/120 | objective=-11.858482 | rate=17.138731 | power=29.999939 | r_p=4.148769 | r_c=5.280249 | r_s=0.011414 | status=running
[UL Convergence] | phase=optimize | user=2 | block=1 | n_kl=80 | epoch=30/120 | objective=-11.686951 | rate=17.138987 | power=29.999939 | r_p=4.148514 | r_c=5.452036 | r_s=0.011587 | status=running
[UL Convergence] | phase=optimize | user=2 | block=1 | n_kl=80 | epoch=31/120 | objective=-11.512419 | rate=17.137955 | power=29.999945 | r_p=4.149546 | r_c=5.625537 | r_s=0.009632 | status=running
[UL Convergence] | phase=optimize | user=2 | block=1 | n_kl=80 | epoch=32/120 | objective=-11.338369 | rate=17.137178 | power=29.999945 | r_p=4.150322 | r_c=5.798808 | r_s=0.006995 | status=running
[UL Convergence] | phase=optimize | user=2 | block=1 | n_kl=80 | epoch=33/120 | objective=-11.166849 | rate=17.137478 | power=29.999935 | r_p=4.150023 | r_c=5.970629 | r_s=0.006422 | status=running
[UL Convergence] | phase=optimize | user=2 | block=1 | n_kl=80 | epoch=34/120 | objective=-10.996912 | rate=17.138401 | power=29.999945 | r_p=4.149099 | r_c=6.141490 | r_s=0.007647 | status=running
[UL Convergence] | phase=optimize | user=2 | block=1 | n_kl=80 | epoch=35/120 | objective=-10.826483 | rate=17.139084 | power=29.999939 | r_p=4.148417 | r_c=6.312601 | r_s=0.008178 | status=running
[UL Convergence] | phase=optimize | user=2 | block=1 | n_kl=80 | epoch=36/120 | objective=-10.654937 | rate=17.139297 | power=29.999939 | r_p=4.148203 | r_c=6.484361 | r_s=0.007667 | status=running
[UL Convergence] | phase=optimize | user=2 | block=1 | n_kl=80 | epoch=37/120 | objective=-10.482737 | rate=17.139250 | power=29.999945 | r_p=4.148251 | r_c=6.656513 | r_s=0.007019 | status=running
[UL Convergence] | phase=optimize | user=2 | block=1 | n_kl=80 | epoch=38/120 | objective=-10.310284 | rate=17.139109 | power=29.999945 | r_p=4.148392 | r_c=6.828825 | r_s=0.006662 | status=running
[UL Convergence] | phase=optimize | user=2 | block=1 | n_kl=80 | epoch=39/120 | objective=-10.137951 | rate=17.139019 | power=29.999939 | r_p=4.148481 | r_c=7.001068 | r_s=0.006157 | status=running
[UL Convergence] | phase=optimize | user=2 | block=1 | n_kl=80 | epoch=40/120 | objective=-9.966211 | rate=17.139151 | power=29.999945 | r_p=4.148350 | r_c=7.172939 | r_s=0.005401 | status=running
[UL Convergence] | phase=optimize | user=2 | block=1 | n_kl=80 | epoch=41/120 | objective=-9.795176 | rate=17.139530 | power=29.999945 | r_p=4.147970 | r_c=7.344355 | r_s=0.005247 | status=running
[UL Convergence] | phase=optimize | user=2 | block=1 | n_kl=80 | epoch=42/120 | objective=-9.624079 | rate=17.139872 | power=29.999945 | r_p=4.147629 | r_c=7.515793 | r_s=0.005969 | status=running
[UL Convergence] | phase=optimize | user=2 | block=1 | n_kl=80 | epoch=43/120 | objective=-9.452121 | rate=17.139896 | power=29.999939 | r_p=4.147604 | r_c=7.687776 | r_s=0.006339 | status=running
[UL Convergence] | phase=optimize | user=2 | block=1 | n_kl=80 | epoch=44/120 | objective=-9.279415 | rate=17.139662 | power=29.999939 | r_p=4.147839 | r_c=7.860246 | r_s=0.005475 | status=running
[UL Convergence] | phase=optimize | user=2 | block=1 | n_kl=80 | epoch=45/120 | objective=-9.107112 | rate=17.139574 | power=29.999945 | r_p=4.147926 | r_c=8.032462 | r_s=0.003939 | status=running
[UL Convergence] | phase=optimize | user=2 | block=1 | n_kl=80 | epoch=46/120 | objective=-8.935678 | rate=17.139782 | power=29.999939 | r_p=4.147718 | r_c=8.204104 | r_s=0.003837 | status=running
[UL Convergence] | phase=optimize | user=2 | block=1 | n_kl=80 | epoch=47/120 | objective=-8.764455 | rate=17.140051 | power=29.999945 | r_p=4.147449 | r_c=8.375596 | r_s=0.004869 | status=running
[UL Convergence] | phase=optimize | user=2 | block=1 | n_kl=80 | epoch=48/120 | objective=-8.592633 | rate=17.140114 | power=29.999939 | r_p=4.147387 | r_c=8.547480 | r_s=0.005046 | status=running
[UL Convergence] | phase=optimize | user=2 | block=1 | n_kl=80 | epoch=49/120 | objective=-8.420329 | rate=17.140018 | power=29.999945 | r_p=4.147482 | r_c=8.719689 | r_s=0.004277 | status=running
[UL Convergence] | phase=optimize | user=2 | block=1 | n_kl=80 | epoch=50/120 | objective=-8.248116 | rate=17.139956 | power=29.999945 | r_p=4.147545 | r_c=8.891840 | r_s=0.003510 | status=running
[UL Convergence] | phase=optimize | user=2 | block=1 | n_kl=80 | epoch=51/120 | objective=-8.076217 | rate=17.139994 | power=29.999945 | r_p=4.147507 | r_c=9.063777 | r_s=0.003269 | status=running
[UL Convergence] | phase=optimize | user=2 | block=1 | n_kl=80 | epoch=52/120 | objective=-7.904616 | rate=17.140123 | power=29.999945 | r_p=4.147377 | r_c=9.235507 | r_s=0.003448 | status=running
[UL Convergence] | phase=optimize | user=2 | block=1 | n_kl=80 | epoch=53/120 | objective=-7.732927 | rate=17.140221 | power=29.999945 | r_p=4.147280 | r_c=9.407293 | r_s=0.003768 | status=running
[UL Convergence] | phase=optimize | user=2 | block=1 | n_kl=80 | epoch=54/120 | objective=-7.560859 | rate=17.140200 | power=29.999939 | r_p=4.147301 | r_c=9.579341 | r_s=0.003598 | status=running
[UL Convergence] | phase=optimize | user=2 | block=1 | n_kl=80 | epoch=55/120 | objective=-7.388665 | rate=17.140142 | power=29.999945 | r_p=4.147358 | r_c=9.751477 | r_s=0.002925 | status=running
[UL Convergence] | phase=optimize | user=2 | block=1 | n_kl=80 | epoch=56/120 | objective=-7.216679 | rate=17.140148 | power=29.999939 | r_p=4.147352 | r_c=9.923469 | r_s=0.002576 | status=running
[UL Convergence] | phase=optimize | user=2 | block=1 | n_kl=80 | epoch=57/120 | objective=-7.044890 | rate=17.140211 | power=29.999945 | r_p=4.147289 | r_c=10.095321 | r_s=0.002687 | status=running
[UL Convergence] | phase=optimize | user=2 | block=1 | n_kl=80 | epoch=58/120 | objective=-6.873109 | rate=17.140274 | power=29.999939 | r_p=4.147226 | r_c=10.267165 | r_s=0.002832 | status=running
[UL Convergence] | phase=optimize | user=2 | block=1 | n_kl=80 | epoch=59/120 | objective=-6.701135 | rate=17.140280 | power=29.999939 | r_p=4.147221 | r_c=10.439146 | r_s=0.002948 | status=running
[UL Convergence] | phase=optimize | user=2 | block=1 | n_kl=80 | epoch=60/120 | objective=-6.529004 | rate=17.140242 | power=29.999939 | r_p=4.147259 | r_c=10.611238 | r_s=0.002652 | status=running
[UL Convergence] | phase=optimize | user=2 | block=1 | n_kl=80 | epoch=61/120 | objective=-6.356924 | rate=17.140219 | power=29.999935 | r_p=4.147282 | r_c=10.783295 | r_s=0.001893 | status=running
[UL Convergence] | phase=optimize | user=2 | block=1 | n_kl=80 | epoch=62/120 | objective=-6.185140 | rate=17.140278 | power=29.999939 | r_p=4.147223 | r_c=10.955138 | r_s=0.001915 | status=running
[UL Convergence] | phase=optimize | user=2 | block=1 | n_kl=80 | epoch=63/120 | objective=-6.013328 | rate=17.140327 | power=29.999939 | r_p=4.147173 | r_c=11.126999 | r_s=0.002611 | status=running
[UL Convergence] | phase=optimize | user=2 | block=1 | n_kl=80 | epoch=64/120 | objective=-5.841273 | rate=17.140310 | power=29.999939 | r_p=4.147190 | r_c=11.299037 | r_s=0.002529 | status=running
[UL Convergence] | phase=optimize | user=2 | block=1 | n_kl=80 | epoch=65/120 | objective=-5.669103 | rate=17.140263 | power=29.999935 | r_p=4.147238 | r_c=11.471160 | r_s=0.001576 | status=running
[UL Convergence] | phase=optimize | user=2 | block=1 | n_kl=80 | epoch=66/120 | objective=-5.497245 | rate=17.140299 | power=29.999935 | r_p=4.147202 | r_c=11.643055 | r_s=0.001281 | status=running
[UL Convergence] | phase=optimize | user=2 | block=1 | n_kl=80 | epoch=67/120 | objective=-5.325458 | rate=17.140352 | power=29.999939 | r_p=4.147148 | r_c=11.814895 | r_s=0.002052 | status=running
[UL Convergence] | phase=optimize | user=2 | block=1 | n_kl=80 | epoch=68/120 | objective=-5.153432 | rate=17.140343 | power=29.999935 | r_p=4.147158 | r_c=11.986911 | r_s=0.002175 | status=running
[UL Convergence] | phase=optimize | user=2 | block=1 | n_kl=80 | epoch=69/120 | objective=-4.981315 | rate=17.140310 | power=29.999939 | r_p=4.147190 | r_c=12.158995 | r_s=0.001581 | status=running
[UL Convergence] | phase=optimize | user=2 | block=1 | n_kl=80 | epoch=70/120 | objective=-4.809330 | rate=17.140312 | power=29.999945 | r_p=4.147188 | r_c=12.330982 | r_s=0.001036 | status=running
[UL Convergence] | phase=optimize | user=2 | block=1 | n_kl=80 | epoch=71/120 | objective=-4.637485 | rate=17.140348 | power=29.999935 | r_p=4.147152 | r_c=12.502864 | r_s=0.001502 | status=running
[UL Convergence] | phase=optimize | user=2 | block=1 | n_kl=80 | epoch=72/120 | objective=-4.465543 | rate=17.140360 | power=29.999935 | r_p=4.147141 | r_c=12.674818 | r_s=0.001883 | status=running
[UL Convergence] | phase=optimize | user=2 | block=1 | n_kl=80 | epoch=73/120 | objective=-4.293437 | rate=17.140331 | power=29.999939 | r_p=4.147169 | r_c=12.846894 | r_s=0.001465 | status=running
[UL Convergence] | phase=optimize | user=2 | block=1 | n_kl=80 | epoch=74/120 | objective=-4.121431 | rate=17.140327 | power=29.999939 | r_p=4.147173 | r_c=13.018896 | r_s=8.258036e-04 | status=stationary_infeasible
[UL Convergence Result] | user=2 | block=1 | n_kl=80 | achieved_rate=17.140360 | power=29.999935 | rate_gap=4.147141 | power_gap=-6.484985e-05 | solve_status=stationary_infeasible
[UL Convergence Allocation] | user=2 | block=1 | n_kl=80 | requested_bits=1703 | served_bits=1371 | full_service=false
[UL Convergence Block] | user=2 | block=1 | stage=post_T | served_bits=1371 | remaining_bits=332
[UL Convergence Reduction] | user=2 | block=1 | served_bits=1371 | direction=descending | strategy=fixed_step | n_min=1
[UL Convergence Reduction] | user=2 | block=1 | status=stop_partial_payload
[UL Convergence Final] | user=2 | block=1 | feasible_points=1 | chosen_n_kl=80 | served_bits=1371 | achieved_rate=17.140360 | power=29.999935 | solve_status=stationary_infeasible
[UL Convergence Allocation] | user=2 | block=1 | chosen_n_kl=80 | served_bits=1371 | committed_bits=1371 | remaining_bits=332
[UL Convergence Train] | user=2 | block=2 | remaining_bits=332
[UL Convergence Block] | user=2 | block=2 | budget_mode=B_rem | requested_bits=332
[UL Convergence Solve] | user=2 | block=2 | stage=n=T | n_kl=80 | requested_bits=332
[UL Convergence] | phase=optimize | user=2 | block=2 | n_kl=80 | epoch=1/120 | objective=-16.523878 | rate=16.511517 | power=29.999945 | r_p=0.000000 | r_c=0.000000 | r_s=inf | status=running
[UL Convergence] | phase=optimize | user=2 | block=2 | n_kl=80 | epoch=2/120 | objective=-16.410185 | rate=16.397938 | power=29.999945 | r_p=0.000000 | r_c=0.000000 | r_s=0.131890 | status=running
[UL Convergence] | phase=optimize | user=2 | block=2 | n_kl=80 | epoch=3/120 | objective=-16.510241 | rate=16.497892 | power=29.999945 | r_p=0.000000 | r_c=0.000000 | r_s=0.082678 | status=running
[UL Convergence] | phase=optimize | user=2 | block=2 | n_kl=80 | epoch=4/120 | objective=-16.508648 | rate=16.496302 | power=29.999939 | r_p=0.000000 | r_c=0.000000 | r_s=0.072447 | status=running
[UL Convergence] | phase=optimize | user=2 | block=2 | n_kl=80 | epoch=5/120 | objective=-16.482784 | rate=16.470465 | power=29.999945 | r_p=0.000000 | r_c=0.000000 | r_s=0.040007 | status=running
[UL Convergence] | phase=optimize | user=2 | block=2 | n_kl=80 | epoch=6/120 | objective=-16.488722 | rate=16.476395 | power=29.999939 | r_p=0.000000 | r_c=0.000000 | r_s=0.022568 | status=running
[UL Convergence] | phase=optimize | user=2 | block=2 | n_kl=80 | epoch=7/120 | objective=-16.509159 | rate=16.496813 | power=29.999945 | r_p=0.000000 | r_c=0.000000 | r_s=0.028433 | status=running
[UL Convergence] | phase=optimize | user=2 | block=2 | n_kl=80 | epoch=8/120 | objective=-16.521454 | rate=16.509094 | power=29.999935 | r_p=0.000000 | r_c=0.000000 | r_s=0.032517 | status=running
[UL Convergence] | phase=optimize | user=2 | block=2 | n_kl=80 | epoch=9/120 | objective=-16.519976 | rate=16.507618 | power=29.999945 | r_p=0.000000 | r_c=0.000000 | r_s=0.029932 | status=running
[UL Convergence] | phase=optimize | user=2 | block=2 | n_kl=80 | epoch=10/120 | objective=-16.512722 | rate=16.500372 | power=29.999939 | r_p=0.000000 | r_c=0.000000 | r_s=0.022675 | status=running
[UL Convergence] | phase=optimize | user=2 | block=2 | n_kl=80 | epoch=11/120 | objective=-16.509138 | rate=16.496792 | power=29.999939 | r_p=0.000000 | r_c=0.000000 | r_s=0.014933 | status=running
[UL Convergence] | phase=optimize | user=2 | block=2 | n_kl=80 | epoch=12/120 | objective=-16.512472 | rate=16.500122 | power=29.999945 | r_p=0.000000 | r_c=0.000000 | r_s=0.012859 | status=running
[UL Convergence] | phase=optimize | user=2 | block=2 | n_kl=80 | epoch=13/120 | objective=-16.519100 | rate=16.506744 | power=29.999939 | r_p=0.000000 | r_c=0.000000 | r_s=0.016246 | status=running
[UL Convergence] | phase=optimize | user=2 | block=2 | n_kl=80 | epoch=14/120 | objective=-16.523941 | rate=16.511580 | power=29.999945 | r_p=0.000000 | r_c=0.000000 | r_s=0.018572 | status=running
[UL Convergence] | phase=optimize | user=2 | block=2 | n_kl=80 | epoch=15/120 | objective=-16.524706 | rate=16.512344 | power=29.999945 | r_p=0.000000 | r_c=0.000000 | r_s=0.018081 | status=running
[UL Convergence] | phase=optimize | user=2 | block=2 | n_kl=80 | epoch=16/120 | objective=-16.522617 | rate=16.510258 | power=29.999939 | r_p=0.000000 | r_c=0.000000 | r_s=0.015397 | status=running
[UL Convergence] | phase=optimize | user=2 | block=2 | n_kl=80 | epoch=17/120 | objective=-16.520407 | rate=16.508049 | power=29.999939 | r_p=0.000000 | r_c=0.000000 | r_s=0.011773 | status=running
[UL Convergence] | phase=optimize | user=2 | block=2 | n_kl=80 | epoch=18/120 | objective=-16.520130 | rate=16.507772 | power=29.999939 | r_p=0.000000 | r_c=0.000000 | r_s=0.009202 | status=running
[UL Convergence] | phase=optimize | user=2 | block=2 | n_kl=80 | epoch=19/120 | objective=-16.521927 | rate=16.509567 | power=29.999945 | r_p=0.000000 | r_c=0.000000 | r_s=0.009324 | status=running
[UL Convergence] | phase=optimize | user=2 | block=2 | n_kl=80 | epoch=20/120 | objective=-16.524492 | rate=16.512131 | power=29.999939 | r_p=0.000000 | r_c=0.000000 | r_s=0.010821 | status=running
[UL Convergence] | phase=optimize | user=2 | block=2 | n_kl=80 | epoch=21/120 | objective=-16.526281 | rate=16.513918 | power=29.999945 | r_p=0.000000 | r_c=0.000000 | r_s=0.011870 | status=running
[UL Convergence] | phase=optimize | user=2 | block=2 | n_kl=80 | epoch=22/120 | objective=-16.526529 | rate=16.514166 | power=29.999945 | r_p=0.000000 | r_c=0.000000 | r_s=0.011696 | status=running
[UL Convergence] | phase=optimize | user=2 | block=2 | n_kl=80 | epoch=23/120 | objective=-16.525618 | rate=16.513254 | power=29.999945 | r_p=0.000000 | r_c=0.000000 | r_s=0.010223 | status=running
[UL Convergence] | phase=optimize | user=2 | block=2 | n_kl=80 | epoch=24/120 | objective=-16.524609 | rate=16.512247 | power=29.999939 | r_p=0.000000 | r_c=0.000000 | r_s=0.008026 | status=running
[UL Convergence] | phase=optimize | user=2 | block=2 | n_kl=80 | epoch=25/120 | objective=-16.524424 | rate=16.512062 | power=29.999939 | r_p=0.000000 | r_c=0.000000 | r_s=0.006222 | status=running
[UL Convergence] | phase=optimize | user=2 | block=2 | n_kl=80 | epoch=26/120 | objective=-16.525246 | rate=16.512882 | power=29.999945 | r_p=0.000000 | r_c=0.000000 | r_s=0.006146 | status=running
[UL Convergence] | phase=optimize | user=2 | block=2 | n_kl=80 | epoch=27/120 | objective=-16.526527 | rate=16.514164 | power=29.999939 | r_p=0.000000 | r_c=0.000000 | r_s=0.007446 | status=running
[UL Convergence] | phase=optimize | user=2 | block=2 | n_kl=80 | epoch=28/120 | objective=-16.527485 | rate=16.515120 | power=29.999939 | r_p=0.000000 | r_c=0.000000 | r_s=0.008493 | status=running
[UL Convergence] | phase=optimize | user=2 | block=2 | n_kl=80 | epoch=29/120 | objective=-16.527624 | rate=16.515259 | power=29.999939 | r_p=0.000000 | r_c=0.000000 | r_s=0.008512 | status=running
[UL Convergence] | phase=optimize | user=2 | block=2 | n_kl=80 | epoch=30/120 | objective=-16.527086 | rate=16.514721 | power=29.999950 | r_p=0.000000 | r_c=0.000000 | r_s=0.007433 | status=running
[UL Convergence] | phase=optimize | user=2 | block=2 | n_kl=80 | epoch=31/120 | objective=-16.526443 | rate=16.514080 | power=29.999945 | r_p=0.000000 | r_c=0.000000 | r_s=0.005537 | status=running
[UL Convergence] | phase=optimize | user=2 | block=2 | n_kl=80 | epoch=32/120 | objective=-16.526346 | rate=16.513983 | power=29.999950 | r_p=0.000000 | r_c=0.000000 | r_s=0.003881 | status=running
[UL Convergence] | phase=optimize | user=2 | block=2 | n_kl=80 | epoch=33/120 | objective=-16.526899 | rate=16.514534 | power=29.999945 | r_p=0.000000 | r_c=0.000000 | r_s=0.004231 | status=running
[UL Convergence] | phase=optimize | user=2 | block=2 | n_kl=80 | epoch=34/120 | objective=-16.527693 | rate=16.515327 | power=29.999945 | r_p=0.000000 | r_c=0.000000 | r_s=0.005711 | status=running
[UL Convergence] | phase=optimize | user=2 | block=2 | n_kl=80 | epoch=35/120 | objective=-16.528141 | rate=16.515776 | power=29.999945 | r_p=0.000000 | r_c=0.000000 | r_s=0.006608 | status=running
[UL Convergence] | phase=optimize | user=2 | block=2 | n_kl=80 | epoch=36/120 | objective=-16.528027 | rate=16.515661 | power=29.999945 | r_p=0.000000 | r_c=0.000000 | r_s=0.006298 | status=running
[UL Convergence] | phase=optimize | user=2 | block=2 | n_kl=80 | epoch=37/120 | objective=-16.527586 | rate=16.515221 | power=29.999939 | r_p=0.000000 | r_c=0.000000 | r_s=0.004870 | status=running
[UL Convergence] | phase=optimize | user=2 | block=2 | n_kl=80 | epoch=38/120 | objective=-16.527292 | rate=16.514927 | power=29.999939 | r_p=0.000000 | r_c=0.000000 | r_s=0.003075 | status=running
[UL Convergence] | phase=optimize | user=2 | block=2 | n_kl=80 | epoch=39/120 | objective=-16.527428 | rate=16.515062 | power=29.999939 | r_p=0.000000 | r_c=0.000000 | r_s=0.002531 | status=running
[UL Convergence] | phase=optimize | user=2 | block=2 | n_kl=80 | epoch=40/120 | objective=-16.527859 | rate=16.515493 | power=29.999939 | r_p=0.000000 | r_c=0.000000 | r_s=0.003652 | status=running
[UL Convergence] | phase=optimize | user=2 | block=2 | n_kl=80 | epoch=41/120 | objective=-16.528234 | rate=16.515869 | power=29.999939 | r_p=0.000000 | r_c=0.000000 | r_s=0.004650 | status=running
[UL Convergence] | phase=optimize | user=2 | block=2 | n_kl=80 | epoch=42/120 | objective=-16.528311 | rate=16.515945 | power=29.999939 | r_p=0.000000 | r_c=0.000000 | r_s=0.004839 | status=running
[UL Convergence] | phase=optimize | user=2 | block=2 | n_kl=80 | epoch=43/120 | objective=-16.528114 | rate=16.515749 | power=29.999945 | r_p=0.000000 | r_c=0.000000 | r_s=0.004167 | status=running
[UL Convergence] | phase=optimize | user=2 | block=2 | n_kl=80 | epoch=44/120 | objective=-16.527889 | rate=16.515524 | power=29.999939 | r_p=0.000000 | r_c=0.000000 | r_s=0.002868 | status=running
[UL Convergence] | phase=optimize | user=2 | block=2 | n_kl=80 | epoch=45/120 | objective=-16.527853 | rate=16.515488 | power=29.999945 | r_p=0.000000 | r_c=0.000000 | r_s=0.001814 | status=running
[UL Convergence] | phase=optimize | user=2 | block=2 | n_kl=80 | epoch=46/120 | objective=-16.528053 | rate=16.515688 | power=29.999939 | r_p=0.000000 | r_c=0.000000 | r_s=0.002315 | status=running
[UL Convergence] | phase=optimize | user=2 | block=2 | n_kl=80 | epoch=47/120 | objective=-16.528288 | rate=16.515923 | power=29.999939 | r_p=0.000000 | r_c=0.000000 | r_s=0.003244 | status=running
[UL Convergence] | phase=optimize | user=2 | block=2 | n_kl=80 | epoch=48/120 | objective=-16.528389 | rate=16.516024 | power=29.999945 | r_p=0.000000 | r_c=0.000000 | r_s=0.003632 | status=running
[UL Convergence] | phase=optimize | user=2 | block=2 | n_kl=80 | epoch=49/120 | objective=-16.528316 | rate=16.515951 | power=29.999939 | r_p=0.000000 | r_c=0.000000 | r_s=0.003301 | status=running
[UL Convergence] | phase=optimize | user=2 | block=2 | n_kl=80 | epoch=50/120 | objective=-16.528177 | rate=16.515812 | power=29.999945 | r_p=0.000000 | r_c=0.000000 | r_s=0.002411 | status=running
[UL Convergence] | phase=optimize | user=2 | block=2 | n_kl=80 | epoch=51/120 | objective=-16.528124 | rate=16.515759 | power=29.999945 | r_p=0.000000 | r_c=0.000000 | r_s=0.001432 | status=running
[UL Convergence] | phase=optimize | user=2 | block=2 | n_kl=80 | epoch=52/120 | objective=-16.528212 | rate=16.515846 | power=29.999945 | r_p=0.000000 | r_c=0.000000 | r_s=0.001487 | status=running
[UL Convergence] | phase=optimize | user=2 | block=2 | n_kl=80 | epoch=53/120 | objective=-16.528362 | rate=16.515997 | power=29.999939 | r_p=0.000000 | r_c=0.000000 | r_s=0.002304 | status=running
[UL Convergence] | phase=optimize | user=2 | block=2 | n_kl=80 | epoch=54/120 | objective=-16.528427 | rate=16.516062 | power=29.999939 | r_p=0.000000 | r_c=0.000000 | r_s=0.002762 | status=running
[UL Convergence] | phase=optimize | user=2 | block=2 | n_kl=80 | epoch=55/120 | objective=-16.528393 | rate=16.516027 | power=29.999939 | r_p=0.000000 | r_c=0.000000 | r_s=0.002606 | status=running
[UL Convergence] | phase=optimize | user=2 | block=2 | n_kl=80 | epoch=56/120 | objective=-16.528307 | rate=16.515942 | power=29.999939 | r_p=0.000000 | r_c=0.000000 | r_s=0.001904 | status=running
[UL Convergence] | phase=optimize | user=2 | block=2 | n_kl=80 | epoch=57/120 | objective=-16.528267 | rate=16.515902 | power=29.999939 | r_p=0.000000 | r_c=0.000000 | r_s=0.001032 | status=running
[UL Convergence] | phase=optimize | user=2 | block=2 | n_kl=80 | epoch=58/120 | objective=-16.528315 | rate=16.515949 | power=29.999935 | r_p=0.000000 | r_c=0.000000 | r_s=0.001050 | status=running
[UL Convergence] | phase=optimize | user=2 | block=2 | n_kl=80 | epoch=59/120 | objective=-16.528402 | rate=16.516037 | power=29.999939 | r_p=0.000000 | r_c=0.000000 | r_s=0.001733 | status=running
[UL Convergence] | phase=optimize | user=2 | block=2 | n_kl=80 | epoch=60/120 | objective=-16.528448 | rate=16.516083 | power=29.999935 | r_p=0.000000 | r_c=0.000000 | r_s=0.002114 | status=running
[UL Convergence] | phase=optimize | user=2 | block=2 | n_kl=80 | epoch=61/120 | objective=-16.528418 | rate=16.516052 | power=29.999939 | r_p=0.000000 | r_c=0.000000 | r_s=0.001971 | status=running
[UL Convergence] | phase=optimize | user=2 | block=2 | n_kl=80 | epoch=62/120 | objective=-16.528374 | rate=16.516008 | power=29.999939 | r_p=0.000000 | r_c=0.000000 | r_s=0.001388 | status=running
[UL Convergence] | phase=optimize | user=2 | block=2 | n_kl=80 | epoch=63/120 | objective=-16.528349 | rate=16.515984 | power=29.999945 | r_p=0.000000 | r_c=0.000000 | r_s=6.804479e-04 | status=kkt_converged
[UL Convergence Result] | user=2 | block=2 | n_kl=80 | achieved_rate=16.516083 | power=29.999935 | rate_gap=-12.366083 | power_gap=-6.484985e-05 | solve_status=kkt_converged
[UL Convergence Allocation] | user=2 | block=2 | n_kl=80 | requested_bits=332 | served_bits=332 | full_service=true
[UL Convergence Block] | user=2 | block=2 | stage=post_T | served_bits=332 | remaining_bits=0
[UL Convergence Reduction] | user=2 | block=2 | served_bits=332 | direction=descending | strategy=fixed_step | n_min=1
[UL Convergence Solve] | user=2 | block=2 | stage=reduced_n_fixed_step | n_kl=79 | served_bits=332
[UL Convergence] | phase=optimize | user=2 | block=2 | n_kl=79 | epoch=1/120 | objective=-16.515455 | rate=16.503155 | power=29.999945 | r_p=0.000000 | r_c=0.000000 | r_s=inf | status=running
[UL Convergence] | phase=optimize | user=2 | block=2 | n_kl=79 | epoch=2/120 | objective=-16.515423 | rate=16.503122 | power=29.999939 | r_p=0.000000 | r_c=0.000000 | r_s=0.001971 | status=running
[UL Convergence] | phase=optimize | user=2 | block=2 | n_kl=79 | epoch=3/120 | objective=-16.515373 | rate=16.503073 | power=29.999939 | r_p=0.000000 | r_c=0.000000 | r_s=0.001389 | status=running
[UL Convergence] | phase=optimize | user=2 | block=2 | n_kl=79 | epoch=4/120 | objective=-16.515360 | rate=16.503059 | power=29.999945 | r_p=0.000000 | r_c=0.000000 | r_s=6.812566e-04 | status=kkt_converged
[UL Convergence Candidate] | user=2 | block=2 | n_kl=79 | search_stage=fixed_step | achieved_rate=16.503155 | rate_gap=-12.300623 | power_gap=-5.531311e-05 | status=accepted
[UL Convergence Solve] | user=2 | block=2 | stage=reduced_n_fixed_step | n_kl=78 | served_bits=332
[UL Convergence] | phase=optimize | user=2 | block=2 | n_kl=78 | epoch=1/120 | objective=-16.502211 | rate=16.489977 | power=29.999939 | r_p=0.000000 | r_c=0.000000 | r_s=inf | status=running
[UL Convergence] | phase=optimize | user=2 | block=2 | n_kl=78 | epoch=2/120 | objective=-16.502190 | rate=16.489956 | power=29.999939 | r_p=0.000000 | r_c=0.000000 | r_s=0.001972 | status=running
[UL Convergence] | phase=optimize | user=2 | block=2 | n_kl=78 | epoch=3/120 | objective=-16.502132 | rate=16.489899 | power=29.999939 | r_p=0.000000 | r_c=0.000000 | r_s=0.001390 | status=running
[UL Convergence] | phase=optimize | user=2 | block=2 | n_kl=78 | epoch=4/120 | objective=-16.502121 | rate=16.489887 | power=29.999939 | r_p=0.000000 | r_c=0.000000 | r_s=6.818349e-04 | status=kkt_converged
[UL Convergence Candidate] | user=2 | block=2 | n_kl=78 | search_stage=fixed_step | achieved_rate=16.489977 | rate_gap=-12.233566 | power_gap=-6.103516e-05 | status=accepted
[UL Convergence Solve] | user=2 | block=2 | stage=reduced_n_fixed_step | n_kl=77 | served_bits=332
[UL Convergence] | phase=optimize | user=2 | block=2 | n_kl=77 | epoch=1/120 | objective=-16.488708 | rate=16.476543 | power=29.999945 | r_p=0.000000 | r_c=0.000000 | r_s=inf | status=running
[UL Convergence] | phase=optimize | user=2 | block=2 | n_kl=77 | epoch=2/120 | objective=-16.488684 | rate=16.476519 | power=29.999939 | r_p=0.000000 | r_c=0.000000 | r_s=0.001972 | status=running
[UL Convergence] | phase=optimize | user=2 | block=2 | n_kl=77 | epoch=3/120 | objective=-16.488632 | rate=16.476467 | power=29.999945 | r_p=0.000000 | r_c=0.000000 | r_s=0.001391 | status=running
[UL Convergence] | phase=optimize | user=2 | block=2 | n_kl=77 | epoch=4/120 | objective=-16.488613 | rate=16.476448 | power=29.999939 | r_p=0.000000 | r_c=0.000000 | r_s=6.826196e-04 | status=kkt_converged
[UL Convergence Candidate] | user=2 | block=2 | n_kl=77 | search_stage=fixed_step | achieved_rate=16.476543 | rate_gap=-12.164855 | power_gap=-5.531311e-05 | status=accepted
[UL Convergence Solve] | user=2 | block=2 | stage=reduced_n_fixed_step | n_kl=76 | served_bits=332
[UL Convergence] | phase=optimize | user=2 | block=2 | n_kl=76 | epoch=1/120 | objective=-16.474945 | rate=16.462851 | power=29.999945 | r_p=0.000000 | r_c=0.000000 | r_s=inf | status=running
[UL Convergence] | phase=optimize | user=2 | block=2 | n_kl=76 | epoch=2/120 | objective=-16.474918 | rate=16.462824 | power=29.999935 | r_p=0.000000 | r_c=0.000000 | r_s=0.001973 | status=running
[UL Convergence] | phase=optimize | user=2 | block=2 | n_kl=76 | epoch=3/120 | objective=-16.474865 | rate=16.462770 | power=29.999945 | r_p=0.000000 | r_c=0.000000 | r_s=0.001392 | status=running
[UL Convergence] | phase=optimize | user=2 | block=2 | n_kl=76 | epoch=4/120 | objective=-16.474852 | rate=16.462757 | power=29.999939 | r_p=0.000000 | r_c=0.000000 | r_s=6.833343e-04 | status=kkt_converged
[UL Convergence Candidate] | user=2 | block=2 | n_kl=76 | search_stage=fixed_step | achieved_rate=16.462851 | rate_gap=-12.094429 | power_gap=-5.531311e-05 | status=accepted
[UL Convergence Solve] | user=2 | block=2 | stage=reduced_n_fixed_step | n_kl=75 | served_bits=332
[UL Convergence] | phase=optimize | user=2 | block=2 | n_kl=75 | epoch=1/120 | objective=-16.460903 | rate=16.448881 | power=29.999939 | r_p=0.000000 | r_c=0.000000 | r_s=inf | status=running
[UL Convergence] | phase=optimize | user=2 | block=2 | n_kl=75 | epoch=2/120 | objective=-16.460876 | rate=16.448854 | power=29.999939 | r_p=0.000000 | r_c=0.000000 | r_s=0.001973 | status=running
[UL Convergence] | phase=optimize | user=2 | block=2 | n_kl=75 | epoch=3/120 | objective=-16.460827 | rate=16.448805 | power=29.999935 | r_p=0.000000 | r_c=0.000000 | r_s=0.001393 | status=running
[UL Convergence] | phase=optimize | user=2 | block=2 | n_kl=75 | epoch=4/120 | objective=-16.460814 | rate=16.448792 | power=29.999945 | r_p=0.000000 | r_c=0.000000 | r_s=6.840313e-04 | status=kkt_converged
[UL Convergence Candidate] | user=2 | block=2 | n_kl=75 | search_stage=fixed_step | achieved_rate=16.448881 | rate_gap=-12.022215 | power_gap=-6.103516e-05 | status=accepted
[UL Convergence Solve] | user=2 | block=2 | stage=reduced_n_fixed_step | n_kl=74 | served_bits=332
[UL Convergence] | phase=optimize | user=2 | block=2 | n_kl=74 | epoch=1/120 | objective=-16.446568 | rate=16.434620 | power=29.999939 | r_p=0.000000 | r_c=0.000000 | r_s=inf | status=running
[UL Convergence] | phase=optimize | user=2 | block=2 | n_kl=74 | epoch=2/120 | objective=-16.446552 | rate=16.434605 | power=29.999939 | r_p=0.000000 | r_c=0.000000 | r_s=0.001973 | status=running
[UL Convergence] | phase=optimize | user=2 | block=2 | n_kl=74 | epoch=3/120 | objective=-16.446510 | rate=16.434563 | power=29.999945 | r_p=0.000000 | r_c=0.000000 | r_s=0.001394 | status=running
[UL Convergence] | phase=optimize | user=2 | block=2 | n_kl=74 | epoch=4/120 | objective=-16.446484 | rate=16.434536 | power=29.999939 | r_p=0.000000 | r_c=0.000000 | r_s=6.848401e-04 | status=kkt_converged
[UL Convergence Candidate] | user=2 | block=2 | n_kl=74 | search_stage=fixed_step | achieved_rate=16.434620 | rate_gap=-11.948133 | power_gap=-6.103516e-05 | status=accepted
[UL Convergence Solve] | user=2 | block=2 | stage=reduced_n_fixed_step | n_kl=73 | served_bits=332
[UL Convergence] | phase=optimize | user=2 | block=2 | n_kl=73 | epoch=1/120 | objective=-16.431961 | rate=16.420090 | power=29.999939 | r_p=0.000000 | r_c=0.000000 | r_s=inf | status=running
[UL Convergence] | phase=optimize | user=2 | block=2 | n_kl=73 | epoch=2/120 | objective=-16.431934 | rate=16.420063 | power=29.999939 | r_p=0.000000 | r_c=0.000000 | r_s=0.001974 | status=running
[UL Convergence] | phase=optimize | user=2 | block=2 | n_kl=73 | epoch=3/120 | objective=-16.431883 | rate=16.420012 | power=29.999939 | r_p=0.000000 | r_c=0.000000 | r_s=0.001394 | status=running
[UL Convergence] | phase=optimize | user=2 | block=2 | n_kl=73 | epoch=4/120 | objective=-16.431868 | rate=16.419996 | power=29.999935 | r_p=0.000000 | r_c=0.000000 | r_s=6.856118e-04 | status=kkt_converged
[UL Convergence Candidate] | user=2 | block=2 | n_kl=73 | search_stage=fixed_step | achieved_rate=16.420090 | rate_gap=-11.872145 | power_gap=-6.103516e-05 | status=accepted
[UL Convergence Solve] | user=2 | block=2 | stage=reduced_n_fixed_step | n_kl=72 | served_bits=332
[UL Convergence] | phase=optimize | user=2 | block=2 | n_kl=72 | epoch=1/120 | objective=-16.417036 | rate=16.405241 | power=29.999945 | r_p=0.000000 | r_c=0.000000 | r_s=inf | status=running
[UL Convergence] | phase=optimize | user=2 | block=2 | n_kl=72 | epoch=2/120 | objective=-16.417007 | rate=16.405212 | power=29.999945 | r_p=0.000000 | r_c=0.000000 | r_s=0.001974 | status=running
[UL Convergence] | phase=optimize | user=2 | block=2 | n_kl=72 | epoch=3/120 | objective=-16.416956 | rate=16.405163 | power=29.999939 | r_p=0.000000 | r_c=0.000000 | r_s=0.001395 | status=running
[UL Convergence] | phase=optimize | user=2 | block=2 | n_kl=72 | epoch=4/120 | objective=-16.416933 | rate=16.405140 | power=29.999939 | r_p=0.000000 | r_c=0.000000 | r_s=6.865049e-04 | status=kkt_converged
[UL Convergence Candidate] | user=2 | block=2 | n_kl=72 | search_stage=fixed_step | achieved_rate=16.405241 | rate_gap=-11.794130 | power_gap=-5.531311e-05 | status=accepted
[UL Convergence Solve] | user=2 | block=2 | stage=reduced_n_fixed_step | n_kl=71 | served_bits=332
[UL Convergence] | phase=optimize | user=2 | block=2 | n_kl=71 | epoch=1/120 | objective=-16.401794 | rate=16.390079 | power=29.999945 | r_p=0.000000 | r_c=0.000000 | r_s=inf | status=running
[UL Convergence] | phase=optimize | user=2 | block=2 | n_kl=71 | epoch=2/120 | objective=-16.401775 | rate=16.390060 | power=29.999939 | r_p=0.000000 | r_c=0.000000 | r_s=0.001975 | status=running
[UL Convergence] | phase=optimize | user=2 | block=2 | n_kl=71 | epoch=3/120 | objective=-16.401716 | rate=16.390003 | power=29.999939 | r_p=0.000000 | r_c=0.000000 | r_s=0.001396 | status=running
[UL Convergence] | phase=optimize | user=2 | block=2 | n_kl=71 | epoch=4/120 | objective=-16.401709 | rate=16.389996 | power=29.999945 | r_p=0.000000 | r_c=0.000000 | r_s=6.873372e-04 | status=kkt_converged
[UL Convergence Candidate] | user=2 | block=2 | n_kl=71 | search_stage=fixed_step | achieved_rate=16.390079 | rate_gap=-11.714024 | power_gap=-5.531311e-05 | status=accepted
[UL Convergence Solve] | user=2 | block=2 | stage=reduced_n_fixed_step | n_kl=70 | served_bits=332
[UL Convergence] | phase=optimize | user=2 | block=2 | n_kl=70 | epoch=1/120 | objective=-16.386234 | rate=16.374603 | power=29.999939 | r_p=0.000000 | r_c=0.000000 | r_s=inf | status=running
[UL Convergence] | phase=optimize | user=2 | block=2 | n_kl=70 | epoch=2/120 | objective=-16.386211 | rate=16.374580 | power=29.999945 | r_p=0.000000 | r_c=0.000000 | r_s=0.001975 | status=running
[UL Convergence] | phase=optimize | user=2 | block=2 | n_kl=70 | epoch=3/120 | objective=-16.386166 | rate=16.374535 | power=29.999939 | r_p=0.000000 | r_c=0.000000 | r_s=0.001397 | status=running
[UL Convergence] | phase=optimize | user=2 | block=2 | n_kl=70 | epoch=4/120 | objective=-16.386139 | rate=16.374508 | power=29.999939 | r_p=0.000000 | r_c=0.000000 | r_s=6.881835e-04 | status=kkt_converged
[UL Convergence Candidate] | user=2 | block=2 | n_kl=70 | search_stage=fixed_step | achieved_rate=16.374603 | rate_gap=-11.631746 | power_gap=-6.103516e-05 | status=accepted
[UL Convergence Solve] | user=2 | block=2 | stage=reduced_n_fixed_step | n_kl=69 | served_bits=332
[UL Convergence] | phase=optimize | user=2 | block=2 | n_kl=69 | epoch=1/120 | objective=-16.370337 | rate=16.358789 | power=29.999945 | r_p=0.000000 | r_c=0.000000 | r_s=inf | status=running
[UL Convergence] | phase=optimize | user=2 | block=2 | n_kl=69 | epoch=2/120 | objective=-16.370310 | rate=16.358763 | power=29.999939 | r_p=0.000000 | r_c=0.000000 | r_s=0.001976 | status=running
[UL Convergence] | phase=optimize | user=2 | block=2 | n_kl=69 | epoch=3/120 | objective=-16.370262 | rate=16.358715 | power=29.999935 | r_p=0.000000 | r_c=0.000000 | r_s=0.001398 | status=running
[UL Convergence] | phase=optimize | user=2 | block=2 | n_kl=69 | epoch=4/120 | objective=-16.370243 | rate=16.358696 | power=29.999945 | r_p=0.000000 | r_c=0.000000 | r_s=6.890193e-04 | status=kkt_converged
[UL Convergence Candidate] | user=2 | block=2 | n_kl=69 | search_stage=fixed_step | achieved_rate=16.358789 | rate_gap=-11.547195 | power_gap=-5.531311e-05 | status=accepted
[UL Convergence Solve] | user=2 | block=2 | stage=reduced_n_fixed_step | n_kl=68 | served_bits=332
[UL Convergence] | phase=optimize | user=2 | block=2 | n_kl=68 | epoch=1/120 | objective=-16.354071 | rate=16.342611 | power=29.999939 | r_p=0.000000 | r_c=0.000000 | r_s=inf | status=running
[UL Convergence] | phase=optimize | user=2 | block=2 | n_kl=68 | epoch=2/120 | objective=-16.354053 | rate=16.342594 | power=29.999935 | r_p=0.000000 | r_c=0.000000 | r_s=0.001976 | status=running
[UL Convergence] | phase=optimize | user=2 | block=2 | n_kl=68 | epoch=3/120 | objective=-16.354013 | rate=16.342554 | power=29.999945 | r_p=0.000000 | r_c=0.000000 | r_s=0.001400 | status=running
[UL Convergence] | phase=optimize | user=2 | block=2 | n_kl=68 | epoch=4/120 | objective=-16.353985 | rate=16.342525 | power=29.999939 | r_p=0.000000 | r_c=0.000000 | r_s=6.900043e-04 | status=kkt_converged
[UL Convergence Candidate] | user=2 | block=2 | n_kl=68 | search_stage=fixed_step | achieved_rate=16.342611 | rate_gap=-11.460258 | power_gap=-6.103516e-05 | status=accepted
[UL Convergence Solve] | user=2 | block=2 | stage=reduced_n_fixed_step | n_kl=67 | served_bits=332
[UL Convergence] | phase=optimize | user=2 | block=2 | n_kl=67 | epoch=1/120 | objective=-16.337467 | rate=16.326096 | power=29.999945 | r_p=0.000000 | r_c=0.000000 | r_s=inf | status=running
[UL Convergence] | phase=optimize | user=2 | block=2 | n_kl=67 | epoch=2/120 | objective=-16.337444 | rate=16.326073 | power=29.999935 | r_p=0.000000 | r_c=0.000000 | r_s=0.001977 | status=running
[UL Convergence] | phase=optimize | user=2 | block=2 | n_kl=67 | epoch=3/120 | objective=-16.337395 | rate=16.326023 | power=29.999939 | r_p=0.000000 | r_c=0.000000 | r_s=0.001401 | status=running
[UL Convergence] | phase=optimize | user=2 | block=2 | n_kl=67 | epoch=4/120 | objective=-16.337376 | rate=16.326004 | power=29.999935 | r_p=0.000000 | r_c=0.000000 | r_s=6.909951e-04 | status=kkt_converged
[UL Convergence Candidate] | user=2 | block=2 | n_kl=67 | search_stage=fixed_step | achieved_rate=16.326096 | rate_gap=-11.370872 | power_gap=-5.531311e-05 | status=accepted
[UL Convergence Solve] | user=2 | block=2 | stage=reduced_n_fixed_step | n_kl=66 | served_bits=332
[UL Convergence] | phase=optimize | user=2 | block=2 | n_kl=66 | epoch=1/120 | objective=-16.320471 | rate=16.309193 | power=29.999939 | r_p=0.000000 | r_c=0.000000 | r_s=inf | status=running
[UL Convergence] | phase=optimize | user=2 | block=2 | n_kl=66 | epoch=2/120 | objective=-16.320459 | rate=16.309181 | power=29.999945 | r_p=0.000000 | r_c=0.000000 | r_s=0.001978 | status=running
[UL Convergence] | phase=optimize | user=2 | block=2 | n_kl=66 | epoch=3/120 | objective=-16.320410 | rate=16.309132 | power=29.999945 | r_p=0.000000 | r_c=0.000000 | r_s=0.001402 | status=running
[UL Convergence] | phase=optimize | user=2 | block=2 | n_kl=66 | epoch=4/120 | objective=-16.320383 | rate=16.309105 | power=29.999945 | r_p=0.000000 | r_c=0.000000 | r_s=6.918949e-04 | status=kkt_converged
[UL Convergence Candidate] | user=2 | block=2 | n_kl=66 | search_stage=fixed_step | achieved_rate=16.309193 | rate_gap=-11.278890 | power_gap=-6.103516e-05 | status=accepted
[UL Convergence Solve] | user=2 | block=2 | stage=reduced_n_fixed_step | n_kl=65 | served_bits=332
[UL Convergence] | phase=optimize | user=2 | block=2 | n_kl=65 | epoch=1/120 | objective=-16.303095 | rate=16.291910 | power=29.999939 | r_p=0.000000 | r_c=0.000000 | r_s=inf | status=running
[UL Convergence] | phase=optimize | user=2 | block=2 | n_kl=65 | epoch=2/120 | objective=-16.303066 | rate=16.291882 | power=29.999945 | r_p=0.000000 | r_c=0.000000 | r_s=0.001978 | status=running
[UL Convergence] | phase=optimize | user=2 | block=2 | n_kl=65 | epoch=3/120 | objective=-16.303017 | rate=16.291832 | power=29.999939 | r_p=0.000000 | r_c=0.000000 | r_s=0.001403 | status=running
[UL Convergence] | phase=optimize | user=2 | block=2 | n_kl=65 | epoch=4/120 | objective=-16.302998 | rate=16.291813 | power=29.999945 | r_p=0.000000 | r_c=0.000000 | r_s=6.929270e-04 | status=kkt_converged
[UL Convergence Candidate] | user=2 | block=2 | n_kl=65 | search_stage=fixed_step | achieved_rate=16.291910 | rate_gap=-11.184217 | power_gap=-6.103516e-05 | status=accepted
[UL Convergence Solve] | user=2 | block=2 | stage=reduced_n_fixed_step | n_kl=64 | served_bits=332
[UL Convergence] | phase=optimize | user=2 | block=2 | n_kl=64 | epoch=1/120 | objective=-16.285303 | rate=16.274216 | power=29.999945 | r_p=0.000000 | r_c=0.000000 | r_s=inf | status=running
[UL Convergence] | phase=optimize | user=2 | block=2 | n_kl=64 | epoch=2/120 | objective=-16.285284 | rate=16.274197 | power=29.999945 | r_p=0.000000 | r_c=0.000000 | r_s=0.001979 | status=running
[UL Convergence] | phase=optimize | user=2 | block=2 | n_kl=64 | epoch=3/120 | objective=-16.285234 | rate=16.274147 | power=29.999939 | r_p=0.000000 | r_c=0.000000 | r_s=0.001404 | status=running
[UL Convergence] | phase=optimize | user=2 | block=2 | n_kl=64 | epoch=4/120 | objective=-16.285223 | rate=16.274136 | power=29.999945 | r_p=0.000000 | r_c=0.000000 | r_s=6.940230e-04 | status=kkt_converged
[UL Convergence Candidate] | user=2 | block=2 | n_kl=64 | search_stage=fixed_step | achieved_rate=16.274216 | rate_gap=-11.086716 | power_gap=-5.531311e-05 | status=accepted
[UL Convergence Solve] | user=2 | block=2 | stage=reduced_n_fixed_step | n_kl=63 | served_bits=332
[UL Convergence] | phase=optimize | user=2 | block=2 | n_kl=63 | epoch=1/120 | objective=-16.267097 | rate=16.256111 | power=29.999945 | r_p=0.000000 | r_c=0.000000 | r_s=inf | status=running
[UL Convergence] | phase=optimize | user=2 | block=2 | n_kl=63 | epoch=2/120 | objective=-16.267075 | rate=16.256088 | power=29.999939 | r_p=0.000000 | r_c=0.000000 | r_s=0.001980 | status=running
[UL Convergence] | phase=optimize | user=2 | block=2 | n_kl=63 | epoch=3/120 | objective=-16.267019 | rate=16.256033 | power=29.999945 | r_p=0.000000 | r_c=0.000000 | r_s=0.001405 | status=running
[UL Convergence] | phase=optimize | user=2 | block=2 | n_kl=63 | epoch=4/120 | objective=-16.267000 | rate=16.256014 | power=29.999945 | r_p=0.000000 | r_c=0.000000 | r_s=6.950483e-04 | status=kkt_converged
[UL Convergence Candidate] | user=2 | block=2 | n_kl=63 | search_stage=fixed_step | achieved_rate=16.256111 | rate_gap=-10.986270 | power_gap=-5.531311e-05 | status=accepted
[UL Convergence Solve] | user=2 | block=2 | stage=reduced_n_fixed_step | n_kl=62 | served_bits=332
[UL Convergence] | phase=optimize | user=2 | block=2 | n_kl=62 | epoch=1/120 | objective=-16.248449 | rate=16.237566 | power=29.999945 | r_p=0.000000 | r_c=0.000000 | r_s=inf | status=running
[UL Convergence] | phase=optimize | user=2 | block=2 | n_kl=62 | epoch=2/120 | objective=-16.248423 | rate=16.237539 | power=29.999939 | r_p=0.000000 | r_c=0.000000 | r_s=0.001980 | status=running
[UL Convergence] | phase=optimize | user=2 | block=2 | n_kl=62 | epoch=3/120 | objective=-16.248377 | rate=16.237494 | power=29.999945 | r_p=0.000000 | r_c=0.000000 | r_s=0.001407 | status=running
[UL Convergence] | phase=optimize | user=2 | block=2 | n_kl=62 | epoch=4/120 | objective=-16.248352 | rate=16.237469 | power=29.999939 | r_p=0.000000 | r_c=0.000000 | r_s=6.961904e-04 | status=kkt_converged
[UL Convergence Candidate] | user=2 | block=2 | n_kl=62 | search_stage=fixed_step | achieved_rate=16.237566 | rate_gap=-10.882727 | power_gap=-5.531311e-05 | status=accepted
[UL Convergence Solve] | user=2 | block=2 | stage=reduced_n_fixed_step | n_kl=61 | served_bits=332
[UL Convergence] | phase=optimize | user=2 | block=2 | n_kl=61 | epoch=1/120 | objective=-16.229342 | rate=16.218565 | power=29.999939 | r_p=0.000000 | r_c=0.000000 | r_s=inf | status=running
[UL Convergence] | phase=optimize | user=2 | block=2 | n_kl=61 | epoch=2/120 | objective=-16.229313 | rate=16.218536 | power=29.999939 | r_p=0.000000 | r_c=0.000000 | r_s=0.001981 | status=running
[UL Convergence] | phase=optimize | user=2 | block=2 | n_kl=61 | epoch=3/120 | objective=-16.229256 | rate=16.218479 | power=29.999939 | r_p=0.000000 | r_c=0.000000 | r_s=0.001408 | status=running
[UL Convergence] | phase=optimize | user=2 | block=2 | n_kl=61 | epoch=4/120 | objective=-16.229250 | rate=16.218473 | power=29.999945 | r_p=0.000000 | r_c=0.000000 | r_s=6.972444e-04 | status=kkt_converged
[UL Convergence Candidate] | user=2 | block=2 | n_kl=61 | search_stage=fixed_step | achieved_rate=16.218565 | rate_gap=-10.775942 | power_gap=-6.103516e-05 | status=accepted
[UL Convergence Solve] | user=2 | block=2 | stage=reduced_n_fixed_step | n_kl=60 | served_bits=332
[UL Convergence] | phase=optimize | user=2 | block=2 | n_kl=60 | epoch=1/120 | objective=-16.209761 | rate=16.199095 | power=29.999945 | r_p=0.000000 | r_c=0.000000 | r_s=inf | status=running
[UL Convergence] | phase=optimize | user=2 | block=2 | n_kl=60 | epoch=2/120 | objective=-16.209732 | rate=16.199066 | power=29.999939 | r_p=0.000000 | r_c=0.000000 | r_s=0.001982 | status=running
[UL Convergence] | phase=optimize | user=2 | block=2 | n_kl=60 | epoch=3/120 | objective=-16.209686 | rate=16.199020 | power=29.999939 | r_p=0.000000 | r_c=0.000000 | r_s=0.001409 | status=running
[UL Convergence] | phase=optimize | user=2 | block=2 | n_kl=60 | epoch=4/120 | objective=-16.209667 | rate=16.199001 | power=29.999945 | r_p=0.000000 | r_c=0.000000 | r_s=6.984701e-04 | status=kkt_converged
[UL Convergence Candidate] | user=2 | block=2 | n_kl=60 | search_stage=fixed_step | achieved_rate=16.199095 | rate_gap=-10.665762 | power_gap=-5.531311e-05 | status=accepted
[UL Convergence Solve] | user=2 | block=2 | stage=reduced_n_fixed_step | n_kl=59 | served_bits=332
[UL Convergence] | phase=optimize | user=2 | block=2 | n_kl=59 | epoch=1/120 | objective=-16.189669 | rate=16.179117 | power=29.999939 | r_p=0.000000 | r_c=0.000000 | r_s=inf | status=running
[UL Convergence] | phase=optimize | user=2 | block=2 | n_kl=59 | epoch=2/120 | objective=-16.189655 | rate=16.179104 | power=29.999939 | r_p=0.000000 | r_c=0.000000 | r_s=0.001982 | status=running
[UL Convergence] | phase=optimize | user=2 | block=2 | n_kl=59 | epoch=3/120 | objective=-16.189598 | rate=16.179047 | power=29.999939 | r_p=0.000000 | r_c=0.000000 | r_s=0.001411 | status=running
[UL Convergence] | phase=optimize | user=2 | block=2 | n_kl=59 | epoch=4/120 | objective=-16.189585 | rate=16.179033 | power=29.999945 | r_p=0.000000 | r_c=0.000000 | r_s=6.997070e-04 | status=kkt_converged
[UL Convergence Candidate] | user=2 | block=2 | n_kl=59 | search_stage=fixed_step | achieved_rate=16.179117 | rate_gap=-10.551998 | power_gap=-6.103516e-05 | status=accepted
[UL Convergence Solve] | user=2 | block=2 | stage=reduced_n_fixed_step | n_kl=58 | served_bits=332
[UL Convergence] | phase=optimize | user=2 | block=2 | n_kl=58 | epoch=1/120 | objective=-16.169079 | rate=16.158644 | power=29.999945 | r_p=0.000000 | r_c=0.000000 | r_s=inf | status=running
[UL Convergence] | phase=optimize | user=2 | block=2 | n_kl=58 | epoch=2/120 | objective=-16.169056 | rate=16.158621 | power=29.999939 | r_p=0.000000 | r_c=0.000000 | r_s=0.001983 | status=running
[UL Convergence] | phase=optimize | user=2 | block=2 | n_kl=58 | epoch=3/120 | objective=-16.169006 | rate=16.158571 | power=29.999945 | r_p=0.000000 | r_c=0.000000 | r_s=0.001412 | status=running
[UL Convergence] | phase=optimize | user=2 | block=2 | n_kl=58 | epoch=4/120 | objective=-16.168978 | rate=16.158543 | power=29.999945 | r_p=0.000000 | r_c=0.000000 | r_s=7.009999e-04 | status=kkt_converged
[UL Convergence Candidate] | user=2 | block=2 | n_kl=58 | search_stage=fixed_step | achieved_rate=16.158644 | rate_gap=-10.434505 | power_gap=-5.531311e-05 | status=accepted
[UL Convergence Solve] | user=2 | block=2 | stage=reduced_n_fixed_step | n_kl=57 | served_bits=332
[UL Convergence] | phase=optimize | user=2 | block=2 | n_kl=57 | epoch=1/120 | objective=-16.147938 | rate=16.137625 | power=29.999945 | r_p=0.000000 | r_c=0.000000 | r_s=inf | status=running
[UL Convergence] | phase=optimize | user=2 | block=2 | n_kl=57 | epoch=2/120 | objective=-16.147917 | rate=16.137604 | power=29.999945 | r_p=0.000000 | r_c=0.000000 | r_s=0.001984 | status=running
[UL Convergence] | phase=optimize | user=2 | block=2 | n_kl=57 | epoch=3/120 | objective=-16.147861 | rate=16.137548 | power=29.999939 | r_p=0.000000 | r_c=0.000000 | r_s=0.001414 | status=running
[UL Convergence] | phase=optimize | user=2 | block=2 | n_kl=57 | epoch=4/120 | objective=-16.147842 | rate=16.137529 | power=29.999945 | r_p=0.000000 | r_c=0.000000 | r_s=7.023361e-04 | status=kkt_converged
[UL Convergence Candidate] | user=2 | block=2 | n_kl=57 | search_stage=fixed_step | achieved_rate=16.137625 | rate_gap=-10.313063 | power_gap=-5.531311e-05 | status=accepted
[UL Convergence Solve] | user=2 | block=2 | stage=reduced_n_fixed_step | n_kl=56 | served_bits=332
[UL Convergence] | phase=optimize | user=2 | block=2 | n_kl=56 | epoch=1/120 | objective=-16.126226 | rate=16.116039 | power=29.999945 | r_p=0.000000 | r_c=0.000000 | r_s=inf | status=running
[UL Convergence] | phase=optimize | user=2 | block=2 | n_kl=56 | epoch=2/120 | objective=-16.126211 | rate=16.116024 | power=29.999939 | r_p=0.000000 | r_c=0.000000 | r_s=0.001984 | status=running
[UL Convergence] | phase=optimize | user=2 | block=2 | n_kl=56 | epoch=3/120 | objective=-16.126156 | rate=16.115969 | power=29.999939 | r_p=0.000000 | r_c=0.000000 | r_s=0.001415 | status=running
[UL Convergence] | phase=optimize | user=2 | block=2 | n_kl=56 | epoch=4/120 | objective=-16.126133 | rate=16.115946 | power=29.999939 | r_p=0.000000 | r_c=0.000000 | r_s=7.035144e-04 | status=kkt_converged
[UL Convergence Candidate] | user=2 | block=2 | n_kl=56 | search_stage=fixed_step | achieved_rate=16.116039 | rate_gap=-10.187468 | power_gap=-5.531311e-05 | status=accepted
[UL Convergence Solve] | user=2 | block=2 | stage=reduced_n_fixed_step | n_kl=55 | served_bits=332
[UL Convergence] | phase=optimize | user=2 | block=2 | n_kl=55 | epoch=1/120 | objective=-16.103933 | rate=16.093876 | power=29.999945 | r_p=0.000000 | r_c=0.000000 | r_s=inf | status=running
[UL Convergence] | phase=optimize | user=2 | block=2 | n_kl=55 | epoch=2/120 | objective=-16.103910 | rate=16.093853 | power=29.999939 | r_p=0.000000 | r_c=0.000000 | r_s=0.001985 | status=running
[UL Convergence] | phase=optimize | user=2 | block=2 | n_kl=55 | epoch=3/120 | objective=-16.103863 | rate=16.093805 | power=29.999945 | r_p=0.000000 | r_c=0.000000 | r_s=0.001417 | status=running
[UL Convergence] | phase=optimize | user=2 | block=2 | n_kl=55 | epoch=4/120 | objective=-16.103846 | rate=16.093788 | power=29.999935 | r_p=0.000000 | r_c=0.000000 | r_s=7.049942e-04 | status=kkt_converged
[UL Convergence Candidate] | user=2 | block=2 | n_kl=55 | search_stage=fixed_step | achieved_rate=16.093876 | rate_gap=-10.057512 | power_gap=-5.531311e-05 | status=accepted
[UL Convergence Solve] | user=2 | block=2 | stage=reduced_n_fixed_step | n_kl=54 | served_bits=332
[UL Convergence] | phase=optimize | user=2 | block=2 | n_kl=54 | epoch=1/120 | objective=-16.081024 | rate=16.071102 | power=29.999945 | r_p=0.000000 | r_c=0.000000 | r_s=inf | status=running
[UL Convergence] | phase=optimize | user=2 | block=2 | n_kl=54 | epoch=2/120 | objective=-16.081001 | rate=16.071079 | power=29.999935 | r_p=0.000000 | r_c=0.000000 | r_s=0.001986 | status=running
[UL Convergence] | phase=optimize | user=2 | block=2 | n_kl=54 | epoch=3/120 | objective=-16.080948 | rate=16.071026 | power=29.999935 | r_p=0.000000 | r_c=0.000000 | r_s=0.001419 | status=running
[UL Convergence] | phase=optimize | user=2 | block=2 | n_kl=54 | epoch=4/120 | objective=-16.080935 | rate=16.071012 | power=29.999939 | r_p=0.000000 | r_c=0.000000 | r_s=7.065564e-04 | status=kkt_converged
[UL Convergence Candidate] | user=2 | block=2 | n_kl=54 | search_stage=fixed_step | achieved_rate=16.071102 | rate_gap=-9.922955 | power_gap=-5.531311e-05 | status=accepted
[UL Convergence Solve] | user=2 | block=2 | stage=reduced_n_fixed_step | n_kl=53 | served_bits=332
[UL Convergence] | phase=optimize | user=2 | block=2 | n_kl=53 | epoch=1/120 | objective=-16.057467 | rate=16.047684 | power=29.999935 | r_p=0.000000 | r_c=0.000000 | r_s=inf | status=running
[UL Convergence] | phase=optimize | user=2 | block=2 | n_kl=53 | epoch=2/120 | objective=-16.057442 | rate=16.047659 | power=29.999939 | r_p=0.000000 | r_c=0.000000 | r_s=0.001987 | status=running
[UL Convergence] | phase=optimize | user=2 | block=2 | n_kl=53 | epoch=3/120 | objective=-16.057398 | rate=16.047615 | power=29.999939 | r_p=0.000000 | r_c=0.000000 | r_s=0.001420 | status=running
[UL Convergence] | phase=optimize | user=2 | block=2 | n_kl=53 | epoch=4/120 | objective=-16.057388 | rate=16.047606 | power=29.999945 | r_p=0.000000 | r_c=0.000000 | r_s=7.080617e-04 | status=kkt_converged
[UL Convergence Candidate] | user=2 | block=2 | n_kl=53 | search_stage=fixed_step | achieved_rate=16.047684 | rate_gap=-9.783533 | power_gap=-6.484985e-05 | status=accepted
[UL Convergence Solve] | user=2 | block=2 | stage=reduced_n_fixed_step | n_kl=52 | served_bits=332
[UL Convergence] | phase=optimize | user=2 | block=2 | n_kl=52 | epoch=1/120 | objective=-16.033234 | rate=16.023594 | power=29.999945 | r_p=0.000000 | r_c=0.000000 | r_s=inf | status=running
[UL Convergence] | phase=optimize | user=2 | block=2 | n_kl=52 | epoch=2/120 | objective=-16.033213 | rate=16.023573 | power=29.999945 | r_p=0.000000 | r_c=0.000000 | r_s=0.001988 | status=running
[UL Convergence] | phase=optimize | user=2 | block=2 | n_kl=52 | epoch=3/120 | objective=-16.033157 | rate=16.023518 | power=29.999945 | r_p=0.000000 | r_c=0.000000 | r_s=0.001422 | status=running
[UL Convergence] | phase=optimize | user=2 | block=2 | n_kl=52 | epoch=4/120 | objective=-16.033142 | rate=16.023502 | power=29.999945 | r_p=0.000000 | r_c=0.000000 | r_s=7.095797e-04 | status=kkt_converged
[UL Convergence Candidate] | user=2 | block=2 | n_kl=52 | search_stage=fixed_step | achieved_rate=16.023594 | rate_gap=-9.638979 | power_gap=-5.531311e-05 | status=accepted
[UL Convergence Solve] | user=2 | block=2 | stage=reduced_n_fixed_step | n_kl=51 | served_bits=332
[UL Convergence] | phase=optimize | user=2 | block=2 | n_kl=51 | epoch=1/120 | objective=-16.008291 | rate=15.998803 | power=29.999945 | r_p=0.000000 | r_c=0.000000 | r_s=inf | status=running
[UL Convergence] | phase=optimize | user=2 | block=2 | n_kl=51 | epoch=2/120 | objective=-16.008268 | rate=15.998779 | power=29.999945 | r_p=0.000000 | r_c=0.000000 | r_s=0.001989 | status=running
[UL Convergence] | phase=optimize | user=2 | block=2 | n_kl=51 | epoch=3/120 | objective=-16.008211 | rate=15.998722 | power=29.999939 | r_p=0.000000 | r_c=0.000000 | r_s=0.001424 | status=running
[UL Convergence] | phase=optimize | user=2 | block=2 | n_kl=51 | epoch=4/120 | objective=-16.008198 | rate=15.998710 | power=29.999945 | r_p=0.000000 | r_c=0.000000 | r_s=7.112696e-04 | status=kkt_converged
[UL Convergence Candidate] | user=2 | block=2 | n_kl=51 | search_stage=fixed_step | achieved_rate=15.998803 | rate_gap=-9.488999 | power_gap=-5.531311e-05 | status=accepted
[UL Convergence Solve] | user=2 | block=2 | stage=reduced_n_fixed_step | n_kl=50 | served_bits=332
[UL Convergence] | phase=optimize | user=2 | block=2 | n_kl=50 | epoch=1/120 | objective=-15.982592 | rate=15.973258 | power=29.999945 | r_p=0.000000 | r_c=0.000000 | r_s=inf | status=running
[UL Convergence] | phase=optimize | user=2 | block=2 | n_kl=50 | epoch=2/120 | objective=-15.982566 | rate=15.973232 | power=29.999945 | r_p=0.000000 | r_c=0.000000 | r_s=0.001990 | status=running
[UL Convergence] | phase=optimize | user=2 | block=2 | n_kl=50 | epoch=3/120 | objective=-15.982521 | rate=15.973187 | power=29.999939 | r_p=0.000000 | r_c=0.000000 | r_s=0.001425 | status=running
[UL Convergence] | phase=optimize | user=2 | block=2 | n_kl=50 | epoch=4/120 | objective=-15.982508 | rate=15.973174 | power=29.999945 | r_p=0.000000 | r_c=0.000000 | r_s=7.128599e-04 | status=kkt_converged
[UL Convergence Candidate] | user=2 | block=2 | n_kl=50 | search_stage=fixed_step | achieved_rate=15.973258 | rate_gap=-9.333258 | power_gap=-5.531311e-05 | status=accepted
[UL Convergence Solve] | user=2 | block=2 | stage=reduced_n_fixed_step | n_kl=49 | served_bits=332
[UL Convergence] | phase=optimize | user=2 | block=2 | n_kl=49 | epoch=1/120 | objective=-15.956116 | rate=15.946944 | power=29.999945 | r_p=0.000000 | r_c=0.000000 | r_s=inf | status=running
[UL Convergence] | phase=optimize | user=2 | block=2 | n_kl=49 | epoch=2/120 | objective=-15.956096 | rate=15.946924 | power=29.999939 | r_p=0.000000 | r_c=0.000000 | r_s=0.001991 | status=running
[UL Convergence] | phase=optimize | user=2 | block=2 | n_kl=49 | epoch=3/120 | objective=-15.956048 | rate=15.946877 | power=29.999945 | r_p=0.000000 | r_c=0.000000 | r_s=0.001427 | status=running
[UL Convergence] | phase=optimize | user=2 | block=2 | n_kl=49 | epoch=4/120 | objective=-15.956021 | rate=15.946850 | power=29.999939 | r_p=0.000000 | r_c=0.000000 | r_s=7.147668e-04 | status=kkt_converged
[UL Convergence Candidate] | user=2 | block=2 | n_kl=49 | search_stage=fixed_step | achieved_rate=15.946944 | rate_gap=-9.171434 | power_gap=-5.531311e-05 | status=accepted
[UL Convergence Solve] | user=2 | block=2 | stage=reduced_n_fixed_step | n_kl=48 | served_bits=332
[UL Convergence] | phase=optimize | user=2 | block=2 | n_kl=48 | epoch=1/120 | objective=-15.928816 | rate=15.919813 | power=29.999945 | r_p=0.000000 | r_c=0.000000 | r_s=inf | status=running
[UL Convergence] | phase=optimize | user=2 | block=2 | n_kl=48 | epoch=2/120 | objective=-15.928794 | rate=15.919791 | power=29.999945 | r_p=0.000000 | r_c=0.000000 | r_s=0.001992 | status=running
[UL Convergence] | phase=optimize | user=2 | block=2 | n_kl=48 | epoch=3/120 | objective=-15.928748 | rate=15.919745 | power=29.999939 | r_p=0.000000 | r_c=0.000000 | r_s=0.001429 | status=running
[UL Convergence] | phase=optimize | user=2 | block=2 | n_kl=48 | epoch=4/120 | objective=-15.928726 | rate=15.919724 | power=29.999945 | r_p=0.000000 | r_c=0.000000 | r_s=7.165380e-04 | status=kkt_converged
[UL Convergence Candidate] | user=2 | block=2 | n_kl=48 | search_stage=fixed_step | achieved_rate=15.919813 | rate_gap=-9.003147 | power_gap=-5.531311e-05 | status=accepted
[UL Convergence Solve] | user=2 | block=2 | stage=reduced_n_fixed_step | n_kl=47 | served_bits=332
[UL Convergence] | phase=optimize | user=2 | block=2 | n_kl=47 | epoch=1/120 | objective=-15.900649 | rate=15.891821 | power=29.999945 | r_p=0.000000 | r_c=0.000000 | r_s=inf | status=running
[UL Convergence] | phase=optimize | user=2 | block=2 | n_kl=47 | epoch=2/120 | objective=-15.900625 | rate=15.891797 | power=29.999945 | r_p=0.000000 | r_c=0.000000 | r_s=0.001993 | status=running
[UL Convergence] | phase=optimize | user=2 | block=2 | n_kl=47 | epoch=3/120 | objective=-15.900586 | rate=15.891758 | power=29.999945 | r_p=0.000000 | r_c=0.000000 | r_s=0.001432 | status=running
[UL Convergence] | phase=optimize | user=2 | block=2 | n_kl=47 | epoch=4/120 | objective=-15.900556 | rate=15.891727 | power=29.999945 | r_p=0.000000 | r_c=0.000000 | r_s=7.184540e-04 | status=kkt_converged
[UL Convergence Candidate] | user=2 | block=2 | n_kl=47 | search_stage=fixed_step | achieved_rate=15.891821 | rate_gap=-8.827991 | power_gap=-5.531311e-05 | status=accepted
[UL Convergence Solve] | user=2 | block=2 | stage=reduced_n_fixed_step | n_kl=46 | served_bits=332
[UL Convergence] | phase=optimize | user=2 | block=2 | n_kl=46 | epoch=1/120 | objective=-15.871545 | rate=15.862900 | power=29.999939 | r_p=0.000000 | r_c=0.000000 | r_s=inf | status=running
[UL Convergence] | phase=optimize | user=2 | block=2 | n_kl=46 | epoch=2/120 | objective=-15.871546 | rate=15.862901 | power=29.999945 | r_p=0.000000 | r_c=0.000000 | r_s=0.001994 | status=running
[UL Convergence] | phase=optimize | user=2 | block=2 | n_kl=46 | epoch=3/120 | objective=-15.871498 | rate=15.862853 | power=29.999945 | r_p=0.000000 | r_c=0.000000 | r_s=0.001434 | status=running
[UL Convergence] | phase=optimize | user=2 | block=2 | n_kl=46 | epoch=4/120 | objective=-15.871474 | rate=15.862829 | power=29.999945 | r_p=0.000000 | r_c=0.000000 | r_s=7.203794e-04 | status=kkt_converged
[UL Convergence Candidate] | user=2 | block=2 | n_kl=46 | search_stage=fixed_step | achieved_rate=15.862901 | rate_gap=-8.645510 | power_gap=-5.531311e-05 | status=accepted
[UL Convergence Solve] | user=2 | block=2 | stage=reduced_n_fixed_step | n_kl=45 | served_bits=332
[UL Convergence] | phase=optimize | user=2 | block=2 | n_kl=45 | epoch=1/120 | objective=-15.841505 | rate=15.833050 | power=29.999945 | r_p=0.000000 | r_c=0.000000 | r_s=inf | status=running
[UL Convergence] | phase=optimize | user=2 | block=2 | n_kl=45 | epoch=2/120 | objective=-15.841442 | rate=15.832987 | power=29.999939 | r_p=0.000000 | r_c=0.000000 | r_s=0.001438 | status=running
[UL Convergence] | phase=optimize | user=2 | block=2 | n_kl=45 | epoch=3/120 | objective=-15.841419 | rate=15.832964 | power=29.999945 | r_p=0.000000 | r_c=0.000000 | r_s=7.363715e-04 | status=kkt_converged
[UL Convergence Candidate] | user=2 | block=2 | n_kl=45 | search_stage=fixed_step | achieved_rate=15.833050 | rate_gap=-8.455273 | power_gap=-5.531311e-05 | status=accepted
[UL Convergence Solve] | user=2 | block=2 | stage=reduced_n_fixed_step | n_kl=44 | served_bits=332
[UL Convergence] | phase=optimize | user=2 | block=2 | n_kl=44 | epoch=1/120 | objective=-15.810412 | rate=15.802155 | power=29.999945 | r_p=0.000000 | r_c=0.000000 | r_s=inf | status=running
[UL Convergence] | phase=optimize | user=2 | block=2 | n_kl=44 | epoch=2/120 | objective=-15.810378 | rate=15.802121 | power=29.999945 | r_p=0.000000 | r_c=0.000000 | r_s=0.001440 | status=running
[UL Convergence] | phase=optimize | user=2 | block=2 | n_kl=44 | epoch=3/120 | objective=-15.810350 | rate=15.802094 | power=29.999939 | r_p=0.000000 | r_c=0.000000 | r_s=7.386230e-04 | status=kkt_converged
[UL Convergence Candidate] | user=2 | block=2 | n_kl=44 | search_stage=fixed_step | achieved_rate=15.802155 | rate_gap=-8.256701 | power_gap=-5.531311e-05 | status=accepted
[UL Convergence Solve] | user=2 | block=2 | stage=reduced_n_fixed_step | n_kl=43 | served_bits=332
[UL Convergence] | phase=optimize | user=2 | block=2 | n_kl=43 | epoch=1/120 | objective=-15.778275 | rate=15.770226 | power=29.999945 | r_p=0.000000 | r_c=0.000000 | r_s=inf | status=running
[UL Convergence] | phase=optimize | user=2 | block=2 | n_kl=43 | epoch=2/120 | objective=-15.778217 | rate=15.770168 | power=29.999939 | r_p=0.000000 | r_c=0.000000 | r_s=0.001441 | status=running
[UL Convergence] | phase=optimize | user=2 | block=2 | n_kl=43 | epoch=3/120 | objective=-15.778204 | rate=15.770155 | power=29.999935 | r_p=0.000000 | r_c=0.000000 | r_s=7.411971e-04 | status=kkt_converged
[UL Convergence Candidate] | user=2 | block=2 | n_kl=43 | search_stage=fixed_step | achieved_rate=15.770226 | rate_gap=-8.049296 | power_gap=-5.531311e-05 | status=accepted
[UL Convergence Solve] | user=2 | block=2 | stage=reduced_n_fixed_step | n_kl=42 | served_bits=332
[UL Convergence] | phase=optimize | user=2 | block=2 | n_kl=42 | epoch=1/120 | objective=-15.744981 | rate=15.737148 | power=29.999939 | r_p=0.000000 | r_c=0.000000 | r_s=inf | status=running
[UL Convergence] | phase=optimize | user=2 | block=2 | n_kl=42 | epoch=2/120 | objective=-15.744925 | rate=15.737092 | power=29.999939 | r_p=0.000000 | r_c=0.000000 | r_s=0.001443 | status=running
[UL Convergence] | phase=optimize | user=2 | block=2 | n_kl=42 | epoch=3/120 | objective=-15.744908 | rate=15.737076 | power=29.999945 | r_p=0.000000 | r_c=0.000000 | r_s=7.437960e-04 | status=kkt_converged
[UL Convergence Candidate] | user=2 | block=2 | n_kl=42 | search_stage=fixed_step | achieved_rate=15.737148 | rate_gap=-7.832386 | power_gap=-6.103516e-05 | status=accepted
[UL Convergence Solve] | user=2 | block=2 | stage=reduced_n_fixed_step | n_kl=41 | served_bits=332
[UL Convergence] | phase=optimize | user=2 | block=2 | n_kl=41 | epoch=1/120 | objective=-15.710481 | rate=15.702875 | power=29.999939 | r_p=0.000000 | r_c=0.000000 | r_s=inf | status=running
[UL Convergence] | phase=optimize | user=2 | block=2 | n_kl=41 | epoch=2/120 | objective=-15.710427 | rate=15.702822 | power=29.999945 | r_p=0.000000 | r_c=0.000000 | r_s=0.001445 | status=running
[UL Convergence] | phase=optimize | user=2 | block=2 | n_kl=41 | epoch=3/120 | objective=-15.710405 | rate=15.702800 | power=29.999945 | r_p=0.000000 | r_c=0.000000 | r_s=7.464377e-04 | status=kkt_converged
[UL Convergence Candidate] | user=2 | block=2 | n_kl=41 | search_stage=fixed_step | achieved_rate=15.702875 | rate_gap=-7.605314 | power_gap=-6.103516e-05 | status=accepted
[UL Convergence Solve] | user=2 | block=2 | stage=reduced_n_fixed_step | n_kl=40 | served_bits=332
[UL Convergence] | phase=optimize | user=2 | block=2 | n_kl=40 | epoch=1/120 | objective=-15.674679 | rate=15.667312 | power=29.999945 | r_p=0.000000 | r_c=0.000000 | r_s=inf | status=running
[UL Convergence] | phase=optimize | user=2 | block=2 | n_kl=40 | epoch=2/120 | objective=-15.674626 | rate=15.667259 | power=29.999945 | r_p=0.000000 | r_c=0.000000 | r_s=0.001447 | status=running
[UL Convergence] | phase=optimize | user=2 | block=2 | n_kl=40 | epoch=3/120 | objective=-15.674612 | rate=15.667245 | power=29.999939 | r_p=0.000000 | r_c=0.000000 | r_s=7.494514e-04 | status=kkt_converged
[UL Convergence Candidate] | user=2 | block=2 | n_kl=40 | search_stage=fixed_step | achieved_rate=15.667312 | rate_gap=-7.367311 | power_gap=-5.531311e-05 | status=accepted
[UL Convergence Solve] | user=2 | block=2 | stage=reduced_n_fixed_step | n_kl=39 | served_bits=332
[UL Convergence] | phase=optimize | user=2 | block=2 | n_kl=39 | epoch=1/120 | objective=-15.637521 | rate=15.630404 | power=29.999939 | r_p=0.000000 | r_c=0.000000 | r_s=inf | status=running
[UL Convergence] | phase=optimize | user=2 | block=2 | n_kl=39 | epoch=2/120 | objective=-15.637469 | rate=15.630352 | power=29.999939 | r_p=0.000000 | r_c=0.000000 | r_s=0.001449 | status=running
[UL Convergence] | phase=optimize | user=2 | block=2 | n_kl=39 | epoch=3/120 | objective=-15.637433 | rate=15.630316 | power=29.999939 | r_p=0.000000 | r_c=0.000000 | r_s=7.524613e-04 | status=kkt_converged
[UL Convergence Candidate] | user=2 | block=2 | n_kl=39 | search_stage=fixed_step | achieved_rate=15.630404 | rate_gap=-7.117583 | power_gap=-6.103516e-05 | status=accepted
[UL Convergence Solve] | user=2 | block=2 | stage=reduced_n_fixed_step | n_kl=38 | served_bits=332
[UL Convergence] | phase=optimize | user=2 | block=2 | n_kl=38 | epoch=1/120 | objective=-15.598888 | rate=15.592033 | power=29.999945 | r_p=0.000000 | r_c=0.000000 | r_s=inf | status=running
[UL Convergence] | phase=optimize | user=2 | block=2 | n_kl=38 | epoch=2/120 | objective=-15.598830 | rate=15.591975 | power=29.999939 | r_p=0.000000 | r_c=0.000000 | r_s=0.001451 | status=running
[UL Convergence] | phase=optimize | user=2 | block=2 | n_kl=38 | epoch=3/120 | objective=-15.598818 | rate=15.591963 | power=29.999935 | r_p=0.000000 | r_c=0.000000 | r_s=7.556248e-04 | status=kkt_converged
[UL Convergence Candidate] | user=2 | block=2 | n_kl=38 | search_stage=fixed_step | achieved_rate=15.592033 | rate_gap=-6.855191 | power_gap=-5.531311e-05 | status=accepted
[UL Convergence Solve] | user=2 | block=2 | stage=reduced_n_fixed_step | n_kl=37 | served_bits=332
[UL Convergence] | phase=optimize | user=2 | block=2 | n_kl=37 | epoch=1/120 | objective=-15.558702 | rate=15.552123 | power=29.999945 | r_p=0.000000 | r_c=0.000000 | r_s=inf | status=running
[UL Convergence] | phase=optimize | user=2 | block=2 | n_kl=37 | epoch=2/120 | objective=-15.558651 | rate=15.552072 | power=29.999939 | r_p=0.000000 | r_c=0.000000 | r_s=0.001453 | status=running
[UL Convergence] | phase=optimize | user=2 | block=2 | n_kl=37 | epoch=3/120 | objective=-15.558635 | rate=15.552055 | power=29.999939 | r_p=0.000000 | r_c=0.000000 | r_s=7.591374e-04 | status=kkt_converged
[UL Convergence Candidate] | user=2 | block=2 | n_kl=37 | search_stage=fixed_step | achieved_rate=15.552123 | rate_gap=-6.579150 | power_gap=-5.531311e-05 | status=accepted
[UL Convergence Solve] | user=2 | block=2 | stage=reduced_n_fixed_step | n_kl=36 | served_bits=332
[UL Convergence] | phase=optimize | user=2 | block=2 | n_kl=36 | epoch=1/120 | objective=-15.516855 | rate=15.510567 | power=29.999945 | r_p=0.000000 | r_c=0.000000 | r_s=inf | status=running
[UL Convergence] | phase=optimize | user=2 | block=2 | n_kl=36 | epoch=2/120 | objective=-15.516797 | rate=15.510509 | power=29.999935 | r_p=0.000000 | r_c=0.000000 | r_s=0.001455 | status=running
[UL Convergence] | phase=optimize | user=2 | block=2 | n_kl=36 | epoch=3/120 | objective=-15.516777 | rate=15.510489 | power=29.999939 | r_p=0.000000 | r_c=0.000000 | r_s=7.627133e-04 | status=kkt_converged
[UL Convergence Candidate] | user=2 | block=2 | n_kl=36 | search_stage=fixed_step | achieved_rate=15.510567 | rate_gap=-6.288344 | power_gap=-5.531311e-05 | status=accepted
[UL Convergence Solve] | user=2 | block=2 | stage=reduced_n_fixed_step | n_kl=35 | served_bits=332
[UL Convergence] | phase=optimize | user=2 | block=2 | n_kl=35 | epoch=1/120 | objective=-15.473225 | rate=15.467243 | power=29.999945 | r_p=0.000000 | r_c=0.000000 | r_s=inf | status=running
[UL Convergence] | phase=optimize | user=2 | block=2 | n_kl=35 | epoch=2/120 | objective=-15.473166 | rate=15.467184 | power=29.999939 | r_p=0.000000 | r_c=0.000000 | r_s=0.001457 | status=running
[UL Convergence] | phase=optimize | user=2 | block=2 | n_kl=35 | epoch=3/120 | objective=-15.473143 | rate=15.467161 | power=29.999939 | r_p=0.000000 | r_c=0.000000 | r_s=7.664212e-04 | status=kkt_converged
[UL Convergence Candidate] | user=2 | block=2 | n_kl=35 | search_stage=fixed_step | achieved_rate=15.467243 | rate_gap=-5.981529 | power_gap=-5.531311e-05 | status=accepted
[UL Convergence Solve] | user=2 | block=2 | stage=reduced_n_fixed_step | n_kl=34 | served_bits=332
[UL Convergence] | phase=optimize | user=2 | block=2 | n_kl=34 | epoch=1/120 | objective=-15.427666 | rate=15.422009 | power=29.999945 | r_p=0.000000 | r_c=0.000000 | r_s=inf | status=running
[UL Convergence] | phase=optimize | user=2 | block=2 | n_kl=34 | epoch=2/120 | objective=-15.427616 | rate=15.421959 | power=29.999939 | r_p=0.000000 | r_c=0.000000 | r_s=0.001460 | status=running
[UL Convergence] | phase=optimize | user=2 | block=2 | n_kl=34 | epoch=3/120 | objective=-15.427594 | rate=15.421937 | power=29.999945 | r_p=0.000000 | r_c=0.000000 | r_s=7.705818e-04 | status=kkt_converged
[UL Convergence Candidate] | user=2 | block=2 | n_kl=34 | search_stage=fixed_step | achieved_rate=15.422009 | rate_gap=-5.657303 | power_gap=-5.531311e-05 | status=accepted
[UL Convergence Solve] | user=2 | block=2 | stage=reduced_n_fixed_step | n_kl=33 | served_bits=332
[UL Convergence] | phase=optimize | user=2 | block=2 | n_kl=33 | epoch=1/120 | objective=-15.380051 | rate=15.374737 | power=29.999939 | r_p=0.000000 | r_c=0.000000 | r_s=inf | status=running
[UL Convergence] | phase=optimize | user=2 | block=2 | n_kl=33 | epoch=2/120 | objective=-15.380003 | rate=15.374689 | power=29.999945 | r_p=0.000000 | r_c=0.000000 | r_s=0.001462 | status=running
[UL Convergence] | phase=optimize | user=2 | block=2 | n_kl=33 | epoch=3/120 | objective=-15.379996 | rate=15.374682 | power=29.999945 | r_p=0.000000 | r_c=0.000000 | r_s=7.747867e-04 | status=kkt_converged
[UL Convergence Candidate] | user=2 | block=2 | n_kl=33 | search_stage=fixed_step | achieved_rate=15.374737 | rate_gap=-5.314131 | power_gap=-6.103516e-05 | status=accepted
[UL Convergence Solve] | user=2 | block=2 | stage=reduced_n_fixed_step | n_kl=32 | served_bits=332
[UL Convergence] | phase=optimize | user=2 | block=2 | n_kl=32 | epoch=1/120 | objective=-15.330225 | rate=15.325274 | power=29.999935 | r_p=0.000000 | r_c=0.000000 | r_s=inf | status=running
[UL Convergence] | phase=optimize | user=2 | block=2 | n_kl=32 | epoch=2/120 | objective=-15.330179 | rate=15.325229 | power=29.999939 | r_p=0.000000 | r_c=0.000000 | r_s=0.001465 | status=running
[UL Convergence] | phase=optimize | user=2 | block=2 | n_kl=32 | epoch=3/120 | objective=-15.330159 | rate=15.325209 | power=29.999945 | r_p=0.000000 | r_c=0.000000 | r_s=7.793603e-04 | status=kkt_converged
[UL Convergence Candidate] | user=2 | block=2 | n_kl=32 | search_stage=fixed_step | achieved_rate=15.325274 | rate_gap=-4.950274 | power_gap=-6.484985e-05 | status=accepted
[UL Convergence Solve] | user=2 | block=2 | stage=reduced_n_fixed_step | n_kl=31 | served_bits=332
[UL Convergence] | phase=optimize | user=2 | block=2 | n_kl=31 | epoch=1/120 | objective=-15.278001 | rate=15.273438 | power=29.999945 | r_p=0.000000 | r_c=0.000000 | r_s=inf | status=running
[UL Convergence] | phase=optimize | user=2 | block=2 | n_kl=31 | epoch=2/120 | objective=-15.277947 | rate=15.273384 | power=29.999945 | r_p=0.000000 | r_c=0.000000 | r_s=0.001468 | status=running
[UL Convergence] | phase=optimize | user=2 | block=2 | n_kl=31 | epoch=3/120 | objective=-15.277915 | rate=15.273352 | power=29.999935 | r_p=0.000000 | r_c=0.000000 | r_s=7.841068e-04 | status=kkt_converged
[UL Convergence Candidate] | user=2 | block=2 | n_kl=31 | search_stage=fixed_step | achieved_rate=15.273438 | rate_gap=-4.563760 | power_gap=-5.531311e-05 | status=accepted
[UL Convergence Solve] | user=2 | block=2 | stage=reduced_n_fixed_step | n_kl=30 | served_bits=332
[UL Convergence] | phase=optimize | user=2 | block=2 | n_kl=30 | epoch=1/120 | objective=-15.223172 | rate=15.219020 | power=29.999945 | r_p=0.000000 | r_c=0.000000 | r_s=inf | status=running
[UL Convergence] | phase=optimize | user=2 | block=2 | n_kl=30 | epoch=2/120 | objective=-15.223132 | rate=15.218980 | power=29.999945 | r_p=0.000000 | r_c=0.000000 | r_s=0.001471 | status=running
[UL Convergence] | phase=optimize | user=2 | block=2 | n_kl=30 | epoch=3/120 | objective=-15.223102 | rate=15.218949 | power=29.999945 | r_p=0.000000 | r_c=0.000000 | r_s=7.891513e-04 | status=kkt_converged
[UL Convergence Candidate] | user=2 | block=2 | n_kl=30 | search_stage=fixed_step | achieved_rate=15.219020 | rate_gap=-4.152353 | power_gap=-5.531311e-05 | status=accepted
[UL Convergence Solve] | user=2 | block=2 | stage=reduced_n_fixed_step | n_kl=29 | served_bits=332
[UL Convergence] | phase=optimize | user=2 | block=2 | n_kl=29 | epoch=1/120 | objective=-15.165532 | rate=15.161819 | power=29.999945 | r_p=0.000000 | r_c=0.000000 | r_s=inf | status=running
[UL Convergence] | phase=optimize | user=2 | block=2 | n_kl=29 | epoch=2/120 | objective=-15.165483 | rate=15.161769 | power=29.999939 | r_p=0.000000 | r_c=0.000000 | r_s=0.001474 | status=running
[UL Convergence] | phase=optimize | user=2 | block=2 | n_kl=29 | epoch=3/120 | objective=-15.165462 | rate=15.161748 | power=29.999939 | r_p=0.000000 | r_c=0.000000 | r_s=7.947119e-04 | status=kkt_converged
[UL Convergence Candidate] | user=2 | block=2 | n_kl=29 | search_stage=fixed_step | achieved_rate=15.161819 | rate_gap=-3.713543 | power_gap=-5.531311e-05 | status=accepted
[UL Convergence Solve] | user=2 | block=2 | stage=reduced_n_fixed_step | n_kl=28 | served_bits=332
[UL Convergence] | phase=optimize | user=2 | block=2 | n_kl=28 | epoch=1/120 | objective=-15.104829 | rate=15.101584 | power=29.999950 | r_p=0.000000 | r_c=0.000000 | r_s=inf | status=running
[UL Convergence] | phase=optimize | user=2 | block=2 | n_kl=28 | epoch=2/120 | objective=-15.104767 | rate=15.101522 | power=29.999939 | r_p=0.000000 | r_c=0.000000 | r_s=0.001478 | status=running
[UL Convergence] | phase=optimize | user=2 | block=2 | n_kl=28 | epoch=3/120 | objective=-15.104744 | rate=15.101500 | power=29.999945 | r_p=0.000000 | r_c=0.000000 | r_s=8.005000e-04 | status=kkt_converged
[UL Convergence Candidate] | user=2 | block=2 | n_kl=28 | search_stage=fixed_step | achieved_rate=15.101584 | rate_gap=-3.244442 | power_gap=-4.959106e-05 | status=accepted
[UL Convergence Solve] | user=2 | block=2 | stage=reduced_n_fixed_step | n_kl=27 | served_bits=332
[UL Convergence] | phase=optimize | user=2 | block=2 | n_kl=27 | epoch=1/120 | objective=-15.040767 | rate=15.038025 | power=29.999939 | r_p=0.000000 | r_c=0.000000 | r_s=inf | status=running
[UL Convergence] | phase=optimize | user=2 | block=2 | n_kl=27 | epoch=2/120 | objective=-15.040715 | rate=15.037973 | power=29.999939 | r_p=0.000000 | r_c=0.000000 | r_s=0.001482 | status=running
[UL Convergence] | phase=optimize | user=2 | block=2 | n_kl=27 | epoch=3/120 | objective=-15.040687 | rate=15.037945 | power=29.999945 | r_p=0.000000 | r_c=0.000000 | r_s=8.068630e-04 | status=kkt_converged
[UL Convergence Candidate] | user=2 | block=2 | n_kl=27 | search_stage=fixed_step | achieved_rate=15.038025 | rate_gap=-2.741729 | power_gap=-6.103516e-05 | status=accepted
[UL Convergence Solve] | user=2 | block=2 | stage=reduced_n_fixed_step | n_kl=26 | served_bits=332
[UL Convergence] | phase=optimize | user=2 | block=2 | n_kl=26 | epoch=1/120 | objective=-14.973033 | rate=14.970831 | power=29.999945 | r_p=0.000000 | r_c=0.000000 | r_s=inf | status=running
[UL Convergence] | phase=optimize | user=2 | block=2 | n_kl=26 | epoch=2/120 | objective=-14.972986 | rate=14.970785 | power=29.999945 | r_p=0.000000 | r_c=0.000000 | r_s=0.001485 | status=running
[UL Convergence] | phase=optimize | user=2 | block=2 | n_kl=26 | epoch=3/120 | objective=-14.972961 | rate=14.970760 | power=29.999939 | r_p=0.000000 | r_c=0.000000 | r_s=8.136736e-04 | status=kkt_converged
[UL Convergence Candidate] | user=2 | block=2 | n_kl=26 | search_stage=fixed_step | achieved_rate=14.970831 | rate_gap=-2.201600 | power_gap=-5.531311e-05 | status=accepted
[UL Convergence Solve] | user=2 | block=2 | stage=reduced_n_fixed_step | n_kl=25 | served_bits=332
[UL Convergence] | phase=optimize | user=2 | block=2 | n_kl=25 | epoch=1/120 | objective=-14.901272 | rate=14.899652 | power=29.999945 | r_p=0.000000 | r_c=0.000000 | r_s=inf | status=running
[UL Convergence] | phase=optimize | user=2 | block=2 | n_kl=25 | epoch=2/120 | objective=-14.901220 | rate=14.899601 | power=29.999939 | r_p=0.000000 | r_c=0.000000 | r_s=0.001490 | status=running
[UL Convergence] | phase=optimize | user=2 | block=2 | n_kl=25 | epoch=3/120 | objective=-14.901202 | rate=14.899583 | power=29.999939 | r_p=0.000000 | r_c=0.000000 | r_s=8.209446e-04 | status=kkt_converged
[UL Convergence Candidate] | user=2 | block=2 | n_kl=25 | search_stage=fixed_step | achieved_rate=14.899652 | rate_gap=-1.619653 | power_gap=-5.531311e-05 | status=accepted
[UL Convergence Solve] | user=2 | block=2 | stage=reduced_n_fixed_step | n_kl=24 | served_bits=332
[UL Convergence] | phase=optimize | user=2 | block=2 | n_kl=24 | epoch=1/120 | objective=-14.825062 | rate=14.824071 | power=29.999945 | r_p=0.000000 | r_c=0.000000 | r_s=inf | status=running
[UL Convergence] | phase=optimize | user=2 | block=2 | n_kl=24 | epoch=2/120 | objective=-14.825005 | rate=14.824014 | power=29.999945 | r_p=0.000000 | r_c=0.000000 | r_s=0.001494 | status=running
[UL Convergence] | phase=optimize | user=2 | block=2 | n_kl=24 | epoch=3/120 | objective=-14.824987 | rate=14.823997 | power=29.999939 | r_p=0.000000 | r_c=0.000000 | r_s=8.287630e-04 | status=kkt_converged
[UL Convergence Candidate] | user=2 | block=2 | n_kl=24 | search_stage=fixed_step | achieved_rate=14.824071 | rate_gap=-0.990738 | power_gap=-5.531311e-05 | status=accepted
[UL Convergence Solve] | user=2 | block=2 | stage=reduced_n_fixed_step | n_kl=23 | served_bits=332
[UL Convergence] | phase=optimize | user=2 | block=2 | n_kl=23 | epoch=1/120 | objective=-14.743926 | rate=14.743617 | power=29.999945 | r_p=0.000000 | r_c=0.000000 | r_s=inf | status=running
[UL Convergence] | phase=optimize | user=2 | block=2 | n_kl=23 | epoch=2/120 | objective=-14.743874 | rate=14.743565 | power=29.999945 | r_p=0.000000 | r_c=0.000000 | r_s=0.001499 | status=running
[UL Convergence] | phase=optimize | user=2 | block=2 | n_kl=23 | epoch=3/120 | objective=-14.743837 | rate=14.743528 | power=29.999939 | r_p=0.000000 | r_c=0.000000 | r_s=8.374888e-04 | status=kkt_converged
[UL Convergence Candidate] | user=2 | block=2 | n_kl=23 | search_stage=fixed_step | achieved_rate=14.743617 | rate_gap=-0.308834 | power_gap=-5.531311e-05 | status=accepted
[UL Convergence Solve] | user=2 | block=2 | stage=reduced_n_fixed_step | n_kl=22 | served_bits=332
[UL Convergence] | phase=optimize | user=2 | block=2 | n_kl=22 | epoch=1/120 | objective=-14.614411 | rate=14.657729 | power=29.999945 | r_p=0.433180 | r_c=0.043318 | r_s=inf | status=running
[UL Convergence] | phase=optimize | user=2 | block=2 | n_kl=22 | epoch=2/120 | objective=-14.612480 | rate=14.657680 | power=29.999945 | r_p=0.433229 | r_c=0.045200 | r_s=0.001486 | status=running
[UL Convergence] | phase=optimize | user=2 | block=2 | n_kl=22 | epoch=3/120 | objective=-14.610577 | rate=14.657656 | power=29.999939 | r_p=0.433253 | r_c=0.047079 | r_s=8.283794e-04 | status=stationary_infeasible
[UL Convergence Candidate] | user=2 | block=2 | n_kl=22 | search_stage=fixed_step | achieved_rate=14.657729 | rate_gap=0.433180 | power_gap=-5.531311e-05 | status=rejected
[UL Convergence Reduction] | user=2 | block=2 | n_kl=22 | status=stop_infeasible
[UL Convergence Final] | user=2 | block=2 | feasible_points=58 | chosen_n_kl=23 | served_bits=332 | achieved_rate=14.743617 | power=29.999945 | solve_status=kkt_converged
[UL Convergence Allocation] | user=2 | block=2 | chosen_n_kl=23 | served_bits=332 | committed_bits=332 | remaining_bits=0
logging rfbl:  [11.28064024 11.71477822]
logging rfbl:  [12.72481545 12.3206684  12.7566461 ]
logging rfbl:  [14.08889828 14.21465649 14.14800811]
Test results saved to: C:\All Codes\Taiwan_Internship\UL_UPLINK_DOWNLINK_MONTE_CARLO\Results\Uplink\Method-Convergence per epoch\conv_net__ul_payload_completion_sweep_20260727_185736_conv_ndir_desc__s3\data\convergence_results.txt
Mirrored uplink convergence scenario results to: C:\All Codes\Taiwan_Internship\UL_UPLINK_DOWNLINK_MONTE_CARLO\Results\Uplink\Scenario-Payload completion\Convergence per epoch\conv_net__ul_payload_completion_sweep_20260727_185736_conv_ndir_desc__s3
Saved uplink convergence method results to: C:\All Codes\Taiwan_Internship\UL_UPLINK_DOWNLINK_MONTE_CARLO\Results\Uplink\Method-Convergence per epoch\conv_net__ul_payload_completion_sweep_20260727_185736_conv_ndir_desc__s3
