{
    "initial_latency": [
        0.008866666666666667,
        0.010533333333333334,
        0.0114
    ],
    "final_latency": [
        0.006666666666666667,
        0.008,
        0.009866666666666666
    ],
    "initial_n": [
        133,
        158,
        171
    ],
    "final_n": [
        100,
        120,
        148
    ],
    "initial_n_kl": [
        [
            100,
            33
        ],
        [
            100,
            58
        ],
        [
            100,
            71
        ]
    ],
    "final_n_kl": [
        [
            100
        ],
        [
            100,
            20
        ],
        [
            100,
            48
        ]
    ],
    "initial_Rfbl": [
        [
            18.259862286182585,
            17.650413110378498
        ],
        [
            15.573676640502072,
            14.565163092454426
        ],
        [
            14.154784307429564,
            13.941540140515034
        ]
    ],
    "final_Rfbl": [
        [
            24.676709308921275
        ],
        [
            20.23368714402911,
            17.449274443265946
        ],
        [
            16.66923704828805,
            16.382831045269718
        ]
    ],
    "initial_B_kl": [
        [
            1825,
            575
        ],
        [
            1557,
            843
        ],
        [
            1415,
            985
        ]
    ],
    "target_snr_db": [
        15.0,
        10.0,
        8.0
    ],
    "initial_snr_db": [
        14.258672300952055,
        10.281832842524054,
        8.527997757706864
    ],
    "final_snr_db": [
        13.817455846259897,
        10.439519339503487,
        8.549730304803553
    ],
    "initial_sinr_db": [
        -2.7026028983404293,
        -4.350458813565988,
        -2.6456058522755113
    ],
    "final_sinr_db": [
        -3.0467016241154647,
        -3.9263708587181307,
        -2.4333154888267825
    ],
    "initial_bits_per_symbol": [
        18.045112781954888,
        15.189873417721518,
        14.035087719298245
    ],
    "initial_bits_per_symbol_by_block": [
        [
            18.25,
            17.424242424242426
        ],
        [
            15.57,
            14.53448275862069
        ],
        [
            14.15,
            13.873239436619718
        ]
    ],
    "final_bits_per_symbol": [
        [
            24.0
        ],
        [
            20.61,
            16.95
        ],
        [
            16.27,
            16.104166666666668
        ]
    ],
    "B_tx_final": [
        [
            2400
        ],
        [
            2061,
            339
        ],
        [
            1627,
            773
        ]
    ],
    "scenario_mode": "",
    "scenario_block_targets": [],
    "latency_reduction_per_user_percent": [
        24.812030075187966,
        24.050632911392405,
        13.45029239766083
    ],
    "total_latency_reduction_percent": 20.346320346320347,
    "initial_asynchronality_sum": 0.005066666666666667,
    "final_asynchronality_sum": 0.006399999999999998,
    "asynchronality_reduction_percent": -26.315789473684152
}