{
    "method_name": "converge_in_each_sweep_baseline",
    "cfg_path": "C:\\All Codes\\Taiwan_Internship\\UL_UPLINK_DOWNLINK_MONTE_CARLO\\Experiment Configs\\uplink_payload_completion.yaml",
    "seed": 3,
    "precoder_parameterization": "shared_user_channel_sigma_epsilon_to_precoder_mlp_online_convergence",
    "initial_latency": [
        0.008866666666666667,
        0.010533333333333334,
        0.0114
    ],
    "final_latency": [
        0.006666666666666667,
        0.008,
        0.009866666666666666
    ],
    "initial_n": [
        133.0,
        158.0,
        171.0
    ],
    "final_n": [
        100,
        120,
        148
    ],
    "initial_n_kl": [
        [
            100.0,
            33.0
        ],
        [
            100.0,
            58.0
        ],
        [
            100.0,
            71.0
        ]
    ],
    "final_n_kl": [
        [
            100
        ],
        [
            100,
            20
        ],
        [
            100,
            48
        ]
    ],
    "initial_B_kl": [
        [
            1825,
            575
        ],
        [
            1557,
            843
        ],
        [
            1415,
            985
        ]
    ],
    "initial_R_fbl": [
        [
            18.259862286182585,
            17.650413110378498
        ],
        [
            15.573676640502072,
            14.565163092454426
        ],
        [
            14.154784307429564,
            13.941540140515034
        ]
    ],
    "final_R_fbl": [
        [
            24.67670972635868
        ],
        [
            20.233688183896923,
            17.449275114548975
        ],
        [
            16.66924021125285,
            16.382832737472967
        ]
    ],
    "initial_snr_db": [
        14.258672300952055,
        10.281832842524054,
        8.527997757706864
    ],
    "final_snr_db": [
        14.3356278313607,
        10.656457330607804,
        8.693055821585652
    ],
    "initial_sinr_db": [
        -2.7026028983404293,
        -4.350458813565988,
        -2.6456058522755113
    ],
    "final_sinr_db": [
        -2.6019542908900455,
        -4.016518255028492,
        -2.6374692638039616
    ],
    "initial_bits_per_symbol": [
        18.045112781954888,
        15.189873417721518,
        14.035087719298245
    ],
    "initial_bits_per_symbol_by_block": [
        [
            18.25,
            17.424242424242426
        ],
        [
            15.57,
            14.53448275862069
        ],
        [
            14.15,
            13.873239436619718
        ]
    ],
    "final_bits_per_symbol": [
        [
            24.0
        ],
        [
            20.61,
            16.95
        ],
        [
            16.27,
            16.104166666666668
        ]
    ],
    "B_kl": [
        [
            2400
        ],
        [
            2061,
            339
        ],
        [
            1627,
            773
        ]
    ],
    "n_kl": [
        [
            100
        ],
        [
            100,
            20
        ],
        [
            100,
            48
        ]
    ],
    "R_fbl": [
        [
            24.051979064941406
        ],
        [
            20.61613655090332,
            17.44927978515625
        ],
        [
            16.279376983642578,
            16.38283920288086
        ]
    ],
    "blocks_per_user": [
        1,
        2,
        2
    ],
    "initial_schedule_source": "random_precoder_baseline",
    "scenario_mode": "payload_completion",
    "scenario_block_targets": [],
    "initial_interference_diag": {
        "blocks_per_user": [
            2,
            2,
            2
        ],
        "signal": [
            [
                25.335460563952164,
                19.103379329309597
            ],
            [
                15.979749011316223,
                18.619637424735842
            ],
            [
                20.423915848829648,
                26.108453431085938
            ]
        ],
        "total_interference": [
            [
                36.40366486014587,
                44.728090855821776
            ],
            [
                45.75937641278181,
                45.21183276039554
            ],
            [
                41.31520957526838,
                37.72301675404544
            ]
        ],
        "noise": [
            [
                0.818879042546182,
                0.8479669788479843
            ],
            [
                1.597983294240164,
                1.6445549948871567
            ],
            [
                3.189217948024549,
                3.341416731418626
            ]
        ],
        "sinr_db": [
            [
                -1.6707724724756323,
                -3.7762655814815744
            ],
            [
                -4.718175276600102,
                -4.007975851683623
            ],
            [
                -3.3826420651188833,
                -1.9668468921341322
            ]
        ],
        "pairwise_block": [
            [
                [
                    NaN,
                    15.979749011316223,
                    20.423915848829648
                ],
                [
                    25.335460563952164,
                    NaN,
                    20.423915848829648
                ],
                [
                    25.335460563952164,
                    15.979749011316223,
                    NaN
                ]
            ],
            [
                [
                    NaN,
                    18.619637424735842,
                    26.108453431085938
                ],
                [
                    19.103379329309597,
                    NaN,
                    26.108453431085938
                ],
                [
                    19.103379329309597,
                    18.619637424735842,
                    NaN
                ]
            ]
        ],
        "avg_pairwise_power": [
            [
                NaN,
                17.299693218026032,
                23.266184639957793
            ],
            [
                22.21941994663088,
                NaN,
                23.266184639957793
            ],
            [
                22.21941994663088,
                17.299693218026032,
                NaN
            ]
        ],
        "avg_pairwise_inr_db": [
            [
                NaN,
                13.167265522219404,
                14.45065119911376
            ],
            [
                11.378410845189057,
                NaN,
                11.561969715206866
            ],
            [
                8.344603734019572,
                7.235760175448121,
                NaN
            ]
        ],
        "avg_pairwise_share": [
            [
                NaN,
                0.42645923449728224,
                0.5735407655027178
            ],
            [
                0.4884934508088791,
                NaN,
                0.5115065491911209
            ],
            [
                0.5622449029676695,
                0.4377550970323304,
                NaN
            ]
        ],
        "worst_block": 1
    },
    "final_interference_diag": {
        "blocks_per_user": [
            1,
            2,
            2
        ],
        "signal": [
            [
                22.221969109738406,
                NaN
            ],
            [
                17.904125953838207,
                20.302492698155948
            ],
            [
                21.732531849514334,
                26.875254962529805
            ]
        ],
        "total_interference": [
            [
                39.63665780335254,
                NaN
            ],
            [
                43.95450095925274,
                49.09722407226821
            ],
            [
                40.126095063576614,
                42.524461807894355
            ]
        ],