{
    "epochs_requested": 1,
    "final_avg_loss": -1.9188621798415242,
    "best_avg_loss": -1.9188621798415242,
    "final_avg_sum_rate": 1.9188621798415242,
    "best_avg_sum_rate": 1.9188621798415242,
    "final_avg_user_rate": 1.1004576972414735,
    "best_avg_user_rate": 1.1004576972414735,
    "per_user_final_rate": [
        0.026111599235307602,
        0.9604674630694919,
        2.314794029419621
    ],
    "per_user_best_rate": [
        0.026111599235307602,
        0.9604674630694919,
        2.314794029419621
    ]
}