{
    "initial_latency": [
        0.0008666666666666666,
        0.0010666666666666667,
        0.0013333333333333333
    ],
    "final_latency": [
        0.0007333333333333333,
        0.0008666666666666666,
        0.0011333333333333334
    ],
    "initial_n": [
        13,
        16,
        20
    ],
    "final_n": [
        11,
        13,
        17
    ],
    "initial_n_kl": [
        [
            13
        ],
        [
            16
        ],
        [
            20
        ]
    ],
    "final_n_kl": [
        [
            11
        ],
        [
            13
        ],
        [
            17
        ]
    ],
    "initial_Rfbl": [
        [
            16.332334272961575
        ],
        [
            13.043699143743318
        ],
        [
            10.08249084292429
        ]
    ],
    "final_Rfbl": [
        [
            20.919342451141116
        ],
        [
            16.452625893240224
        ],
        [
            12.846170528827933
        ]
    ],
    "initial_B_kl": [
        [
            200
        ],
        [
            200
        ],
        [
            200
        ]
    ],
    "target_snr_db": [
        15.0,
        10.0,
        8.0
    ],
    "initial_snr_db": [
        13.876421681175232,
        10.818171809641717,
        7.422669066713179
    ],
    "final_snr_db": [
        13.964393653201421,
        11.267621437411307,
        6.721699627736749
    ],
    "initial_sinr_db": [
        -2.9781411272116336,
        -3.35117283472151,
        -3.343682794635293
    ],
    "final_sinr_db": [
        -2.9845182934376115,
        -2.5655398041292616,
        -4.162176222667072
    ],
    "initial_bits_per_symbol": [
        15.384615384615385,
        12.5,
        10.0
    ],
    "initial_bits_per_symbol_by_block": [
        [
            15.384615384615385
        ],
        [
            12.5
        ],
        [
            10.0
        ]
    ],
    "final_bits_per_symbol": [
        [
            18.181818181818183
        ],
        [
            15.384615384615385
        ],
        [
            11.764705882352942
        ]
    ],
    "B_tx_final": [
        [
            200
        ],
        [
            200
        ],
        [
            200
        ]
    ],
    "scenario_mode": "",
    "scenario_block_targets": [],
    "latency_reduction_per_user_percent": [
        15.38461538461538,
        18.750000000000007,
        14.999999999999991
    ],
    "total_latency_reduction_percent": 16.326530612244905,
    "initial_asynchronality_sum": 0.0009333333333333333,
    "final_asynchronality_sum": 0.0008000000000000001,
    "asynchronality_reduction_percent": 14.285714285714269
}