{
    "method_name": "converge_in_each_sweep_baseline",
    "cfg_path": "C:\\Users\\shani\\AppData\\Local\\Temp\\uldl_validate_wx6fouya\\uplink_payload_quick.yaml",
    "seed": 1,
    "precoder_parameterization": "shared_user_channel_sigma_epsilon_to_precoder_mlp_online_convergence",
    "initial_latency": [
        0.0008666666666666666,
        0.0010666666666666667,
        0.0013333333333333333
    ],
    "final_latency": [
        0.0007333333333333333,
        0.0008666666666666666,
        0.0011333333333333334
    ],
    "initial_n": [
        13.0,
        16.0,
        20.0
    ],
    "final_n": [
        11,
        13,
        17
    ],
    "initial_n_kl": [
        [
            13.0
        ],
        [
            16.0
        ],
        [
            20.0
        ]
    ],
    "final_n_kl": [
        [
            11
        ],
        [
            13
        ],
        [
            17
        ]
    ],
    "initial_B_kl": [
        [
            200
        ],
        [
            200
        ],
        [
            200
        ]
    ],
    "initial_R_fbl": [
        [
            16.332334272961575
        ],
        [
            13.043699143743318
        ],
        [
            10.08249084292429
        ]
    ],
    "final_R_fbl": [
        [
            20.919342451141116
        ],
        [
            16.452625893240224
        ],
        [
            12.846170528827933
        ]
    ],
    "initial_snr_db": [
        13.876421681175232,
        10.818171809641717,
        7.422669066713179
    ],
    "final_snr_db": [
        13.964393653201421,
        11.267621437411307,
        6.721699627736749
    ],
    "initial_sinr_db": [
        -2.9781411272116336,
        -3.35117283472151,
        -3.343682794635293
    ],
    "final_sinr_db": [
        -2.9845182934376115,
        -2.5655398041292616,
        -4.162176222667072
    ],
    "initial_bits_per_symbol": [
        15.384615384615385,
        12.5,
        10.0
    ],
    "initial_bits_per_symbol_by_block": [
        [
            15.384615384615385
        ],
        [
            12.5
        ],
        [
            10.0
        ]
    ],
    "final_bits_per_symbol": [
        [
            18.181818181818183
        ],
        [
            15.384615384615385
        ],
        [
            11.764705882352942
        ]
    ],
    "B_kl": [
        [
            200
        ],
        [
            200
        ],
        [
            200
        ]
    ],
    "n_kl": [
        [
            11
        ],
        [
            13
        ],
        [
            17
        ]
    ],
    "R_fbl": [
        [
            19.76699447631836
        ],
        [
            16.115642547607422
        ],
        [
            11.84889030456543
        ]
    ],
    "blocks_per_user": [
        1,
        1,
        1
    ],
    "initial_schedule_source": "random_precoder_baseline",
    "scenario_mode": "payload_completion",
    "scenario_block_targets": [],
    "initial_interference_diag": {
        "blocks_per_user": [
            1,
            1,
            1
        ],
        "signal": [
            [
                22.743957966880963
            ],
            [
                21.73844290001479
            ],
            [
                22.4822981452837
            ]
        ],
        "total_interference": [
            [
                44.22074104529849
            ],
            [
                45.22625611216466
            ],
            [
                44.48240086689575
            ]
        ],
        "noise": [
            [
                0.9315879791812012
            ],
            [
                1.8005751491337056
            ],
            [
                4.069806828886949
            ]
        ],
        "sinr_db": [
            [
                -2.9781411272116336
            ],
            [
                -3.35117283472151
            ],
            [
                -3.343682794635293
            ]
        ],
        "pairwise_block": [
            [
                [
                    NaN,
                    21.73844290001479,
                    22.4822981452837
                ],
                [
                    22.743957966880963,
                    NaN,
                    22.4822981452837
                ],
                [
                    22.743957966880963,
                    21.73844290001479,
                    NaN
                ]
            ]
        ],
        "avg_pairwise_power": [
            [
                NaN,
                21.73844290001479,
                22.4822981452837
            ],
            [
                22.743957966880963,
                NaN,
                22.4822981452837
            ],
            [
                22.743957966880963,
                21.73844290001479,
                NaN
            ]
        ],
        "avg_pairwise_inr_db": [
            [
                NaN,
                13.680045568978805,
                13.82616826894399
            ],
            [
                11.014547921838142,
                NaN,
                10.964294509606901
            ],
            [
                7.472922478944421,
                7.2765463667479935,
                NaN
            ]
        ],
        "avg_pairwise_share": [
            [
                NaN,
                0.4915892946648392,
                0.5084107053351608
            ],
            [
                0.502892786669632,
                NaN,
                0.497107213330368
            ],
            [
                0.5113023920389883,
                0.48869760796101175,
                NaN
            ]
        ],
        "worst_block": 0
    },
    "final_interference_diag": {
        "blocks_per_user": [
            1,
            1,
            1
        ],
        "signal": [
            [
                22.28786079051164
            ],
            [
                24.06223621940239
            ],
            [
                19.355047579284715
            ]
        ],
        "total_interference": [
            [
                43.41728379868711
            ],
            [
                41.64290836979636
            ],
            [
                46.35009700991403
            ]
        ],
        "noise": [
            [
                0.8946002623022253
            ],
            [
                1.7971066126090791
            ],
            [
                4.117411569231092
            ]
        ],
        "sinr_db": [
            [
                -2.9845182934376115
            ],
            [
                -2.5655398041292616
            ],
            [
                -4.162176222667072
            ]
        ],
        "pairwise_block": [
            [
                [
                    NaN,
                    24.06223621940239,
                    19.355047579284715
                ],
                [
                    22.28786079051164,
                    NaN,
                    19.355047579284715
                ],
                [
                    22.28786079051164,
                    24.06223621940239,
                    NaN
                ]
            ]
        ],
        "avg_pairwise_power": [
            [
                NaN,
                24.06223621940239,
                19.355047579284715
            ],
            [
                22.28786079051164,
                NaN,
                19.355047579284715
            ],
            [
                22.28786079051164,
                24.06223621940239,
                NaN
            ]
        ],