{
    "epochs_requested": 1,
    "train_target_bits_mode": "minimum_required_bits_fallback",
    "train_target_bits_summary": {
        "1": 9
    },
    "train_target_bits_per_user": [
        {
            "1": 3
        },
        {
            "1": 3
        },
        {
            "1": 3
        }
    ],
    "per_user_final_lagrangian": [
        -0.370492703281343,
        -0.5638363520399883,
        -0.7671882937877224
    ],
    "per_user_best_lagrangian": [
        -0.370492703281343,
        -0.5638363520399883,
        -0.7671882937877224
    ],
    "per_user_final_rate": [
        0.3704927426118117,
        0.5643509374215052,
        0.7672983270425063
    ],
    "per_user_final_rate_violation": [
        0.0,
        0.005145627145583813,
        0.0011000737118033262
    ],
    "per_user_final_power_violation": [
        3.7780174842247597e-06,
        2.7143038236177886e-06,
        3.1911409818209136e-06
    ],
    "final_avg_sum_rate": 1.7021420139532824,
    "best_avg_sum_rate": 1.7021420139532824,
    "final_avg_user_rate": 0.5673806690252744,
    "best_avg_user_rate": 0.5673806690252744,
    "final_avg_lagrangian": -0.5671724497030178,
    "best_avg_lagrangian": -0.5671724497030178,
    "final_avg_rate_violation": 0.0020819002857957133,
    "best_avg_rate_violation": 0.0020819002857957133,
    "final_avg_power_violation": 3.2278207632211542e-06,
    "best_avg_power_violation": 3.2278207632211542e-06,
    "final_feasible_rollout_query_fraction": 0.8604651162790697,
    "cumulative_rollout_queries_by_n_kl": {
        "global_active_user_rollout_queries_by_n_kl_over_all_epochs": {
            "24": 5,
            "25": 17,
            "26": 1,
            "27": 2,
            "28": 2,
            "29": 9,
            "30": 21,
            "33": 2,
            "34": 1,
            "35": 12,
            "40": 7,
            "42": 2,
            "43": 1,
            "44": 1,
            "45": 10,
            "50": 8,
            "55": 5,
            "60": 6,
            "62": 1,
            "63": 2,
            "64": 1,
            "65": 4,
            "70": 3,
            "75": 3,
            "80": 3
        },
        "per_user_active_user_rollout_queries_by_n_kl_over_all_epochs": [
            {
                "25": 13,
                "27": 1,
                "28": 1,
                "29": 5,
                "30": 11,
                "35": 3,
                "40": 3,
                "45": 3,
                "50": 3
            },
            {
                "25": 2,
                "26": 1,
                "27": 1,
                "28": 1,
                "29": 1,
                "30": 7,
                "33": 2,
                "34": 1,
                "35": 7,
                "40": 2,
                "42": 2,
                "43": 1,
                "44": 1,
                "45": 5,
                "50": 3,
                "55": 3,
                "60": 3
            },
            {
                "24": 5,
                "25": 2,
                "29": 3,
                "30": 3,
                "35": 2,
                "40": 2,
                "45": 2,
                "50": 2,
                "55": 2,
                "60": 3,
                "62": 1,
                "63": 2,
                "64": 1,
                "65": 4,
                "70": 3,
                "75": 3,
                "80": 3
            }
        ]
    },
    "cumulative_frontier_rollout_queries_by_n_kl": {
        "global_active_user_frontier_rollout_queries_by_n_kl_over_all_epochs": {
            "24": 2,
            "25": 6,
            "26": 1,
            "27": 1,
            "28": 1,
            "29": 4,
            "30": 4,
            "33": 2,
            "42": 2,
            "45": 1,
            "60": 1,
            "62": 1,
            "63": 1
        },
        "per_user_active_user_frontier_rollout_queries_by_n_kl_over_all_epochs": [
            {
                "25": 3,
                "27": 1,
                "28": 1,
                "29": 2,
                "30": 2
            },
            {
                "25": 2,
                "26": 1,
                "30": 1,
                "33": 2,
                "42": 2,
                "45": 1
            },
            {
                "24": 2,
                "25": 1,
                "29": 2,
                "30": 1,
                "60": 1,
                "62": 1,
                "63": 1
            }
        ]
    },
    "final_epoch_rollout_query_summary": {
        "total_channel_episodes": 9,
        "channel_episodes_by_seed": {
            "0": 9
        },
        "channel_episodes_by_block": {
            "0": 3,
            "1": 3,
            "2": 3
        },
        "channel_episodes_by_active_user_count": {
            "3": 9
        },
        "channel_episodes_by_active_mask": {
            "111": 9
        },
        "channel_episodes_per_user": [
            9,
            9,
            9
        ],
        "global_active_user_rollout_queries_by_n_kl": {
            "24": 5,
            "25": 17,
            "26": 1,
            "27": 2,
            "28": 2,
            "29": 9,
            "30": 21,
            "33": 2,
            "34": 1,
            "35": 12,
            "40": 7,
            "42": 2,
            "43": 1,
            "44": 1,
            "45": 10,
            "50": 8,
            "55": 5,
            "60": 6,
            "62": 1,
            "63": 2,
            "64": 1,
            "65": 4,
            "70": 3,
            "75": 3,
            "80": 3
        },
        "per_user_active_user_rollout_queries_by_n_kl": [
            {
                "25": 13,
                "27": 1,
                "28": 1,
                "29": 5,
                "30": 11,
                "35": 3,
                "40": 3,
                "45": 3,
                "50": 3
            },
            {
                "25": 2,
                "26": 1,
                "27": 1,
                "28": 1,
                "29": 1,
                "30": 7,
                "33": 2,
                "34": 1,
                "35": 7,
                "40": 2,
                "42": 2,
                "43": 1,
                "44": 1,
                "45": 5,
                "50": 3,
                "55": 3,
                "60": 3
            },
            {
                "24": 5,
                "25": 2,
                "29": 3,
                "30": 3,
                "35": 2,
                "40": 2,
                "45": 2,
                "50": 2,
                "55": 2,
                "60": 3,
                "62": 1,
                "63": 2,
                "64": 1,
                "65": 4,
                "70": 3,
                "75": 3,
                "80": 3
            }
        ],
        "global_active_user_frontier_rollout_queries_by_n_kl": {
            "24": 2,
            "25": 6,
            "26": 1,
            "27": 1,
            "28": 1,
            "29": 4,
            "30": 4,
            "33": 2,
            "42": 2,
            "45": 1,
            "60": 1,
            "62": 1,
            "63": 1
        },
        "per_user_active_user_frontier_rollout_queries_by_n_kl": [
            {
                "25": 3,
                "27": 1,
                "28": 1,
                "29": 2,
                "30": 2
            },
            {
                "25": 2,
                "26": 1,
                "30": 1,
                "33": 2,
                "42": 2,
                "45": 1
            },
            {
                "24": 2,
                "25": 1,
                "29": 2,
                "30": 1,
                "60": 1,
                "62": 1,
                "63": 1
            }
        ],
        "total_rollout_queries": 43,
        "feasible_rollout_queries": 37,
        "infeasible_rollout_queries": 6,
        "frontier_rollout_queries": 9,
        "epoch": 1
    }
}