{
    "epochs_requested": 1,
    "final_avg_loss": -4.234821106493473,
    "best_avg_loss": -4.234821106493473,
    "final_avg_sum_rate": 4.234821106493473,
    "best_avg_sum_rate": 4.234821106493473,
    "final_avg_user_rate": 2.528827674094876,
    "best_avg_user_rate": 2.528827674094876,
    "per_user_final_rate": [
        1.9359432031710944,
        2.4694878206108557,
        3.1810519985026784
    ],
    "per_user_best_rate": [
        1.9359432031710944,
        2.4694878206108557,
        3.1810519985026784
    ]
}