{
    "train_eval_seed": 0,
    "epochs_requested": 40,
    "train_min_bits_required": 1,
    "per_user_num_epochs": [
        40,
        40,
        40
    ],
    "per_user_final_lagrangian": [
        -18.1725049217542,
        -12.982341700233519,
        -10.349918684611717
    ],
    "per_user_best_lagrangian": [
        -18.17253507508172,
        -12.994985020598202,
        -10.438267283555534
    ],
    "per_user_final_rate": [
        18.1725049217542,
        13.00451785657141,
        10.466793258984884
    ],
    "per_user_final_rate_violation": [
        0.0,
        0.06601407792833117,
        0.16782839430703056
    ],
    "per_user_final_power_violation": [
        8.54333241780599e-07,
        7.152557373046875e-07,
        8.742014567057291e-07
    ],
    "final_avg_lagrangian": -13.83492176886648,
    "best_avg_lagrangian": -13.86733931766961,
    "final_avg_user_rate": 13.881272012436831,
    "best_avg_user_rate": 13.881513446017548,
    "final_avg_rate_violation": 0.07794749074512057,
    "best_avg_rate_violation": 0.07792673177189297,
    "final_avg_power_violation": 8.145968119303385e-07,
    "best_avg_power_violation": 7.152557373046875e-07,
    "per_user_final_loss": [
        -18.1725049217542,
        -12.982341700233519,
        -10.349918684611717
    ],
    "per_user_best_loss": [
        -18.17253507508172,
        -12.994985020598202,
        -10.438267283555534
    ],
    "train_eval_initial_latency": [
        0.0019333333333333333,
        0.0024666666666666665,
        0.0028666666666666667
    ],
    "train_eval_final_latency": [
        0.0015333333333333334,
        0.002,
        0.0024
    ],
    "train_eval_initial_total_latency": 0.007266666666666666,
    "train_eval_final_total_latency": 0.005933333333333334,
    "train_eval_total_latency_reduction_percent": 18.348623853210995,
    "train_eval_initial_blocks_per_user": [
        1,
        1,
        1
    ],
    "train_eval_initial_total_n_per_user": [
        29,
        37,
        43
    ],
    "train_eval_initial_served_bits_per_user": [
        400,
        400,
        400
    ],
    "train_eval_initial_selected_n_kl_summary": {
        "global_selected_examples_by_n_kl": {
            "29": 1,
            "37": 1,
            "43": 1
        },
        "per_user": [
            {
                "user": 0,
                "selected_examples_by_n_kl": {
                    "29": 1
                }
            },
            {
                "user": 1,
                "selected_examples_by_n_kl": {
                    "37": 1
                }
            },
            {
                "user": 2,
                "selected_examples_by_n_kl": {
                    "43": 1
                }
            }
        ]
    },
    "train_eval_blocks_per_user": [
        1,
        1,
        1
    ],
    "train_eval_total_n_per_user": [
        23,
        30,
        36
    ],
    "train_eval_served_bits_per_user": [
        400,
        400,
        400
    ],
    "train_eval_selected_n_kl_summary": {
        "global_selected_examples_by_n_kl": {
            "23": 1,
            "30": 1,
            "36": 1
        },
        "per_user": [
            {
                "user": 0,
                "selected_examples_by_n_kl": {
                    "23": 1
                }
            },
            {
                "user": 1,
                "selected_examples_by_n_kl": {
                    "30": 1
                }
            },
            {
                "user": 2,
                "selected_examples_by_n_kl": {
                    "36": 1
                }
            }
        ]
    }
}