{
    "initial_latency": [
        0.005866666666666667,
        0.010666666666666666,
        0.0142
    ],
    "final_latency": [
        0.004533333333333334,
        0.007933333333333334,
        0.0122
    ],
    "initial_n": [
        88,
        160,
        213
    ],
    "final_n": [
        68,
        119,
        183
    ],
    "initial_n_kl": [
        [
            50,
            38
        ],
        [
            60,
            60,
            40
        ],
        [
            80,
            80,
            53
        ]
    ],
    "final_n_kl": [
        [
            50,
            18
        ],
        [
            60,
            59
        ],
        [
            80,
            80,
            23
        ]
    ],
    "initial_Rfbl": [
        [
            11.280640240768069,
            11.714778218772825
        ],
        [
            12.724815450657408,
            12.320668404281792,
            12.756646102953951
        ],
        [
            14.088898282465161,
            14.214656485869124,
            14.148008112079015
        ]
    ],
    "final_Rfbl": [
        [
            15.215826034545898,
            13.995241165161133
        ],
        [
            17.3118839263916,
            16.412246704101562
        ],
        [
            16.222686767578125,
            17.140380859375,
            14.743639945983887
        ]
    ],
    "committed_final_Rfbl": [
        [
            15.817410670617791,
            13.995233321555528
        ],
        [
            16.935036614676306,
            16.412235838439994
        ],
        [
            16.61304192104386,
            17.140370842703437,
            14.74363695200379
        ]
    ],
    "initial_B_kl": [
        [
            564,
            436
        ],
        [
            763,
            739,
            498
        ],
        [
            1127,
            1137,
            736
        ]
    ],
    "target_snr_db": [
        8.0,
        8.0,
        8.0
    ],
    "initial_snr_db": [
        7.719667459560023,
        7.804324832674425,
        8.79943156226383
    ],
    "final_snr_db": [
        7.962447741582074,
        8.34650503393517,
        8.987952106655502
    ],
    "initial_sinr_db": [
        -3.359222189123651,
        -4.649208127071024,
        -2.1732438388883604
    ],
    "final_sinr_db": [
        -3.079445544104049,
        -4.24524116996546,
        -2.483008706220598
    ],
    "initial_bits_per_symbol": [
        11.363636363636363,
        12.5,
        14.084507042253522
    ],
    "initial_bits_per_symbol_by_block": [
        [
            11.28,
            11.473684210526315
        ],
        [
            12.716666666666667,
            12.316666666666666,
            12.45
        ],
        [
            14.0875,
            14.2125,
            13.88679245283019
        ]
    ],
    "final_bits_per_symbol": [
        [
            15.2,
            13.333333333333334
        ],
        [
            17.3,
            16.305084745762713
        ],
        [
            16.2125,
            17.1375,
            14.434782608695652
        ]
    ],
    "B_tx_final": [
        [
            760,
            240
        ],
        [
            1038,
            962
        ],
        [
            1297,
            1371,
            332
        ]
    ],
    "scenario_mode": "",
    "scenario_block_targets": [],
    "latency_reduction_per_user_percent": [
        22.727272727272723,
        25.624999999999993,
        14.084507042253522
    ],
    "total_latency_reduction_percent": 19.73969631236442,
    "initial_asynchronality_sum": 0.01666666666666667,
    "final_asynchronality_sum": 0.015333333333333334,
    "asynchronality_reduction_percent": 8.000000000000012
}