{
    "train_eval_seed": 0,
    "epochs_requested": 1,
    "per_user_num_epochs": [
        1,
        1,
        1
    ],
    "per_user_final_loss": [
        -14.524787902832031,
        -10.284563779830933,
        -7.794899582862854
    ],
    "per_user_best_loss": [
        -14.524787902832031,
        -10.284563779830933,
        -7.794899582862854
    ],
    "per_user_final_rate": [
        14.52478775382042,
        10.284563342730204,
        7.794899508357048
    ],
    "per_user_best_rate": [
        14.52478775382042,
        10.284563342730204,
        7.794899508357048
    ],
    "final_avg_loss": -10.868083755175272,
    "best_avg_loss": -10.868083755175272,
    "final_avg_user_rate": 10.868083534969223,
    "best_avg_user_rate": 10.868083534969223,
    "train_eval_initial_latency": [
        0.0019333333333333333,
        0.0024666666666666665,
        0.0028666666666666667
    ],
    "train_eval_final_latency": [
        0.0016,
        0.002,
        0.0026
    ],
    "train_eval_initial_blocks_per_user": [
        1,
        1,
        1
    ],
    "train_eval_blocks_per_user": [
        1,
        1,
        1
    ],
    "train_eval_initial_total_n_per_user": [
        29,
        37,
        43
    ],
    "train_eval_total_n_per_user": [
        24,
        30,
        39
    ],
    "train_eval_initial_served_bits_per_user": [
        400,
        400,
        400
    ],
    "train_eval_served_bits_per_user": [
        400,
        400,
        400
    ],
    "train_eval_total_latency_reduction_percent": 14.678899082568803,
    "train_eval_initial_selected_n_kl_summary": {
        "global_selected_examples_by_n_kl": {
            "29": 1,
            "37": 1,
            "43": 1
        },
        "per_user": [
            {
                "user": 0,
                "selected_examples_by_n_kl": {
                    "29": 1
                }
            },
            {
                "user": 1,
                "selected_examples_by_n_kl": {
                    "37": 1
                }
            },
            {
                "user": 2,
                "selected_examples_by_n_kl": {
                    "43": 1
                }
            }
        ]
    },
    "train_eval_selected_n_kl_summary": {
        "global_selected_examples_by_n_kl": {
            "24": 1,
            "30": 1,
            "39": 1
        },
        "per_user": [
            {
                "user": 0,
                "selected_examples_by_n_kl": {
                    "24": 1
                }
            },
            {
                "user": 1,
                "selected_examples_by_n_kl": {
                    "30": 1
                }
            },
            {
                "user": 2,
                "selected_examples_by_n_kl": {
                    "39": 1
                }
            }
        ]
    }
}