{
    "initial_latency": [
        0.0009333333333333333,
        0.0012,
        0.0015333333333333334
    ],
    "final_latency": [
        0.0008,
        0.001,
        0.0013333333333333333
    ],
    "initial_n": [
        14,
        18,
        23
    ],
    "final_n": [
        12,
        15,
        20
    ],
    "initial_n_kl": [
        [
            7,
            7
        ],
        [
            9,
            9
        ],
        [
            12,
            11
        ]
    ],
    "final_n_kl": [
        [
            6,
            6
        ],
        [
            8,
            7
        ],
        [
            10,
            10
        ]
    ],
    "initial_Rfbl": [
        [
            14.500179240016324,
            14.842087007669939
        ],
        [
            11.56238904068385,
            11.498727440244668
        ],
        [
            9.03030715739957,
            9.742570083251714
        ]
    ],
    "final_Rfbl": [
        [
            18.960329606916886,
            17.933627079269158
        ],
        [
            15.054545579229156,
            15.012907251183904
        ],
        [
            11.497886292647863,
            11.229107241272061
        ]
    ],
    "initial_B_kl": [
        [
            100,
            100
        ],
        [
            100,
            100
        ],
        [
            100,
            100
        ]
    ],
    "target_snr_db": [
        15.0,
        10.0,
        8.0
    ],
    "initial_snr_db": [
        14.77842536968775,
        11.408573409450023,
        7.169330746367936
    ],
    "final_snr_db": [
        14.23879825991155,
        11.784848848196386,
        7.142684803420025
    ],
    "initial_sinr_db": [
        -2.2124250553334797,
        -3.1578334349385955,
        -4.290255011529239
    ],
    "final_sinr_db": [
        -2.7737346568345647,
        -2.5968508653945523,
        -4.286305984240203
    ],
    "initial_bits_per_symbol": [
        14.285714285714286,
        11.11111111111111,
        8.695652173913043
    ],
    "initial_bits_per_symbol_by_block": [
        [
            14.285714285714286,
            14.285714285714286
        ],
        [
            11.11111111111111,
            11.11111111111111
        ],
        [
            8.333333333333334,
            9.090909090909092
        ]
    ],
    "final_bits_per_symbol": [
        [
            16.666666666666668,
            16.666666666666668
        ],
        [
            12.5,
            14.285714285714286
        ],
        [
            10.0,
            10.0
        ]
    ],
    "B_tx_final": [
        [
            100,
            100
        ],
        [
            100,
            100
        ],
        [
            100,
            100
        ]
    ],
    "scenario_mode": "fixed_block_targets",
    "scenario_block_targets": [
        [
            100,
            100
        ],
        [
            100,
            100
        ],
        [
            100,
            100
        ]
    ],
    "latency_reduction_per_user_percent": [
        14.28571428571428,
        16.666666666666657,
        13.04347826086957
    ],
    "total_latency_reduction_percent": 14.54545454545455,
    "initial_asynchronality_sum": 0.0012000000000000001,
    "final_asynchronality_sum": 0.0010666666666666665,
    "asynchronality_reduction_percent": 11.111111111111132
}