{
    "method_name": "converge_in_each_sweep_baseline",
    "cfg_path": "C:\\Users\\shani\\AppData\\Local\\Temp\\uldl_validate_wx6fouya\\uplink_fixed_quick.yaml",
    "seed": 1,
    "precoder_parameterization": "shared_user_channel_sigma_epsilon_to_precoder_mlp_online_convergence",
    "initial_latency": [
        0.0009333333333333333,
        0.0012,
        0.0015333333333333334
    ],
    "final_latency": [
        0.0008,
        0.001,
        0.0013333333333333333
    ],
    "initial_n": [
        14.0,
        18.0,
        23.0
    ],
    "final_n": [
        12,
        15,
        20
    ],
    "initial_n_kl": [
        [
            7.0,
            7.0
        ],
        [
            9.0,
            9.0
        ],
        [
            12.0,
            11.0
        ]
    ],
    "final_n_kl": [
        [
            6,
            6
        ],
        [
            8,
            7
        ],
        [
            10,
            10
        ]
    ],
    "initial_B_kl": [
        [
            100,
            100
        ],
        [
            100,
            100
        ],
        [
            100,
            100
        ]
    ],
    "initial_R_fbl": [
        [
            14.500179240016324,
            14.842087007669939
        ],
        [
            11.56238904068385,
            11.498727440244668
        ],
        [
            9.03030715739957,
            9.742570083251714
        ]
    ],
    "final_R_fbl": [
        [
            18.960329606916886,
            17.933627079269158
        ],
        [
            15.054545579229156,
            15.012907251183904
        ],
        [
            11.497886292647863,
            11.229107241272061
        ]
    ],
    "initial_snr_db": [
        14.77842536968775,
        11.408573409450023,
        7.169330746367936
    ],
    "final_snr_db": [
        14.23879825991155,
        11.784848848196386,
        7.142684803420025
    ],
    "initial_sinr_db": [
        -2.2124250553334797,
        -3.1578334349385955,
        -4.290255011529239
    ],
    "final_sinr_db": [
        -2.7737346568345647,
        -2.5968508653945523,
        -4.286305984240203
    ],
    "initial_bits_per_symbol": [
        14.285714285714286,
        11.11111111111111,
        8.695652173913043
    ],
    "initial_bits_per_symbol_by_block": [
        [
            14.285714285714286,
            14.285714285714286
        ],
        [
            11.11111111111111,
            11.11111111111111
        ],
        [
            8.333333333333334,
            9.090909090909092
        ]
    ],
    "final_bits_per_symbol": [
        [
            16.666666666666668,
            16.666666666666668
        ],
        [
            12.5,
            14.285714285714286
        ],
        [
            10.0,
            10.0
        ]
    ],
    "B_kl": [
        [
            100,
            100
        ],
        [
            100,
            100
        ],
        [
            100,
            100
        ]
    ],
    "n_kl": [
        [
            6,
            6
        ],
        [
            8,
            7
        ],
        [
            10,
            10
        ]
    ],
    "R_fbl": [
        [
            18.042455673217773,
            17.05803108215332
        ],
        [
            14.545753479003906,
            14.535747528076172
        ],
        [
            10.857660293579102,
            10.629609107971191
        ]
    ],
    "blocks_per_user": [
        2,
        2,
        2
    ],
    "initial_schedule_source": "random_precoder_baseline",
    "scenario_mode": "fixed_block_targets",
    "scenario_block_targets": [
        [
            100,
            100
        ],
        [
            100,
            100
        ],
        [
            100,
            100
        ]
    ],
    "initial_interference_diag": {
        "blocks_per_user": [
            2,
            2,
            2
        ],
        "signal": [
            [
                34.1875118105823,
                22.030782768022203
            ],
            [
                30.474018973459433,
                18.883133073334037
            ],
            [
                22.618965124845328,
                19.719503700772364
            ]
        ],
        "total_interference": [
            [
                53.09298409830476,
                38.6026367741064
            ],
            [
                56.806476935427625,
                41.75028646879457
            ],
            [
                64.66153078404173,
                40.91391584135624
            ]
        ],
        "noise": [
            [
                0.8735269330307419,
                0.9973065320468185
            ],
            [
                1.8063759947153448,
                1.7621819382736292
            ],
            [
                4.069938818173713,
                4.05466276373899
            ]
        ],
        "sinr_db": [
            [
                -1.9825684785212578,
                -2.5466463597186264
            ],
            [
                -2.840631271971692,
                -3.6253966725530358
            ],
            [
                -4.826828990366614,
                -3.580131798872338
            ]
        ],
        "pairwise_block": [
            [
                [
                    NaN,
                    30.474018973459433,
                    22.618965124845328
                ],
                [
                    34.1875118105823,
                    NaN,
                    22.618965124845328
                ],
                [
                    34.1875118105823,
                    30.474018973459433,
                    NaN
                ]
            ],
            [
                [
                    NaN,
                    18.883133073334037,
                    19.719503700772364
                ],
                [
                    22.030782768022203,
                    NaN,
                    19.719503700772364
                ],
                [
                    22.030782768022203,
                    18.883133073334037,
                    NaN
                ]
            ]
        ],
        "avg_pairwise_power": [
            [
                NaN,
                24.678576023396737,
                21.169234412808848
            ],
            [
                28.10914728930225,
                NaN,
                21.169234412808848
            ],
            [
                28.10914728930225,
                24.678576023396737,
                NaN
            ]
        ],
        "avg_pairwise_inr_db": [
            [
                NaN,
                14.29916222423599,
                13.585686757740572
            ],
            [
                11.962869286860112,
                NaN,
                10.739405224677348
            ],
            [
                8.399005169019562,
                7.833577516481104,
                NaN
            ]
        ],
        "avg_pairwise_share": [
            [
                NaN,
                0.538271638025887,
                0.461728361974113
            ],
            [
                0.5704153894343095,
                NaN,
                0.4295846105656906
            ],
            [
                0.5324940256050049,
                0.4675059743949951,
                NaN
            ]
        ],
        "worst_block": 0
    },
    "final_interference_diag": {
        "blocks_per_user": [
            2,
            2,
            2
        ],
        "signal": [
            [
                26.414902672862713,
                23.527706756840896
            ],
            [
                24.396607515709658,
                27.43710852179233
            ],
            [
                23.149513912222123,
                17.72477690030975
            ]
        ],