[DL Initial Baseline] | seed=3 | scenario=fixed_block_targets | method=convergence | users=3 | initial_total_latency=0.063333 | initial_avg_latency=0.021111 | initial_min_latency=0.016667 | initial_max_latency=0.026667
[DL Convergence Block] | block=0 | active_users=3 | target_bits=1200 | objective=blended_network_rate
[DL Convergence] | phase=optimize | block=0 | epoch=1/500 | active_users=3 | updated_users=3 | objective=6.529914 | sum_rate=5.678186 | r_p=5.930739 | r_c=0.593074 | r_s=1.087910 | status=running
[DL Convergence] | phase=optimize | block=0 | epoch=5/500 | active_users=3 | updated_users=3 | objective=16.736267 | sum_rate=14.553276 | r_p=4.355053 | r_c=1.177539 | r_s=0.670622 | status=running
[DL Convergence] | phase=optimize | block=0 | epoch=10/500 | active_users=3 | updated_users=3 | objective=21.904530 | sum_rate=19.047417 | r_p=4.057730 | r_c=1.944888 | r_s=0.185534 | status=running
[DL Convergence] | phase=optimize | block=0 | epoch=15/500 | active_users=3 | updated_users=3 | objective=26.636765 | sum_rate=23.162403 | r_p=4.018687 | r_c=2.737911 | r_s=0.112979 | status=running
[DL Convergence] | phase=optimize | block=0 | epoch=20/500 | active_users=3 | updated_users=3 | objective=27.845926 | sum_rate=24.213848 | r_p=4.017411 | r_c=3.544339 | r_s=0.070929 | status=running
[DL Convergence] | phase=optimize | block=0 | epoch=25/500 | active_users=3 | updated_users=3 | objective=29.501713 | sum_rate=25.653664 | r_p=4.011587 | r_c=4.344336 | r_s=0.058249 | status=running
[DL Convergence] | phase=optimize | block=0 | epoch=30/500 | active_users=3 | updated_users=3 | objective=31.532257 | sum_rate=27.419353 | r_p=4.011697 | r_c=5.149047 | r_s=0.059193 | status=running
[DL Convergence] | phase=optimize | block=0 | epoch=35/500 | active_users=3 | updated_users=3 | objective=32.156132 | sum_rate=27.961853 | r_p=4.011367 | r_c=5.953130 | r_s=0.054625 | status=running
[DL Convergence] | phase=optimize | block=0 | epoch=40/500 | active_users=3 | updated_users=3 | objective=32.491520 | sum_rate=28.253496 | r_p=4.007638 | r_c=6.751670 | r_s=0.046400 | status=running
[DL Convergence] | phase=optimize | block=0 | epoch=45/500 | active_users=3 | updated_users=3 | objective=32.940678 | sum_rate=28.644068 | r_p=4.009673 | r_c=7.559327 | r_s=0.067116 | status=running
[DL Convergence] | phase=optimize | block=0 | epoch=50/500 | active_users=3 | updated_users=3 | objective=33.119793 | sum_rate=28.799820 | r_p=4.011760 | r_c=8.367836 | r_s=0.062221 | status=running
[DL Convergence] | phase=optimize | block=0 | epoch=55/500 | active_users=3 | updated_users=3 | objective=33.228001 | sum_rate=28.893913 | r_p=4.014065 | r_c=9.177748 | r_s=0.044876 | status=running
[DL Convergence] | phase=optimize | block=0 | epoch=60/500 | active_users=3 | updated_users=3 | objective=33.370342 | sum_rate=29.017689 | r_p=4.006165 | r_c=9.963649 | r_s=0.056570 | status=running
[DL Convergence] | phase=optimize | block=0 | epoch=65/500 | active_users=3 | updated_users=3 | objective=33.400501 | sum_rate=29.043915 | r_p=4.014361 | r_c=10.790045 | r_s=0.068104 | status=running
[DL Convergence] | phase=optimize | block=0 | epoch=70/500 | active_users=3 | updated_users=3 | objective=33.450874 | sum_rate=29.087715 | r_p=4.010889 | r_c=11.585658 | r_s=0.039427 | status=running
[DL Convergence] | phase=optimize | block=0 | epoch=75/500 | active_users=3 | updated_users=3 | objective=33.503246 | sum_rate=29.133259 | r_p=4.010602 | r_c=12.389710 | r_s=0.053177 | status=running
[DL Convergence] | phase=optimize | block=0 | epoch=80/500 | active_users=3 | updated_users=3 | objective=33.503010 | sum_rate=29.133051 | r_p=4.016643 | r_c=13.214292 | r_s=0.062683 | status=running
[DL Convergence] | phase=optimize | block=0 | epoch=85/500 | active_users=3 | updated_users=3 | objective=33.505253 | sum_rate=29.135002 | r_p=4.020273 | r_c=14.033463 | r_s=0.022216 | status=running
[DL Convergence] | phase=optimize | block=0 | epoch=90/500 | active_users=3 | updated_users=3 | objective=33.527126 | sum_rate=29.154022 | r_p=4.011827 | r_c=14.809141 | r_s=0.064495 | status=running
[DL Convergence] | phase=optimize | block=0 | epoch=95/500 | active_users=3 | updated_users=3 | objective=33.534698 | sum_rate=29.160606 | r_p=4.011265 | r_c=15.611643 | r_s=0.058153 | status=running
[DL Convergence] | phase=optimize | block=0 | epoch=100/500 | active_users=3 | updated_users=3 | objective=33.532009 | sum_rate=29.158268 | r_p=4.011706 | r_c=16.418039 | r_s=0.043953 | status=running
[DL Convergence] | phase=optimize | block=0 | epoch=105/500 | active_users=3 | updated_users=3 | objective=33.531864 | sum_rate=29.158142 | r_p=4.013281 | r_c=17.229691 | r_s=0.088487 | status=running
[DL Convergence] | phase=optimize | block=0 | epoch=110/500 | active_users=3 | updated_users=3 | objective=33.538315 | sum_rate=29.163752 | r_p=4.012904 | r_c=18.032876 | r_s=0.076367 | status=running
[DL Convergence] | phase=optimize | block=0 | epoch=115/500 | active_users=3 | updated_users=3 | objective=33.513111 | sum_rate=29.141834 | r_p=4.030744 | r_c=18.922752 | r_s=0.031479 | status=running
[DL Convergence] | phase=optimize | block=0 | epoch=120/500 | active_users=3 | updated_users=3 | objective=33.532654 | sum_rate=29.158831 | r_p=4.012316 | r_c=19.642836 | r_s=0.068324 | status=running
[DL Convergence] | phase=optimize | block=0 | epoch=125/500 | active_users=3 | updated_users=3 | objective=33.527004 | sum_rate=29.153915 | r_p=4.014164 | r_c=20.457555 | r_s=0.026795 | status=running
[DL Convergence] | phase=optimize | block=0 | epoch=130/500 | active_users=3 | updated_users=3 | objective=33.520657 | sum_rate=29.148397 | r_p=4.018610 | r_c=21.286862 | r_s=0.089609 | status=running
[DL Convergence] | phase=optimize | block=0 | epoch=135/500 | active_users=3 | updated_users=3 | objective=33.517403 | sum_rate=29.145569 | r_p=4.022994 | r_c=22.118313 | r_s=0.033060 | status=running
[DL Convergence] | phase=optimize | block=0 | epoch=140/500 | active_users=3 | updated_users=3 | objective=33.534702 | sum_rate=29.160610 | r_p=4.012993 | r_c=22.868957 | r_s=0.074685 | status=running
[DL Convergence] | phase=optimize | block=0 | epoch=145/500 | active_users=3 | updated_users=3 | objective=33.538754 | sum_rate=29.164133 | r_p=4.011128 | r_c=23.663277 | r_s=0.048916 | status=running
[DL Convergence] | phase=optimize | block=0 | epoch=150/500 | active_users=3 | updated_users=3 | objective=33.524666 | sum_rate=29.151882 | r_p=4.020072 | r_c=24.523091 | r_s=0.123171 | status=running
[DL Convergence] | phase=optimize | block=0 | epoch=155/500 | active_users=3 | updated_users=3 | objective=33.532040 | sum_rate=29.158295 | r_p=4.013413 | r_c=25.288473 | r_s=0.073134 | status=running
[DL Convergence] | phase=optimize | block=0 | epoch=160/500 | active_users=3 | updated_users=3 | objective=33.534111 | sum_rate=29.160095 | r_p=4.012557 | r_c=26.088127 | r_s=0.038366 | status=running
[DL Convergence] | phase=optimize | block=0 | epoch=165/500 | active_users=3 | updated_users=3 | objective=33.530697 | sum_rate=29.157127 | r_p=4.017385 | r_c=26.925603 | r_s=0.101427 | status=running
[DL Convergence] | phase=optimize | block=0 | epoch=170/500 | active_users=3 | updated_users=3 | objective=33.543896 | sum_rate=29.168606 | r_p=4.007246 | r_c=27.661918 | r_s=0.027389 | status=running
[DL Convergence] | phase=optimize | block=0 | epoch=175/500 | active_users=3 | updated_users=3 | objective=33.533676 | sum_rate=29.159718 | r_p=4.014983 | r_c=28.520890 | r_s=0.110616 | status=running
[DL Convergence] | phase=optimize | block=0 | epoch=180/500 | active_users=3 | updated_users=3 | objective=33.544914 | sum_rate=29.169489 | r_p=4.006658 | r_c=29.265480 | r_s=0.034013 | status=running
[DL Convergence] | phase=optimize | block=0 | epoch=185/500 | active_users=3 | updated_users=3 | objective=33.538280 | sum_rate=29.163723 | r_p=4.014104 | r_c=30.124848 | r_s=0.084169 | status=running
[DL Convergence] | phase=optimize | block=0 | epoch=190/500 | active_users=3 | updated_users=3 | objective=33.541286 | sum_rate=29.166336 | r_p=4.011134 | r_c=30.907431 | r_s=0.027311 | status=running
[DL Convergence] | phase=optimize | block=0 | epoch=195/500 | active_users=3 | updated_users=3 | objective=33.533768 | sum_rate=29.159798 | r_p=4.014573 | r_c=31.739171 | r_s=0.087155 | status=running
[DL Convergence] | phase=optimize | block=0 | epoch=200/500 | active_users=3 | updated_users=3 | objective=33.533417 | sum_rate=29.159492 | r_p=4.014023 | r_c=32.540169 | r_s=0.016569 | status=running
[DL Convergence] | phase=optimize | block=0 | epoch=205/500 | active_users=3 | updated_users=3 | objective=33.535297 | sum_rate=29.161129 | r_p=4.014390 | r_c=33.348016 | r_s=0.082204 | status=running
[DL Convergence] | phase=optimize | block=0 | epoch=210/500 | active_users=3 | updated_users=3 | objective=33.543125 | sum_rate=29.167934 | r_p=4.008769 | r_c=34.105525 | r_s=0.031563 | status=running
[DL Convergence] | phase=optimize | block=0 | epoch=215/500 | active_users=3 | updated_users=3 | objective=33.539909 | sum_rate=29.165138 | r_p=4.011081 | r_c=34.929615 | r_s=0.097142 | status=running
[DL Convergence] | phase=optimize | block=0 | epoch=220/500 | active_users=3 | updated_users=3 | objective=33.537636 | sum_rate=29.163162 | r_p=4.012102 | r_c=35.742910 | r_s=0.035964 | status=running
[DL Convergence] | phase=optimize | block=0 | epoch=225/500 | active_users=3 | updated_users=3 | objective=33.539703 | sum_rate=29.164961 | r_p=4.013710 | r_c=36.561981 | r_s=0.082714 | status=running
[DL Convergence] | phase=optimize | block=0 | epoch=230/500 | active_users=3 | updated_users=3 | objective=33.549217 | sum_rate=29.173233 | r_p=4.007278 | r_c=37.307022 | r_s=0.040172 | status=running
[DL Convergence] | phase=optimize | block=0 | epoch=235/500 | active_users=3 | updated_users=3 | objective=33.545448 | sum_rate=29.169956 | r_p=4.010128 | r_c=38.137491 | r_s=0.062744 | status=running
[DL Convergence] | phase=optimize | block=0 | epoch=240/500 | active_users=3 | updated_users=3 | objective=33.547302 | sum_rate=29.171566 | r_p=4.008624 | r_c=38.926787 | r_s=0.022797 | status=running
[DL Convergence] | phase=optimize | block=0 | epoch=245/500 | active_users=3 | updated_users=3 | objective=33.546230 | sum_rate=29.170635 | r_p=4.009749 | r_c=39.741353 | r_s=0.053115 | status=running
[DL Convergence] | phase=optimize | block=0 | epoch=250/500 | active_users=3 | updated_users=3 | objective=33.548828 | sum_rate=29.172894 | r_p=4.006785 | r_c=40.515027 | r_s=0.024894 | status=running
[DL Convergence] | phase=optimize | block=0 | epoch=255/500 | active_users=3 | updated_users=3 | objective=33.547813 | sum_rate=29.172010 | r_p=4.008218 | r_c=41.332564 | r_s=0.046186 | status=running
[DL Convergence] | phase=optimize | block=0 | epoch=260/500 | active_users=3 | updated_users=3 | objective=33.551392 | sum_rate=29.175121 | r_p=4.006521 | r_c=42.117852 | r_s=0.013608 | status=running
[DL Convergence] | phase=optimize | block=0 | epoch=265/500 | active_users=3 | updated_users=3 | objective=33.548992 | sum_rate=29.173037 | r_p=4.009270 | r_c=42.949954 | r_s=0.045614 | status=running
[DL Convergence] | phase=optimize | block=0 | epoch=270/500 | active_users=3 | updated_users=3 | objective=33.552849 | sum_rate=29.176392 | r_p=4.006255 | r_c=43.720429 | r_s=0.024540 | status=running
[DL Convergence] | phase=optimize | block=0 | epoch=275/500 | active_users=3 | updated_users=3 | objective=33.554211 | sum_rate=29.177574 | r_p=4.006565 | r_c=44.526406 | r_s=0.047226 | status=running
[DL Convergence] | phase=optimize | block=0 | epoch=280/500 | active_users=3 | updated_users=3 | objective=33.552845 | sum_rate=29.176388 | r_p=4.008402 | r_c=45.349918 | r_s=0.046821 | status=running
[DL Convergence] | phase=optimize | block=0 | epoch=285/500 | active_users=3 | updated_users=3 | objective=33.555889 | sum_rate=29.179035 | r_p=4.006136 | r_c=46.126805 | r_s=0.035564 | status=running
[DL Convergence] | phase=optimize | block=0 | epoch=290/500 | active_users=3 | updated_users=3 | objective=33.555958 | sum_rate=29.179092 | r_p=4.005780 | r_c=46.925186 | r_s=0.042938 | status=running
[DL Convergence] | phase=optimize | block=0 | epoch=295/500 | active_users=3 | updated_users=3 | objective=33.553238 | sum_rate=29.176727 | r_p=4.007128 | r_c=47.743644 | r_s=0.037440 | status=running
[DL Convergence] | phase=optimize | block=0 | epoch=300/500 | active_users=3 | updated_users=3 | objective=33.556114 | sum_rate=29.179230 | r_p=4.004611 | r_c=48.515855 | r_s=0.030735 | status=running
[DL Convergence] | phase=optimize | block=0 | epoch=305/500 | active_users=3 | updated_users=3 | objective=33.555412 | sum_rate=29.178619 | r_p=4.005138 | r_c=49.324527 | r_s=0.031803 | status=running
[DL Convergence] | phase=optimize | block=0 | epoch=310/500 | active_users=3 | updated_users=3 | objective=33.555252 | sum_rate=29.178478 | r_p=4.005536 | r_c=50.131697 | r_s=0.036543 | status=running
[DL Convergence] | phase=optimize | block=0 | epoch=315/500 | active_users=3 | updated_users=3 | objective=33.555149 | sum_rate=29.178391 | r_p=4.005966 | r_c=50.939407 | r_s=0.038017 | status=running
[DL Convergence] | phase=optimize | block=0 | epoch=320/500 | active_users=3 | updated_users=3 | objective=33.556267 | sum_rate=29.179361 | r_p=4.006224 | r_c=51.745133 | r_s=0.027478 | status=running
[DL Convergence] | phase=optimize | block=0 | epoch=325/500 | active_users=3 | updated_users=3 | objective=33.560001 | sum_rate=29.182610 | r_p=4.002400 | r_c=52.497498 | r_s=0.033024 | status=running
[DL Convergence] | phase=optimize | block=0 | epoch=330/500 | active_users=3 | updated_users=3 | objective=33.551735 | sum_rate=29.175423 | r_p=4.007026 | r_c=53.361069 | r_s=0.033385 | status=running
[DL Convergence] | phase=optimize | block=0 | epoch=335/500 | active_users=3 | updated_users=3 | objective=33.553299 | sum_rate=29.176783 | r_p=4.006773 | r_c=54.160466 | r_s=0.019666 | status=running
[DL Convergence] | phase=optimize | block=0 | epoch=340/500 | active_users=3 | updated_users=3 | objective=33.553036 | sum_rate=29.176552 | r_p=4.006759 | r_c=54.963014 | r_s=0.040459 | status=running
[DL Convergence] | phase=optimize | block=0 | epoch=345/500 | active_users=3 | updated_users=3 | objective=33.551979 | sum_rate=29.175632 | r_p=4.006597 | r_c=55.763463 | r_s=0.032861 | status=running
[DL Convergence] | phase=optimize | block=0 | epoch=350/500 | active_users=3 | updated_users=3 | objective=33.555695 | sum_rate=29.178865 | r_p=4.004807 | r_c=56.540597 | r_s=0.027982 | status=running
[DL Convergence] | phase=optimize | block=0 | epoch=355/500 | active_users=3 | updated_users=3 | objective=33.552948 | sum_rate=29.176476 | r_p=4.007939 | r_c=57.387647 | r_s=0.051807 | status=running
[DL Convergence] | phase=optimize | block=0 | epoch=360/500 | active_users=3 | updated_users=3 | objective=33.553421 | sum_rate=29.176888 | r_p=4.006552 | r_c=58.170468 | r_s=0.034098 | status=running
[DL Convergence] | phase=optimize | block=0 | epoch=365/500 | active_users=3 | updated_users=3 | objective=33.552425 | sum_rate=29.176022 | r_p=4.006252 | r_c=58.968703 | r_s=0.037036 | status=running
[DL Convergence] | phase=optimize | block=0 | epoch=370/500 | active_users=3 | updated_users=3 | objective=33.550671 | sum_rate=29.174496 | r_p=4.006372 | r_c=59.773149 | r_s=0.035532 | status=running
[DL Convergence] | phase=optimize | block=0 | epoch=375/500 | active_users=3 | updated_users=3 | objective=33.550789 | sum_rate=29.174599 | r_p=4.006947 | r_c=60.584404 | r_s=0.038994 | status=running
[DL Convergence] | phase=optimize | block=0 | epoch=380/500 | active_users=3 | updated_users=3 | objective=33.550125 | sum_rate=29.174023 | r_p=4.007777 | r_c=61.399803 | r_s=0.044390 | status=running
[DL Convergence] | phase=optimize | block=0 | epoch=385/500 | active_users=3 | updated_users=3 | objective=33.551899 | sum_rate=29.175564 | r_p=4.005456 | r_c=62.166747 | r_s=0.032826 | status=running
[DL Convergence] | phase=optimize | block=0 | epoch=390/500 | active_users=3 | updated_users=3 | objective=33.549698 | sum_rate=29.173649 | r_p=4.007277 | r_c=62.997621 | r_s=0.032549 | status=running
[DL Convergence] | phase=optimize | block=0 | epoch=395/500 | active_users=3 | updated_users=3 | objective=33.548256 | sum_rate=29.172398 | r_p=4.008057 | r_c=63.812883 | r_s=0.015136 | status=running
[DL Convergence] | phase=optimize | block=0 | epoch=400/500 | active_users=3 | updated_users=3 | objective=33.549591 | sum_rate=29.173557 | r_p=4.005807 | r_c=64.579435 | r_s=0.030877 | status=running
[DL Convergence] | phase=optimize | block=0 | epoch=405/500 | active_users=3 | updated_users=3 | objective=33.549675 | sum_rate=29.173632 | r_p=4.006577 | r_c=65.394372 | r_s=0.016748 | status=running
[DL Convergence] | phase=optimize | block=0 | epoch=410/500 | active_users=3 | updated_users=3 | objective=33.553036 | sum_rate=29.176554 | r_p=4.004670 | r_c=66.165280 | r_s=0.025581 | status=running
[DL Convergence] | phase=optimize | block=0 | epoch=415/500 | active_users=3 | updated_users=3 | objective=33.555305 | sum_rate=29.178528 | r_p=4.005124 | r_c=66.974905 | r_s=0.035966 | status=running
[DL Convergence] | phase=optimize | block=0 | epoch=420/500 | active_users=3 | updated_users=3 | objective=33.546139 | sum_rate=29.170555 | r_p=4.012597 | r_c=67.903487 | r_s=0.062684 | status=running
[DL Convergence] | phase=optimize | block=0 | epoch=425/500 | active_users=3 | updated_users=3 | objective=33.545731 | sum_rate=29.170200 | r_p=4.005809 | r_c=68.591803 | r_s=0.038934 | status=running
[DL Convergence] | phase=optimize | block=0 | epoch=430/500 | active_users=3 | updated_users=3 | objective=33.531422 | sum_rate=29.157757 | r_p=4.010272 | r_c=69.472183 | r_s=0.089371 | status=running
[DL Convergence] | phase=optimize | block=0 | epoch=435/500 | active_users=3 | updated_users=3 | objective=33.544727 | sum_rate=29.169327 | r_p=4.004452 | r_c=70.173791 | r_s=0.027542 | status=running
[DL Convergence] | phase=optimize | block=0 | epoch=440/500 | active_users=3 | updated_users=3 | objective=33.550800 | sum_rate=29.174610 | r_p=4.006328 | r_c=71.009269 | r_s=0.038341 | status=running
[DL Convergence] | phase=optimize | block=0 | epoch=445/500 | active_users=3 | updated_users=3 | objective=33.555931 | sum_rate=29.179070 | r_p=4.005971 | r_c=71.805240 | r_s=0.038439 | status=running
[DL Convergence] | phase=optimize | block=0 | epoch=450/500 | active_users=3 | updated_users=3 | objective=33.557671 | sum_rate=29.180582 | r_p=4.005732 | r_c=72.603156 | r_s=0.034353 | status=running
[DL Convergence] | phase=optimize | block=0 | epoch=455/500 | active_users=3 | updated_users=3 | objective=33.557877 | sum_rate=29.180761 | r_p=4.006273 | r_c=73.415261 | r_s=0.044826 | status=running
[DL Convergence] | phase=optimize | block=0 | epoch=460/500 | active_users=3 | updated_users=3 | objective=33.560349 | sum_rate=29.182911 | r_p=4.004126 | r_c=74.177834 | r_s=0.019531 | status=running
[DL Convergence] | phase=optimize | block=0 | epoch=465/500 | active_users=3 | updated_users=3 | objective=33.558125 | sum_rate=29.180979 | r_p=4.005467 | r_c=75.004729 | r_s=0.033735 | status=running
[DL Convergence] | phase=optimize | block=0 | epoch=470/500 | active_users=3 | updated_users=3 | objective=33.559002 | sum_rate=29.181742 | r_p=4.003997 | r_c=75.778964 | r_s=0.025063 | status=running
[DL Convergence] | phase=optimize | block=0 | epoch=475/500 | active_users=3 | updated_users=3 | objective=33.556320 | sum_rate=29.179409 | r_p=4.005764 | r_c=76.614426 | r_s=0.025188 | status=running
[DL Convergence] | phase=optimize | block=0 | epoch=480/500 | active_users=3 | updated_users=3 | objective=33.555916 | sum_rate=29.179058 | r_p=4.005045 | r_c=77.402841 | r_s=0.030560 | status=running
[DL Convergence] | phase=optimize | block=0 | epoch=485/500 | active_users=3 | updated_users=3 | objective=33.548172 | sum_rate=29.172325 | r_p=4.005830 | r_c=78.220549 | r_s=0.022822 | status=running
[DL Convergence] | phase=optimize | block=0 | epoch=490/500 | active_users=3 | updated_users=3 | objective=33.548656 | sum_rate=29.172745 | r_p=4.004926 | r_c=79.005064 | r_s=0.024393 | status=running
[DL Convergence] | phase=optimize | block=0 | epoch=495/500 | active_users=3 | updated_users=3 | objective=33.547646 | sum_rate=29.171867 | r_p=4.006427 | r_c=79.837269 | r_s=0.042860 | status=running
[DL Convergence] | phase=optimize | block=0 | epoch=500/500 | active_users=3 | updated_users=3 | objective=33.548912 | sum_rate=29.172966 | r_p=4.007982 | r_c=80.671041 | r_s=0.049402 | status=running
  fixed-target block=00 zero-service users [0]; re-optimizing remaining transmitters.
[DL Convergence] | phase=optimize | block=0 | epoch=1/500 | active_users=2 | updated_users=2 | objective=33.573082 | sum_rate=29.193985 | r_p=0.000000 | r_c=0.000000 | r_s=0.001585 | status=running
[DL Convergence] | phase=optimize | block=0 | epoch=5/500 | active_users=2 | updated_users=2 | objective=33.576614 | sum_rate=29.197056 | r_p=0.000000 | r_c=0.000000 | r_s=0.003795 | status=running
[DL Convergence] | phase=optimize | block=0 | epoch=10/500 | active_users=2 | updated_users=2 | objective=33.579502 | sum_rate=29.199566 | r_p=0.000000 | r_c=0.000000 | r_s=0.002985 | status=running
[DL Convergence] | phase=optimize | block=0 | epoch=15/500 | active_users=2 | updated_users=2 | objective=33.579914 | sum_rate=29.199924 | r_p=0.000000 | r_c=0.000000 | r_s=0.001723 | status=running
[DL Convergence] | phase=optimize | block=0 | epoch=20/500 | active_users=2 | updated_users=2 | objective=33.580021 | sum_rate=29.200018 | r_p=0.000000 | r_c=0.000000 | r_s=0.001365 | status=running
[DL Convergence] | phase=optimize | block=0 | epoch=25/500 | active_users=2 | updated_users=2 | objective=33.580215 | sum_rate=29.200188 | r_p=0.000000 | r_c=0.000000 | r_s=0.001077 | status=running
[DL Convergence] | phase=optimize | block=0 | epoch=30/500 | active_users=2 | updated_users=2 | objective=33.580376 | sum_rate=29.200325 | r_p=0.000000 | r_c=0.000000 | r_s=0.001010 | status=running
[DL Convergence] | phase=optimize | block=0 | epoch=35/500 | active_users=2 | updated_users=2 | objective=33.580444 | sum_rate=29.200386 | r_p=0.000000 | r_c=0.000000 | r_s=7.540299e-04 | status=running
[DL Convergence] | phase=optimize | block=0 | epoch=38/500 | active_users=2 | updated_users=2 | objective=33.580471 | sum_rate=29.200411 | r_p=0.000000 | r_c=0.000000 | r_s=5.442154e-04 | status=kkt_converged
[DL Convergence Reduction] | block=0 | epoch=1 | users=[1, 2]
  user=01 block=00 accepted smaller n_kl=  59 without fresh re-optimization.
  user=02 block=00 accepted smaller n_kl=  79 without fresh re-optimization.
[DL Convergence Reduction] | block=0 | epoch=2 | users=[2, 1]
  user=02 block=00 accepted smaller n_kl=  78 without fresh re-optimization.
  user=01 block=00 accepted smaller n_kl=  58 without fresh re-optimization.
[DL Convergence Reduction] | block=0 | epoch=3 | users=[1, 2]
  user=01 block=00 accepted smaller n_kl=  57 without fresh re-optimization.
  user=02 block=00 accepted smaller n_kl=  77 without fresh re-optimization.
[DL Convergence Reduction] | block=0 | epoch=4 | users=[2, 1]
  user=02 block=00 accepted smaller n_kl=  76 without fresh re-optimization.
  user=01 block=00 accepted smaller n_kl=  56 without fresh re-optimization.
[DL Convergence Reduction] | block=0 | epoch=5 | users=[1, 2]
  user=01 block=00 accepted smaller n_kl=  55 without fresh re-optimization.
  user=02 block=00 accepted smaller n_kl=  75 without fresh re-optimization.
[DL Convergence Reduction] | block=0 | epoch=6 | users=[2, 1]
  user=02 block=00 accepted smaller n_kl=  74 without fresh re-optimization.
  user=01 block=00 accepted smaller n_kl=  54 without fresh re-optimization.
[DL Convergence Reduction] | block=0 | epoch=7 | users=[1, 2]
  user=01 block=00 accepted smaller n_kl=  53 without fresh re-optimization.
  user=02 block=00 accepted smaller n_kl=  73 without fresh re-optimization.
[DL Convergence Reduction] | block=0 | epoch=8 | users=[2, 1]
  user=02 block=00 accepted smaller n_kl=  72 without fresh re-optimization.
  user=01 block=00 accepted smaller n_kl=  52 without fresh re-optimization.
[DL Convergence Reduction] | block=0 | epoch=9 | users=[1, 2]
  user=01 block=00 accepted smaller n_kl=  51 without fresh re-optimization.
  user=02 block=00 accepted smaller n_kl=  71 without fresh re-optimization.
[DL Convergence Reduction] | block=0 | epoch=10 | users=[2, 1]
  user=02 block=00 accepted smaller n_kl=  70 without fresh re-optimization.
  user=01 block=00 accepted smaller n_kl=  50 without fresh re-optimization.
[DL Convergence Reduction] | block=0 | epoch=11 | users=[1, 2]
  user=01 block=00 accepted smaller n_kl=  49 without fresh re-optimization.
  user=02 block=00 accepted smaller n_kl=  69 without fresh re-optimization.
[DL Convergence Reduction] | block=0 | epoch=12 | users=[2, 1]
  user=02 block=00 accepted smaller n_kl=  68 without fresh re-optimization.
  user=01 block=00 accepted smaller n_kl=  48 without fresh re-optimization.
[DL Convergence Reduction] | block=0 | epoch=13 | users=[1, 2]
  user=01 block=00 accepted smaller n_kl=  47 without fresh re-optimization.
  user=02 block=00 accepted smaller n_kl=  67 without fresh re-optimization.
[DL Convergence Reduction] | block=0 | epoch=14 | users=[2, 1]
  user=02 block=00 accepted smaller n_kl=  66 without fresh re-optimization.
  user=01 block=00 accepted smaller n_kl=  46 without fresh re-optimization.
[DL Convergence Reduction] | block=0 | epoch=15 | users=[1, 2]
  user=01 block=00 accepted smaller n_kl=  45 without fresh re-optimization.
  user=02 block=00 accepted smaller n_kl=  65 without fresh re-optimization.
[DL Convergence Reduction] | block=0 | epoch=16 | users=[2, 1]
  user=02 block=00 accepted smaller n_kl=  64 without fresh re-optimization.
  user=01 block=00 accepted smaller n_kl=  44 without fresh re-optimization.
[DL Convergence Reduction] | block=0 | epoch=17 | users=[1, 2]
  user=01 block=00 accepted smaller n_kl=  43 without fresh re-optimization.
  user=02 block=00 accepted smaller n_kl=  63 without fresh re-optimization.
[DL Convergence Reduction] | block=0 | epoch=18 | users=[2, 1]
  user=02 block=00 accepted smaller n_kl=  62 without fresh re-optimization.
  user=01 block=00 accepted smaller n_kl=  42 without fresh re-optimization.
[DL Convergence Reduction] | block=0 | epoch=19 | users=[1, 2]
  user=01 block=00 accepted smaller n_kl=  41 without fresh re-optimization.
  user=02 block=00 accepted smaller n_kl=  61 without fresh re-optimization.
[DL Convergence Reduction] | block=0 | epoch=20 | users=[2, 1]
  user=02 block=00 accepted smaller n_kl=  60 without fresh re-optimization.
  user=01 block=00 accepted smaller n_kl=  40 without fresh re-optimization.
[DL Convergence Reduction] | block=0 | epoch=21 | users=[1, 2]
  user=01 block=00 accepted smaller n_kl=  39 without fresh re-optimization.
  user=02 block=00 accepted smaller n_kl=  59 without fresh re-optimization.
[DL Convergence Reduction] | block=0 | epoch=22 | users=[2, 1]
  user=02 block=00 accepted smaller n_kl=  58 without fresh re-optimization.
  user=01 block=00 accepted smaller n_kl=  38 without fresh re-optimization.
[DL Convergence Reduction] | block=0 | epoch=23 | users=[1, 2]
  user=01 block=00 accepted smaller n_kl=  37 without fresh re-optimization.
  user=02 block=00 accepted smaller n_kl=  57 without fresh re-optimization.
[DL Convergence Reduction] | block=0 | epoch=24 | users=[2, 1]
  user=02 block=00 accepted smaller n_kl=  56 without fresh re-optimization.
  user=01 block=00 accepted smaller n_kl=  36 without fresh re-optimization.
[DL Convergence Reduction] | block=0 | epoch=25 | users=[1, 2]
  user=01 block=00 accepted smaller n_kl=  35 without fresh re-optimization.
  user=02 block=00 accepted smaller n_kl=  55 without fresh re-optimization.
[DL Convergence Reduction] | block=0 | epoch=26 | users=[2, 1]
  user=02 block=00 accepted smaller n_kl=  54 without fresh re-optimization.
  user=01 block=00 accepted smaller n_kl=  34 without fresh re-optimization.
[DL Convergence Reduction] | block=0 | epoch=27 | users=[1, 2]
  user=01 block=00 accepted smaller n_kl=  33 without fresh re-optimization.
  user=02 block=00 accepted smaller n_kl=  53 without fresh re-optimization.
[DL Convergence Reduction] | block=0 | epoch=28 | users=[2, 1]
  user=02 block=00 accepted smaller n_kl=  52 without fresh re-optimization.
  user=01 block=00 accepted smaller n_kl=  32 without fresh re-optimization.
[DL Convergence Reduction] | block=0 | epoch=29 | users=[1, 2]
  user=01 block=00 accepted smaller n_kl=  31 without fresh re-optimization.
  user=02 block=00 accepted smaller n_kl=  51 without fresh re-optimization.
[DL Convergence Reduction] | block=0 | epoch=30 | users=[2, 1]
  user=02 block=00 accepted smaller n_kl=  50 without fresh re-optimization.
  user=01 block=00 accepted smaller n_kl=  30 without fresh re-optimization.
[DL Convergence Reduction] | block=0 | epoch=31 | users=[1, 2]
  user=01 block=00 accepted smaller n_kl=  29 without fresh re-optimization.
  user=02 block=00 accepted smaller n_kl=  49 without fresh re-optimization.
[DL Convergence Reduction] | block=0 | epoch=32 | users=[2, 1]
  user=02 block=00 accepted smaller n_kl=  48 without fresh re-optimization.
  user=01 block=00 accepted smaller n_kl=  28 without fresh re-optimization.
[DL Convergence Reduction] | block=0 | epoch=33 | users=[1, 2]
  user=01 block=00 candidate n_kl=  27 breaks committed-user feasibility [1]; trying fresh re-optimization.
[DL Convergence] | phase=optimize | block=0 | epoch=1/500 | active_users=2 | updated_users=1 | objective=31.794506 | sum_rate=27.647396 | r_p=0.000000 | r_c=0.000000 | r_s=0.016972 | status=running
[DL Convergence] | phase=optimize | block=0 | epoch=5/500 | active_users=2 | updated_users=1 | objective=31.818918 | sum_rate=27.668625 | r_p=0.286735 | r_c=0.077328 | r_s=0.021065 | status=running
[DL Convergence] | phase=optimize | block=0 | epoch=10/500 | active_users=2 | updated_users=1 | objective=31.787277 | sum_rate=27.641109 | r_p=0.118613 | r_c=0.032537 | r_s=0.020954 | status=running
[DL Convergence] | phase=optimize | block=0 | epoch=15/500 | active_users=2 | updated_users=1 | objective=31.750040 | sum_rate=27.608730 | r_p=0.000000 | r_c=0.000000 | r_s=0.020323 | status=running
[DL Convergence] | phase=optimize | block=0 | epoch=20/500 | active_users=2 | updated_users=1 | objective=31.793940 | sum_rate=27.646904 | r_p=0.000000 | r_c=0.000000 | r_s=0.016628 | status=running
[DL Convergence] | phase=optimize | block=0 | epoch=25/500 | active_users=2 | updated_users=1 | objective=31.780308 | sum_rate=27.635050 | r_p=0.000000 | r_c=0.000000 | r_s=0.015943 | status=running
[DL Convergence] | phase=optimize | block=0 | epoch=30/500 | active_users=2 | updated_users=1 | objective=31.727806 | sum_rate=27.589397 | r_p=0.049035 | r_c=0.006643 | r_s=0.017343 | status=running
[DL Convergence] | phase=optimize | block=0 | epoch=35/500 | active_users=2 | updated_users=1 | objective=31.729851 | sum_rate=27.591175 | r_p=0.043743 | r_c=0.005948 | r_s=0.021578 | status=running
[DL Convergence] | phase=optimize | block=0 | epoch=40/500 | active_users=2 | updated_users=1 | objective=31.759235 | sum_rate=27.616726 | r_p=0.000000 | r_c=0.000000 | r_s=0.019984 | status=running
[DL Convergence] | phase=optimize | block=0 | epoch=45/500 | active_users=2 | updated_users=1 | objective=31.776831 | sum_rate=27.632027 | r_p=0.000000 | r_c=0.000000 | r_s=0.014826 | status=running
[DL Convergence] | phase=optimize | block=0 | epoch=50/500 | active_users=2 | updated_users=1 | objective=31.792931 | sum_rate=27.646027 | r_p=0.004015 | r_c=0.001180 | r_s=0.016230 | status=running
[DL Convergence] | phase=optimize | block=0 | epoch=55/500 | active_users=2 | updated_users=1 | objective=31.817497 | sum_rate=27.667389 | r_p=0.183335 | r_c=0.053882 | r_s=0.017942 | status=running
[DL Convergence] | phase=optimize | block=0 | epoch=60/500 | active_users=2 | updated_users=1 | objective=31.770359 | sum_rate=27.626400 | r_p=0.000000 | r_c=0.000000 | r_s=0.012335 | status=running
[DL Convergence] | phase=optimize | block=0 | epoch=65/500 | active_users=2 | updated_users=1 | objective=31.743288 | sum_rate=27.602859 | r_p=0.000000 | r_c=0.000000 | r_s=0.024352 | status=running
[DL Convergence] | phase=optimize | block=0 | epoch=70/500 | active_users=2 | updated_users=1 | objective=31.755453 | sum_rate=27.613438 | r_p=0.000000 | r_c=0.000000 | r_s=0.012350 | status=running
[DL Convergence] | phase=optimize | block=0 | epoch=75/500 | active_users=2 | updated_users=1 | objective=31.735046 | sum_rate=27.595692 | r_p=0.031631 | r_c=0.004419 | r_s=0.018358 | status=running
[DL Convergence] | phase=optimize | block=0 | epoch=80/500 | active_users=2 | updated_users=1 | objective=31.791304 | sum_rate=27.644611 | r_p=0.000000 | r_c=0.000000 | r_s=0.013945 | status=running
[DL Convergence] | phase=optimize | block=0 | epoch=85/500 | active_users=2 | updated_users=1 | objective=31.785969 | sum_rate=27.639973 | r_p=0.000000 | r_c=0.000000 | r_s=0.010673 | status=running
[DL Convergence] | phase=optimize | block=0 | epoch=90/500 | active_users=2 | updated_users=1 | objective=31.806068 | sum_rate=27.657452 | r_p=0.087082 | r_c=0.026913 | r_s=0.009348 | status=running
[DL Convergence] | phase=optimize | block=0 | epoch=95/500 | active_users=2 | updated_users=1 | objective=31.810768 | sum_rate=27.661537 | r_p=0.293224 | r_c=0.090877 | r_s=0.021721 | status=running
[DL Convergence] | phase=optimize | block=0 | epoch=100/500 | active_users=2 | updated_users=1 | objective=31.798141 | sum_rate=27.650558 | r_p=0.095893 | r_c=0.030165 | r_s=0.020909 | status=running
[DL Convergence] | phase=optimize | block=0 | epoch=105/500 | active_users=2 | updated_users=1 | objective=31.728794 | sum_rate=27.590256 | r_p=0.000000 | r_c=0.000000 | r_s=0.016872 | status=running
[DL Convergence] | phase=optimize | block=0 | epoch=110/500 | active_users=2 | updated_users=1 | objective=31.672800 | sum_rate=27.541565 | r_p=0.201526 | r_c=0.029858 | r_s=0.024684 | status=running
[DL Convergence] | phase=optimize | block=0 | epoch=115/500 | active_users=2 | updated_users=1 | objective=31.708813 | sum_rate=27.572880 | r_p=0.102694 | r_c=0.015422 | r_s=0.024283 | status=running
[DL Convergence] | phase=optimize | block=0 | epoch=120/500 | active_users=2 | updated_users=1 | objective=31.707926 | sum_rate=27.572109 | r_p=0.000000 | r_c=0.000000 | r_s=0.020286 | status=running
[DL Convergence] | phase=optimize | block=0 | epoch=125/500 | active_users=2 | updated_users=1 | objective=31.787777 | sum_rate=27.641544 | r_p=0.124260 | r_c=0.042089 | r_s=0.020824 | status=running
[DL Convergence] | phase=optimize | block=0 | epoch=130/500 | active_users=2 | updated_users=1 | objective=31.753590 | sum_rate=27.611816 | r_p=0.173241 | r_c=0.058928 | r_s=0.018170 | status=running
[DL Convergence] | phase=optimize | block=0 | epoch=135/500 | active_users=2 | updated_users=1 | objective=31.747671 | sum_rate=27.606670 | r_p=0.110959 | r_c=0.037973 | r_s=0.021435 | status=running
[DL Convergence] | phase=optimize | block=0 | epoch=140/500 | active_users=2 | updated_users=1 | objective=31.780399 | sum_rate=27.635130 | r_p=0.000000 | r_c=0.000000 | r_s=0.013946 | status=running
[DL Convergence] | phase=optimize | block=0 | epoch=145/500 | active_users=2 | updated_users=1 | objective=31.736038 | sum_rate=27.596556 | r_p=0.001202 | r_c=1.911598e-04 | r_s=0.012894 | status=running
[DL Convergence] | phase=optimize | block=0 | epoch=150/500 | active_users=2 | updated_users=1 | objective=31.766123 | sum_rate=27.622715 | r_p=0.000000 | r_c=0.000000 | r_s=0.015973 | status=running
[DL Convergence] | phase=optimize | block=0 | epoch=155/500 | active_users=2 | updated_users=1 | objective=31.793299 | sum_rate=27.646347 | r_p=0.000000 | r_c=0.000000 | r_s=0.008699 | status=running
[DL Convergence] | phase=optimize | block=0 | epoch=160/500 | active_users=2 | updated_users=1 | objective=31.818998 | sum_rate=27.668694 | r_p=0.122697 | r_c=0.043393 | r_s=0.015501 | status=running
[DL Convergence] | phase=optimize | block=0 | epoch=165/500 | active_users=2 | updated_users=1 | objective=31.788101 | sum_rate=27.641827 | r_p=0.000000 | r_c=0.000000 | r_s=0.009115 | status=running
[DL Convergence] | phase=optimize | block=0 | epoch=170/500 | active_users=2 | updated_users=1 | objective=31.748848 | sum_rate=27.607695 | r_p=0.000000 | r_c=0.000000 | r_s=0.012942 | status=running
[DL Convergence] | phase=optimize | block=0 | epoch=175/500 | active_users=2 | updated_users=1 | objective=31.779163 | sum_rate=27.634054 | r_p=0.000000 | r_c=0.000000 | r_s=0.013996 | status=running
[DL Convergence] | phase=optimize | block=0 | epoch=180/500 | active_users=2 | updated_users=1 | objective=31.792080 | sum_rate=27.645287 | r_p=0.305406 | r_c=0.111800 | r_s=0.017034 | status=running
[DL Convergence] | phase=optimize | block=0 | epoch=185/500 | active_users=2 | updated_users=1 | objective=31.763546 | sum_rate=27.620474 | r_p=0.493842 | r_c=0.182290 | r_s=0.033082 | status=running
[DL Convergence] | phase=optimize | block=0 | epoch=190/500 | active_users=2 | updated_users=1 | objective=31.699337 | sum_rate=27.564640 | r_p=0.000000 | r_c=0.000000 | r_s=0.019936 | status=running
[DL Convergence] | phase=optimize | block=0 | epoch=195/500 | active_users=2 | updated_users=1 | objective=31.659426 | sum_rate=27.529936 | r_p=0.284304 | r_c=0.050480 | r_s=0.030768 | status=running
[DL Convergence] | phase=optimize | block=0 | epoch=200/500 | active_users=2 | updated_users=1 | objective=31.585876 | sum_rate=27.465979 | r_p=0.269421 | r_c=0.048604 | r_s=0.028388 | status=running
[DL Convergence] | phase=optimize | block=0 | epoch=205/500 | active_users=2 | updated_users=1 | objective=31.798891 | sum_rate=27.651209 | r_p=0.113027 | r_c=0.045342 | r_s=0.021013 | status=running
[DL Convergence] | phase=optimize | block=0 | epoch=210/500 | active_users=2 | updated_users=1 | objective=31.696432 | sum_rate=27.562115 | r_p=0.410066 | r_c=0.165551 | r_s=0.025070 | status=running
[DL Convergence] | phase=optimize | block=0 | epoch=215/500 | active_users=2 | updated_users=1 | objective=31.795994 | sum_rate=27.648689 | r_p=0.000000 | r_c=0.000000 | r_s=0.021582 | status=running
[DL Convergence] | phase=optimize | block=0 | epoch=220/500 | active_users=2 | updated_users=1 | objective=31.431648 | sum_rate=27.331867 | r_p=0.758648 | r_c=0.154386 | r_s=0.038666 | status=running
[DL Convergence] | phase=optimize | block=0 | epoch=225/500 | active_users=2 | updated_users=1 | objective=31.737648 | sum_rate=27.597954 | r_p=0.000000 | r_c=0.000000 | r_s=0.035186 | status=running
[DL Convergence] | phase=optimize | block=0 | epoch=230/500 | active_users=2 | updated_users=1 | objective=31.527185 | sum_rate=27.414944 | r_p=1.147284 | r_c=0.510094 | r_s=0.056437 | status=running
[DL Convergence] | phase=optimize | block=0 | epoch=235/500 | active_users=2 | updated_users=1 | objective=31.624916 | sum_rate=27.499928 | r_p=0.322136 | r_c=0.081049 | r_s=0.027128 | status=running
[DL Convergence] | phase=optimize | block=0 | epoch=240/500 | active_users=2 | updated_users=1 | objective=31.422102 | sum_rate=27.323566 | r_p=0.805610 | r_c=0.205285 | r_s=0.064102 | status=running
[DL Convergence] | phase=optimize | block=0 | epoch=245/500 | active_users=2 | updated_users=1 | objective=31.207657 | sum_rate=27.137093 | r_p=1.592846 | r_c=0.795743 | r_s=0.074488 | status=running
[DL Convergence] | phase=optimize | block=0 | epoch=250/500 | active_users=2 | updated_users=1 | objective=31.212820 | sum_rate=27.141582 | r_p=0.989849 | r_c=0.309146 | r_s=0.029117 | status=running
[DL Convergence] | phase=optimize | block=0 | epoch=255/500 | active_users=2 | updated_users=1 | objective=31.210331 | sum_rate=27.139418 | r_p=0.109718 | r_c=0.061362 | r_s=0.042384 | status=running
[DL Convergence] | phase=optimize | block=0 | epoch=260/500 | active_users=2 | updated_users=1 | objective=31.690956 | sum_rate=27.557354 | r_p=0.391429 | r_c=0.219344 | r_s=0.045659 | status=running
[DL Convergence] | phase=optimize | block=0 | epoch=265/500 | active_users=2 | updated_users=1 | objective=31.165428 | sum_rate=27.100372 | r_p=0.750327 | r_c=0.274653 | r_s=0.050122 | status=running
[DL Convergence] | phase=optimize | block=0 | epoch=270/500 | active_users=2 | updated_users=1 | objective=31.202221 | sum_rate=27.132366 | r_p=0.595428 | r_c=0.358958 | r_s=0.031049 | status=running
[DL Convergence] | phase=optimize | block=0 | epoch=275/500 | active_users=2 | updated_users=1 | objective=31.554218 | sum_rate=27.438450 | r_p=0.151444 | r_c=0.059684 | r_s=0.024063 | status=running
[DL Convergence] | phase=optimize | block=0 | epoch=280/500 | active_users=2 | updated_users=1 | objective=31.579147 | sum_rate=27.460129 | r_p=0.150664 | r_c=0.059605 | r_s=0.039477 | status=running
[DL Convergence] | phase=optimize | block=0 | epoch=285/500 | active_users=2 | updated_users=1 | objective=31.694374 | sum_rate=27.560326 | r_p=0.466949 | r_c=0.294835 | r_s=0.037048 | status=running
[DL Convergence] | phase=optimize | block=0 | epoch=290/500 | active_users=2 | updated_users=1 | objective=31.482660 | sum_rate=27.376226 | r_p=0.659142 | r_c=0.273710 | r_s=0.039924 | status=running
[DL Convergence] | phase=optimize | block=0 | epoch=295/500 | active_users=2 | updated_users=1 | objective=31.582655 | sum_rate=27.463179 | r_p=0.818351 | r_c=0.538608 | r_s=0.042027 | status=running
[DL Convergence] | phase=optimize | block=0 | epoch=300/500 | active_users=2 | updated_users=1 | objective=31.438179 | sum_rate=27.337547 | r_p=0.775963 | r_c=0.342465 | r_s=0.031503 | status=running
[DL Convergence] | phase=optimize | block=0 | epoch=305/500 | active_users=2 | updated_users=1 | objective=31.578444 | sum_rate=27.459517 | r_p=0.896230 | r_c=0.618296 | r_s=0.033372 | status=running
[DL Convergence] | phase=optimize | block=0 | epoch=310/500 | active_users=2 | updated_users=1 | objective=31.423931 | sum_rate=27.325157 | r_p=0.803887 | r_c=0.375917 | r_s=0.025863 | status=running
[DL Convergence] | phase=optimize | block=0 | epoch=315/500 | active_users=2 | updated_users=1 | objective=31.616037 | sum_rate=27.492207 | r_p=0.783353 | r_c=0.562918 | r_s=0.025889 | status=running
[DL Convergence] | phase=optimize | block=0 | epoch=320/500 | active_users=2 | updated_users=1 | objective=31.474977 | sum_rate=27.369545 | r_p=0.628607 | r_c=0.310908 | r_s=0.020014 | status=running
[DL Convergence] | phase=optimize | block=0 | epoch=325/500 | active_users=2 | updated_users=1 | objective=31.618277 | sum_rate=27.494154 | r_p=0.661070 | r_c=0.493781 | r_s=0.018347 | status=running
[DL Convergence] | phase=optimize | block=0 | epoch=330/500 | active_users=2 | updated_users=1 | objective=31.519556 | sum_rate=27.408310 | r_p=0.557329 | r_c=0.290274 | r_s=0.017518 | status=running
[DL Convergence] | phase=optimize | block=0 | epoch=335/500 | active_users=2 | updated_users=1 | objective=31.680164 | sum_rate=27.547970 | r_p=0.486822 | r_c=0.376024 | r_s=0.013657 | status=running
[DL Convergence] | phase=optimize | block=0 | epoch=340/500 | active_users=2 | updated_users=1 | objective=31.637436 | sum_rate=27.510815 | r_p=0.215754 | r_c=0.116792 | r_s=0.013138 | status=running
[DL Convergence] | phase=optimize | block=0 | epoch=345/500 | active_users=2 | updated_users=1 | objective=31.689909 | sum_rate=27.556442 | r_p=0.164885 | r_c=0.130726 | r_s=0.014427 | status=running
[DL Convergence] | phase=optimize | block=0 | epoch=350/500 | active_users=2 | updated_users=1 | objective=31.671501 | sum_rate=27.540436 | r_p=0.046748 | r_c=0.026033 | r_s=0.012658 | status=running
[DL Convergence] | phase=optimize | block=0 | epoch=355/500 | active_users=2 | updated_users=1 | objective=31.675545 | sum_rate=27.543951 | r_p=0.089972 | r_c=0.073003 | r_s=0.016457 | status=running
[DL Convergence] | phase=optimize | block=0 | epoch=360/500 | active_users=2 | updated_users=1 | objective=31.675028 | sum_rate=27.543503 | r_p=0.000000 | r_c=0.000000 | r_s=0.013638 | status=running
[DL Convergence] | phase=optimize | block=0 | epoch=365/500 | active_users=2 | updated_users=1 | objective=31.674881 | sum_rate=27.543375 | r_p=0.000000 | r_c=0.000000 | r_s=0.017454 | status=running
[DL Convergence] | phase=optimize | block=0 | epoch=370/500 | active_users=2 | updated_users=1 | objective=31.695683 | sum_rate=27.561462 | r_p=0.000000 | r_c=0.000000 | r_s=0.014662 | status=running
[DL Convergence] | phase=optimize | block=0 | epoch=375/500 | active_users=2 | updated_users=1 | objective=31.673454 | sum_rate=27.542133 | r_p=0.000000 | r_c=0.000000 | r_s=0.022617 | status=running
[DL Convergence] | phase=optimize | block=0 | epoch=380/500 | active_users=2 | updated_users=1 | objective=31.692215 | sum_rate=27.558447 | r_p=0.035967 | r_c=0.030210 | r_s=0.019590 | status=running
[DL Convergence] | phase=optimize | block=0 | epoch=385/500 | active_users=2 | updated_users=1 | objective=31.644806 | sum_rate=27.517221 | r_p=0.097678 | r_c=0.058008 | r_s=0.027929 | status=running
[DL Convergence] | phase=optimize | block=0 | epoch=390/500 | active_users=2 | updated_users=1 | objective=31.692383 | sum_rate=27.558594 | r_p=0.131124 | r_c=0.112123 | r_s=0.020775 | status=running
[DL Convergence] | phase=optimize | block=0 | epoch=395/500 | active_users=2 | updated_users=1 | objective=31.661217 | sum_rate=27.531492 | r_p=0.135912 | r_c=0.082381 | r_s=0.023062 | status=running
[DL Convergence] | phase=optimize | block=0 | epoch=400/500 | active_users=2 | updated_users=1 | objective=31.715342 | sum_rate=27.578558 | r_p=0.326378 | r_c=0.283010 | r_s=0.024296 | status=running
[DL Convergence] | phase=optimize | block=0 | epoch=405/500 | active_users=2 | updated_users=1 | objective=31.594740 | sum_rate=27.473686 | r_p=0.438706 | r_c=0.269541 | r_s=0.027999 | status=running
[DL Convergence] | phase=optimize | block=0 | epoch=410/500 | active_users=2 | updated_users=1 | objective=31.734777 | sum_rate=27.595459 | r_p=0.550349 | r_c=0.486692 | r_s=0.030587 | status=running
[DL Convergence] | phase=optimize | block=0 | epoch=415/500 | active_users=2 | updated_users=1 | objective=31.596214 | sum_rate=27.474968 | r_p=0.478648 | r_c=0.300402 | r_s=0.025823 | status=running
[DL Convergence] | phase=optimize | block=0 | epoch=420/500 | active_users=2 | updated_users=1 | objective=31.757393 | sum_rate=27.615124 | r_p=0.489750 | r_c=0.440679 | r_s=0.029496 | status=running
[DL Convergence] | phase=optimize | block=0 | epoch=425/500 | active_users=2 | updated_users=1 | objective=31.599026 | sum_rate=27.477413 | r_p=0.450150 | r_c=0.288630 | r_s=0.029460 | status=running
[DL Convergence] | phase=optimize | block=0 | epoch=430/500 | active_users=2 | updated_users=1 | objective=31.761921 | sum_rate=27.619061 | r_p=0.452224 | r_c=0.414410 | r_s=0.032907 | status=running
[DL Convergence] | phase=optimize | block=0 | epoch=435/500 | active_users=2 | updated_users=1 | objective=31.587929 | sum_rate=27.467764 | r_p=0.400919 | r_c=0.264345 | r_s=0.042166 | status=running
[DL Convergence] | phase=optimize | block=0 | epoch=440/500 | active_users=2 | updated_users=1 | objective=31.777243 | sum_rate=27.632385 | r_p=0.165702 | r_c=0.156139 | r_s=0.030315 | status=running
[DL Convergence] | phase=optimize | block=0 | epoch=445/500 | active_users=2 | updated_users=1 | objective=31.713352 | sum_rate=27.576828 | r_p=0.000000 | r_c=0.000000 | r_s=0.036592 | status=running
[DL Convergence] | phase=optimize | block=0 | epoch=450/500 | active_users=2 | updated_users=1 | objective=31.595037 | sum_rate=27.473946 | r_p=0.383322 | r_c=0.276496 | r_s=0.011467 | status=running
[DL Convergence] | phase=optimize | block=0 | epoch=455/500 | active_users=2 | updated_users=1 | objective=31.577148 | sum_rate=27.458389 | r_p=0.984854 | r_c=0.992988 | r_s=0.016041 | status=running
[DL Convergence] | phase=optimize | block=0 | epoch=460/500 | active_users=2 | updated_users=1 | objective=31.226320 | sum_rate=27.153322 | r_p=1.198910 | r_c=0.889618 | r_s=0.028148 | status=running
[DL Convergence] | phase=optimize | block=0 | epoch=465/500 | active_users=2 | updated_users=1 | objective=31.553862 | sum_rate=27.438141 | r_p=1.113405 | r_c=1.145447 | r_s=0.053960 | status=running
[DL Convergence] | phase=optimize | block=0 | epoch=470/500 | active_users=2 | updated_users=1 | objective=31.454350 | sum_rate=27.351608 | r_p=0.791123 | r_c=0.608747 | r_s=0.051610 | status=running
[DL Convergence] | phase=optimize | block=0 | epoch=475/500 | active_users=2 | updated_users=1 | objective=31.788494 | sum_rate=27.642168 | r_p=0.308328 | r_c=0.328166 | r_s=0.038707 | status=running
[DL Convergence] | phase=optimize | block=0 | epoch=480/500 | active_users=2 | updated_users=1 | objective=31.733200 | sum_rate=27.594088 | r_p=0.253831 | r_c=0.282729 | r_s=0.041228 | status=running
[DL Convergence] | phase=optimize | block=0 | epoch=485/500 | active_users=2 | updated_users=1 | objective=31.264143 | sum_rate=27.186211 | r_p=1.123878 | r_c=0.953778 | r_s=0.013989 | status=running
[DL Convergence] | phase=optimize | block=0 | epoch=490/500 | active_users=2 | updated_users=1 | objective=31.273232 | sum_rate=27.194115 | r_p=1.697774 | r_c=1.932852 | r_s=0.064096 | status=running
[DL Convergence] | phase=optimize | block=0 | epoch=495/500 | active_users=2 | updated_users=1 | objective=31.241020 | sum_rate=27.166105 | r_p=1.226930 | r_c=1.067729 | r_s=0.057638 | status=running
[DL Convergence] | phase=optimize | block=0 | epoch=500/500 | active_users=2 | updated_users=1 | objective=31.785480 | sum_rate=27.639547 | r_p=0.000000 | r_c=0.000000 | r_s=0.034344 | status=running
  user=01 block=00 accepted smaller n_kl=  27 after fresh re-optimization of users [1].
  user=02 block=00 candidate n_kl=  47 breaks committed-user feasibility [2]; trying fresh re-optimization.
[DL Convergence] | phase=optimize | block=0 | epoch=1/500 | active_users=2 | updated_users=1 | objective=31.777760 | sum_rate=27.632833 | r_p=0.004339 | r_c=6.946227e-04 | r_s=0.005085 | status=running
[DL Convergence] | phase=optimize | block=0 | epoch=5/500 | active_users=2 | updated_users=1 | objective=31.778099 | sum_rate=27.633129 | r_p=0.004800 | r_c=7.685678e-04 | r_s=0.002827 | status=running
[DL Convergence] | phase=optimize | block=0 | epoch=10/500 | active_users=2 | updated_users=1 | objective=31.773661 | sum_rate=27.629271 | r_p=0.013806 | r_c=0.002211 | r_s=0.007230 | status=running
[DL Convergence] | phase=optimize | block=0 | epoch=15/500 | active_users=2 | updated_users=1 | objective=31.777197 | sum_rate=27.632345 | r_p=0.000000 | r_c=0.000000 | r_s=0.005428 | status=running
[DL Convergence] | phase=optimize | block=0 | epoch=20/500 | active_users=2 | updated_users=1 | objective=31.772081 | sum_rate=27.627897 | r_p=0.000000 | r_c=0.000000 | r_s=0.009053 | status=running
[DL Convergence] | phase=optimize | block=0 | epoch=25/500 | active_users=2 | updated_users=1 | objective=31.776073 | sum_rate=27.631369 | r_p=0.039121 | r_c=0.014113 | r_s=0.008712 | status=running
[DL Convergence] | phase=optimize | block=0 | epoch=30/500 | active_users=2 | updated_users=1 | objective=31.766064 | sum_rate=27.622663 | r_p=0.000000 | r_c=0.000000 | r_s=0.008826 | status=running
[DL Convergence] | phase=optimize | block=0 | epoch=35/500 | active_users=2 | updated_users=1 | objective=31.770416 | sum_rate=27.626450 | r_p=0.029247 | r_c=0.010581 | r_s=0.010091 | status=running
[DL Convergence] | phase=optimize | block=0 | epoch=40/500 | active_users=2 | updated_users=1 | objective=31.775959 | sum_rate=27.631268 | r_p=0.000000 | r_c=0.000000 | r_s=0.004242 | status=running
[DL Convergence] | phase=optimize | block=0 | epoch=45/500 | active_users=2 | updated_users=1 | objective=31.779648 | sum_rate=27.634476 | r_p=0.016495 | r_c=0.005985 | r_s=0.006730 | status=running
[DL Convergence] | phase=optimize | block=0 | epoch=50/500 | active_users=2 | updated_users=1 | objective=31.780043 | sum_rate=27.634819 | r_p=0.000000 | r_c=0.000000 | r_s=0.002743 | status=running
[DL Convergence] | phase=optimize | block=0 | epoch=55/500 | active_users=2 | updated_users=1 | objective=31.785603 | sum_rate=27.639654 | r_p=0.024796 | r_c=0.009016 | r_s=0.003730 | status=running
[DL Convergence] | phase=optimize | block=0 | epoch=60/500 | active_users=2 | updated_users=1 | objective=31.783674 | sum_rate=27.637978 | r_p=0.002384 | r_c=8.680884e-04 | r_s=0.001175 | status=running
[DL Convergence] | phase=optimize | block=0 | epoch=65/500 | active_users=2 | updated_users=1 | objective=31.773582 | sum_rate=27.629202 | r_p=0.025445 | r_c=0.004119 | r_s=0.008331 | status=running
[DL Convergence] | phase=optimize | block=0 | epoch=70/500 | active_users=2 | updated_users=1 | objective=31.766562 | sum_rate=27.623096 | r_p=0.068754 | r_c=0.011200 | r_s=0.011100 | status=running
[DL Convergence] | phase=optimize | block=0 | epoch=75/500 | active_users=2 | updated_users=1 | objective=31.771114 | sum_rate=27.627056 | r_p=0.012722 | r_c=0.002100 | r_s=0.010085 | status=running
[DL Convergence] | phase=optimize | block=0 | epoch=80/500 | active_users=2 | updated_users=1 | objective=31.771526 | sum_rate=27.627415 | r_p=0.000000 | r_c=0.000000 | r_s=0.010598 | status=running
[DL Convergence] | phase=optimize | block=0 | epoch=85/500 | active_users=2 | updated_users=1 | objective=31.773455 | sum_rate=27.629091 | r_p=0.053281 | r_c=0.020071 | r_s=0.010712 | status=running
[DL Convergence] | phase=optimize | block=0 | epoch=90/500 | active_users=2 | updated_users=1 | objective=31.756683 | sum_rate=27.614508 | r_p=0.369903 | r_c=0.140614 | r_s=0.019069 | status=running
[DL Convergence] | phase=optimize | block=0 | epoch=95/500 | active_users=2 | updated_users=1 | objective=31.758257 | sum_rate=27.615875 | r_p=0.380394 | r_c=0.146380 | r_s=0.034563 | status=running
[DL Convergence] | phase=optimize | block=0 | epoch=100/500 | active_users=2 | updated_users=1 | objective=31.647167 | sum_rate=27.519276 | r_p=0.503224 | r_c=0.097679 | r_s=0.028361 | status=running
[DL Convergence] | phase=optimize | block=0 | epoch=105/500 | active_users=2 | updated_users=1 | objective=31.582775 | sum_rate=27.463284 | r_p=0.642929 | r_c=0.128032 | r_s=0.045014 | status=running
[DL Convergence] | phase=optimize | block=0 | epoch=110/500 | active_users=2 | updated_users=1 | objective=31.594858 | sum_rate=27.473789 | r_p=0.793062 | r_c=0.340234 | r_s=0.036449 | status=running
[DL Convergence] | phase=optimize | block=0 | epoch=115/500 | active_users=2 | updated_users=1 | objective=31.633446 | sum_rate=27.507343 | r_p=0.608206 | r_c=0.265864 | r_s=0.064772 | status=running
[DL Convergence] | phase=optimize | block=0 | epoch=120/500 | active_users=2 | updated_users=1 | objective=31.051853 | sum_rate=27.001612 | r_p=1.651685 | r_c=0.419063 | r_s=0.081696 | status=running
[DL Convergence] | phase=optimize | block=0 | epoch=125/500 | active_users=2 | updated_users=1 | objective=31.320724 | sum_rate=27.235413 | r_p=1.167078 | r_c=0.585743 | r_s=0.050338 | status=running
[DL Convergence] | phase=optimize | block=0 | epoch=130/500 | active_users=2 | updated_users=1 | objective=31.503075 | sum_rate=27.393978 | r_p=0.356978 | r_c=0.183330 | r_s=0.067835 | status=running
[DL Convergence] | phase=optimize | block=0 | epoch=135/500 | active_users=2 | updated_users=1 | objective=31.393093 | sum_rate=27.298342 | r_p=0.950769 | r_c=0.302897 | r_s=0.071504 | status=running
[DL Convergence] | phase=optimize | block=0 | epoch=140/500 | active_users=2 | updated_users=1 | objective=31.419434 | sum_rate=27.321247 | r_p=1.267530 | r_c=0.716308 | r_s=0.072400 | status=running
[DL Convergence] | phase=optimize | block=0 | epoch=145/500 | active_users=2 | updated_users=1 | objective=31.137217 | sum_rate=27.075840 | r_p=1.452046 | r_c=0.547227 | r_s=0.068525 | status=running
[DL Convergence] | phase=optimize | block=0 | epoch=150/500 | active_users=2 | updated_users=1 | objective=31.525370 | sum_rate=27.413364 | r_p=0.771768 | r_c=0.482665 | r_s=0.043773 | status=running
[DL Convergence] | phase=optimize | block=0 | epoch=155/500 | active_users=2 | updated_users=1 | objective=31.492090 | sum_rate=27.384426 | r_p=0.470716 | r_c=0.202256 | r_s=0.031680 | status=running
[DL Convergence] | phase=optimize | block=0 | epoch=160/500 | active_users=2 | updated_users=1 | objective=31.631710 | sum_rate=27.505835 | r_p=0.256582 | r_c=0.172212 | r_s=0.030080 | status=running
[DL Convergence] | phase=optimize | block=0 | epoch=165/500 | active_users=2 | updated_users=1 | objective=31.536501 | sum_rate=27.423044 | r_p=0.457736 | r_c=0.308396 | r_s=0.060838 | status=running
[DL Convergence] | phase=optimize | block=0 | epoch=170/500 | active_users=2 | updated_users=1 | objective=31.586395 | sum_rate=27.466431 | r_p=0.518046 | r_c=0.243876 | r_s=0.048932 | status=running
[DL Convergence] | phase=optimize | block=0 | epoch=175/500 | active_users=2 | updated_users=1 | objective=31.645365 | sum_rate=27.517708 | r_p=0.576222 | r_c=0.410217 | r_s=0.051983 | status=running
[DL Convergence] | phase=optimize | block=0 | epoch=180/500 | active_users=2 | updated_users=1 | objective=31.495678 | sum_rate=27.387547 | r_p=0.660570 | r_c=0.334770 | r_s=0.044916 | status=running
[DL Convergence] | phase=optimize | block=0 | epoch=185/500 | active_users=2 | updated_users=1 | objective=31.664930 | sum_rate=27.534721 | r_p=0.537593 | r_c=0.399502 | r_s=0.038019 | status=running
[DL Convergence] | phase=optimize | block=0 | epoch=190/500 | active_users=2 | updated_users=1 | objective=31.478477 | sum_rate=27.372589 | r_p=0.682498 | r_c=0.364967 | r_s=0.034635 | status=running
[DL Convergence] | phase=optimize | block=0 | epoch=195/500 | active_users=2 | updated_users=1 | objective=31.627571 | sum_rate=27.502235 | r_p=0.595968 | r_c=0.458191 | r_s=0.027658 | status=running
[DL Convergence] | phase=optimize | block=0 | epoch=200/500 | active_users=2 | updated_users=1 | objective=31.419205 | sum_rate=27.321047 | r_p=0.519219 | r_c=0.290896 | r_s=0.017798 | status=running
[DL Convergence] | phase=optimize | block=0 | epoch=205/500 | active_users=2 | updated_users=1 | objective=31.551014 | sum_rate=27.435663 | r_p=0.224351 | r_c=0.176796 | r_s=0.010973 | status=running
[DL Convergence] | phase=optimize | block=0 | epoch=210/500 | active_users=2 | updated_users=1 | objective=31.614464 | sum_rate=27.490837 | r_p=0.225691 | r_c=0.178722 | r_s=0.016672 | status=running
[DL Convergence] | phase=optimize | block=0 | epoch=215/500 | active_users=2 | updated_users=1 | objective=31.694267 | sum_rate=27.560232 | r_p=0.015601 | r_c=0.009009 | r_s=0.015186 | status=running
[DL Convergence] | phase=optimize | block=0 | epoch=220/500 | active_users=2 | updated_users=1 | objective=31.714001 | sum_rate=27.577393 | r_p=0.099428 | r_c=0.057503 | r_s=0.012327 | status=running
[DL Convergence] | phase=optimize | block=0 | epoch=225/500 | active_users=2 | updated_users=1 | objective=31.756935 | sum_rate=27.614727 | r_p=0.000000 | r_c=0.000000 | r_s=0.010690 | status=running
[DL Convergence] | phase=optimize | block=0 | epoch=230/500 | active_users=2 | updated_users=1 | objective=31.760380 | sum_rate=27.617722 | r_p=0.184975 | r_c=0.148811 | r_s=0.013997 | status=running
[DL Convergence] | phase=optimize | block=0 | epoch=235/500 | active_users=2 | updated_users=1 | objective=31.738422 | sum_rate=27.598629 | r_p=0.150056 | r_c=0.121141 | r_s=0.013540 | status=running
[DL Convergence] | phase=optimize | block=0 | epoch=240/500 | active_users=2 | updated_users=1 | objective=31.717731 | sum_rate=27.580635 | r_p=0.139623 | r_c=0.082216 | r_s=0.007696 | status=running
[DL Convergence] | phase=optimize | block=0 | epoch=245/500 | active_users=2 | updated_users=1 | objective=31.709917 | sum_rate=27.573841 | r_p=0.154058 | r_c=0.090931 | r_s=0.014352 | status=running
[DL Convergence] | phase=optimize | block=0 | epoch=250/500 | active_users=2 | updated_users=1 | objective=31.778126 | sum_rate=27.633152 | r_p=0.191180 | r_c=0.156558 | r_s=0.008494 | status=running
[DL Convergence] | phase=optimize | block=0 | epoch=255/500 | active_users=2 | updated_users=1 | objective=31.762167 | sum_rate=27.619276 | r_p=0.000000 | r_c=0.000000 | r_s=0.016753 | status=running
[DL Convergence] | phase=optimize | block=0 | epoch=260/500 | active_users=2 | updated_users=1 | objective=31.692844 | sum_rate=27.558994 | r_p=0.324044 | r_c=0.196253 | r_s=0.026594 | status=running
[DL Convergence] | phase=optimize | block=0 | epoch=265/500 | active_users=2 | updated_users=1 | objective=31.727289 | sum_rate=27.588947 | r_p=0.522233 | r_c=0.436157 | r_s=0.029332 | status=running
[DL Convergence] | phase=optimize | block=0 | epoch=270/500 | active_users=2 | updated_users=1 | objective=31.616451 | sum_rate=27.492565 | r_p=0.462679 | r_c=0.289495 | r_s=0.021784 | status=running
[DL Convergence] | phase=optimize | block=0 | epoch=275/500 | active_users=2 | updated_users=1 | objective=31.692932 | sum_rate=27.559071 | r_p=0.166692 | r_c=0.142753 | r_s=0.012248 | status=running
[DL Convergence] | phase=optimize | block=0 | epoch=280/500 | active_users=2 | updated_users=1 | objective=31.736897 | sum_rate=27.597301 | r_p=0.193746 | r_c=0.166266 | r_s=0.020337 | status=running
[DL Convergence] | phase=optimize | block=0 | epoch=285/500 | active_users=2 | updated_users=1 | objective=31.701876 | sum_rate=27.566849 | r_p=0.168841 | r_c=0.108692 | r_s=0.010208 | status=running
[DL Convergence] | phase=optimize | block=0 | epoch=290/500 | active_users=2 | updated_users=1 | objective=31.711422 | sum_rate=27.575150 | r_p=0.126994 | r_c=0.082065 | r_s=0.007754 | status=running
[DL Convergence] | phase=optimize | block=0 | epoch=295/500 | active_users=2 | updated_users=1 | objective=31.765425 | sum_rate=27.622108 | r_p=0.026200 | r_c=0.016970 | r_s=0.012960 | status=running
[DL Convergence] | phase=optimize | block=0 | epoch=300/500 | active_users=2 | updated_users=1 | objective=31.784403 | sum_rate=27.638611 | r_p=0.230625 | r_c=0.201528 | r_s=0.011547 | status=running
[DL Convergence] | phase=optimize | block=0 | epoch=305/500 | active_users=2 | updated_users=1 | objective=31.774731 | sum_rate=27.630201 | r_p=0.000000 | r_c=0.000000 | r_s=0.011120 | status=running
[DL Convergence] | phase=optimize | block=0 | epoch=310/500 | active_users=2 | updated_users=1 | objective=31.715765 | sum_rate=27.578926 | r_p=0.210973 | r_c=0.138619 | r_s=0.015824 | status=running
[DL Convergence] | phase=optimize | block=0 | epoch=315/500 | active_users=2 | updated_users=1 | objective=31.778173 | sum_rate=27.633194 | r_p=0.127994 | r_c=0.113684 | r_s=0.006980 | status=running
[DL Convergence] | phase=optimize | block=0 | epoch=320/500 | active_users=2 | updated_users=1 | objective=31.771582 | sum_rate=27.627462 | r_p=0.216985 | r_c=0.193004 | r_s=0.016679 | status=running
[DL Convergence] | phase=optimize | block=0 | epoch=325/500 | active_users=2 | updated_users=1 | objective=31.740952 | sum_rate=27.600826 | r_p=0.198421 | r_c=0.132669 | r_s=0.009684 | status=running
[DL Convergence] | phase=optimize | block=0 | epoch=330/500 | active_users=2 | updated_users=1 | objective=31.757160 | sum_rate=27.614922 | r_p=0.064775 | r_c=0.058668 | r_s=0.011589 | status=running
[DL Convergence] | phase=optimize | block=0 | epoch=335/500 | active_users=2 | updated_users=1 | objective=31.716980 | sum_rate=27.579983 | r_p=0.303521 | r_c=0.275098 | r_s=0.030702 | status=running
[DL Convergence] | phase=optimize | block=0 | epoch=340/500 | active_users=2 | updated_users=1 | objective=31.649361 | sum_rate=27.521183 | r_p=0.386942 | r_c=0.265442 | r_s=0.028233 | status=running
[DL Convergence] | phase=optimize | block=0 | epoch=345/500 | active_users=2 | updated_users=1 | objective=31.740156 | sum_rate=27.600136 | r_p=0.288764 | r_c=0.267672 | r_s=0.018283 | status=running
[DL Convergence] | phase=optimize | block=0 | epoch=350/500 | active_users=2 | updated_users=1 | objective=31.696989 | sum_rate=27.562599 | r_p=0.012793 | r_c=0.009008 | r_s=0.012059 | status=running
[DL Convergence] | phase=optimize | block=0 | epoch=355/500 | active_users=2 | updated_users=1 | objective=31.700417 | sum_rate=27.565578 | r_p=0.235310 | r_c=0.165965 | r_s=0.015567 | status=running
[DL Convergence] | phase=optimize | block=0 | epoch=360/500 | active_users=2 | updated_users=1 | objective=31.729979 | sum_rate=27.591286 | r_p=0.047660 | r_c=0.033812 | r_s=0.010130 | status=running
[DL Convergence] | phase=optimize | block=0 | epoch=365/500 | active_users=2 | updated_users=1 | objective=31.769333 | sum_rate=27.625507 | r_p=0.149898 | r_c=0.141347 | r_s=0.006210 | status=running
[DL Convergence] | phase=optimize | block=0 | epoch=370/500 | active_users=2 | updated_users=1 | objective=31.780270 | sum_rate=27.635017 | r_p=0.087999 | r_c=0.083114 | r_s=0.009099 | status=running
[DL Convergence] | phase=optimize | block=0 | epoch=375/500 | active_users=2 | updated_users=1 | objective=31.784645 | sum_rate=27.638821 | r_p=0.145317 | r_c=0.137443 | r_s=0.013326 | status=running
[DL Convergence] | phase=optimize | block=0 | epoch=380/500 | active_users=2 | updated_users=1 | objective=31.759377 | sum_rate=27.616850 | r_p=0.117111 | r_c=0.084167 | r_s=0.007556 | status=running
[DL Convergence] | phase=optimize | block=0 | epoch=385/500 | active_users=2 | updated_users=1 | objective=31.738108 | sum_rate=27.598354 | r_p=0.180776 | r_c=0.130401 | r_s=0.012181 | status=running
[DL Convergence] | phase=optimize | block=0 | epoch=390/500 | active_users=2 | updated_users=1 | objective=31.763752 | sum_rate=27.620653 | r_p=0.000000 | r_c=0.000000 | r_s=0.011314 | status=running
[DL Convergence] | phase=optimize | block=0 | epoch=395/500 | active_users=2 | updated_users=1 | objective=31.776373 | sum_rate=27.631628 | r_p=0.260921 | r_c=0.250386 | r_s=0.017270 | status=running
[DL Convergence] | phase=optimize | block=0 | epoch=400/500 | active_users=2 | updated_users=1 | objective=31.709133 | sum_rate=27.573158 | r_p=0.314294 | r_c=0.231424 | r_s=0.010816 | status=running
[DL Convergence] | phase=optimize | block=0 | epoch=405/500 | active_users=2 | updated_users=1 | objective=31.736923 | sum_rate=27.597324 | r_p=0.157080 | r_c=0.153860 | r_s=0.013654 | status=running
[DL Convergence] | phase=optimize | block=0 | epoch=410/500 | active_users=2 | updated_users=1 | objective=31.682367 | sum_rate=27.549885 | r_p=0.203942 | r_c=0.200082 | r_s=0.029584 | status=running
[DL Convergence] | phase=optimize | block=0 | epoch=415/500 | active_users=2 | updated_users=1 | objective=31.636017 | sum_rate=27.509579 | r_p=0.456981 | r_c=0.346130 | r_s=0.033229 | status=running
[DL Convergence] | phase=optimize | block=0 | epoch=420/500 | active_users=2 | updated_users=1 | objective=31.714947 | sum_rate=27.578215 | r_p=0.505517 | r_c=0.505435 | r_s=0.036070 | status=running
[DL Convergence] | phase=optimize | block=0 | epoch=425/500 | active_users=2 | updated_users=1 | objective=31.469814 | sum_rate=27.365055 | r_p=0.778931 | r_c=0.610338 | r_s=0.038710 | status=running
[DL Convergence] | phase=optimize | block=0 | epoch=430/500 | active_users=2 | updated_users=1 | objective=31.648098 | sum_rate=27.520084 | r_p=0.542090 | r_c=0.555292 | r_s=0.030825 | status=running
[DL Convergence] | phase=optimize | block=0 | epoch=435/500 | active_users=2 | updated_users=1 | objective=31.388977 | sum_rate=27.294762 | r_p=0.645377 | r_c=0.525314 | r_s=0.021235 | status=running
[DL Convergence] | phase=optimize | block=0 | epoch=440/500 | active_users=2 | updated_users=1 | objective=31.459188 | sum_rate=27.355816 | r_p=0.424899 | r_c=0.445658 | r_s=0.017727 | status=running
[DL Convergence] | phase=optimize | block=0 | epoch=445/500 | active_users=2 | updated_users=1 | objective=31.418842 | sum_rate=27.320732 | r_p=0.272363 | r_c=0.287021 | r_s=0.024544 | status=running
[DL Convergence] | phase=optimize | block=0 | epoch=450/500 | active_users=2 | updated_users=1 | objective=31.436775 | sum_rate=27.336327 | r_p=0.239791 | r_c=0.201795 | r_s=0.011836 | status=running
[DL Convergence] | phase=optimize | block=0 | epoch=455/500 | active_users=2 | updated_users=1 | objective=31.654730 | sum_rate=27.525852 | r_p=0.056172 | r_c=0.047503 | r_s=0.011596 | status=running
[DL Convergence] | phase=optimize | block=0 | epoch=460/500 | active_users=2 | updated_users=1 | objective=31.742762 | sum_rate=27.602402 | r_p=0.086452 | r_c=0.092272 | r_s=0.010547 | status=running
[DL Convergence] | phase=optimize | block=0 | epoch=465/500 | active_users=2 | updated_users=1 | objective=31.780266 | sum_rate=27.635014 | r_p=0.220064 | r_c=0.235339 | r_s=0.014030 | status=running
[DL Convergence] | phase=optimize | block=0 | epoch=470/500 | active_users=2 | updated_users=1 | objective=31.752357 | sum_rate=27.610744 | r_p=0.148732 | r_c=0.127391 | r_s=0.005653 | status=running
[DL Convergence] | phase=optimize | block=0 | epoch=475/500 | active_users=2 | updated_users=1 | objective=31.731564 | sum_rate=27.592663 | r_p=0.171344 | r_c=0.147013 | r_s=0.017395 | status=running
[DL Convergence] | phase=optimize | block=0 | epoch=480/500 | active_users=2 | updated_users=1 | objective=31.752724 | sum_rate=27.611063 | r_p=0.456326 | r_c=0.494071 | r_s=0.022096 | status=running
[DL Convergence] | phase=optimize | block=0 | epoch=485/500 | active_users=2 | updated_users=1 | objective=31.670067 | sum_rate=27.539188 | r_p=0.447280 | r_c=0.390013 | r_s=0.019222 | status=running
[DL Convergence] | phase=optimize | block=0 | epoch=490/500 | active_users=2 | updated_users=1 | objective=31.757467 | sum_rate=27.615189 | r_p=0.226960 | r_c=0.250051 | r_s=0.008900 | status=running
[DL Convergence] | phase=optimize | block=0 | epoch=495/500 | active_users=2 | updated_users=1 | objective=31.756874 | sum_rate=27.614674 | r_p=0.179183 | r_c=0.197819 | r_s=0.018740 | status=running
[DL Convergence] | phase=optimize | block=0 | epoch=500/500 | active_users=2 | updated_users=1 | objective=31.678610 | sum_rate=27.546618 | r_p=0.394404 | r_c=0.349895 | r_s=0.023175 | status=running
  user=02 block=00 accepted smaller n_kl=  47 after fresh re-optimization of users [2].
[DL Convergence Reduction] | block=0 | epoch=34 | users=[2, 1]
  user=02 block=00 candidate n_kl=  46 breaks committed-user feasibility [2]; trying fresh re-optimization.
[DL Convergence] | phase=optimize | block=0 | epoch=1/500 | active_users=2 | updated_users=1 | objective=31.754875 | sum_rate=27.612934 | r_p=0.216811 | r_c=0.078571 | r_s=0.013153 | status=running
[DL Convergence] | phase=optimize | block=0 | epoch=5/500 | active_users=2 | updated_users=1 | objective=31.732635 | sum_rate=27.593596 | r_p=0.354496 | r_c=0.059319 | r_s=0.008600 | status=running
[DL Convergence] | phase=optimize | block=0 | epoch=10/500 | active_users=2 | updated_users=1 | objective=31.705448 | sum_rate=27.569954 | r_p=0.437222 | r_c=0.077152 | r_s=0.012591 | status=running
[DL Convergence] | phase=optimize | block=0 | epoch=15/500 | active_users=2 | updated_users=1 | objective=31.687206 | sum_rate=27.554092 | r_p=0.515205 | r_c=0.095428 | r_s=0.019174 | status=running
[DL Convergence] | phase=optimize | block=0 | epoch=20/500 | active_users=2 | updated_users=1 | objective=31.676968 | sum_rate=27.545189 | r_p=0.570137 | r_c=0.110348 | r_s=0.033293 | status=running
[DL Convergence] | phase=optimize | block=0 | epoch=25/500 | active_users=2 | updated_users=1 | objective=31.424782 | sum_rate=27.325897 | r_p=0.643712 | r_c=0.265020 | r_s=0.049385 | status=running
[DL Convergence] | phase=optimize | block=0 | epoch=30/500 | active_users=2 | updated_users=1 | objective=31.521618 | sum_rate=27.410103 | r_p=1.098095 | r_c=0.465614 | r_s=0.055552 | status=running
[DL Convergence] | phase=optimize | block=0 | epoch=35/500 | active_users=2 | updated_users=1 | objective=31.443256 | sum_rate=27.341961 | r_p=0.791273 | r_c=0.210365 | r_s=0.025667 | status=running
[DL Convergence] | phase=optimize | block=0 | epoch=40/500 | active_users=2 | updated_users=1 | objective=31.379734 | sum_rate=27.286724 | r_p=1.157790 | r_c=0.316967 | r_s=0.070749 | status=running
[DL Convergence] | phase=optimize | block=0 | epoch=45/500 | active_users=2 | updated_users=1 | objective=31.103756 | sum_rate=27.046743 | r_p=1.739641 | r_c=0.883471 | r_s=0.066495 | status=running
[DL Convergence] | phase=optimize | block=0 | epoch=50/500 | active_users=2 | updated_users=1 | objective=31.107632 | sum_rate=27.050114 | r_p=1.557072 | r_c=0.553816 | r_s=0.040174 | status=running
[DL Convergence] | phase=optimize | block=0 | epoch=55/500 | active_users=2 | updated_users=1 | objective=31.437357 | sum_rate=27.336832 | r_p=0.858113 | r_c=0.510229 | r_s=0.035199 | status=running
[DL Convergence] | phase=optimize | block=0 | epoch=60/500 | active_users=2 | updated_users=1 | objective=31.113686 | sum_rate=27.055378 | r_p=0.992888 | r_c=0.598885 | r_s=0.086421 | status=running
[DL Convergence] | phase=optimize | block=0 | epoch=65/500 | active_users=2 | updated_users=1 | objective=31.278036 | sum_rate=27.198292 | r_p=1.210111 | r_c=0.523936 | r_s=0.070820 | status=running
[DL Convergence] | phase=optimize | block=0 | epoch=70/500 | active_users=2 | updated_users=1 | objective=31.326042 | sum_rate=27.240036 | r_p=1.190851 | r_c=0.798160 | r_s=0.065791 | status=running
[DL Convergence] | phase=optimize | block=0 | epoch=75/500 | active_users=2 | updated_users=1 | objective=31.125490 | sum_rate=27.065643 | r_p=1.412279 | r_c=0.702589 | r_s=0.061727 | status=running
[DL Convergence] | phase=optimize | block=0 | epoch=80/500 | active_users=2 | updated_users=1 | objective=31.386696 | sum_rate=27.292778 | r_p=1.122632 | r_c=0.816906 | r_s=0.044198 | status=running
[DL Convergence] | phase=optimize | block=0 | epoch=85/500 | active_users=2 | updated_users=1 | objective=31.205336 | sum_rate=27.135075 | r_p=1.114248 | r_c=0.616083 | r_s=0.031245 | status=running
[DL Convergence] | phase=optimize | block=0 | epoch=90/500 | active_users=2 | updated_users=1 | objective=31.451498 | sum_rate=27.349129 | r_p=0.832892 | r_c=0.641810 | r_s=0.025510 | status=running
[DL Convergence] | phase=optimize | block=0 | epoch=95/500 | active_users=2 | updated_users=1 | objective=31.309774 | sum_rate=27.225891 | r_p=0.728907 | r_c=0.434958 | r_s=0.015430 | status=running
[DL Convergence] | phase=optimize | block=0 | epoch=100/500 | active_users=2 | updated_users=1 | objective=31.489111 | sum_rate=27.381836 | r_p=0.493729 | r_c=0.399150 | r_s=0.016774 | status=running
[DL Convergence] | phase=optimize | block=0 | epoch=105/500 | active_users=2 | updated_users=1 | objective=31.416187 | sum_rate=27.318424 | r_p=0.292082 | r_c=0.201662 | r_s=0.020849 | status=running
[DL Convergence] | phase=optimize | block=0 | epoch=110/500 | active_users=2 | updated_users=1 | objective=31.610317 | sum_rate=27.487232 | r_p=0.315938 | r_c=0.201316 | r_s=0.020118 | status=running
[DL Convergence] | phase=optimize | block=0 | epoch=115/500 | active_users=2 | updated_users=1 | objective=31.657421 | sum_rate=27.528193 | r_p=0.250983 | r_c=0.210528 | r_s=0.019999 | status=running
[DL Convergence] | phase=optimize | block=0 | epoch=120/500 | active_users=2 | updated_users=1 | objective=31.695580 | sum_rate=27.561373 | r_p=0.260312 | r_c=0.172185 | r_s=0.014911 | status=running
[DL Convergence] | phase=optimize | block=0 | epoch=125/500 | active_users=2 | updated_users=1 | objective=31.722284 | sum_rate=27.584595 | r_p=0.151811 | r_c=0.104464 | r_s=0.012564 | status=running
[DL Convergence] | phase=optimize | block=0 | epoch=130/500 | active_users=2 | updated_users=1 | objective=31.738691 | sum_rate=27.598862 | r_p=0.162170 | r_c=0.110589 | r_s=0.010017 | status=running
[DL Convergence] | phase=optimize | block=0 | epoch=135/500 | active_users=2 | updated_users=1 | objective=31.745987 | sum_rate=27.605206 | r_p=0.259359 | r_c=0.178795 | r_s=0.008709 | status=running
[DL Convergence] | phase=optimize | block=0 | epoch=140/500 | active_users=2 | updated_users=1 | objective=31.751329 | sum_rate=27.609852 | r_p=0.171638 | r_c=0.150077 | r_s=0.005643 | status=running
[DL Convergence] | phase=optimize | block=0 | epoch=145/500 | active_users=2 | updated_users=1 | objective=31.749853 | sum_rate=27.608568 | r_p=0.145701 | r_c=0.127975 | r_s=0.005248 | status=running
[DL Convergence] | phase=optimize | block=0 | epoch=150/500 | active_users=2 | updated_users=1 | objective=31.750725 | sum_rate=27.609325 | r_p=0.212427 | r_c=0.150870 | r_s=0.004200 | status=running
[DL Convergence] | phase=optimize | block=0 | epoch=155/500 | active_users=2 | updated_users=1 | objective=31.757160 | sum_rate=27.614922 | r_p=0.154190 | r_c=0.110972 | r_s=0.003437 | status=running
[DL Convergence] | phase=optimize | block=0 | epoch=160/500 | active_users=2 | updated_users=1 | objective=31.758095 | sum_rate=27.615734 | r_p=0.156893 | r_c=0.114172 | r_s=0.002677 | status=running
[DL Convergence] | phase=optimize | block=0 | epoch=165/500 | active_users=2 | updated_users=1 | objective=31.757322 | sum_rate=27.615063 | r_p=0.187870 | r_c=0.138275 | r_s=0.001857 | status=running
[DL Convergence] | phase=optimize | block=0 | epoch=170/500 | active_users=2 | updated_users=1 | objective=31.760582 | sum_rate=27.617897 | r_p=0.132766 | r_c=0.098801 | r_s=0.001689 | status=running
[DL Convergence] | phase=optimize | block=0 | epoch=175/500 | active_users=2 | updated_users=1 | objective=31.758593 | sum_rate=27.616167 | r_p=0.190678 | r_c=0.143434 | r_s=0.001550 | status=running
[DL Convergence] | phase=optimize | block=0 | epoch=180/500 | active_users=2 | updated_users=1 | objective=31.760899 | sum_rate=27.618172 | r_p=0.127181 | r_c=0.102461 | r_s=0.001361 | status=running
[DL Convergence] | phase=optimize | block=0 | epoch=185/500 | active_users=2 | updated_users=1 | objective=31.758602 | sum_rate=27.616177 | r_p=0.190513 | r_c=0.146334 | r_s=0.001153 | status=running
[DL Convergence] | phase=optimize | block=0 | epoch=190/500 | active_users=2 | updated_users=1 | objective=31.761368 | sum_rate=27.618580 | r_p=0.120599 | r_c=0.109055 | r_s=0.001240 | status=running
[DL Convergence] | phase=optimize | block=0 | epoch=195/500 | active_users=2 | updated_users=1 | objective=31.758871 | sum_rate=27.616409 | r_p=0.191934 | r_c=0.150433 | r_s=0.001229 | status=running
[DL Convergence] | phase=optimize | block=0 | epoch=200/500 | active_users=2 | updated_users=1 | objective=31.761463 | sum_rate=27.618664 | r_p=0.121465 | r_c=0.112268 | r_s=0.001087 | status=running
[DL Convergence] | phase=optimize | block=0 | epoch=205/500 | active_users=2 | updated_users=1 | objective=31.759216 | sum_rate=27.616709 | r_p=0.182507 | r_c=0.145881 | r_s=8.944592e-04 | status=running
[DL Convergence] | phase=optimize | block=0 | epoch=210/500 | active_users=2 | updated_users=1 | objective=31.761074 | sum_rate=27.618324 | r_p=0.127680 | r_c=0.104797 | r_s=8.417007e-04 | status=running
[DL Convergence] | phase=optimize | block=0 | epoch=215/500 | active_users=2 | updated_users=1 | objective=31.759766 | sum_rate=27.617188 | r_p=0.166050 | r_c=0.135260 | r_s=8.425366e-04 | status=running
[DL Convergence] | phase=optimize | block=0 | epoch=220/500 | active_users=2 | updated_users=1 | objective=31.760656 | sum_rate=27.617962 | r_p=0.139706 | r_c=0.114740 | r_s=8.645806e-04 | status=running
[DL Convergence] | phase=optimize | block=0 | epoch=225/500 | active_users=2 | updated_users=1 | objective=31.760317 | sum_rate=27.617666 | r_p=0.150637 | r_c=0.124955 | r_s=9.495246e-04 | status=running
[DL Convergence] | phase=optimize | block=0 | epoch=230/500 | active_users=2 | updated_users=1 | objective=31.760405 | sum_rate=27.617743 | r_p=0.149452 | r_c=0.124958 | r_s=9.223809e-04 | status=running
[DL Convergence] | phase=optimize | block=0 | epoch=235/500 | active_users=2 | updated_users=1 | objective=31.760826 | sum_rate=27.618109 | r_p=0.138680 | r_c=0.117067 | r_s=9.856235e-04 | status=running
[DL Convergence] | phase=optimize | block=0 | epoch=240/500 | active_users=2 | updated_users=1 | objective=31.760435 | sum_rate=27.617769 | r_p=0.155114 | r_c=0.131971 | r_s=9.207642e-04 | status=running
[DL Convergence] | phase=optimize | block=0 | epoch=245/500 | active_users=2 | updated_users=1 | objective=31.761240 | sum_rate=27.618469 | r_p=0.132500 | r_c=0.113756 | r_s=9.022074e-04 | status=running
[DL Convergence] | phase=optimize | block=0 | epoch=248/500 | active_users=2 | updated_users=1 | objective=31.760931 | sum_rate=27.618200 | r_p=0.139540 | r_c=0.120349 | r_s=4.823398e-04 | status=stationary_infeasible
  user=02 block=00 candidate n_kl=  46 after updating users [2] still leaves committed users infeasible [1, 2] after re-optimization; stopping further n_kl reduction for this user in this block.
  user=01 block=00 candidate n_kl=  26 breaks committed-user feasibility [1]; trying fresh re-optimization.
[DL Convergence] | phase=optimize | block=0 | epoch=1/500 | active_users=2 | updated_users=1 | objective=31.655876 | sum_rate=27.526848 | r_p=0.356913 | r_c=0.129343 | r_s=0.016958 | status=running
[DL Convergence] | phase=optimize | block=0 | epoch=5/500 | active_users=2 | updated_users=1 | objective=31.712595 | sum_rate=27.576170 | r_p=0.622128 | r_c=0.233465 | r_s=0.015803 | status=running
[DL Convergence] | phase=optimize | block=0 | epoch=10/500 | active_users=2 | updated_users=1 | objective=31.683859 | sum_rate=27.551182 | r_p=0.530865 | r_c=0.209419 | r_s=0.015187 | status=running
[DL Convergence] | phase=optimize | block=0 | epoch=15/500 | active_users=2 | updated_users=1 | objective=31.665791 | sum_rate=27.535469 | r_p=0.472652 | r_c=0.195449 | r_s=0.011862 | status=running
[DL Convergence] | phase=optimize | block=0 | epoch=20/500 | active_users=2 | updated_users=1 | objective=31.650703 | sum_rate=27.522350 | r_p=0.450003 | r_c=0.194534 | r_s=0.009562 | status=running
[DL Convergence] | phase=optimize | block=0 | epoch=25/500 | active_users=2 | updated_users=1 | objective=31.635578 | sum_rate=27.509199 | r_p=0.458667 | r_c=0.206800 | r_s=0.009098 | status=running
[DL Convergence] | phase=optimize | block=0 | epoch=30/500 | active_users=2 | updated_users=1 | objective=31.615610 | sum_rate=27.491835 | r_p=0.486006 | r_c=0.228009 | r_s=0.011211 | status=running
[DL Convergence] | phase=optimize | block=0 | epoch=35/500 | active_users=2 | updated_users=1 | objective=31.597174 | sum_rate=27.475803 | r_p=0.472016 | r_c=0.229941 | r_s=0.015729 | status=running
[DL Convergence] | phase=optimize | block=0 | epoch=40/500 | active_users=2 | updated_users=1 | objective=31.644991 | sum_rate=27.517384 | r_p=0.509442 | r_c=0.257370 | r_s=0.018598 | status=running
[DL Convergence] | phase=optimize | block=0 | epoch=45/500 | active_users=2 | updated_users=1 | objective=31.690193 | sum_rate=27.556690 | r_p=0.474222 | r_c=0.248226 | r_s=0.017973 | status=running
[DL Convergence] | phase=optimize | block=0 | epoch=50/500 | active_users=2 | updated_users=1 | objective=31.677910 | sum_rate=27.546009 | r_p=0.391239 | r_c=0.212134 | r_s=0.010198 | status=running
[DL Convergence] | phase=optimize | block=0 | epoch=55/500 | active_users=2 | updated_users=1 | objective=31.647326 | sum_rate=27.519413 | r_p=0.330503 | r_c=0.185483 | r_s=0.006494 | status=running
[DL Convergence] | phase=optimize | block=0 | epoch=60/500 | active_users=2 | updated_users=1 | objective=31.666092 | sum_rate=27.535732 | r_p=0.328792 | r_c=0.190658 | r_s=0.009532 | status=running
[DL Convergence] | phase=optimize | block=0 | epoch=65/500 | active_users=2 | updated_users=1 | objective=31.683474 | sum_rate=27.550846 | r_p=0.362734 | r_c=0.216892 | r_s=0.005651 | status=running
[DL Convergence] | phase=optimize | block=0 | epoch=70/500 | active_users=2 | updated_users=1 | objective=31.684092 | sum_rate=27.551384 | r_p=0.393432 | r_c=0.242184 | r_s=0.003020 | status=running
[DL Convergence] | phase=optimize | block=0 | epoch=75/500 | active_users=2 | updated_users=1 | objective=31.689030 | sum_rate=27.555677 | r_p=0.396654 | r_c=0.251137 | r_s=0.005849 | status=running
[DL Convergence] | phase=optimize | block=0 | epoch=80/500 | active_users=2 | updated_users=1 | objective=31.687706 | sum_rate=27.554527 | r_p=0.374656 | r_c=0.243866 | r_s=0.004516 | status=running
[DL Convergence] | phase=optimize | block=0 | epoch=85/500 | active_users=2 | updated_users=1 | objective=31.679489 | sum_rate=27.547382 | r_p=0.349917 | r_c=0.234038 | r_s=0.001237 | status=running
[DL Convergence] | phase=optimize | block=0 | epoch=90/500 | active_users=2 | updated_users=1 | objective=31.677305 | sum_rate=27.545483 | r_p=0.339462 | r_c=0.233123 | r_s=0.002365 | status=running
[DL Convergence] | phase=optimize | block=0 | epoch=95/500 | active_users=2 | updated_users=1 | objective=31.679829 | sum_rate=27.547676 | r_p=0.342692 | r_c=0.241423 | r_s=0.002410 | status=running
[DL Convergence] | phase=optimize | block=0 | epoch=100/500 | active_users=2 | updated_users=1 | objective=31.681082 | sum_rate=27.548767 | r_p=0.349680 | r_c=0.252494 | r_s=0.001347 | status=running
[DL Convergence] | phase=optimize | block=0 | epoch=105/500 | active_users=2 | updated_users=1 | objective=31.681034 | sum_rate=27.548725 | r_p=0.352070 | r_c=0.260378 | r_s=0.001853 | status=running
[DL Convergence] | phase=optimize | block=0 | epoch=110/500 | active_users=2 | updated_users=1 | objective=31.680330 | sum_rate=27.548113 | r_p=0.347569 | r_c=0.263123 | r_s=0.002453 | status=running
[DL Convergence] | phase=optimize | block=0 | epoch=115/500 | active_users=2 | updated_users=1 | objective=31.678596 | sum_rate=27.546606 | r_p=0.338621 | r_c=0.262270 | r_s=0.002210 | status=running
[DL Convergence] | phase=optimize | block=0 | epoch=120/500 | active_users=2 | updated_users=1 | objective=31.676340 | sum_rate=27.544643 | r_p=0.329588 | r_c=0.261037 | r_s=0.001616 | status=running
[DL Convergence] | phase=optimize | block=0 | epoch=125/500 | active_users=2 | updated_users=1 | objective=31.674870 | sum_rate=27.543365 | r_p=0.324335 | r_c=0.262539 | r_s=0.001409 | status=running
[DL Convergence] | phase=optimize | block=0 | epoch=130/500 | active_users=2 | updated_users=1 | objective=31.674997 | sum_rate=27.543476 | r_p=0.324778 | r_c=0.268551 | r_s=0.001558 | status=running
[DL Convergence] | phase=optimize | block=0 | epoch=135/500 | active_users=2 | updated_users=1 | objective=31.676590 | sum_rate=27.544861 | r_p=0.330544 | r_c=0.279055 | r_s=0.001635 | status=running
[DL Convergence] | phase=optimize | block=0 | epoch=140/500 | active_users=2 | updated_users=1 | objective=31.679070 | sum_rate=27.547016 | r_p=0.339671 | r_c=0.292642 | r_s=0.001600 | status=running
[DL Convergence] | phase=optimize | block=0 | epoch=145/500 | active_users=2 | updated_users=1 | objective=31.681713 | sum_rate=27.549316 | r_p=0.349864 | r_c=0.307474 | r_s=0.001536 | status=running
[DL Convergence] | phase=optimize | block=0 | epoch=150/500 | active_users=2 | updated_users=1 | objective=31.683952 | sum_rate=27.551262 | r_p=0.358921 | r_c=0.321640 | r_s=0.001416 | status=running
[DL Convergence] | phase=optimize | block=0 | epoch=155/500 | active_users=2 | updated_users=1 | objective=31.685314 | sum_rate=27.552446 | r_p=0.364483 | r_c=0.332932 | r_s=0.001226 | status=running
[DL Convergence] | phase=optimize | block=0 | epoch=160/500 | active_users=2 | updated_users=1 | objective=31.685349 | sum_rate=27.552477 | r_p=0.364450 | r_c=0.339217 | r_s=0.001113 | status=running
[DL Convergence] | phase=optimize | block=0 | epoch=165/500 | active_users=2 | updated_users=1 | objective=31.683846 | sum_rate=27.551170 | r_p=0.358221 | r_c=0.339628 | r_s=0.001239 | status=running
[DL Convergence] | phase=optimize | block=0 | epoch=170/500 | active_users=2 | updated_users=1 | objective=31.681152 | sum_rate=27.548828 | r_p=0.347663 | r_c=0.335636 | r_s=0.001420 | status=running
[DL Convergence] | phase=optimize | block=0 | epoch=175/500 | active_users=2 | updated_users=1 | objective=31.678244 | sum_rate=27.546299 | r_p=0.336810 | r_c=0.330971 | r_s=0.001354 | status=running
[DL Convergence] | phase=optimize | block=0 | epoch=180/500 | active_users=2 | updated_users=1 | objective=31.676533 | sum_rate=27.544811 | r_p=0.330327 | r_c=0.330276 | r_s=0.001012 | status=running
[DL Convergence] | phase=optimize | block=0 | epoch=185/500 | active_users=2 | updated_users=1 | objective=31.676884 | sum_rate=27.545116 | r_p=0.331289 | r_c=0.336910 | r_s=8.641352e-04 | status=running
[DL Convergence] | phase=optimize | block=0 | epoch=190/500 | active_users=2 | updated_users=1 | objective=31.678871 | sum_rate=27.546844 | r_p=0.338802 | r_c=0.350342 | r_s=0.001091 | status=running
[DL Convergence] | phase=optimize | block=0 | epoch=195/500 | active_users=2 | updated_users=1 | objective=31.681152 | sum_rate=27.548828 | r_p=0.347918 | r_c=0.365723 | r_s=0.001069 | status=running
[DL Convergence] | phase=optimize | block=0 | epoch=200/500 | active_users=2 | updated_users=1 | objective=31.682323 | sum_rate=27.549847 | r_p=0.352397 | r_c=0.376479 | r_s=7.712185e-04 | status=running
[DL Convergence] | phase=optimize | block=0 | epoch=205/500 | active_users=2 | updated_users=1 | objective=31.681530 | sum_rate=27.549156 | r_p=0.348963 | r_c=0.378807 | r_s=7.958709e-04 | status=running
[DL Convergence] | phase=optimize | block=0 | epoch=210/500 | active_users=2 | updated_users=1 | objective=31.679272 | sum_rate=27.547194 | r_p=0.340281 | r_c=0.375222 | r_s=8.895364e-04 | status=running
[DL Convergence] | phase=optimize | block=0 | epoch=215/500 | active_users=2 | updated_users=1 | objective=31.677460 | sum_rate=27.545616 | r_p=0.333467 | r_c=0.373410 | r_s=6.783152e-04 | status=running
[DL Convergence] | phase=optimize | block=0 | epoch=220/500 | active_users=2 | updated_users=1 | objective=31.677616 | sum_rate=27.545753 | r_p=0.333891 | r_c=0.379570 | r_s=6.965578e-04 | status=running
[DL Convergence] | phase=optimize | block=0 | epoch=224/500 | active_users=2 | updated_users=1 | objective=31.677572 | sum_rate=27.545715 | r_p=0.333740 | r_c=0.383962 | r_s=5.941128e-04 | status=stationary_infeasible
  user=01 block=00 candidate n_kl=  26 after updating users [1] still leaves committed users infeasible [1, 2] after re-optimization; stopping further n_kl reduction for this user in this block.
[DL Convergence Allocation] | user=0 | block=0 | status=zero_service | target_bits=200 | n_kl=50
[DL Convergence Allocation] | user=1 | block=0 | target_bits=400 | served_bits=400 | unserved_bits=0 | n_kl=27 | achieved_rate=14.835872 | status=full
[DL Convergence Allocation] | user=2 | block=0 | target_bits=600 | served_bits=600 | unserved_bits=0 | n_kl=47 | achieved_rate=12.800986 | status=full
[DL Convergence Block] | block=0 | status=complete | served_bits=1000 | unserved_bits=200
[DL Convergence Block] | block=1 | active_users=3 | target_bits=1200 | objective=blended_network_rate
[DL Convergence] | phase=optimize | block=1 | epoch=1/500 | active_users=3 | updated_users=3 | objective=13.543822 | sum_rate=11.777237 | r_p=4.158039 | r_c=0.415804 | r_s=0.908494 | status=running
[DL Convergence] | phase=optimize | block=1 | epoch=5/500 | active_users=3 | updated_users=3 | objective=21.003519 | sum_rate=18.263929 | r_p=4.087296 | r_c=1.091581 | r_s=0.595384 | status=running
[DL Convergence] | phase=optimize | block=1 | epoch=10/500 | active_users=3 | updated_users=3 | objective=25.973270 | sum_rate=22.585453 | r_p=4.033597 | r_c=1.896554 | r_s=0.229543 | status=running
[DL Convergence] | phase=optimize | block=1 | epoch=15/500 | active_users=3 | updated_users=3 | objective=28.381775 | sum_rate=24.679804 | r_p=4.023087 | r_c=2.702288 | r_s=0.156537 | status=running
[DL Convergence] | phase=optimize | block=1 | epoch=20/500 | active_users=3 | updated_users=3 | objective=29.602821 | sum_rate=25.741583 | r_p=4.026230 | r_c=3.513893 | r_s=0.175202 | status=running
[DL Convergence] | phase=optimize | block=1 | epoch=25/500 | active_users=3 | updated_users=3 | objective=32.144520 | sum_rate=27.951756 | r_p=4.012878 | r_c=4.308333 | r_s=0.130161 | status=running
[DL Convergence] | phase=optimize | block=1 | epoch=30/500 | active_users=3 | updated_users=3 | objective=33.419563 | sum_rate=29.060490 | r_p=4.008492 | r_c=5.108252 | r_s=0.076607 | status=running
[DL Convergence] | phase=optimize | block=1 | epoch=35/500 | active_users=3 | updated_users=3 | objective=33.822559 | sum_rate=29.410921 | r_p=4.006636 | r_c=5.909523 | r_s=0.056556 | status=running
[DL Convergence] | phase=optimize | block=1 | epoch=40/500 | active_users=3 | updated_users=3 | objective=34.074783 | sum_rate=29.630245 | r_p=4.012527 | r_c=6.723478 | r_s=0.115891 | status=running
[DL Convergence] | phase=optimize | block=1 | epoch=45/500 | active_users=3 | updated_users=3 | objective=34.162502 | sum_rate=29.706524 | r_p=4.018054 | r_c=7.540644 | r_s=0.288360 | status=running
[DL Convergence] | phase=optimize | block=1 | epoch=50/500 | active_users=3 | updated_users=3 | objective=34.203850 | sum_rate=29.742477 | r_p=4.009960 | r_c=8.330469 | r_s=0.082008 | status=running
[DL Convergence] | phase=optimize | block=1 | epoch=55/500 | active_users=3 | updated_users=3 | objective=34.245644 | sum_rate=29.778820 | r_p=4.004966 | r_c=9.123179 | r_s=0.077922 | status=running
[DL Convergence] | phase=optimize | block=1 | epoch=60/500 | active_users=3 | updated_users=3 | objective=34.253586 | sum_rate=29.785728 | r_p=4.017717 | r_c=9.958619 | r_s=0.200405 | status=running
[DL Convergence] | phase=optimize | block=1 | epoch=65/500 | active_users=3 | updated_users=3 | objective=34.273254 | sum_rate=29.802830 | r_p=4.011561 | r_c=10.748556 | r_s=0.030983 | status=running
[DL Convergence] | phase=optimize | block=1 | epoch=70/500 | active_users=3 | updated_users=3 | objective=34.280769 | sum_rate=29.809364 | r_p=4.010981 | r_c=11.551872 | r_s=0.151513 | status=running
[DL Convergence] | phase=optimize | block=1 | epoch=75/500 | active_users=3 | updated_users=3 | objective=34.286819 | sum_rate=29.814625 | r_p=4.009207 | r_c=12.350902 | r_s=0.034319 | status=running
[DL Convergence] | phase=optimize | block=1 | epoch=80/500 | active_users=3 | updated_users=3 | objective=34.284184 | sum_rate=29.812334 | r_p=4.012914 | r_c=13.167132 | r_s=0.147445 | status=running
[DL Convergence] | phase=optimize | block=1 | epoch=85/500 | active_users=3 | updated_users=3 | objective=34.287605 | sum_rate=29.815310 | r_p=4.011897 | r_c=13.968496 | r_s=0.020334 | status=running
[DL Convergence] | phase=optimize | block=1 | epoch=90/500 | active_users=3 | updated_users=3 | objective=34.292973 | sum_rate=29.819977 | r_p=4.009213 | r_c=14.763118 | r_s=0.140560 | status=running
[DL Convergence] | phase=optimize | block=1 | epoch=95/500 | active_users=3 | updated_users=3 | objective=34.294220 | sum_rate=29.821062 | r_p=4.008638 | r_c=15.564754 | r_s=0.044941 | status=running
[DL Convergence] | phase=optimize | block=1 | epoch=100/500 | active_users=3 | updated_users=3 | objective=34.289124 | sum_rate=29.816628 | r_p=4.013078 | r_c=16.386368 | r_s=0.139770 | status=running
[DL Convergence] | phase=optimize | block=1 | epoch=105/500 | active_users=3 | updated_users=3 | objective=34.298538 | sum_rate=29.824814 | r_p=4.006280 | r_c=17.161790 | r_s=0.051490 | status=running
[DL Convergence] | phase=optimize | block=1 | epoch=110/500 | active_users=3 | updated_users=3 | objective=34.297375 | sum_rate=29.823803 | r_p=4.008115 | r_c=17.972537 | r_s=0.070962 | status=running
[DL Convergence] | phase=optimize | block=1 | epoch=115/500 | active_users=3 | updated_users=3 | objective=34.296928 | sum_rate=29.823418 | r_p=4.008907 | r_c=18.779533 | r_s=0.043629 | status=running
[DL Convergence] | phase=optimize | block=1 | epoch=120/500 | active_users=3 | updated_users=3 | objective=34.297260 | sum_rate=29.823704 | r_p=4.008759 | r_c=19.582419 | r_s=0.083546 | status=running
[DL Convergence] | phase=optimize | block=1 | epoch=125/500 | active_users=3 | updated_users=3 | objective=34.300182 | sum_rate=29.826244 | r_p=4.005682 | r_c=20.370093 | r_s=0.083405 | status=running
[DL Convergence] | phase=optimize | block=1 | epoch=130/500 | active_users=3 | updated_users=3 | objective=34.298306 | sum_rate=29.824614 | r_p=4.007979 | r_c=21.184574 | r_s=0.092878 | status=running
[DL Convergence] | phase=optimize | block=1 | epoch=135/500 | active_users=3 | updated_users=3 | objective=34.291405 | sum_rate=29.818613 | r_p=4.013218 | r_c=22.016163 | r_s=0.108068 | status=running
[DL Convergence] | phase=optimize | block=1 | epoch=140/500 | active_users=3 | updated_users=3 | objective=34.299732 | sum_rate=29.825855 | r_p=4.006622 | r_c=22.783272 | r_s=0.040815 | status=running
[DL Convergence] | phase=optimize | block=1 | epoch=145/500 | active_users=3 | updated_users=3 | objective=34.297493 | sum_rate=29.823906 | r_p=4.008611 | r_c=23.598028 | r_s=0.122132 | status=running
[DL Convergence] | phase=optimize | block=1 | epoch=150/500 | active_users=3 | updated_users=3 | objective=34.298695 | sum_rate=29.824951 | r_p=4.007474 | r_c=24.394533 | r_s=0.029633 | status=running
[DL Convergence] | phase=optimize | block=1 | epoch=155/500 | active_users=3 | updated_users=3 | objective=34.294456 | sum_rate=29.821266 | r_p=4.010126 | r_c=25.214272 | r_s=0.115755 | status=running
[DL Convergence] | phase=optimize | block=1 | epoch=160/500 | active_users=3 | updated_users=3 | objective=34.296505 | sum_rate=29.823048 | r_p=4.008584 | r_c=26.007973 | r_s=0.031113 | status=running
[DL Convergence] | phase=optimize | block=1 | epoch=165/500 | active_users=3 | updated_users=3 | objective=34.297768 | sum_rate=29.824146 | r_p=4.007930 | r_c=26.806983 | r_s=0.103927 | status=running
[DL Convergence] | phase=optimize | block=1 | epoch=170/500 | active_users=3 | updated_users=3 | objective=34.300564 | sum_rate=29.826576 | r_p=4.005539 | r_c=27.593610 | r_s=0.028515 | status=running
[DL Convergence] | phase=optimize | block=1 | epoch=175/500 | active_users=3 | updated_users=3 | objective=34.296993 | sum_rate=29.823471 | r_p=4.008241 | r_c=28.415314 | r_s=0.107815 | status=running
[DL Convergence] | phase=optimize | block=1 | epoch=180/500 | active_users=3 | updated_users=3 | objective=34.296913 | sum_rate=29.823404 | r_p=4.008447 | r_c=29.219916 | r_s=0.011048 | status=running
[DL Convergence] | phase=optimize | block=1 | epoch=185/500 | active_users=3 | updated_users=3 | objective=34.300045 | sum_rate=29.826126 | r_p=4.006538 | r_c=30.008702 | r_s=0.098131 | status=running
[DL Convergence] | phase=optimize | block=1 | epoch=190/500 | active_users=3 | updated_users=3 | objective=34.301487 | sum_rate=29.827381 | r_p=4.005456 | r_c=30.803035 | r_s=0.020775 | status=running
[DL Convergence] | phase=optimize | block=1 | epoch=195/500 | active_users=3 | updated_users=3 | objective=34.298504 | sum_rate=29.824787 | r_p=4.007608 | r_c=31.622401 | r_s=0.088020 | status=running
[DL Convergence] | phase=optimize | block=1 | epoch=200/500 | active_users=3 | updated_users=3 | objective=34.299942 | sum_rate=29.826035 | r_p=4.006527 | r_c=32.416532 | r_s=0.018720 | status=running
[DL Convergence] | phase=optimize | block=1 | epoch=205/500 | active_users=3 | updated_users=3 | objective=34.299545 | sum_rate=29.825693 | r_p=4.007210 | r_c=33.224777 | r_s=0.090904 | status=running
[DL Convergence] | phase=optimize | block=1 | epoch=210/500 | active_users=3 | updated_users=3 | objective=34.302895 | sum_rate=29.828604 | r_p=4.004257 | r_c=34.002391 | r_s=0.033549 | status=running
[DL Convergence] | phase=optimize | block=1 | epoch=215/500 | active_users=3 | updated_users=3 | objective=34.301243 | sum_rate=29.827168 | r_p=4.005455 | r_c=34.814912 | r_s=0.071591 | status=running
[DL Convergence] | phase=optimize | block=1 | epoch=220/500 | active_users=3 | updated_users=3 | objective=34.300491 | sum_rate=29.826515 | r_p=4.006296 | r_c=35.624602 | r_s=0.015229 | status=running
[DL Convergence] | phase=optimize | block=1 | epoch=225/500 | active_users=3 | updated_users=3 | objective=34.300774 | sum_rate=29.826759 | r_p=4.006359 | r_c=36.427553 | r_s=0.061806 | status=running
[DL Convergence] | phase=optimize | block=1 | epoch=230/500 | active_users=3 | updated_users=3 | objective=34.302624 | sum_rate=29.828367 | r_p=4.004731 | r_c=37.214833 | r_s=0.014263 | status=running
[DL Convergence] | phase=optimize | block=1 | epoch=235/500 | active_users=3 | updated_users=3 | objective=34.300888 | sum_rate=29.826859 | r_p=4.005903 | r_c=38.027952 | r_s=0.062851 | status=running
[DL Convergence] | phase=optimize | block=1 | epoch=240/500 | active_users=3 | updated_users=3 | objective=34.302204 | sum_rate=29.828003 | r_p=4.005062 | r_c=38.822096 | r_s=0.035834 | status=running
[DL Convergence] | phase=optimize | block=1 | epoch=245/500 | active_users=3 | updated_users=3 | objective=34.304504 | sum_rate=29.830004 | r_p=4.003202 | r_c=39.605787 | r_s=0.054960 | status=running
[DL Convergence] | phase=optimize | block=1 | epoch=250/500 | active_users=3 | updated_users=3 | objective=34.304310 | sum_rate=29.829834 | r_p=4.003858 | r_c=40.413798 | r_s=0.038695 | status=running
[DL Convergence] | phase=optimize | block=1 | epoch=255/500 | active_users=3 | updated_users=3 | objective=34.304836 | sum_rate=29.830292 | r_p=4.004222 | r_c=41.219107 | r_s=0.033687 | status=running
[DL Convergence] | phase=optimize | block=1 | epoch=260/500 | active_users=3 | updated_users=3 | objective=34.303669 | sum_rate=29.829277 | r_p=4.005776 | r_c=42.037173 | r_s=0.022989 | status=running
[DL Convergence] | phase=optimize | block=1 | epoch=265/500 | active_users=3 | updated_users=3 | objective=34.303661 | sum_rate=29.829269 | r_p=4.006224 | r_c=42.844050 | r_s=0.055035 | status=running
[DL Convergence] | phase=optimize | block=1 | epoch=270/500 | active_users=3 | updated_users=3 | objective=34.305779 | sum_rate=29.831112 | r_p=4.004566 | r_c=43.628374 | r_s=0.046363 | status=running
[DL Convergence] | phase=optimize | block=1 | epoch=275/500 | active_users=3 | updated_users=3 | objective=34.304054 | sum_rate=29.829613 | r_p=4.005785 | r_c=44.443913 | r_s=0.049041 | status=running
[DL Convergence] | phase=optimize | block=1 | epoch=280/500 | active_users=3 | updated_users=3 | objective=34.304203 | sum_rate=29.829742 | r_p=4.005077 | r_c=45.238167 | r_s=0.026533 | status=running
[DL Convergence] | phase=optimize | block=1 | epoch=285/500 | active_users=3 | updated_users=3 | objective=34.303318 | sum_rate=29.828972 | r_p=4.005257 | r_c=46.042187 | r_s=0.051311 | status=running
[DL Convergence] | phase=optimize | block=1 | epoch=290/500 | active_users=3 | updated_users=3 | objective=34.305550 | sum_rate=29.830914 | r_p=4.002834 | r_c=46.815874 | r_s=0.023448 | status=running
[DL Convergence] | phase=optimize | block=1 | epoch=295/500 | active_users=3 | updated_users=3 | objective=34.304310 | sum_rate=29.829834 | r_p=4.003484 | r_c=47.625172 | r_s=0.051696 | status=running
[DL Convergence] | phase=optimize | block=1 | epoch=300/500 | active_users=3 | updated_users=3 | objective=34.300087 | sum_rate=29.826164 | r_p=4.007472 | r_c=48.474863 | r_s=0.066084 | status=running
[DL Convergence] | phase=optimize | block=1 | epoch=305/500 | active_users=3 | updated_users=3 | objective=34.304508 | sum_rate=29.830006 | r_p=4.004195 | r_c=49.237219 | r_s=0.048859 | status=running
[DL Convergence] | phase=optimize | block=1 | epoch=310/500 | active_users=3 | updated_users=3 | objective=34.305187 | sum_rate=29.830597 | r_p=4.003973 | r_c=50.036125 | r_s=0.035886 | status=running
[DL Convergence] | phase=optimize | block=1 | epoch=315/500 | active_users=3 | updated_users=3 | objective=34.303276 | sum_rate=29.828934 | r_p=4.005818 | r_c=50.861307 | r_s=0.055364 | status=running
[DL Convergence] | phase=optimize | block=1 | epoch=320/500 | active_users=3 | updated_users=3 | objective=34.306004 | sum_rate=29.831306 | r_p=4.003380 | r_c=51.632048 | r_s=0.027037 | status=running
[DL Convergence] | phase=optimize | block=1 | epoch=325/500 | active_users=3 | updated_users=3 | objective=34.302628 | sum_rate=29.828373 | r_p=4.006018 | r_c=52.468098 | r_s=0.053909 | status=running
[DL Convergence] | phase=optimize | block=1 | epoch=330/500 | active_users=3 | updated_users=3 | objective=34.302681 | sum_rate=29.828419 | r_p=4.005485 | r_c=53.263291 | r_s=0.035923 | status=running
[DL Convergence] | phase=optimize | block=1 | epoch=335/500 | active_users=3 | updated_users=3 | objective=34.303616 | sum_rate=29.829231 | r_p=4.004466 | r_c=54.051560 | r_s=0.034517 | status=running
[DL Convergence] | phase=optimize | block=1 | epoch=340/500 | active_users=3 | updated_users=3 | objective=34.302147 | sum_rate=29.827953 | r_p=4.005635 | r_c=54.869375 | r_s=0.054376 | status=running
[DL Convergence] | phase=optimize | block=1 | epoch=345/500 | active_users=3 | updated_users=3 | objective=34.299961 | sum_rate=29.826052 | r_p=4.007123 | r_c=55.692254 | r_s=0.062351 | status=running
[DL Convergence] | phase=optimize | block=1 | epoch=350/500 | active_users=3 | updated_users=3 | objective=34.301647 | sum_rate=29.827520 | r_p=4.005081 | r_c=56.466141 | r_s=0.027346 | status=running
[DL Convergence] | phase=optimize | block=1 | epoch=355/500 | active_users=3 | updated_users=3 | objective=34.299370 | sum_rate=29.825539 | r_p=4.005989 | r_c=57.281287 | r_s=0.058683 | status=running
[DL Convergence] | phase=optimize | block=1 | epoch=360/500 | active_users=3 | updated_users=3 | objective=34.299995 | sum_rate=29.826084 | r_p=4.004788 | r_c=58.066185 | r_s=0.023687 | status=running
[DL Convergence] | phase=optimize | block=1 | epoch=365/500 | active_users=3 | updated_users=3 | objective=34.298801 | sum_rate=29.825045 | r_p=4.005702 | r_c=58.881505 | r_s=0.054913 | status=running
[DL Convergence] | phase=optimize | block=1 | epoch=370/500 | active_users=3 | updated_users=3 | objective=34.301624 | sum_rate=29.827499 | r_p=4.003861 | r_c=59.656211 | r_s=0.028003 | status=running
[DL Convergence] | phase=optimize | block=1 | epoch=375/500 | active_users=3 | updated_users=3 | objective=34.301750 | sum_rate=29.827610 | r_p=4.004367 | r_c=60.465558 | r_s=0.045413 | status=running
[DL Convergence] | phase=optimize | block=1 | epoch=380/500 | active_users=3 | updated_users=3 | objective=34.302105 | sum_rate=29.827917 | r_p=4.004294 | r_c=61.266193 | r_s=0.022564 | status=running
[DL Convergence] | phase=optimize | block=1 | epoch=385/500 | active_users=3 | updated_users=3 | objective=34.302391 | sum_rate=29.828167 | r_p=4.004333 | r_c=62.068520 | r_s=0.043480 | status=running
[DL Convergence] | phase=optimize | block=1 | epoch=390/500 | active_users=3 | updated_users=3 | objective=34.303024 | sum_rate=29.828716 | r_p=4.003946 | r_c=62.864173 | r_s=0.014354 | status=running
[DL Convergence] | phase=optimize | block=1 | epoch=395/500 | active_users=3 | updated_users=3 | objective=34.302139 | sum_rate=29.827948 | r_p=4.004615 | r_c=63.676416 | r_s=0.044724 | status=running
[DL Convergence] | phase=optimize | block=1 | epoch=400/500 | active_users=3 | updated_users=3 | objective=34.303028 | sum_rate=29.828720 | r_p=4.003921 | r_c=64.466993 | r_s=0.012488 | status=running
[DL Convergence] | phase=optimize | block=1 | epoch=405/500 | active_users=3 | updated_users=3 | objective=34.303150 | sum_rate=29.828827 | r_p=4.003983 | r_c=65.269598 | r_s=0.046164 | status=running
[DL Convergence] | phase=optimize | block=1 | epoch=410/500 | active_users=3 | updated_users=3 | objective=34.304062 | sum_rate=29.829620 | r_p=4.003253 | r_c=66.059129 | r_s=0.012606 | status=running
[DL Convergence] | phase=optimize | block=1 | epoch=415/500 | active_users=3 | updated_users=3 | objective=34.302795 | sum_rate=29.828518 | r_p=4.004385 | r_c=66.879446 | r_s=0.045335 | status=running
[DL Convergence] | phase=optimize | block=1 | epoch=420/500 | active_users=3 | updated_users=3 | objective=34.304104 | sum_rate=29.829657 | r_p=4.003595 | r_c=67.667752 | r_s=0.012497 | status=running
[DL Convergence] | phase=optimize | block=1 | epoch=425/500 | active_users=3 | updated_users=3 | objective=34.304047 | sum_rate=29.829607 | r_p=4.003959 | r_c=68.475430 | r_s=0.042024 | status=running
[DL Convergence] | phase=optimize | block=1 | epoch=430/500 | active_users=3 | updated_users=3 | objective=34.304573 | sum_rate=29.830065 | r_p=4.003666 | r_c=69.271919 | r_s=0.021307 | status=running
[DL Convergence] | phase=optimize | block=1 | epoch=435/500 | active_users=3 | updated_users=3 | objective=34.303459 | sum_rate=29.829094 | r_p=4.004281 | r_c=70.084157 | r_s=0.062950 | status=running
[DL Convergence] | phase=optimize | block=1 | epoch=440/500 | active_users=3 | updated_users=3 | objective=34.305237 | sum_rate=29.830639 | r_p=4.003151 | r_c=70.865763 | r_s=0.051029 | status=running
[DL Convergence] | phase=optimize | block=1 | epoch=445/500 | active_users=3 | updated_users=3 | objective=34.303761 | sum_rate=29.829357 | r_p=4.004240 | r_c=71.686586 | r_s=0.054729 | status=running
[DL Convergence] | phase=optimize | block=1 | epoch=450/500 | active_users=3 | updated_users=3 | objective=34.305012 | sum_rate=29.830446 | r_p=4.003308 | r_c=72.471298 | r_s=0.022663 | status=running
[DL Convergence] | phase=optimize | block=1 | epoch=455/500 | active_users=3 | updated_users=3 | objective=34.303761 | sum_rate=29.829357 | r_p=4.004232 | r_c=73.289704 | r_s=0.044078 | status=running
[DL Convergence] | phase=optimize | block=1 | epoch=460/500 | active_users=3 | updated_users=3 | objective=34.303551 | sum_rate=29.829174 | r_p=4.004518 | r_c=74.096649 | r_s=0.057308 | status=running
[DL Convergence] | phase=optimize | block=1 | epoch=465/500 | active_users=3 | updated_users=3 | objective=34.304459 | sum_rate=29.829964 | r_p=4.004046 | r_c=74.889528 | r_s=0.036533 | status=running
[DL Convergence] | phase=optimize | block=1 | epoch=470/500 | active_users=3 | updated_users=3 | objective=34.305012 | sum_rate=29.830444 | r_p=4.003738 | r_c=75.685322 | r_s=0.037533 | status=running
[DL Convergence] | phase=optimize | block=1 | epoch=475/500 | active_users=3 | updated_users=3 | objective=34.304543 | sum_rate=29.830036 | r_p=4.004685 | r_c=76.504935 | r_s=0.047031 | status=running
[DL Convergence] | phase=optimize | block=1 | epoch=480/500 | active_users=3 | updated_users=3 | objective=34.304703 | sum_rate=29.830175 | r_p=4.004293 | r_c=77.299274 | r_s=0.030090 | status=running
[DL Convergence] | phase=optimize | block=1 | epoch=485/500 | active_users=3 | updated_users=3 | objective=34.302284 | sum_rate=29.828072 | r_p=4.004751 | r_c=78.110172 | r_s=0.048329 | status=running
[DL Convergence] | phase=optimize | block=1 | epoch=490/500 | active_users=3 | updated_users=3 | objective=34.301712 | sum_rate=29.827576 | r_p=4.004054 | r_c=78.898266 | r_s=0.038015 | status=running
[DL Convergence] | phase=optimize | block=1 | epoch=495/500 | active_users=3 | updated_users=3 | objective=34.302269 | sum_rate=29.828060 | r_p=4.003691 | r_c=79.692550 | r_s=0.034111 | status=running
[DL Convergence] | phase=optimize | block=1 | epoch=500/500 | active_users=3 | updated_users=3 | objective=34.300663 | sum_rate=29.826664 | r_p=4.005606 | r_c=80.532653 | r_s=0.027916 | status=running
  fixed-target block=01 zero-service users [0]; re-optimizing remaining transmitters.
[DL Convergence] | phase=optimize | block=1 | epoch=1/500 | active_users=2 | updated_users=2 | objective=34.311783 | sum_rate=29.836332 | r_p=0.000000 | r_c=0.000000 | r_s=0.001767 | status=running
[DL Convergence] | phase=optimize | block=1 | epoch=5/500 | active_users=2 | updated_users=2 | objective=34.312878 | sum_rate=29.837286 | r_p=0.000000 | r_c=0.000000 | r_s=0.001363 | status=running
[DL Convergence] | phase=optimize | block=1 | epoch=10/500 | active_users=2 | updated_users=2 | objective=34.314442 | sum_rate=29.838646 | r_p=0.000000 | r_c=0.000000 | r_s=0.001486 | status=running
[DL Convergence] | phase=optimize | block=1 | epoch=15/500 | active_users=2 | updated_users=2 | objective=34.315605 | sum_rate=29.839657 | r_p=0.000000 | r_c=0.000000 | r_s=0.001351 | status=running
[DL Convergence] | phase=optimize | block=1 | epoch=20/500 | active_users=2 | updated_users=2 | objective=34.316139 | sum_rate=29.840122 | r_p=0.000000 | r_c=0.000000 | r_s=0.001083 | status=running
[DL Convergence] | phase=optimize | block=1 | epoch=25/500 | active_users=2 | updated_users=2 | objective=34.316441 | sum_rate=29.840382 | r_p=0.000000 | r_c=0.000000 | r_s=7.813936e-04 | status=running
[DL Convergence] | phase=optimize | block=1 | epoch=30/500 | active_users=2 | updated_users=2 | objective=34.316532 | sum_rate=29.840462 | r_p=0.000000 | r_c=0.000000 | r_s=6.025551e-04 | status=running
[DL Convergence] | phase=optimize | block=1 | epoch=35/500 | active_users=2 | updated_users=2 | objective=34.316616 | sum_rate=29.840534 | r_p=0.000000 | r_c=0.000000 | r_s=5.750789e-04 | status=kkt_converged
[DL Convergence Reduction] | block=1 | epoch=1 | users=[1, 2]
  user=01 block=01 accepted smaller n_kl=  59 without fresh re-optimization.
  user=02 block=01 accepted smaller n_kl=  79 without fresh re-optimization.
[DL Convergence Reduction] | block=1 | epoch=2 | users=[2, 1]
  user=02 block=01 accepted smaller n_kl=  78 without fresh re-optimization.
  user=01 block=01 accepted smaller n_kl=  58 without fresh re-optimization.
[DL Convergence Reduction] | block=1 | epoch=3 | users=[1, 2]
  user=01 block=01 accepted smaller n_kl=  57 without fresh re-optimization.
  user=02 block=01 accepted smaller n_kl=  77 without fresh re-optimization.
[DL Convergence Reduction] | block=1 | epoch=4 | users=[2, 1]
  user=02 block=01 accepted smaller n_kl=  76 without fresh re-optimization.
  user=01 block=01 accepted smaller n_kl=  56 without fresh re-optimization.
[DL Convergence Reduction] | block=1 | epoch=5 | users=[1, 2]
  user=01 block=01 accepted smaller n_kl=  55 without fresh re-optimization.
  user=02 block=01 accepted smaller n_kl=  75 without fresh re-optimization.
[DL Convergence Reduction] | block=1 | epoch=6 | users=[2, 1]
  user=02 block=01 accepted smaller n_kl=  74 without fresh re-optimization.
  user=01 block=01 accepted smaller n_kl=  54 without fresh re-optimization.
[DL Convergence Reduction] | block=1 | epoch=7 | users=[1, 2]
  user=01 block=01 accepted smaller n_kl=  53 without fresh re-optimization.
  user=02 block=01 accepted smaller n_kl=  73 without fresh re-optimization.
[DL Convergence Reduction] | block=1 | epoch=8 | users=[2, 1]
  user=02 block=01 accepted smaller n_kl=  72 without fresh re-optimization.
  user=01 block=01 accepted smaller n_kl=  52 without fresh re-optimization.
[DL Convergence Reduction] | block=1 | epoch=9 | users=[1, 2]
  user=01 block=01 accepted smaller n_kl=  51 without fresh re-optimization.
  user=02 block=01 accepted smaller n_kl=  71 without fresh re-optimization.
[DL Convergence Reduction] | block=1 | epoch=10 | users=[2, 1]
  user=02 block=01 accepted smaller n_kl=  70 without fresh re-optimization.
  user=01 block=01 accepted smaller n_kl=  50 without fresh re-optimization.
[DL Convergence Reduction] | block=1 | epoch=11 | users=[1, 2]
  user=01 block=01 accepted smaller n_kl=  49 without fresh re-optimization.
  user=02 block=01 accepted smaller n_kl=  69 without fresh re-optimization.
[DL Convergence Reduction] | block=1 | epoch=12 | users=[2, 1]
  user=02 block=01 accepted smaller n_kl=  68 without fresh re-optimization.
  user=01 block=01 accepted smaller n_kl=  48 without fresh re-optimization.
[DL Convergence Reduction] | block=1 | epoch=13 | users=[1, 2]
  user=01 block=01 accepted smaller n_kl=  47 without fresh re-optimization.
  user=02 block=01 accepted smaller n_kl=  67 without fresh re-optimization.
[DL Convergence Reduction] | block=1 | epoch=14 | users=[2, 1]
  user=02 block=01 accepted smaller n_kl=  66 without fresh re-optimization.
  user=01 block=01 accepted smaller n_kl=  46 without fresh re-optimization.
[DL Convergence Reduction] | block=1 | epoch=15 | users=[1, 2]
  user=01 block=01 accepted smaller n_kl=  45 without fresh re-optimization.
  user=02 block=01 accepted smaller n_kl=  65 without fresh re-optimization.
[DL Convergence Reduction] | block=1 | epoch=16 | users=[2, 1]
  user=02 block=01 accepted smaller n_kl=  64 without fresh re-optimization.
  user=01 block=01 accepted smaller n_kl=  44 without fresh re-optimization.
[DL Convergence Reduction] | block=1 | epoch=17 | users=[1, 2]
  user=01 block=01 accepted smaller n_kl=  43 without fresh re-optimization.
  user=02 block=01 accepted smaller n_kl=  63 without fresh re-optimization.
[DL Convergence Reduction] | block=1 | epoch=18 | users=[2, 1]
  user=02 block=01 accepted smaller n_kl=  62 without fresh re-optimization.
  user=01 block=01 accepted smaller n_kl=  42 without fresh re-optimization.
[DL Convergence Reduction] | block=1 | epoch=19 | users=[1, 2]
  user=01 block=01 accepted smaller n_kl=  41 without fresh re-optimization.
  user=02 block=01 accepted smaller n_kl=  61 without fresh re-optimization.
[DL Convergence Reduction] | block=1 | epoch=20 | users=[2, 1]
  user=02 block=01 accepted smaller n_kl=  60 without fresh re-optimization.
  user=01 block=01 accepted smaller n_kl=  40 without fresh re-optimization.
[DL Convergence Reduction] | block=1 | epoch=21 | users=[1, 2]
  user=01 block=01 accepted smaller n_kl=  39 without fresh re-optimization.
  user=02 block=01 accepted smaller n_kl=  59 without fresh re-optimization.
[DL Convergence Reduction] | block=1 | epoch=22 | users=[2, 1]
  user=02 block=01 accepted smaller n_kl=  58 without fresh re-optimization.
  user=01 block=01 accepted smaller n_kl=  38 without fresh re-optimization.
[DL Convergence Reduction] | block=1 | epoch=23 | users=[1, 2]
  user=01 block=01 accepted smaller n_kl=  37 without fresh re-optimization.
  user=02 block=01 accepted smaller n_kl=  57 without fresh re-optimization.
[DL Convergence Reduction] | block=1 | epoch=24 | users=[2, 1]
  user=02 block=01 accepted smaller n_kl=  56 without fresh re-optimization.
  user=01 block=01 accepted smaller n_kl=  36 without fresh re-optimization.
[DL Convergence Reduction] | block=1 | epoch=25 | users=[1, 2]
  user=01 block=01 accepted smaller n_kl=  35 without fresh re-optimization.
  user=02 block=01 accepted smaller n_kl=  55 without fresh re-optimization.
[DL Convergence Reduction] | block=1 | epoch=26 | users=[2, 1]
  user=02 block=01 accepted smaller n_kl=  54 without fresh re-optimization.
  user=01 block=01 accepted smaller n_kl=  34 without fresh re-optimization.
[DL Convergence Reduction] | block=1 | epoch=27 | users=[1, 2]
  user=01 block=01 accepted smaller n_kl=  33 without fresh re-optimization.
  user=02 block=01 accepted smaller n_kl=  53 without fresh re-optimization.
[DL Convergence Reduction] | block=1 | epoch=28 | users=[2, 1]
  user=02 block=01 accepted smaller n_kl=  52 without fresh re-optimization.
  user=01 block=01 accepted smaller n_kl=  32 without fresh re-optimization.
[DL Convergence Reduction] | block=1 | epoch=29 | users=[1, 2]
  user=01 block=01 accepted smaller n_kl=  31 without fresh re-optimization.
  user=02 block=01 accepted smaller n_kl=  51 without fresh re-optimization.
[DL Convergence Reduction] | block=1 | epoch=30 | users=[2, 1]
  user=02 block=01 accepted smaller n_kl=  50 without fresh re-optimization.
  user=01 block=01 accepted smaller n_kl=  30 without fresh re-optimization.
[DL Convergence Reduction] | block=1 | epoch=31 | users=[1, 2]
  user=01 block=01 accepted smaller n_kl=  29 without fresh re-optimization.
  user=02 block=01 accepted smaller n_kl=  49 without fresh re-optimization.
[DL Convergence Reduction] | block=1 | epoch=32 | users=[2, 1]
  user=02 block=01 accepted smaller n_kl=  48 without fresh re-optimization.
  user=01 block=01 accepted smaller n_kl=  28 without fresh re-optimization.
[DL Convergence Reduction] | block=1 | epoch=33 | users=[1, 2]
  user=01 block=01 accepted smaller n_kl=  27 without fresh re-optimization.
  user=02 block=01 accepted smaller n_kl=  47 without fresh re-optimization.
[DL Convergence Reduction] | block=1 | epoch=34 | users=[2, 1]
  user=02 block=01 accepted smaller n_kl=  46 without fresh re-optimization.
  user=01 block=01 candidate n_kl=  26 breaks committed-user feasibility [1]; trying fresh re-optimization.
[DL Convergence] | phase=optimize | block=1 | epoch=1/500 | active_users=2 | updated_users=1 | objective=32.042053 | sum_rate=27.862656 | r_p=1.136681 | r_c=0.132529 | r_s=0.054254 | status=running
[DL Convergence] | phase=optimize | block=1 | epoch=5/500 | active_users=2 | updated_users=1 | objective=32.138275 | sum_rate=27.946325 | r_p=0.942907 | r_c=0.127384 | r_s=0.030514 | status=running
[DL Convergence] | phase=optimize | block=1 | epoch=10/500 | active_users=2 | updated_users=1 | objective=32.093246 | sum_rate=27.907171 | r_p=1.051654 | r_c=0.163637 | r_s=0.030302 | status=running
[DL Convergence] | phase=optimize | block=1 | epoch=15/500 | active_users=2 | updated_users=1 | objective=31.959826 | sum_rate=27.791153 | r_p=1.257082 | r_c=0.212661 | r_s=0.050884 | status=running
[DL Convergence] | phase=optimize | block=1 | epoch=20/500 | active_users=2 | updated_users=1 | objective=32.382660 | sum_rate=28.158834 | r_p=0.563391 | r_c=0.133508 | r_s=0.031287 | status=running
[DL Convergence] | phase=optimize | block=1 | epoch=25/500 | active_users=2 | updated_users=1 | objective=32.155697 | sum_rate=27.961475 | r_p=1.456256 | r_c=0.358418 | r_s=0.064264 | status=running
[DL Convergence] | phase=optimize | block=1 | epoch=30/500 | active_users=2 | updated_users=1 | objective=31.808372 | sum_rate=27.659454 | r_p=1.512464 | r_c=0.376041 | r_s=0.045899 | status=running
[DL Convergence] | phase=optimize | block=1 | epoch=35/500 | active_users=2 | updated_users=1 | objective=32.166790 | sum_rate=27.971121 | r_p=1.206915 | r_c=0.395431 | r_s=0.024272 | status=running
[DL Convergence] | phase=optimize | block=1 | epoch=40/500 | active_users=2 | updated_users=1 | objective=32.099792 | sum_rate=27.912865 | r_p=0.702805 | r_c=0.226277 | r_s=0.020516 | status=running
[DL Convergence] | phase=optimize | block=1 | epoch=45/500 | active_users=2 | updated_users=1 | objective=32.053352 | sum_rate=27.872478 | r_p=0.308830 | r_c=0.124792 | r_s=0.064219 | status=running
[DL Convergence] | phase=optimize | block=1 | epoch=50/500 | active_users=2 | updated_users=1 | objective=32.267532 | sum_rate=28.058723 | r_p=0.268158 | r_c=0.109186 | r_s=0.033996 | status=running
[DL Convergence] | phase=optimize | block=1 | epoch=55/500 | active_users=2 | updated_users=1 | objective=31.908691 | sum_rate=27.746689 | r_p=0.343897 | r_c=0.162492 | r_s=0.069435 | status=running
[DL Convergence] | phase=optimize | block=1 | epoch=60/500 | active_users=2 | updated_users=1 | objective=32.002556 | sum_rate=27.828308 | r_p=0.766791 | r_c=0.357864 | r_s=0.022802 | status=running
[DL Convergence] | phase=optimize | block=1 | epoch=65/500 | active_users=2 | updated_users=1 | objective=31.870903 | sum_rate=27.713829 | r_p=1.279681 | r_c=0.709219 | r_s=0.032599 | status=running
[DL Convergence] | phase=optimize | block=1 | epoch=70/500 | active_users=2 | updated_users=1 | objective=31.496084 | sum_rate=27.387899 | r_p=1.751892 | r_c=0.926418 | r_s=0.028096 | status=running
[DL Convergence] | phase=optimize | block=1 | epoch=75/500 | active_users=2 | updated_users=1 | objective=31.773281 | sum_rate=27.628941 | r_p=2.126646 | r_c=1.293494 | r_s=0.060727 | status=running
[DL Convergence] | phase=optimize | block=1 | epoch=80/500 | active_users=2 | updated_users=1 | objective=31.778734 | sum_rate=27.633682 | r_p=1.563748 | r_c=0.903014 | r_s=0.049922 | status=running
[DL Convergence] | phase=optimize | block=1 | epoch=85/500 | active_users=2 | updated_users=1 | objective=32.185234 | sum_rate=27.987160 | r_p=1.194324 | r_c=0.787535 | r_s=0.053481 | status=running
[DL Convergence] | phase=optimize | block=1 | epoch=90/500 | active_users=2 | updated_users=1 | objective=32.102478 | sum_rate=27.915199 | r_p=0.331943 | r_c=0.243957 | r_s=0.053868 | status=running
[DL Convergence] | phase=optimize | block=1 | epoch=95/500 | active_users=2 | updated_users=1 | objective=31.847435 | sum_rate=27.693422 | r_p=1.274630 | r_c=0.875881 | r_s=0.016951 | status=running
[DL Convergence] | phase=optimize | block=1 | epoch=100/500 | active_users=2 | updated_users=1 | objective=31.985548 | sum_rate=27.813520 | r_p=1.874641 | r_c=1.444834 | r_s=0.053556 | status=running
[DL Convergence] | phase=optimize | block=1 | epoch=105/500 | active_users=2 | updated_users=1 | objective=31.945284 | sum_rate=27.778507 | r_p=1.144403 | r_c=0.815458 | r_s=0.050549 | status=running
[DL Convergence] | phase=optimize | block=1 | epoch=110/500 | active_users=2 | updated_users=1 | objective=32.217403 | sum_rate=28.015133 | r_p=0.391701 | r_c=0.305264 | r_s=0.020747 | status=running
[DL Convergence] | phase=optimize | block=1 | epoch=115/500 | active_users=2 | updated_users=1 | objective=32.101654 | sum_rate=27.914482 | r_p=1.523911 | r_c=1.339256 | r_s=0.016075 | status=running
[DL Convergence] | phase=optimize | block=1 | epoch=120/500 | active_users=2 | updated_users=1 | objective=31.927811 | sum_rate=27.763313 | r_p=1.333190 | r_c=1.068365 | r_s=0.035297 | status=running
[DL Convergence] | phase=optimize | block=1 | epoch=125/500 | active_users=2 | updated_users=1 | objective=32.330051 | sum_rate=28.113089 | r_p=0.834515 | r_c=0.759796 | r_s=0.040402 | status=running
[DL Convergence] | phase=optimize | block=1 | epoch=130/500 | active_users=2 | updated_users=1 | objective=32.240158 | sum_rate=28.034920 | r_p=0.670216 | r_c=0.652925 | r_s=0.030483 | status=running
[DL Convergence] | phase=optimize | block=1 | epoch=135/500 | active_users=2 | updated_users=1 | objective=31.890491 | sum_rate=27.730862 | r_p=1.305559 | r_c=1.153149 | r_s=0.019399 | status=running
[DL Convergence] | phase=optimize | block=1 | epoch=140/500 | active_users=2 | updated_users=1 | objective=32.232197 | sum_rate=28.027998 | r_p=1.174511 | r_c=1.166472 | r_s=0.043819 | status=running
[DL Convergence] | phase=optimize | block=1 | epoch=145/500 | active_users=2 | updated_users=1 | objective=32.195534 | sum_rate=27.996115 | r_p=0.315436 | r_c=0.287676 | r_s=0.040780 | status=running
[DL Convergence] | phase=optimize | block=1 | epoch=150/500 | active_users=2 | updated_users=1 | objective=32.099392 | sum_rate=27.912514 | r_p=0.802640 | r_c=0.767838 | r_s=0.010573 | status=running
[DL Convergence] | phase=optimize | block=1 | epoch=155/500 | active_users=2 | updated_users=1 | objective=32.183495 | sum_rate=27.985649 | r_p=1.199012 | r_c=1.290049 | r_s=0.028818 | status=running
[DL Convergence] | phase=optimize | block=1 | epoch=160/500 | active_users=2 | updated_users=1 | objective=32.221058 | sum_rate=28.018312 | r_p=0.624199 | r_c=0.606396 | r_s=0.033653 | status=running
[DL Convergence] | phase=optimize | block=1 | epoch=165/500 | active_users=2 | updated_users=1 | objective=32.291206 | sum_rate=28.079309 | r_p=0.247153 | r_c=0.249680 | r_s=0.015151 | status=running
[DL Convergence] | phase=optimize | block=1 | epoch=170/500 | active_users=2 | updated_users=1 | objective=32.245926 | sum_rate=28.039936 | r_p=0.879726 | r_c=1.004838 | r_s=0.012322 | status=running
[DL Convergence] | phase=optimize | block=1 | epoch=175/500 | active_users=2 | updated_users=1 | objective=32.257568 | sum_rate=28.050060 | r_p=0.614878 | r_c=0.627493 | r_s=0.025065 | status=running
[DL Convergence] | phase=optimize | block=1 | epoch=180/500 | active_users=2 | updated_users=1 | objective=32.354519 | sum_rate=28.134365 | r_p=0.463328 | r_c=0.539687 | r_s=0.021188 | status=running
[DL Convergence] | phase=optimize | block=1 | epoch=185/500 | active_users=2 | updated_users=1 | objective=32.310150 | sum_rate=28.095783 | r_p=0.443227 | r_c=0.531356 | r_s=0.012439 | status=running
[DL Convergence] | phase=optimize | block=1 | epoch=190/500 | active_users=2 | updated_users=1 | objective=32.244320 | sum_rate=28.038540 | r_p=0.576125 | r_c=0.614001 | r_s=0.014307 | status=running
[DL Convergence] | phase=optimize | block=1 | epoch=195/500 | active_users=2 | updated_users=1 | objective=32.340130 | sum_rate=28.121851 | r_p=0.705156 | r_c=0.857735 | r_s=0.019479 | status=running
[DL Convergence] | phase=optimize | block=1 | epoch=200/500 | active_users=2 | updated_users=1 | objective=32.301548 | sum_rate=28.088303 | r_p=0.360422 | r_c=0.388825 | r_s=0.020877 | status=running
[DL Convergence] | phase=optimize | block=1 | epoch=205/500 | active_users=2 | updated_users=1 | objective=32.348701 | sum_rate=28.129307 | r_p=0.161590 | r_c=0.178275 | r_s=0.011781 | status=running
[DL Convergence] | phase=optimize | block=1 | epoch=210/500 | active_users=2 | updated_users=1 | objective=32.342575 | sum_rate=28.123978 | r_p=0.583850 | r_c=0.739773 | r_s=0.006902 | status=running
[DL Convergence] | phase=optimize | block=1 | epoch=215/500 | active_users=2 | updated_users=1 | objective=32.268295 | sum_rate=28.059387 | r_p=0.570574 | r_c=0.636031 | r_s=0.016071 | status=running
[DL Convergence] | phase=optimize | block=1 | epoch=220/500 | active_users=2 | updated_users=1 | objective=32.408726 | sum_rate=28.181499 | r_p=0.552612 | r_c=0.709594 | r_s=0.019361 | status=running
[DL Convergence] | phase=optimize | block=1 | epoch=225/500 | active_users=2 | updated_users=1 | objective=32.316673 | sum_rate=28.101456 | r_p=0.181187 | r_c=0.237866 | r_s=0.015366 | status=running
[DL Convergence] | phase=optimize | block=1 | epoch=230/500 | active_users=2 | updated_users=1 | objective=32.275101 | sum_rate=28.065306 | r_p=0.414745 | r_c=0.478052 | r_s=0.006388 | status=running
[DL Convergence] | phase=optimize | block=1 | epoch=235/500 | active_users=2 | updated_users=1 | objective=32.375389 | sum_rate=28.152512 | r_p=0.656891 | r_c=0.874661 | r_s=0.013132 | status=running
[DL Convergence] | phase=optimize | block=1 | epoch=240/500 | active_users=2 | updated_users=1 | objective=32.300655 | sum_rate=28.087526 | r_p=0.489456 | r_c=0.569543 | r_s=0.018836 | status=running
[DL Convergence] | phase=optimize | block=1 | epoch=245/500 | active_users=2 | updated_users=1 | objective=32.389137 | sum_rate=28.164467 | r_p=0.372421 | r_c=0.503230 | r_s=0.016025 | status=running
[DL Convergence] | phase=optimize | block=1 | epoch=250/500 | active_users=2 | updated_users=1 | objective=32.345490 | sum_rate=28.126513 | r_p=0.386723 | r_c=0.533229 | r_s=0.008664 | status=running
[DL Convergence] | phase=optimize | block=1 | epoch=255/500 | active_users=2 | updated_users=1 | objective=32.264214 | sum_rate=28.055838 | r_p=0.532104 | r_c=0.639149 | r_s=0.011237 | status=running
[DL Convergence] | phase=optimize | block=1 | epoch=260/500 | active_users=2 | updated_users=1 | objective=32.395340 | sum_rate=28.169861 | r_p=0.655025 | r_c=0.913897 | r_s=0.017646 | status=running
[DL Convergence] | phase=optimize | block=1 | epoch=265/500 | active_users=2 | updated_users=1 | objective=32.273277 | sum_rate=28.063721 | r_p=0.457933 | r_c=0.555979 | r_s=0.020430 | status=running
[DL Convergence] | phase=optimize | block=1 | epoch=270/500 | active_users=2 | updated_users=1 | objective=32.343109 | sum_rate=28.124443 | r_p=0.202330 | r_c=0.287107 | r_s=0.012551 | status=running
[DL Convergence] | phase=optimize | block=1 | epoch=275/500 | active_users=2 | updated_users=1 | objective=32.377766 | sum_rate=28.154579 | r_p=0.582686 | r_c=0.842463 | r_s=0.006675 | status=running
[DL Convergence] | phase=optimize | block=1 | epoch=280/500 | active_users=2 | updated_users=1 | objective=32.228210 | sum_rate=28.024532 | r_p=0.698052 | r_c=0.875837 | r_s=0.016053 | status=running
[DL Convergence] | phase=optimize | block=1 | epoch=285/500 | active_users=2 | updated_users=1 | objective=32.385422 | sum_rate=28.161236 | r_p=0.650717 | r_c=0.951592 | r_s=0.022779 | status=running
[DL Convergence] | phase=optimize | block=1 | epoch=290/500 | active_users=2 | updated_users=1 | objective=32.338520 | sum_rate=28.120453 | r_p=0.264530 | r_c=0.395989 | r_s=0.017069 | status=running
[DL Convergence] | phase=optimize | block=1 | epoch=295/500 | active_users=2 | updated_users=1 | objective=32.207230 | sum_rate=28.006285 | r_p=0.690413 | r_c=0.895436 | r_s=0.009770 | status=running
[DL Convergence] | phase=optimize | block=1 | epoch=300/500 | active_users=2 | updated_users=1 | objective=32.381760 | sum_rate=28.158052 | r_p=0.737028 | r_c=1.113061 | r_s=0.022116 | status=running
[DL Convergence] | phase=optimize | block=1 | epoch=305/500 | active_users=2 | updated_users=1 | objective=32.295959 | sum_rate=28.083445 | r_p=0.257907 | r_c=0.338110 | r_s=0.020723 | status=running
[DL Convergence] | phase=optimize | block=1 | epoch=310/500 | active_users=2 | updated_users=1 | objective=32.206165 | sum_rate=28.005360 | r_p=0.637988 | r_c=0.855791 | r_s=0.007269 | status=running
[DL Convergence] | phase=optimize | block=1 | epoch=315/500 | active_users=2 | updated_users=1 | objective=32.340664 | sum_rate=28.122316 | r_p=0.971343 | r_c=1.514979 | r_s=0.026286 | status=running
[DL Convergence] | phase=optimize | block=1 | epoch=320/500 | active_users=2 | updated_users=1 | objective=32.262451 | sum_rate=28.054306 | r_p=0.342059 | r_c=0.462414 | r_s=0.027074 | status=running
[DL Convergence] | phase=optimize | block=1 | epoch=325/500 | active_users=2 | updated_users=1 | objective=32.200863 | sum_rate=28.000751 | r_p=0.597632 | r_c=0.828010 | r_s=0.007033 | status=running
[DL Convergence] | phase=optimize | block=1 | epoch=330/500 | active_users=2 | updated_users=1 | objective=32.348396 | sum_rate=28.129042 | r_p=0.744308 | r_c=1.202025 | r_s=0.017483 | status=running
[DL Convergence] | phase=optimize | block=1 | epoch=335/500 | active_users=2 | updated_users=1 | objective=32.263046 | sum_rate=28.054823 | r_p=0.555845 | r_c=0.778500 | r_s=0.021307 | status=running
[DL Convergence] | phase=optimize | block=1 | epoch=340/500 | active_users=2 | updated_users=1 | objective=32.351460 | sum_rate=28.131704 | r_p=0.432425 | r_c=0.708521 | r_s=0.016857 | status=running
[DL Convergence] | phase=optimize | block=1 | epoch=345/500 | active_users=2 | updated_users=1 | objective=32.327469 | sum_rate=28.110844 | r_p=0.252055 | r_c=0.419650 | r_s=0.012249 | status=running
[DL Convergence] | phase=optimize | block=1 | epoch=350/500 | active_users=2 | updated_users=1 | objective=32.275749 | sum_rate=28.065868 | r_p=0.463902 | r_c=0.667854 | r_s=0.007927 | status=running
[DL Convergence] | phase=optimize | block=1 | epoch=355/500 | active_users=2 | updated_users=1 | objective=32.366295 | sum_rate=28.144604 | r_p=0.581449 | r_c=0.977048 | r_s=0.013464 | status=running
[DL Convergence] | phase=optimize | block=1 | epoch=360/500 | active_users=2 | updated_users=1 | objective=32.316322 | sum_rate=28.101149 | r_p=0.445658 | r_c=0.647342 | r_s=0.017718 | status=running
[DL Convergence] | phase=optimize | block=1 | epoch=365/500 | active_users=2 | updated_users=1 | objective=32.410332 | sum_rate=28.182896 | r_p=0.443078 | r_c=0.753644 | r_s=0.016203 | status=running
[DL Convergence] | phase=optimize | block=1 | epoch=370/500 | active_users=2 | updated_users=1 | objective=32.269333 | sum_rate=28.060289 | r_p=0.245144 | r_c=0.359871 | r_s=0.014076 | status=running
[DL Convergence] | phase=optimize | block=1 | epoch=375/500 | active_users=2 | updated_users=1 | objective=32.282494 | sum_rate=28.071732 | r_p=0.293233 | r_c=0.436749 | r_s=0.007037 | status=running
[DL Convergence] | phase=optimize | block=1 | epoch=380/500 | active_users=2 | updated_users=1 | objective=32.353790 | sum_rate=28.133732 | r_p=0.514539 | r_c=0.897323 | r_s=0.008794 | status=running
[DL Convergence] | phase=optimize | block=1 | epoch=385/500 | active_users=2 | updated_users=1 | objective=32.293179 | sum_rate=28.081026 | r_p=0.529921 | r_c=0.796516 | r_s=0.017278 | status=running
[DL Convergence] | phase=optimize | block=1 | epoch=390/500 | active_users=2 | updated_users=1 | objective=32.418171 | sum_rate=28.189713 | r_p=0.455498 | r_c=0.801336 | r_s=0.016746 | status=running
[DL Convergence] | phase=optimize | block=1 | epoch=395/500 | active_users=2 | updated_users=1 | objective=32.318707 | sum_rate=28.103222 | r_p=0.167749 | r_c=0.298954 | r_s=0.010941 | status=running
[DL Convergence] | phase=optimize | block=1 | epoch=400/500 | active_users=2 | updated_users=1 | objective=32.293285 | sum_rate=28.081118 | r_p=0.355137 | r_c=0.546013 | r_s=0.004726 | status=running
[DL Convergence] | phase=optimize | block=1 | epoch=405/500 | active_users=2 | updated_users=1 | objective=32.375023 | sum_rate=28.152193 | r_p=0.486210 | r_c=0.874221 | r_s=0.009153 | status=running
[DL Convergence] | phase=optimize | block=1 | epoch=410/500 | active_users=2 | updated_users=1 | objective=32.332451 | sum_rate=28.115173 | r_p=0.415615 | r_c=0.644090 | r_s=0.014693 | status=running
[DL Convergence] | phase=optimize | block=1 | epoch=415/500 | active_users=2 | updated_users=1 | objective=32.417576 | sum_rate=28.189198 | r_p=0.357165 | r_c=0.648140 | r_s=0.011241 | status=running
[DL Convergence] | phase=optimize | block=1 | epoch=420/500 | active_users=2 | updated_users=1 | objective=32.352966 | sum_rate=28.133013 | r_p=0.261114 | r_c=0.408523 | r_s=0.009282 | status=running
[DL Convergence] | phase=optimize | block=1 | epoch=425/500 | active_users=2 | updated_users=1 | objective=32.386276 | sum_rate=28.161980 | r_p=0.226618 | r_c=0.414794 | r_s=0.008171 | status=running
[DL Convergence] | phase=optimize | block=1 | epoch=430/500 | active_users=2 | updated_users=1 | objective=32.390137 | sum_rate=28.165337 | r_p=0.247898 | r_c=0.458286 | r_s=0.006741 | status=running
[DL Convergence] | phase=optimize | block=1 | epoch=435/500 | active_users=2 | updated_users=1 | objective=32.366035 | sum_rate=28.144377 | r_p=0.227219 | r_c=0.361606 | r_s=0.005689 | status=running
[DL Convergence] | phase=optimize | block=1 | epoch=440/500 | active_users=2 | updated_users=1 | objective=32.419632 | sum_rate=28.190983 | r_p=0.317270 | r_c=0.591572 | r_s=0.004547 | status=running
[DL Convergence] | phase=optimize | block=1 | epoch=445/500 | active_users=2 | updated_users=1 | objective=32.359310 | sum_rate=28.138531 | r_p=0.314650 | r_c=0.504404 | r_s=0.006154 | status=running
[DL Convergence] | phase=optimize | block=1 | epoch=450/500 | active_users=2 | updated_users=1 | objective=32.424122 | sum_rate=28.194889 | r_p=0.343622 | r_c=0.645659 | r_s=0.006455 | status=running
[DL Convergence] | phase=optimize | block=1 | epoch=455/500 | active_users=2 | updated_users=1 | objective=32.358887 | sum_rate=28.138161 | r_p=0.333978 | r_c=0.539246 | r_s=0.008021 | status=running
[DL Convergence] | phase=optimize | block=1 | epoch=460/500 | active_users=2 | updated_users=1 | objective=32.429844 | sum_rate=28.199863 | r_p=0.350811 | r_c=0.664233 | r_s=0.008673 | status=running
[DL Convergence] | phase=optimize | block=1 | epoch=465/500 | active_users=2 | updated_users=1 | objective=32.370140 | sum_rate=28.147949 | r_p=0.280671 | r_c=0.456343 | r_s=0.009179 | status=running
[DL Convergence] | phase=optimize | block=1 | epoch=470/500 | active_users=2 | updated_users=1 | objective=32.420513 | sum_rate=28.191750 | r_p=0.265308 | r_c=0.506449 | r_s=0.008047 | status=running
[DL Convergence] | phase=optimize | block=1 | epoch=475/500 | active_users=2 | updated_users=1 | objective=32.387440 | sum_rate=28.162991 | r_p=0.179746 | r_c=0.294570 | r_s=0.007102 | status=running
[DL Convergence] | phase=optimize | block=1 | epoch=480/500 | active_users=2 | updated_users=1 | objective=32.402954 | sum_rate=28.176483 | r_p=0.168142 | r_c=0.323605 | r_s=0.005725 | status=running
[DL Convergence] | phase=optimize | block=1 | epoch=485/500 | active_users=2 | updated_users=1 | objective=32.403656 | sum_rate=28.177094 | r_p=0.167662 | r_c=0.325087 | r_s=0.006008 | status=running
[DL Convergence] | phase=optimize | block=1 | epoch=490/500 | active_users=2 | updated_users=1 | objective=32.382195 | sum_rate=28.158428 | r_p=0.202519 | r_c=0.337602 | r_s=0.004858 | status=running
[DL Convergence] | phase=optimize | block=1 | epoch=495/500 | active_users=2 | updated_users=1 | objective=32.431316 | sum_rate=28.201145 | r_p=0.373377 | r_c=0.730127 | r_s=0.004228 | status=running
[DL Convergence] | phase=optimize | block=1 | epoch=500/500 | active_users=2 | updated_users=1 | objective=32.305336 | sum_rate=28.091597 | r_p=0.524115 | r_c=0.881121 | r_s=0.009261 | status=running
  user=01 block=01 candidate n_kl=  26 after updating users [1] still leaves committed users infeasible [1, 2] after re-optimization; stopping further n_kl reduction for this user in this block.
[DL Convergence Reduction] | block=1 | epoch=35 | users=[2]
  user=02 block=01 candidate n_kl=  45 breaks committed-user feasibility [2]; trying fresh re-optimization.
[DL Convergence] | phase=optimize | block=1 | epoch=1/500 | active_users=2 | updated_users=1 | objective=32.470360 | sum_rate=28.235096 | r_p=0.002728 | r_c=3.767670e-04 | r_s=0.008154 | status=running
[DL Convergence] | phase=optimize | block=1 | epoch=5/500 | active_users=2 | updated_users=1 | objective=32.469234 | sum_rate=28.234116 | r_p=0.018987 | r_c=0.002623 | r_s=0.006025 | status=running
[DL Convergence] | phase=optimize | block=1 | epoch=10/500 | active_users=2 | updated_users=1 | objective=32.472733 | sum_rate=28.237160 | r_p=0.000000 | r_c=0.000000 | r_s=0.004517 | status=running
[DL Convergence] | phase=optimize | block=1 | epoch=15/500 | active_users=2 | updated_users=1 | objective=32.470428 | sum_rate=28.235155 | r_p=0.202018 | r_c=0.024391 | r_s=0.014737 | status=running
[DL Convergence] | phase=optimize | block=1 | epoch=20/500 | active_users=2 | updated_users=1 | objective=32.463524 | sum_rate=28.229153 | r_p=0.249961 | r_c=0.031408 | r_s=0.012367 | status=running
[DL Convergence] | phase=optimize | block=1 | epoch=25/500 | active_users=2 | updated_users=1 | objective=32.472874 | sum_rate=28.237280 | r_p=0.170304 | r_c=0.022270 | r_s=0.007188 | status=running
[DL Convergence] | phase=optimize | block=1 | epoch=30/500 | active_users=2 | updated_users=1 | objective=32.477062 | sum_rate=28.240925 | r_p=0.011844 | r_c=0.001621 | r_s=0.010169 | status=running
[DL Convergence] | phase=optimize | block=1 | epoch=35/500 | active_users=2 | updated_users=1 | objective=32.469013 | sum_rate=28.233925 | r_p=0.000000 | r_c=0.000000 | r_s=0.019178 | status=running
[DL Convergence] | phase=optimize | block=1 | epoch=40/500 | active_users=2 | updated_users=1 | objective=32.469585 | sum_rate=28.234421 | r_p=0.000000 | r_c=0.000000 | r_s=0.023647 | status=running
[DL Convergence] | phase=optimize | block=1 | epoch=45/500 | active_users=2 | updated_users=1 | objective=32.469929 | sum_rate=28.234720 | r_p=0.202506 | r_c=0.033396 | r_s=0.017886 | status=running
[DL Convergence] | phase=optimize | block=1 | epoch=50/500 | active_users=2 | updated_users=1 | objective=32.316471 | sum_rate=28.101280 | r_p=0.815057 | r_c=0.142750 | r_s=0.032165 | status=running
[DL Convergence] | phase=optimize | block=1 | epoch=55/500 | active_users=2 | updated_users=1 | objective=32.233906 | sum_rate=28.029484 | r_p=0.816715 | r_c=0.149917 | r_s=0.048056 | status=running
[DL Convergence] | phase=optimize | block=1 | epoch=60/500 | active_users=2 | updated_users=1 | objective=32.400322 | sum_rate=28.174194 | r_p=0.138773 | r_c=0.030042 | r_s=0.022923 | status=running
[DL Convergence] | phase=optimize | block=1 | epoch=65/500 | active_users=2 | updated_users=1 | objective=32.068539 | sum_rate=27.885685 | r_p=1.187409 | r_c=0.265633 | r_s=0.049042 | status=running
[DL Convergence] | phase=optimize | block=1 | epoch=70/500 | active_users=2 | updated_users=1 | objective=32.407570 | sum_rate=28.180496 | r_p=0.322237 | r_c=0.079573 | r_s=0.029223 | status=running
[DL Convergence] | phase=optimize | block=1 | epoch=75/500 | active_users=2 | updated_users=1 | objective=32.121601 | sum_rate=27.931828 | r_p=1.183702 | r_c=0.296118 | r_s=0.070448 | status=running
[DL Convergence] | phase=optimize | block=1 | epoch=80/500 | active_users=2 | updated_users=1 | objective=31.811255 | sum_rate=27.661961 | r_p=1.556152 | r_c=0.457073 | r_s=0.044510 | status=running
[DL Convergence] | phase=optimize | block=1 | epoch=85/500 | active_users=2 | updated_users=1 | objective=32.112610 | sum_rate=27.924007 | r_p=0.739230 | r_c=0.239224 | r_s=0.028987 | status=running
[DL Convergence] | phase=optimize | block=1 | epoch=90/500 | active_users=2 | updated_users=1 | objective=32.351311 | sum_rate=28.131573 | r_p=0.021972 | r_c=0.007273 | r_s=0.037878 | status=running
[DL Convergence] | phase=optimize | block=1 | epoch=95/500 | active_users=2 | updated_users=1 | objective=32.068436 | sum_rate=27.885597 | r_p=0.885975 | r_c=0.324095 | r_s=0.076055 | status=running
[DL Convergence] | phase=optimize | block=1 | epoch=100/500 | active_users=2 | updated_users=1 | objective=32.062763 | sum_rate=27.880663 | r_p=1.179397 | r_c=0.446903 | r_s=0.068651 | status=running
[DL Convergence] | phase=optimize | block=1 | epoch=105/500 | active_users=2 | updated_users=1 | objective=32.125423 | sum_rate=27.935150 | r_p=0.961915 | r_c=0.405290 | r_s=0.059915 | status=running
[DL Convergence] | phase=optimize | block=1 | epoch=110/500 | active_users=2 | updated_users=1 | objective=32.023746 | sum_rate=27.846737 | r_p=1.260345 | r_c=0.542580 | r_s=0.058030 | status=running
[DL Convergence] | phase=optimize | block=1 | epoch=115/500 | active_users=2 | updated_users=1 | objective=32.217087 | sum_rate=28.014858 | r_p=0.676003 | r_c=0.316826 | r_s=0.039669 | status=running
[DL Convergence] | phase=optimize | block=1 | epoch=120/500 | active_users=2 | updated_users=1 | objective=32.113243 | sum_rate=27.924559 | r_p=0.738429 | r_c=0.351870 | r_s=0.023699 | status=running
[DL Convergence] | phase=optimize | block=1 | epoch=125/500 | active_users=2 | updated_users=1 | objective=32.138817 | sum_rate=27.946798 | r_p=0.387777 | r_c=0.195386 | r_s=0.020419 | status=running
[DL Convergence] | phase=optimize | block=1 | epoch=130/500 | active_users=2 | updated_users=1 | objective=32.055107 | sum_rate=27.874004 | r_p=0.198433 | r_c=0.100752 | r_s=0.022796 | status=running
[DL Convergence] | phase=optimize | block=1 | epoch=135/500 | active_users=2 | updated_users=1 | objective=32.231827 | sum_rate=28.027676 | r_p=0.295883 | r_c=0.150025 | r_s=0.023805 | status=running
[DL Convergence] | phase=optimize | block=1 | epoch=140/500 | active_users=2 | updated_users=1 | objective=32.318504 | sum_rate=28.103048 | r_p=0.262625 | r_c=0.137949 | r_s=0.024888 | status=running
[DL Convergence] | phase=optimize | block=1 | epoch=145/500 | active_users=2 | updated_users=1 | objective=32.353073 | sum_rate=28.133106 | r_p=0.256390 | r_c=0.135279 | r_s=0.014241 | status=running
[DL Convergence] | phase=optimize | block=1 | epoch=150/500 | active_users=2 | updated_users=1 | objective=32.402634 | sum_rate=28.176205 | r_p=0.000000 | r_c=0.000000 | r_s=0.014527 | status=running
[DL Convergence] | phase=optimize | block=1 | epoch=155/500 | active_users=2 | updated_users=1 | objective=32.395958 | sum_rate=28.170399 | r_p=0.213976 | r_c=0.115306 | r_s=0.021359 | status=running
[DL Convergence] | phase=optimize | block=1 | epoch=160/500 | active_users=2 | updated_users=1 | objective=32.377724 | sum_rate=28.154541 | r_p=0.415287 | r_c=0.225118 | r_s=0.022675 | status=running
[DL Convergence] | phase=optimize | block=1 | epoch=165/500 | active_users=2 | updated_users=1 | objective=32.332031 | sum_rate=28.114811 | r_p=0.556520 | r_c=0.308070 | r_s=0.023297 | status=running
[DL Convergence] | phase=optimize | block=1 | epoch=170/500 | active_users=2 | updated_users=1 | objective=32.364429 | sum_rate=28.142982 | r_p=0.599432 | r_c=0.335965 | r_s=0.025256 | status=running
[DL Convergence] | phase=optimize | block=1 | epoch=175/500 | active_users=2 | updated_users=1 | objective=32.345978 | sum_rate=28.126938 | r_p=0.543393 | r_c=0.312555 | r_s=0.020501 | status=running
[DL Convergence] | phase=optimize | block=1 | epoch=180/500 | active_users=2 | updated_users=1 | objective=32.394218 | sum_rate=28.168884 | r_p=0.465041 | r_c=0.270360 | r_s=0.015933 | status=running
[DL Convergence] | phase=optimize | block=1 | epoch=185/500 | active_users=2 | updated_users=1 | objective=32.382545 | sum_rate=28.158733 | r_p=0.287293 | r_c=0.170860 | r_s=0.012751 | status=running
[DL Convergence] | phase=optimize | block=1 | epoch=190/500 | active_users=2 | updated_users=1 | objective=32.439152 | sum_rate=28.207958 | r_p=0.110511 | r_c=0.066099 | r_s=0.011648 | status=running
[DL Convergence] | phase=optimize | block=1 | epoch=195/500 | active_users=2 | updated_users=1 | objective=32.415390 | sum_rate=28.187296 | r_p=0.078853 | r_c=0.047250 | r_s=0.016336 | status=running
[DL Convergence] | phase=optimize | block=1 | epoch=200/500 | active_users=2 | updated_users=1 | objective=32.376892 | sum_rate=28.153820 | r_p=0.310847 | r_c=0.189357 | r_s=0.025376 | status=running
[DL Convergence] | phase=optimize | block=1 | epoch=205/500 | active_users=2 | updated_users=1 | objective=32.388447 | sum_rate=28.163868 | r_p=0.421671 | r_c=0.258343 | r_s=0.024996 | status=running
[DL Convergence] | phase=optimize | block=1 | epoch=210/500 | active_users=2 | updated_users=1 | objective=32.339447 | sum_rate=28.121258 | r_p=0.519798 | r_c=0.325422 | r_s=0.024967 | status=running
[DL Convergence] | phase=optimize | block=1 | epoch=215/500 | active_users=2 | updated_users=1 | objective=32.343475 | sum_rate=28.124760 | r_p=0.625423 | r_c=0.394688 | r_s=0.029163 | status=running
[DL Convergence] | phase=optimize | block=1 | epoch=220/500 | active_users=2 | updated_users=1 | objective=32.362400 | sum_rate=28.141216 | r_p=0.476079 | r_c=0.306278 | r_s=0.022673 | status=running
[DL Convergence] | phase=optimize | block=1 | epoch=225/500 | active_users=2 | updated_users=1 | objective=32.371136 | sum_rate=28.148813 | r_p=0.582680 | r_c=0.380835 | r_s=0.023049 | status=running
[DL Convergence] | phase=optimize | block=1 | epoch=230/500 | active_users=2 | updated_users=1 | objective=32.336617 | sum_rate=28.118795 | r_p=0.582028 | r_c=0.385230 | r_s=0.020210 | status=running
[DL Convergence] | phase=optimize | block=1 | epoch=235/500 | active_users=2 | updated_users=1 | objective=32.308464 | sum_rate=28.094315 | r_p=0.820779 | r_c=0.555172 | r_s=0.028393 | status=running
[DL Convergence] | phase=optimize | block=1 | epoch=240/500 | active_users=2 | updated_users=1 | objective=32.243744 | sum_rate=28.038038 | r_p=0.832647 | r_c=0.569308 | r_s=0.026559 | status=running
[DL Convergence] | phase=optimize | block=1 | epoch=245/500 | active_users=2 | updated_users=1 | objective=32.230194 | sum_rate=28.026255 | r_p=0.990576 | r_c=0.695791 | r_s=0.040232 | status=running
[DL Convergence] | phase=optimize | block=1 | epoch=250/500 | active_users=2 | updated_users=1 | objective=32.264946 | sum_rate=28.056473 | r_p=0.765607 | r_c=0.542971 | r_s=0.032764 | status=running
[DL Convergence] | phase=optimize | block=1 | epoch=255/500 | active_users=2 | updated_users=1 | objective=32.221481 | sum_rate=28.018681 | r_p=1.004809 | r_c=0.734343 | r_s=0.047413 | status=running
[DL Convergence] | phase=optimize | block=1 | epoch=260/500 | active_users=2 | updated_users=1 | objective=32.225731 | sum_rate=28.022373 | r_p=0.777249 | r_c=0.570574 | r_s=0.044180 | status=running
[DL Convergence] | phase=optimize | block=1 | epoch=265/500 | active_users=2 | updated_users=1 | objective=32.340576 | sum_rate=28.122238 | r_p=0.580209 | r_c=0.443040 | r_s=0.041538 | status=running
[DL Convergence] | phase=optimize | block=1 | epoch=270/500 | active_users=2 | updated_users=1 | objective=32.231762 | sum_rate=28.027620 | r_p=0.408328 | r_c=0.313459 | r_s=0.049611 | status=running
[DL Convergence] | phase=optimize | block=1 | epoch=275/500 | active_users=2 | updated_users=1 | objective=32.406460 | sum_rate=28.179529 | r_p=0.000000 | r_c=0.000000 | r_s=0.026642 | status=running
[DL Convergence] | phase=optimize | block=1 | epoch=280/500 | active_users=2 | updated_users=1 | objective=32.311100 | sum_rate=28.096607 | r_p=0.394078 | r_c=0.330064 | r_s=0.023822 | status=running
[DL Convergence] | phase=optimize | block=1 | epoch=285/500 | active_users=2 | updated_users=1 | objective=32.239952 | sum_rate=28.034740 | r_p=0.697289 | r_c=0.579761 | r_s=0.009875 | status=running
[DL Convergence] | phase=optimize | block=1 | epoch=290/500 | active_users=2 | updated_users=1 | objective=32.139771 | sum_rate=27.947628 | r_p=1.024865 | r_c=0.886100 | r_s=0.023853 | status=running
[DL Convergence] | phase=optimize | block=1 | epoch=295/500 | active_users=2 | updated_users=1 | objective=32.149189 | sum_rate=27.955816 | r_p=0.944564 | r_c=0.805917 | r_s=0.028712 | status=running
[DL Convergence] | phase=optimize | block=1 | epoch=300/500 | active_users=2 | updated_users=1 | objective=32.252087 | sum_rate=28.045292 | r_p=0.821252 | r_c=0.729192 | r_s=0.039293 | status=running
[DL Convergence] | phase=optimize | block=1 | epoch=305/500 | active_users=2 | updated_users=1 | objective=32.286797 | sum_rate=28.075476 | r_p=0.532452 | r_c=0.468194 | r_s=0.035222 | status=running
[DL Convergence] | phase=optimize | block=1 | epoch=310/500 | active_users=2 | updated_users=1 | objective=32.370270 | sum_rate=28.148060 | r_p=0.386043 | r_c=0.353048 | r_s=0.031245 | status=running
[DL Convergence] | phase=optimize | block=1 | epoch=315/500 | active_users=2 | updated_users=1 | objective=32.133080 | sum_rate=27.941807 | r_p=0.171225 | r_c=0.154953 | r_s=0.030301 | status=running
[DL Convergence] | phase=optimize | block=1 | epoch=320/500 | active_users=2 | updated_users=1 | objective=32.192596 | sum_rate=27.993563 | r_p=0.372554 | r_c=0.346505 | r_s=0.010701 | status=running
[DL Convergence] | phase=optimize | block=1 | epoch=325/500 | active_users=2 | updated_users=1 | objective=32.260399 | sum_rate=28.052519 | r_p=0.420840 | r_c=0.407238 | r_s=0.010391 | status=running
[DL Convergence] | phase=optimize | block=1 | epoch=330/500 | active_users=2 | updated_users=1 | objective=32.290817 | sum_rate=28.078972 | r_p=0.355131 | r_c=0.336269 | r_s=0.013354 | status=running
[DL Convergence] | phase=optimize | block=1 | epoch=335/500 | active_users=2 | updated_users=1 | objective=32.315521 | sum_rate=28.100454 | r_p=0.532766 | r_c=0.526305 | r_s=0.012357 | status=running
[DL Convergence] | phase=optimize | block=1 | epoch=340/500 | active_users=2 | updated_users=1 | objective=32.315731 | sum_rate=28.100636 | r_p=0.469374 | r_c=0.451736 | r_s=0.016735 | status=running
[DL Convergence] | phase=optimize | block=1 | epoch=345/500 | active_users=2 | updated_users=1 | objective=32.328781 | sum_rate=28.111984 | r_p=0.410933 | r_c=0.412038 | r_s=0.015222 | status=running
[DL Convergence] | phase=optimize | block=1 | epoch=350/500 | active_users=2 | updated_users=1 | objective=32.330421 | sum_rate=28.113411 | r_p=0.542052 | r_c=0.530309 | r_s=0.019462 | status=running
[DL Convergence] | phase=optimize | block=1 | epoch=355/500 | active_users=2 | updated_users=1 | objective=32.342766 | sum_rate=28.124146 | r_p=0.612989 | r_c=0.622550 | r_s=0.026839 | status=running
[DL Convergence] | phase=optimize | block=1 | epoch=360/500 | active_users=2 | updated_users=1 | objective=32.322006 | sum_rate=28.106091 | r_p=0.580493 | r_c=0.577003 | r_s=0.029279 | status=running
[DL Convergence] | phase=optimize | block=1 | epoch=365/500 | active_users=2 | updated_users=1 | objective=32.405029 | sum_rate=28.178286 | r_p=0.369617 | r_c=0.381552 | r_s=0.029637 | status=running
[DL Convergence] | phase=optimize | block=1 | epoch=370/500 | active_users=2 | updated_users=1 | objective=32.336975 | sum_rate=28.119110 | r_p=0.025086 | r_c=0.025519 | r_s=0.026966 | status=running
[DL Convergence] | phase=optimize | block=1 | epoch=375/500 | active_users=2 | updated_users=1 | objective=32.331367 | sum_rate=28.114233 | r_p=0.392119 | r_c=0.408252 | r_s=0.008815 | status=running
[DL Convergence] | phase=optimize | block=1 | epoch=380/500 | active_users=2 | updated_users=1 | objective=32.237289 | sum_rate=28.032425 | r_p=0.732918 | r_c=0.791915 | r_s=0.014730 | status=running
[DL Convergence] | phase=optimize | block=1 | epoch=385/500 | active_users=2 | updated_users=1 | objective=32.208580 | sum_rate=28.007462 | r_p=0.881487 | r_c=0.931377 | r_s=0.027765 | status=running
[DL Convergence] | phase=optimize | block=1 | epoch=390/500 | active_users=2 | updated_users=1 | objective=32.303871 | sum_rate=28.090324 | r_p=0.746103 | r_c=0.817676 | r_s=0.042734 | status=running
[DL Convergence] | phase=optimize | block=1 | epoch=395/500 | active_users=2 | updated_users=1 | objective=32.199482 | sum_rate=27.999550 | r_p=0.406458 | r_c=0.440043 | r_s=0.042074 | status=running
[DL Convergence] | phase=optimize | block=1 | epoch=400/500 | active_users=2 | updated_users=1 | objective=32.323738 | sum_rate=28.107597 | r_p=0.209620 | r_c=0.234045 | r_s=0.016530 | status=running
[DL Convergence] | phase=optimize | block=1 | epoch=405/500 | active_users=2 | updated_users=1 | objective=32.130142 | sum_rate=27.939255 | r_p=0.634083 | r_c=0.735783 | r_s=0.009605 | status=running
[DL Convergence] | phase=optimize | block=1 | epoch=410/500 | active_users=2 | updated_users=1 | objective=32.154190 | sum_rate=27.960167 | r_p=0.748716 | r_c=0.851714 | r_s=0.021544 | status=running
[DL Convergence] | phase=optimize | block=1 | epoch=415/500 | active_users=2 | updated_users=1 | objective=32.203125 | sum_rate=28.002718 | r_p=0.937915 | r_c=1.107280 | r_s=0.035603 | status=running
[DL Convergence] | phase=optimize | block=1 | epoch=420/500 | active_users=2 | updated_users=1 | objective=32.288589 | sum_rate=28.077036 | r_p=0.543994 | r_c=0.630039 | r_s=0.033849 | status=running
[DL Convergence] | phase=optimize | block=1 | epoch=425/500 | active_users=2 | updated_users=1 | objective=32.339516 | sum_rate=28.121319 | r_p=0.425451 | r_c=0.513159 | r_s=0.029315 | status=running
[DL Convergence] | phase=optimize | block=1 | epoch=430/500 | active_users=2 | updated_users=1 | objective=32.125443 | sum_rate=27.935165 | r_p=0.325498 | r_c=0.383954 | r_s=0.028042 | status=running
[DL Convergence] | phase=optimize | block=1 | epoch=435/500 | active_users=2 | updated_users=1 | objective=32.223007 | sum_rate=28.020004 | r_p=0.069884 | r_c=0.086135 | r_s=0.015187 | status=running
[DL Convergence] | phase=optimize | block=1 | epoch=440/500 | active_users=2 | updated_users=1 | objective=32.326160 | sum_rate=28.109705 | r_p=0.215930 | r_c=0.270454 | r_s=0.013553 | status=running
[DL Convergence] | phase=optimize | block=1 | epoch=445/500 | active_users=2 | updated_users=1 | objective=32.331982 | sum_rate=28.114765 | r_p=0.284545 | r_c=0.345333 | r_s=0.010927 | status=running
[DL Convergence] | phase=optimize | block=1 | epoch=450/500 | active_users=2 | updated_users=1 | objective=32.299355 | sum_rate=28.086395 | r_p=0.594799 | r_c=0.755220 | r_s=0.013054 | status=running
[DL Convergence] | phase=optimize | block=1 | epoch=455/500 | active_users=2 | updated_users=1 | objective=32.270218 | sum_rate=28.061058 | r_p=0.732930 | r_c=0.899518 | r_s=0.023594 | status=running
[DL Convergence] | phase=optimize | block=1 | epoch=460/500 | active_users=2 | updated_users=1 | objective=32.322247 | sum_rate=28.106300 | r_p=0.668032 | r_c=0.857055 | r_s=0.035738 | status=running
[DL Convergence] | phase=optimize | block=1 | epoch=465/500 | active_users=2 | updated_users=1 | objective=32.321083 | sum_rate=28.105289 | r_p=0.189564 | r_c=0.236387 | r_s=0.034687 | status=running
[DL Convergence] | phase=optimize | block=1 | epoch=470/500 | active_users=2 | updated_users=1 | objective=32.348114 | sum_rate=28.128796 | r_p=0.317436 | r_c=0.404386 | r_s=0.010692 | status=running
[DL Convergence] | phase=optimize | block=1 | epoch=475/500 | active_users=2 | updated_users=1 | objective=32.292957 | sum_rate=28.080833 | r_p=0.533222 | r_c=0.710371 | r_s=0.010577 | status=running
[DL Convergence] | phase=optimize | block=1 | epoch=480/500 | active_users=2 | updated_users=1 | objective=32.341843 | sum_rate=28.123341 | r_p=0.405790 | r_c=0.521064 | r_s=0.015538 | status=running
[DL Convergence] | phase=optimize | block=1 | epoch=485/500 | active_users=2 | updated_users=1 | objective=32.348785 | sum_rate=28.129379 | r_p=0.536184 | r_c=0.722153 | r_s=0.020841 | status=running
[DL Convergence] | phase=optimize | block=1 | epoch=490/500 | active_users=2 | updated_users=1 | objective=32.363110 | sum_rate=28.141834 | r_p=0.425702 | r_c=0.550874 | r_s=0.024671 | status=running
[DL Convergence] | phase=optimize | block=1 | epoch=495/500 | active_users=2 | updated_users=1 | objective=32.431042 | sum_rate=28.200905 | r_p=0.148325 | r_c=0.201974 | r_s=0.020982 | status=running
[DL Convergence] | phase=optimize | block=1 | epoch=500/500 | active_users=2 | updated_users=1 | objective=32.326580 | sum_rate=28.110069 | r_p=0.271976 | r_c=0.376600 | r_s=0.011330 | status=running
  user=02 block=01 accepted smaller n_kl=  45 after fresh re-optimization of users [2].
[DL Convergence Reduction] | block=1 | epoch=36 | users=[2]
  user=02 block=01 candidate n_kl=  44 breaks committed-user feasibility [2]; trying fresh re-optimization.
[DL Convergence] | phase=optimize | block=1 | epoch=1/500 | active_users=2 | updated_users=1 | objective=32.421722 | sum_rate=28.192802 | r_p=0.154201 | r_c=0.021334 | r_s=0.010303 | status=running
[DL Convergence] | phase=optimize | block=1 | epoch=5/500 | active_users=2 | updated_users=1 | objective=32.411667 | sum_rate=28.184057 | r_p=0.217011 | r_c=0.030757 | r_s=0.009169 | status=running
[DL Convergence] | phase=optimize | block=1 | epoch=10/500 | active_users=2 | updated_users=1 | objective=32.441948 | sum_rate=28.210388 | r_p=0.296343 | r_c=0.039257 | r_s=0.010177 | status=running
[DL Convergence] | phase=optimize | block=1 | epoch=15/500 | active_users=2 | updated_users=1 | objective=32.433998 | sum_rate=28.203476 | r_p=0.186739 | r_c=0.027009 | r_s=0.007973 | status=running
[DL Convergence] | phase=optimize | block=1 | epoch=20/500 | active_users=2 | updated_users=1 | objective=32.398785 | sum_rate=28.172855 | r_p=0.288033 | r_c=0.045283 | r_s=0.009064 | status=running
[DL Convergence] | phase=optimize | block=1 | epoch=25/500 | active_users=2 | updated_users=1 | objective=32.434418 | sum_rate=28.203842 | r_p=0.412119 | r_c=0.066888 | r_s=0.019057 | status=running
[DL Convergence] | phase=optimize | block=1 | epoch=30/500 | active_users=2 | updated_users=1 | objective=32.432419 | sum_rate=28.202103 | r_p=0.517670 | r_c=0.090426 | r_s=0.017524 | status=running
[DL Convergence] | phase=optimize | block=1 | epoch=35/500 | active_users=2 | updated_users=1 | objective=32.407520 | sum_rate=28.180452 | r_p=0.732388 | r_c=0.138409 | r_s=0.021280 | status=running
[DL Convergence] | phase=optimize | block=1 | epoch=40/500 | active_users=2 | updated_users=1 | objective=32.348499 | sum_rate=28.129129 | r_p=0.928316 | r_c=0.190509 | r_s=0.028554 | status=running
[DL Convergence] | phase=optimize | block=1 | epoch=45/500 | active_users=2 | updated_users=1 | objective=32.231480 | sum_rate=28.027374 | r_p=1.163562 | r_c=0.257748 | r_s=0.045754 | status=running
[DL Convergence] | phase=optimize | block=1 | epoch=50/500 | active_users=2 | updated_users=1 | objective=32.266975 | sum_rate=28.058239 | r_p=0.934674 | r_c=0.223621 | r_s=0.048698 | status=running
[DL Convergence] | phase=optimize | block=1 | epoch=55/500 | active_users=2 | updated_users=1 | objective=32.192467 | sum_rate=27.993450 | r_p=0.782555 | r_c=0.202120 | r_s=0.024505 | status=running
[DL Convergence] | phase=optimize | block=1 | epoch=60/500 | active_users=2 | updated_users=1 | objective=31.966433 | sum_rate=27.796898 | r_p=1.295683 | r_c=0.348257 | r_s=0.063441 | status=running
[DL Convergence] | phase=optimize | block=1 | epoch=65/500 | active_users=2 | updated_users=1 | objective=32.066399 | sum_rate=27.883825 | r_p=1.415093 | r_c=0.468594 | r_s=0.040127 | status=running
[DL Convergence] | phase=optimize | block=1 | epoch=70/500 | active_users=2 | updated_users=1 | objective=32.282417 | sum_rate=28.071667 | r_p=0.334176 | r_c=0.116306 | r_s=0.037008 | status=running
[DL Convergence] | phase=optimize | block=1 | epoch=75/500 | active_users=2 | updated_users=1 | objective=31.980967 | sum_rate=27.809536 | r_p=1.244834 | r_c=0.440136 | r_s=0.069323 | status=running
[DL Convergence] | phase=optimize | block=1 | epoch=80/500 | active_users=2 | updated_users=1 | objective=31.796743 | sum_rate=27.649342 | r_p=1.831493 | r_c=0.758482 | r_s=0.070956 | status=running
[DL Convergence] | phase=optimize | block=1 | epoch=85/500 | active_users=2 | updated_users=1 | objective=31.762840 | sum_rate=27.619862 | r_p=1.285598 | r_c=0.543701 | r_s=0.033535 | status=running
[DL Convergence] | phase=optimize | block=1 | epoch=90/500 | active_users=2 | updated_users=1 | objective=31.927286 | sum_rate=27.762857 | r_p=0.792974 | r_c=0.384991 | r_s=0.021447 | status=running
[DL Convergence] | phase=optimize | block=1 | epoch=95/500 | active_users=2 | updated_users=1 | objective=31.966154 | sum_rate=27.796656 | r_p=0.364525 | r_c=0.174895 | r_s=0.026923 | status=running
[DL Convergence] | phase=optimize | block=1 | epoch=100/500 | active_users=2 | updated_users=1 | objective=31.990000 | sum_rate=27.817390 | r_p=0.713387 | r_c=0.345055 | r_s=0.047234 | status=running
[DL Convergence] | phase=optimize | block=1 | epoch=105/500 | active_users=2 | updated_users=1 | objective=32.069115 | sum_rate=27.886185 | r_p=0.864901 | r_c=0.468564 | r_s=0.035705 | status=running
[DL Convergence] | phase=optimize | block=1 | epoch=110/500 | active_users=2 | updated_users=1 | objective=32.215801 | sum_rate=28.013741 | r_p=0.626657 | r_c=0.327827 | r_s=0.035026 | status=running
[DL Convergence] | phase=optimize | block=1 | epoch=115/500 | active_users=2 | updated_users=1 | objective=32.209053 | sum_rate=28.007874 | r_p=0.621688 | r_c=0.364809 | r_s=0.019623 | status=running
[DL Convergence] | phase=optimize | block=1 | epoch=120/500 | active_users=2 | updated_users=1 | objective=32.159584 | sum_rate=27.964855 | r_p=0.384627 | r_c=0.229626 | r_s=0.016953 | status=running
[DL Convergence] | phase=optimize | block=1 | epoch=125/500 | active_users=2 | updated_users=1 | objective=32.263432 | sum_rate=28.055157 | r_p=0.493653 | r_c=0.276139 | r_s=0.020814 | status=running
[DL Convergence] | phase=optimize | block=1 | epoch=130/500 | active_users=2 | updated_users=1 | objective=32.328907 | sum_rate=28.112093 | r_p=0.504877 | r_c=0.318175 | r_s=0.011936 | status=running
[DL Convergence] | phase=optimize | block=1 | epoch=135/500 | active_users=2 | updated_users=1 | objective=32.348160 | sum_rate=28.128836 | r_p=0.243742 | r_c=0.155219 | r_s=0.015919 | status=running
[DL Convergence] | phase=optimize | block=1 | epoch=140/500 | active_users=2 | updated_users=1 | objective=32.260082 | sum_rate=28.052246 | r_p=0.511050 | r_c=0.300210 | r_s=0.031242 | status=running
[DL Convergence] | phase=optimize | block=1 | epoch=145/500 | active_users=2 | updated_users=1 | objective=32.351265 | sum_rate=28.131535 | r_p=0.779786 | r_c=0.521322 | r_s=0.033034 | status=running
[DL Convergence] | phase=optimize | block=1 | epoch=150/500 | active_users=2 | updated_users=1 | objective=32.254570 | sum_rate=28.047451 | r_p=0.708774 | r_c=0.438543 | r_s=0.029853 | status=running
[DL Convergence] | phase=optimize | block=1 | epoch=155/500 | active_users=2 | updated_users=1 | objective=32.296471 | sum_rate=28.083889 | r_p=0.910730 | r_c=0.645367 | r_s=0.027428 | status=running
[DL Convergence] | phase=optimize | block=1 | epoch=160/500 | active_users=2 | updated_users=1 | objective=32.204723 | sum_rate=28.004108 | r_p=0.716639 | r_c=0.466948 | r_s=0.020131 | status=running
[DL Convergence] | phase=optimize | block=1 | epoch=165/500 | active_users=2 | updated_users=1 | objective=32.313545 | sum_rate=28.098736 | r_p=0.573560 | r_c=0.427763 | r_s=0.011943 | status=running
[DL Convergence] | phase=optimize | block=1 | epoch=170/500 | active_users=2 | updated_users=1 | objective=32.287064 | sum_rate=28.075708 | r_p=0.267939 | r_c=0.182900 | r_s=0.012885 | status=running
[DL Convergence] | phase=optimize | block=1 | epoch=175/500 | active_users=2 | updated_users=1 | objective=32.272560 | sum_rate=28.063097 | r_p=0.301276 | r_c=0.206464 | r_s=0.022462 | status=running
[DL Convergence] | phase=optimize | block=1 | epoch=180/500 | active_users=2 | updated_users=1 | objective=32.356506 | sum_rate=28.136093 | r_p=0.536564 | r_c=0.418846 | r_s=0.025734 | status=running
[DL Convergence] | phase=optimize | block=1 | epoch=185/500 | active_users=2 | updated_users=1 | objective=32.234127 | sum_rate=28.029675 | r_p=0.647388 | r_c=0.461488 | r_s=0.030865 | status=running
[DL Convergence] | phase=optimize | block=1 | epoch=190/500 | active_users=2 | updated_users=1 | objective=32.353310 | sum_rate=28.133314 | r_p=0.739187 | r_c=0.601289 | r_s=0.030111 | status=running
[DL Convergence] | phase=optimize | block=1 | epoch=195/500 | active_users=2 | updated_users=1 | objective=32.266270 | sum_rate=28.057627 | r_p=0.677516 | r_c=0.505028 | r_s=0.026242 | status=running
[DL Convergence] | phase=optimize | block=1 | epoch=200/500 | active_users=2 | updated_users=1 | objective=32.356552 | sum_rate=28.136133 | r_p=0.721844 | r_c=0.613039 | r_s=0.020169 | status=running
[DL Convergence] | phase=optimize | block=1 | epoch=205/500 | active_users=2 | updated_users=1 | objective=32.269558 | sum_rate=28.060484 | r_p=0.612905 | r_c=0.475481 | r_s=0.016094 | status=running
[DL Convergence] | phase=optimize | block=1 | epoch=210/500 | active_users=2 | updated_users=1 | objective=32.377934 | sum_rate=28.154726 | r_p=0.560413 | r_c=0.494017 | r_s=0.010323 | status=running
[DL Convergence] | phase=optimize | block=1 | epoch=215/500 | active_users=2 | updated_users=1 | objective=32.335762 | sum_rate=28.118055 | r_p=0.335629 | r_c=0.269543 | r_s=0.010565 | status=running
[DL Convergence] | phase=optimize | block=1 | epoch=220/500 | active_users=2 | updated_users=1 | objective=32.389606 | sum_rate=28.164875 | r_p=0.337659 | r_c=0.309145 | r_s=0.016059 | status=running
[DL Convergence] | phase=optimize | block=1 | epoch=225/500 | active_users=2 | updated_users=1 | objective=32.352032 | sum_rate=28.132202 | r_p=0.202759 | r_c=0.169064 | r_s=0.015645 | status=running
[DL Convergence] | phase=optimize | block=1 | epoch=230/500 | active_users=2 | updated_users=1 | objective=32.355236 | sum_rate=28.134987 | r_p=0.306823 | r_c=0.292163 | r_s=0.022379 | status=running
[DL Convergence] | phase=optimize | block=1 | epoch=235/500 | active_users=2 | updated_users=1 | objective=32.348667 | sum_rate=28.129276 | r_p=0.190905 | r_c=0.164868 | r_s=0.015808 | status=running
[DL Convergence] | phase=optimize | block=1 | epoch=240/500 | active_users=2 | updated_users=1 | objective=32.325119 | sum_rate=28.108799 | r_p=0.335848 | r_c=0.332206 | r_s=0.021621 | status=running
[DL Convergence] | phase=optimize | block=1 | epoch=245/500 | active_users=2 | updated_users=1 | objective=32.333035 | sum_rate=28.115681 | r_p=0.235622 | r_c=0.210296 | r_s=0.014134 | status=running
[DL Convergence] | phase=optimize | block=1 | epoch=250/500 | active_users=2 | updated_users=1 | objective=32.295383 | sum_rate=28.082943 | r_p=0.353312 | r_c=0.361691 | r_s=0.018059 | status=running
[DL Convergence] | phase=optimize | block=1 | epoch=255/500 | active_users=2 | updated_users=1 | objective=32.317947 | sum_rate=28.102562 | r_p=0.221732 | r_c=0.203590 | r_s=0.012437 | status=running
[DL Convergence] | phase=optimize | block=1 | epoch=260/500 | active_users=2 | updated_users=1 | objective=32.280754 | sum_rate=28.070221 | r_p=0.284070 | r_c=0.299705 | r_s=0.016729 | status=running
[DL Convergence] | phase=optimize | block=1 | epoch=265/500 | active_users=2 | updated_users=1 | objective=32.324589 | sum_rate=28.108337 | r_p=0.240228 | r_c=0.254132 | r_s=0.014488 | status=running
[DL Convergence] | phase=optimize | block=1 | epoch=270/500 | active_users=2 | updated_users=1 | objective=32.272392 | sum_rate=28.062950 | r_p=0.223551 | r_c=0.210835 | r_s=0.022996 | status=running
[DL Convergence] | phase=optimize | block=1 | epoch=275/500 | active_users=2 | updated_users=1 | objective=32.359451 | sum_rate=28.138655 | r_p=0.277542 | r_c=0.302171 | r_s=0.018391 | status=running
[DL Convergence] | phase=optimize | block=1 | epoch=280/500 | active_users=2 | updated_users=1 | objective=32.294880 | sum_rate=28.082504 | r_p=0.235157 | r_c=0.264215 | r_s=0.025553 | status=running
[DL Convergence] | phase=optimize | block=1 | epoch=285/500 | active_users=2 | updated_users=1 | objective=32.386238 | sum_rate=28.161945 | r_p=0.192060 | r_c=0.191986 | r_s=0.017690 | status=running
[DL Convergence] | phase=optimize | block=1 | epoch=290/500 | active_users=2 | updated_users=1 | objective=32.335964 | sum_rate=28.118229 | r_p=0.433454 | r_c=0.501257 | r_s=0.013945 | status=running
[DL Convergence] | phase=optimize | block=1 | epoch=295/500 | active_users=2 | updated_users=1 | objective=32.223602 | sum_rate=28.020523 | r_p=0.714115 | r_c=0.737426 | r_s=0.008683 | status=running
[DL Convergence] | phase=optimize | block=1 | epoch=300/500 | active_users=2 | updated_users=1 | objective=32.205513 | sum_rate=28.004793 | r_p=1.009086 | r_c=1.200351 | r_s=0.016367 | status=running
[DL Convergence] | phase=optimize | block=1 | epoch=305/500 | active_users=2 | updated_users=1 | objective=31.978069 | sum_rate=27.807016 | r_p=1.194154 | r_c=1.270628 | r_s=0.023563 | status=running
[DL Convergence] | phase=optimize | block=1 | epoch=310/500 | active_users=2 | updated_users=1 | objective=32.090557 | sum_rate=27.904833 | r_p=1.368799 | r_c=1.673864 | r_s=0.046389 | status=running
[DL Convergence] | phase=optimize | block=1 | epoch=315/500 | active_users=2 | updated_users=1 | objective=32.184227 | sum_rate=27.986284 | r_p=0.919281 | r_c=1.009713 | r_s=0.042478 | status=running
[DL Convergence] | phase=optimize | block=1 | epoch=320/500 | active_users=2 | updated_users=1 | objective=32.330856 | sum_rate=28.113789 | r_p=0.801771 | r_c=1.014038 | r_s=0.039054 | status=running
[DL Convergence] | phase=optimize | block=1 | epoch=325/500 | active_users=2 | updated_users=1 | objective=32.081604 | sum_rate=27.897045 | r_p=0.478555 | r_c=0.544752 | r_s=0.034530 | status=running
[DL Convergence] | phase=optimize | block=1 | epoch=330/500 | active_users=2 | updated_users=1 | objective=32.264847 | sum_rate=28.056389 | r_p=0.242812 | r_c=0.285534 | r_s=0.017787 | status=running
[DL Convergence] | phase=optimize | block=1 | epoch=335/500 | active_users=2 | updated_users=1 | objective=31.928638 | sum_rate=27.764032 | r_p=0.575459 | r_c=0.773410 | r_s=0.011416 | status=running
[DL Convergence] | phase=optimize | block=1 | epoch=340/500 | active_users=2 | updated_users=1 | objective=32.013023 | sum_rate=27.837412 | r_p=0.758742 | r_c=0.910025 | r_s=0.013752 | status=running
[DL Convergence] | phase=optimize | block=1 | epoch=345/500 | active_users=2 | updated_users=1 | objective=32.196556 | sum_rate=27.997004 | r_p=0.718607 | r_c=0.984119 | r_s=0.018297 | status=running
[DL Convergence] | phase=optimize | block=1 | epoch=350/500 | active_users=2 | updated_users=1 | objective=32.333061 | sum_rate=28.115704 | r_p=0.364882 | r_c=0.445693 | r_s=0.020960 | status=running
[DL Convergence] | phase=optimize | block=1 | epoch=355/500 | active_users=2 | updated_users=1 | objective=32.403866 | sum_rate=28.177275 | r_p=0.407247 | r_c=0.568310 | r_s=0.013920 | status=running
[DL Convergence] | phase=optimize | block=1 | epoch=360/500 | active_users=2 | updated_users=1 | objective=32.363503 | sum_rate=28.142176 | r_p=0.273894 | r_c=0.340038 | r_s=0.011117 | status=running
[DL Convergence] | phase=optimize | block=1 | epoch=365/500 | active_users=2 | updated_users=1 | objective=32.398659 | sum_rate=28.172745 | r_p=0.253283 | r_c=0.357414 | r_s=0.008201 | status=running
[DL Convergence] | phase=optimize | block=1 | epoch=370/500 | active_users=2 | updated_users=1 | objective=32.386444 | sum_rate=28.162125 | r_p=0.180037 | r_c=0.225978 | r_s=0.006068 | status=running
[DL Convergence] | phase=optimize | block=1 | epoch=375/500 | active_users=2 | updated_users=1 | objective=32.401176 | sum_rate=28.174934 | r_p=0.160571 | r_c=0.229268 | r_s=0.003538 | status=running
[DL Convergence] | phase=optimize | block=1 | epoch=380/500 | active_users=2 | updated_users=1 | objective=32.392929 | sum_rate=28.167763 | r_p=0.156173 | r_c=0.197831 | r_s=0.004103 | status=running
[DL Convergence] | phase=optimize | block=1 | epoch=385/500 | active_users=2 | updated_users=1 | objective=32.401558 | sum_rate=28.175266 | r_p=0.159184 | r_c=0.203267 | r_s=0.002692 | status=running
[DL Convergence] | phase=optimize | block=1 | epoch=390/500 | active_users=2 | updated_users=1 | objective=32.413918 | sum_rate=28.186016 | r_p=0.162314 | r_c=0.235713 | r_s=0.003516 | status=running
[DL Convergence] | phase=optimize | block=1 | epoch=395/500 | active_users=2 | updated_users=1 | objective=32.410831 | sum_rate=28.183331 | r_p=0.166971 | r_c=0.215175 | r_s=0.002714 | status=running
[DL Convergence] | phase=optimize | block=1 | epoch=400/500 | active_users=2 | updated_users=1 | objective=32.421650 | sum_rate=28.192738 | r_p=0.143787 | r_c=0.210745 | r_s=0.003264 | status=running
[DL Convergence] | phase=optimize | block=1 | epoch=405/500 | active_users=2 | updated_users=1 | objective=32.421600 | sum_rate=28.192698 | r_p=0.132559 | r_c=0.185151 | r_s=0.002649 | status=running
[DL Convergence] | phase=optimize | block=1 | epoch=410/500 | active_users=2 | updated_users=1 | objective=32.422272 | sum_rate=28.193281 | r_p=0.129997 | r_c=0.189292 | r_s=0.003801 | status=running
[DL Convergence] | phase=optimize | block=1 | epoch=415/500 | active_users=2 | updated_users=1 | objective=32.421124 | sum_rate=28.192282 | r_p=0.145665 | r_c=0.191403 | r_s=0.002770 | status=running
[DL Convergence] | phase=optimize | block=1 | epoch=420/500 | active_users=2 | updated_users=1 | objective=32.426697 | sum_rate=28.197126 | r_p=0.162026 | r_c=0.242053 | r_s=0.003432 | status=running
[DL Convergence] | phase=optimize | block=1 | epoch=425/500 | active_users=2 | updated_users=1 | objective=32.415699 | sum_rate=28.187563 | r_p=0.181226 | r_c=0.240306 | r_s=0.002137 | status=running
[DL Convergence] | phase=optimize | block=1 | epoch=430/500 | active_users=2 | updated_users=1 | objective=32.429031 | sum_rate=28.199156 | r_p=0.180508 | r_c=0.272051 | r_s=0.002515 | status=running
[DL Convergence] | phase=optimize | block=1 | epoch=435/500 | active_users=2 | updated_users=1 | objective=32.415321 | sum_rate=28.187237 | r_p=0.185654 | r_c=0.248324 | r_s=0.001914 | status=running
[DL Convergence] | phase=optimize | block=1 | epoch=440/500 | active_users=2 | updated_users=1 | objective=32.435352 | sum_rate=28.204655 | r_p=0.225642 | r_c=0.343206 | r_s=0.002635 | status=running
[DL Convergence] | phase=optimize | block=1 | epoch=445/500 | active_users=2 | updated_users=1 | objective=32.406624 | sum_rate=28.179674 | r_p=0.237364 | r_c=0.320278 | r_s=0.002850 | status=running
[DL Convergence] | phase=optimize | block=1 | epoch=450/500 | active_users=2 | updated_users=1 | objective=32.437023 | sum_rate=28.206106 | r_p=0.242489 | r_c=0.371907 | r_s=0.003621 | status=running
[DL Convergence] | phase=optimize | block=1 | epoch=455/500 | active_users=2 | updated_users=1 | objective=32.411358 | sum_rate=28.183790 | r_p=0.212192 | r_c=0.288768 | r_s=0.003250 | status=running
[DL Convergence] | phase=optimize | block=1 | epoch=460/500 | active_users=2 | updated_users=1 | objective=32.441574 | sum_rate=28.210066 | r_p=0.273423 | r_c=0.423044 | r_s=0.005357 | status=running
[DL Convergence] | phase=optimize | block=1 | epoch=465/500 | active_users=2 | updated_users=1 | objective=32.407238 | sum_rate=28.180206 | r_p=0.241610 | r_c=0.331673 | r_s=0.004284 | status=running
[DL Convergence] | phase=optimize | block=1 | epoch=470/500 | active_users=2 | updated_users=1 | objective=32.442223 | sum_rate=28.210627 | r_p=0.279621 | r_c=0.436259 | r_s=0.006382 | status=running
[DL Convergence] | phase=optimize | block=1 | epoch=475/500 | active_users=2 | updated_users=1 | objective=32.410847 | sum_rate=28.183344 | r_p=0.221656 | r_c=0.306968 | r_s=0.004471 | status=running
[DL Convergence] | phase=optimize | block=1 | epoch=480/500 | active_users=2 | updated_users=1 | objective=32.439720 | sum_rate=28.208452 | r_p=0.248000 | r_c=0.390310 | r_s=0.005577 | status=running
[DL Convergence] | phase=optimize | block=1 | epoch=485/500 | active_users=2 | updated_users=1 | objective=32.414566 | sum_rate=28.186579 | r_p=0.197893 | r_c=0.276645 | r_s=0.003374 | status=running
[DL Convergence] | phase=optimize | block=1 | epoch=490/500 | active_users=2 | updated_users=1 | objective=32.439678 | sum_rate=28.208416 | r_p=0.250765 | r_c=0.398205 | r_s=0.004700 | status=running
[DL Convergence] | phase=optimize | block=1 | epoch=495/500 | active_users=2 | updated_users=1 | objective=32.408215 | sum_rate=28.181055 | r_p=0.231992 | r_c=0.327305 | r_s=0.003450 | status=running
[DL Convergence] | phase=optimize | block=1 | epoch=500/500 | active_users=2 | updated_users=1 | objective=32.433193 | sum_rate=28.202778 | r_p=0.207744 | r_c=0.332642 | r_s=0.003311 | status=running
  user=02 block=01 candidate n_kl=  44 after updating users [2] still leaves committed users infeasible [1, 2] after re-optimization; stopping further n_kl reduction for this user in this block.
[DL Convergence Allocation] | user=0 | block=1 | status=zero_service | target_bits=200 | n_kl=50
[DL Convergence Allocation] | user=1 | block=1 | target_bits=400 | served_bits=400 | unserved_bits=0 | n_kl=27 | achieved_rate=14.878594 | status=full
[DL Convergence Allocation] | user=2 | block=1 | target_bits=600 | served_bits=600 | unserved_bits=0 | n_kl=45 | achieved_rate=13.360766 | status=full
[DL Convergence Block] | block=1 | status=complete | served_bits=1000 | unserved_bits=200
[DL Convergence Block] | block=2 | active_users=3 | target_bits=1200 | objective=blended_network_rate
[DL Convergence] | phase=optimize | block=2 | epoch=1/500 | active_users=3 | updated_users=3 | objective=9.649754 | sum_rate=8.391090 | r_p=4.051502 | r_c=0.405150 | r_s=1.111856 | status=running
[DL Convergence] | phase=optimize | block=2 | epoch=5/500 | active_users=3 | updated_users=3 | objective=17.544285 | sum_rate=15.255900 | r_p=4.025110 | r_c=1.067767 | r_s=0.507618 | status=running
[DL Convergence] | phase=optimize | block=2 | epoch=10/500 | active_users=3 | updated_users=3 | objective=23.683409 | sum_rate=20.594269 | r_p=4.015056 | r_c=1.871732 | r_s=0.285522 | status=running
[DL Convergence] | phase=optimize | block=2 | epoch=15/500 | active_users=3 | updated_users=3 | objective=28.382315 | sum_rate=24.680273 | r_p=4.020270 | r_c=2.682520 | r_s=0.208733 | status=running
[DL Convergence] | phase=optimize | block=2 | epoch=20/500 | active_users=3 | updated_users=3 | objective=31.717031 | sum_rate=27.580027 | r_p=4.022527 | r_c=3.493760 | r_s=0.269169 | status=running
[DL Convergence] | phase=optimize | block=2 | epoch=25/500 | active_users=3 | updated_users=3 | objective=33.157513 | sum_rate=28.832619 | r_p=4.009721 | r_c=4.287577 | r_s=0.119258 | status=running
[DL Convergence] | phase=optimize | block=2 | epoch=30/500 | active_users=3 | updated_users=3 | objective=34.072353 | sum_rate=29.628132 | r_p=4.014387 | r_c=5.097399 | r_s=0.224842 | status=running
[DL Convergence] | phase=optimize | block=2 | epoch=35/500 | active_users=3 | updated_users=3 | objective=35.054802 | sum_rate=30.482437 | r_p=4.009106 | r_c=5.894838 | r_s=0.209374 | status=running
[DL Convergence] | phase=optimize | block=2 | epoch=40/500 | active_users=3 | updated_users=3 | objective=35.105751 | sum_rate=30.526741 | r_p=4.007411 | r_c=6.695497 | r_s=0.125758 | status=running
[DL Convergence] | phase=optimize | block=2 | epoch=45/500 | active_users=3 | updated_users=3 | objective=35.345039 | sum_rate=30.734816 | r_p=4.008270 | r_c=7.500280 | r_s=0.102561 | status=running
[DL Convergence] | phase=optimize | block=2 | epoch=50/500 | active_users=3 | updated_users=3 | objective=35.399467 | sum_rate=30.782146 | r_p=4.010586 | r_c=8.308580 | r_s=0.263329 | status=running
[DL Convergence] | phase=optimize | block=2 | epoch=55/500 | active_users=3 | updated_users=3 | objective=35.481754 | sum_rate=30.853699 | r_p=4.004382 | r_c=9.098263 | r_s=0.075815 | status=running
[DL Convergence] | phase=optimize | block=2 | epoch=60/500 | active_users=3 | updated_users=3 | objective=35.512196 | sum_rate=30.880169 | r_p=4.006191 | r_c=9.905185 | r_s=0.196081 | status=running
[DL Convergence] | phase=optimize | block=2 | epoch=65/500 | active_users=3 | updated_users=3 | objective=35.550499 | sum_rate=30.913479 | r_p=4.006623 | r_c=10.708915 | r_s=0.031335 | status=running
[DL Convergence] | phase=optimize | block=2 | epoch=70/500 | active_users=3 | updated_users=3 | objective=35.566269 | sum_rate=30.927189 | r_p=4.007488 | r_c=11.514034 | r_s=0.203107 | status=running
[DL Convergence] | phase=optimize | block=2 | epoch=75/500 | active_users=3 | updated_users=3 | objective=35.588577 | sum_rate=30.946590 | r_p=4.005743 | r_c=12.311354 | r_s=0.051624 | status=running
[DL Convergence] | phase=optimize | block=2 | epoch=80/500 | active_users=3 | updated_users=3 | objective=35.601311 | sum_rate=30.957661 | r_p=4.005070 | r_c=13.111561 | r_s=0.169504 | status=running
[DL Convergence] | phase=optimize | block=2 | epoch=85/500 | active_users=3 | updated_users=3 | objective=35.610626 | sum_rate=30.965763 | r_p=4.005099 | r_c=13.913726 | r_s=0.049607 | status=running
[DL Convergence] | phase=optimize | block=2 | epoch=90/500 | active_users=3 | updated_users=3 | objective=35.617615 | sum_rate=30.971840 | r_p=4.004498 | r_c=14.713580 | r_s=0.133676 | status=running
[DL Convergence] | phase=optimize | block=2 | epoch=95/500 | active_users=3 | updated_users=3 | objective=35.624454 | sum_rate=30.977787 | r_p=4.003254 | r_c=15.510522 | r_s=0.039384 | status=running
[DL Convergence] | phase=optimize | block=2 | epoch=100/500 | active_users=3 | updated_users=3 | objective=35.625492 | sum_rate=30.978689 | r_p=4.005274 | r_c=16.320519 | r_s=0.029771 | status=running
[DL Convergence] | phase=optimize | block=2 | epoch=105/500 | active_users=3 | updated_users=3 | objective=35.631248 | sum_rate=30.983694 | r_p=4.003193 | r_c=17.113682 | r_s=0.071757 | status=running
[DL Convergence] | phase=optimize | block=2 | epoch=110/500 | active_users=3 | updated_users=3 | objective=35.632236 | sum_rate=30.984554 | r_p=4.003761 | r_c=17.917872 | r_s=0.090669 | status=running
[DL Convergence] | phase=optimize | block=2 | epoch=115/500 | active_users=3 | updated_users=3 | objective=35.633289 | sum_rate=30.985470 | r_p=4.004377 | r_c=18.722457 | r_s=0.096745 | status=running
[DL Convergence] | phase=optimize | block=2 | epoch=120/500 | active_users=3 | updated_users=3 | objective=35.633244 | sum_rate=30.985428 | r_p=4.005109 | r_c=19.527815 | r_s=0.111200 | status=running
[DL Convergence] | phase=optimize | block=2 | epoch=125/500 | active_users=3 | updated_users=3 | objective=35.635601 | sum_rate=30.987480 | r_p=4.003900 | r_c=20.323623 | r_s=0.087149 | status=running
[DL Convergence] | phase=optimize | block=2 | epoch=130/500 | active_users=3 | updated_users=3 | objective=35.635555 | sum_rate=30.987440 | r_p=4.004356 | r_c=21.127770 | r_s=0.099287 | status=running
[DL Convergence] | phase=optimize | block=2 | epoch=135/500 | active_users=3 | updated_users=3 | objective=35.636604 | sum_rate=30.988350 | r_p=4.003833 | r_c=21.926624 | r_s=0.043877 | status=running
[DL Convergence] | phase=optimize | block=2 | epoch=140/500 | active_users=3 | updated_users=3 | objective=35.636200 | sum_rate=30.987999 | r_p=4.004359 | r_c=22.731241 | r_s=0.090237 | status=running
[DL Convergence] | phase=optimize | block=2 | epoch=145/500 | active_users=3 | updated_users=3 | objective=35.637226 | sum_rate=30.988892 | r_p=4.003738 | r_c=23.529321 | r_s=0.053540 | status=running
[DL Convergence] | phase=optimize | block=2 | epoch=150/500 | active_users=3 | updated_users=3 | objective=35.636742 | sum_rate=30.988470 | r_p=4.004190 | r_c=24.333573 | r_s=0.084161 | status=running
[DL Convergence] | phase=optimize | block=2 | epoch=155/500 | active_users=3 | updated_users=3 | objective=35.637791 | sum_rate=30.989384 | r_p=4.003398 | r_c=25.130206 | r_s=0.036821 | status=running
[DL Convergence] | phase=optimize | block=2 | epoch=160/500 | active_users=3 | updated_users=3 | objective=35.637173 | sum_rate=30.988846 | r_p=4.004016 | r_c=25.935607 | r_s=0.089834 | status=running
[DL Convergence] | phase=optimize | block=2 | epoch=165/500 | active_users=3 | updated_users=3 | objective=35.637703 | sum_rate=30.989307 | r_p=4.003627 | r_c=26.734549 | r_s=0.042357 | status=running
[DL Convergence] | phase=optimize | block=2 | epoch=170/500 | active_users=3 | updated_users=3 | objective=35.638012 | sum_rate=30.989574 | r_p=4.003462 | r_c=27.534844 | r_s=0.079405 | status=running
[DL Convergence] | phase=optimize | block=2 | epoch=175/500 | active_users=3 | updated_users=3 | objective=35.638218 | sum_rate=30.989754 | r_p=4.003298 | r_c=28.335060 | r_s=0.042746 | status=running
[DL Convergence] | phase=optimize | block=2 | epoch=180/500 | active_users=3 | updated_users=3 | objective=35.638954 | sum_rate=30.990396 | r_p=4.002688 | r_c=29.132055 | r_s=0.099505 | status=running
[DL Convergence] | phase=optimize | block=2 | epoch=185/500 | active_users=3 | updated_users=3 | objective=35.638988 | sum_rate=30.990425 | r_p=4.002734 | r_c=29.933608 | r_s=0.100025 | status=running
[DL Convergence] | phase=optimize | block=2 | epoch=190/500 | active_users=3 | updated_users=3 | objective=35.639343 | sum_rate=30.990732 | r_p=4.002574 | r_c=30.733569 | r_s=0.055654 | status=running
[DL Convergence] | phase=optimize | block=2 | epoch=195/500 | active_users=3 | updated_users=3 | objective=35.638580 | sum_rate=30.990068 | r_p=4.003440 | r_c=31.541565 | r_s=0.087814 | status=running
[DL Convergence] | phase=optimize | block=2 | epoch=200/500 | active_users=3 | updated_users=3 | objective=35.638992 | sum_rate=30.990429 | r_p=4.003007 | r_c=32.339442 | r_s=0.118746 | status=running
[DL Convergence] | phase=optimize | block=2 | epoch=205/500 | active_users=3 | updated_users=3 | objective=35.637791 | sum_rate=30.989382 | r_p=4.003963 | r_c=33.148543 | r_s=0.100760 | status=running
[DL Convergence] | phase=optimize | block=2 | epoch=210/500 | active_users=3 | updated_users=3 | objective=35.638584 | sum_rate=30.990074 | r_p=4.003594 | r_c=33.946853 | r_s=0.089042 | status=running
[DL Convergence] | phase=optimize | block=2 | epoch=215/500 | active_users=3 | updated_users=3 | objective=35.639023 | sum_rate=30.990454 | r_p=4.003055 | r_c=34.743501 | r_s=0.065735 | status=running
[DL Convergence] | phase=optimize | block=2 | epoch=220/500 | active_users=3 | updated_users=3 | objective=35.636261 | sum_rate=30.988054 | r_p=4.005485 | r_c=35.566337 | r_s=0.122187 | status=running
[DL Convergence] | phase=optimize | block=2 | epoch=225/500 | active_users=3 | updated_users=3 | objective=35.636703 | sum_rate=30.988438 | r_p=4.004964 | r_c=36.363722 | r_s=0.070562 | status=running
[DL Convergence] | phase=optimize | block=2 | epoch=230/500 | active_users=3 | updated_users=3 | objective=35.638493 | sum_rate=30.989992 | r_p=4.003161 | r_c=37.148875 | r_s=0.062410 | status=running
[DL Convergence] | phase=optimize | block=2 | epoch=235/500 | active_users=3 | updated_users=3 | objective=35.637470 | sum_rate=30.989105 | r_p=4.003811 | r_c=37.956575 | r_s=0.100721 | status=running
[DL Convergence] | phase=optimize | block=2 | epoch=240/500 | active_users=3 | updated_users=3 | objective=35.635548 | sum_rate=30.987432 | r_p=4.005185 | r_c=38.771420 | r_s=0.120029 | status=running
[DL Convergence] | phase=optimize | block=2 | epoch=245/500 | active_users=3 | updated_users=3 | objective=35.637878 | sum_rate=30.989460 | r_p=4.003258 | r_c=39.554301 | r_s=0.077944 | status=running
[DL Convergence] | phase=optimize | block=2 | epoch=250/500 | active_users=3 | updated_users=3 | objective=35.635563 | sum_rate=30.987446 | r_p=4.005316 | r_c=40.376439 | r_s=0.101003 | status=running
[DL Convergence] | phase=optimize | block=2 | epoch=255/500 | active_users=3 | updated_users=3 | objective=35.635689 | sum_rate=30.987556 | r_p=4.005421 | r_c=41.179518 | r_s=0.114952 | status=running
[DL Convergence] | phase=optimize | block=2 | epoch=260/500 | active_users=3 | updated_users=3 | objective=35.636387 | sum_rate=30.988163 | r_p=4.004567 | r_c=41.972590 | r_s=0.064708 | status=running
[DL Convergence] | phase=optimize | block=2 | epoch=265/500 | active_users=3 | updated_users=3 | objective=35.638248 | sum_rate=30.989780 | r_p=4.002892 | r_c=42.756436 | r_s=0.044660 | status=running
[DL Convergence] | phase=optimize | block=2 | epoch=270/500 | active_users=3 | updated_users=3 | objective=35.636818 | sum_rate=30.988537 | r_p=4.003895 | r_c=43.568793 | r_s=0.081679 | status=running
[DL Convergence] | phase=optimize | block=2 | epoch=275/500 | active_users=3 | updated_users=3 | objective=35.635235 | sum_rate=30.987160 | r_p=4.004963 | r_c=44.382095 | r_s=0.104765 | status=running
[DL Convergence] | phase=optimize | block=2 | epoch=280/500 | active_users=3 | updated_users=3 | objective=35.636688 | sum_rate=30.988424 | r_p=4.003852 | r_c=45.171455 | r_s=0.055766 | status=running
[DL Convergence] | phase=optimize | block=2 | epoch=285/500 | active_users=3 | updated_users=3 | objective=35.637772 | sum_rate=30.989365 | r_p=4.002961 | r_c=45.962730 | r_s=0.055918 | status=running
[DL Convergence] | phase=optimize | block=2 | epoch=290/500 | active_users=3 | updated_users=3 | objective=35.636959 | sum_rate=30.988659 | r_p=4.003660 | r_c=46.772342 | r_s=0.065366 | status=running
[DL Convergence] | phase=optimize | block=2 | epoch=295/500 | active_users=3 | updated_users=3 | objective=35.638031 | sum_rate=30.989592 | r_p=4.002807 | r_c=47.563629 | r_s=0.066350 | status=running
[DL Convergence] | phase=optimize | block=2 | epoch=300/500 | active_users=3 | updated_users=3 | objective=35.636131 | sum_rate=30.987942 | r_p=4.004495 | r_c=48.385177 | r_s=0.083245 | status=running
[DL Convergence] | phase=optimize | block=2 | epoch=305/500 | active_users=3 | updated_users=3 | objective=35.635509 | sum_rate=30.987400 | r_p=4.005060 | r_c=49.193763 | r_s=0.102513 | status=running
[DL Convergence] | phase=optimize | block=2 | epoch=310/500 | active_users=3 | updated_users=3 | objective=35.636986 | sum_rate=30.988684 | r_p=4.003856 | r_c=49.980589 | r_s=0.058519 | status=running
[DL Convergence] | phase=optimize | block=2 | epoch=315/500 | active_users=3 | updated_users=3 | objective=35.637535 | sum_rate=30.989162 | r_p=4.003377 | r_c=50.775993 | r_s=0.077025 | status=running
[DL Convergence] | phase=optimize | block=2 | epoch=320/500 | active_users=3 | updated_users=3 | objective=35.635853 | sum_rate=30.987698 | r_p=4.005005 | r_c=51.598294 | r_s=0.090716 | status=running
[DL Convergence] | phase=optimize | block=2 | epoch=325/500 | active_users=3 | updated_users=3 | objective=35.637554 | sum_rate=30.989178 | r_p=4.003417 | r_c=52.379331 | r_s=0.066747 | status=running
[DL Convergence] | phase=optimize | block=2 | epoch=330/500 | active_users=3 | updated_users=3 | objective=35.637726 | sum_rate=30.989326 | r_p=4.003253 | r_c=53.178501 | r_s=0.045260 | status=running
[DL Convergence] | phase=optimize | block=2 | epoch=335/500 | active_users=3 | updated_users=3 | objective=35.638855 | sum_rate=30.990307 | r_p=4.002353 | r_c=53.967695 | r_s=0.038189 | status=running
[DL Convergence] | phase=optimize | block=2 | epoch=340/500 | active_users=3 | updated_users=3 | objective=35.637268 | sum_rate=30.988928 | r_p=4.003753 | r_c=54.788149 | r_s=0.067871 | status=running
[DL Convergence] | phase=optimize | block=2 | epoch=345/500 | active_users=3 | updated_users=3 | objective=35.635361 | sum_rate=30.987268 | r_p=4.005352 | r_c=55.611910 | r_s=0.046733 | status=running
[DL Convergence] | phase=optimize | block=2 | epoch=350/500 | active_users=3 | updated_users=3 | objective=35.636841 | sum_rate=30.988556 | r_p=4.003962 | r_c=56.394242 | r_s=0.085121 | status=running
[DL Convergence] | phase=optimize | block=2 | epoch=355/500 | active_users=3 | updated_users=3 | objective=35.637585 | sum_rate=30.989204 | r_p=4.003423 | r_c=57.187992 | r_s=0.057889 | status=running
[DL Convergence] | phase=optimize | block=2 | epoch=360/500 | active_users=3 | updated_users=3 | objective=35.636181 | sum_rate=30.987984 | r_p=4.004744 | r_c=58.008559 | r_s=0.098686 | status=running
[DL Convergence] | phase=optimize | block=2 | epoch=365/500 | active_users=3 | updated_users=3 | objective=35.636963 | sum_rate=30.988663 | r_p=4.003839 | r_c=58.797142 | r_s=0.095789 | status=running
[DL Convergence] | phase=optimize | block=2 | epoch=370/500 | active_users=3 | updated_users=3 | objective=35.637550 | sum_rate=30.989176 | r_p=4.003429 | r_c=59.592530 | r_s=0.080054 | status=running
[DL Convergence] | phase=optimize | block=2 | epoch=375/500 | active_users=3 | updated_users=3 | objective=35.636463 | sum_rate=30.988228 | r_p=4.004477 | r_c=60.409602 | r_s=0.080246 | status=running
[DL Convergence] | phase=optimize | block=2 | epoch=380/500 | active_users=3 | updated_users=3 | objective=35.636257 | sum_rate=30.988049 | r_p=4.004388 | r_c=61.209975 | r_s=0.106785 | status=running
[DL Convergence] | phase=optimize | block=2 | epoch=385/500 | active_users=3 | updated_users=3 | objective=35.636513 | sum_rate=30.988274 | r_p=4.004457 | r_c=62.012694 | r_s=0.102697 | status=running
[DL Convergence] | phase=optimize | block=2 | epoch=390/500 | active_users=3 | updated_users=3 | objective=35.635277 | sum_rate=30.987198 | r_p=4.005255 | r_c=62.827027 | r_s=0.087364 | status=running
[DL Convergence] | phase=optimize | block=2 | epoch=395/500 | active_users=3 | updated_users=3 | objective=35.635796 | sum_rate=30.987648 | r_p=4.004411 | r_c=63.615604 | r_s=0.096663 | status=running
[DL Convergence] | phase=optimize | block=2 | epoch=400/500 | active_users=3 | updated_users=3 | objective=35.634407 | sum_rate=30.986443 | r_p=4.005167 | r_c=64.429518 | r_s=0.104512 | status=running
[DL Convergence] | phase=optimize | block=2 | epoch=405/500 | active_users=3 | updated_users=3 | objective=35.634945 | sum_rate=30.986908 | r_p=4.005039 | r_c=65.229473 | r_s=0.113475 | status=running
[DL Convergence] | phase=optimize | block=2 | epoch=410/500 | active_users=3 | updated_users=3 | objective=35.637787 | sum_rate=30.989380 | r_p=4.002294 | r_c=65.986065 | r_s=0.057425 | status=running
[DL Convergence] | phase=optimize | block=2 | epoch=415/500 | active_users=3 | updated_users=3 | objective=35.635876 | sum_rate=30.987717 | r_p=4.004153 | r_c=66.818385 | r_s=0.082369 | status=running
[DL Convergence] | phase=optimize | block=2 | epoch=420/500 | active_users=3 | updated_users=3 | objective=35.634808 | sum_rate=30.986790 | r_p=4.004838 | r_c=67.631637 | r_s=0.030900 | status=running
[DL Convergence] | phase=optimize | block=2 | epoch=425/500 | active_users=3 | updated_users=3 | objective=35.636570 | sum_rate=30.988321 | r_p=4.003102 | r_c=68.403759 | r_s=0.062570 | status=running
[DL Convergence] | phase=optimize | block=2 | epoch=430/500 | active_users=3 | updated_users=3 | objective=35.635845 | sum_rate=30.987690 | r_p=4.003796 | r_c=69.217060 | r_s=0.040024 | status=running
[DL Convergence] | phase=optimize | block=2 | epoch=435/500 | active_users=3 | updated_users=3 | objective=35.637032 | sum_rate=30.988724 | r_p=4.002549 | r_c=69.996795 | r_s=0.050390 | status=running
[DL Convergence] | phase=optimize | block=2 | epoch=440/500 | active_users=3 | updated_users=3 | objective=35.635685 | sum_rate=30.987553 | r_p=4.004107 | r_c=70.825616 | r_s=0.076879 | status=running
[DL Convergence] | phase=optimize | block=2 | epoch=445/500 | active_users=3 | updated_users=3 | objective=35.636833 | sum_rate=30.988552 | r_p=4.003031 | r_c=71.607943 | r_s=0.037817 | status=running
[DL Convergence] | phase=optimize | block=2 | epoch=450/500 | active_users=3 | updated_users=3 | objective=35.636925 | sum_rate=30.988628 | r_p=4.002810 | r_c=72.405364 | r_s=0.066297 | status=running
[DL Convergence] | phase=optimize | block=2 | epoch=455/500 | active_users=3 | updated_users=3 | objective=35.635742 | sum_rate=30.987602 | r_p=4.003849 | r_c=73.225651 | r_s=0.079167 | status=running
[DL Convergence] | phase=optimize | block=2 | epoch=460/500 | active_users=3 | updated_users=3 | objective=35.635002 | sum_rate=30.986958 | r_p=4.004344 | r_c=74.036284 | r_s=0.075861 | status=running
[DL Convergence] | phase=optimize | block=2 | epoch=465/500 | active_users=3 | updated_users=3 | objective=35.636734 | sum_rate=30.988464 | r_p=4.003151 | r_c=74.815624 | r_s=0.052642 | status=running
[DL Convergence] | phase=optimize | block=2 | epoch=470/500 | active_users=3 | updated_users=3 | objective=35.636639 | sum_rate=30.988380 | r_p=4.003540 | r_c=75.624256 | r_s=0.068044 | status=running
[DL Convergence] | phase=optimize | block=2 | epoch=475/500 | active_users=3 | updated_users=3 | objective=35.636753 | sum_rate=30.988480 | r_p=4.003500 | r_c=76.424785 | r_s=0.060480 | status=running
[DL Convergence] | phase=optimize | block=2 | epoch=480/500 | active_users=3 | updated_users=3 | objective=35.636898 | sum_rate=30.988607 | r_p=4.003525 | r_c=77.226630 | r_s=0.029430 | status=running
[DL Convergence] | phase=optimize | block=2 | epoch=485/500 | active_users=3 | updated_users=3 | objective=35.638577 | sum_rate=30.990067 | r_p=4.002278 | r_c=78.003636 | r_s=0.035173 | status=running
[DL Convergence] | phase=optimize | block=2 | epoch=490/500 | active_users=3 | updated_users=3 | objective=35.638206 | sum_rate=30.989746 | r_p=4.002426 | r_c=78.807642 | r_s=0.065852 | status=running
[DL Convergence] | phase=optimize | block=2 | epoch=495/500 | active_users=3 | updated_users=3 | objective=35.637302 | sum_rate=30.988958 | r_p=4.003520 | r_c=79.630450 | r_s=0.082628 | status=running
[DL Convergence] | phase=optimize | block=2 | epoch=500/500 | active_users=3 | updated_users=3 | objective=35.638309 | sum_rate=30.989834 | r_p=4.002551 | r_c=80.412276 | r_s=0.052375 | status=running
  fixed-target block=02 zero-service users [0]; re-optimizing remaining transmitters.
[DL Convergence] | phase=optimize | block=2 | epoch=1/500 | active_users=2 | updated_users=2 | objective=35.643181 | sum_rate=30.994072 | r_p=0.000000 | r_c=0.000000 | r_s=4.035126e-04 | status=kkt_converged
[DL Convergence Reduction] | block=2 | epoch=1 | users=[1, 2]
  user=01 block=02 accepted smaller n_kl=  59 without fresh re-optimization.
  user=02 block=02 accepted smaller n_kl=  79 without fresh re-optimization.
[DL Convergence Reduction] | block=2 | epoch=2 | users=[2, 1]
  user=02 block=02 accepted smaller n_kl=  78 without fresh re-optimization.
  user=01 block=02 accepted smaller n_kl=  58 without fresh re-optimization.
[DL Convergence Reduction] | block=2 | epoch=3 | users=[1, 2]
  user=01 block=02 accepted smaller n_kl=  57 without fresh re-optimization.
  user=02 block=02 accepted smaller n_kl=  77 without fresh re-optimization.
[DL Convergence Reduction] | block=2 | epoch=4 | users=[2, 1]
  user=02 block=02 accepted smaller n_kl=  76 without fresh re-optimization.
  user=01 block=02 accepted smaller n_kl=  56 without fresh re-optimization.
[DL Convergence Reduction] | block=2 | epoch=5 | users=[1, 2]
  user=01 block=02 accepted smaller n_kl=  55 without fresh re-optimization.
  user=02 block=02 accepted smaller n_kl=  75 without fresh re-optimization.
[DL Convergence Reduction] | block=2 | epoch=6 | users=[2, 1]
  user=02 block=02 accepted smaller n_kl=  74 without fresh re-optimization.
  user=01 block=02 accepted smaller n_kl=  54 without fresh re-optimization.
[DL Convergence Reduction] | block=2 | epoch=7 | users=[1, 2]
  user=01 block=02 accepted smaller n_kl=  53 without fresh re-optimization.
  user=02 block=02 accepted smaller n_kl=  73 without fresh re-optimization.
[DL Convergence Reduction] | block=2 | epoch=8 | users=[2, 1]
  user=02 block=02 accepted smaller n_kl=  72 without fresh re-optimization.
  user=01 block=02 accepted smaller n_kl=  52 without fresh re-optimization.
[DL Convergence Reduction] | block=2 | epoch=9 | users=[1, 2]
  user=01 block=02 accepted smaller n_kl=  51 without fresh re-optimization.
  user=02 block=02 accepted smaller n_kl=  71 without fresh re-optimization.
[DL Convergence Reduction] | block=2 | epoch=10 | users=[2, 1]
  user=02 block=02 accepted smaller n_kl=  70 without fresh re-optimization.
  user=01 block=02 accepted smaller n_kl=  50 without fresh re-optimization.
[DL Convergence Reduction] | block=2 | epoch=11 | users=[1, 2]
  user=01 block=02 accepted smaller n_kl=  49 without fresh re-optimization.
  user=02 block=02 accepted smaller n_kl=  69 without fresh re-optimization.
[DL Convergence Reduction] | block=2 | epoch=12 | users=[2, 1]
  user=02 block=02 accepted smaller n_kl=  68 without fresh re-optimization.
  user=01 block=02 accepted smaller n_kl=  48 without fresh re-optimization.
[DL Convergence Reduction] | block=2 | epoch=13 | users=[1, 2]
  user=01 block=02 accepted smaller n_kl=  47 without fresh re-optimization.
  user=02 block=02 accepted smaller n_kl=  67 without fresh re-optimization.
[DL Convergence Reduction] | block=2 | epoch=14 | users=[2, 1]
  user=02 block=02 accepted smaller n_kl=  66 without fresh re-optimization.
  user=01 block=02 accepted smaller n_kl=  46 without fresh re-optimization.
[DL Convergence Reduction] | block=2 | epoch=15 | users=[1, 2]
  user=01 block=02 accepted smaller n_kl=  45 without fresh re-optimization.
  user=02 block=02 accepted smaller n_kl=  65 without fresh re-optimization.
[DL Convergence Reduction] | block=2 | epoch=16 | users=[2, 1]
  user=02 block=02 accepted smaller n_kl=  64 without fresh re-optimization.
  user=01 block=02 accepted smaller n_kl=  44 without fresh re-optimization.
[DL Convergence Reduction] | block=2 | epoch=17 | users=[1, 2]
  user=01 block=02 accepted smaller n_kl=  43 without fresh re-optimization.
  user=02 block=02 accepted smaller n_kl=  63 without fresh re-optimization.
[DL Convergence Reduction] | block=2 | epoch=18 | users=[2, 1]
  user=02 block=02 accepted smaller n_kl=  62 without fresh re-optimization.
  user=01 block=02 accepted smaller n_kl=  42 without fresh re-optimization.
[DL Convergence Reduction] | block=2 | epoch=19 | users=[1, 2]
  user=01 block=02 accepted smaller n_kl=  41 without fresh re-optimization.
  user=02 block=02 accepted smaller n_kl=  61 without fresh re-optimization.
[DL Convergence Reduction] | block=2 | epoch=20 | users=[2, 1]
  user=02 block=02 accepted smaller n_kl=  60 without fresh re-optimization.
  user=01 block=02 accepted smaller n_kl=  40 without fresh re-optimization.
[DL Convergence Reduction] | block=2 | epoch=21 | users=[1, 2]
  user=01 block=02 accepted smaller n_kl=  39 without fresh re-optimization.
  user=02 block=02 accepted smaller n_kl=  59 without fresh re-optimization.
[DL Convergence Reduction] | block=2 | epoch=22 | users=[2, 1]
  user=02 block=02 accepted smaller n_kl=  58 without fresh re-optimization.
  user=01 block=02 accepted smaller n_kl=  38 without fresh re-optimization.
[DL Convergence Reduction] | block=2 | epoch=23 | users=[1, 2]
  user=01 block=02 accepted smaller n_kl=  37 without fresh re-optimization.
  user=02 block=02 accepted smaller n_kl=  57 without fresh re-optimization.
[DL Convergence Reduction] | block=2 | epoch=24 | users=[2, 1]
  user=02 block=02 accepted smaller n_kl=  56 without fresh re-optimization.
  user=01 block=02 accepted smaller n_kl=  36 without fresh re-optimization.
[DL Convergence Reduction] | block=2 | epoch=25 | users=[1, 2]
  user=01 block=02 accepted smaller n_kl=  35 without fresh re-optimization.
  user=02 block=02 accepted smaller n_kl=  55 without fresh re-optimization.
[DL Convergence Reduction] | block=2 | epoch=26 | users=[2, 1]
  user=02 block=02 accepted smaller n_kl=  54 without fresh re-optimization.
  user=01 block=02 accepted smaller n_kl=  34 without fresh re-optimization.
[DL Convergence Reduction] | block=2 | epoch=27 | users=[1, 2]
  user=01 block=02 accepted smaller n_kl=  33 without fresh re-optimization.
  user=02 block=02 accepted smaller n_kl=  53 without fresh re-optimization.
[DL Convergence Reduction] | block=2 | epoch=28 | users=[2, 1]
  user=02 block=02 accepted smaller n_kl=  52 without fresh re-optimization.
  user=01 block=02 accepted smaller n_kl=  32 without fresh re-optimization.
[DL Convergence Reduction] | block=2 | epoch=29 | users=[1, 2]
  user=01 block=02 accepted smaller n_kl=  31 without fresh re-optimization.
  user=02 block=02 accepted smaller n_kl=  51 without fresh re-optimization.
[DL Convergence Reduction] | block=2 | epoch=30 | users=[2, 1]
  user=02 block=02 candidate n_kl=  50 breaks committed-user feasibility [2]; trying fresh re-optimization.
[DL Convergence] | phase=optimize | block=2 | epoch=1/500 | active_users=2 | updated_users=1 | objective=34.018074 | sum_rate=29.580933 | r_p=0.000000 | r_c=0.000000 | r_s=0.015804 | status=running
[DL Convergence] | phase=optimize | block=2 | epoch=5/500 | active_users=2 | updated_users=1 | objective=34.025837 | sum_rate=29.587685 | r_p=0.234202 | r_c=0.044153 | r_s=0.019621 | status=running
[DL Convergence] | phase=optimize | block=2 | epoch=10/500 | active_users=2 | updated_users=1 | objective=34.017441 | sum_rate=29.580383 | r_p=0.000000 | r_c=0.000000 | r_s=0.016499 | status=running
[DL Convergence] | phase=optimize | block=2 | epoch=15/500 | active_users=2 | updated_users=1 | objective=33.883503 | sum_rate=29.463917 | r_p=0.000000 | r_c=0.000000 | r_s=0.014956 | status=running
[DL Convergence] | phase=optimize | block=2 | epoch=20/500 | active_users=2 | updated_users=1 | objective=33.903572 | sum_rate=29.481367 | r_p=0.000000 | r_c=0.000000 | r_s=0.026478 | status=running
[DL Convergence] | phase=optimize | block=2 | epoch=25/500 | active_users=2 | updated_users=1 | objective=34.018692 | sum_rate=29.581472 | r_p=0.210943 | r_c=0.043388 | r_s=0.014064 | status=running
[DL Convergence] | phase=optimize | block=2 | epoch=30/500 | active_users=2 | updated_users=1 | objective=33.980835 | sum_rate=29.548553 | r_p=0.000000 | r_c=0.000000 | r_s=0.024960 | status=running
[DL Convergence] | phase=optimize | block=2 | epoch=35/500 | active_users=2 | updated_users=1 | objective=33.718319 | sum_rate=29.320278 | r_p=0.000000 | r_c=0.000000 | r_s=0.027478 | status=running
[DL Convergence] | phase=optimize | block=2 | epoch=40/500 | active_users=2 | updated_users=1 | objective=34.019463 | sum_rate=29.582142 | r_p=0.116423 | r_c=0.025933 | r_s=0.016092 | status=running
[DL Convergence] | phase=optimize | block=2 | epoch=45/500 | active_users=2 | updated_users=1 | objective=33.931595 | sum_rate=29.505733 | r_p=0.000000 | r_c=0.000000 | r_s=0.021025 | status=running
[DL Convergence] | phase=optimize | block=2 | epoch=50/500 | active_users=2 | updated_users=1 | objective=33.747833 | sum_rate=29.345943 | r_p=0.000000 | r_c=0.000000 | r_s=0.032747 | status=running
[DL Convergence] | phase=optimize | block=2 | epoch=55/500 | active_users=2 | updated_users=1 | objective=33.976227 | sum_rate=29.544544 | r_p=0.459932 | r_c=0.107674 | r_s=0.035217 | status=running
[DL Convergence] | phase=optimize | block=2 | epoch=60/500 | active_users=2 | updated_users=1 | objective=33.801319 | sum_rate=29.392450 | r_p=0.000000 | r_c=0.000000 | r_s=0.014240 | status=running
[DL Convergence] | phase=optimize | block=2 | epoch=65/500 | active_users=2 | updated_users=1 | objective=33.962234 | sum_rate=29.532377 | r_p=0.000000 | r_c=0.000000 | r_s=0.018752 | status=running
[DL Convergence] | phase=optimize | block=2 | epoch=70/500 | active_users=2 | updated_users=1 | objective=33.964630 | sum_rate=29.534460 | r_p=0.000000 | r_c=0.000000 | r_s=0.018053 | status=running
[DL Convergence] | phase=optimize | block=2 | epoch=75/500 | active_users=2 | updated_users=1 | objective=33.850304 | sum_rate=29.435045 | r_p=0.000000 | r_c=0.000000 | r_s=0.026455 | status=running
[DL Convergence] | phase=optimize | block=2 | epoch=80/500 | active_users=2 | updated_users=1 | objective=34.001205 | sum_rate=29.566265 | r_p=0.305454 | r_c=0.077573 | r_s=0.027998 | status=running
[DL Convergence] | phase=optimize | block=2 | epoch=85/500 | active_users=2 | updated_users=1 | objective=33.904366 | sum_rate=29.482056 | r_p=0.000000 | r_c=0.000000 | r_s=0.012199 | status=running
[DL Convergence] | phase=optimize | block=2 | epoch=90/500 | active_users=2 | updated_users=1 | objective=34.010914 | sum_rate=29.574707 | r_p=0.030781 | r_c=0.008137 | r_s=0.011379 | status=running
[DL Convergence] | phase=optimize | block=2 | epoch=95/500 | active_users=2 | updated_users=1 | objective=33.945591 | sum_rate=29.517906 | r_p=0.000000 | r_c=0.000000 | r_s=0.011321 | status=running
[DL Convergence] | phase=optimize | block=2 | epoch=100/500 | active_users=2 | updated_users=1 | objective=33.935104 | sum_rate=29.508785 | r_p=0.000000 | r_c=0.000000 | r_s=0.025646 | status=running
[DL Convergence] | phase=optimize | block=2 | epoch=105/500 | active_users=2 | updated_users=1 | objective=33.995819 | sum_rate=29.561583 | r_p=0.015142 | r_c=0.004123 | r_s=0.022271 | status=running
[DL Convergence] | phase=optimize | block=2 | epoch=110/500 | active_users=2 | updated_users=1 | objective=33.923466 | sum_rate=29.498665 | r_p=0.000000 | r_c=0.000000 | r_s=0.017091 | status=running
[DL Convergence] | phase=optimize | block=2 | epoch=115/500 | active_users=2 | updated_users=1 | objective=34.018669 | sum_rate=29.581451 | r_p=0.230379 | r_c=0.064136 | r_s=0.017124 | status=running
[DL Convergence] | phase=optimize | block=2 | epoch=120/500 | active_users=2 | updated_users=1 | objective=33.920578 | sum_rate=29.496155 | r_p=0.000000 | r_c=0.000000 | r_s=0.008724 | status=running
[DL Convergence] | phase=optimize | block=2 | epoch=125/500 | active_users=2 | updated_users=1 | objective=34.019203 | sum_rate=29.581917 | r_p=0.027843 | r_c=0.007994 | r_s=0.011555 | status=running
[DL Convergence] | phase=optimize | block=2 | epoch=130/500 | active_users=2 | updated_users=1 | objective=33.917847 | sum_rate=29.493780 | r_p=0.000000 | r_c=0.000000 | r_s=0.008983 | status=running
[DL Convergence] | phase=optimize | block=2 | epoch=135/500 | active_users=2 | updated_users=1 | objective=33.946030 | sum_rate=29.518286 | r_p=0.000000 | r_c=0.000000 | r_s=0.027167 | status=running
[DL Convergence] | phase=optimize | block=2 | epoch=140/500 | active_users=2 | updated_users=1 | objective=33.970058 | sum_rate=29.539181 | r_p=0.000000 | r_c=0.000000 | r_s=0.018849 | status=running
[DL Convergence] | phase=optimize | block=2 | epoch=145/500 | active_users=2 | updated_users=1 | objective=33.881630 | sum_rate=29.462288 | r_p=0.000000 | r_c=0.000000 | r_s=0.026833 | status=running
[DL Convergence] | phase=optimize | block=2 | epoch=150/500 | active_users=2 | updated_users=1 | objective=34.002575 | sum_rate=29.567455 | r_p=0.125890 | r_c=0.038104 | r_s=0.026835 | status=running
[DL Convergence] | phase=optimize | block=2 | epoch=155/500 | active_users=2 | updated_users=1 | objective=33.876595 | sum_rate=29.457909 | r_p=0.000000 | r_c=0.000000 | r_s=0.020501 | status=running
[DL Convergence] | phase=optimize | block=2 | epoch=160/500 | active_users=2 | updated_users=1 | objective=34.010628 | sum_rate=29.574459 | r_p=0.243645 | r_c=0.075351 | r_s=0.023635 | status=running
[DL Convergence] | phase=optimize | block=2 | epoch=165/500 | active_users=2 | updated_users=1 | objective=33.920166 | sum_rate=29.495798 | r_p=0.000000 | r_c=0.000000 | r_s=0.011591 | status=running
[DL Convergence] | phase=optimize | block=2 | epoch=170/500 | active_users=2 | updated_users=1 | objective=34.021557 | sum_rate=29.583961 | r_p=0.104770 | r_c=0.033071 | r_s=0.008573 | status=running
[DL Convergence] | phase=optimize | block=2 | epoch=175/500 | active_users=2 | updated_users=1 | objective=33.971043 | sum_rate=29.540037 | r_p=0.000000 | r_c=0.000000 | r_s=0.005170 | status=running
[DL Convergence] | phase=optimize | block=2 | epoch=180/500 | active_users=2 | updated_users=1 | objective=33.994377 | sum_rate=29.560329 | r_p=0.000000 | r_c=0.000000 | r_s=0.014946 | status=running
[DL Convergence] | phase=optimize | block=2 | epoch=185/500 | active_users=2 | updated_users=1 | objective=34.004246 | sum_rate=29.568911 | r_p=0.000000 | r_c=0.000000 | r_s=0.012884 | status=running
[DL Convergence] | phase=optimize | block=2 | epoch=190/500 | active_users=2 | updated_users=1 | objective=33.940090 | sum_rate=29.513123 | r_p=0.000000 | r_c=0.000000 | r_s=0.020055 | status=running
[DL Convergence] | phase=optimize | block=2 | epoch=195/500 | active_users=2 | updated_users=1 | objective=34.020084 | sum_rate=29.582682 | r_p=0.086859 | r_c=0.028172 | r_s=0.021803 | status=running
[DL Convergence] | phase=optimize | block=2 | epoch=200/500 | active_users=2 | updated_users=1 | objective=33.919914 | sum_rate=29.495577 | r_p=0.000000 | r_c=0.000000 | r_s=0.015973 | status=running
[DL Convergence] | phase=optimize | block=2 | epoch=205/500 | active_users=2 | updated_users=1 | objective=34.022873 | sum_rate=29.585106 | r_p=0.204435 | r_c=0.067370 | r_s=0.017632 | status=running
[DL Convergence] | phase=optimize | block=2 | epoch=210/500 | active_users=2 | updated_users=1 | objective=33.924286 | sum_rate=29.499378 | r_p=0.000000 | r_c=0.000000 | r_s=0.009419 | status=running
[DL Convergence] | phase=optimize | block=2 | epoch=215/500 | active_users=2 | updated_users=1 | objective=34.026379 | sum_rate=29.588154 | r_p=0.098792 | r_c=0.033118 | r_s=0.007508 | status=running
[DL Convergence] | phase=optimize | block=2 | epoch=220/500 | active_users=2 | updated_users=1 | objective=33.957108 | sum_rate=29.527920 | r_p=0.000000 | r_c=0.000000 | r_s=0.005111 | status=running
[DL Convergence] | phase=optimize | block=2 | epoch=225/500 | active_users=2 | updated_users=1 | objective=34.004395 | sum_rate=29.569038 | r_p=0.000000 | r_c=0.000000 | r_s=0.013376 | status=running
[DL Convergence] | phase=optimize | block=2 | epoch=230/500 | active_users=2 | updated_users=1 | objective=34.006172 | sum_rate=29.570583 | r_p=0.000000 | r_c=0.000000 | r_s=0.011298 | status=running
[DL Convergence] | phase=optimize | block=2 | epoch=235/500 | active_users=2 | updated_users=1 | objective=33.959885 | sum_rate=29.530334 | r_p=0.000000 | r_c=0.000000 | r_s=0.017283 | status=running
[DL Convergence] | phase=optimize | block=2 | epoch=240/500 | active_users=2 | updated_users=1 | objective=34.025978 | sum_rate=29.587809 | r_p=0.080305 | r_c=0.027508 | r_s=0.019682 | status=running
[DL Convergence] | phase=optimize | block=2 | epoch=245/500 | active_users=2 | updated_users=1 | objective=33.928291 | sum_rate=29.502861 | r_p=0.000000 | r_c=0.000000 | r_s=0.015778 | status=running
[DL Convergence] | phase=optimize | block=2 | epoch=250/500 | active_users=2 | updated_users=1 | objective=34.028503 | sum_rate=29.590002 | r_p=0.179190 | r_c=0.062095 | r_s=0.018597 | status=running
[DL Convergence] | phase=optimize | block=2 | epoch=255/500 | active_users=2 | updated_users=1 | objective=33.945015 | sum_rate=29.517403 | r_p=0.000000 | r_c=0.000000 | r_s=0.009326 | status=running
[DL Convergence] | phase=optimize | block=2 | epoch=260/500 | active_users=2 | updated_users=1 | objective=34.028645 | sum_rate=29.590126 | r_p=0.063352 | r_c=0.022237 | r_s=0.006856 | status=running
[DL Convergence] | phase=optimize | block=2 | epoch=265/500 | active_users=2 | updated_users=1 | objective=33.985649 | sum_rate=29.552738 | r_p=0.000000 | r_c=0.000000 | r_s=0.004628 | status=running
[DL Convergence] | phase=optimize | block=2 | epoch=270/500 | active_users=2 | updated_users=1 | objective=34.000393 | sum_rate=29.565557 | r_p=0.000000 | r_c=0.000000 | r_s=0.014078 | status=running
[DL Convergence] | phase=optimize | block=2 | epoch=275/500 | active_users=2 | updated_users=1 | objective=34.008320 | sum_rate=29.572451 | r_p=0.000000 | r_c=0.000000 | r_s=0.011844 | status=running
[DL Convergence] | phase=optimize | block=2 | epoch=280/500 | active_users=2 | updated_users=1 | objective=33.958355 | sum_rate=29.529005 | r_p=0.000000 | r_c=0.000000 | r_s=0.018287 | status=running
[DL Convergence] | phase=optimize | block=2 | epoch=285/500 | active_users=2 | updated_users=1 | objective=34.022884 | sum_rate=29.585115 | r_p=0.017054 | r_c=0.006103 | r_s=0.018762 | status=running
[DL Convergence] | phase=optimize | block=2 | epoch=290/500 | active_users=2 | updated_users=1 | objective=33.953209 | sum_rate=29.524529 | r_p=0.000000 | r_c=0.000000 | r_s=0.014009 | status=running
[DL Convergence] | phase=optimize | block=2 | epoch=295/500 | active_users=2 | updated_users=1 | objective=34.024094 | sum_rate=29.586166 | r_p=0.239040 | r_c=0.086258 | r_s=0.021474 | status=running
[DL Convergence] | phase=optimize | block=2 | epoch=300/500 | active_users=2 | updated_users=1 | objective=33.939034 | sum_rate=29.512203 | r_p=0.000000 | r_c=0.000000 | r_s=0.013027 | status=running
[DL Convergence] | phase=optimize | block=2 | epoch=305/500 | active_users=2 | updated_users=1 | objective=34.027767 | sum_rate=29.589361 | r_p=0.199766 | r_c=0.073288 | r_s=0.015377 | status=running
[DL Convergence] | phase=optimize | block=2 | epoch=310/500 | active_users=2 | updated_users=1 | objective=33.902477 | sum_rate=29.480415 | r_p=0.000000 | r_c=0.000000 | r_s=0.010087 | status=running
[DL Convergence] | phase=optimize | block=2 | epoch=315/500 | active_users=2 | updated_users=1 | objective=34.028332 | sum_rate=29.589853 | r_p=0.142303 | r_c=0.052855 | r_s=0.010580 | status=running
[DL Convergence] | phase=optimize | block=2 | epoch=320/500 | active_users=2 | updated_users=1 | objective=33.957058 | sum_rate=29.527876 | r_p=0.000000 | r_c=0.000000 | r_s=0.005092 | status=running
[DL Convergence] | phase=optimize | block=2 | epoch=325/500 | active_users=2 | updated_users=1 | objective=34.022800 | sum_rate=29.585045 | r_p=0.000000 | r_c=0.000000 | r_s=0.009027 | status=running
[DL Convergence] | phase=optimize | block=2 | epoch=330/500 | active_users=2 | updated_users=1 | objective=34.001507 | sum_rate=29.566526 | r_p=0.000000 | r_c=0.000000 | r_s=0.006801 | status=running
[DL Convergence] | phase=optimize | block=2 | epoch=335/500 | active_users=2 | updated_users=1 | objective=33.995476 | sum_rate=29.561283 | r_p=0.000000 | r_c=0.000000 | r_s=0.014935 | status=running
[DL Convergence] | phase=optimize | block=2 | epoch=340/500 | active_users=2 | updated_users=1 | objective=34.020679 | sum_rate=29.583199 | r_p=0.000000 | r_c=0.000000 | r_s=0.012316 | status=running
[DL Convergence] | phase=optimize | block=2 | epoch=345/500 | active_users=2 | updated_users=1 | objective=33.933132 | sum_rate=29.507072 | r_p=0.000000 | r_c=0.000000 | r_s=0.020461 | status=running
[DL Convergence] | phase=optimize | block=2 | epoch=350/500 | active_users=2 | updated_users=1 | objective=34.025265 | sum_rate=29.587187 | r_p=0.018209 | r_c=0.006992 | r_s=0.021164 | status=running
[DL Convergence] | phase=optimize | block=2 | epoch=355/500 | active_users=2 | updated_users=1 | objective=33.942936 | sum_rate=29.515596 | r_p=0.000000 | r_c=0.000000 | r_s=0.015596 | status=running
[DL Convergence] | phase=optimize | block=2 | epoch=360/500 | active_users=2 | updated_users=1 | objective=34.024799 | sum_rate=29.586782 | r_p=0.220976 | r_c=0.085656 | r_s=0.021946 | status=running
[DL Convergence] | phase=optimize | block=2 | epoch=365/500 | active_users=2 | updated_users=1 | objective=33.946835 | sum_rate=29.518988 | r_p=0.000000 | r_c=0.000000 | r_s=0.012533 | status=running
[DL Convergence] | phase=optimize | block=2 | epoch=370/500 | active_users=2 | updated_users=1 | objective=34.028400 | sum_rate=29.589912 | r_p=0.158147 | r_c=0.062147 | r_s=0.014265 | status=running
[DL Convergence] | phase=optimize | block=2 | epoch=375/500 | active_users=2 | updated_users=1 | objective=33.920967 | sum_rate=29.496494 | r_p=0.000000 | r_c=0.000000 | r_s=0.009076 | status=running
[DL Convergence] | phase=optimize | block=2 | epoch=380/500 | active_users=2 | updated_users=1 | objective=34.022289 | sum_rate=29.584600 | r_p=0.285658 | r_c=0.113575 | r_s=0.015535 | status=running
[DL Convergence] | phase=optimize | block=2 | epoch=385/500 | active_users=2 | updated_users=1 | objective=33.791245 | sum_rate=29.383690 | r_p=0.000000 | r_c=0.000000 | r_s=0.014032 | status=running
[DL Convergence] | phase=optimize | block=2 | epoch=390/500 | active_users=2 | updated_users=1 | objective=34.004055 | sum_rate=29.568743 | r_p=0.435930 | r_c=0.175980 | r_s=0.028327 | status=running
[DL Convergence] | phase=optimize | block=2 | epoch=395/500 | active_users=2 | updated_users=1 | objective=33.732307 | sum_rate=29.332441 | r_p=0.000000 | r_c=0.000000 | r_s=0.019550 | status=running
[DL Convergence] | phase=optimize | block=2 | epoch=400/500 | active_users=2 | updated_users=1 | objective=34.003452 | sum_rate=29.568218 | r_p=0.410501 | r_c=0.169213 | r_s=0.032503 | status=running
[DL Convergence] | phase=optimize | block=2 | epoch=405/500 | active_users=2 | updated_users=1 | objective=33.768536 | sum_rate=29.363945 | r_p=0.000000 | r_c=0.000000 | r_s=0.018807 | status=running
[DL Convergence] | phase=optimize | block=2 | epoch=410/500 | active_users=2 | updated_users=1 | objective=34.007458 | sum_rate=29.571703 | r_p=0.333473 | r_c=0.139924 | r_s=0.029870 | status=running
[DL Convergence] | phase=optimize | block=2 | epoch=415/500 | active_users=2 | updated_users=1 | objective=33.853504 | sum_rate=29.437830 | r_p=0.000000 | r_c=0.000000 | r_s=0.017065 | status=running
[DL Convergence] | phase=optimize | block=2 | epoch=420/500 | active_users=2 | updated_users=1 | objective=34.011887 | sum_rate=29.575554 | r_p=0.234963 | r_c=0.100253 | r_s=0.021381 | status=running
[DL Convergence] | phase=optimize | block=2 | epoch=425/500 | active_users=2 | updated_users=1 | objective=33.865292 | sum_rate=29.448078 | r_p=0.000000 | r_c=0.000000 | r_s=0.012306 | status=running
[DL Convergence] | phase=optimize | block=2 | epoch=430/500 | active_users=2 | updated_users=1 | objective=34.012657 | sum_rate=29.576225 | r_p=0.299600 | r_c=0.129364 | r_s=0.020978 | status=running
[DL Convergence] | phase=optimize | block=2 | epoch=435/500 | active_users=2 | updated_users=1 | objective=33.811699 | sum_rate=29.401478 | r_p=0.000000 | r_c=0.000000 | r_s=0.015790 | status=running
[DL Convergence] | phase=optimize | block=2 | epoch=440/500 | active_users=2 | updated_users=1 | objective=34.014339 | sum_rate=29.577686 | r_p=0.281577 | r_c=0.122984 | r_s=0.026438 | status=running
[DL Convergence] | phase=optimize | block=2 | epoch=445/500 | active_users=2 | updated_users=1 | objective=33.883682 | sum_rate=29.464073 | r_p=0.000000 | r_c=0.000000 | r_s=0.015672 | status=running
[DL Convergence] | phase=optimize | block=2 | epoch=450/500 | active_users=2 | updated_users=1 | objective=34.017841 | sum_rate=29.580730 | r_p=0.247440 | r_c=0.109324 | r_s=0.026165 | status=running
[DL Convergence] | phase=optimize | block=2 | epoch=455/500 | active_users=2 | updated_users=1 | objective=33.818798 | sum_rate=29.407650 | r_p=0.000000 | r_c=0.000000 | r_s=0.023430 | status=running
[DL Convergence] | phase=optimize | block=2 | epoch=460/500 | active_users=2 | updated_users=1 | objective=34.016903 | sum_rate=29.579914 | r_p=0.046549 | r_c=0.020869 | r_s=0.027049 | status=running
[DL Convergence] | phase=optimize | block=2 | epoch=465/500 | active_users=2 | updated_users=1 | objective=33.934006 | sum_rate=29.507832 | r_p=0.000000 | r_c=0.000000 | r_s=0.019508 | status=running
[DL Convergence] | phase=optimize | block=2 | epoch=470/500 | active_users=2 | updated_users=1 | objective=34.005970 | sum_rate=29.570410 | r_p=0.000000 | r_c=0.000000 | r_s=0.015632 | status=running
[DL Convergence] | phase=optimize | block=2 | epoch=475/500 | active_users=2 | updated_users=1 | objective=33.935295 | sum_rate=29.508951 | r_p=0.000000 | r_c=0.000000 | r_s=0.021598 | status=running
[DL Convergence] | phase=optimize | block=2 | epoch=480/500 | active_users=2 | updated_users=1 | objective=33.983860 | sum_rate=29.551182 | r_p=0.000000 | r_c=0.000000 | r_s=0.013561 | status=running
[DL Convergence] | phase=optimize | block=2 | epoch=485/500 | active_users=2 | updated_users=1 | objective=33.984241 | sum_rate=29.551514 | r_p=0.000000 | r_c=0.000000 | r_s=0.015277 | status=running
[DL Convergence] | phase=optimize | block=2 | epoch=490/500 | active_users=2 | updated_users=1 | objective=33.993015 | sum_rate=29.559143 | r_p=0.000000 | r_c=0.000000 | r_s=0.009066 | status=running
[DL Convergence] | phase=optimize | block=2 | epoch=495/500 | active_users=2 | updated_users=1 | objective=33.983818 | sum_rate=29.551147 | r_p=0.000000 | r_c=0.000000 | r_s=0.019913 | status=running
[DL Convergence] | phase=optimize | block=2 | epoch=500/500 | active_users=2 | updated_users=1 | objective=33.917786 | sum_rate=29.493725 | r_p=0.000000 | r_c=0.000000 | r_s=0.006830 | status=running
  user=02 block=02 accepted smaller n_kl=  50 after fresh re-optimization of users [2].
  user=01 block=02 accepted smaller n_kl=  30 without fresh re-optimization.
[DL Convergence Reduction] | block=2 | epoch=31 | users=[1, 2]
  user=01 block=02 accepted smaller n_kl=  29 without fresh re-optimization.
  user=02 block=02 candidate n_kl=  49 breaks committed-user feasibility [2]; trying fresh re-optimization.
[DL Convergence] | phase=optimize | block=2 | epoch=1/500 | active_users=2 | updated_users=1 | objective=33.866726 | sum_rate=29.449326 | r_p=0.144655 | r_c=0.027271 | r_s=0.002632 | status=running
[DL Convergence] | phase=optimize | block=2 | epoch=5/500 | active_users=2 | updated_users=1 | objective=33.876419 | sum_rate=29.457756 | r_p=0.347676 | r_c=0.066049 | r_s=0.021348 | status=running
[DL Convergence] | phase=optimize | block=2 | epoch=10/500 | active_users=2 | updated_users=1 | objective=33.853195 | sum_rate=29.437561 | r_p=0.112344 | r_c=0.022009 | r_s=0.018004 | status=running
[DL Convergence] | phase=optimize | block=2 | epoch=15/500 | active_users=2 | updated_users=1 | objective=33.774940 | sum_rate=29.369514 | r_p=0.000000 | r_c=0.000000 | r_s=0.008805 | status=running
[DL Convergence] | phase=optimize | block=2 | epoch=20/500 | active_users=2 | updated_users=1 | objective=33.669304 | sum_rate=29.277657 | r_p=0.000000 | r_c=0.000000 | r_s=0.020372 | status=running
[DL Convergence] | phase=optimize | block=2 | epoch=25/500 | active_users=2 | updated_users=1 | objective=33.769073 | sum_rate=29.364410 | r_p=0.000000 | r_c=0.000000 | r_s=0.024074 | status=running
[DL Convergence] | phase=optimize | block=2 | epoch=30/500 | active_users=2 | updated_users=1 | objective=33.858551 | sum_rate=29.442217 | r_p=0.452284 | r_c=0.099601 | r_s=0.021166 | status=running
[DL Convergence] | phase=optimize | block=2 | epoch=35/500 | active_users=2 | updated_users=1 | objective=33.838577 | sum_rate=29.424849 | r_p=0.093798 | r_c=0.021080 | r_s=0.021122 | status=running
[DL Convergence] | phase=optimize | block=2 | epoch=40/500 | active_users=2 | updated_users=1 | objective=33.678112 | sum_rate=29.285315 | r_p=0.000000 | r_c=0.000000 | r_s=0.014391 | status=running
[DL Convergence] | phase=optimize | block=2 | epoch=45/500 | active_users=2 | updated_users=1 | objective=33.768169 | sum_rate=29.363626 | r_p=0.000000 | r_c=0.000000 | r_s=0.024245 | status=running
[DL Convergence] | phase=optimize | block=2 | epoch=50/500 | active_users=2 | updated_users=1 | objective=33.846386 | sum_rate=29.431641 | r_p=0.449383 | r_c=0.109074 | r_s=0.027348 | status=running
[DL Convergence] | phase=optimize | block=2 | epoch=55/500 | active_users=2 | updated_users=1 | objective=33.744553 | sum_rate=29.343090 | r_p=0.000000 | r_c=0.000000 | r_s=0.009862 | status=running
[DL Convergence] | phase=optimize | block=2 | epoch=60/500 | active_users=2 | updated_users=1 | objective=33.712646 | sum_rate=29.315346 | r_p=0.000000 | r_c=0.000000 | r_s=0.021798 | status=running
[DL Convergence] | phase=optimize | block=2 | epoch=65/500 | active_users=2 | updated_users=1 | objective=33.867409 | sum_rate=29.449921 | r_p=0.297832 | r_c=0.077741 | r_s=0.013916 | status=running
[DL Convergence] | phase=optimize | block=2 | epoch=70/500 | active_users=2 | updated_users=1 | objective=33.797577 | sum_rate=29.389198 | r_p=0.000000 | r_c=0.000000 | r_s=0.012002 | status=running
[DL Convergence] | phase=optimize | block=2 | epoch=75/500 | active_users=2 | updated_users=1 | objective=33.642391 | sum_rate=29.254253 | r_p=0.000000 | r_c=0.000000 | r_s=0.025184 | status=running
[DL Convergence] | phase=optimize | block=2 | epoch=80/500 | active_users=2 | updated_users=1 | objective=33.860592 | sum_rate=29.443993 | r_p=0.535614 | r_c=0.148732 | r_s=0.025521 | status=running
[DL Convergence] | phase=optimize | block=2 | epoch=85/500 | active_users=2 | updated_users=1 | objective=33.608429 | sum_rate=29.224722 | r_p=0.000000 | r_c=0.000000 | r_s=0.011401 | status=running
[DL Convergence] | phase=optimize | block=2 | epoch=90/500 | active_users=2 | updated_users=1 | objective=33.715286 | sum_rate=29.317640 | r_p=0.000000 | r_c=0.000000 | r_s=0.030309 | status=running
[DL Convergence] | phase=optimize | block=2 | epoch=95/500 | active_users=2 | updated_users=1 | objective=33.797680 | sum_rate=29.389288 | r_p=0.124195 | r_c=0.036962 | r_s=0.028426 | status=running
[DL Convergence] | phase=optimize | block=2 | epoch=100/500 | active_users=2 | updated_users=1 | objective=33.500214 | sum_rate=29.130619 | r_p=0.000000 | r_c=0.000000 | r_s=0.029916 | status=running
[DL Convergence] | phase=optimize | block=2 | epoch=105/500 | active_users=2 | updated_users=1 | objective=33.814301 | sum_rate=29.403738 | r_p=0.588875 | r_c=0.183803 | r_s=0.035565 | status=running
[DL Convergence] | phase=optimize | block=2 | epoch=110/500 | active_users=2 | updated_users=1 | objective=33.536560 | sum_rate=29.162228 | r_p=0.000000 | r_c=0.000000 | r_s=0.015922 | status=running
[DL Convergence] | phase=optimize | block=2 | epoch=115/500 | active_users=2 | updated_users=1 | objective=33.822826 | sum_rate=29.411152 | r_p=0.311652 | r_c=0.103452 | r_s=0.012377 | status=running
[DL Convergence] | phase=optimize | block=2 | epoch=120/500 | active_users=2 | updated_users=1 | objective=33.624920 | sum_rate=29.239061 | r_p=0.000000 | r_c=0.000000 | r_s=0.009726 | status=running
[DL Convergence] | phase=optimize | block=2 | epoch=125/500 | active_users=2 | updated_users=1 | objective=33.737160 | sum_rate=29.336662 | r_p=0.000000 | r_c=0.000000 | r_s=0.027971 | status=running
[DL Convergence] | phase=optimize | block=2 | epoch=130/500 | active_users=2 | updated_users=1 | objective=33.767883 | sum_rate=29.363377 | r_p=0.000000 | r_c=0.000000 | r_s=0.018947 | status=running
[DL Convergence] | phase=optimize | block=2 | epoch=135/500 | active_users=2 | updated_users=1 | objective=33.671181 | sum_rate=29.279289 | r_p=0.000000 | r_c=0.000000 | r_s=0.028205 | status=running
[DL Convergence] | phase=optimize | block=2 | epoch=140/500 | active_users=2 | updated_users=1 | objective=33.845924 | sum_rate=29.431238 | r_p=0.281460 | r_c=0.101678 | r_s=0.028305 | status=running
[DL Convergence] | phase=optimize | block=2 | epoch=145/500 | active_users=2 | updated_users=1 | objective=33.647903 | sum_rate=29.259045 | r_p=0.000000 | r_c=0.000000 | r_s=0.021351 | status=running
[DL Convergence] | phase=optimize | block=2 | epoch=150/500 | active_users=2 | updated_users=1 | objective=33.852196 | sum_rate=29.436693 | r_p=0.423996 | r_c=0.158800 | r_s=0.024211 | status=running
[DL Convergence] | phase=optimize | block=2 | epoch=155/500 | active_users=2 | updated_users=1 | objective=33.668972 | sum_rate=29.277367 | r_p=0.000000 | r_c=0.000000 | r_s=0.011881 | status=running
[DL Convergence] | phase=optimize | block=2 | epoch=160/500 | active_users=2 | updated_users=1 | objective=33.836342 | sum_rate=29.422905 | r_p=0.229332 | r_c=0.089119 | r_s=0.009287 | status=running
[DL Convergence] | phase=optimize | block=2 | epoch=165/500 | active_users=2 | updated_users=1 | objective=33.706387 | sum_rate=29.309902 | r_p=0.000000 | r_c=0.000000 | r_s=0.007327 | status=running
[DL Convergence] | phase=optimize | block=2 | epoch=170/500 | active_users=2 | updated_users=1 | objective=33.758858 | sum_rate=29.355530 | r_p=0.000000 | r_c=0.000000 | r_s=0.020280 | status=running
[DL Convergence] | phase=optimize | block=2 | epoch=175/500 | active_users=2 | updated_users=1 | objective=33.772316 | sum_rate=29.367229 | r_p=0.000000 | r_c=0.000000 | r_s=0.014447 | status=running
[DL Convergence] | phase=optimize | block=2 | epoch=180/500 | active_users=2 | updated_users=1 | objective=33.700195 | sum_rate=29.304516 | r_p=0.000000 | r_c=0.000000 | r_s=0.021814 | status=running
[DL Convergence] | phase=optimize | block=2 | epoch=185/500 | active_users=2 | updated_users=1 | objective=33.839603 | sum_rate=29.425743 | r_p=0.233862 | r_c=0.095999 | r_s=0.023181 | status=running
[DL Convergence] | phase=optimize | block=2 | epoch=190/500 | active_users=2 | updated_users=1 | objective=33.680050 | sum_rate=29.287001 | r_p=0.000000 | r_c=0.000000 | r_s=0.017417 | status=running
[DL Convergence] | phase=optimize | block=2 | epoch=195/500 | active_users=2 | updated_users=1 | objective=33.865982 | sum_rate=29.448681 | r_p=0.386149 | r_c=0.162861 | r_s=0.020371 | status=running
[DL Convergence] | phase=optimize | block=2 | epoch=200/500 | active_users=2 | updated_users=1 | objective=33.669067 | sum_rate=29.277451 | r_p=0.000000 | r_c=0.000000 | r_s=0.011756 | status=running
[DL Convergence] | phase=optimize | block=2 | epoch=205/500 | active_users=2 | updated_users=1 | objective=33.861229 | sum_rate=29.444548 | r_p=0.256535 | r_c=0.111444 | r_s=0.010321 | status=running
[DL Convergence] | phase=optimize | block=2 | epoch=210/500 | active_users=2 | updated_users=1 | objective=33.718014 | sum_rate=29.320011 | r_p=0.000000 | r_c=0.000000 | r_s=0.007386 | status=running
[DL Convergence] | phase=optimize | block=2 | epoch=215/500 | active_users=2 | updated_users=1 | objective=33.807243 | sum_rate=29.397604 | r_p=0.000000 | r_c=0.000000 | r_s=0.015156 | status=running
[DL Convergence] | phase=optimize | block=2 | epoch=220/500 | active_users=2 | updated_users=1 | objective=33.793789 | sum_rate=29.385904 | r_p=0.000000 | r_c=0.000000 | r_s=0.011808 | status=running
[DL Convergence] | phase=optimize | block=2 | epoch=225/500 | active_users=2 | updated_users=1 | objective=33.732399 | sum_rate=29.332520 | r_p=0.000000 | r_c=0.000000 | r_s=0.018942 | status=running
[DL Convergence] | phase=optimize | block=2 | epoch=230/500 | active_users=2 | updated_users=1 | objective=33.847748 | sum_rate=29.432825 | r_p=0.217018 | r_c=0.098330 | r_s=0.021338 | status=running
[DL Convergence] | phase=optimize | block=2 | epoch=235/500 | active_users=2 | updated_users=1 | objective=33.673771 | sum_rate=29.281540 | r_p=0.000000 | r_c=0.000000 | r_s=0.016569 | status=running
[DL Convergence] | phase=optimize | block=2 | epoch=240/500 | active_users=2 | updated_users=1 | objective=33.863655 | sum_rate=29.446655 | r_p=0.372604 | r_c=0.172661 | r_s=0.019929 | status=running
[DL Convergence] | phase=optimize | block=2 | epoch=245/500 | active_users=2 | updated_users=1 | objective=33.660202 | sum_rate=29.269739 | r_p=0.000000 | r_c=0.000000 | r_s=0.010786 | status=running
[DL Convergence] | phase=optimize | block=2 | epoch=250/500 | active_users=2 | updated_users=1 | objective=33.865952 | sum_rate=29.448654 | r_p=0.259836 | r_c=0.123463 | r_s=0.009752 | status=running
[DL Convergence] | phase=optimize | block=2 | epoch=255/500 | active_users=2 | updated_users=1 | objective=33.713730 | sum_rate=29.316286 | r_p=0.000000 | r_c=0.000000 | r_s=0.006152 | status=running
[DL Convergence] | phase=optimize | block=2 | epoch=260/500 | active_users=2 | updated_users=1 | objective=33.833488 | sum_rate=29.420425 | r_p=0.016789 | r_c=0.008130 | r_s=0.009971 | status=running
[DL Convergence] | phase=optimize | block=2 | epoch=265/500 | active_users=2 | updated_users=1 | objective=33.714504 | sum_rate=29.316959 | r_p=0.000000 | r_c=0.000000 | r_s=0.007327 | status=running
[DL Convergence] | phase=optimize | block=2 | epoch=270/500 | active_users=2 | updated_users=1 | objective=33.810635 | sum_rate=29.400551 | r_p=0.000000 | r_c=0.000000 | r_s=0.018000 | status=running
[DL Convergence] | phase=optimize | block=2 | epoch=275/500 | active_users=2 | updated_users=1 | objective=33.735687 | sum_rate=29.335381 | r_p=0.000000 | r_c=0.000000 | r_s=0.009031 | status=running
[DL Convergence] | phase=optimize | block=2 | epoch=280/500 | active_users=2 | updated_users=1 | objective=33.770073 | sum_rate=29.365280 | r_p=0.000000 | r_c=0.000000 | r_s=0.016119 | status=running
[DL Convergence] | phase=optimize | block=2 | epoch=285/500 | active_users=2 | updated_users=1 | objective=33.816780 | sum_rate=29.405895 | r_p=0.000000 | r_c=0.000000 | r_s=0.016189 | status=running
[DL Convergence] | phase=optimize | block=2 | epoch=290/500 | active_users=2 | updated_users=1 | objective=33.644089 | sum_rate=29.255730 | r_p=0.000000 | r_c=0.000000 | r_s=0.025550 | status=running
[DL Convergence] | phase=optimize | block=2 | epoch=295/500 | active_users=2 | updated_users=1 | objective=33.824600 | sum_rate=29.412697 | r_p=0.069625 | r_c=0.035517 | r_s=0.023023 | status=running
[DL Convergence] | phase=optimize | block=2 | epoch=300/500 | active_users=2 | updated_users=1 | objective=33.634811 | sum_rate=29.247662 | r_p=0.000000 | r_c=0.000000 | r_s=0.024145 | status=running
[DL Convergence] | phase=optimize | block=2 | epoch=305/500 | active_users=2 | updated_users=1 | objective=33.825169 | sum_rate=29.413189 | r_p=0.055719 | r_c=0.028915 | r_s=0.022727 | status=running
[DL Convergence] | phase=optimize | block=2 | epoch=310/500 | active_users=2 | updated_users=1 | objective=33.655670 | sum_rate=29.265800 | r_p=0.000000 | r_c=0.000000 | r_s=0.023487 | status=running
[DL Convergence] | phase=optimize | block=2 | epoch=315/500 | active_users=2 | updated_users=1 | objective=33.820332 | sum_rate=29.408983 | r_p=0.012777 | r_c=0.006743 | r_s=0.020740 | status=running
[DL Convergence] | phase=optimize | block=2 | epoch=320/500 | active_users=2 | updated_users=1 | objective=33.690041 | sum_rate=29.295689 | r_p=0.000000 | r_c=0.000000 | r_s=0.021187 | status=running
[DL Convergence] | phase=optimize | block=2 | epoch=325/500 | active_users=2 | updated_users=1 | objective=33.850246 | sum_rate=29.434996 | r_p=0.213472 | r_c=0.114294 | r_s=0.025643 | status=running
[DL Convergence] | phase=optimize | block=2 | epoch=330/500 | active_users=2 | updated_users=1 | objective=33.647781 | sum_rate=29.258942 | r_p=0.000000 | r_c=0.000000 | r_s=0.017801 | status=running
[DL Convergence] | phase=optimize | block=2 | epoch=335/500 | active_users=2 | updated_users=1 | objective=33.862396 | sum_rate=29.445560 | r_p=0.276654 | r_c=0.150437 | r_s=0.021329 | status=running
[DL Convergence] | phase=optimize | block=2 | epoch=340/500 | active_users=2 | updated_users=1 | objective=33.596363 | sum_rate=29.214230 | r_p=0.000000 | r_c=0.000000 | r_s=0.016982 | status=running
[DL Convergence] | phase=optimize | block=2 | epoch=345/500 | active_users=2 | updated_users=1 | objective=33.865105 | sum_rate=29.447918 | r_p=0.338104 | r_c=0.186105 | r_s=0.024773 | status=running
[DL Convergence] | phase=optimize | block=2 | epoch=350/500 | active_users=2 | updated_users=1 | objective=33.559029 | sum_rate=29.181763 | r_p=0.000000 | r_c=0.000000 | r_s=0.019844 | status=running
[DL Convergence] | phase=optimize | block=2 | epoch=355/500 | active_users=2 | updated_users=1 | objective=33.865044 | sum_rate=29.447865 | r_p=0.376231 | r_c=0.209802 | r_s=0.032028 | status=running
[DL Convergence] | phase=optimize | block=2 | epoch=360/500 | active_users=2 | updated_users=1 | objective=33.591545 | sum_rate=29.210037 | r_p=0.000000 | r_c=0.000000 | r_s=0.026355 | status=running
[DL Convergence] | phase=optimize | block=2 | epoch=365/500 | active_users=2 | updated_users=1 | objective=33.824867 | sum_rate=29.412930 | r_p=0.014266 | r_c=0.008141 | r_s=0.022941 | status=running
[DL Convergence] | phase=optimize | block=2 | epoch=370/500 | active_users=2 | updated_users=1 | objective=33.691254 | sum_rate=29.296741 | r_p=0.000000 | r_c=0.000000 | r_s=0.022435 | status=running
[DL Convergence] | phase=optimize | block=2 | epoch=375/500 | active_users=2 | updated_users=1 | objective=33.780869 | sum_rate=29.374668 | r_p=0.000000 | r_c=0.000000 | r_s=0.014767 | status=running
[DL Convergence] | phase=optimize | block=2 | epoch=380/500 | active_users=2 | updated_users=1 | objective=33.712391 | sum_rate=29.315123 | r_p=0.000000 | r_c=0.000000 | r_s=0.024567 | status=running
[DL Convergence] | phase=optimize | block=2 | epoch=385/500 | active_users=2 | updated_users=1 | objective=33.676785 | sum_rate=29.284161 | r_p=0.000000 | r_c=0.000000 | r_s=0.009746 | status=running
[DL Convergence] | phase=optimize | block=2 | epoch=390/500 | active_users=2 | updated_users=1 | objective=33.819611 | sum_rate=29.408356 | r_p=0.069129 | r_c=0.041557 | r_s=0.014564 | status=running
[DL Convergence] | phase=optimize | block=2 | epoch=395/500 | active_users=2 | updated_users=1 | objective=33.381203 | sum_rate=29.027132 | r_p=0.000000 | r_c=0.000000 | r_s=0.010506 | status=running
[DL Convergence] | phase=optimize | block=2 | epoch=400/500 | active_users=2 | updated_users=1 | objective=33.858223 | sum_rate=29.441933 | r_p=0.533618 | r_c=0.324145 | r_s=0.028245 | status=running
[DL Convergence] | phase=optimize | block=2 | epoch=405/500 | active_users=2 | updated_users=1 | objective=33.435650 | sum_rate=29.074478 | r_p=0.000000 | r_c=0.000000 | r_s=0.019892 | status=running
[DL Convergence] | phase=optimize | block=2 | epoch=410/500 | active_users=2 | updated_users=1 | objective=33.851131 | sum_rate=29.435766 | r_p=0.482077 | r_c=0.298278 | r_s=0.032372 | status=running
[DL Convergence] | phase=optimize | block=2 | epoch=415/500 | active_users=2 | updated_users=1 | objective=33.510902 | sum_rate=29.139915 | r_p=0.000000 | r_c=0.000000 | r_s=0.017696 | status=running
[DL Convergence] | phase=optimize | block=2 | epoch=420/500 | active_users=2 | updated_users=1 | objective=33.840965 | sum_rate=29.426928 | r_p=0.365194 | r_c=0.229292 | r_s=0.026461 | status=running
[DL Convergence] | phase=optimize | block=2 | epoch=425/500 | active_users=2 | updated_users=1 | objective=33.499138 | sum_rate=29.129686 | r_p=0.000000 | r_c=0.000000 | r_s=0.021563 | status=running
[DL Convergence] | phase=optimize | block=2 | epoch=430/500 | active_users=2 | updated_users=1 | objective=33.834370 | sum_rate=29.421192 | r_p=0.172065 | r_c=0.109344 | r_s=0.027827 | status=running
[DL Convergence] | phase=optimize | block=2 | epoch=435/500 | active_users=2 | updated_users=1 | objective=33.599701 | sum_rate=29.217131 | r_p=0.000000 | r_c=0.000000 | r_s=0.027675 | status=running
[DL Convergence] | phase=optimize | block=2 | epoch=440/500 | active_users=2 | updated_users=1 | objective=33.700214 | sum_rate=29.304533 | r_p=0.000000 | r_c=0.000000 | r_s=0.013953 | status=running
[DL Convergence] | phase=optimize | block=2 | epoch=445/500 | active_users=2 | updated_users=1 | objective=33.769173 | sum_rate=29.364498 | r_p=0.000000 | r_c=0.000000 | r_s=0.019189 | status=running
[DL Convergence] | phase=optimize | block=2 | epoch=450/500 | active_users=2 | updated_users=1 | objective=33.678482 | sum_rate=29.285637 | r_p=0.000000 | r_c=0.000000 | r_s=0.007987 | status=running
[DL Convergence] | phase=optimize | block=2 | epoch=455/500 | active_users=2 | updated_users=1 | objective=33.828171 | sum_rate=29.415802 | r_p=0.066003 | r_c=0.043812 | r_s=0.009707 | status=running
[DL Convergence] | phase=optimize | block=2 | epoch=460/500 | active_users=2 | updated_users=1 | objective=33.519024 | sum_rate=29.146976 | r_p=0.000000 | r_c=0.000000 | r_s=0.008539 | status=running
[DL Convergence] | phase=optimize | block=2 | epoch=465/500 | active_users=2 | updated_users=1 | objective=33.862984 | sum_rate=29.446072 | r_p=0.370430 | r_c=0.247425 | r_s=0.020985 | status=running
[DL Convergence] | phase=optimize | block=2 | epoch=470/500 | active_users=2 | updated_users=1 | objective=33.554539 | sum_rate=29.177860 | r_p=0.000000 | r_c=0.000000 | r_s=0.016219 | status=running
[DL Convergence] | phase=optimize | block=2 | epoch=475/500 | active_users=2 | updated_users=1 | objective=33.862652 | sum_rate=29.445784 | r_p=0.273590 | r_c=0.184309 | r_s=0.028084 | status=running
[DL Convergence] | phase=optimize | block=2 | epoch=480/500 | active_users=2 | updated_users=1 | objective=33.570232 | sum_rate=29.191505 | r_p=0.000000 | r_c=0.000000 | r_s=0.029435 | status=running
[DL Convergence] | phase=optimize | block=2 | epoch=485/500 | active_users=2 | updated_users=1 | objective=33.646736 | sum_rate=29.258030 | r_p=0.000000 | r_c=0.000000 | r_s=0.012054 | status=running
[DL Convergence] | phase=optimize | block=2 | epoch=490/500 | active_users=2 | updated_users=1 | objective=33.841019 | sum_rate=29.426973 | r_p=0.214149 | r_c=0.149842 | r_s=0.011643 | status=running
[DL Convergence] | phase=optimize | block=2 | epoch=495/500 | active_users=2 | updated_users=1 | objective=33.195618 | sum_rate=28.865753 | r_p=0.000000 | r_c=0.000000 | r_s=0.015850 | status=running
[DL Convergence] | phase=optimize | block=2 | epoch=500/500 | active_users=2 | updated_users=1 | objective=33.870312 | sum_rate=29.452446 | r_p=0.416169 | r_c=0.292122 | r_s=0.039643 | status=running
  user=02 block=02 accepted smaller n_kl=  49 after fresh re-optimization of users [2].
[DL Convergence Reduction] | block=2 | epoch=32 | users=[2, 1]
  user=02 block=02 candidate n_kl=  48 breaks committed-user feasibility [2]; trying fresh re-optimization.
[DL Convergence] | phase=optimize | block=2 | epoch=1/500 | active_users=2 | updated_users=1 | objective=33.816105 | sum_rate=29.405310 | r_p=0.270241 | r_c=0.051338 | r_s=0.002055 | status=running
[DL Convergence] | phase=optimize | block=2 | epoch=5/500 | active_users=2 | updated_users=1 | objective=33.810371 | sum_rate=29.400322 | r_p=0.254685 | r_c=0.049383 | r_s=0.011047 | status=running
[DL Convergence] | phase=optimize | block=2 | epoch=10/500 | active_users=2 | updated_users=1 | objective=33.803795 | sum_rate=29.394604 | r_p=0.228520 | r_c=0.045793 | r_s=0.011644 | status=running
[DL Convergence] | phase=optimize | block=2 | epoch=15/500 | active_users=2 | updated_users=1 | objective=33.816319 | sum_rate=29.405495 | r_p=0.283931 | r_c=0.058827 | r_s=0.015637 | status=running
[DL Convergence] | phase=optimize | block=2 | epoch=20/500 | active_users=2 | updated_users=1 | objective=33.762272 | sum_rate=29.358498 | r_p=0.074746 | r_c=0.016126 | r_s=0.011159 | status=running
[DL Convergence] | phase=optimize | block=2 | epoch=25/500 | active_users=2 | updated_users=1 | objective=33.638786 | sum_rate=29.251120 | r_p=0.000000 | r_c=0.000000 | r_s=0.011118 | status=running
[DL Convergence] | phase=optimize | block=2 | epoch=30/500 | active_users=2 | updated_users=1 | objective=33.617805 | sum_rate=29.232874 | r_p=0.000000 | r_c=0.000000 | r_s=0.018012 | status=running
[DL Convergence] | phase=optimize | block=2 | epoch=35/500 | active_users=2 | updated_users=1 | objective=33.662457 | sum_rate=29.271700 | r_p=0.000000 | r_c=0.000000 | r_s=0.023306 | status=running
[DL Convergence] | phase=optimize | block=2 | epoch=40/500 | active_users=2 | updated_users=1 | objective=33.820850 | sum_rate=29.409435 | r_p=0.338593 | r_c=0.085323 | r_s=0.011090 | status=running
[DL Convergence] | phase=optimize | block=2 | epoch=45/500 | active_users=2 | updated_users=1 | objective=33.818485 | sum_rate=29.407379 | r_p=0.454384 | r_c=0.116484 | r_s=0.024643 | status=running
[DL Convergence] | phase=optimize | block=2 | epoch=50/500 | active_users=2 | updated_users=1 | objective=33.644951 | sum_rate=29.256477 | r_p=0.000000 | r_c=0.000000 | r_s=0.009580 | status=running
[DL Convergence] | phase=optimize | block=2 | epoch=55/500 | active_users=2 | updated_users=1 | objective=33.549240 | sum_rate=29.173252 | r_p=0.000000 | r_c=0.000000 | r_s=0.023386 | status=running
[DL Convergence] | phase=optimize | block=2 | epoch=60/500 | active_users=2 | updated_users=1 | objective=33.814728 | sum_rate=29.404112 | r_p=0.305738 | r_c=0.088138 | r_s=0.012629 | status=running
[DL Convergence] | phase=optimize | block=2 | epoch=65/500 | active_users=2 | updated_users=1 | objective=33.772278 | sum_rate=29.367199 | r_p=0.332658 | r_c=0.096915 | r_s=0.027120 | status=running
[DL Convergence] | phase=optimize | block=2 | epoch=70/500 | active_users=2 | updated_users=1 | objective=33.481094 | sum_rate=29.113997 | r_p=0.000000 | r_c=0.000000 | r_s=0.019247 | status=running
[DL Convergence] | phase=optimize | block=2 | epoch=75/500 | active_users=2 | updated_users=1 | objective=33.754887 | sum_rate=29.352076 | r_p=0.139942 | r_c=0.044414 | r_s=0.016576 | status=running
[DL Convergence] | phase=optimize | block=2 | epoch=80/500 | active_users=2 | updated_users=1 | objective=33.765991 | sum_rate=29.361731 | r_p=0.335001 | r_c=0.106790 | r_s=0.027548 | status=running
[DL Convergence] | phase=optimize | block=2 | epoch=85/500 | active_users=2 | updated_users=1 | objective=33.489468 | sum_rate=29.121275 | r_p=0.000000 | r_c=0.000000 | r_s=0.020599 | status=running
[DL Convergence] | phase=optimize | block=2 | epoch=90/500 | active_users=2 | updated_users=1 | objective=33.788025 | sum_rate=29.380890 | r_p=0.271786 | r_c=0.093100 | r_s=0.011907 | status=running
[DL Convergence] | phase=optimize | block=2 | epoch=95/500 | active_users=2 | updated_users=1 | objective=33.755077 | sum_rate=29.352240 | r_p=0.215841 | r_c=0.074523 | r_s=0.019705 | status=running
[DL Convergence] | phase=optimize | block=2 | epoch=100/500 | active_users=2 | updated_users=1 | objective=33.475189 | sum_rate=29.108860 | r_p=0.000000 | r_c=0.000000 | r_s=0.022007 | status=running
[DL Convergence] | phase=optimize | block=2 | epoch=105/500 | active_users=2 | updated_users=1 | objective=33.832912 | sum_rate=29.419924 | r_p=0.502499 | r_c=0.183670 | r_s=0.017660 | status=running
[DL Convergence] | phase=optimize | block=2 | epoch=110/500 | active_users=2 | updated_users=1 | objective=33.543644 | sum_rate=29.168385 | r_p=0.000000 | r_c=0.000000 | r_s=0.010139 | status=running
[DL Convergence] | phase=optimize | block=2 | epoch=115/500 | active_users=2 | updated_users=1 | objective=33.627495 | sum_rate=29.241301 | r_p=0.000000 | r_c=0.000000 | r_s=0.023944 | status=running
[DL Convergence] | phase=optimize | block=2 | epoch=120/500 | active_users=2 | updated_users=1 | objective=33.783951 | sum_rate=29.377348 | r_p=0.418598 | r_c=0.161615 | r_s=0.029014 | status=running
[DL Convergence] | phase=optimize | block=2 | epoch=125/500 | active_users=2 | updated_users=1 | objective=33.296062 | sum_rate=28.953098 | r_p=0.000000 | r_c=0.000000 | r_s=0.028195 | status=running
[DL Convergence] | phase=optimize | block=2 | epoch=130/500 | active_users=2 | updated_users=1 | objective=33.801655 | sum_rate=29.392742 | r_p=0.823355 | r_c=0.334884 | r_s=0.039547 | status=running
[DL Convergence] | phase=optimize | block=2 | epoch=135/500 | active_users=2 | updated_users=1 | objective=33.296734 | sum_rate=28.953680 | r_p=0.000000 | r_c=0.000000 | r_s=0.018115 | status=running
[DL Convergence] | phase=optimize | block=2 | epoch=140/500 | active_users=2 | updated_users=1 | objective=33.794533 | sum_rate=29.386551 | r_p=0.564876 | r_c=0.244877 | r_s=0.016718 | status=running
[DL Convergence] | phase=optimize | block=2 | epoch=145/500 | active_users=2 | updated_users=1 | objective=33.236309 | sum_rate=28.901138 | r_p=0.000000 | r_c=0.000000 | r_s=0.013212 | status=running
[DL Convergence] | phase=optimize | block=2 | epoch=150/500 | active_users=2 | updated_users=1 | objective=33.776649 | sum_rate=29.370998 | r_p=0.403244 | r_c=0.183800 | r_s=0.015389 | status=running
[DL Convergence] | phase=optimize | block=2 | epoch=155/500 | active_users=2 | updated_users=1 | objective=33.382607 | sum_rate=29.028353 | r_p=0.000000 | r_c=0.000000 | r_s=0.012346 | status=running
[DL Convergence] | phase=optimize | block=2 | epoch=160/500 | active_users=2 | updated_users=1 | objective=33.762699 | sum_rate=29.358868 | r_p=0.278566 | r_c=0.133060 | r_s=0.017033 | status=running
[DL Convergence] | phase=optimize | block=2 | epoch=165/500 | active_users=2 | updated_users=1 | objective=33.336864 | sum_rate=28.988579 | r_p=0.000000 | r_c=0.000000 | r_s=0.012327 | status=running
[DL Convergence] | phase=optimize | block=2 | epoch=170/500 | active_users=2 | updated_users=1 | objective=33.779835 | sum_rate=29.373768 | r_p=0.359447 | r_c=0.179157 | r_s=0.015969 | status=running
[DL Convergence] | phase=optimize | block=2 | epoch=175/500 | active_users=2 | updated_users=1 | objective=33.291702 | sum_rate=28.949306 | r_p=0.000000 | r_c=0.000000 | r_s=0.012622 | status=running
[DL Convergence] | phase=optimize | block=2 | epoch=180/500 | active_users=2 | updated_users=1 | objective=33.804016 | sum_rate=29.394798 | r_p=0.462556 | r_c=0.239070 | r_s=0.014772 | status=running
[DL Convergence] | phase=optimize | block=2 | epoch=185/500 | active_users=2 | updated_users=1 | objective=33.402874 | sum_rate=29.045979 | r_p=0.000000 | r_c=0.000000 | r_s=0.011344 | status=running
[DL Convergence] | phase=optimize | block=2 | epoch=190/500 | active_users=2 | updated_users=1 | objective=33.788563 | sum_rate=29.381359 | r_p=0.367692 | r_c=0.196411 | r_s=0.011501 | status=running
[DL Convergence] | phase=optimize | block=2 | epoch=195/500 | active_users=2 | updated_users=1 | objective=33.491631 | sum_rate=29.123158 | r_p=0.000000 | r_c=0.000000 | r_s=0.009021 | status=running
[DL Convergence] | phase=optimize | block=2 | epoch=200/500 | active_users=2 | updated_users=1 | objective=33.775597 | sum_rate=29.370083 | r_p=0.290946 | r_c=0.159963 | r_s=0.009290 | status=running
[DL Convergence] | phase=optimize | block=2 | epoch=205/500 | active_users=2 | updated_users=1 | objective=33.519299 | sum_rate=29.147217 | r_p=0.000000 | r_c=0.000000 | r_s=0.006920 | status=running
[DL Convergence] | phase=optimize | block=2 | epoch=210/500 | active_users=2 | updated_users=1 | objective=33.762814 | sum_rate=29.358969 | r_p=0.253056 | r_c=0.143029 | r_s=0.009091 | status=running
[DL Convergence] | phase=optimize | block=2 | epoch=215/500 | active_users=2 | updated_users=1 | objective=33.556839 | sum_rate=29.179861 | r_p=0.000000 | r_c=0.000000 | r_s=0.007678 | status=running
[DL Convergence] | phase=optimize | block=2 | epoch=220/500 | active_users=2 | updated_users=1 | objective=33.653652 | sum_rate=29.264046 | r_p=0.000000 | r_c=0.000000 | r_s=0.014277 | status=running
[DL Convergence] | phase=optimize | block=2 | epoch=225/500 | active_users=2 | updated_users=1 | objective=33.760551 | sum_rate=29.357002 | r_p=0.183146 | r_c=0.105669 | r_s=0.012957 | status=running
[DL Convergence] | phase=optimize | block=2 | epoch=230/500 | active_users=2 | updated_users=1 | objective=33.640087 | sum_rate=29.252251 | r_p=0.000000 | r_c=0.000000 | r_s=0.008335 | status=running
[DL Convergence] | phase=optimize | block=2 | epoch=235/500 | active_users=2 | updated_users=1 | objective=33.729019 | sum_rate=29.329582 | r_p=0.010697 | r_c=0.006302 | r_s=0.013647 | status=running
[DL Convergence] | phase=optimize | block=2 | epoch=240/500 | active_users=2 | updated_users=1 | objective=33.670273 | sum_rate=29.278500 | r_p=0.000000 | r_c=0.000000 | r_s=0.011980 | status=running
[DL Convergence] | phase=optimize | block=2 | epoch=245/500 | active_users=2 | updated_users=1 | objective=33.616169 | sum_rate=29.231451 | r_p=0.000000 | r_c=0.000000 | r_s=0.022955 | status=running
[DL Convergence] | phase=optimize | block=2 | epoch=250/500 | active_users=2 | updated_users=1 | objective=33.654839 | sum_rate=29.265076 | r_p=0.000000 | r_c=0.000000 | r_s=0.014168 | status=running
[DL Convergence] | phase=optimize | block=2 | epoch=255/500 | active_users=2 | updated_users=1 | objective=33.606544 | sum_rate=29.223082 | r_p=0.000000 | r_c=0.000000 | r_s=0.024904 | status=running
[DL Convergence] | phase=optimize | block=2 | epoch=260/500 | active_users=2 | updated_users=1 | objective=33.557102 | sum_rate=29.180088 | r_p=0.000000 | r_c=0.000000 | r_s=0.010852 | status=running
[DL Convergence] | phase=optimize | block=2 | epoch=265/500 | active_users=2 | updated_users=1 | objective=33.697544 | sum_rate=29.302212 | r_p=0.055050 | r_c=0.034828 | r_s=0.015445 | status=running
[DL Convergence] | phase=optimize | block=2 | epoch=270/500 | active_users=2 | updated_users=1 | objective=33.388115 | sum_rate=29.033142 | r_p=0.000000 | r_c=0.000000 | r_s=0.007146 | status=running
[DL Convergence] | phase=optimize | block=2 | epoch=275/500 | active_users=2 | updated_users=1 | objective=33.782047 | sum_rate=29.375692 | r_p=0.400936 | r_c=0.258805 | r_s=0.010928 | status=running
[DL Convergence] | phase=optimize | block=2 | epoch=280/500 | active_users=2 | updated_users=1 | objective=33.170063 | sum_rate=28.843533 | r_p=0.000000 | r_c=0.000000 | r_s=0.013469 | status=running
[DL Convergence] | phase=optimize | block=2 | epoch=285/500 | active_users=2 | updated_users=1 | objective=33.812977 | sum_rate=29.402588 | r_p=0.628632 | r_c=0.411684 | r_s=0.030360 | status=running
[DL Convergence] | phase=optimize | block=2 | epoch=290/500 | active_users=2 | updated_users=1 | objective=33.181351 | sum_rate=28.853348 | r_p=0.000000 | r_c=0.000000 | r_s=0.025103 | status=running
[DL Convergence] | phase=optimize | block=2 | epoch=295/500 | active_users=2 | updated_users=1 | objective=33.790752 | sum_rate=29.383263 | r_p=0.316007 | r_c=0.210987 | r_s=0.032670 | status=running
[DL Convergence] | phase=optimize | block=2 | epoch=300/500 | active_users=2 | updated_users=1 | objective=33.473328 | sum_rate=29.107241 | r_p=0.000000 | r_c=0.000000 | r_s=0.032779 | status=running
[DL Convergence] | phase=optimize | block=2 | epoch=305/500 | active_users=2 | updated_users=1 | objective=33.468426 | sum_rate=29.102978 | r_p=0.000000 | r_c=0.000000 | r_s=0.010954 | status=running
[DL Convergence] | phase=optimize | block=2 | epoch=310/500 | active_users=2 | updated_users=1 | objective=33.775314 | sum_rate=29.369839 | r_p=0.388315 | r_c=0.275697 | r_s=0.013266 | status=running
[DL Convergence] | phase=optimize | block=2 | epoch=315/500 | active_users=2 | updated_users=1 | objective=33.030163 | sum_rate=28.721882 | r_p=0.000000 | r_c=0.000000 | r_s=0.015136 | status=running
[DL Convergence] | phase=optimize | block=2 | epoch=320/500 | active_users=2 | updated_users=1 | objective=33.800415 | sum_rate=29.391666 | r_p=0.616062 | r_c=0.444151 | r_s=0.030760 | status=running
[DL Convergence] | phase=optimize | block=2 | epoch=325/500 | active_users=2 | updated_users=1 | objective=33.303299 | sum_rate=28.959391 | r_p=0.000000 | r_c=0.000000 | r_s=0.018404 | status=running
[DL Convergence] | phase=optimize | block=2 | epoch=330/500 | active_users=2 | updated_users=1 | objective=33.798016 | sum_rate=29.389580 | r_p=0.490752 | r_c=0.359760 | r_s=0.028138 | status=running
[DL Convergence] | phase=optimize | block=2 | epoch=335/500 | active_users=2 | updated_users=1 | objective=33.415272 | sum_rate=29.056757 | r_p=0.000000 | r_c=0.000000 | r_s=0.021436 | status=running
[DL Convergence] | phase=optimize | block=2 | epoch=340/500 | active_users=2 | updated_users=1 | objective=33.773773 | sum_rate=29.368500 | r_p=0.264995 | r_c=0.197568 | r_s=0.024543 | status=running
[DL Convergence] | phase=optimize | block=2 | epoch=345/500 | active_users=2 | updated_users=1 | objective=33.522930 | sum_rate=29.150373 | r_p=0.000000 | r_c=0.000000 | r_s=0.023723 | status=running
[DL Convergence] | phase=optimize | block=2 | epoch=350/500 | active_users=2 | updated_users=1 | objective=33.666206 | sum_rate=29.274963 | r_p=0.000000 | r_c=0.000000 | r_s=0.014519 | status=running
[DL Convergence] | phase=optimize | block=2 | epoch=355/500 | active_users=2 | updated_users=1 | objective=33.654034 | sum_rate=29.264376 | r_p=0.000000 | r_c=0.000000 | r_s=0.018546 | status=running
[DL Convergence] | phase=optimize | block=2 | epoch=360/500 | active_users=2 | updated_users=1 | objective=33.516785 | sum_rate=29.145031 | r_p=0.000000 | r_c=0.000000 | r_s=0.005985 | status=running
[DL Convergence] | phase=optimize | block=2 | epoch=365/500 | active_users=2 | updated_users=1 | objective=33.728134 | sum_rate=29.328812 | r_p=0.185109 | r_c=0.145045 | r_s=0.007845 | status=running
[DL Convergence] | phase=optimize | block=2 | epoch=370/500 | active_users=2 | updated_users=1 | objective=33.502678 | sum_rate=29.132765 | r_p=0.000000 | r_c=0.000000 | r_s=0.005884 | status=running
[DL Convergence] | phase=optimize | block=2 | epoch=375/500 | active_users=2 | updated_users=1 | objective=33.722046 | sum_rate=29.323517 | r_p=0.157841 | r_c=0.125152 | r_s=0.007216 | status=running
[DL Convergence] | phase=optimize | block=2 | epoch=380/500 | active_users=2 | updated_users=1 | objective=33.556355 | sum_rate=29.179438 | r_p=0.000000 | r_c=0.000000 | r_s=0.006488 | status=running
[DL Convergence] | phase=optimize | block=2 | epoch=385/500 | active_users=2 | updated_users=1 | objective=33.723869 | sum_rate=29.325102 | r_p=0.100376 | r_c=0.080395 | r_s=0.008411 | status=running
[DL Convergence] | phase=optimize | block=2 | epoch=390/500 | active_users=2 | updated_users=1 | objective=33.593449 | sum_rate=29.211695 | r_p=0.000000 | r_c=0.000000 | r_s=0.007478 | status=running
[DL Convergence] | phase=optimize | block=2 | epoch=395/500 | active_users=2 | updated_users=1 | objective=33.733875 | sum_rate=29.333805 | r_p=0.092193 | r_c=0.074674 | r_s=0.010289 | status=running
[DL Convergence] | phase=optimize | block=2 | epoch=400/500 | active_users=2 | updated_users=1 | objective=33.531139 | sum_rate=29.157513 | r_p=0.000000 | r_c=0.000000 | r_s=0.007801 | status=running
[DL Convergence] | phase=optimize | block=2 | epoch=405/500 | active_users=2 | updated_users=1 | objective=33.768082 | sum_rate=29.363550 | r_p=0.169281 | r_c=0.138390 | r_s=0.008781 | status=running
[DL Convergence] | phase=optimize | block=2 | epoch=410/500 | active_users=2 | updated_users=1 | objective=33.605804 | sum_rate=29.222437 | r_p=0.000000 | r_c=0.000000 | r_s=0.008070 | status=running
[DL Convergence] | phase=optimize | block=2 | epoch=415/500 | active_users=2 | updated_users=1 | objective=33.754803 | sum_rate=29.352001 | r_p=0.093758 | r_c=0.077428 | r_s=0.007991 | status=running
[DL Convergence] | phase=optimize | block=2 | epoch=420/500 | active_users=2 | updated_users=1 | objective=33.564236 | sum_rate=29.186293 | r_p=0.000000 | r_c=0.000000 | r_s=0.006058 | status=running
[DL Convergence] | phase=optimize | block=2 | epoch=425/500 | active_users=2 | updated_users=1 | objective=33.775749 | sum_rate=29.370216 | r_p=0.162132 | r_c=0.135145 | r_s=0.006806 | status=running
[DL Convergence] | phase=optimize | block=2 | epoch=430/500 | active_users=2 | updated_users=1 | objective=33.571312 | sum_rate=29.192444 | r_p=0.000000 | r_c=0.000000 | r_s=0.006013 | status=running
[DL Convergence] | phase=optimize | block=2 | epoch=435/500 | active_users=2 | updated_users=1 | objective=33.766880 | sum_rate=29.362503 | r_p=0.128912 | r_c=0.108342 | r_s=0.006274 | status=running
[DL Convergence] | phase=optimize | block=2 | epoch=440/500 | active_users=2 | updated_users=1 | objective=33.616516 | sum_rate=29.231754 | r_p=0.000000 | r_c=0.000000 | r_s=0.005233 | status=running
[DL Convergence] | phase=optimize | block=2 | epoch=445/500 | active_users=2 | updated_users=1 | objective=33.755821 | sum_rate=29.352886 | r_p=0.095041 | r_c=0.080641 | r_s=0.006904 | status=running
[DL Convergence] | phase=optimize | block=2 | epoch=450/500 | active_users=2 | updated_users=1 | objective=33.540794 | sum_rate=29.165909 | r_p=0.000000 | r_c=0.000000 | r_s=0.005434 | status=running
[DL Convergence] | phase=optimize | block=2 | epoch=455/500 | active_users=2 | updated_users=1 | objective=33.781029 | sum_rate=29.374809 | r_p=0.176426 | r_c=0.150799 | r_s=0.006535 | status=running
[DL Convergence] | phase=optimize | block=2 | epoch=460/500 | active_users=2 | updated_users=1 | objective=33.616093 | sum_rate=29.231384 | r_p=0.000000 | r_c=0.000000 | r_s=0.004776 | status=running
[DL Convergence] | phase=optimize | block=2 | epoch=465/500 | active_users=2 | updated_users=1 | objective=33.751442 | sum_rate=29.349081 | r_p=0.075401 | r_c=0.064982 | r_s=0.005629 | status=running
[DL Convergence] | phase=optimize | block=2 | epoch=470/500 | active_users=2 | updated_users=1 | objective=33.582867 | sum_rate=29.202492 | r_p=0.000000 | r_c=0.000000 | r_s=0.004411 | status=running
[DL Convergence] | phase=optimize | block=2 | epoch=475/500 | active_users=2 | updated_users=1 | objective=33.770100 | sum_rate=29.365303 | r_p=0.140431 | r_c=0.122010 | r_s=0.005231 | status=running
[DL Convergence] | phase=optimize | block=2 | epoch=480/500 | active_users=2 | updated_users=1 | objective=33.559914 | sum_rate=29.182533 | r_p=0.000000 | r_c=0.000000 | r_s=0.004902 | status=running
[DL Convergence] | phase=optimize | block=2 | epoch=485/500 | active_users=2 | updated_users=1 | objective=33.762508 | sum_rate=29.358702 | r_p=0.106565 | r_c=0.093167 | r_s=0.005972 | status=running
[DL Convergence] | phase=optimize | block=2 | epoch=490/500 | active_users=2 | updated_users=1 | objective=33.652119 | sum_rate=29.262711 | r_p=0.000000 | r_c=0.000000 | r_s=0.005778 | status=running
[DL Convergence] | phase=optimize | block=2 | epoch=495/500 | active_users=2 | updated_users=1 | objective=33.661930 | sum_rate=29.271244 | r_p=0.000000 | r_c=0.000000 | r_s=0.010024 | status=running
[DL Convergence] | phase=optimize | block=2 | epoch=500/500 | active_users=2 | updated_users=1 | objective=33.734528 | sum_rate=29.334372 | r_p=0.011328 | r_c=0.009945 | r_s=0.010812 | status=running
  user=02 block=02 candidate n_kl=  48 after updating users [2] still leaves committed users infeasible [2] after re-optimization; stopping further n_kl reduction for this user in this block.
  user=01 block=02 accepted smaller n_kl=  28 without fresh re-optimization.
[DL Convergence Reduction] | block=2 | epoch=33 | users=[1]
  user=01 block=02 accepted smaller n_kl=  27 without fresh re-optimization.
[DL Convergence Reduction] | block=2 | epoch=34 | users=[1]
  user=01 block=02 accepted smaller n_kl=  26 without fresh re-optimization.
[DL Convergence Reduction] | block=2 | epoch=35 | users=[1]
  user=01 block=02 accepted smaller n_kl=  25 without fresh re-optimization.
[DL Convergence Reduction] | block=2 | epoch=36 | users=[1]
  user=01 block=02 accepted smaller n_kl=  24 without fresh re-optimization.
[DL Convergence Reduction] | block=2 | epoch=37 | users=[1]
  user=01 block=02 candidate n_kl=  23 breaks committed-user feasibility [1]; trying fresh re-optimization.
[DL Convergence] | phase=optimize | block=2 | epoch=1/500 | active_users=2 | updated_users=1 | objective=33.386368 | sum_rate=29.031624 | r_p=0.620196 | r_c=0.117820 | r_s=0.024850 | status=running
[DL Convergence] | phase=optimize | block=2 | epoch=5/500 | active_users=2 | updated_users=1 | objective=33.383560 | sum_rate=29.029182 | r_p=0.637694 | r_c=0.129902 | r_s=0.012144 | status=running
[DL Convergence] | phase=optimize | block=2 | epoch=10/500 | active_users=2 | updated_users=1 | objective=33.341095 | sum_rate=28.992256 | r_p=0.714598 | r_c=0.153326 | r_s=0.022860 | status=running
[DL Convergence] | phase=optimize | block=2 | epoch=15/500 | active_users=2 | updated_users=1 | objective=33.308968 | sum_rate=28.964321 | r_p=0.856720 | r_c=0.199536 | r_s=0.018792 | status=running
[DL Convergence] | phase=optimize | block=2 | epoch=20/500 | active_users=2 | updated_users=1 | objective=33.275650 | sum_rate=28.935347 | r_p=0.939558 | r_c=0.236048 | r_s=0.020163 | status=running
[DL Convergence] | phase=optimize | block=2 | epoch=25/500 | active_users=2 | updated_users=1 | objective=33.199097 | sum_rate=28.868778 | r_p=1.170105 | r_c=0.312917 | r_s=0.032692 | status=running
[DL Convergence] | phase=optimize | block=2 | epoch=30/500 | active_users=2 | updated_users=1 | objective=33.344116 | sum_rate=28.994883 | r_p=0.499895 | r_c=0.143877 | r_s=0.024252 | status=running
[DL Convergence] | phase=optimize | block=2 | epoch=35/500 | active_users=2 | updated_users=1 | objective=33.205814 | sum_rate=28.874622 | r_p=1.369962 | r_c=0.454942 | r_s=0.025157 | status=running
[DL Convergence] | phase=optimize | block=2 | epoch=40/500 | active_users=2 | updated_users=1 | objective=33.343552 | sum_rate=28.994392 | r_p=0.735667 | r_c=0.259202 | r_s=0.040371 | status=running
[DL Convergence] | phase=optimize | block=2 | epoch=45/500 | active_users=2 | updated_users=1 | objective=32.979755 | sum_rate=28.678049 | r_p=1.658760 | r_c=0.604919 | r_s=0.046644 | status=running
[DL Convergence] | phase=optimize | block=2 | epoch=50/500 | active_users=2 | updated_users=1 | objective=33.131039 | sum_rate=28.809599 | r_p=1.473709 | r_c=0.635882 | r_s=0.023723 | status=running
[DL Convergence] | phase=optimize | block=2 | epoch=55/500 | active_users=2 | updated_users=1 | objective=33.271637 | sum_rate=28.931858 | r_p=0.535130 | r_c=0.236789 | r_s=0.026139 | status=running
[DL Convergence] | phase=optimize | block=2 | epoch=60/500 | active_users=2 | updated_users=1 | objective=33.255585 | sum_rate=28.917900 | r_p=0.799685 | r_c=0.358131 | r_s=0.033711 | status=running
[DL Convergence] | phase=optimize | block=2 | epoch=65/500 | active_users=2 | updated_users=1 | objective=33.138412 | sum_rate=28.816010 | r_p=1.470323 | r_c=0.756433 | r_s=0.047325 | status=running
[DL Convergence] | phase=optimize | block=2 | epoch=70/500 | active_users=2 | updated_users=1 | objective=32.948891 | sum_rate=28.651211 | r_p=1.662111 | r_c=0.841758 | r_s=0.052339 | status=running
[DL Convergence] | phase=optimize | block=2 | epoch=75/500 | active_users=2 | updated_users=1 | objective=33.069012 | sum_rate=28.755661 | r_p=1.669959 | r_c=0.977245 | r_s=0.052144 | status=running
[DL Convergence] | phase=optimize | block=2 | epoch=80/500 | active_users=2 | updated_users=1 | objective=33.058098 | sum_rate=28.746172 | r_p=1.427734 | r_c=0.817523 | r_s=0.049168 | status=running
[DL Convergence] | phase=optimize | block=2 | epoch=85/500 | active_users=2 | updated_users=1 | objective=33.016457 | sum_rate=28.709961 | r_p=1.509050 | r_c=0.998790 | r_s=0.058491 | status=running
[DL Convergence] | phase=optimize | block=2 | epoch=90/500 | active_users=2 | updated_users=1 | objective=33.302845 | sum_rate=28.958996 | r_p=0.631426 | r_c=0.408236 | r_s=0.036632 | status=running
[DL Convergence] | phase=optimize | block=2 | epoch=95/500 | active_users=2 | updated_users=1 | objective=32.687130 | sum_rate=28.423592 | r_p=0.701029 | r_c=0.523215 | r_s=0.043217 | status=running
[DL Convergence] | phase=optimize | block=2 | epoch=100/500 | active_users=2 | updated_users=1 | objective=32.816128 | sum_rate=28.535763 | r_p=1.451857 | r_c=1.192980 | r_s=0.015498 | status=running
[DL Convergence] | phase=optimize | block=2 | epoch=105/500 | active_users=2 | updated_users=1 | objective=32.589401 | sum_rate=28.338608 | r_p=1.662227 | r_c=1.305026 | r_s=0.025118 | status=running
[DL Convergence] | phase=optimize | block=2 | epoch=110/500 | active_users=2 | updated_users=1 | objective=33.105923 | sum_rate=28.787758 | r_p=1.366089 | r_c=1.206823 | r_s=0.037991 | status=running
[DL Convergence] | phase=optimize | block=2 | epoch=115/500 | active_users=2 | updated_users=1 | objective=33.034595 | sum_rate=28.725735 | r_p=1.378128 | r_c=1.142062 | r_s=0.036161 | status=running
[DL Convergence] | phase=optimize | block=2 | epoch=120/500 | active_users=2 | updated_users=1 | objective=33.045578 | sum_rate=28.735285 | r_p=1.113495 | r_c=1.041687 | r_s=0.031047 | status=running
[DL Convergence] | phase=optimize | block=2 | epoch=125/500 | active_users=2 | updated_users=1 | objective=33.084846 | sum_rate=28.769432 | r_p=0.603069 | r_c=0.530139 | r_s=0.020956 | status=running
[DL Convergence] | phase=optimize | block=2 | epoch=130/500 | active_users=2 | updated_users=1 | objective=33.222145 | sum_rate=28.888821 | r_p=0.376226 | r_c=0.366726 | r_s=0.019210 | status=running
[DL Convergence] | phase=optimize | block=2 | epoch=135/500 | active_users=2 | updated_users=1 | objective=33.255394 | sum_rate=28.917732 | r_p=0.707399 | r_c=0.726860 | r_s=0.010715 | status=running
[DL Convergence] | phase=optimize | block=2 | epoch=140/500 | active_users=2 | updated_users=1 | objective=33.214088 | sum_rate=28.881815 | r_p=0.868217 | r_c=0.832030 | r_s=0.012973 | status=running
[DL Convergence] | phase=optimize | block=2 | epoch=145/500 | active_users=2 | updated_users=1 | objective=33.336510 | sum_rate=28.988270 | r_p=0.803377 | r_c=0.855718 | r_s=0.016651 | status=running
[DL Convergence] | phase=optimize | block=2 | epoch=150/500 | active_users=2 | updated_users=1 | objective=33.246742 | sum_rate=28.910210 | r_p=0.997204 | r_c=0.991606 | r_s=0.016975 | status=running
[DL Convergence] | phase=optimize | block=2 | epoch=155/500 | active_users=2 | updated_users=1 | objective=33.308479 | sum_rate=28.963894 | r_p=0.919438 | r_c=1.007123 | r_s=0.018320 | status=running
[DL Convergence] | phase=optimize | block=2 | epoch=160/500 | active_users=2 | updated_users=1 | objective=33.296597 | sum_rate=28.953562 | r_p=0.668253 | r_c=0.684771 | r_s=0.017765 | status=running
[DL Convergence] | phase=optimize | block=2 | epoch=165/500 | active_users=2 | updated_users=1 | objective=33.320988 | sum_rate=28.974771 | r_p=0.334642 | r_c=0.369729 | r_s=0.017231 | status=running
[DL Convergence] | phase=optimize | block=2 | epoch=170/500 | active_users=2 | updated_users=1 | objective=33.311039 | sum_rate=28.966122 | r_p=0.807036 | r_c=0.945397 | r_s=0.010126 | status=running
[DL Convergence] | phase=optimize | block=2 | epoch=175/500 | active_users=2 | updated_users=1 | objective=33.193192 | sum_rate=28.863644 | r_p=1.178602 | r_c=1.295757 | r_s=0.019112 | status=running
[DL Convergence] | phase=optimize | block=2 | epoch=180/500 | active_users=2 | updated_users=1 | objective=33.296143 | sum_rate=28.953167 | r_p=0.994367 | r_c=1.191360 | r_s=0.022584 | status=running
[DL Convergence] | phase=optimize | block=2 | epoch=185/500 | active_users=2 | updated_users=1 | objective=33.309814 | sum_rate=28.965057 | r_p=0.536440 | r_c=0.607203 | r_s=0.018088 | status=running
[DL Convergence] | phase=optimize | block=2 | epoch=190/500 | active_users=2 | updated_users=1 | objective=33.248863 | sum_rate=28.912056 | r_p=0.747002 | r_c=0.882650 | r_s=0.011427 | status=running
[DL Convergence] | phase=optimize | block=2 | epoch=195/500 | active_users=2 | updated_users=1 | objective=33.223694 | sum_rate=28.890169 | r_p=1.225304 | r_c=1.567905 | r_s=0.017416 | status=running
[DL Convergence] | phase=optimize | block=2 | epoch=200/500 | active_users=2 | updated_users=1 | objective=33.161545 | sum_rate=28.836124 | r_p=1.240677 | r_c=1.494104 | r_s=0.031492 | status=running
[DL Convergence] | phase=optimize | block=2 | epoch=205/500 | active_users=2 | updated_users=1 | objective=33.227177 | sum_rate=28.893198 | r_p=0.705721 | r_c=0.928129 | r_s=0.030821 | status=running
[DL Convergence] | phase=optimize | block=2 | epoch=210/500 | active_users=2 | updated_users=1 | objective=33.232491 | sum_rate=28.897820 | r_p=0.885676 | r_c=1.214853 | r_s=0.009900 | status=running
[DL Convergence] | phase=optimize | block=2 | epoch=215/500 | active_users=2 | updated_users=1 | objective=33.130138 | sum_rate=28.808817 | r_p=1.190294 | r_c=1.539539 | r_s=0.018433 | status=running
[DL Convergence] | phase=optimize | block=2 | epoch=220/500 | active_users=2 | updated_users=1 | objective=33.274876 | sum_rate=28.934673 | r_p=1.118810 | r_c=1.570099 | r_s=0.025762 | status=running
[DL Convergence] | phase=optimize | block=2 | epoch=225/500 | active_users=2 | updated_users=1 | objective=33.291744 | sum_rate=28.949343 | r_p=0.785683 | r_c=1.040756 | r_s=0.024122 | status=running
[DL Convergence] | phase=optimize | block=2 | epoch=230/500 | active_users=2 | updated_users=1 | objective=33.234749 | sum_rate=28.899782 | r_p=0.387121 | r_c=0.532296 | r_s=0.019506 | status=running
[DL Convergence] | phase=optimize | block=2 | epoch=235/500 | active_users=2 | updated_users=1 | objective=33.262669 | sum_rate=28.924061 | r_p=0.844808 | r_c=1.257069 | r_s=0.009909 | status=running
[DL Convergence] | phase=optimize | block=2 | epoch=240/500 | active_users=2 | updated_users=1 | objective=33.156940 | sum_rate=28.832123 | r_p=1.184616 | r_c=1.665561 | r_s=0.019502 | status=running
[DL Convergence] | phase=optimize | block=2 | epoch=245/500 | active_users=2 | updated_users=1 | objective=33.286751 | sum_rate=28.945000 | r_p=0.943078 | r_c=1.428198 | r_s=0.024210 | status=running
[DL Convergence] | phase=optimize | block=2 | epoch=250/500 | active_users=2 | updated_users=1 | objective=33.313053 | sum_rate=28.967871 | r_p=0.377987 | r_c=0.590111 | r_s=0.013753 | status=running
[DL Convergence] | phase=optimize | block=2 | epoch=255/500 | active_users=2 | updated_users=1 | objective=33.160366 | sum_rate=28.835100 | r_p=0.991123 | r_c=1.466671 | r_s=0.009457 | status=running
[DL Convergence] | phase=optimize | block=2 | epoch=260/500 | active_users=2 | updated_users=1 | objective=33.310322 | sum_rate=28.965496 | r_p=0.940572 | r_c=1.488569 | r_s=0.020295 | status=running
[DL Convergence] | phase=optimize | block=2 | epoch=265/500 | active_users=2 | updated_users=1 | objective=33.332649 | sum_rate=28.984911 | r_p=0.477549 | r_c=0.718297 | r_s=0.016269 | status=running
[DL Convergence] | phase=optimize | block=2 | epoch=270/500 | active_users=2 | updated_users=1 | objective=33.182022 | sum_rate=28.853931 | r_p=0.854324 | r_c=1.323172 | r_s=0.006702 | status=running
[DL Convergence] | phase=optimize | block=2 | epoch=275/500 | active_users=2 | updated_users=1 | objective=33.296684 | sum_rate=28.953640 | r_p=1.015741 | r_c=1.676340 | r_s=0.019017 | status=running
[DL Convergence] | phase=optimize | block=2 | epoch=280/500 | active_users=2 | updated_users=1 | objective=33.331776 | sum_rate=28.984152 | r_p=0.604967 | r_c=0.948698 | r_s=0.018872 | status=running
[DL Convergence] | phase=optimize | block=2 | epoch=285/500 | active_users=2 | updated_users=1 | objective=33.155270 | sum_rate=28.830669 | r_p=0.795269 | r_c=1.284949 | r_s=0.007677 | status=running
[DL Convergence] | phase=optimize | block=2 | epoch=290/500 | active_users=2 | updated_users=1 | objective=33.306465 | sum_rate=28.962143 | r_p=0.926110 | r_c=1.586628 | r_s=0.017855 | status=running
[DL Convergence] | phase=optimize | block=2 | epoch=295/500 | active_users=2 | updated_users=1 | objective=33.335075 | sum_rate=28.987022 | r_p=0.626631 | r_c=1.024945 | r_s=0.018116 | status=running
[DL Convergence] | phase=optimize | block=2 | epoch=300/500 | active_users=2 | updated_users=1 | objective=33.164543 | sum_rate=28.838732 | r_p=0.709362 | r_c=1.192528 | r_s=0.008094 | status=running
[DL Convergence] | phase=optimize | block=2 | epoch=305/500 | active_users=2 | updated_users=1 | objective=33.311665 | sum_rate=28.966663 | r_p=0.901123 | r_c=1.598477 | r_s=0.017013 | status=running
[DL Convergence] | phase=optimize | block=2 | epoch=310/500 | active_users=2 | updated_users=1 | objective=33.327946 | sum_rate=28.980824 | r_p=0.667377 | r_c=1.134531 | r_s=0.018295 | status=running
[DL Convergence] | phase=optimize | block=2 | epoch=315/500 | active_users=2 | updated_users=1 | objective=33.221329 | sum_rate=28.888111 | r_p=0.563196 | r_c=0.980794 | r_s=0.007597 | status=running
[DL Convergence] | phase=optimize | block=2 | epoch=320/500 | active_users=2 | updated_users=1 | objective=33.317501 | sum_rate=28.971741 | r_p=0.801826 | r_c=1.469274 | r_s=0.012988 | status=running
[DL Convergence] | phase=optimize | block=2 | epoch=325/500 | active_users=2 | updated_users=1 | objective=33.340672 | sum_rate=28.991888 | r_p=0.651733 | r_c=1.147034 | r_s=0.015614 | status=running
[DL Convergence] | phase=optimize | block=2 | epoch=330/500 | active_users=2 | updated_users=1 | objective=33.295101 | sum_rate=28.952263 | r_p=0.426208 | r_c=0.765044 | r_s=0.007520 | status=running
[DL Convergence] | phase=optimize | block=2 | epoch=335/500 | active_users=2 | updated_users=1 | objective=33.335491 | sum_rate=28.987383 | r_p=0.671684 | r_c=1.266397 | r_s=0.008840 | status=running
[DL Convergence] | phase=optimize | block=2 | epoch=340/500 | active_users=2 | updated_users=1 | objective=33.353596 | sum_rate=29.003126 | r_p=0.627197 | r_c=1.137978 | r_s=0.012539 | status=running
[DL Convergence] | phase=optimize | block=2 | epoch=345/500 | active_users=2 | updated_users=1 | objective=33.329193 | sum_rate=28.981907 | r_p=0.395475 | r_c=0.730645 | r_s=0.007057 | status=running
[DL Convergence] | phase=optimize | block=2 | epoch=350/500 | active_users=2 | updated_users=1 | objective=33.348877 | sum_rate=28.999022 | r_p=0.656467 | r_c=1.268450 | r_s=0.007402 | status=running
[DL Convergence] | phase=optimize | block=2 | epoch=355/500 | active_users=2 | updated_users=1 | objective=33.354305 | sum_rate=29.003744 | r_p=0.647938 | r_c=1.209607 | r_s=0.012407 | status=running
[DL Convergence] | phase=optimize | block=2 | epoch=360/500 | active_users=2 | updated_users=1 | objective=33.358437 | sum_rate=29.007338 | r_p=0.343666 | r_c=0.652080 | r_s=0.007054 | status=running
[DL Convergence] | phase=optimize | block=2 | epoch=365/500 | active_users=2 | updated_users=1 | objective=33.354160 | sum_rate=29.003618 | r_p=0.685102 | r_c=1.355950 | r_s=0.006480 | status=running
[DL Convergence] | phase=optimize | block=2 | epoch=370/500 | active_users=2 | updated_users=1 | objective=33.371445 | sum_rate=29.018646 | r_p=0.541582 | r_c=1.035768 | r_s=0.011057 | status=running
[DL Convergence] | phase=optimize | block=2 | epoch=375/500 | active_users=2 | updated_users=1 | objective=33.355614 | sum_rate=29.004883 | r_p=0.408779 | r_c=0.794282 | r_s=0.005376 | status=running
[DL Convergence] | phase=optimize | block=2 | epoch=380/500 | active_users=2 | updated_users=1 | objective=33.361549 | sum_rate=29.010044 | r_p=0.684747 | r_c=1.387795 | r_s=0.007490 | status=running
[DL Convergence] | phase=optimize | block=2 | epoch=385/500 | active_users=2 | updated_users=1 | objective=33.382462 | sum_rate=29.028229 | r_p=0.473331 | r_c=0.926937 | r_s=0.010068 | status=running
[DL Convergence] | phase=optimize | block=2 | epoch=390/500 | active_users=2 | updated_users=1 | objective=33.345871 | sum_rate=28.996410 | r_p=0.476549 | r_c=0.947755 | r_s=0.003916 | status=running
[DL Convergence] | phase=optimize | block=2 | epoch=395/500 | active_users=2 | updated_users=1 | objective=33.368492 | sum_rate=29.016079 | r_p=0.686506 | r_c=1.423903 | r_s=0.008914 | status=running
[DL Convergence] | phase=optimize | block=2 | epoch=400/500 | active_users=2 | updated_users=1 | objective=33.368931 | sum_rate=29.016460 | r_p=0.568451 | r_c=1.140949 | r_s=0.011790 | status=running
[DL Convergence] | phase=optimize | block=2 | epoch=405/500 | active_users=2 | updated_users=1 | objective=33.328705 | sum_rate=28.981483 | r_p=0.392639 | r_c=0.801052 | r_s=0.007071 | status=running
[DL Convergence] | phase=optimize | block=2 | epoch=410/500 | active_users=2 | updated_users=1 | objective=33.348171 | sum_rate=28.998409 | r_p=0.731534 | r_c=1.555671 | r_s=0.008761 | status=running
[DL Convergence] | phase=optimize | block=2 | epoch=415/500 | active_users=2 | updated_users=1 | objective=33.360020 | sum_rate=29.008713 | r_p=0.618382 | r_c=1.271454 | r_s=0.013238 | status=running
[DL Convergence] | phase=optimize | block=2 | epoch=420/500 | active_users=2 | updated_users=1 | objective=33.300587 | sum_rate=28.957031 | r_p=0.379902 | r_c=0.794166 | r_s=0.007956 | status=running
[DL Convergence] | phase=optimize | block=2 | epoch=425/500 | active_users=2 | updated_users=1 | objective=33.330513 | sum_rate=28.983053 | r_p=0.770716 | r_c=1.679914 | r_s=0.009676 | status=running
[DL Convergence] | phase=optimize | block=2 | epoch=430/500 | active_users=2 | updated_users=1 | objective=33.327766 | sum_rate=28.980667 | r_p=0.777649 | r_c=1.639106 | r_s=0.016837 | status=running
[DL Convergence] | phase=optimize | block=2 | epoch=435/500 | active_users=2 | updated_users=1 | objective=33.313866 | sum_rate=28.968578 | r_p=0.485022 | r_c=1.069474 | r_s=0.015207 | status=running
[DL Convergence] | phase=optimize | block=2 | epoch=440/500 | active_users=2 | updated_users=1 | objective=33.336090 | sum_rate=28.987906 | r_p=0.404179 | r_c=0.903432 | r_s=0.007097 | status=running
[DL Convergence] | phase=optimize | block=2 | epoch=445/500 | active_users=2 | updated_users=1 | objective=33.350662 | sum_rate=29.000574 | r_p=0.563641 | r_c=1.222773 | r_s=0.006586 | status=running
[DL Convergence] | phase=optimize | block=2 | epoch=450/500 | active_users=2 | updated_users=1 | objective=33.382923 | sum_rate=29.028629 | r_p=0.544575 | r_c=1.229162 | r_s=0.009592 | status=running
[DL Convergence] | phase=optimize | block=2 | epoch=455/500 | active_users=2 | updated_users=1 | objective=33.392845 | sum_rate=29.037258 | r_p=0.333727 | r_c=0.732164 | r_s=0.006679 | status=running
[DL Convergence] | phase=optimize | block=2 | epoch=460/500 | active_users=2 | updated_users=1 | objective=33.373955 | sum_rate=29.020830 | r_p=0.539371 | r_c=1.196052 | r_s=0.002974 | status=running
[DL Convergence] | phase=optimize | block=2 | epoch=465/500 | active_users=2 | updated_users=1 | objective=33.398029 | sum_rate=29.041763 | r_p=0.461826 | r_c=1.061711 | r_s=0.007027 | status=running
[DL Convergence] | phase=optimize | block=2 | epoch=470/500 | active_users=2 | updated_users=1 | objective=33.395676 | sum_rate=29.039719 | r_p=0.523572 | r_c=1.218039 | r_s=0.001596 | status=running
[DL Convergence] | phase=optimize | block=2 | epoch=475/500 | active_users=2 | updated_users=1 | objective=33.386841 | sum_rate=29.032036 | r_p=0.458633 | r_c=1.032514 | r_s=0.006118 | status=running
[DL Convergence] | phase=optimize | block=2 | epoch=480/500 | active_users=2 | updated_users=1 | objective=33.399391 | sum_rate=29.042948 | r_p=0.368759 | r_c=0.867626 | r_s=0.006198 | status=running
[DL Convergence] | phase=optimize | block=2 | epoch=485/500 | active_users=2 | updated_users=1 | objective=33.397221 | sum_rate=29.041061 | r_p=0.329985 | r_c=0.783409 | r_s=0.003154 | status=running
[DL Convergence] | phase=optimize | block=2 | epoch=490/500 | active_users=2 | updated_users=1 | objective=33.388306 | sum_rate=29.033308 | r_p=0.416695 | r_c=0.958350 | r_s=0.001838 | status=running
[DL Convergence] | phase=optimize | block=2 | epoch=495/500 | active_users=2 | updated_users=1 | objective=33.400139 | sum_rate=29.043598 | r_p=0.412400 | r_c=0.989394 | r_s=0.003862 | status=running
[DL Convergence] | phase=optimize | block=2 | epoch=500/500 | active_users=2 | updated_users=1 | objective=33.399754 | sum_rate=29.043262 | r_p=0.327449 | r_c=0.792507 | r_s=0.002537 | status=running
  user=01 block=02 candidate n_kl=  23 after updating users [1] still leaves committed users infeasible [1, 2] after re-optimization; stopping further n_kl reduction for this user in this block.
[DL Convergence Allocation] | user=0 | block=2 | status=zero_service | target_bits=200 | n_kl=50
[DL Convergence Allocation] | user=1 | block=2 | target_bits=400 | served_bits=400 | unserved_bits=0 | n_kl=24 | achieved_rate=16.801305 | status=full
[DL Convergence Allocation] | user=2 | block=2 | target_bits=600 | served_bits=600 | unserved_bits=0 | n_kl=49 | achieved_rate=12.284221 | status=full
[DL Convergence Block] | block=2 | status=complete | served_bits=1000 | unserved_bits=200
[DL Convergence Block] | block=3 | active_users=3 | target_bits=1200 | objective=blended_network_rate
[DL Convergence] | phase=optimize | block=3 | epoch=1/500 | active_users=3 | updated_users=3 | objective=7.557465 | sum_rate=6.571709 | r_p=5.173006 | r_c=0.517301 | r_s=1.170783 | status=running
[DL Convergence] | phase=optimize | block=3 | epoch=5/500 | active_users=3 | updated_users=3 | objective=15.441336 | sum_rate=13.427248 | r_p=4.044927 | r_c=1.071068 | r_s=0.750530 | status=running
[DL Convergence] | phase=optimize | block=3 | epoch=10/500 | active_users=3 | updated_users=3 | objective=22.232180 | sum_rate=19.332331 | r_p=4.016439 | r_c=1.872338 | r_s=0.351936 | status=running
[DL Convergence] | phase=optimize | block=3 | epoch=15/500 | active_users=3 | updated_users=3 | objective=29.123255 | sum_rate=25.324570 | r_p=4.014088 | r_c=2.677171 | r_s=0.200390 | status=running
[DL Convergence] | phase=optimize | block=3 | epoch=20/500 | active_users=3 | updated_users=3 | objective=34.017929 | sum_rate=29.580807 | r_p=4.007742 | r_c=3.477764 | r_s=0.260645 | status=running
[DL Convergence] | phase=optimize | block=3 | epoch=25/500 | active_users=3 | updated_users=3 | objective=35.884388 | sum_rate=31.203815 | r_p=4.006630 | r_c=4.279780 | r_s=0.118338 | status=running
[DL Convergence] | phase=optimize | block=3 | epoch=30/500 | active_users=3 | updated_users=3 | objective=36.650173 | sum_rate=31.869717 | r_p=4.007548 | r_c=5.084387 | r_s=0.193773 | status=running
[DL Convergence] | phase=optimize | block=3 | epoch=35/500 | active_users=3 | updated_users=3 | objective=37.059875 | sum_rate=32.225979 | r_p=4.016541 | r_c=5.901823 | r_s=0.455054 | status=running
[DL Convergence] | phase=optimize | block=3 | epoch=40/500 | active_users=3 | updated_users=3 | objective=37.225704 | sum_rate=32.370178 | r_p=4.012379 | r_c=6.700655 | r_s=0.273541 | status=running
[DL Convergence] | phase=optimize | block=3 | epoch=45/500 | active_users=3 | updated_users=3 | objective=37.349518 | sum_rate=32.477840 | r_p=4.006331 | r_c=7.493794 | r_s=0.100984 | status=running
[DL Convergence] | phase=optimize | block=3 | epoch=50/500 | active_users=3 | updated_users=3 | objective=37.402222 | sum_rate=32.523670 | r_p=4.008447 | r_c=8.300980 | r_s=0.265779 | status=running
[DL Convergence] | phase=optimize | block=3 | epoch=55/500 | active_users=3 | updated_users=3 | objective=37.447678 | sum_rate=32.563198 | r_p=4.006250 | r_c=9.099284 | r_s=0.072373 | status=running
[DL Convergence] | phase=optimize | block=3 | epoch=60/500 | active_users=3 | updated_users=3 | objective=37.466553 | sum_rate=32.579613 | r_p=4.008212 | r_c=9.906841 | r_s=0.262980 | status=running
[DL Convergence] | phase=optimize | block=3 | epoch=65/500 | active_users=3 | updated_users=3 | objective=37.485718 | sum_rate=32.596275 | r_p=4.007620 | r_c=10.708380 | r_s=0.039926 | status=running
[DL Convergence] | phase=optimize | block=3 | epoch=70/500 | active_users=3 | updated_users=3 | objective=37.501518 | sum_rate=32.610016 | r_p=4.005246 | r_c=11.504498 | r_s=0.239282 | status=running
[DL Convergence] | phase=optimize | block=3 | epoch=75/500 | active_users=3 | updated_users=3 | objective=37.510529 | sum_rate=32.617851 | r_p=4.006198 | r_c=12.309730 | r_s=0.042518 | status=running
[DL Convergence] | phase=optimize | block=3 | epoch=80/500 | active_users=3 | updated_users=3 | objective=37.516846 | sum_rate=32.623344 | r_p=4.007627 | r_c=13.116904 | r_s=0.235970 | status=running
[DL Convergence] | phase=optimize | block=3 | epoch=85/500 | active_users=3 | updated_users=3 | objective=37.527130 | sum_rate=32.632286 | r_p=4.005802 | r_c=13.913384 | r_s=0.045958 | status=running
[DL Convergence] | phase=optimize | block=3 | epoch=90/500 | active_users=3 | updated_users=3 | objective=37.532516 | sum_rate=32.636971 | r_p=4.006523 | r_c=14.718447 | r_s=0.194472 | status=running
[DL Convergence] | phase=optimize | block=3 | epoch=95/500 | active_users=3 | updated_users=3 | objective=37.539036 | sum_rate=32.642639 | r_p=4.005445 | r_c=15.516784 | r_s=0.045049 | status=running
[DL Convergence] | phase=optimize | block=3 | epoch=100/500 | active_users=3 | updated_users=3 | objective=37.542648 | sum_rate=32.645782 | r_p=4.006314 | r_c=16.322548 | r_s=0.166658 | status=running
[DL Convergence] | phase=optimize | block=3 | epoch=105/500 | active_users=3 | updated_users=3 | objective=37.548115 | sum_rate=32.650536 | r_p=4.005032 | r_c=17.119505 | r_s=0.056920 | status=running
[DL Convergence] | phase=optimize | block=3 | epoch=110/500 | active_users=3 | updated_users=3 | objective=37.551731 | sum_rate=32.653679 | r_p=4.005285 | r_c=17.922711 | r_s=0.158721 | status=running
[DL Convergence] | phase=optimize | block=3 | epoch=115/500 | active_users=3 | updated_users=3 | objective=37.555485 | sum_rate=32.656944 | r_p=4.004994 | r_c=18.723456 | r_s=0.028275 | status=running
[DL Convergence] | phase=optimize | block=3 | epoch=120/500 | active_users=3 | updated_users=3 | objective=37.557228 | sum_rate=32.658459 | r_p=4.005799 | r_c=19.529384 | r_s=0.157502 | status=running
[DL Convergence] | phase=optimize | block=3 | epoch=125/500 | active_users=3 | updated_users=3 | objective=37.560432 | sum_rate=32.661247 | r_p=4.005346 | r_c=20.329276 | r_s=0.019111 | status=running
[DL Convergence] | phase=optimize | block=3 | epoch=130/500 | active_users=3 | updated_users=3 | objective=37.563774 | sum_rate=32.664150 | r_p=4.004853 | r_c=21.128728 | r_s=0.132678 | status=running
[DL Convergence] | phase=optimize | block=3 | epoch=135/500 | active_users=3 | updated_users=3 | objective=37.566502 | sum_rate=32.666523 | r_p=4.004376 | r_c=21.928055 | r_s=0.015383 | status=running
[DL Convergence] | phase=optimize | block=3 | epoch=140/500 | active_users=3 | updated_users=3 | objective=37.567017 | sum_rate=32.666969 | r_p=4.005509 | r_c=22.736285 | r_s=0.131720 | status=running
[DL Convergence] | phase=optimize | block=3 | epoch=145/500 | active_users=3 | updated_users=3 | objective=37.568886 | sum_rate=32.668594 | r_p=4.005455 | r_c=23.538034 | r_s=0.011161 | status=running
[DL Convergence] | phase=optimize | block=3 | epoch=150/500 | active_users=3 | updated_users=3 | objective=37.572506 | sum_rate=32.671745 | r_p=4.003761 | r_c=24.329789 | r_s=0.118618 | status=running
[DL Convergence] | phase=optimize | block=3 | epoch=155/500 | active_users=3 | updated_users=3 | objective=37.573547 | sum_rate=32.672649 | r_p=4.004090 | r_c=25.133482 | r_s=0.024258 | status=running
[DL Convergence] | phase=optimize | block=3 | epoch=160/500 | active_users=3 | updated_users=3 | objective=37.574722 | sum_rate=32.673672 | r_p=4.004102 | r_c=25.935288 | r_s=0.113718 | status=running
[DL Convergence] | phase=optimize | block=3 | epoch=165/500 | active_users=3 | updated_users=3 | objective=37.575554 | sum_rate=32.674393 | r_p=4.004350 | r_c=26.738635 | r_s=0.028818 | status=running
[DL Convergence] | phase=optimize | block=3 | epoch=170/500 | active_users=3 | updated_users=3 | objective=37.576794 | sum_rate=32.675472 | r_p=4.004189 | r_c=27.539265 | r_s=0.111149 | status=running
[DL Convergence] | phase=optimize | block=3 | epoch=175/500 | active_users=3 | updated_users=3 | objective=37.577721 | sum_rate=32.676277 | r_p=4.004134 | r_c=28.340559 | r_s=0.040172 | status=running
[DL Convergence] | phase=optimize | block=3 | epoch=180/500 | active_users=3 | updated_users=3 | objective=37.578194 | sum_rate=32.676689 | r_p=4.004468 | r_c=29.144660 | r_s=0.122439 | status=running
[DL Convergence] | phase=optimize | block=3 | epoch=185/500 | active_users=3 | updated_users=3 | objective=37.577965 | sum_rate=32.676491 | r_p=4.005106 | r_c=29.951177 | r_s=0.149155 | status=running
[DL Convergence] | phase=optimize | block=3 | epoch=190/500 | active_users=3 | updated_users=3 | objective=37.576477 | sum_rate=32.675198 | r_p=4.006771 | r_c=30.766001 | r_s=0.147169 | status=running
[DL Convergence] | phase=optimize | block=3 | epoch=195/500 | active_users=3 | updated_users=3 | objective=37.569065 | sum_rate=32.668751 | r_p=4.012678 | r_c=31.615660 | r_s=0.276633 | status=running
[DL Convergence] | phase=optimize | block=3 | epoch=200/500 | active_users=3 | updated_users=3 | objective=37.575413 | sum_rate=32.674271 | r_p=4.006525 | r_c=32.370779 | r_s=0.211761 | status=running
[DL Convergence] | phase=optimize | block=3 | epoch=205/500 | active_users=3 | updated_users=3 | objective=37.576412 | sum_rate=32.675140 | r_p=4.005013 | r_c=33.161112 | r_s=0.139654 | status=running
[DL Convergence] | phase=optimize | block=3 | epoch=210/500 | active_users=3 | updated_users=3 | objective=37.577103 | sum_rate=32.675743 | r_p=4.004641 | r_c=33.960157 | r_s=0.117274 | status=running
[DL Convergence] | phase=optimize | block=3 | epoch=215/500 | active_users=3 | updated_users=3 | objective=37.577202 | sum_rate=32.675827 | r_p=4.005083 | r_c=34.765991 | r_s=0.130633 | status=running
[DL Convergence] | phase=optimize | block=3 | epoch=220/500 | active_users=3 | updated_users=3 | objective=37.578953 | sum_rate=32.677349 | r_p=4.004118 | r_c=35.559414 | r_s=0.150431 | status=running
[DL Convergence] | phase=optimize | block=3 | epoch=225/500 | active_users=3 | updated_users=3 | objective=37.578815 | sum_rate=32.677231 | r_p=4.005184 | r_c=36.370771 | r_s=0.134966 | status=running
[DL Convergence] | phase=optimize | block=3 | epoch=230/500 | active_users=3 | updated_users=3 | objective=37.579033 | sum_rate=32.677422 | r_p=4.005710 | r_c=37.177749 | r_s=0.118244 | status=running
[DL Convergence] | phase=optimize | block=3 | epoch=235/500 | active_users=3 | updated_users=3 | objective=37.579742 | sum_rate=32.678036 | r_p=4.005620 | r_c=37.979122 | r_s=0.118009 | status=running
[DL Convergence] | phase=optimize | block=3 | epoch=240/500 | active_users=3 | updated_users=3 | objective=37.578869 | sum_rate=32.677277 | r_p=4.006262 | r_c=38.787689 | r_s=0.132122 | status=running
[DL Convergence] | phase=optimize | block=3 | epoch=245/500 | active_users=3 | updated_users=3 | objective=37.579872 | sum_rate=32.678150 | r_p=4.005319 | r_c=39.580805 | r_s=0.076331 | status=running
[DL Convergence] | phase=optimize | block=3 | epoch=250/500 | active_users=3 | updated_users=3 | objective=37.580841 | sum_rate=32.678993 | r_p=4.004626 | r_c=40.375887 | r_s=0.097927 | status=running
[DL Convergence] | phase=optimize | block=3 | epoch=255/500 | active_users=3 | updated_users=3 | objective=37.581905 | sum_rate=32.679916 | r_p=4.003988 | r_c=41.171182 | r_s=0.068079 | status=running
[DL Convergence] | phase=optimize | block=3 | epoch=260/500 | active_users=3 | updated_users=3 | objective=37.580944 | sum_rate=32.679081 | r_p=4.004772 | r_c=41.981461 | r_s=0.076930 | status=running
[DL Convergence] | phase=optimize | block=3 | epoch=265/500 | active_users=3 | updated_users=3 | objective=37.578369 | sum_rate=32.676842 | r_p=4.006715 | r_c=42.804462 | r_s=0.159312 | status=running
[DL Convergence] | phase=optimize | block=3 | epoch=270/500 | active_users=3 | updated_users=3 | objective=37.578671 | sum_rate=32.677105 | r_p=4.006161 | r_c=43.600895 | r_s=0.146408 | status=running
[DL Convergence] | phase=optimize | block=3 | epoch=275/500 | active_users=3 | updated_users=3 | objective=37.579075 | sum_rate=32.677456 | r_p=4.005438 | r_c=44.395401 | r_s=0.153030 | status=running
[DL Convergence] | phase=optimize | block=3 | epoch=280/500 | active_users=3 | updated_users=3 | objective=37.577393 | sum_rate=32.675995 | r_p=4.006885 | r_c=45.213842 | r_s=0.143757 | status=running
[DL Convergence] | phase=optimize | block=3 | epoch=285/500 | active_users=3 | updated_users=3 | objective=37.580662 | sum_rate=32.678837 | r_p=4.004010 | r_c=45.983362 | r_s=0.083376 | status=running
[DL Convergence] | phase=optimize | block=3 | epoch=290/500 | active_users=3 | updated_users=3 | objective=37.579971 | sum_rate=32.678234 | r_p=4.004511 | r_c=46.791176 | r_s=0.143536 | status=running
[DL Convergence] | phase=optimize | block=3 | epoch=295/500 | active_users=3 | updated_users=3 | objective=37.581474 | sum_rate=32.679543 | r_p=4.003120 | r_c=47.576465 | r_s=0.097294 | status=running
[DL Convergence] | phase=optimize | block=3 | epoch=300/500 | active_users=3 | updated_users=3 | objective=37.581436 | sum_rate=32.679508 | r_p=4.003178 | r_c=48.378928 | r_s=0.127695 | status=running
[DL Convergence] | phase=optimize | block=3 | epoch=305/500 | active_users=3 | updated_users=3 | objective=37.580017 | sum_rate=32.678276 | r_p=4.004270 | r_c=49.194055 | r_s=0.130214 | status=running
[DL Convergence] | phase=optimize | block=3 | epoch=310/500 | active_users=3 | updated_users=3 | objective=37.579624 | sum_rate=32.677933 | r_p=4.004389 | r_c=49.997420 | r_s=0.123524 | status=running
[DL Convergence] | phase=optimize | block=3 | epoch=315/500 | active_users=3 | updated_users=3 | objective=37.580395 | sum_rate=32.678604 | r_p=4.003799 | r_c=50.791614 | r_s=0.071306 | status=running
[DL Convergence] | phase=optimize | block=3 | epoch=320/500 | active_users=3 | updated_users=3 | objective=37.578690 | sum_rate=32.677120 | r_p=4.005501 | r_c=51.615199 | r_s=0.137365 | status=running
[DL Convergence] | phase=optimize | block=3 | epoch=325/500 | active_users=3 | updated_users=3 | objective=37.577728 | sum_rate=32.676285 | r_p=4.006338 | r_c=52.428235 | r_s=0.125607 | status=running
[DL Convergence] | phase=optimize | block=3 | epoch=330/500 | active_users=3 | updated_users=3 | objective=37.579594 | sum_rate=32.677906 | r_p=4.004733 | r_c=53.209256 | r_s=0.093063 | status=running
[DL Convergence] | phase=optimize | block=3 | epoch=335/500 | active_users=3 | updated_users=3 | objective=37.576832 | sum_rate=32.675507 | r_p=4.006951 | r_c=54.041116 | r_s=0.022459 | status=running
[DL Convergence] | phase=optimize | block=3 | epoch=340/500 | active_users=3 | updated_users=3 | objective=37.578857 | sum_rate=32.677269 | r_p=4.005030 | r_c=54.817206 | r_s=0.032433 | status=running
[DL Convergence] | phase=optimize | block=3 | epoch=345/500 | active_users=3 | updated_users=3 | objective=37.581558 | sum_rate=32.679615 | r_p=4.002648 | r_c=55.586002 | r_s=0.069477 | status=running
[DL Convergence] | phase=optimize | block=3 | epoch=350/500 | active_users=3 | updated_users=3 | objective=37.580971 | sum_rate=32.679104 | r_p=4.002944 | r_c=56.392012 | r_s=0.127084 | status=running
[DL Convergence] | phase=optimize | block=3 | epoch=355/500 | active_users=3 | updated_users=3 | objective=37.571426 | sum_rate=32.670807 | r_p=4.009501 | r_c=57.288148 | r_s=0.100260 | status=running
[DL Convergence] | phase=optimize | block=3 | epoch=360/500 | active_users=3 | updated_users=3 | objective=37.569809 | sum_rate=32.669399 | r_p=4.009403 | r_c=58.090153 | r_s=0.251614 | status=running
[DL Convergence] | phase=optimize | block=3 | epoch=365/500 | active_users=3 | updated_users=3 | objective=37.573463 | sum_rate=32.672577 | r_p=4.005481 | r_c=58.835779 | r_s=0.093837 | status=running
[DL Convergence] | phase=optimize | block=3 | epoch=370/500 | active_users=3 | updated_users=3 | objective=37.576180 | sum_rate=32.674938 | r_p=4.003460 | r_c=59.607719 | r_s=0.060424 | status=running
[DL Convergence] | phase=optimize | block=3 | epoch=375/500 | active_users=3 | updated_users=3 | objective=37.577198 | sum_rate=32.675823 | r_p=4.003656 | r_c=60.412380 | r_s=0.079934 | status=running
[DL Convergence] | phase=optimize | block=3 | epoch=380/500 | active_users=3 | updated_users=3 | objective=37.575909 | sum_rate=32.674702 | r_p=4.005367 | r_c=61.240431 | r_s=0.139297 | status=running
[DL Convergence] | phase=optimize | block=3 | epoch=385/500 | active_users=3 | updated_users=3 | objective=37.577721 | sum_rate=32.676277 | r_p=4.004662 | r_c=62.031800 | r_s=0.129028 | status=running
[DL Convergence] | phase=optimize | block=3 | epoch=390/500 | active_users=3 | updated_users=3 | objective=37.577152 | sum_rate=32.675785 | r_p=4.006002 | r_c=62.854630 | r_s=0.189965 | status=running
[DL Convergence] | phase=optimize | block=3 | epoch=395/500 | active_users=3 | updated_users=3 | objective=37.577290 | sum_rate=32.675903 | r_p=4.006512 | r_c=63.665145 | r_s=0.150133 | status=running
[DL Convergence] | phase=optimize | block=3 | epoch=400/500 | active_users=3 | updated_users=3 | objective=37.578949 | sum_rate=32.677345 | r_p=4.004918 | r_c=64.441969 | r_s=0.082057 | status=running
[DL Convergence] | phase=optimize | block=3 | epoch=405/500 | active_users=3 | updated_users=3 | objective=37.577869 | sum_rate=32.676407 | r_p=4.005716 | r_c=65.257000 | r_s=0.128668 | status=running
[DL Convergence] | phase=optimize | block=3 | epoch=410/500 | active_users=3 | updated_users=3 | objective=37.578697 | sum_rate=32.677128 | r_p=4.004740 | r_c=66.043159 | r_s=0.107175 | status=running
[DL Convergence] | phase=optimize | block=3 | epoch=415/500 | active_users=3 | updated_users=3 | objective=37.578598 | sum_rate=32.677040 | r_p=4.004717 | r_c=66.844697 | r_s=0.064400 | status=running
[DL Convergence] | phase=optimize | block=3 | epoch=420/500 | active_users=3 | updated_users=3 | objective=37.577564 | sum_rate=32.676144 | r_p=4.005660 | r_c=67.662735 | r_s=0.143950 | status=running
[DL Convergence] | phase=optimize | block=3 | epoch=425/500 | active_users=3 | updated_users=3 | objective=37.578991 | sum_rate=32.677383 | r_p=4.004197 | r_c=68.439868 | r_s=0.082846 | status=running
[DL Convergence] | phase=optimize | block=3 | epoch=430/500 | active_users=3 | updated_users=3 | objective=37.580097 | sum_rate=32.678345 | r_p=4.003485 | r_c=69.229179 | r_s=0.064548 | status=running
[DL Convergence] | phase=optimize | block=3 | epoch=435/500 | active_users=3 | updated_users=3 | objective=37.579399 | sum_rate=32.677738 | r_p=4.004672 | r_c=70.051400 | r_s=0.117434 | status=running
[DL Convergence] | phase=optimize | block=3 | epoch=440/500 | active_users=3 | updated_users=3 | objective=37.582108 | sum_rate=32.680092 | r_p=4.003012 | r_c=70.823808 | r_s=0.088506 | status=running
[DL Convergence] | phase=optimize | block=3 | epoch=445/500 | active_users=3 | updated_users=3 | objective=37.582565 | sum_rate=32.680492 | r_p=4.003324 | r_c=71.630711 | r_s=0.098985 | status=running
[DL Convergence] | phase=optimize | block=3 | epoch=450/500 | active_users=3 | updated_users=3 | objective=37.576649 | sum_rate=32.675346 | r_p=4.008713 | r_c=72.529596 | r_s=0.133225 | status=running
[DL Convergence] | phase=optimize | block=3 | epoch=455/500 | active_users=3 | updated_users=3 | objective=37.579754 | sum_rate=32.678047 | r_p=4.005396 | r_c=73.271991 | r_s=0.093647 | status=running
[DL Convergence] | phase=optimize | block=3 | epoch=460/500 | active_users=3 | updated_users=3 | objective=37.578808 | sum_rate=32.677223 | r_p=4.005538 | r_c=74.076736 | r_s=0.044909 | status=running
[DL Convergence] | phase=optimize | block=3 | epoch=465/500 | active_users=3 | updated_users=3 | objective=37.578461 | sum_rate=32.676922 | r_p=4.004961 | r_c=74.868053 | r_s=0.097061 | status=running
[DL Convergence] | phase=optimize | block=3 | epoch=470/500 | active_users=3 | updated_users=3 | objective=37.578815 | sum_rate=32.677231 | r_p=4.003994 | r_c=75.651666 | r_s=0.075580 | status=running
[DL Convergence] | phase=optimize | block=3 | epoch=475/500 | active_users=3 | updated_users=3 | objective=37.580627 | sum_rate=32.678806 | r_p=4.002389 | r_c=76.422534 | r_s=0.058105 | status=running
[DL Convergence] | phase=optimize | block=3 | epoch=480/500 | active_users=3 | updated_users=3 | objective=37.578621 | sum_rate=32.677063 | r_p=4.004195 | r_c=77.258727 | r_s=0.101331 | status=running
[DL Convergence] | phase=optimize | block=3 | epoch=485/500 | active_users=3 | updated_users=3 | objective=37.579559 | sum_rate=32.677879 | r_p=4.003458 | r_c=78.046027 | r_s=0.070454 | status=running
[DL Convergence] | phase=optimize | block=3 | epoch=490/500 | active_users=3 | updated_users=3 | objective=37.578644 | sum_rate=32.677082 | r_p=4.004427 | r_c=78.866639 | r_s=0.091753 | status=running
[DL Convergence] | phase=optimize | block=3 | epoch=495/500 | active_users=3 | updated_users=3 | objective=37.578999 | sum_rate=32.677391 | r_p=4.004095 | r_c=79.661764 | r_s=0.031774 | status=running
[DL Convergence] | phase=optimize | block=3 | epoch=500/500 | active_users=3 | updated_users=3 | objective=37.578682 | sum_rate=32.677116 | r_p=4.004316 | r_c=80.467822 | r_s=0.084496 | status=running
  fixed-target block=03 zero-service users [0]; re-optimizing remaining transmitters.
[DL Convergence] | phase=optimize | block=3 | epoch=1/500 | active_users=2 | updated_users=2 | objective=37.585972 | sum_rate=32.683453 | r_p=0.000000 | r_c=0.000000 | r_s=4.752305e-04 | status=kkt_converged
[DL Convergence Reduction] | block=3 | epoch=1 | users=[1, 2]
  user=01 block=03 accepted smaller n_kl=  59 without fresh re-optimization.
  user=02 block=03 accepted smaller n_kl=  79 without fresh re-optimization.
[DL Convergence Reduction] | block=3 | epoch=2 | users=[2, 1]
  user=02 block=03 accepted smaller n_kl=  78 without fresh re-optimization.
  user=01 block=03 accepted smaller n_kl=  58 without fresh re-optimization.
[DL Convergence Reduction] | block=3 | epoch=3 | users=[1, 2]
  user=01 block=03 accepted smaller n_kl=  57 without fresh re-optimization.
  user=02 block=03 accepted smaller n_kl=  77 without fresh re-optimization.
[DL Convergence Reduction] | block=3 | epoch=4 | users=[2, 1]
  user=02 block=03 accepted smaller n_kl=  76 without fresh re-optimization.
  user=01 block=03 accepted smaller n_kl=  56 without fresh re-optimization.
[DL Convergence Reduction] | block=3 | epoch=5 | users=[1, 2]
  user=01 block=03 accepted smaller n_kl=  55 without fresh re-optimization.
  user=02 block=03 accepted smaller n_kl=  75 without fresh re-optimization.
[DL Convergence Reduction] | block=3 | epoch=6 | users=[2, 1]
  user=02 block=03 accepted smaller n_kl=  74 without fresh re-optimization.
  user=01 block=03 accepted smaller n_kl=  54 without fresh re-optimization.
[DL Convergence Reduction] | block=3 | epoch=7 | users=[1, 2]
  user=01 block=03 accepted smaller n_kl=  53 without fresh re-optimization.
  user=02 block=03 accepted smaller n_kl=  73 without fresh re-optimization.
[DL Convergence Reduction] | block=3 | epoch=8 | users=[2, 1]
  user=02 block=03 accepted smaller n_kl=  72 without fresh re-optimization.
  user=01 block=03 accepted smaller n_kl=  52 without fresh re-optimization.
[DL Convergence Reduction] | block=3 | epoch=9 | users=[1, 2]
  user=01 block=03 accepted smaller n_kl=  51 without fresh re-optimization.
  user=02 block=03 accepted smaller n_kl=  71 without fresh re-optimization.
[DL Convergence Reduction] | block=3 | epoch=10 | users=[2, 1]
  user=02 block=03 accepted smaller n_kl=  70 without fresh re-optimization.
  user=01 block=03 accepted smaller n_kl=  50 without fresh re-optimization.
[DL Convergence Reduction] | block=3 | epoch=11 | users=[1, 2]
  user=01 block=03 accepted smaller n_kl=  49 without fresh re-optimization.
  user=02 block=03 accepted smaller n_kl=  69 without fresh re-optimization.
[DL Convergence Reduction] | block=3 | epoch=12 | users=[2, 1]
  user=02 block=03 accepted smaller n_kl=  68 without fresh re-optimization.
  user=01 block=03 accepted smaller n_kl=  48 without fresh re-optimization.
[DL Convergence Reduction] | block=3 | epoch=13 | users=[1, 2]
  user=01 block=03 accepted smaller n_kl=  47 without fresh re-optimization.
  user=02 block=03 accepted smaller n_kl=  67 without fresh re-optimization.
[DL Convergence Reduction] | block=3 | epoch=14 | users=[2, 1]
  user=02 block=03 accepted smaller n_kl=  66 without fresh re-optimization.
  user=01 block=03 accepted smaller n_kl=  46 without fresh re-optimization.
[DL Convergence Reduction] | block=3 | epoch=15 | users=[1, 2]
  user=01 block=03 accepted smaller n_kl=  45 without fresh re-optimization.
  user=02 block=03 accepted smaller n_kl=  65 without fresh re-optimization.
[DL Convergence Reduction] | block=3 | epoch=16 | users=[2, 1]
  user=02 block=03 accepted smaller n_kl=  64 without fresh re-optimization.
  user=01 block=03 accepted smaller n_kl=  44 without fresh re-optimization.
[DL Convergence Reduction] | block=3 | epoch=17 | users=[1, 2]
  user=01 block=03 accepted smaller n_kl=  43 without fresh re-optimization.
  user=02 block=03 accepted smaller n_kl=  63 without fresh re-optimization.
[DL Convergence Reduction] | block=3 | epoch=18 | users=[2, 1]
  user=02 block=03 accepted smaller n_kl=  62 without fresh re-optimization.
  user=01 block=03 accepted smaller n_kl=  42 without fresh re-optimization.
[DL Convergence Reduction] | block=3 | epoch=19 | users=[1, 2]
  user=01 block=03 accepted smaller n_kl=  41 without fresh re-optimization.
  user=02 block=03 accepted smaller n_kl=  61 without fresh re-optimization.
[DL Convergence Reduction] | block=3 | epoch=20 | users=[2, 1]
  user=02 block=03 accepted smaller n_kl=  60 without fresh re-optimization.
  user=01 block=03 accepted smaller n_kl=  40 without fresh re-optimization.
[DL Convergence Reduction] | block=3 | epoch=21 | users=[1, 2]
  user=01 block=03 accepted smaller n_kl=  39 without fresh re-optimization.
  user=02 block=03 accepted smaller n_kl=  59 without fresh re-optimization.
[DL Convergence Reduction] | block=3 | epoch=22 | users=[2, 1]
  user=02 block=03 accepted smaller n_kl=  58 without fresh re-optimization.
  user=01 block=03 accepted smaller n_kl=  38 without fresh re-optimization.
[DL Convergence Reduction] | block=3 | epoch=23 | users=[1, 2]
  user=01 block=03 accepted smaller n_kl=  37 without fresh re-optimization.
  user=02 block=03 accepted smaller n_kl=  57 without fresh re-optimization.
[DL Convergence Reduction] | block=3 | epoch=24 | users=[2, 1]
  user=02 block=03 accepted smaller n_kl=  56 without fresh re-optimization.
  user=01 block=03 accepted smaller n_kl=  36 without fresh re-optimization.
[DL Convergence Reduction] | block=3 | epoch=25 | users=[1, 2]
  user=01 block=03 accepted smaller n_kl=  35 without fresh re-optimization.
  user=02 block=03 accepted smaller n_kl=  55 without fresh re-optimization.
[DL Convergence Reduction] | block=3 | epoch=26 | users=[2, 1]
  user=02 block=03 accepted smaller n_kl=  54 without fresh re-optimization.
  user=01 block=03 accepted smaller n_kl=  34 without fresh re-optimization.
[DL Convergence Reduction] | block=3 | epoch=27 | users=[1, 2]
  user=01 block=03 accepted smaller n_kl=  33 without fresh re-optimization.
  user=02 block=03 accepted smaller n_kl=  53 without fresh re-optimization.
[DL Convergence Reduction] | block=3 | epoch=28 | users=[2, 1]
  user=02 block=03 accepted smaller n_kl=  52 without fresh re-optimization.
  user=01 block=03 accepted smaller n_kl=  32 without fresh re-optimization.
[DL Convergence Reduction] | block=3 | epoch=29 | users=[1, 2]
  user=01 block=03 accepted smaller n_kl=  31 without fresh re-optimization.
  user=02 block=03 accepted smaller n_kl=  51 without fresh re-optimization.
[DL Convergence Reduction] | block=3 | epoch=30 | users=[2, 1]
  user=02 block=03 accepted smaller n_kl=  50 without fresh re-optimization.
  user=01 block=03 accepted smaller n_kl=  30 without fresh re-optimization.
[DL Convergence Reduction] | block=3 | epoch=31 | users=[1, 2]
  user=01 block=03 accepted smaller n_kl=  29 without fresh re-optimization.
  user=02 block=03 accepted smaller n_kl=  49 without fresh re-optimization.
[DL Convergence Reduction] | block=3 | epoch=32 | users=[2, 1]
  user=02 block=03 candidate n_kl=  48 breaks committed-user feasibility [2]; trying fresh re-optimization.
[DL Convergence] | phase=optimize | block=3 | epoch=1/500 | active_users=2 | updated_users=1 | objective=35.757286 | sum_rate=31.093292 | r_p=0.000000 | r_c=0.000000 | r_s=0.022221 | status=running
[DL Convergence] | phase=optimize | block=3 | epoch=5/500 | active_users=2 | updated_users=1 | objective=35.784676 | sum_rate=31.117109 | r_p=0.127451 | r_c=0.028445 | r_s=0.011092 | status=running
[DL Convergence] | phase=optimize | block=3 | epoch=10/500 | active_users=2 | updated_users=1 | objective=35.793304 | sum_rate=31.124611 | r_p=0.165084 | r_c=0.037174 | r_s=0.013624 | status=running
[DL Convergence] | phase=optimize | block=3 | epoch=15/500 | active_users=2 | updated_users=1 | objective=35.793026 | sum_rate=31.124371 | r_p=0.136813 | r_c=0.031037 | r_s=0.013333 | status=running
[DL Convergence] | phase=optimize | block=3 | epoch=20/500 | active_users=2 | updated_users=1 | objective=35.795845 | sum_rate=31.126823 | r_p=0.066085 | r_c=0.015118 | r_s=0.006025 | status=running
[DL Convergence] | phase=optimize | block=3 | epoch=25/500 | active_users=2 | updated_users=1 | objective=35.795315 | sum_rate=31.126362 | r_p=0.061203 | r_c=0.014109 | r_s=0.005167 | status=running
[DL Convergence] | phase=optimize | block=3 | epoch=30/500 | active_users=2 | updated_users=1 | objective=35.794781 | sum_rate=31.125896 | r_p=0.132843 | r_c=0.030795 | r_s=0.011404 | status=running
[DL Convergence] | phase=optimize | block=3 | epoch=35/500 | active_users=2 | updated_users=1 | objective=35.795822 | sum_rate=31.126801 | r_p=0.118924 | r_c=0.027734 | r_s=0.011791 | status=running
[DL Convergence] | phase=optimize | block=3 | epoch=40/500 | active_users=2 | updated_users=1 | objective=35.796196 | sum_rate=31.127129 | r_p=0.047409 | r_c=0.011125 | r_s=0.005259 | status=running
[DL Convergence] | phase=optimize | block=3 | epoch=45/500 | active_users=2 | updated_users=1 | objective=35.795803 | sum_rate=31.126785 | r_p=0.040317 | r_c=0.009526 | r_s=0.003776 | status=running
[DL Convergence] | phase=optimize | block=3 | epoch=50/500 | active_users=2 | updated_users=1 | objective=35.794376 | sum_rate=31.125544 | r_p=0.127201 | r_c=0.030174 | r_s=0.011231 | status=running
[DL Convergence] | phase=optimize | block=3 | epoch=55/500 | active_users=2 | updated_users=1 | objective=35.792263 | sum_rate=31.123707 | r_p=0.265849 | r_c=0.063402 | r_s=0.020411 | status=running
[DL Convergence] | phase=optimize | block=3 | epoch=60/500 | active_users=2 | updated_users=1 | objective=35.768108 | sum_rate=31.102703 | r_p=0.000000 | r_c=0.000000 | r_s=0.015330 | status=running
[DL Convergence] | phase=optimize | block=3 | epoch=65/500 | active_users=2 | updated_users=1 | objective=35.617130 | sum_rate=30.971416 | r_p=0.000000 | r_c=0.000000 | r_s=0.015945 | status=running
[DL Convergence] | phase=optimize | block=3 | epoch=70/500 | active_users=2 | updated_users=1 | objective=35.700531 | sum_rate=31.043941 | r_p=0.000000 | r_c=0.000000 | r_s=0.024779 | status=running
[DL Convergence] | phase=optimize | block=3 | epoch=75/500 | active_users=2 | updated_users=1 | objective=35.787090 | sum_rate=31.119207 | r_p=0.257915 | r_c=0.066147 | r_s=0.013406 | status=running
[DL Convergence] | phase=optimize | block=3 | epoch=80/500 | active_users=2 | updated_users=1 | objective=35.756443 | sum_rate=31.092560 | r_p=0.000000 | r_c=0.000000 | r_s=0.024582 | status=running
[DL Convergence] | phase=optimize | block=3 | epoch=85/500 | active_users=2 | updated_users=1 | objective=35.432278 | sum_rate=30.810675 | r_p=0.000000 | r_c=0.000000 | r_s=0.028106 | status=running
[DL Convergence] | phase=optimize | block=3 | epoch=90/500 | active_users=2 | updated_users=1 | objective=35.792999 | sum_rate=31.124348 | r_p=0.071939 | r_c=0.019845 | r_s=0.017627 | status=running
[DL Convergence] | phase=optimize | block=3 | epoch=95/500 | active_users=2 | updated_users=1 | objective=35.714169 | sum_rate=31.055798 | r_p=0.000000 | r_c=0.000000 | r_s=0.026593 | status=running
[DL Convergence] | phase=optimize | block=3 | epoch=100/500 | active_users=2 | updated_users=1 | objective=35.310345 | sum_rate=30.704647 | r_p=0.000000 | r_c=0.000000 | r_s=0.041377 | status=running
[DL Convergence] | phase=optimize | block=3 | epoch=105/500 | active_users=2 | updated_users=1 | objective=35.667809 | sum_rate=31.015486 | r_p=0.659758 | r_c=0.190991 | r_s=0.049553 | status=running
[DL Convergence] | phase=optimize | block=3 | epoch=110/500 | active_users=2 | updated_users=1 | objective=35.316433 | sum_rate=30.709942 | r_p=0.000000 | r_c=0.000000 | r_s=0.020898 | status=running
[DL Convergence] | phase=optimize | block=3 | epoch=115/500 | active_users=2 | updated_users=1 | objective=35.772083 | sum_rate=31.106159 | r_p=0.333119 | r_c=0.103353 | r_s=0.017607 | status=running
[DL Convergence] | phase=optimize | block=3 | epoch=120/500 | active_users=2 | updated_users=1 | objective=35.463451 | sum_rate=30.837784 | r_p=0.000000 | r_c=0.000000 | r_s=0.012328 | status=running
[DL Convergence] | phase=optimize | block=3 | epoch=125/500 | active_users=2 | updated_users=1 | objective=35.752979 | sum_rate=31.089546 | r_p=0.000000 | r_c=0.000000 | r_s=0.027377 | status=running
[DL Convergence] | phase=optimize | block=3 | epoch=130/500 | active_users=2 | updated_users=1 | objective=35.605350 | sum_rate=30.961174 | r_p=0.000000 | r_c=0.000000 | r_s=0.014499 | status=running
[DL Convergence] | phase=optimize | block=3 | epoch=135/500 | active_users=2 | updated_users=1 | objective=35.709114 | sum_rate=31.051405 | r_p=0.000000 | r_c=0.000000 | r_s=0.035373 | status=running
[DL Convergence] | phase=optimize | block=3 | epoch=140/500 | active_users=2 | updated_users=1 | objective=35.588158 | sum_rate=30.946222 | r_p=0.000000 | r_c=0.000000 | r_s=0.015710 | status=running
[DL Convergence] | phase=optimize | block=3 | epoch=145/500 | active_users=2 | updated_users=1 | objective=35.719635 | sum_rate=31.060551 | r_p=0.000000 | r_c=0.000000 | r_s=0.035940 | status=running
[DL Convergence] | phase=optimize | block=3 | epoch=150/500 | active_users=2 | updated_users=1 | objective=35.446583 | sum_rate=30.823116 | r_p=0.000000 | r_c=0.000000 | r_s=0.011438 | status=running
[DL Convergence] | phase=optimize | block=3 | epoch=155/500 | active_users=2 | updated_users=1 | objective=35.773605 | sum_rate=31.107483 | r_p=0.207615 | r_c=0.077200 | r_s=0.015680 | status=running
[DL Convergence] | phase=optimize | block=3 | epoch=160/500 | active_users=2 | updated_users=1 | objective=35.215015 | sum_rate=30.621754 | r_p=0.000000 | r_c=0.000000 | r_s=0.014436 | status=running
[DL Convergence] | phase=optimize | block=3 | epoch=165/500 | active_users=2 | updated_users=1 | objective=35.713306 | sum_rate=31.055050 | r_p=0.696768 | r_c=0.265569 | r_s=0.038226 | status=running
[DL Convergence] | phase=optimize | block=3 | epoch=170/500 | active_users=2 | updated_users=1 | objective=35.164478 | sum_rate=30.577806 | r_p=0.000000 | r_c=0.000000 | r_s=0.026212 | status=running
[DL Convergence] | phase=optimize | block=3 | epoch=175/500 | active_users=2 | updated_users=1 | objective=35.718334 | sum_rate=31.059420 | r_p=0.559687 | r_c=0.218887 | r_s=0.051194 | status=running
[DL Convergence] | phase=optimize | block=3 | epoch=180/500 | active_users=2 | updated_users=1 | objective=35.363461 | sum_rate=30.750835 | r_p=0.000000 | r_c=0.000000 | r_s=0.041029 | status=running
[DL Convergence] | phase=optimize | block=3 | epoch=185/500 | active_users=2 | updated_users=1 | objective=35.661251 | sum_rate=31.009785 | r_p=0.000000 | r_c=0.000000 | r_s=0.023744 | status=running
[DL Convergence] | phase=optimize | block=3 | epoch=190/500 | active_users=2 | updated_users=1 | objective=35.720703 | sum_rate=31.061481 | r_p=0.000000 | r_c=0.000000 | r_s=0.029554 | status=running
[DL Convergence] | phase=optimize | block=3 | epoch=195/500 | active_users=2 | updated_users=1 | objective=35.388237 | sum_rate=30.772381 | r_p=0.000000 | r_c=0.000000 | r_s=0.008974 | status=running
[DL Convergence] | phase=optimize | block=3 | epoch=200/500 | active_users=2 | updated_users=1 | objective=35.753765 | sum_rate=31.090229 | r_p=0.455274 | r_c=0.198768 | r_s=0.019152 | status=running
[DL Convergence] | phase=optimize | block=3 | epoch=205/500 | active_users=2 | updated_users=1 | objective=35.375278 | sum_rate=30.761110 | r_p=0.000000 | r_c=0.000000 | r_s=0.018749 | status=running
[DL Convergence] | phase=optimize | block=3 | epoch=210/500 | active_users=2 | updated_users=1 | objective=35.756668 | sum_rate=31.092754 | r_p=0.422380 | r_c=0.186330 | r_s=0.040989 | status=running
[DL Convergence] | phase=optimize | block=3 | epoch=215/500 | active_users=2 | updated_users=1 | objective=35.477093 | sum_rate=30.849646 | r_p=0.000000 | r_c=0.000000 | r_s=0.039166 | status=running
[DL Convergence] | phase=optimize | block=3 | epoch=220/500 | active_users=2 | updated_users=1 | objective=35.505890 | sum_rate=30.874687 | r_p=0.000000 | r_c=0.000000 | r_s=0.011980 | status=running
[DL Convergence] | phase=optimize | block=3 | epoch=225/500 | active_users=2 | updated_users=1 | objective=35.762863 | sum_rate=31.098143 | r_p=0.422197 | r_c=0.198561 | r_s=0.011727 | status=running
[DL Convergence] | phase=optimize | block=3 | epoch=230/500 | active_users=2 | updated_users=1 | objective=35.285069 | sum_rate=30.682667 | r_p=0.000000 | r_c=0.000000 | r_s=0.021184 | status=running
[DL Convergence] | phase=optimize | block=3 | epoch=235/500 | active_users=2 | updated_users=1 | objective=35.776726 | sum_rate=31.110197 | r_p=0.138769 | r_c=0.065849 | r_s=0.036379 | status=running
[DL Convergence] | phase=optimize | block=3 | epoch=240/500 | active_users=2 | updated_users=1 | objective=35.613926 | sum_rate=30.968632 | r_p=0.000000 | r_c=0.000000 | r_s=0.035142 | status=running
[DL Convergence] | phase=optimize | block=3 | epoch=245/500 | active_users=2 | updated_users=1 | objective=35.577633 | sum_rate=30.937073 | r_p=0.000000 | r_c=0.000000 | r_s=0.009454 | status=running
[DL Convergence] | phase=optimize | block=3 | epoch=250/500 | active_users=2 | updated_users=1 | objective=35.773293 | sum_rate=31.107212 | r_p=0.274775 | r_c=0.136304 | r_s=0.010183 | status=running
[DL Convergence] | phase=optimize | block=3 | epoch=255/500 | active_users=2 | updated_users=1 | objective=35.560326 | sum_rate=30.922024 | r_p=0.000000 | r_c=0.000000 | r_s=0.015036 | status=running
[DL Convergence] | phase=optimize | block=3 | epoch=260/500 | active_users=2 | updated_users=1 | objective=35.787144 | sum_rate=31.119255 | r_p=0.089926 | r_c=0.044855 | r_s=0.024731 | status=running
[DL Convergence] | phase=optimize | block=3 | epoch=265/500 | active_users=2 | updated_users=1 | objective=35.694412 | sum_rate=31.038618 | r_p=0.000000 | r_c=0.000000 | r_s=0.022095 | status=running
[DL Convergence] | phase=optimize | block=3 | epoch=270/500 | active_users=2 | updated_users=1 | objective=35.648121 | sum_rate=30.998365 | r_p=0.000000 | r_c=0.000000 | r_s=0.005402 | status=running
[DL Convergence] | phase=optimize | block=3 | epoch=275/500 | active_users=2 | updated_users=1 | objective=35.785297 | sum_rate=31.117651 | r_p=0.308546 | r_c=0.158156 | r_s=0.011983 | status=running
[DL Convergence] | phase=optimize | block=3 | epoch=280/500 | active_users=2 | updated_users=1 | objective=35.494442 | sum_rate=30.864733 | r_p=0.000000 | r_c=0.000000 | r_s=0.019092 | status=running
[DL Convergence] | phase=optimize | block=3 | epoch=285/500 | active_users=2 | updated_users=1 | objective=35.770435 | sum_rate=31.104725 | r_p=0.000000 | r_c=0.000000 | r_s=0.023476 | status=running
[DL Convergence] | phase=optimize | block=3 | epoch=290/500 | active_users=2 | updated_users=1 | objective=35.735962 | sum_rate=31.074749 | r_p=0.000000 | r_c=0.000000 | r_s=0.024823 | status=running
[DL Convergence] | phase=optimize | block=3 | epoch=295/500 | active_users=2 | updated_users=1 | objective=35.429207 | sum_rate=30.808006 | r_p=0.000000 | r_c=0.000000 | r_s=0.008114 | status=running
[DL Convergence] | phase=optimize | block=3 | epoch=300/500 | active_users=2 | updated_users=1 | objective=35.776749 | sum_rate=31.110216 | r_p=0.395126 | r_c=0.209442 | r_s=0.033705 | status=running
[DL Convergence] | phase=optimize | block=3 | epoch=305/500 | active_users=2 | updated_users=1 | objective=35.614120 | sum_rate=30.968801 | r_p=0.000000 | r_c=0.000000 | r_s=0.026761 | status=running
[DL Convergence] | phase=optimize | block=3 | epoch=310/500 | active_users=2 | updated_users=1 | objective=35.627560 | sum_rate=30.980488 | r_p=0.000000 | r_c=0.000000 | r_s=0.008503 | status=running
[DL Convergence] | phase=optimize | block=3 | epoch=315/500 | active_users=2 | updated_users=1 | objective=35.772003 | sum_rate=31.106091 | r_p=0.418059 | r_c=0.229618 | r_s=0.013980 | status=running
[DL Convergence] | phase=optimize | block=3 | epoch=320/500 | active_users=2 | updated_users=1 | objective=35.390656 | sum_rate=30.774483 | r_p=0.000000 | r_c=0.000000 | r_s=0.023675 | status=running
[DL Convergence] | phase=optimize | block=3 | epoch=325/500 | active_users=2 | updated_users=1 | objective=35.718613 | sum_rate=31.059662 | r_p=0.000000 | r_c=0.000000 | r_s=0.020771 | status=running
[DL Convergence] | phase=optimize | block=3 | epoch=330/500 | active_users=2 | updated_users=1 | objective=35.773846 | sum_rate=31.107693 | r_p=0.054951 | r_c=0.031133 | r_s=0.012929 | status=running
[DL Convergence] | phase=optimize | block=3 | epoch=335/500 | active_users=2 | updated_users=1 | objective=35.320446 | sum_rate=30.713432 | r_p=0.000000 | r_c=0.000000 | r_s=0.015476 | status=running
[DL Convergence] | phase=optimize | block=3 | epoch=340/500 | active_users=2 | updated_users=1 | objective=35.783527 | sum_rate=31.116112 | r_p=0.032111 | r_c=0.018210 | r_s=0.031331 | status=running
[DL Convergence] | phase=optimize | block=3 | epoch=345/500 | active_users=2 | updated_users=1 | objective=35.718082 | sum_rate=31.059202 | r_p=0.000000 | r_c=0.000000 | r_s=0.027297 | status=running
[DL Convergence] | phase=optimize | block=3 | epoch=350/500 | active_users=2 | updated_users=1 | objective=35.342796 | sum_rate=30.732866 | r_p=0.000000 | r_c=0.000000 | r_s=0.008766 | status=running
[DL Convergence] | phase=optimize | block=3 | epoch=355/500 | active_users=2 | updated_users=1 | objective=35.778461 | sum_rate=31.111706 | r_p=0.366117 | r_c=0.212259 | r_s=0.038838 | status=running
[DL Convergence] | phase=optimize | block=3 | epoch=360/500 | active_users=2 | updated_users=1 | objective=35.643959 | sum_rate=30.994745 | r_p=0.000000 | r_c=0.000000 | r_s=0.034704 | status=running
[DL Convergence] | phase=optimize | block=3 | epoch=365/500 | active_users=2 | updated_users=1 | objective=35.311096 | sum_rate=30.705301 | r_p=0.000000 | r_c=0.000000 | r_s=0.006574 | status=running
[DL Convergence] | phase=optimize | block=3 | epoch=370/500 | active_users=2 | updated_users=1 | objective=35.770222 | sum_rate=31.104542 | r_p=0.428036 | r_c=0.256147 | r_s=0.038833 | status=running
[DL Convergence] | phase=optimize | block=3 | epoch=375/500 | active_users=2 | updated_users=1 | objective=35.590618 | sum_rate=30.948364 | r_p=0.000000 | r_c=0.000000 | r_s=0.033849 | status=running
[DL Convergence] | phase=optimize | block=3 | epoch=380/500 | active_users=2 | updated_users=1 | objective=35.324730 | sum_rate=30.717155 | r_p=0.000000 | r_c=0.000000 | r_s=0.005546 | status=running
[DL Convergence] | phase=optimize | block=3 | epoch=385/500 | active_users=2 | updated_users=1 | objective=35.763123 | sum_rate=31.098366 | r_p=0.488765 | r_c=0.300531 | r_s=0.039555 | status=running
[DL Convergence] | phase=optimize | block=3 | epoch=390/500 | active_users=2 | updated_users=1 | objective=35.536777 | sum_rate=30.901546 | r_p=0.000000 | r_c=0.000000 | r_s=0.036222 | status=running
[DL Convergence] | phase=optimize | block=3 | epoch=395/500 | active_users=2 | updated_users=1 | objective=35.319729 | sum_rate=30.712807 | r_p=0.000000 | r_c=0.000000 | r_s=0.005596 | status=running
[DL Convergence] | phase=optimize | block=3 | epoch=400/500 | active_users=2 | updated_users=1 | objective=35.758228 | sum_rate=31.094110 | r_p=0.517115 | r_c=0.326732 | r_s=0.039980 | status=running
[DL Convergence] | phase=optimize | block=3 | epoch=405/500 | active_users=2 | updated_users=1 | objective=35.561310 | sum_rate=30.922876 | r_p=0.000000 | r_c=0.000000 | r_s=0.035629 | status=running
[DL Convergence] | phase=optimize | block=3 | epoch=410/500 | active_users=2 | updated_users=1 | objective=35.216831 | sum_rate=30.623331 | r_p=0.000000 | r_c=0.000000 | r_s=0.006543 | status=running
[DL Convergence] | phase=optimize | block=3 | epoch=415/500 | active_users=2 | updated_users=1 | objective=35.777233 | sum_rate=31.110638 | r_p=0.353182 | r_c=0.228745 | r_s=0.039962 | status=running
[DL Convergence] | phase=optimize | block=3 | epoch=420/500 | active_users=2 | updated_users=1 | objective=35.610508 | sum_rate=30.965660 | r_p=0.000000 | r_c=0.000000 | r_s=0.033744 | status=running
[DL Convergence] | phase=optimize | block=3 | epoch=425/500 | active_users=2 | updated_users=1 | objective=35.384575 | sum_rate=30.769194 | r_p=0.000000 | r_c=0.000000 | r_s=0.005266 | status=running
[DL Convergence] | phase=optimize | block=3 | epoch=430/500 | active_users=2 | updated_users=1 | objective=35.769844 | sum_rate=31.104214 | r_p=0.423146 | r_c=0.281060 | r_s=0.034793 | status=running
[DL Convergence] | phase=optimize | block=3 | epoch=435/500 | active_users=2 | updated_users=1 | objective=35.585873 | sum_rate=30.944237 | r_p=0.000000 | r_c=0.000000 | r_s=0.031945 | status=running
[DL Convergence] | phase=optimize | block=3 | epoch=440/500 | active_users=2 | updated_users=1 | objective=35.486000 | sum_rate=30.857391 | r_p=0.000000 | r_c=0.000000 | r_s=0.006689 | status=running
[DL Convergence] | phase=optimize | block=3 | epoch=445/500 | active_users=2 | updated_users=1 | objective=35.747158 | sum_rate=31.084486 | r_p=0.293110 | r_c=0.200588 | r_s=0.015494 | status=running
[DL Convergence] | phase=optimize | block=3 | epoch=450/500 | active_users=2 | updated_users=1 | objective=35.523857 | sum_rate=30.890310 | r_p=0.000000 | r_c=0.000000 | r_s=0.016944 | status=running
[DL Convergence] | phase=optimize | block=3 | epoch=455/500 | active_users=2 | updated_users=1 | objective=35.732498 | sum_rate=31.071737 | r_p=0.000000 | r_c=0.000000 | r_s=0.016693 | status=running
[DL Convergence] | phase=optimize | block=3 | epoch=460/500 | active_users=2 | updated_users=1 | objective=35.744400 | sum_rate=31.082088 | r_p=0.000000 | r_c=0.000000 | r_s=0.012058 | status=running
[DL Convergence] | phase=optimize | block=3 | epoch=465/500 | active_users=2 | updated_users=1 | objective=35.603279 | sum_rate=30.959373 | r_p=0.000000 | r_c=0.000000 | r_s=0.007496 | status=running
[DL Convergence] | phase=optimize | block=3 | epoch=470/500 | active_users=2 | updated_users=1 | objective=35.791508 | sum_rate=31.123051 | r_p=0.067801 | r_c=0.046954 | r_s=0.019850 | status=running
[DL Convergence] | phase=optimize | block=3 | epoch=475/500 | active_users=2 | updated_users=1 | objective=35.698055 | sum_rate=31.041786 | r_p=0.000000 | r_c=0.000000 | r_s=0.017548 | status=running
[DL Convergence] | phase=optimize | block=3 | epoch=480/500 | active_users=2 | updated_users=1 | objective=35.624985 | sum_rate=30.978247 | r_p=0.000000 | r_c=0.000000 | r_s=0.003029 | status=running
[DL Convergence] | phase=optimize | block=3 | epoch=485/500 | active_users=2 | updated_users=1 | objective=35.792561 | sum_rate=31.123966 | r_p=0.216612 | r_c=0.151170 | r_s=0.018736 | status=running
[DL Convergence] | phase=optimize | block=3 | epoch=490/500 | active_users=2 | updated_users=1 | objective=35.652706 | sum_rate=31.002354 | r_p=0.000000 | r_c=0.000000 | r_s=0.018523 | status=running
[DL Convergence] | phase=optimize | block=3 | epoch=495/500 | active_users=2 | updated_users=1 | objective=35.651764 | sum_rate=31.001534 | r_p=0.000000 | r_c=0.000000 | r_s=0.005398 | status=running
[DL Convergence] | phase=optimize | block=3 | epoch=500/500 | active_users=2 | updated_users=1 | objective=35.787281 | sum_rate=31.119373 | r_p=0.194959 | r_c=0.137369 | r_s=0.012811 | status=running
  user=02 block=03 accepted smaller n_kl=  48 after fresh re-optimization of users [2].
  user=01 block=03 accepted smaller n_kl=  28 without fresh re-optimization.
[DL Convergence Reduction] | block=3 | epoch=33 | users=[1, 2]
  user=01 block=03 accepted smaller n_kl=  27 without fresh re-optimization.
  user=02 block=03 candidate n_kl=  47 breaks committed-user feasibility [2]; trying fresh re-optimization.
[DL Convergence] | phase=optimize | block=3 | epoch=1/500 | active_users=2 | updated_users=1 | objective=35.608868 | sum_rate=30.964231 | r_p=0.172002 | r_c=0.041021 | r_s=0.002775 | status=running
[DL Convergence] | phase=optimize | block=3 | epoch=5/500 | active_users=2 | updated_users=1 | objective=35.611965 | sum_rate=30.966927 | r_p=0.324136 | r_c=0.077861 | r_s=0.020078 | status=running
[DL Convergence] | phase=optimize | block=3 | epoch=10/500 | active_users=2 | updated_users=1 | objective=35.601868 | sum_rate=30.958147 | r_p=0.169421 | r_c=0.041741 | r_s=0.017881 | status=running
[DL Convergence] | phase=optimize | block=3 | epoch=15/500 | active_users=2 | updated_users=1 | objective=35.513130 | sum_rate=30.880983 | r_p=0.000000 | r_c=0.000000 | r_s=0.007302 | status=running
[DL Convergence] | phase=optimize | block=3 | epoch=20/500 | active_users=2 | updated_users=1 | objective=35.359695 | sum_rate=30.747562 | r_p=0.000000 | r_c=0.000000 | r_s=0.021070 | status=running
[DL Convergence] | phase=optimize | block=3 | epoch=25/500 | active_users=2 | updated_users=1 | objective=35.503227 | sum_rate=30.872372 | r_p=0.000000 | r_c=0.000000 | r_s=0.025637 | status=running
[DL Convergence] | phase=optimize | block=3 | epoch=30/500 | active_users=2 | updated_users=1 | objective=35.600868 | sum_rate=30.957275 | r_p=0.539755 | r_c=0.147339 | r_s=0.025436 | status=running
[DL Convergence] | phase=optimize | block=3 | epoch=35/500 | active_users=2 | updated_users=1 | objective=35.493088 | sum_rate=30.863556 | r_p=0.000000 | r_c=0.000000 | r_s=0.017922 | status=running
[DL Convergence] | phase=optimize | block=3 | epoch=40/500 | active_users=2 | updated_users=1 | objective=35.093521 | sum_rate=30.516106 | r_p=0.000000 | r_c=0.000000 | r_s=0.035977 | status=running
[DL Convergence] | phase=optimize | block=3 | epoch=45/500 | active_users=2 | updated_users=1 | objective=35.589302 | sum_rate=30.947220 | r_p=0.602218 | r_c=0.180096 | r_s=0.028429 | status=running
[DL Convergence] | phase=optimize | block=3 | epoch=50/500 | active_users=2 | updated_users=1 | objective=35.314663 | sum_rate=30.708403 | r_p=0.000000 | r_c=0.000000 | r_s=0.015421 | status=running
[DL Convergence] | phase=optimize | block=3 | epoch=55/500 | active_users=2 | updated_users=1 | objective=35.313328 | sum_rate=30.707241 | r_p=0.000000 | r_c=0.000000 | r_s=0.042340 | status=running
[DL Convergence] | phase=optimize | block=3 | epoch=60/500 | active_users=2 | updated_users=1 | objective=35.519936 | sum_rate=30.886902 | r_p=0.325392 | r_c=0.104243 | r_s=0.041489 | status=running
[DL Convergence] | phase=optimize | block=3 | epoch=65/500 | active_users=2 | updated_users=1 | objective=35.029041 | sum_rate=30.460035 | r_p=0.000000 | r_c=0.000000 | r_s=0.035669 | status=running
[DL Convergence] | phase=optimize | block=3 | epoch=70/500 | active_users=2 | updated_users=1 | objective=35.525768 | sum_rate=30.891972 | r_p=0.759562 | r_c=0.259412 | r_s=0.046134 | status=running
[DL Convergence] | phase=optimize | block=3 | epoch=75/500 | active_users=2 | updated_users=1 | objective=34.880436 | sum_rate=30.330814 | r_p=0.000000 | r_c=0.000000 | r_s=0.026885 | status=running
[DL Convergence] | phase=optimize | block=3 | epoch=80/500 | active_users=2 | updated_users=1 | objective=35.506325 | sum_rate=30.875065 | r_p=0.975350 | r_c=0.353954 | r_s=0.048879 | status=running
[DL Convergence] | phase=optimize | block=3 | epoch=85/500 | active_users=2 | updated_users=1 | objective=34.734703 | sum_rate=30.204090 | r_p=0.000000 | r_c=0.000000 | r_s=0.028311 | status=running
[DL Convergence] | phase=optimize | block=3 | epoch=90/500 | active_users=2 | updated_users=1 | objective=35.501755 | sum_rate=30.871090 | r_p=0.980616 | r_c=0.376040 | r_s=0.056634 | status=running
[DL Convergence] | phase=optimize | block=3 | epoch=95/500 | active_users=2 | updated_users=1 | objective=34.588440 | sum_rate=30.076904 | r_p=0.000000 | r_c=0.000000 | r_s=0.038523 | status=running
[DL Convergence] | phase=optimize | block=3 | epoch=100/500 | active_users=2 | updated_users=1 | objective=35.533287 | sum_rate=30.898510 | r_p=0.433399 | r_c=0.175183 | r_s=0.049662 | status=running
[DL Convergence] | phase=optimize | block=3 | epoch=105/500 | active_users=2 | updated_users=1 | objective=34.974636 | sum_rate=30.412727 | r_p=0.000000 | r_c=0.000000 | r_s=0.053355 | status=running
[DL Convergence] | phase=optimize | block=3 | epoch=110/500 | active_users=2 | updated_users=1 | objective=35.122681 | sum_rate=30.541462 | r_p=0.000000 | r_c=0.000000 | r_s=0.018078 | status=running
[DL Convergence] | phase=optimize | block=3 | epoch=115/500 | active_users=2 | updated_users=1 | objective=35.448830 | sum_rate=30.825069 | r_p=0.048922 | r_c=0.022727 | r_s=0.039992 | status=running
[DL Convergence] | phase=optimize | block=3 | epoch=120/500 | active_users=2 | updated_users=1 | objective=34.295773 | sum_rate=29.822411 | r_p=0.000000 | r_c=0.000000 | r_s=0.017175 | status=running
[DL Convergence] | phase=optimize | block=3 | epoch=125/500 | active_users=2 | updated_users=1 | objective=35.419353 | sum_rate=30.799438 | r_p=1.343885 | r_c=0.636439 | r_s=0.072291 | status=running
[DL Convergence] | phase=optimize | block=3 | epoch=130/500 | active_users=2 | updated_users=1 | objective=34.430870 | sum_rate=29.939886 | r_p=0.000000 | r_c=0.000000 | r_s=0.048736 | status=running
[DL Convergence] | phase=optimize | block=3 | epoch=135/500 | active_users=2 | updated_users=1 | objective=34.947899 | sum_rate=30.389477 | r_p=0.000000 | r_c=0.000000 | r_s=0.018559 | status=running
[DL Convergence] | phase=optimize | block=3 | epoch=140/500 | active_users=2 | updated_users=1 | objective=35.501038 | sum_rate=30.870468 | r_p=0.708901 | r_c=0.379904 | r_s=0.017526 | status=running
[DL Convergence] | phase=optimize | block=3 | epoch=145/500 | active_users=2 | updated_users=1 | objective=34.178692 | sum_rate=29.720600 | r_p=0.000000 | r_c=0.000000 | r_s=0.029073 | status=running
[DL Convergence] | phase=optimize | block=3 | epoch=150/500 | active_users=2 | updated_users=1 | objective=35.565281 | sum_rate=30.926331 | r_p=0.277596 | r_c=0.150733 | r_s=0.050037 | status=running
[DL Convergence] | phase=optimize | block=3 | epoch=155/500 | active_users=2 | updated_users=1 | objective=35.265095 | sum_rate=30.665298 | r_p=0.000000 | r_c=0.000000 | r_s=0.047047 | status=running
[DL Convergence] | phase=optimize | block=3 | epoch=160/500 | active_users=2 | updated_users=1 | objective=34.509541 | sum_rate=30.008297 | r_p=0.000000 | r_c=0.000000 | r_s=0.013487 | status=running
[DL Convergence] | phase=optimize | block=3 | epoch=165/500 | active_users=2 | updated_users=1 | objective=35.555058 | sum_rate=30.917440 | r_p=0.847226 | r_c=0.489988 | r_s=0.056221 | status=running
[DL Convergence] | phase=optimize | block=3 | epoch=170/500 | active_users=2 | updated_users=1 | objective=35.055435 | sum_rate=30.482986 | r_p=0.000000 | r_c=0.000000 | r_s=0.046426 | status=running
[DL Convergence] | phase=optimize | block=3 | epoch=175/500 | active_users=2 | updated_users=1 | objective=34.875854 | sum_rate=30.326830 | r_p=0.000000 | r_c=0.000000 | r_s=0.008764 | status=running
[DL Convergence] | phase=optimize | block=3 | epoch=180/500 | active_users=2 | updated_users=1 | objective=35.564308 | sum_rate=30.925484 | r_p=0.793935 | r_c=0.487561 | r_s=0.041828 | status=running
[DL Convergence] | phase=optimize | block=3 | epoch=185/500 | active_users=2 | updated_users=1 | objective=35.135834 | sum_rate=30.552898 | r_p=0.000000 | r_c=0.000000 | r_s=0.037146 | status=running
[DL Convergence] | phase=optimize | block=3 | epoch=190/500 | active_users=2 | updated_users=1 | objective=34.865864 | sum_rate=30.318142 | r_p=0.000000 | r_c=0.000000 | r_s=0.006056 | status=running
[DL Convergence] | phase=optimize | block=3 | epoch=195/500 | active_users=2 | updated_users=1 | objective=35.566784 | sum_rate=30.927637 | r_p=0.854409 | r_c=0.545810 | r_s=0.048651 | status=running
[DL Convergence] | phase=optimize | block=3 | epoch=200/500 | active_users=2 | updated_users=1 | objective=35.245007 | sum_rate=30.647833 | r_p=0.000000 | r_c=0.000000 | r_s=0.041913 | status=running
[DL Convergence] | phase=optimize | block=3 | epoch=205/500 | active_users=2 | updated_users=1 | objective=34.615776 | sum_rate=30.100674 | r_p=0.000000 | r_c=0.000000 | r_s=0.009160 | status=running
[DL Convergence] | phase=optimize | block=3 | epoch=210/500 | active_users=2 | updated_users=1 | objective=35.604790 | sum_rate=30.960686 | r_p=0.495993 | r_c=0.331031 | r_s=0.046209 | status=running
[DL Convergence] | phase=optimize | block=3 | epoch=215/500 | active_users=2 | updated_users=1 | objective=35.436352 | sum_rate=30.814219 | r_p=0.000000 | r_c=0.000000 | r_s=0.041181 | status=running
[DL Convergence] | phase=optimize | block=3 | epoch=220/500 | active_users=2 | updated_users=1 | objective=34.486626 | sum_rate=29.988371 | r_p=0.000000 | r_c=0.000000 | r_s=0.016036 | status=running
[DL Convergence] | phase=optimize | block=3 | epoch=225/500 | active_users=2 | updated_users=1 | objective=35.517929 | sum_rate=30.885157 | r_p=0.000000 | r_c=0.000000 | r_s=0.030568 | status=running
[DL Convergence] | phase=optimize | block=3 | epoch=230/500 | active_users=2 | updated_users=1 | objective=35.573215 | sum_rate=30.933231 | r_p=0.471689 | r_c=0.345164 | r_s=0.013164 | status=running
[DL Convergence] | phase=optimize | block=3 | epoch=235/500 | active_users=2 | updated_users=1 | objective=34.575966 | sum_rate=30.066055 | r_p=0.000000 | r_c=0.000000 | r_s=0.027854 | status=running
[DL Convergence] | phase=optimize | block=3 | epoch=240/500 | active_users=2 | updated_users=1 | objective=34.993580 | sum_rate=30.429199 | r_p=0.000000 | r_c=0.000000 | r_s=0.011285 | status=running
[DL Convergence] | phase=optimize | block=3 | epoch=245/500 | active_users=2 | updated_users=1 | objective=35.543610 | sum_rate=30.907486 | r_p=0.996564 | r_c=0.745305 | r_s=0.045433 | status=running
[DL Convergence] | phase=optimize | block=3 | epoch=250/500 | active_users=2 | updated_users=1 | objective=35.136917 | sum_rate=30.553841 | r_p=0.000000 | r_c=0.000000 | r_s=0.042191 | status=running
[DL Convergence] | phase=optimize | block=3 | epoch=255/500 | active_users=2 | updated_users=1 | objective=34.348118 | sum_rate=29.867929 | r_p=0.000000 | r_c=0.000000 | r_s=0.010635 | status=running
[DL Convergence] | phase=optimize | block=3 | epoch=260/500 | active_users=2 | updated_users=1 | objective=35.551441 | sum_rate=30.914295 | r_p=0.000000 | r_c=0.000000 | r_s=0.035341 | status=running
[DL Convergence] | phase=optimize | block=3 | epoch=265/500 | active_users=2 | updated_users=1 | objective=35.569038 | sum_rate=30.929598 | r_p=0.545247 | r_c=0.441119 | r_s=0.016669 | status=running
[DL Convergence] | phase=optimize | block=3 | epoch=270/500 | active_users=2 | updated_users=1 | objective=34.411774 | sum_rate=29.923283 | r_p=0.000000 | r_c=0.000000 | r_s=0.029967 | status=running
[DL Convergence] | phase=optimize | block=3 | epoch=275/500 | active_users=2 | updated_users=1 | objective=34.716164 | sum_rate=30.187967 | r_p=0.000000 | r_c=0.000000 | r_s=0.008800 | status=running
[DL Convergence] | phase=optimize | block=3 | epoch=280/500 | active_users=2 | updated_users=1 | objective=35.573971 | sum_rate=30.933887 | r_p=0.841360 | r_c=0.689114 | r_s=0.052558 | status=running
[DL Convergence] | phase=optimize | block=3 | epoch=285/500 | active_users=2 | updated_users=1 | objective=35.297245 | sum_rate=30.693256 | r_p=0.000000 | r_c=0.000000 | r_s=0.045671 | status=running
[DL Convergence] | phase=optimize | block=3 | epoch=290/500 | active_users=2 | updated_users=1 | objective=34.273396 | sum_rate=29.802952 | r_p=0.000000 | r_c=0.000000 | r_s=0.015017 | status=running
[DL Convergence] | phase=optimize | block=3 | epoch=295/500 | active_users=2 | updated_users=1 | objective=35.402466 | sum_rate=30.784752 | r_p=0.000000 | r_c=0.000000 | r_s=0.025327 | status=running
[DL Convergence] | phase=optimize | block=3 | epoch=300/500 | active_users=2 | updated_users=1 | objective=35.574406 | sum_rate=30.934265 | r_p=0.682678 | r_c=0.596361 | r_s=0.013403 | status=running
[DL Convergence] | phase=optimize | block=3 | epoch=305/500 | active_users=2 | updated_users=1 | objective=35.101036 | sum_rate=30.522640 | r_p=0.000000 | r_c=0.000000 | r_s=0.027921 | status=running
[DL Convergence] | phase=optimize | block=3 | epoch=310/500 | active_users=2 | updated_users=1 | objective=34.935856 | sum_rate=30.379005 | r_p=0.000000 | r_c=0.000000 | r_s=0.005269 | status=running
[DL Convergence] | phase=optimize | block=3 | epoch=315/500 | active_users=2 | updated_users=1 | objective=35.607170 | sum_rate=30.962757 | r_p=0.300672 | r_c=0.265850 | r_s=0.033795 | status=running
[DL Convergence] | phase=optimize | block=3 | epoch=320/500 | active_users=2 | updated_users=1 | objective=35.551281 | sum_rate=30.914158 | r_p=0.116817 | r_c=0.106367 | r_s=0.020116 | status=running
[DL Convergence] | phase=optimize | block=3 | epoch=325/500 | active_users=2 | updated_users=1 | objective=34.870899 | sum_rate=30.322521 | r_p=0.000000 | r_c=0.000000 | r_s=0.019550 | status=running
[DL Convergence] | phase=optimize | block=3 | epoch=330/500 | active_users=2 | updated_users=1 | objective=35.148903 | sum_rate=30.564262 | r_p=0.000000 | r_c=0.000000 | r_s=0.008891 | status=running
[DL Convergence] | phase=optimize | block=3 | epoch=335/500 | active_users=2 | updated_users=1 | objective=35.612606 | sum_rate=30.967484 | r_p=0.526767 | r_c=0.482373 | r_s=0.030596 | status=running
[DL Convergence] | phase=optimize | block=3 | epoch=340/500 | active_users=2 | updated_users=1 | objective=35.436008 | sum_rate=30.813919 | r_p=0.000000 | r_c=0.000000 | r_s=0.024613 | status=running
[DL Convergence] | phase=optimize | block=3 | epoch=345/500 | active_users=2 | updated_users=1 | objective=35.055584 | sum_rate=30.483116 | r_p=0.000000 | r_c=0.000000 | r_s=0.009363 | status=running
[DL Convergence] | phase=optimize | block=3 | epoch=350/500 | active_users=2 | updated_users=1 | objective=35.486153 | sum_rate=30.857525 | r_p=0.000000 | r_c=0.000000 | r_s=0.016583 | status=running
[DL Convergence] | phase=optimize | block=3 | epoch=355/500 | active_users=2 | updated_users=1 | objective=35.596077 | sum_rate=30.953110 | r_p=0.285459 | r_c=0.269230 | r_s=0.005821 | status=running
[DL Convergence] | phase=optimize | block=3 | epoch=360/500 | active_users=2 | updated_users=1 | objective=35.311314 | sum_rate=30.705490 | r_p=0.000000 | r_c=0.000000 | r_s=0.016576 | status=running
[DL Convergence] | phase=optimize | block=3 | epoch=365/500 | active_users=2 | updated_users=1 | objective=35.326736 | sum_rate=30.718903 | r_p=0.000000 | r_c=0.000000 | r_s=0.004389 | status=running
[DL Convergence] | phase=optimize | block=3 | epoch=370/500 | active_users=2 | updated_users=1 | objective=35.616356 | sum_rate=30.970743 | r_p=0.317565 | r_c=0.301316 | r_s=0.020714 | status=running
[DL Convergence] | phase=optimize | block=3 | epoch=375/500 | active_users=2 | updated_users=1 | objective=35.476044 | sum_rate=30.848732 | r_p=0.000000 | r_c=0.000000 | r_s=0.017183 | status=running
[DL Convergence] | phase=optimize | block=3 | epoch=380/500 | active_users=2 | updated_users=1 | objective=35.285362 | sum_rate=30.682922 | r_p=0.000000 | r_c=0.000000 | r_s=0.006125 | status=running
[DL Convergence] | phase=optimize | block=3 | epoch=385/500 | active_users=2 | updated_users=1 | objective=35.558098 | sum_rate=30.920086 | r_p=0.000000 | r_c=0.000000 | r_s=0.014999 | status=running
[DL Convergence] | phase=optimize | block=3 | epoch=390/500 | active_users=2 | updated_users=1 | objective=35.568916 | sum_rate=30.929493 | r_p=0.113631 | r_c=0.110285 | r_s=0.005871 | status=running
[DL Convergence] | phase=optimize | block=3 | epoch=395/500 | active_users=2 | updated_users=1 | objective=35.328884 | sum_rate=30.720768 | r_p=0.000000 | r_c=0.000000 | r_s=0.011847 | status=running
[DL Convergence] | phase=optimize | block=3 | epoch=400/500 | active_users=2 | updated_users=1 | objective=35.453186 | sum_rate=30.828857 | r_p=0.000000 | r_c=0.000000 | r_s=0.007969 | status=running
[DL Convergence] | phase=optimize | block=3 | epoch=405/500 | active_users=2 | updated_users=1 | objective=35.588848 | sum_rate=30.946823 | r_p=0.169512 | r_c=0.165285 | r_s=0.007483 | status=running
[DL Convergence] | phase=optimize | block=3 | epoch=410/500 | active_users=2 | updated_users=1 | objective=35.435349 | sum_rate=30.813347 | r_p=0.000000 | r_c=0.000000 | r_s=0.010629 | status=running
[DL Convergence] | phase=optimize | block=3 | epoch=415/500 | active_users=2 | updated_users=1 | objective=35.477688 | sum_rate=30.850163 | r_p=0.000000 | r_c=0.000000 | r_s=0.005301 | status=running
[DL Convergence] | phase=optimize | block=3 | epoch=420/500 | active_users=2 | updated_users=1 | objective=35.573570 | sum_rate=30.933540 | r_p=0.060187 | r_c=0.058953 | r_s=0.004739 | status=running
[DL Convergence] | phase=optimize | block=3 | epoch=425/500 | active_users=2 | updated_users=1 | objective=35.498444 | sum_rate=30.868212 | r_p=0.000000 | r_c=0.000000 | r_s=0.005165 | status=running
[DL Convergence] | phase=optimize | block=3 | epoch=430/500 | active_users=2 | updated_users=1 | objective=35.576073 | sum_rate=30.935717 | r_p=0.090743 | r_c=0.088937 | r_s=0.008609 | status=running
[DL Convergence] | phase=optimize | block=3 | epoch=435/500 | active_users=2 | updated_users=1 | objective=35.473137 | sum_rate=30.846207 | r_p=0.000000 | r_c=0.000000 | r_s=0.010806 | status=running
[DL Convergence] | phase=optimize | block=3 | epoch=440/500 | active_users=2 | updated_users=1 | objective=35.449265 | sum_rate=30.825447 | r_p=0.000000 | r_c=0.000000 | r_s=0.003604 | status=running
[DL Convergence] | phase=optimize | block=3 | epoch=445/500 | active_users=2 | updated_users=1 | objective=35.600842 | sum_rate=30.957253 | r_p=0.193254 | r_c=0.190247 | r_s=0.012113 | status=running
[DL Convergence] | phase=optimize | block=3 | epoch=450/500 | active_users=2 | updated_users=1 | objective=35.473255 | sum_rate=30.846310 | r_p=0.000000 | r_c=0.000000 | r_s=0.010733 | status=running
[DL Convergence] | phase=optimize | block=3 | epoch=455/500 | active_users=2 | updated_users=1 | objective=35.477528 | sum_rate=30.850023 | r_p=0.000000 | r_c=0.000000 | r_s=0.003758 | status=running
[DL Convergence] | phase=optimize | block=3 | epoch=460/500 | active_users=2 | updated_users=1 | objective=35.593105 | sum_rate=30.950525 | r_p=0.120404 | r_c=0.119339 | r_s=0.007155 | status=running
[DL Convergence] | phase=optimize | block=3 | epoch=465/500 | active_users=2 | updated_users=1 | objective=35.459728 | sum_rate=30.834545 | r_p=0.000000 | r_c=0.000000 | r_s=0.007751 | status=running
[DL Convergence] | phase=optimize | block=3 | epoch=470/500 | active_users=2 | updated_users=1 | objective=35.533703 | sum_rate=30.898872 | r_p=0.000000 | r_c=0.000000 | r_s=0.006698 | status=running
[DL Convergence] | phase=optimize | block=3 | epoch=475/500 | active_users=2 | updated_users=1 | objective=35.532520 | sum_rate=30.897844 | r_p=0.000000 | r_c=0.000000 | r_s=0.006668 | status=running
[DL Convergence] | phase=optimize | block=3 | epoch=480/500 | active_users=2 | updated_users=1 | objective=35.471169 | sum_rate=30.844494 | r_p=0.000000 | r_c=0.000000 | r_s=0.003319 | status=running
[DL Convergence] | phase=optimize | block=3 | epoch=485/500 | active_users=2 | updated_users=1 | objective=35.588818 | sum_rate=30.946796 | r_p=0.115844 | r_c=0.115274 | r_s=0.009148 | status=running
[DL Convergence] | phase=optimize | block=3 | epoch=490/500 | active_users=2 | updated_users=1 | objective=35.469372 | sum_rate=30.842932 | r_p=0.000000 | r_c=0.000000 | r_s=0.009334 | status=running
[DL Convergence] | phase=optimize | block=3 | epoch=495/500 | active_users=2 | updated_users=1 | objective=35.497742 | sum_rate=30.867599 | r_p=0.000000 | r_c=0.000000 | r_s=0.004439 | status=running
[DL Convergence] | phase=optimize | block=3 | epoch=500/500 | active_users=2 | updated_users=1 | objective=35.602249 | sum_rate=30.958479 | r_p=0.174878 | r_c=0.175004 | r_s=0.006770 | status=running
  user=02 block=03 accepted smaller n_kl=  47 after fresh re-optimization of users [2].
[DL Convergence Reduction] | block=3 | epoch=34 | users=[2, 1]
  user=02 block=03 candidate n_kl=  46 breaks committed-user feasibility [2]; trying fresh re-optimization.
[DL Convergence] | phase=optimize | block=3 | epoch=1/500 | active_users=2 | updated_users=1 | objective=35.540043 | sum_rate=30.904385 | r_p=0.288805 | r_c=0.069374 | r_s=0.001655 | status=running
[DL Convergence] | phase=optimize | block=3 | epoch=5/500 | active_users=2 | updated_users=1 | objective=35.527878 | sum_rate=30.893806 | r_p=0.244538 | r_c=0.059873 | r_s=0.009463 | status=running
[DL Convergence] | phase=optimize | block=3 | epoch=10/500 | active_users=2 | updated_users=1 | objective=35.520767 | sum_rate=30.887625 | r_p=0.214596 | r_c=0.054153 | r_s=0.008704 | status=running
[DL Convergence] | phase=optimize | block=3 | epoch=15/500 | active_users=2 | updated_users=1 | objective=35.514320 | sum_rate=30.882019 | r_p=0.191360 | r_c=0.049693 | r_s=0.006845 | status=running
[DL Convergence] | phase=optimize | block=3 | epoch=20/500 | active_users=2 | updated_users=1 | objective=35.500160 | sum_rate=30.869705 | r_p=0.150203 | r_c=0.039980 | r_s=0.008319 | status=running
[DL Convergence] | phase=optimize | block=3 | epoch=25/500 | active_users=2 | updated_users=1 | objective=35.436768 | sum_rate=30.814579 | r_p=0.000000 | r_c=0.000000 | r_s=0.005810 | status=running
[DL Convergence] | phase=optimize | block=3 | epoch=30/500 | active_users=2 | updated_users=1 | objective=35.256687 | sum_rate=30.657990 | r_p=0.000000 | r_c=0.000000 | r_s=0.016910 | status=running
[DL Convergence] | phase=optimize | block=3 | epoch=35/500 | active_users=2 | updated_users=1 | objective=35.206593 | sum_rate=30.614429 | r_p=0.000000 | r_c=0.000000 | r_s=0.034512 | status=running
[DL Convergence] | phase=optimize | block=3 | epoch=40/500 | active_users=2 | updated_users=1 | objective=35.570724 | sum_rate=30.931065 | r_p=0.572414 | r_c=0.175796 | r_s=0.019954 | status=running
[DL Convergence] | phase=optimize | block=3 | epoch=45/500 | active_users=2 | updated_users=1 | objective=35.533173 | sum_rate=30.898411 | r_p=0.448226 | r_c=0.140222 | r_s=0.032074 | status=running
[DL Convergence] | phase=optimize | block=3 | epoch=50/500 | active_users=2 | updated_users=1 | objective=35.031216 | sum_rate=30.461926 | r_p=0.000000 | r_c=0.000000 | r_s=0.019917 | status=running
[DL Convergence] | phase=optimize | block=3 | epoch=55/500 | active_users=2 | updated_users=1 | objective=35.450169 | sum_rate=30.826233 | r_p=0.046432 | r_c=0.016080 | r_s=0.027123 | status=running
[DL Convergence] | phase=optimize | block=3 | epoch=60/500 | active_users=2 | updated_users=1 | objective=35.471985 | sum_rate=30.845203 | r_p=0.378605 | r_c=0.131290 | r_s=0.035706 | status=running
[DL Convergence] | phase=optimize | block=3 | epoch=65/500 | active_users=2 | updated_users=1 | objective=34.680569 | sum_rate=30.157017 | r_p=0.000000 | r_c=0.000000 | r_s=0.035663 | status=running
[DL Convergence] | phase=optimize | block=3 | epoch=70/500 | active_users=2 | updated_users=1 | objective=35.508774 | sum_rate=30.877193 | r_p=0.960259 | r_c=0.360279 | r_s=0.042647 | status=running
[DL Convergence] | phase=optimize | block=3 | epoch=75/500 | active_users=2 | updated_users=1 | objective=34.779255 | sum_rate=30.242830 | r_p=0.000000 | r_c=0.000000 | r_s=0.019258 | status=running
[DL Convergence] | phase=optimize | block=3 | epoch=80/500 | active_users=2 | updated_users=1 | objective=35.550190 | sum_rate=30.913208 | r_p=0.571978 | r_c=0.232644 | r_s=0.017708 | status=running
[DL Convergence] | phase=optimize | block=3 | epoch=85/500 | active_users=2 | updated_users=1 | objective=35.148769 | sum_rate=30.564146 | r_p=0.000000 | r_c=0.000000 | r_s=0.013543 | status=running
[DL Convergence] | phase=optimize | block=3 | epoch=90/500 | active_users=2 | updated_users=1 | objective=35.401993 | sum_rate=30.784340 | r_p=0.025852 | r_c=0.011205 | r_s=0.027788 | status=running
[DL Convergence] | phase=optimize | block=3 | epoch=95/500 | active_users=2 | updated_users=1 | objective=35.211163 | sum_rate=30.618402 | r_p=0.000000 | r_c=0.000000 | r_s=0.015994 | status=running
[DL Convergence] | phase=optimize | block=3 | epoch=100/500 | active_users=2 | updated_users=1 | objective=35.372486 | sum_rate=30.758682 | r_p=0.000000 | r_c=0.000000 | r_s=0.032737 | status=running
[DL Convergence] | phase=optimize | block=3 | epoch=105/500 | active_users=2 | updated_users=1 | objective=35.193413 | sum_rate=30.602966 | r_p=0.000000 | r_c=0.000000 | r_s=0.014130 | status=running
[DL Convergence] | phase=optimize | block=3 | epoch=110/500 | active_users=2 | updated_users=1 | objective=35.386894 | sum_rate=30.771212 | r_p=0.030336 | r_c=0.014648 | r_s=0.027672 | status=running
[DL Convergence] | phase=optimize | block=3 | epoch=115/500 | active_users=2 | updated_users=1 | objective=34.981236 | sum_rate=30.418465 | r_p=0.000000 | r_c=0.000000 | r_s=0.010742 | status=running
[DL Convergence] | phase=optimize | block=3 | epoch=120/500 | active_users=2 | updated_users=1 | objective=35.545547 | sum_rate=30.909172 | r_p=0.601305 | r_c=0.304955 | r_s=0.014069 | status=running
[DL Convergence] | phase=optimize | block=3 | epoch=125/500 | active_users=2 | updated_users=1 | objective=34.627541 | sum_rate=30.110905 | r_p=0.000000 | r_c=0.000000 | r_s=0.016823 | status=running
[DL Convergence] | phase=optimize | block=3 | epoch=130/500 | active_users=2 | updated_users=1 | objective=35.541981 | sum_rate=30.906069 | r_p=1.025154 | r_c=0.536328 | r_s=0.044288 | status=running
[DL Convergence] | phase=optimize | block=3 | epoch=135/500 | active_users=2 | updated_users=1 | objective=34.513817 | sum_rate=30.012016 | r_p=0.000000 | r_c=0.000000 | r_s=0.034165 | status=running
[DL Convergence] | phase=optimize | block=3 | epoch=140/500 | active_users=2 | updated_users=1 | objective=35.457554 | sum_rate=30.832655 | r_p=0.213402 | r_c=0.116156 | r_s=0.034748 | status=running
[DL Convergence] | phase=optimize | block=3 | epoch=145/500 | active_users=2 | updated_users=1 | objective=35.168503 | sum_rate=30.581308 | r_p=0.000000 | r_c=0.000000 | r_s=0.045893 | status=running
[DL Convergence] | phase=optimize | block=3 | epoch=150/500 | active_users=2 | updated_users=1 | objective=34.587814 | sum_rate=30.076361 | r_p=0.000000 | r_c=0.000000 | r_s=0.010178 | status=running
[DL Convergence] | phase=optimize | block=3 | epoch=155/500 | active_users=2 | updated_users=1 | objective=35.501766 | sum_rate=30.871101 | r_p=1.222822 | r_c=0.728447 | r_s=0.045769 | status=running
[DL Convergence] | phase=optimize | block=3 | epoch=160/500 | active_users=2 | updated_users=1 | objective=34.184898 | sum_rate=29.725998 | r_p=0.000000 | r_c=0.000000 | r_s=0.039227 | status=running
[DL Convergence] | phase=optimize | block=3 | epoch=165/500 | active_users=2 | updated_users=1 | objective=35.040833 | sum_rate=30.470287 | r_p=0.000000 | r_c=0.000000 | r_s=0.020433 | status=running
[DL Convergence] | phase=optimize | block=3 | epoch=170/500 | active_users=2 | updated_users=1 | objective=35.499550 | sum_rate=30.869175 | r_p=0.747189 | r_c=0.488001 | r_s=0.015080 | status=running
[DL Convergence] | phase=optimize | block=3 | epoch=175/500 | active_users=2 | updated_users=1 | objective=33.616585 | sum_rate=29.231812 | r_p=0.000000 | r_c=0.000000 | r_s=0.026477 | status=running
[DL Convergence] | phase=optimize | block=3 | epoch=180/500 | active_users=2 | updated_users=1 | objective=35.407349 | sum_rate=30.789000 | r_p=0.065147 | r_c=0.043039 | r_s=0.036304 | status=running
[DL Convergence] | phase=optimize | block=3 | epoch=185/500 | active_users=2 | updated_users=1 | objective=35.445202 | sum_rate=30.821915 | r_p=0.327827 | r_c=0.230820 | r_s=0.033569 | status=running
[DL Convergence] | phase=optimize | block=3 | epoch=190/500 | active_users=2 | updated_users=1 | objective=33.573360 | sum_rate=29.194225 | r_p=0.044746 | r_c=0.008586 | r_s=0.023520 | status=running
[DL Convergence] | phase=optimize | block=3 | epoch=195/500 | active_users=2 | updated_users=1 | objective=35.379150 | sum_rate=30.764477 | r_p=0.000000 | r_c=0.000000 | r_s=0.034239 | status=running
[DL Convergence] | phase=optimize | block=3 | epoch=200/500 | active_users=2 | updated_users=1 | objective=35.488876 | sum_rate=30.859894 | r_p=0.660964 | r_c=0.500899 | r_s=0.030132 | status=running
[DL Convergence] | phase=optimize | block=3 | epoch=205/500 | active_users=2 | updated_users=1 | objective=33.455776 | sum_rate=29.091980 | r_p=0.190388 | r_c=0.036618 | r_s=0.029462 | status=running
[DL Convergence] | phase=optimize | block=3 | epoch=210/500 | active_users=2 | updated_users=1 | objective=35.266136 | sum_rate=30.666206 | r_p=0.000000 | r_c=0.000000 | r_s=0.031603 | status=running
[DL Convergence] | phase=optimize | block=3 | epoch=215/500 | active_users=2 | updated_users=1 | objective=35.423424 | sum_rate=30.802979 | r_p=0.612849 | r_c=0.498198 | r_s=0.028470 | status=running
[DL Convergence] | phase=optimize | block=3 | epoch=220/500 | active_users=2 | updated_users=1 | objective=33.706322 | sum_rate=29.309843 | r_p=0.000000 | r_c=0.000000 | r_s=0.028183 | status=running
[DL Convergence] | phase=optimize | block=3 | epoch=225/500 | active_users=2 | updated_users=1 | objective=35.005459 | sum_rate=30.439529 | r_p=0.000000 | r_c=0.000000 | r_s=0.021434 | status=running
[DL Convergence] | phase=optimize | block=3 | epoch=230/500 | active_users=2 | updated_users=1 | objective=35.461628 | sum_rate=30.836197 | r_p=0.879278 | r_c=0.746902 | r_s=0.016778 | status=running
[DL Convergence] | phase=optimize | block=3 | epoch=235/500 | active_users=2 | updated_users=1 | objective=34.490147 | sum_rate=29.991432 | r_p=0.000000 | r_c=0.000000 | r_s=0.030639 | status=running
[DL Convergence] | phase=optimize | block=3 | epoch=240/500 | active_users=2 | updated_users=1 | objective=34.730900 | sum_rate=30.200783 | r_p=0.000000 | r_c=0.000000 | r_s=0.009845 | status=running
[DL Convergence] | phase=optimize | block=3 | epoch=245/500 | active_users=2 | updated_users=1 | objective=35.540123 | sum_rate=30.904453 | r_p=1.004605 | r_c=0.877107 | r_s=0.043671 | status=running
[DL Convergence] | phase=optimize | block=3 | epoch=250/500 | active_users=2 | updated_users=1 | objective=35.008469 | sum_rate=30.442146 | r_p=0.000000 | r_c=0.000000 | r_s=0.039013 | status=running
[DL Convergence] | phase=optimize | block=3 | epoch=255/500 | active_users=2 | updated_users=1 | objective=34.402882 | sum_rate=29.915550 | r_p=0.000000 | r_c=0.000000 | r_s=0.008801 | status=running
[DL Convergence] | phase=optimize | block=3 | epoch=260/500 | active_users=2 | updated_users=1 | objective=35.527748 | sum_rate=30.893692 | r_p=0.330033 | r_c=0.298231 | r_s=0.034570 | status=running
[DL Convergence] | phase=optimize | block=3 | epoch=265/500 | active_users=2 | updated_users=1 | objective=35.465118 | sum_rate=30.839233 | r_p=0.311913 | r_c=0.292944 | r_s=0.020717 | status=running
[DL Convergence] | phase=optimize | block=3 | epoch=270/500 | active_users=2 | updated_users=1 | objective=34.509666 | sum_rate=30.008404 | r_p=0.000000 | r_c=0.000000 | r_s=0.019859 | status=running
[DL Convergence] | phase=optimize | block=3 | epoch=275/500 | active_users=2 | updated_users=1 | objective=35.103207 | sum_rate=30.524529 | r_p=0.000000 | r_c=0.000000 | r_s=0.013031 | status=running
[DL Convergence] | phase=optimize | block=3 | epoch=280/500 | active_users=2 | updated_users=1 | objective=35.566216 | sum_rate=30.927143 | r_p=0.800752 | r_c=0.765902 | r_s=0.026153 | status=running
[DL Convergence] | phase=optimize | block=3 | epoch=285/500 | active_users=2 | updated_users=1 | objective=35.032211 | sum_rate=30.462793 | r_p=0.000000 | r_c=0.000000 | r_s=0.030767 | status=running
[DL Convergence] | phase=optimize | block=3 | epoch=290/500 | active_users=2 | updated_users=1 | objective=34.500702 | sum_rate=30.000610 | r_p=0.000000 | r_c=0.000000 | r_s=0.007725 | status=running
[DL Convergence] | phase=optimize | block=3 | epoch=295/500 | active_users=2 | updated_users=1 | objective=35.495720 | sum_rate=30.865845 | r_p=0.177946 | r_c=0.173741 | r_s=0.029329 | status=running
[DL Convergence] | phase=optimize | block=3 | epoch=300/500 | active_users=2 | updated_users=1 | objective=35.508892 | sum_rate=30.877296 | r_p=0.447445 | r_c=0.450155 | r_s=0.010013 | status=running
[DL Convergence] | phase=optimize | block=3 | epoch=305/500 | active_users=2 | updated_users=1 | objective=34.645454 | sum_rate=30.126482 | r_p=0.000000 | r_c=0.000000 | r_s=0.023314 | status=running
[DL Convergence] | phase=optimize | block=3 | epoch=310/500 | active_users=2 | updated_users=1 | objective=34.790550 | sum_rate=30.252653 | r_p=0.000000 | r_c=0.000000 | r_s=0.006592 | status=running
[DL Convergence] | phase=optimize | block=3 | epoch=315/500 | active_users=2 | updated_users=1 | objective=35.576672 | sum_rate=30.936235 | r_p=0.632158 | r_c=0.642168 | r_s=0.034430 | status=running
[DL Convergence] | phase=optimize | block=3 | epoch=320/500 | active_users=2 | updated_users=1 | objective=35.310524 | sum_rate=30.704802 | r_p=0.000000 | r_c=0.000000 | r_s=0.026544 | status=running
[DL Convergence] | phase=optimize | block=3 | epoch=325/500 | active_users=2 | updated_users=1 | objective=34.614777 | sum_rate=30.099804 | r_p=0.000000 | r_c=0.000000 | r_s=0.013235 | status=running
[DL Convergence] | phase=optimize | block=3 | epoch=330/500 | active_users=2 | updated_users=1 | objective=35.251324 | sum_rate=30.653326 | r_p=0.000000 | r_c=0.000000 | r_s=0.015271 | status=running
[DL Convergence] | phase=optimize | block=3 | epoch=335/500 | active_users=2 | updated_users=1 | objective=35.568302 | sum_rate=30.928957 | r_p=0.756542 | r_c=0.802608 | r_s=0.019005 | status=running
[DL Convergence] | phase=optimize | block=3 | epoch=340/500 | active_users=2 | updated_users=1 | objective=35.080273 | sum_rate=30.504583 | r_p=0.000000 | r_c=0.000000 | r_s=0.026455 | status=running
[DL Convergence] | phase=optimize | block=3 | epoch=345/500 | active_users=2 | updated_users=1 | objective=34.745510 | sum_rate=30.213486 | r_p=0.000000 | r_c=0.000000 | r_s=0.005955 | status=running
[DL Convergence] | phase=optimize | block=3 | epoch=350/500 | active_users=2 | updated_users=1 | objective=35.504650 | sum_rate=30.873608 | r_p=0.198346 | r_c=0.213729 | r_s=0.025711 | status=running
[DL Convergence] | phase=optimize | block=3 | epoch=355/500 | active_users=2 | updated_users=1 | objective=35.491890 | sum_rate=30.862514 | r_p=0.328025 | r_c=0.361575 | r_s=0.009265 | status=running
[DL Convergence] | phase=optimize | block=3 | epoch=360/500 | active_users=2 | updated_users=1 | objective=34.776844 | sum_rate=30.240734 | r_p=0.000000 | r_c=0.000000 | r_s=0.020252 | status=running
[DL Convergence] | phase=optimize | block=3 | epoch=365/500 | active_users=2 | updated_users=1 | objective=34.895641 | sum_rate=30.344036 | r_p=0.000000 | r_c=0.000000 | r_s=0.005964 | status=running
[DL Convergence] | phase=optimize | block=3 | epoch=370/500 | active_users=2 | updated_users=1 | objective=35.563820 | sum_rate=30.925062 | r_p=0.480366 | r_c=0.532664 | r_s=0.028044 | status=running
[DL Convergence] | phase=optimize | block=3 | epoch=375/500 | active_users=2 | updated_users=1 | objective=35.335987 | sum_rate=30.726946 | r_p=0.000000 | r_c=0.000000 | r_s=0.020600 | status=running
[DL Convergence] | phase=optimize | block=3 | epoch=380/500 | active_users=2 | updated_users=1 | objective=34.831982 | sum_rate=30.288679 | r_p=0.000000 | r_c=0.000000 | r_s=0.011382 | status=running
[DL Convergence] | phase=optimize | block=3 | epoch=385/500 | active_users=2 | updated_users=1 | objective=35.299473 | sum_rate=30.695194 | r_p=0.000000 | r_c=0.000000 | r_s=0.013306 | status=running
[DL Convergence] | phase=optimize | block=3 | epoch=390/500 | active_users=2 | updated_users=1 | objective=35.530098 | sum_rate=30.895737 | r_p=0.401315 | r_c=0.457965 | r_s=0.010183 | status=running
[DL Convergence] | phase=optimize | block=3 | epoch=395/500 | active_users=2 | updated_users=1 | objective=35.128719 | sum_rate=30.546713 | r_p=0.000000 | r_c=0.000000 | r_s=0.018166 | status=running
[DL Convergence] | phase=optimize | block=3 | epoch=400/500 | active_users=2 | updated_users=1 | objective=35.047249 | sum_rate=30.475868 | r_p=0.000000 | r_c=0.000000 | r_s=0.003706 | status=running
[DL Convergence] | phase=optimize | block=3 | epoch=405/500 | active_users=2 | updated_users=1 | objective=35.543156 | sum_rate=30.907093 | r_p=0.336696 | r_c=0.387316 | r_s=0.021529 | status=running
[DL Convergence] | phase=optimize | block=3 | epoch=410/500 | active_users=2 | updated_users=1 | objective=35.366081 | sum_rate=30.753113 | r_p=0.000000 | r_c=0.000000 | r_s=0.015315 | status=running
[DL Convergence] | phase=optimize | block=3 | epoch=415/500 | active_users=2 | updated_users=1 | objective=35.043423 | sum_rate=30.472542 | r_p=0.000000 | r_c=0.000000 | r_s=0.009264 | status=running
[DL Convergence] | phase=optimize | block=3 | epoch=420/500 | active_users=2 | updated_users=1 | objective=35.391293 | sum_rate=30.775038 | r_p=0.000000 | r_c=0.000000 | r_s=0.012770 | status=running
[DL Convergence] | phase=optimize | block=3 | epoch=425/500 | active_users=2 | updated_users=1 | objective=35.495998 | sum_rate=30.866085 | r_p=0.276026 | r_c=0.325554 | r_s=0.004720 | status=running
[DL Convergence] | phase=optimize | block=3 | epoch=430/500 | active_users=2 | updated_users=1 | objective=35.146427 | sum_rate=30.562109 | r_p=0.000000 | r_c=0.000000 | r_s=0.013844 | status=running
[DL Convergence] | phase=optimize | block=3 | epoch=435/500 | active_users=2 | updated_users=1 | objective=35.241615 | sum_rate=30.644884 | r_p=0.000000 | r_c=0.000000 | r_s=0.006076 | status=running
[DL Convergence] | phase=optimize | block=3 | epoch=440/500 | active_users=2 | updated_users=1 | objective=35.501713 | sum_rate=30.871054 | r_p=0.242992 | r_c=0.288503 | r_s=0.010477 | status=running
[DL Convergence] | phase=optimize | block=3 | epoch=445/500 | active_users=2 | updated_users=1 | objective=35.264000 | sum_rate=30.664347 | r_p=0.000000 | r_c=0.000000 | r_s=0.011728 | status=running
[DL Convergence] | phase=optimize | block=3 | epoch=450/500 | active_users=2 | updated_users=1 | objective=35.293221 | sum_rate=30.689758 | r_p=0.000000 | r_c=0.000000 | r_s=0.004703 | status=running
[DL Convergence] | phase=optimize | block=3 | epoch=455/500 | active_users=2 | updated_users=1 | objective=35.474495 | sum_rate=30.847385 | r_p=0.151297 | r_c=0.180924 | r_s=0.006945 | status=running
[DL Convergence] | phase=optimize | block=3 | epoch=460/500 | active_users=2 | updated_users=1 | objective=35.316048 | sum_rate=30.709606 | r_p=0.000000 | r_c=0.000000 | r_s=0.007398 | status=running
[DL Convergence] | phase=optimize | block=3 | epoch=465/500 | active_users=2 | updated_users=1 | objective=35.448269 | sum_rate=30.824581 | r_p=0.107453 | r_c=0.128741 | r_s=0.008848 | status=running
[DL Convergence] | phase=optimize | block=3 | epoch=470/500 | active_users=2 | updated_users=1 | objective=35.360470 | sum_rate=30.748234 | r_p=0.000000 | r_c=0.000000 | r_s=0.007556 | status=running
[DL Convergence] | phase=optimize | block=3 | epoch=475/500 | active_users=2 | updated_users=1 | objective=35.407433 | sum_rate=30.789072 | r_p=0.000000 | r_c=0.000000 | r_s=0.005426 | status=running
[DL Convergence] | phase=optimize | block=3 | epoch=480/500 | active_users=2 | updated_users=1 | objective=35.385735 | sum_rate=30.770203 | r_p=0.000000 | r_c=0.000000 | r_s=0.006617 | status=running
[DL Convergence] | phase=optimize | block=3 | epoch=485/500 | active_users=2 | updated_users=1 | objective=35.356228 | sum_rate=30.744545 | r_p=0.000000 | r_c=0.000000 | r_s=0.003552 | status=running
[DL Convergence] | phase=optimize | block=3 | epoch=490/500 | active_users=2 | updated_users=1 | objective=35.453766 | sum_rate=30.829361 | r_p=0.063760 | r_c=0.077131 | r_s=0.004256 | status=running
[DL Convergence] | phase=optimize | block=3 | epoch=495/500 | active_users=2 | updated_users=1 | objective=35.367851 | sum_rate=30.754652 | r_p=0.000000 | r_c=0.000000 | r_s=0.004175 | status=running
[DL Convergence] | phase=optimize | block=3 | epoch=500/500 | active_users=2 | updated_users=1 | objective=35.488628 | sum_rate=30.859676 | r_p=0.131274 | r_c=0.159201 | r_s=0.005479 | status=running
  user=02 block=03 candidate n_kl=  46 after updating users [2] still leaves committed users infeasible [2] after re-optimization; stopping further n_kl reduction for this user in this block.
  user=01 block=03 accepted smaller n_kl=  26 without fresh re-optimization.
[DL Convergence Reduction] | block=3 | epoch=35 | users=[1]
  user=01 block=03 accepted smaller n_kl=  25 without fresh re-optimization.
[DL Convergence Reduction] | block=3 | epoch=36 | users=[1]
  user=01 block=03 accepted smaller n_kl=  24 without fresh re-optimization.
[DL Convergence Reduction] | block=3 | epoch=37 | users=[1]
  user=01 block=03 accepted smaller n_kl=  23 without fresh re-optimization.
[DL Convergence Reduction] | block=3 | epoch=38 | users=[1]
  user=01 block=03 candidate n_kl=  22 breaks committed-user feasibility [1]; trying fresh re-optimization.
[DL Convergence] | phase=optimize | block=3 | epoch=1/500 | active_users=2 | updated_users=1 | objective=35.184998 | sum_rate=30.595650 | r_p=0.316026 | r_c=0.075913 | r_s=0.014109 | status=running
[DL Convergence] | phase=optimize | block=3 | epoch=5/500 | active_users=2 | updated_users=1 | objective=35.185909 | sum_rate=30.596443 | r_p=0.331051 | r_c=0.082506 | r_s=0.008077 | status=running
[DL Convergence] | phase=optimize | block=3 | epoch=10/500 | active_users=2 | updated_users=1 | objective=35.185997 | sum_rate=30.596519 | r_p=0.305837 | r_c=0.079987 | r_s=0.003426 | status=running
[DL Convergence] | phase=optimize | block=3 | epoch=15/500 | active_users=2 | updated_users=1 | objective=35.155476 | sum_rate=30.569979 | r_p=0.297081 | r_c=0.062360 | r_s=0.006664 | status=running
[DL Convergence] | phase=optimize | block=3 | epoch=20/500 | active_users=2 | updated_users=1 | objective=35.183590 | sum_rate=30.594425 | r_p=0.268571 | r_c=0.075555 | r_s=0.009129 | status=running
[DL Convergence] | phase=optimize | block=3 | epoch=25/500 | active_users=2 | updated_users=1 | objective=35.191368 | sum_rate=30.601189 | r_p=0.430301 | r_c=0.126361 | r_s=0.007285 | status=running
[DL Convergence] | phase=optimize | block=3 | epoch=30/500 | active_users=2 | updated_users=1 | objective=35.169746 | sum_rate=30.582390 | r_p=0.200575 | r_c=0.050704 | r_s=0.012491 | status=running
[DL Convergence] | phase=optimize | block=3 | epoch=35/500 | active_users=2 | updated_users=1 | objective=35.116547 | sum_rate=30.536129 | r_p=0.452627 | r_c=0.109864 | r_s=0.021352 | status=running
[DL Convergence] | phase=optimize | block=3 | epoch=40/500 | active_users=2 | updated_users=1 | objective=35.068748 | sum_rate=30.494562 | r_p=0.623636 | r_c=0.157256 | r_s=0.025351 | status=running
[DL Convergence] | phase=optimize | block=3 | epoch=45/500 | active_users=2 | updated_users=1 | objective=35.127197 | sum_rate=30.545387 | r_p=0.372978 | r_c=0.098695 | r_s=0.022301 | status=running
[DL Convergence] | phase=optimize | block=3 | epoch=50/500 | active_users=2 | updated_users=1 | objective=35.176643 | sum_rate=30.588385 | r_p=0.726707 | r_c=0.269055 | r_s=0.013623 | status=running
[DL Convergence] | phase=optimize | block=3 | epoch=55/500 | active_users=2 | updated_users=1 | objective=35.105568 | sum_rate=30.526579 | r_p=0.983190 | r_c=0.375103 | r_s=0.032657 | status=running
[DL Convergence] | phase=optimize | block=3 | epoch=60/500 | active_users=2 | updated_users=1 | objective=35.009785 | sum_rate=30.443291 | r_p=0.793339 | r_c=0.254838 | r_s=0.018140 | status=running
[DL Convergence] | phase=optimize | block=3 | epoch=65/500 | active_users=2 | updated_users=1 | objective=35.058418 | sum_rate=30.485580 | r_p=0.464258 | r_c=0.152813 | r_s=0.028277 | status=running
[DL Convergence] | phase=optimize | block=3 | epoch=70/500 | active_users=2 | updated_users=1 | objective=35.048489 | sum_rate=30.476946 | r_p=1.206178 | r_c=0.541162 | r_s=0.030179 | status=running
[DL Convergence] | phase=optimize | block=3 | epoch=75/500 | active_users=2 | updated_users=1 | objective=34.834743 | sum_rate=30.291080 | r_p=1.206488 | r_c=0.451830 | r_s=0.029036 | status=running
[DL Convergence] | phase=optimize | block=3 | epoch=80/500 | active_users=2 | updated_users=1 | objective=35.071270 | sum_rate=30.496756 | r_p=1.138494 | r_c=0.582038 | r_s=0.017251 | status=running
[DL Convergence] | phase=optimize | block=3 | epoch=85/500 | active_users=2 | updated_users=1 | objective=34.961433 | sum_rate=30.401247 | r_p=0.876551 | r_c=0.378905 | r_s=0.019438 | status=running
[DL Convergence] | phase=optimize | block=3 | epoch=90/500 | active_users=2 | updated_users=1 | objective=35.033623 | sum_rate=30.464020 | r_p=1.114281 | r_c=0.644593 | r_s=0.015404 | status=running
[DL Convergence] | phase=optimize | block=3 | epoch=95/500 | active_users=2 | updated_users=1 | objective=34.770206 | sum_rate=30.234962 | r_p=1.090883 | r_c=0.534169 | r_s=0.019976 | status=running
[DL Convergence] | phase=optimize | block=3 | epoch=100/500 | active_users=2 | updated_users=1 | objective=34.847672 | sum_rate=30.302324 | r_p=1.555789 | r_c=1.008507 | r_s=0.016564 | status=running
[DL Convergence] | phase=optimize | block=3 | epoch=105/500 | active_users=2 | updated_users=1 | objective=34.432487 | sum_rate=29.941292 | r_p=1.644341 | r_c=0.892156 | r_s=0.029202 | status=running
[DL Convergence] | phase=optimize | block=3 | epoch=110/500 | active_users=2 | updated_users=1 | objective=34.752369 | sum_rate=30.219452 | r_p=1.746688 | r_c=1.236675 | r_s=0.030168 | status=running
[DL Convergence] | phase=optimize | block=3 | epoch=115/500 | active_users=2 | updated_users=1 | objective=34.508499 | sum_rate=30.007389 | r_p=1.679337 | r_c=0.980758 | r_s=0.048988 | status=running
[DL Convergence] | phase=optimize | block=3 | epoch=120/500 | active_users=2 | updated_users=1 | objective=35.054218 | sum_rate=30.481930 | r_p=1.185452 | r_c=0.914207 | r_s=0.036499 | status=running
[DL Convergence] | phase=optimize | block=3 | epoch=125/500 | active_users=2 | updated_users=1 | objective=34.698658 | sum_rate=30.172745 | r_p=1.297682 | r_c=0.833183 | r_s=0.032605 | status=running
[DL Convergence] | phase=optimize | block=3 | epoch=130/500 | active_users=2 | updated_users=1 | objective=35.066742 | sum_rate=30.492821 | r_p=1.108896 | r_c=0.916584 | r_s=0.020371 | status=running
[DL Convergence] | phase=optimize | block=3 | epoch=135/500 | active_users=2 | updated_users=1 | objective=34.839924 | sum_rate=30.295586 | r_p=1.101625 | r_c=0.757667 | r_s=0.021911 | status=running
[DL Convergence] | phase=optimize | block=3 | epoch=140/500 | active_users=2 | updated_users=1 | objective=35.063759 | sum_rate=30.490227 | r_p=1.164039 | r_c=1.007884 | r_s=0.021607 | status=running
[DL Convergence] | phase=optimize | block=3 | epoch=145/500 | active_users=2 | updated_users=1 | objective=34.915150 | sum_rate=30.361000 | r_p=0.992990 | r_c=0.711538 | r_s=0.029690 | status=running
[DL Convergence] | phase=optimize | block=3 | epoch=150/500 | active_users=2 | updated_users=1 | objective=35.153584 | sum_rate=30.568333 | r_p=0.629452 | r_c=0.566111 | r_s=0.029117 | status=running
[DL Convergence] | phase=optimize | block=3 | epoch=155/500 | active_users=2 | updated_users=1 | objective=35.144173 | sum_rate=30.560148 | r_p=0.228930 | r_c=0.216086 | r_s=0.018482 | status=running
[DL Convergence] | phase=optimize | block=3 | epoch=160/500 | active_users=2 | updated_users=1 | objective=35.095325 | sum_rate=30.517673 | r_p=0.246622 | r_c=0.233350 | r_s=0.022309 | status=running
[DL Convergence] | phase=optimize | block=3 | epoch=165/500 | active_users=2 | updated_users=1 | objective=35.116291 | sum_rate=30.535904 | r_p=0.905847 | r_c=0.895862 | r_s=0.010120 | status=running
[DL Convergence] | phase=optimize | block=3 | epoch=170/500 | active_users=2 | updated_users=1 | objective=34.725990 | sum_rate=30.196514 | r_p=1.443312 | r_c=1.190445 | r_s=0.028976 | status=running
[DL Convergence] | phase=optimize | block=3 | epoch=175/500 | active_users=2 | updated_users=1 | objective=35.096233 | sum_rate=30.518463 | r_p=1.071924 | r_c=1.085170 | r_s=0.032757 | status=running
[DL Convergence] | phase=optimize | block=3 | epoch=180/500 | active_users=2 | updated_users=1 | objective=35.163136 | sum_rate=30.576639 | r_p=0.544789 | r_c=0.585230 | r_s=0.015380 | status=running
[DL Convergence] | phase=optimize | block=3 | epoch=185/500 | active_users=2 | updated_users=1 | objective=34.660038 | sum_rate=30.139164 | r_p=1.479553 | r_c=1.342172 | r_s=0.018076 | status=running
[DL Convergence] | phase=optimize | block=3 | epoch=190/500 | active_users=2 | updated_users=1 | objective=34.972126 | sum_rate=30.410545 | r_p=1.457291 | r_c=1.608536 | r_s=0.028706 | status=running
[DL Convergence] | phase=optimize | block=3 | epoch=195/500 | active_users=2 | updated_users=1 | objective=35.032021 | sum_rate=30.462627 | r_p=0.741089 | r_c=0.694104 | r_s=0.030823 | status=running
[DL Convergence] | phase=optimize | block=3 | epoch=200/500 | active_users=2 | updated_users=1 | objective=34.974247 | sum_rate=30.412390 | r_p=0.454884 | r_c=0.452013 | r_s=0.024245 | status=running
[DL Convergence] | phase=optimize | block=3 | epoch=205/500 | active_users=2 | updated_users=1 | objective=35.045631 | sum_rate=30.474461 | r_p=0.987965 | r_c=1.177154 | r_s=0.009296 | status=running
[DL Convergence] | phase=optimize | block=3 | epoch=210/500 | active_users=2 | updated_users=1 | objective=34.906860 | sum_rate=30.353792 | r_p=1.027376 | r_c=1.040840 | r_s=0.024835 | status=running
[DL Convergence] | phase=optimize | block=3 | epoch=215/500 | active_users=2 | updated_users=1 | objective=35.071796 | sum_rate=30.497213 | r_p=0.604648 | r_c=0.733982 | r_s=0.024470 | status=running
[DL Convergence] | phase=optimize | block=3 | epoch=220/500 | active_users=2 | updated_users=1 | objective=35.053848 | sum_rate=30.481606 | r_p=0.851781 | r_c=1.071793 | r_s=0.006600 | status=running
[DL Convergence] | phase=optimize | block=3 | epoch=225/500 | active_users=2 | updated_users=1 | objective=34.839420 | sum_rate=30.295147 | r_p=1.098186 | r_c=1.172442 | r_s=0.025483 | status=running
[DL Convergence] | phase=optimize | block=3 | epoch=230/500 | active_users=2 | updated_users=1 | objective=35.030766 | sum_rate=30.461535 | r_p=0.487981 | r_c=0.622788 | r_s=0.024315 | status=running
[DL Convergence] | phase=optimize | block=3 | epoch=235/500 | active_users=2 | updated_users=1 | objective=35.012459 | sum_rate=30.445618 | r_p=0.900003 | r_c=1.183744 | r_s=0.006135 | status=running
[DL Convergence] | phase=optimize | block=3 | epoch=240/500 | active_users=2 | updated_users=1 | objective=34.920883 | sum_rate=30.365986 | r_p=0.901539 | r_c=1.011120 | r_s=0.023945 | status=running
[DL Convergence] | phase=optimize | block=3 | epoch=245/500 | active_users=2 | updated_users=1 | objective=34.976860 | sum_rate=30.414661 | r_p=0.276709 | r_c=0.369491 | r_s=0.017520 | status=running
[DL Convergence] | phase=optimize | block=3 | epoch=250/500 | active_users=2 | updated_users=1 | objective=35.021282 | sum_rate=30.453289 | r_p=0.844418 | r_c=1.151681 | r_s=0.008781 | status=running
[DL Convergence] | phase=optimize | block=3 | epoch=255/500 | active_users=2 | updated_users=1 | objective=35.030464 | sum_rate=30.461273 | r_p=0.677063 | r_c=0.794422 | r_s=0.020398 | status=running
[DL Convergence] | phase=optimize | block=3 | epoch=260/500 | active_users=2 | updated_users=1 | objective=34.952480 | sum_rate=30.393461 | r_p=0.346590 | r_c=0.419283 | r_s=0.011175 | status=running
[DL Convergence] | phase=optimize | block=3 | epoch=265/500 | active_users=2 | updated_users=1 | objective=35.061718 | sum_rate=30.488451 | r_p=0.714141 | r_c=1.005928 | r_s=0.010513 | status=running
[DL Convergence] | phase=optimize | block=3 | epoch=270/500 | active_users=2 | updated_users=1 | objective=35.090900 | sum_rate=30.513826 | r_p=0.545660 | r_c=0.665280 | r_s=0.017244 | status=running
[DL Convergence] | phase=optimize | block=3 | epoch=275/500 | active_users=2 | updated_users=1 | objective=34.961143 | sum_rate=30.400993 | r_p=0.375242 | r_c=0.469480 | r_s=0.007652 | status=running
[DL Convergence] | phase=optimize | block=3 | epoch=280/500 | active_users=2 | updated_users=1 | objective=35.107563 | sum_rate=30.528316 | r_p=0.637817 | r_c=0.924339 | r_s=0.011480 | status=running
[DL Convergence] | phase=optimize | block=3 | epoch=285/500 | active_users=2 | updated_users=1 | objective=35.127674 | sum_rate=30.545803 | r_p=0.412138 | r_c=0.519389 | r_s=0.014271 | status=running
[DL Convergence] | phase=optimize | block=3 | epoch=290/500 | active_users=2 | updated_users=1 | objective=35.006184 | sum_rate=30.440159 | r_p=0.294167 | r_c=0.378031 | r_s=0.005706 | status=running
[DL Convergence] | phase=optimize | block=3 | epoch=295/500 | active_users=2 | updated_users=1 | objective=35.130020 | sum_rate=30.547842 | r_p=0.518006 | r_c=0.772257 | r_s=0.009502 | status=running
[DL Convergence] | phase=optimize | block=3 | epoch=300/500 | active_users=2 | updated_users=1 | objective=35.125126 | sum_rate=30.543587 | r_p=0.416018 | r_c=0.538819 | r_s=0.011712 | status=running
[DL Convergence] | phase=optimize | block=3 | epoch=305/500 | active_users=2 | updated_users=1 | objective=35.087353 | sum_rate=30.510742 | r_p=0.264390 | r_c=0.399478 | r_s=0.006299 | status=running
[DL Convergence] | phase=optimize | block=3 | epoch=310/500 | active_users=2 | updated_users=1 | objective=35.127693 | sum_rate=30.545818 | r_p=0.354279 | r_c=0.541496 | r_s=0.005906 | status=running
[DL Convergence] | phase=optimize | block=3 | epoch=315/500 | active_users=2 | updated_users=1 | objective=35.127460 | sum_rate=30.545618 | r_p=0.399855 | r_c=0.531004 | r_s=0.008093 | status=running
[DL Convergence] | phase=optimize | block=3 | epoch=320/500 | active_users=2 | updated_users=1 | objective=35.139503 | sum_rate=30.556089 | r_p=0.216681 | r_c=0.334017 | r_s=0.005561 | status=running
[DL Convergence] | phase=optimize | block=3 | epoch=325/500 | active_users=2 | updated_users=1 | objective=35.159321 | sum_rate=30.573322 | r_p=0.361641 | r_c=0.563180 | r_s=0.004032 | status=running
[DL Convergence] | phase=optimize | block=3 | epoch=330/500 | active_users=2 | updated_users=1 | objective=35.148865 | sum_rate=30.564232 | r_p=0.316757 | r_c=0.429439 | r_s=0.006403 | status=running
[DL Convergence] | phase=optimize | block=3 | epoch=335/500 | active_users=2 | updated_users=1 | objective=35.140865 | sum_rate=30.557274 | r_p=0.319853 | r_c=0.439339 | r_s=0.002088 | status=running
[DL Convergence] | phase=optimize | block=3 | epoch=340/500 | active_users=2 | updated_users=1 | objective=35.182949 | sum_rate=30.593868 | r_p=0.348021 | r_c=0.549850 | r_s=0.005606 | status=running
[DL Convergence] | phase=optimize | block=3 | epoch=345/500 | active_users=2 | updated_users=1 | objective=35.174206 | sum_rate=30.586266 | r_p=0.196780 | r_c=0.314341 | r_s=0.004527 | status=running
[DL Convergence] | phase=optimize | block=3 | epoch=350/500 | active_users=2 | updated_users=1 | objective=35.131927 | sum_rate=30.549503 | r_p=0.392172 | r_c=0.548981 | r_s=0.002956 | status=running
[DL Convergence] | phase=optimize | block=3 | epoch=355/500 | active_users=2 | updated_users=1 | objective=35.188393 | sum_rate=30.598602 | r_p=0.331125 | r_c=0.532256 | r_s=0.006677 | status=running
[DL Convergence] | phase=optimize | block=3 | epoch=360/500 | active_users=2 | updated_users=1 | objective=35.167770 | sum_rate=30.580671 | r_p=0.195325 | r_c=0.317523 | r_s=0.004978 | status=running
[DL Convergence] | phase=optimize | block=3 | epoch=365/500 | active_users=2 | updated_users=1 | objective=35.129913 | sum_rate=30.547752 | r_p=0.373013 | r_c=0.533766 | r_s=0.003888 | status=running
[DL Convergence] | phase=optimize | block=3 | epoch=370/500 | active_users=2 | updated_users=1 | objective=35.185474 | sum_rate=30.596066 | r_p=0.379623 | r_c=0.623474 | r_s=0.005255 | status=running
[DL Convergence] | phase=optimize | block=3 | epoch=375/500 | active_users=2 | updated_users=1 | objective=35.120941 | sum_rate=30.539948 | r_p=0.443434 | r_c=0.642497 | r_s=0.006128 | status=running
[DL Convergence] | phase=optimize | block=3 | epoch=380/500 | active_users=2 | updated_users=1 | objective=35.182854 | sum_rate=30.593784 | r_p=0.357456 | r_c=0.591971 | r_s=0.007685 | status=running
[DL Convergence] | phase=optimize | block=3 | epoch=385/500 | active_users=2 | updated_users=1 | objective=35.160889 | sum_rate=30.574684 | r_p=0.206846 | r_c=0.302962 | r_s=0.005388 | status=running
[DL Convergence] | phase=optimize | block=3 | epoch=390/500 | active_users=2 | updated_users=1 | objective=35.135231 | sum_rate=30.552376 | r_p=0.359224 | r_c=0.532172 | r_s=0.002858 | status=running
[DL Convergence] | phase=optimize | block=3 | epoch=395/500 | active_users=2 | updated_users=1 | objective=35.184639 | sum_rate=30.595339 | r_p=0.364495 | r_c=0.613858 | r_s=0.006425 | status=running
[DL Convergence] | phase=optimize | block=3 | epoch=400/500 | active_users=2 | updated_users=1 | objective=35.165432 | sum_rate=30.578636 | r_p=0.187992 | r_c=0.319692 | r_s=0.004092 | status=running
[DL Convergence] | phase=optimize | block=3 | epoch=405/500 | active_users=2 | updated_users=1 | objective=35.140434 | sum_rate=30.556898 | r_p=0.355993 | r_c=0.536855 | r_s=0.003028 | status=running
[DL Convergence] | phase=optimize | block=3 | epoch=410/500 | active_users=2 | updated_users=1 | objective=35.179707 | sum_rate=30.591049 | r_p=0.234755 | r_c=0.401474 | r_s=0.004774 | status=running
[DL Convergence] | phase=optimize | block=3 | epoch=415/500 | active_users=2 | updated_users=1 | objective=35.183411 | sum_rate=30.594269 | r_p=0.318139 | r_c=0.549298 | r_s=0.001967 | status=running
[DL Convergence] | phase=optimize | block=3 | epoch=420/500 | active_users=2 | updated_users=1 | objective=35.135796 | sum_rate=30.552864 | r_p=0.398432 | r_c=0.611147 | r_s=0.005843 | status=running
[DL Convergence] | phase=optimize | block=3 | epoch=425/500 | active_users=2 | updated_users=1 | objective=35.176754 | sum_rate=30.588482 | r_p=0.225699 | r_c=0.392358 | r_s=0.005204 | status=running
[DL Convergence] | phase=optimize | block=3 | epoch=430/500 | active_users=2 | updated_users=1 | objective=35.176624 | sum_rate=30.588367 | r_p=0.296593 | r_c=0.520353 | r_s=0.001703 | status=running
[DL Convergence] | phase=optimize | block=3 | epoch=435/500 | active_users=2 | updated_users=1 | objective=35.145920 | sum_rate=30.561668 | r_p=0.336679 | r_c=0.525665 | r_s=0.004738 | status=running
[DL Convergence] | phase=optimize | block=3 | epoch=440/500 | active_users=2 | updated_users=1 | objective=35.163177 | sum_rate=30.576675 | r_p=0.245537 | r_c=0.387502 | r_s=0.002977 | status=running
[DL Convergence] | phase=optimize | block=3 | epoch=445/500 | active_users=2 | updated_users=1 | objective=35.187641 | sum_rate=30.597950 | r_p=0.364000 | r_c=0.647256 | r_s=0.003487 | status=running
[DL Convergence] | phase=optimize | block=3 | epoch=450/500 | active_users=2 | updated_users=1 | objective=35.155701 | sum_rate=30.570173 | r_p=0.300154 | r_c=0.477102 | r_s=0.005169 | status=running
[DL Convergence] | phase=optimize | block=3 | epoch=455/500 | active_users=2 | updated_users=1 | objective=35.149235 | sum_rate=30.564552 | r_p=0.324890 | r_c=0.522168 | r_s=0.001241 | status=running
[DL Convergence] | phase=optimize | block=3 | epoch=460/500 | active_users=2 | updated_users=1 | objective=35.189362 | sum_rate=30.599445 | r_p=0.361938 | r_c=0.651882 | r_s=0.005660 | status=running
[DL Convergence] | phase=optimize | block=3 | epoch=465/500 | active_users=2 | updated_users=1 | objective=35.168674 | sum_rate=30.581455 | r_p=0.214573 | r_c=0.347469 | r_s=0.004444 | status=running
[DL Convergence] | phase=optimize | block=3 | epoch=470/500 | active_users=2 | updated_users=1 | objective=35.141556 | sum_rate=30.557873 | r_p=0.362116 | r_c=0.592019 | r_s=0.001814 | status=running
[DL Convergence] | phase=optimize | block=3 | epoch=475/500 | active_users=2 | updated_users=1 | objective=35.184830 | sum_rate=30.595505 | r_p=0.282934 | r_c=0.516537 | r_s=0.005404 | status=running
[DL Convergence] | phase=optimize | block=3 | epoch=480/500 | active_users=2 | updated_users=1 | objective=35.181488 | sum_rate=30.592598 | r_p=0.269130 | r_c=0.496091 | r_s=0.002765 | status=running
[DL Convergence] | phase=optimize | block=3 | epoch=485/500 | active_users=2 | updated_users=1 | objective=35.131245 | sum_rate=30.548908 | r_p=0.417311 | r_c=0.693228 | r_s=0.004993 | status=running
[DL Convergence] | phase=optimize | block=3 | epoch=490/500 | active_users=2 | updated_users=1 | objective=35.185474 | sum_rate=30.596064 | r_p=0.295733 | r_c=0.548319 | r_s=0.006573 | status=running
[DL Convergence] | phase=optimize | block=3 | epoch=495/500 | active_users=2 | updated_users=1 | objective=35.165146 | sum_rate=30.578388 | r_p=0.196795 | r_c=0.368283 | r_s=0.004476 | status=running
[DL Convergence] | phase=optimize | block=3 | epoch=500/500 | active_users=2 | updated_users=1 | objective=35.127663 | sum_rate=30.545794 | r_p=0.360481 | r_c=0.610734 | r_s=0.004025 | status=running
  user=01 block=03 candidate n_kl=  22 after updating users [1] still leaves committed users infeasible [1, 2] after re-optimization; stopping further n_kl reduction for this user in this block.
[DL Convergence Allocation] | user=0 | block=3 | status=zero_service | target_bits=200 | n_kl=50
[DL Convergence Allocation] | user=1 | block=3 | target_bits=400 | served_bits=400 | unserved_bits=0 | n_kl=23 | achieved_rate=17.823209 | status=full
[DL Convergence Allocation] | user=2 | block=3 | target_bits=600 | served_bits=600 | unserved_bits=0 | n_kl=47 | achieved_rate=12.806084 | status=full
[DL Convergence Block] | block=3 | status=complete | served_bits=1000 | unserved_bits=200
[DL Convergence Block] | block=4 | active_users=3 | target_bits=1200 | objective=blended_network_rate
[DL Convergence] | phase=optimize | block=4 | epoch=1/500 | active_users=3 | updated_users=3 | objective=7.009480 | sum_rate=6.095201 | r_p=4.049603 | r_c=0.404960 | r_s=1.344876 | status=running
[DL Convergence] | phase=optimize | block=4 | epoch=5/500 | active_users=3 | updated_users=3 | objective=16.008242 | sum_rate=13.920210 | r_p=4.023263 | r_c=1.053426 | r_s=0.757539 | status=running
[DL Convergence] | phase=optimize | block=4 | epoch=10/500 | active_users=3 | updated_users=3 | objective=21.202854 | sum_rate=18.437263 | r_p=4.015670 | r_c=1.858868 | r_s=0.531124 | status=running
[DL Convergence] | phase=optimize | block=4 | epoch=15/500 | active_users=3 | updated_users=3 | objective=24.603209 | sum_rate=21.394094 | r_p=4.013223 | r_c=2.663346 | r_s=0.132686 | status=running
[DL Convergence] | phase=optimize | block=4 | epoch=20/500 | active_users=3 | updated_users=3 | objective=26.870195 | sum_rate=23.365387 | r_p=4.005239 | r_c=3.460649 | r_s=0.070351 | status=running
[DL Convergence] | phase=optimize | block=4 | epoch=25/500 | active_users=3 | updated_users=3 | objective=27.935028 | sum_rate=24.291328 | r_p=4.005308 | r_c=4.262663 | r_s=0.136483 | status=running
[DL Convergence] | phase=optimize | block=4 | epoch=30/500 | active_users=3 | updated_users=3 | objective=30.586750 | sum_rate=26.597174 | r_p=4.006383 | r_c=5.066020 | r_s=0.311587 | status=running
[DL Convergence] | phase=optimize | block=4 | epoch=35/500 | active_users=3 | updated_users=3 | objective=31.262030 | sum_rate=27.184374 | r_p=4.003361 | r_c=5.863853 | r_s=0.250762 | status=running
[DL Convergence] | phase=optimize | block=4 | epoch=40/500 | active_users=3 | updated_users=3 | objective=31.478378 | sum_rate=27.372503 | r_p=4.003315 | r_c=6.665175 | r_s=0.188118 | status=running
[DL Convergence] | phase=optimize | block=4 | epoch=45/500 | active_users=3 | updated_users=3 | objective=31.560078 | sum_rate=27.443546 | r_p=4.002028 | r_c=7.464090 | r_s=0.084711 | status=running
[DL Convergence] | phase=optimize | block=4 | epoch=50/500 | active_users=3 | updated_users=3 | objective=31.625286 | sum_rate=27.500248 | r_p=4.004018 | r_c=8.269403 | r_s=0.279596 | status=running
[DL Convergence] | phase=optimize | block=4 | epoch=55/500 | active_users=3 | updated_users=3 | objective=31.680820 | sum_rate=27.548540 | r_p=4.004929 | r_c=9.072983 | r_s=0.221652 | status=running
[DL Convergence] | phase=optimize | block=4 | epoch=60/500 | active_users=3 | updated_users=3 | objective=31.714621 | sum_rate=27.577930 | r_p=4.004459 | r_c=9.873753 | r_s=0.226440 | status=running
[DL Convergence] | phase=optimize | block=4 | epoch=65/500 | active_users=3 | updated_users=3 | objective=31.732925 | sum_rate=27.593847 | r_p=4.002347 | r_c=10.669809 | r_s=0.118850 | status=running
[DL Convergence] | phase=optimize | block=4 | epoch=70/500 | active_users=3 | updated_users=3 | objective=31.744827 | sum_rate=27.604198 | r_p=4.004044 | r_c=11.475716 | r_s=0.078195 | status=running
[DL Convergence] | phase=optimize | block=4 | epoch=75/500 | active_users=3 | updated_users=3 | objective=31.754183 | sum_rate=27.612333 | r_p=4.003216 | r_c=12.274693 | r_s=0.165393 | status=running
[DL Convergence] | phase=optimize | block=4 | epoch=80/500 | active_users=3 | updated_users=3 | objective=31.759081 | sum_rate=27.616592 | r_p=4.002799 | r_c=13.074578 | r_s=0.044443 | status=running
[DL Convergence] | phase=optimize | block=4 | epoch=85/500 | active_users=3 | updated_users=3 | objective=31.761854 | sum_rate=27.619003 | r_p=4.003566 | r_c=13.878405 | r_s=0.181155 | status=running
[DL Convergence] | phase=optimize | block=4 | epoch=90/500 | active_users=3 | updated_users=3 | objective=31.764139 | sum_rate=27.620991 | r_p=4.003417 | r_c=14.679186 | r_s=0.131227 | status=running
[DL Convergence] | phase=optimize | block=4 | epoch=95/500 | active_users=3 | updated_users=3 | objective=31.766214 | sum_rate=27.622795 | r_p=4.002653 | r_c=15.477539 | r_s=0.097761 | status=running
[DL Convergence] | phase=optimize | block=4 | epoch=100/500 | active_users=3 | updated_users=3 | objective=31.767975 | sum_rate=27.624325 | r_p=4.001992 | r_c=16.275880 | r_s=0.082483 | status=running
[DL Convergence] | phase=optimize | block=4 | epoch=105/500 | active_users=3 | updated_users=3 | objective=31.767536 | sum_rate=27.623943 | r_p=4.003186 | r_c=17.081855 | r_s=0.111817 | status=running
[DL Convergence] | phase=optimize | block=4 | epoch=110/500 | active_users=3 | updated_users=3 | objective=31.768295 | sum_rate=27.624605 | r_p=4.002588 | r_c=17.880384 | r_s=0.067726 | status=running
[DL Convergence] | phase=optimize | block=4 | epoch=115/500 | active_users=3 | updated_users=3 | objective=31.769184 | sum_rate=27.625378 | r_p=4.002378 | r_c=18.680474 | r_s=0.090510 | status=running
[DL Convergence] | phase=optimize | block=4 | epoch=120/500 | active_users=3 | updated_users=3 | objective=31.768478 | sum_rate=27.624763 | r_p=4.003144 | r_c=19.485181 | r_s=0.066635 | status=running
[DL Convergence] | phase=optimize | block=4 | epoch=125/500 | active_users=3 | updated_users=3 | objective=31.769857 | sum_rate=27.625963 | r_p=4.001980 | r_c=20.280457 | r_s=0.093905 | status=running
[DL Convergence] | phase=optimize | block=4 | epoch=130/500 | active_users=3 | updated_users=3 | objective=31.769711 | sum_rate=27.625835 | r_p=4.002287 | r_c=21.083034 | r_s=0.141352 | status=running
[DL Convergence] | phase=optimize | block=4 | epoch=135/500 | active_users=3 | updated_users=3 | objective=31.768093 | sum_rate=27.624428 | r_p=4.003606 | r_c=21.891236 | r_s=0.021599 | status=running
[DL Convergence] | phase=optimize | block=4 | epoch=140/500 | active_users=3 | updated_users=3 | objective=31.768023 | sum_rate=27.624367 | r_p=4.003732 | r_c=22.693198 | r_s=0.122173 | status=running
[DL Convergence] | phase=optimize | block=4 | epoch=145/500 | active_users=3 | updated_users=3 | objective=31.770123 | sum_rate=27.626194 | r_p=4.001978 | r_c=23.484237 | r_s=0.052231 | status=running
[DL Convergence] | phase=optimize | block=4 | epoch=150/500 | active_users=3 | updated_users=3 | objective=31.769274 | sum_rate=27.625456 | r_p=4.002659 | r_c=24.289327 | r_s=0.109055 | status=running
[DL Convergence] | phase=optimize | block=4 | epoch=155/500 | active_users=3 | updated_users=3 | objective=31.769184 | sum_rate=27.625378 | r_p=4.002789 | r_c=25.091211 | r_s=0.041658 | status=running
[DL Convergence] | phase=optimize | block=4 | epoch=160/500 | active_users=3 | updated_users=3 | objective=31.768955 | sum_rate=27.625179 | r_p=4.002889 | r_c=25.892949 | r_s=0.101094 | status=running
[DL Convergence] | phase=optimize | block=4 | epoch=165/500 | active_users=3 | updated_users=3 | objective=31.769238 | sum_rate=27.625423 | r_p=4.002603 | r_c=26.692172 | r_s=0.049168 | status=running
[DL Convergence] | phase=optimize | block=4 | epoch=170/500 | active_users=3 | updated_users=3 | objective=31.769197 | sum_rate=27.625389 | r_p=4.002716 | r_c=27.493973 | r_s=0.095973 | status=running
[DL Convergence] | phase=optimize | block=4 | epoch=175/500 | active_users=3 | updated_users=3 | objective=31.769409 | sum_rate=27.625572 | r_p=4.002486 | r_c=28.293409 | r_s=0.033352 | status=running
[DL Convergence] | phase=optimize | block=4 | epoch=180/500 | active_users=3 | updated_users=3 | objective=31.769127 | sum_rate=27.625328 | r_p=4.002743 | r_c=29.096288 | r_s=0.107666 | status=running
[DL Convergence] | phase=optimize | block=4 | epoch=185/500 | active_users=3 | updated_users=3 | objective=31.769445 | sum_rate=27.625605 | r_p=4.002460 | r_c=29.895245 | r_s=0.014880 | status=running
[DL Convergence] | phase=optimize | block=4 | epoch=190/500 | active_users=3 | updated_users=3 | objective=31.769016 | sum_rate=27.625231 | r_p=4.002769 | r_c=30.698610 | r_s=0.107550 | status=running
[DL Convergence] | phase=optimize | block=4 | epoch=195/500 | active_users=3 | updated_users=3 | objective=31.769276 | sum_rate=27.625458 | r_p=4.002581 | r_c=31.498210 | r_s=0.009537 | status=running
[DL Convergence] | phase=optimize | block=4 | epoch=200/500 | active_users=3 | updated_users=3 | objective=31.769444 | sum_rate=27.625603 | r_p=4.002431 | r_c=32.298028 | r_s=0.104592 | status=running
[DL Convergence] | phase=optimize | block=4 | epoch=205/500 | active_users=3 | updated_users=3 | objective=31.769808 | sum_rate=27.625919 | r_p=4.002073 | r_c=33.096057 | r_s=0.014075 | status=running
[DL Convergence] | phase=optimize | block=4 | epoch=210/500 | active_users=3 | updated_users=3 | objective=31.768623 | sum_rate=27.624889 | r_p=4.003107 | r_c=33.905720 | r_s=0.114419 | status=running
[DL Convergence] | phase=optimize | block=4 | epoch=215/500 | active_users=3 | updated_users=3 | objective=31.769487 | sum_rate=27.625641 | r_p=4.002346 | r_c=34.700259 | r_s=0.066609 | status=running
[DL Convergence] | phase=optimize | block=4 | epoch=220/500 | active_users=3 | updated_users=3 | objective=31.770409 | sum_rate=27.626442 | r_p=4.001468 | r_c=35.493518 | r_s=0.078003 | status=running
[DL Convergence] | phase=optimize | block=4 | epoch=225/500 | active_users=3 | updated_users=3 | objective=31.766756 | sum_rate=27.623266 | r_p=4.004519 | r_c=36.322255 | r_s=0.038546 | status=running
[DL Convergence] | phase=optimize | block=4 | epoch=230/500 | active_users=3 | updated_users=3 | objective=31.768316 | sum_rate=27.624622 | r_p=4.003011 | r_c=37.109825 | r_s=0.049660 | status=running
[DL Convergence] | phase=optimize | block=4 | epoch=235/500 | active_users=3 | updated_users=3 | objective=31.769005 | sum_rate=27.625221 | r_p=4.002403 | r_c=37.905155 | r_s=0.101475 | status=running
[DL Convergence] | phase=optimize | block=4 | epoch=240/500 | active_users=3 | updated_users=3 | objective=31.768217 | sum_rate=27.624537 | r_p=4.003233 | r_c=38.714206 | r_s=0.087914 | status=running
[DL Convergence] | phase=optimize | block=4 | epoch=245/500 | active_users=3 | updated_users=3 | objective=31.767536 | sum_rate=27.623943 | r_p=4.003853 | r_c=39.521579 | r_s=0.109717 | status=running
[DL Convergence] | phase=optimize | block=4 | epoch=250/500 | active_users=3 | updated_users=3 | objective=31.768154 | sum_rate=27.624481 | r_p=4.003373 | r_c=40.318114 | r_s=0.132332 | status=running
[DL Convergence] | phase=optimize | block=4 | epoch=255/500 | active_users=3 | updated_users=3 | objective=31.768337 | sum_rate=27.624641 | r_p=4.003224 | r_c=41.117974 | r_s=0.133114 | status=running
[DL Convergence] | phase=optimize | block=4 | epoch=260/500 | active_users=3 | updated_users=3 | objective=31.768013 | sum_rate=27.624359 | r_p=4.003493 | r_c=41.922126 | r_s=0.142511 | status=running
[DL Convergence] | phase=optimize | block=4 | epoch=265/500 | active_users=3 | updated_users=3 | objective=31.769157 | sum_rate=27.625355 | r_p=4.002448 | r_c=42.712300 | r_s=0.093579 | status=running
[DL Convergence] | phase=optimize | block=4 | epoch=270/500 | active_users=3 | updated_users=3 | objective=31.768692 | sum_rate=27.624950 | r_p=4.002775 | r_c=43.517064 | r_s=0.145206 | status=running
[DL Convergence] | phase=optimize | block=4 | epoch=275/500 | active_users=3 | updated_users=3 | objective=31.768686 | sum_rate=27.624945 | r_p=4.002688 | r_c=44.317279 | r_s=0.103729 | status=running
[DL Convergence] | phase=optimize | block=4 | epoch=280/500 | active_users=3 | updated_users=3 | objective=31.768263 | sum_rate=27.624577 | r_p=4.002797 | r_c=45.119809 | r_s=0.105073 | status=running
[DL Convergence] | phase=optimize | block=4 | epoch=285/500 | active_users=3 | updated_users=3 | objective=31.765657 | sum_rate=27.622311 | r_p=4.004531 | r_c=45.941240 | r_s=0.121958 | status=running
[DL Convergence] | phase=optimize | block=4 | epoch=290/500 | active_users=3 | updated_users=3 | objective=31.767033 | sum_rate=27.623507 | r_p=4.003099 | r_c=46.726209 | r_s=0.063960 | status=running
[DL Convergence] | phase=optimize | block=4 | epoch=295/500 | active_users=3 | updated_users=3 | objective=31.766245 | sum_rate=27.622822 | r_p=4.003523 | r_c=47.532542 | r_s=0.150096 | status=running
[DL Convergence] | phase=optimize | block=4 | epoch=300/500 | active_users=3 | updated_users=3 | objective=31.767014 | sum_rate=27.623489 | r_p=4.002937 | r_c=48.326827 | r_s=0.074510 | status=running
[DL Convergence] | phase=optimize | block=4 | epoch=305/500 | active_users=3 | updated_users=3 | objective=31.767693 | sum_rate=27.624081 | r_p=4.002542 | r_c=49.123166 | r_s=0.098805 | status=running
[DL Convergence] | phase=optimize | block=4 | epoch=310/500 | active_users=3 | updated_users=3 | objective=31.767769 | sum_rate=27.624147 | r_p=4.002701 | r_c=49.926183 | r_s=0.032267 | status=running
[DL Convergence] | phase=optimize | block=4 | epoch=315/500 | active_users=3 | updated_users=3 | objective=31.767830 | sum_rate=27.624199 | r_p=4.002603 | r_c=50.726212 | r_s=0.061801 | status=running
[DL Convergence] | phase=optimize | block=4 | epoch=320/500 | active_users=3 | updated_users=3 | objective=31.766232 | sum_rate=27.622810 | r_p=4.003813 | r_c=51.543079 | r_s=0.046666 | status=running
[DL Convergence] | phase=optimize | block=4 | epoch=325/500 | active_users=3 | updated_users=3 | objective=31.767452 | sum_rate=27.623871 | r_p=4.002744 | r_c=52.330583 | r_s=0.066733 | status=running
[DL Convergence] | phase=optimize | block=4 | epoch=330/500 | active_users=3 | updated_users=3 | objective=31.765631 | sum_rate=27.622288 | r_p=4.004016 | r_c=53.148783 | r_s=0.168672 | status=running
[DL Convergence] | phase=optimize | block=4 | epoch=335/500 | active_users=3 | updated_users=3 | objective=31.767267 | sum_rate=27.623711 | r_p=4.002412 | r_c=53.928656 | r_s=0.089457 | status=running
[DL Convergence] | phase=optimize | block=4 | epoch=340/500 | active_users=3 | updated_users=3 | objective=31.766182 | sum_rate=27.622766 | r_p=4.003552 | r_c=54.745449 | r_s=0.153878 | status=running
[DL Convergence] | phase=optimize | block=4 | epoch=345/500 | active_users=3 | updated_users=3 | objective=31.767193 | sum_rate=27.623646 | r_p=4.003183 | r_c=55.541727 | r_s=0.167361 | status=running
[DL Convergence] | phase=optimize | block=4 | epoch=350/500 | active_users=3 | updated_users=3 | objective=31.766144 | sum_rate=27.622734 | r_p=4.004425 | r_c=56.360444 | r_s=0.151810 | status=running
[DL Convergence] | phase=optimize | block=4 | epoch=355/500 | active_users=3 | updated_users=3 | objective=31.766798 | sum_rate=27.623302 | r_p=4.003797 | r_c=57.153174 | r_s=0.081727 | status=running
[DL Convergence] | phase=optimize | block=4 | epoch=360/500 | active_users=3 | updated_users=3 | objective=31.766171 | sum_rate=27.622757 | r_p=4.004094 | r_c=57.959037 | r_s=0.144025 | status=running
[DL Convergence] | phase=optimize | block=4 | epoch=365/500 | active_users=3 | updated_users=3 | objective=31.765995 | sum_rate=27.622604 | r_p=4.003812 | r_c=58.756517 | r_s=0.056284 | status=running
[DL Convergence] | phase=optimize | block=4 | epoch=370/500 | active_users=3 | updated_users=3 | objective=31.765539 | sum_rate=27.622208 | r_p=4.003828 | r_c=59.558227 | r_s=0.123217 | status=running
[DL Convergence] | phase=optimize | block=4 | epoch=375/500 | active_users=3 | updated_users=3 | objective=31.765802 | sum_rate=27.622437 | r_p=4.003268 | r_c=60.351291 | r_s=0.046345 | status=running
[DL Convergence] | phase=optimize | block=4 | epoch=380/500 | active_users=3 | updated_users=3 | objective=31.765083 | sum_rate=27.621811 | r_p=4.003688 | r_c=61.159020 | r_s=0.123935 | status=running
[DL Convergence] | phase=optimize | block=4 | epoch=385/500 | active_users=3 | updated_users=3 | objective=31.765709 | sum_rate=27.622355 | r_p=4.003030 | r_c=61.950250 | r_s=0.033992 | status=running
[DL Convergence] | phase=optimize | block=4 | epoch=390/500 | active_users=3 | updated_users=3 | objective=31.765091 | sum_rate=27.621819 | r_p=4.003587 | r_c=62.760237 | r_s=0.121387 | status=running
[DL Convergence] | phase=optimize | block=4 | epoch=395/500 | active_users=3 | updated_users=3 | objective=31.766022 | sum_rate=27.622627 | r_p=4.002841 | r_c=63.549781 | r_s=0.033481 | status=running
[DL Convergence] | phase=optimize | block=4 | epoch=400/500 | active_users=3 | updated_users=3 | objective=31.765446 | sum_rate=27.622128 | r_p=4.003377 | r_c=64.359630 | r_s=0.120575 | status=running
[DL Convergence] | phase=optimize | block=4 | epoch=405/500 | active_users=3 | updated_users=3 | objective=31.766020 | sum_rate=27.622625 | r_p=4.002936 | r_c=65.153772 | r_s=0.033574 | status=running
[DL Convergence] | phase=optimize | block=4 | epoch=410/500 | active_users=3 | updated_users=3 | objective=31.765749 | sum_rate=27.622391 | r_p=4.003200 | r_c=65.959340 | r_s=0.115658 | status=running
[DL Convergence] | phase=optimize | block=4 | epoch=415/500 | active_users=3 | updated_users=3 | objective=31.766026 | sum_rate=27.622631 | r_p=4.002959 | r_c=66.756588 | r_s=0.024318 | status=running
[DL Convergence] | phase=optimize | block=4 | epoch=420/500 | active_users=3 | updated_users=3 | objective=31.765762 | sum_rate=27.622402 | r_p=4.003177 | r_c=67.561453 | r_s=0.107862 | status=running
[DL Convergence] | phase=optimize | block=4 | epoch=425/500 | active_users=3 | updated_users=3 | objective=31.766121 | sum_rate=27.622713 | r_p=4.002870 | r_c=68.357450 | r_s=0.023697 | status=running
[DL Convergence] | phase=optimize | block=4 | epoch=430/500 | active_users=3 | updated_users=3 | objective=31.765892 | sum_rate=27.622515 | r_p=4.003062 | r_c=69.161938 | r_s=0.100561 | status=running
[DL Convergence] | phase=optimize | block=4 | epoch=435/500 | active_users=3 | updated_users=3 | objective=31.766245 | sum_rate=27.622822 | r_p=4.002754 | r_c=69.957746 | r_s=0.021636 | status=running
[DL Convergence] | phase=optimize | block=4 | epoch=440/500 | active_users=3 | updated_users=3 | objective=31.765987 | sum_rate=27.622597 | r_p=4.003014 | r_c=70.763464 | r_s=0.095388 | status=running
[DL Convergence] | phase=optimize | block=4 | epoch=445/500 | active_users=3 | updated_users=3 | objective=31.766426 | sum_rate=27.622978 | r_p=4.002700 | r_c=71.559030 | r_s=0.015909 | status=running
[DL Convergence] | phase=optimize | block=4 | epoch=450/500 | active_users=3 | updated_users=3 | objective=31.766275 | sum_rate=27.622849 | r_p=4.002906 | r_c=72.363841 | r_s=0.094642 | status=running
[DL Convergence] | phase=optimize | block=4 | epoch=455/500 | active_users=3 | updated_users=3 | objective=31.766729 | sum_rate=27.623243 | r_p=4.002580 | r_c=73.159021 | r_s=0.023175 | status=running
[DL Convergence] | phase=optimize | block=4 | epoch=460/500 | active_users=3 | updated_users=3 | objective=31.766447 | sum_rate=27.622997 | r_p=4.002889 | r_c=73.965798 | r_s=0.090914 | status=running
[DL Convergence] | phase=optimize | block=4 | epoch=465/500 | active_users=3 | updated_users=3 | objective=31.766960 | sum_rate=27.623444 | r_p=4.002553 | r_c=74.760637 | r_s=0.029276 | status=running
[DL Convergence] | phase=optimize | block=4 | epoch=470/500 | active_users=3 | updated_users=3 | objective=31.766811 | sum_rate=27.623314 | r_p=4.002802 | r_c=75.566398 | r_s=0.092898 | status=running
[DL Convergence] | phase=optimize | block=4 | epoch=475/500 | active_users=3 | updated_users=3 | objective=31.767376 | sum_rate=27.623804 | r_p=4.002425 | r_c=76.360294 | r_s=0.041619 | status=running
[DL Convergence] | phase=optimize | block=4 | epoch=480/500 | active_users=3 | updated_users=3 | objective=31.767067 | sum_rate=27.623537 | r_p=4.002813 | r_c=77.168787 | r_s=0.087790 | status=running
[DL Convergence] | phase=optimize | block=4 | epoch=485/500 | active_users=3 | updated_users=3 | objective=31.767742 | sum_rate=27.624123 | r_p=4.002463 | r_c=77.963076 | r_s=0.054404 | status=running
[DL Convergence] | phase=optimize | block=4 | epoch=490/500 | active_users=3 | updated_users=3 | objective=31.767717 | sum_rate=27.624102 | r_p=4.002788 | r_c=78.770475 | r_s=0.097378 | status=running
[DL Convergence] | phase=optimize | block=4 | epoch=495/500 | active_users=3 | updated_users=3 | objective=31.767765 | sum_rate=27.624144 | r_p=4.002875 | r_c=79.573329 | r_s=0.088834 | status=running
[DL Convergence] | phase=optimize | block=4 | epoch=500/500 | active_users=3 | updated_users=3 | objective=31.768219 | sum_rate=27.624538 | r_p=4.002555 | r_c=80.368017 | r_s=0.077237 | status=running
  fixed-target block=04 zero-service users [0]; re-optimizing remaining transmitters.
[DL Convergence] | phase=optimize | block=4 | epoch=1/500 | active_users=2 | updated_users=2 | objective=31.772404 | sum_rate=27.628178 | r_p=0.000000 | r_c=0.000000 | r_s=3.403380e-04 | status=kkt_converged
[DL Convergence Reduction] | block=4 | epoch=1 | users=[1, 2]
  user=01 block=04 accepted smaller n_kl=  59 without fresh re-optimization.
  user=02 block=04 accepted smaller n_kl=  79 without fresh re-optimization.
[DL Convergence Reduction] | block=4 | epoch=2 | users=[2, 1]
  user=02 block=04 accepted smaller n_kl=  78 without fresh re-optimization.
  user=01 block=04 accepted smaller n_kl=  58 without fresh re-optimization.
[DL Convergence Reduction] | block=4 | epoch=3 | users=[1, 2]
  user=01 block=04 accepted smaller n_kl=  57 without fresh re-optimization.
  user=02 block=04 accepted smaller n_kl=  77 without fresh re-optimization.
[DL Convergence Reduction] | block=4 | epoch=4 | users=[2, 1]
  user=02 block=04 accepted smaller n_kl=  76 without fresh re-optimization.
  user=01 block=04 accepted smaller n_kl=  56 without fresh re-optimization.
[DL Convergence Reduction] | block=4 | epoch=5 | users=[1, 2]
  user=01 block=04 accepted smaller n_kl=  55 without fresh re-optimization.
  user=02 block=04 accepted smaller n_kl=  75 without fresh re-optimization.
[DL Convergence Reduction] | block=4 | epoch=6 | users=[2, 1]
  user=02 block=04 accepted smaller n_kl=  74 without fresh re-optimization.
  user=01 block=04 accepted smaller n_kl=  54 without fresh re-optimization.
[DL Convergence Reduction] | block=4 | epoch=7 | users=[1, 2]
  user=01 block=04 accepted smaller n_kl=  53 without fresh re-optimization.
  user=02 block=04 accepted smaller n_kl=  73 without fresh re-optimization.
[DL Convergence Reduction] | block=4 | epoch=8 | users=[2, 1]
  user=02 block=04 accepted smaller n_kl=  72 without fresh re-optimization.
  user=01 block=04 accepted smaller n_kl=  52 without fresh re-optimization.
[DL Convergence Reduction] | block=4 | epoch=9 | users=[1, 2]
  user=01 block=04 accepted smaller n_kl=  51 without fresh re-optimization.
  user=02 block=04 accepted smaller n_kl=  71 without fresh re-optimization.
[DL Convergence Reduction] | block=4 | epoch=10 | users=[2, 1]
  user=02 block=04 accepted smaller n_kl=  70 without fresh re-optimization.
  user=01 block=04 accepted smaller n_kl=  50 without fresh re-optimization.
[DL Convergence Reduction] | block=4 | epoch=11 | users=[1, 2]
  user=01 block=04 accepted smaller n_kl=  49 without fresh re-optimization.
  user=02 block=04 accepted smaller n_kl=  69 without fresh re-optimization.
[DL Convergence Reduction] | block=4 | epoch=12 | users=[2, 1]
  user=02 block=04 accepted smaller n_kl=  68 without fresh re-optimization.
  user=01 block=04 accepted smaller n_kl=  48 without fresh re-optimization.
[DL Convergence Reduction] | block=4 | epoch=13 | users=[1, 2]
  user=01 block=04 accepted smaller n_kl=  47 without fresh re-optimization.
  user=02 block=04 accepted smaller n_kl=  67 without fresh re-optimization.
[DL Convergence Reduction] | block=4 | epoch=14 | users=[2, 1]
  user=02 block=04 accepted smaller n_kl=  66 without fresh re-optimization.
  user=01 block=04 accepted smaller n_kl=  46 without fresh re-optimization.
[DL Convergence Reduction] | block=4 | epoch=15 | users=[1, 2]
  user=01 block=04 accepted smaller n_kl=  45 without fresh re-optimization.
  user=02 block=04 accepted smaller n_kl=  65 without fresh re-optimization.
[DL Convergence Reduction] | block=4 | epoch=16 | users=[2, 1]
  user=02 block=04 accepted smaller n_kl=  64 without fresh re-optimization.
  user=01 block=04 accepted smaller n_kl=  44 without fresh re-optimization.
[DL Convergence Reduction] | block=4 | epoch=17 | users=[1, 2]
  user=01 block=04 accepted smaller n_kl=  43 without fresh re-optimization.
  user=02 block=04 accepted smaller n_kl=  63 without fresh re-optimization.
[DL Convergence Reduction] | block=4 | epoch=18 | users=[2, 1]
  user=02 block=04 accepted smaller n_kl=  62 without fresh re-optimization.
  user=01 block=04 accepted smaller n_kl=  42 without fresh re-optimization.
[DL Convergence Reduction] | block=4 | epoch=19 | users=[1, 2]
  user=01 block=04 accepted smaller n_kl=  41 without fresh re-optimization.
  user=02 block=04 accepted smaller n_kl=  61 without fresh re-optimization.
[DL Convergence Reduction] | block=4 | epoch=20 | users=[2, 1]
  user=02 block=04 accepted smaller n_kl=  60 without fresh re-optimization.
  user=01 block=04 accepted smaller n_kl=  40 without fresh re-optimization.
[DL Convergence Reduction] | block=4 | epoch=21 | users=[1, 2]
  user=01 block=04 accepted smaller n_kl=  39 without fresh re-optimization.
  user=02 block=04 accepted smaller n_kl=  59 without fresh re-optimization.
[DL Convergence Reduction] | block=4 | epoch=22 | users=[2, 1]
  user=02 block=04 accepted smaller n_kl=  58 without fresh re-optimization.
  user=01 block=04 accepted smaller n_kl=  38 without fresh re-optimization.
[DL Convergence Reduction] | block=4 | epoch=23 | users=[1, 2]
  user=01 block=04 accepted smaller n_kl=  37 without fresh re-optimization.
  user=02 block=04 accepted smaller n_kl=  57 without fresh re-optimization.
[DL Convergence Reduction] | block=4 | epoch=24 | users=[2, 1]
  user=02 block=04 accepted smaller n_kl=  56 without fresh re-optimization.
  user=01 block=04 accepted smaller n_kl=  36 without fresh re-optimization.
[DL Convergence Reduction] | block=4 | epoch=25 | users=[1, 2]
  user=01 block=04 accepted smaller n_kl=  35 without fresh re-optimization.
  user=02 block=04 accepted smaller n_kl=  55 without fresh re-optimization.
[DL Convergence Reduction] | block=4 | epoch=26 | users=[2, 1]
  user=02 block=04 accepted smaller n_kl=  54 without fresh re-optimization.
  user=01 block=04 accepted smaller n_kl=  34 without fresh re-optimization.
[DL Convergence Reduction] | block=4 | epoch=27 | users=[1, 2]
  user=01 block=04 accepted smaller n_kl=  33 without fresh re-optimization.
  user=02 block=04 accepted smaller n_kl=  53 without fresh re-optimization.
[DL Convergence Reduction] | block=4 | epoch=28 | users=[2, 1]
  user=02 block=04 accepted smaller n_kl=  52 without fresh re-optimization.
  user=01 block=04 accepted smaller n_kl=  32 without fresh re-optimization.
[DL Convergence Reduction] | block=4 | epoch=29 | users=[1, 2]
  user=01 block=04 accepted smaller n_kl=  31 without fresh re-optimization.
  user=02 block=04 accepted smaller n_kl=  51 without fresh re-optimization.
[DL Convergence Reduction] | block=4 | epoch=30 | users=[2, 1]
  user=02 block=04 accepted smaller n_kl=  50 without fresh re-optimization.
  user=01 block=04 accepted smaller n_kl=  30 without fresh re-optimization.
[DL Convergence Reduction] | block=4 | epoch=31 | users=[1, 2]
  user=01 block=04 accepted smaller n_kl=  29 without fresh re-optimization.
  user=02 block=04 candidate n_kl=  49 breaks committed-user feasibility [2]; trying fresh re-optimization.
[DL Convergence] | phase=optimize | block=4 | epoch=1/500 | active_users=2 | updated_users=1 | objective=30.152330 | sum_rate=26.219418 | r_p=0.038159 | r_c=0.007760 | r_s=0.012822 | status=running
[DL Convergence] | phase=optimize | block=4 | epoch=5/500 | active_users=2 | updated_users=1 | objective=30.152357 | sum_rate=26.219440 | r_p=0.328471 | r_c=0.067412 | r_s=0.014202 | status=running
[DL Convergence] | phase=optimize | block=4 | epoch=10/500 | active_users=2 | updated_users=1 | objective=30.120085 | sum_rate=26.191378 | r_p=0.277471 | r_c=0.058350 | r_s=0.021216 | status=running
[DL Convergence] | phase=optimize | block=4 | epoch=15/500 | active_users=2 | updated_users=1 | objective=30.126396 | sum_rate=26.196867 | r_p=0.068276 | r_c=0.014865 | r_s=0.020590 | status=running
[DL Convergence] | phase=optimize | block=4 | epoch=20/500 | active_users=2 | updated_users=1 | objective=30.104290 | sum_rate=26.177643 | r_p=0.051972 | r_c=0.012468 | r_s=0.013641 | status=running
[DL Convergence] | phase=optimize | block=4 | epoch=25/500 | active_users=2 | updated_users=1 | objective=30.024582 | sum_rate=26.108332 | r_p=0.217162 | r_c=0.052209 | r_s=0.022265 | status=running
[DL Convergence] | phase=optimize | block=4 | epoch=30/500 | active_users=2 | updated_users=1 | objective=30.155020 | sum_rate=26.221756 | r_p=0.036136 | r_c=0.008763 | r_s=0.017773 | status=running
[DL Convergence] | phase=optimize | block=4 | epoch=35/500 | active_users=2 | updated_users=1 | objective=30.101126 | sum_rate=26.174892 | r_p=0.566183 | r_c=0.139574 | r_s=0.024024 | status=running
[DL Convergence] | phase=optimize | block=4 | epoch=40/500 | active_users=2 | updated_users=1 | objective=30.121111 | sum_rate=26.192270 | r_p=0.004275 | r_c=0.001092 | r_s=0.020646 | status=running
[DL Convergence] | phase=optimize | block=4 | epoch=45/500 | active_users=2 | updated_users=1 | objective=29.929621 | sum_rate=26.025757 | r_p=0.481339 | r_c=0.124203 | r_s=0.029104 | status=running
[DL Convergence] | phase=optimize | block=4 | epoch=50/500 | active_users=2 | updated_users=1 | objective=30.138905 | sum_rate=26.207743 | r_p=0.499114 | r_c=0.141209 | r_s=0.014260 | status=running
[DL Convergence] | phase=optimize | block=4 | epoch=55/500 | active_users=2 | updated_users=1 | objective=30.084333 | sum_rate=26.160290 | r_p=0.276078 | r_c=0.079486 | r_s=0.028557 | status=running
[DL Convergence] | phase=optimize | block=4 | epoch=60/500 | active_users=2 | updated_users=1 | objective=29.878935 | sum_rate=25.981682 | r_p=0.627134 | r_c=0.175965 | r_s=0.037676 | status=running
[DL Convergence] | phase=optimize | block=4 | epoch=65/500 | active_users=2 | updated_users=1 | objective=30.060246 | sum_rate=26.139343 | r_p=0.820679 | r_c=0.265207 | r_s=0.027819 | status=running
[DL Convergence] | phase=optimize | block=4 | epoch=70/500 | active_users=2 | updated_users=1 | objective=29.984606 | sum_rate=26.073570 | r_p=0.247368 | r_c=0.076274 | r_s=0.016628 | status=running
[DL Convergence] | phase=optimize | block=4 | epoch=75/500 | active_users=2 | updated_users=1 | objective=30.072800 | sum_rate=26.150261 | r_p=0.034599 | r_c=0.012437 | r_s=0.030399 | status=running
[DL Convergence] | phase=optimize | block=4 | epoch=80/500 | active_users=2 | updated_users=1 | objective=29.993298 | sum_rate=26.081129 | r_p=0.549782 | r_c=0.197813 | r_s=0.037299 | status=running
[DL Convergence] | phase=optimize | block=4 | epoch=85/500 | active_users=2 | updated_users=1 | objective=29.801764 | sum_rate=25.914577 | r_p=0.686196 | r_c=0.226928 | r_s=0.046416 | status=running
[DL Convergence] | phase=optimize | block=4 | epoch=90/500 | active_users=2 | updated_users=1 | objective=29.914284 | sum_rate=26.012421 | r_p=0.958424 | r_c=0.378505 | r_s=0.048713 | status=running
[DL Convergence] | phase=optimize | block=4 | epoch=95/500 | active_users=2 | updated_users=1 | objective=29.754410 | sum_rate=25.873400 | r_p=0.846218 | r_c=0.304616 | r_s=0.047119 | status=running
[DL Convergence] | phase=optimize | block=4 | epoch=100/500 | active_users=2 | updated_users=1 | objective=29.954271 | sum_rate=26.047192 | r_p=0.937203 | r_c=0.406752 | r_s=0.049723 | status=running
[DL Convergence] | phase=optimize | block=4 | epoch=105/500 | active_users=2 | updated_users=1 | objective=29.812490 | sum_rate=25.923904 | r_p=0.728835 | r_c=0.286013 | r_s=0.050527 | status=running
[DL Convergence] | phase=optimize | block=4 | epoch=110/500 | active_users=2 | updated_users=1 | objective=30.023661 | sum_rate=26.107531 | r_p=0.732944 | r_c=0.347926 | r_s=0.042018 | status=running
[DL Convergence] | phase=optimize | block=4 | epoch=115/500 | active_users=2 | updated_users=1 | objective=29.950178 | sum_rate=26.043633 | r_p=0.295403 | r_c=0.124338 | r_s=0.044908 | status=running
[DL Convergence] | phase=optimize | block=4 | epoch=120/500 | active_users=2 | updated_users=1 | objective=30.039078 | sum_rate=26.120937 | r_p=0.000000 | r_c=0.000000 | r_s=0.023203 | status=running
[DL Convergence] | phase=optimize | block=4 | epoch=125/500 | active_users=2 | updated_users=1 | objective=30.005335 | sum_rate=26.091595 | r_p=0.732640 | r_c=0.406260 | r_s=0.016693 | status=running
[DL Convergence] | phase=optimize | block=4 | epoch=130/500 | active_users=2 | updated_users=1 | objective=29.615007 | sum_rate=25.752180 | r_p=1.123062 | r_c=0.540691 | r_s=0.020927 | status=running
[DL Convergence] | phase=optimize | block=4 | epoch=135/500 | active_users=2 | updated_users=1 | objective=29.812504 | sum_rate=25.923916 | r_p=1.436703 | r_c=0.829909 | r_s=0.058206 | status=running
[DL Convergence] | phase=optimize | block=4 | epoch=140/500 | active_users=2 | updated_users=1 | objective=29.880106 | sum_rate=25.982700 | r_p=0.551394 | r_c=0.276604 | r_s=0.051528 | status=running
[DL Convergence] | phase=optimize | block=4 | epoch=145/500 | active_users=2 | updated_users=1 | objective=30.006475 | sum_rate=26.092587 | r_p=0.201911 | r_c=0.110560 | r_s=0.019546 | status=running
[DL Convergence] | phase=optimize | block=4 | epoch=150/500 | active_users=2 | updated_users=1 | objective=29.873087 | sum_rate=25.976597 | r_p=1.099805 | r_c=0.728732 | r_s=0.015300 | status=running
[DL Convergence] | phase=optimize | block=4 | epoch=155/500 | active_users=2 | updated_users=1 | objective=29.658848 | sum_rate=25.790302 | r_p=0.976806 | r_c=0.553000 | r_s=0.026871 | status=running
[DL Convergence] | phase=optimize | block=4 | epoch=160/500 | active_users=2 | updated_users=1 | objective=29.989273 | sum_rate=26.077629 | r_p=0.968356 | r_c=0.665126 | r_s=0.043182 | status=running
[DL Convergence] | phase=optimize | block=4 | epoch=165/500 | active_users=2 | updated_users=1 | objective=29.961500 | sum_rate=26.053478 | r_p=0.220429 | r_c=0.129136 | r_s=0.041645 | status=running
[DL Convergence] | phase=optimize | block=4 | epoch=170/500 | active_users=2 | updated_users=1 | objective=29.899145 | sum_rate=25.999256 | r_p=0.446920 | r_c=0.276520 | r_s=0.011817 | status=running
[DL Convergence] | phase=optimize | block=4 | epoch=175/500 | active_users=2 | updated_users=1 | objective=29.944466 | sum_rate=26.038666 | r_p=1.006647 | r_c=0.753434 | r_s=0.028099 | status=running
[DL Convergence] | phase=optimize | block=4 | epoch=180/500 | active_users=2 | updated_users=1 | objective=29.877245 | sum_rate=25.980213 | r_p=0.585017 | r_c=0.368999 | r_s=0.031482 | status=running
[DL Convergence] | phase=optimize | block=4 | epoch=185/500 | active_users=2 | updated_users=1 | objective=30.020475 | sum_rate=26.104761 | r_p=0.592976 | r_c=0.458077 | r_s=0.030439 | status=running
[DL Convergence] | phase=optimize | block=4 | epoch=190/500 | active_users=2 | updated_users=1 | objective=29.979580 | sum_rate=26.069201 | r_p=0.007159 | r_c=0.005748 | r_s=0.025232 | status=running
[DL Convergence] | phase=optimize | block=4 | epoch=195/500 | active_users=2 | updated_users=1 | objective=29.874039 | sum_rate=25.977425 | r_p=0.487615 | r_c=0.325301 | r_s=0.009167 | status=running
[DL Convergence] | phase=optimize | block=4 | epoch=200/500 | active_users=2 | updated_users=1 | objective=30.029282 | sum_rate=26.112419 | r_p=0.755938 | r_c=0.615671 | r_s=0.026508 | status=running
[DL Convergence] | phase=optimize | block=4 | epoch=205/500 | active_users=2 | updated_users=1 | objective=29.961073 | sum_rate=26.053106 | r_p=0.258882 | r_c=0.174415 | r_s=0.027559 | status=running
[DL Convergence] | phase=optimize | block=4 | epoch=210/500 | active_users=2 | updated_users=1 | objective=29.983173 | sum_rate=26.072325 | r_p=0.161294 | r_c=0.112107 | r_s=0.010760 | status=running
[DL Convergence] | phase=optimize | block=4 | epoch=215/500 | active_users=2 | updated_users=1 | objective=30.034557 | sum_rate=26.117006 | r_p=0.585108 | r_c=0.498722 | r_s=0.015248 | status=running
[DL Convergence] | phase=optimize | block=4 | epoch=220/500 | active_users=2 | updated_users=1 | objective=29.952507 | sum_rate=26.045658 | r_p=0.405330 | r_c=0.283259 | r_s=0.024048 | status=running
[DL Convergence] | phase=optimize | block=4 | epoch=225/500 | active_users=2 | updated_users=1 | objective=30.049067 | sum_rate=26.129623 | r_p=0.003358 | r_c=0.002907 | r_s=0.015375 | status=running
[DL Convergence] | phase=optimize | block=4 | epoch=230/500 | active_users=2 | updated_users=1 | objective=30.058987 | sum_rate=26.138248 | r_p=0.430336 | r_c=0.379764 | r_s=0.008009 | status=running
[DL Convergence] | phase=optimize | block=4 | epoch=235/500 | active_users=2 | updated_users=1 | objective=29.964102 | sum_rate=26.055740 | r_p=0.410897 | r_c=0.297366 | r_s=0.019059 | status=running
[DL Convergence] | phase=optimize | block=4 | epoch=240/500 | active_users=2 | updated_users=1 | objective=30.086254 | sum_rate=26.161961 | r_p=0.212161 | r_c=0.188811 | r_s=0.018399 | status=running
[DL Convergence] | phase=optimize | block=4 | epoch=245/500 | active_users=2 | updated_users=1 | objective=30.060532 | sum_rate=26.139593 | r_p=0.178863 | r_c=0.162346 | r_s=0.009203 | status=running
[DL Convergence] | phase=optimize | block=4 | epoch=250/500 | active_users=2 | updated_users=1 | objective=29.997618 | sum_rate=26.084885 | r_p=0.237897 | r_c=0.176700 | r_s=0.010810 | status=running
[DL Convergence] | phase=optimize | block=4 | epoch=255/500 | active_users=2 | updated_users=1 | objective=30.089977 | sum_rate=26.165197 | r_p=0.330394 | r_c=0.301778 | r_s=0.014732 | status=running
[DL Convergence] | phase=optimize | block=4 | epoch=260/500 | active_users=2 | updated_users=1 | objective=30.034750 | sum_rate=26.117174 | r_p=0.115045 | r_c=0.085863 | r_s=0.015175 | status=running
[DL Convergence] | phase=optimize | block=4 | epoch=265/500 | active_users=2 | updated_users=1 | objective=30.075296 | sum_rate=26.152431 | r_p=0.046116 | r_c=0.042600 | r_s=0.010685 | status=running
[DL Convergence] | phase=optimize | block=4 | epoch=270/500 | active_users=2 | updated_users=1 | objective=30.070263 | sum_rate=26.148054 | r_p=0.100861 | r_c=0.094101 | r_s=0.006727 | status=running
[DL Convergence] | phase=optimize | block=4 | epoch=275/500 | active_users=2 | updated_users=1 | objective=30.056850 | sum_rate=26.136391 | r_p=0.044887 | r_c=0.033945 | r_s=0.009627 | status=running
[DL Convergence] | phase=optimize | block=4 | epoch=280/500 | active_users=2 | updated_users=1 | objective=30.112194 | sum_rate=26.184517 | r_p=0.159337 | r_c=0.149553 | r_s=0.008830 | status=running
[DL Convergence] | phase=optimize | block=4 | epoch=285/500 | active_users=2 | updated_users=1 | objective=30.079599 | sum_rate=26.156174 | r_p=0.065776 | r_c=0.049899 | r_s=0.011050 | status=running
[DL Convergence] | phase=optimize | block=4 | epoch=290/500 | active_users=2 | updated_users=1 | objective=30.123846 | sum_rate=26.194649 | r_p=0.139268 | r_c=0.131363 | r_s=0.008720 | status=running
[DL Convergence] | phase=optimize | block=4 | epoch=295/500 | active_users=2 | updated_users=1 | objective=30.107515 | sum_rate=26.180449 | r_p=0.000000 | r_c=0.000000 | r_s=0.008288 | status=running
[DL Convergence] | phase=optimize | block=4 | epoch=300/500 | active_users=2 | updated_users=1 | objective=30.128662 | sum_rate=26.198837 | r_p=0.029892 | r_c=0.028286 | r_s=0.005251 | status=running
[DL Convergence] | phase=optimize | block=4 | epoch=305/500 | active_users=2 | updated_users=1 | objective=30.114145 | sum_rate=26.186213 | r_p=0.000000 | r_c=0.000000 | r_s=0.004087 | status=running
[DL Convergence] | phase=optimize | block=4 | epoch=310/500 | active_users=2 | updated_users=1 | objective=30.144028 | sum_rate=26.212198 | r_p=0.004143 | r_c=0.003923 | r_s=0.003595 | status=running
[DL Convergence] | phase=optimize | block=4 | epoch=315/500 | active_users=2 | updated_users=1 | objective=30.132498 | sum_rate=26.202171 | r_p=0.000000 | r_c=0.000000 | r_s=0.004652 | status=running
[DL Convergence] | phase=optimize | block=4 | epoch=320/500 | active_users=2 | updated_users=1 | objective=30.155392 | sum_rate=26.222080 | r_p=0.045178 | r_c=0.042901 | r_s=0.003954 | status=running
[DL Convergence] | phase=optimize | block=4 | epoch=325/500 | active_users=2 | updated_users=1 | objective=30.112638 | sum_rate=26.184902 | r_p=0.022328 | r_c=0.017001 | r_s=0.005630 | status=running
[DL Convergence] | phase=optimize | block=4 | epoch=330/500 | active_users=2 | updated_users=1 | objective=30.161022 | sum_rate=26.226976 | r_p=0.116744 | r_c=0.111257 | r_s=0.005785 | status=running
[DL Convergence] | phase=optimize | block=4 | epoch=335/500 | active_users=2 | updated_users=1 | objective=30.103966 | sum_rate=26.177361 | r_p=0.059014 | r_c=0.045032 | r_s=0.007313 | status=running
[DL Convergence] | phase=optimize | block=4 | epoch=340/500 | active_users=2 | updated_users=1 | objective=30.149063 | sum_rate=26.216576 | r_p=0.121141 | r_c=0.115851 | r_s=0.006540 | status=running
[DL Convergence] | phase=optimize | block=4 | epoch=345/500 | active_users=2 | updated_users=1 | objective=30.095327 | sum_rate=26.169849 | r_p=0.042715 | r_c=0.032638 | r_s=0.005596 | status=running
[DL Convergence] | phase=optimize | block=4 | epoch=350/500 | active_users=2 | updated_users=1 | objective=30.130655 | sum_rate=26.200569 | r_p=0.031504 | r_c=0.030202 | r_s=0.002983 | status=running
[DL Convergence] | phase=optimize | block=4 | epoch=355/500 | active_users=2 | updated_users=1 | objective=30.107834 | sum_rate=26.180725 | r_p=0.000000 | r_c=0.000000 | r_s=0.002259 | status=running
[DL Convergence] | phase=optimize | block=4 | epoch=360/500 | active_users=2 | updated_users=1 | objective=30.140617 | sum_rate=26.209232 | r_p=0.000000 | r_c=0.000000 | r_s=0.003477 | status=running
[DL Convergence] | phase=optimize | block=4 | epoch=365/500 | active_users=2 | updated_users=1 | objective=30.125189 | sum_rate=26.195816 | r_p=0.000000 | r_c=0.000000 | r_s=0.004526 | status=running
[DL Convergence] | phase=optimize | block=4 | epoch=370/500 | active_users=2 | updated_users=1 | objective=30.148460 | sum_rate=26.216053 | r_p=0.035868 | r_c=0.034427 | r_s=0.005470 | status=running
[DL Convergence] | phase=optimize | block=4 | epoch=375/500 | active_users=2 | updated_users=1 | objective=30.116913 | sum_rate=26.188620 | r_p=0.000000 | r_c=0.000000 | r_s=0.005987 | status=running
[DL Convergence] | phase=optimize | block=4 | epoch=380/500 | active_users=2 | updated_users=1 | objective=30.141148 | sum_rate=26.209694 | r_p=0.046741 | r_c=0.044964 | r_s=0.007477 | status=running
[DL Convergence] | phase=optimize | block=4 | epoch=385/500 | active_users=2 | updated_users=1 | objective=30.109854 | sum_rate=26.182482 | r_p=0.000000 | r_c=0.000000 | r_s=0.007811 | status=running
[DL Convergence] | phase=optimize | block=4 | epoch=390/500 | active_users=2 | updated_users=1 | objective=30.136375 | sum_rate=26.205544 | r_p=0.056275 | r_c=0.054390 | r_s=0.005470 | status=running
[DL Convergence] | phase=optimize | block=4 | epoch=395/500 | active_users=2 | updated_users=1 | objective=30.102859 | sum_rate=26.176399 | r_p=0.050685 | r_c=0.038913 | r_s=0.004945 | status=running
[DL Convergence] | phase=optimize | block=4 | epoch=400/500 | active_users=2 | updated_users=1 | objective=30.155651 | sum_rate=26.222305 | r_p=0.094468 | r_c=0.091498 | r_s=0.004750 | status=running
[DL Convergence] | phase=optimize | block=4 | epoch=405/500 | active_users=2 | updated_users=1 | objective=30.106352 | sum_rate=26.179436 | r_p=0.039796 | r_c=0.030580 | r_s=0.005236 | status=running
[DL Convergence] | phase=optimize | block=4 | epoch=410/500 | active_users=2 | updated_users=1 | objective=30.152782 | sum_rate=26.219810 | r_p=0.092485 | r_c=0.089768 | r_s=0.005699 | status=running
[DL Convergence] | phase=optimize | block=4 | epoch=415/500 | active_users=2 | updated_users=1 | objective=30.097652 | sum_rate=26.171871 | r_p=0.058591 | r_c=0.045063 | r_s=0.006517 | status=running
[DL Convergence] | phase=optimize | block=4 | epoch=420/500 | active_users=2 | updated_users=1 | objective=30.144882 | sum_rate=26.212940 | r_p=0.118448 | r_c=0.115298 | r_s=0.007302 | status=running
[DL Convergence] | phase=optimize | block=4 | epoch=425/500 | active_users=2 | updated_users=1 | objective=30.094296 | sum_rate=26.168953 | r_p=0.051029 | r_c=0.039321 | r_s=0.008478 | status=running
[DL Convergence] | phase=optimize | block=4 | epoch=430/500 | active_users=2 | updated_users=1 | objective=30.126732 | sum_rate=26.197159 | r_p=0.036232 | r_c=0.035422 | r_s=0.006673 | status=running
[DL Convergence] | phase=optimize | block=4 | epoch=435/500 | active_users=2 | updated_users=1 | objective=30.121393 | sum_rate=26.192516 | r_p=0.000000 | r_c=0.000000 | r_s=0.005728 | status=running
[DL Convergence] | phase=optimize | block=4 | epoch=440/500 | active_users=2 | updated_users=1 | objective=30.137625 | sum_rate=26.206631 | r_p=0.000000 | r_c=0.000000 | r_s=0.004951 | status=running
[DL Convergence] | phase=optimize | block=4 | epoch=445/500 | active_users=2 | updated_users=1 | objective=30.135284 | sum_rate=26.204596 | r_p=0.000000 | r_c=0.000000 | r_s=0.006259 | status=running
[DL Convergence] | phase=optimize | block=4 | epoch=450/500 | active_users=2 | updated_users=1 | objective=30.136955 | sum_rate=26.206047 | r_p=0.000000 | r_c=0.000000 | r_s=0.005334 | status=running
[DL Convergence] | phase=optimize | block=4 | epoch=455/500 | active_users=2 | updated_users=1 | objective=30.149220 | sum_rate=26.216713 | r_p=0.000000 | r_c=0.000000 | r_s=0.005074 | status=running
[DL Convergence] | phase=optimize | block=4 | epoch=460/500 | active_users=2 | updated_users=1 | objective=30.130238 | sum_rate=26.200207 | r_p=0.000000 | r_c=0.000000 | r_s=0.003868 | status=running
[DL Convergence] | phase=optimize | block=4 | epoch=465/500 | active_users=2 | updated_users=1 | objective=30.149382 | sum_rate=26.216854 | r_p=0.000000 | r_c=0.000000 | r_s=0.003416 | status=running
[DL Convergence] | phase=optimize | block=4 | epoch=470/500 | active_users=2 | updated_users=1 | objective=30.123976 | sum_rate=26.194761 | r_p=0.000000 | r_c=0.000000 | r_s=0.002631 | status=running
[DL Convergence] | phase=optimize | block=4 | epoch=475/500 | active_users=2 | updated_users=1 | objective=30.152603 | sum_rate=26.219654 | r_p=0.041949 | r_c=0.041546 | r_s=0.002242 | status=running
[DL Convergence] | phase=optimize | block=4 | epoch=480/500 | active_users=2 | updated_users=1 | objective=30.118093 | sum_rate=26.189646 | r_p=0.000000 | r_c=0.000000 | r_s=0.002485 | status=running
[DL Convergence] | phase=optimize | block=4 | epoch=485/500 | active_users=2 | updated_users=1 | objective=30.153774 | sum_rate=26.220673 | r_p=0.044643 | r_c=0.044243 | r_s=0.003654 | status=running
[DL Convergence] | phase=optimize | block=4 | epoch=490/500 | active_users=2 | updated_users=1 | objective=30.109774 | sum_rate=26.182411 | r_p=0.030985 | r_c=0.024043 | r_s=0.004016 | status=running
[DL Convergence] | phase=optimize | block=4 | epoch=495/500 | active_users=2 | updated_users=1 | objective=30.158459 | sum_rate=26.224747 | r_p=0.130082 | r_c=0.129111 | r_s=0.006314 | status=running
[DL Convergence] | phase=optimize | block=4 | epoch=500/500 | active_users=2 | updated_users=1 | objective=30.099514 | sum_rate=26.173491 | r_p=0.054536 | r_c=0.042339 | r_s=0.007326 | status=running
  user=02 block=04 candidate n_kl=  49 after updating users [2] still leaves committed users infeasible [2] after re-optimization; stopping further n_kl reduction for this user in this block.
[DL Convergence Reduction] | block=4 | epoch=32 | users=[1]
  user=01 block=04 candidate n_kl=  28 breaks committed-user feasibility [1]; trying fresh re-optimization.
[DL Convergence] | phase=optimize | block=4 | epoch=1/500 | active_users=2 | updated_users=1 | objective=30.072975 | sum_rate=26.150414 | r_p=0.526443 | r_c=0.107051 | r_s=0.026824 | status=running
[DL Convergence] | phase=optimize | block=4 | epoch=5/500 | active_users=2 | updated_users=1 | objective=30.119362 | sum_rate=26.190750 | r_p=0.280481 | r_c=0.060357 | r_s=0.015743 | status=running
[DL Convergence] | phase=optimize | block=4 | epoch=10/500 | active_users=2 | updated_users=1 | objective=30.127180 | sum_rate=26.197548 | r_p=0.157866 | r_c=0.036612 | r_s=0.023766 | status=running
[DL Convergence] | phase=optimize | block=4 | epoch=15/500 | active_users=2 | updated_users=1 | objective=29.822115 | sum_rate=25.932274 | r_p=1.243035 | r_c=0.303143 | r_s=0.034934 | status=running
[DL Convergence] | phase=optimize | block=4 | epoch=20/500 | active_users=2 | updated_users=1 | objective=30.121443 | sum_rate=26.192558 | r_p=0.236703 | r_c=0.071477 | r_s=0.043558 | status=running
[DL Convergence] | phase=optimize | block=4 | epoch=25/500 | active_users=2 | updated_users=1 | objective=30.002670 | sum_rate=26.089279 | r_p=0.644852 | r_c=0.196253 | r_s=0.053709 | status=running
[DL Convergence] | phase=optimize | block=4 | epoch=30/500 | active_users=2 | updated_users=1 | objective=29.823267 | sum_rate=25.933275 | r_p=1.123110 | r_c=0.345623 | r_s=0.067875 | status=running
[DL Convergence] | phase=optimize | block=4 | epoch=35/500 | active_users=2 | updated_users=1 | objective=29.828037 | sum_rate=25.937424 | r_p=1.199493 | r_c=0.427462 | r_s=0.063427 | status=running
[DL Convergence] | phase=optimize | block=4 | epoch=40/500 | active_users=2 | updated_users=1 | objective=29.822607 | sum_rate=25.932701 | r_p=1.135157 | r_c=0.408496 | r_s=0.056820 | status=running
[DL Convergence] | phase=optimize | block=4 | epoch=45/500 | active_users=2 | updated_users=1 | objective=29.987513 | sum_rate=26.076097 | r_p=0.774786 | r_c=0.311874 | r_s=0.051546 | status=running
[DL Convergence] | phase=optimize | block=4 | epoch=50/500 | active_users=2 | updated_users=1 | objective=29.923559 | sum_rate=26.020487 | r_p=0.257071 | r_c=0.105027 | r_s=0.053559 | status=running
[DL Convergence] | phase=optimize | block=4 | epoch=55/500 | active_users=2 | updated_users=1 | objective=29.907558 | sum_rate=26.006573 | r_p=0.760129 | r_c=0.349552 | r_s=0.017787 | status=running
[DL Convergence] | phase=optimize | block=4 | epoch=60/500 | active_users=2 | updated_users=1 | objective=29.669502 | sum_rate=25.799566 | r_p=1.284468 | r_c=0.640234 | r_s=0.020460 | status=running
[DL Convergence] | phase=optimize | block=4 | epoch=65/500 | active_users=2 | updated_users=1 | objective=29.784138 | sum_rate=25.899250 | r_p=1.291846 | r_c=0.630414 | r_s=0.036852 | status=running
[DL Convergence] | phase=optimize | block=4 | epoch=70/500 | active_users=2 | updated_users=1 | objective=29.925934 | sum_rate=26.022551 | r_p=0.979609 | r_c=0.513097 | r_s=0.053155 | status=running
[DL Convergence] | phase=optimize | block=4 | epoch=75/500 | active_users=2 | updated_users=1 | objective=29.828371 | sum_rate=25.937714 | r_p=0.634104 | r_c=0.335060 | r_s=0.053413 | status=running
[DL Convergence] | phase=optimize | block=4 | epoch=80/500 | active_users=2 | updated_users=1 | objective=29.963476 | sum_rate=26.055197 | r_p=0.175230 | r_c=0.099713 | r_s=0.021910 | status=running
[DL Convergence] | phase=optimize | block=4 | epoch=85/500 | active_users=2 | updated_users=1 | objective=30.015820 | sum_rate=26.100712 | r_p=0.423133 | r_c=0.254444 | r_s=0.015558 | status=running
[DL Convergence] | phase=optimize | block=4 | epoch=90/500 | active_users=2 | updated_users=1 | objective=30.072117 | sum_rate=26.149666 | r_p=0.363051 | r_c=0.214053 | r_s=0.014133 | status=running
[DL Convergence] | phase=optimize | block=4 | epoch=95/500 | active_users=2 | updated_users=1 | objective=30.037691 | sum_rate=26.119732 | r_p=0.512774 | r_c=0.317309 | r_s=0.010945 | status=running
[DL Convergence] | phase=optimize | block=4 | epoch=100/500 | active_users=2 | updated_users=1 | objective=30.023476 | sum_rate=26.107370 | r_p=0.644037 | r_c=0.388447 | r_s=0.016988 | status=running
[DL Convergence] | phase=optimize | block=4 | epoch=105/500 | active_users=2 | updated_users=1 | objective=30.067595 | sum_rate=26.145735 | r_p=0.428712 | r_c=0.270288 | r_s=0.022505 | status=running
[DL Convergence] | phase=optimize | block=4 | epoch=110/500 | active_users=2 | updated_users=1 | objective=30.109699 | sum_rate=26.182346 | r_p=0.191827 | r_c=0.119313 | r_s=0.022303 | status=running
[DL Convergence] | phase=optimize | block=4 | epoch=115/500 | active_users=2 | updated_users=1 | objective=30.115974 | sum_rate=26.187803 | r_p=0.155103 | r_c=0.099806 | r_s=0.010783 | status=running
[DL Convergence] | phase=optimize | block=4 | epoch=120/500 | active_users=2 | updated_users=1 | objective=30.096838 | sum_rate=26.171164 | r_p=0.424636 | r_c=0.285498 | r_s=0.007895 | status=running
[DL Convergence] | phase=optimize | block=4 | epoch=125/500 | active_users=2 | updated_users=1 | objective=30.060949 | sum_rate=26.139956 | r_p=0.558393 | r_c=0.369010 | r_s=0.010212 | status=running
[DL Convergence] | phase=optimize | block=4 | epoch=130/500 | active_users=2 | updated_users=1 | objective=30.052212 | sum_rate=26.132359 | r_p=0.642901 | r_c=0.442015 | r_s=0.019669 | status=running
[DL Convergence] | phase=optimize | block=4 | epoch=135/500 | active_users=2 | updated_users=1 | objective=30.051533 | sum_rate=26.131767 | r_p=0.585432 | r_c=0.395111 | r_s=0.022305 | status=running
[DL Convergence] | phase=optimize | block=4 | epoch=140/500 | active_users=2 | updated_users=1 | objective=30.098223 | sum_rate=26.172367 | r_p=0.329745 | r_c=0.232471 | r_s=0.019797 | status=running
[DL Convergence] | phase=optimize | block=4 | epoch=145/500 | active_users=2 | updated_users=1 | objective=30.127392 | sum_rate=26.197731 | r_p=0.093356 | r_c=0.067790 | r_s=0.014664 | status=running
[DL Convergence] | phase=optimize | block=4 | epoch=150/500 | active_users=2 | updated_users=1 | objective=30.069721 | sum_rate=26.147583 | r_p=0.521523 | r_c=0.372303 | r_s=0.007164 | status=running
[DL Convergence] | phase=optimize | block=4 | epoch=155/500 | active_users=2 | updated_users=1 | objective=30.053446 | sum_rate=26.133430 | r_p=0.620864 | r_c=0.456379 | r_s=0.020867 | status=running
[DL Convergence] | phase=optimize | block=4 | epoch=160/500 | active_users=2 | updated_users=1 | objective=30.086996 | sum_rate=26.162605 | r_p=0.394582 | r_c=0.285717 | r_s=0.024985 | status=running
[DL Convergence] | phase=optimize | block=4 | epoch=165/500 | active_users=2 | updated_users=1 | objective=30.110992 | sum_rate=26.183472 | r_p=0.177007 | r_c=0.132892 | r_s=0.012144 | status=running
[DL Convergence] | phase=optimize | block=4 | epoch=170/500 | active_users=2 | updated_users=1 | objective=30.053392 | sum_rate=26.133385 | r_p=0.631223 | r_c=0.489684 | r_s=0.009312 | status=running
[DL Convergence] | phase=optimize | block=4 | epoch=175/500 | active_users=2 | updated_users=1 | objective=30.053905 | sum_rate=26.133831 | r_p=0.585544 | r_c=0.444104 | r_s=0.020412 | status=running
[DL Convergence] | phase=optimize | block=4 | epoch=180/500 | active_users=2 | updated_users=1 | objective=30.110804 | sum_rate=26.183308 | r_p=0.111497 | r_c=0.087962 | r_s=0.017201 | status=running
[DL Convergence] | phase=optimize | block=4 | epoch=185/500 | active_users=2 | updated_users=1 | objective=30.073994 | sum_rate=26.151299 | r_p=0.506939 | r_c=0.411301 | r_s=0.006155 | status=running
[DL Convergence] | phase=optimize | block=4 | epoch=190/500 | active_users=2 | updated_users=1 | objective=30.054327 | sum_rate=26.134197 | r_p=0.590872 | r_c=0.468390 | r_s=0.017134 | status=running
[DL Convergence] | phase=optimize | block=4 | epoch=195/500 | active_users=2 | updated_users=1 | objective=30.104923 | sum_rate=26.178194 | r_p=0.248542 | r_c=0.203845 | r_s=0.019697 | status=running
[DL Convergence] | phase=optimize | block=4 | epoch=200/500 | active_users=2 | updated_users=1 | objective=30.066816 | sum_rate=26.145058 | r_p=0.503775 | r_c=0.426878 | r_s=0.006455 | status=running
[DL Convergence] | phase=optimize | block=4 | epoch=205/500 | active_users=2 | updated_users=1 | objective=30.032215 | sum_rate=26.114969 | r_p=0.677498 | r_c=0.559116 | r_s=0.018157 | status=running
[DL Convergence] | phase=optimize | block=4 | epoch=210/500 | active_users=2 | updated_users=1 | objective=30.105886 | sum_rate=26.179031 | r_p=0.228762 | r_c=0.195652 | r_s=0.020783 | status=running
[DL Convergence] | phase=optimize | block=4 | epoch=215/500 | active_users=2 | updated_users=1 | objective=30.037941 | sum_rate=26.119949 | r_p=0.612522 | r_c=0.541580 | r_s=0.006456 | status=running
[DL Convergence] | phase=optimize | block=4 | epoch=220/500 | active_users=2 | updated_users=1 | objective=30.018583 | sum_rate=26.103115 | r_p=0.716861 | r_c=0.616209 | r_s=0.021747 | status=running
[DL Convergence] | phase=optimize | block=4 | epoch=225/500 | active_users=2 | updated_users=1 | objective=30.100594 | sum_rate=26.174429 | r_p=0.087526 | r_c=0.078073 | r_s=0.017123 | status=running
[DL Convergence] | phase=optimize | block=4 | epoch=230/500 | active_users=2 | updated_users=1 | objective=29.994619 | sum_rate=26.082277 | r_p=0.761100 | r_c=0.699910 | r_s=0.011805 | status=running
[DL Convergence] | phase=optimize | block=4 | epoch=235/500 | active_users=2 | updated_users=1 | objective=30.049269 | sum_rate=26.129799 | r_p=0.529512 | r_c=0.474316 | r_s=0.025339 | status=running
[DL Convergence] | phase=optimize | block=4 | epoch=240/500 | active_users=2 | updated_users=1 | objective=30.049053 | sum_rate=26.129612 | r_p=0.458640 | r_c=0.426590 | r_s=0.008481 | status=running
[DL Convergence] | phase=optimize | block=4 | epoch=245/500 | active_users=2 | updated_users=1 | objective=29.990423 | sum_rate=26.078629 | r_p=0.806531 | r_c=0.768546 | r_s=0.023352 | status=running
[DL Convergence] | phase=optimize | block=4 | epoch=250/500 | active_users=2 | updated_users=1 | objective=30.075378 | sum_rate=26.152502 | r_p=0.073952 | r_c=0.069260 | r_s=0.022997 | status=running
[DL Convergence] | phase=optimize | block=4 | epoch=255/500 | active_users=2 | updated_users=1 | objective=29.989567 | sum_rate=26.077885 | r_p=0.731535 | r_c=0.702360 | r_s=0.010181 | status=running
[DL Convergence] | phase=optimize | block=4 | epoch=260/500 | active_users=2 | updated_users=1 | objective=30.087183 | sum_rate=26.162767 | r_p=0.467893 | r_c=0.462489 | r_s=0.025178 | status=running
[DL Convergence] | phase=optimize | block=4 | epoch=265/500 | active_users=2 | updated_users=1 | objective=30.013613 | sum_rate=26.098793 | r_p=0.571991 | r_c=0.584879 | r_s=0.007007 | status=running
[DL Convergence] | phase=optimize | block=4 | epoch=270/500 | active_users=2 | updated_users=1 | objective=30.061174 | sum_rate=26.140152 | r_p=0.576724 | r_c=0.568906 | r_s=0.020043 | status=running
[DL Convergence] | phase=optimize | block=4 | epoch=275/500 | active_users=2 | updated_users=1 | objective=30.100948 | sum_rate=26.174738 | r_p=0.210367 | r_c=0.213663 | r_s=0.011738 | status=running
[DL Convergence] | phase=optimize | block=4 | epoch=280/500 | active_users=2 | updated_users=1 | objective=30.023155 | sum_rate=26.107092 | r_p=0.634881 | r_c=0.665837 | r_s=0.013911 | status=running
[DL Convergence] | phase=optimize | block=4 | epoch=285/500 | active_users=2 | updated_users=1 | objective=30.087477 | sum_rate=26.163023 | r_p=0.200174 | r_c=0.203763 | r_s=0.018753 | status=running
[DL Convergence] | phase=optimize | block=4 | epoch=290/500 | active_users=2 | updated_users=1 | objective=30.050838 | sum_rate=26.131165 | r_p=0.450665 | r_c=0.467767 | r_s=0.005405 | status=running
[DL Convergence] | phase=optimize | block=4 | epoch=295/500 | active_users=2 | updated_users=1 | objective=30.093121 | sum_rate=26.167931 | r_p=0.443018 | r_c=0.476252 | r_s=0.017240 | status=running
[DL Convergence] | phase=optimize | block=4 | epoch=300/500 | active_users=2 | updated_users=1 | objective=30.069330 | sum_rate=26.147243 | r_p=0.217458 | r_c=0.238807 | r_s=0.009608 | status=running
[DL Convergence] | phase=optimize | block=4 | epoch=305/500 | active_users=2 | updated_users=1 | objective=30.076099 | sum_rate=26.153130 | r_p=0.480455 | r_c=0.508809 | r_s=0.012023 | status=running
[DL Convergence] | phase=optimize | block=4 | epoch=310/500 | active_users=2 | updated_users=1 | objective=30.111998 | sum_rate=26.184345 | r_p=0.180625 | r_c=0.198854 | r_s=0.014265 | status=running
[DL Convergence] | phase=optimize | block=4 | epoch=315/500 | active_users=2 | updated_users=1 | objective=30.070988 | sum_rate=26.148685 | r_p=0.366936 | r_c=0.410472 | r_s=0.004763 | status=running
[DL Convergence] | phase=optimize | block=4 | epoch=320/500 | active_users=2 | updated_users=1 | objective=30.107456 | sum_rate=26.180397 | r_p=0.303567 | r_c=0.327963 | r_s=0.012535 | status=running
[DL Convergence] | phase=optimize | block=4 | epoch=325/500 | active_users=2 | updated_users=1 | objective=30.093849 | sum_rate=26.168564 | r_p=0.083504 | r_c=0.094027 | r_s=0.008442 | status=running
[DL Convergence] | phase=optimize | block=4 | epoch=330/500 | active_users=2 | updated_users=1 | objective=30.099407 | sum_rate=26.173397 | r_p=0.329741 | r_c=0.375650 | r_s=0.005714 | status=running
[DL Convergence] | phase=optimize | block=4 | epoch=335/500 | active_users=2 | updated_users=1 | objective=30.099297 | sum_rate=26.173302 | r_p=0.291088 | r_c=0.319589 | r_s=0.010830 | status=running
[DL Convergence] | phase=optimize | block=4 | epoch=340/500 | active_users=2 | updated_users=1 | objective=30.100595 | sum_rate=26.174431 | r_p=0.064282 | r_c=0.073694 | r_s=0.007755 | status=running
[DL Convergence] | phase=optimize | block=4 | epoch=345/500 | active_users=2 | updated_users=1 | objective=30.106884 | sum_rate=26.179899 | r_p=0.285962 | r_c=0.331119 | r_s=0.005071 | status=running
[DL Convergence] | phase=optimize | block=4 | epoch=350/500 | active_users=2 | updated_users=1 | objective=30.117643 | sum_rate=26.189255 | r_p=0.221330 | r_c=0.246641 | r_s=0.008568 | status=running
[DL Convergence] | phase=optimize | block=4 | epoch=355/500 | active_users=2 | updated_users=1 | objective=30.117029 | sum_rate=26.188721 | r_p=0.145782 | r_c=0.169756 | r_s=0.007560 | status=running
[DL Convergence] | phase=optimize | block=4 | epoch=360/500 | active_users=2 | updated_users=1 | objective=30.119253 | sum_rate=26.190655 | r_p=0.110143 | r_c=0.129370 | r_s=0.004909 | status=running
[DL Convergence] | phase=optimize | block=4 | epoch=365/500 | active_users=2 | updated_users=1 | objective=30.116489 | sum_rate=26.188251 | r_p=0.274105 | r_c=0.309994 | r_s=0.006021 | status=running
[DL Convergence] | phase=optimize | block=4 | epoch=370/500 | active_users=2 | updated_users=1 | objective=30.120655 | sum_rate=26.191874 | r_p=0.246528 | r_c=0.290400 | r_s=0.009505 | status=running
[DL Convergence] | phase=optimize | block=4 | epoch=375/500 | active_users=2 | updated_users=1 | objective=30.117249 | sum_rate=26.188911 | r_p=0.130685 | r_c=0.148701 | r_s=0.010357 | status=running
[DL Convergence] | phase=optimize | block=4 | epoch=380/500 | active_users=2 | updated_users=1 | objective=30.127666 | sum_rate=26.197971 | r_p=0.083658 | r_c=0.096080 | r_s=0.005914 | status=running
[DL Convergence] | phase=optimize | block=4 | epoch=385/500 | active_users=2 | updated_users=1 | objective=30.133102 | sum_rate=26.202698 | r_p=0.107814 | r_c=0.128939 | r_s=0.003426 | status=running
[DL Convergence] | phase=optimize | block=4 | epoch=390/500 | active_users=2 | updated_users=1 | objective=30.126007 | sum_rate=26.196527 | r_p=0.209300 | r_c=0.242224 | r_s=0.002179 | status=running
[DL Convergence] | phase=optimize | block=4 | epoch=395/500 | active_users=2 | updated_users=1 | objective=30.121464 | sum_rate=26.192577 | r_p=0.291451 | r_c=0.350387 | r_s=0.006964 | status=running
[DL Convergence] | phase=optimize | block=4 | epoch=400/500 | active_users=2 | updated_users=1 | objective=30.129353 | sum_rate=26.199436 | r_p=0.155174 | r_c=0.180163 | r_s=0.009319 | status=running
[DL Convergence] | phase=optimize | block=4 | epoch=405/500 | active_users=2 | updated_users=1 | objective=30.126732 | sum_rate=26.197159 | r_p=0.187840 | r_c=0.220396 | r_s=0.003721 | status=running
[DL Convergence] | phase=optimize | block=4 | epoch=410/500 | active_users=2 | updated_users=1 | objective=30.117657 | sum_rate=26.189266 | r_p=0.317472 | r_c=0.386828 | r_s=0.007422 | status=running
[DL Convergence] | phase=optimize | block=4 | epoch=415/500 | active_users=2 | updated_users=1 | objective=30.121807 | sum_rate=26.192875 | r_p=0.138552 | r_c=0.162981 | r_s=0.009334 | status=running
[DL Convergence] | phase=optimize | block=4 | epoch=420/500 | active_users=2 | updated_users=1 | objective=30.121338 | sum_rate=26.192467 | r_p=0.188846 | r_c=0.224317 | r_s=0.004009 | status=running
[DL Convergence] | phase=optimize | block=4 | epoch=425/500 | active_users=2 | updated_users=1 | objective=30.119209 | sum_rate=26.190617 | r_p=0.285343 | r_c=0.352509 | r_s=0.006922 | status=running
[DL Convergence] | phase=optimize | block=4 | epoch=430/500 | active_users=2 | updated_users=1 | objective=30.117657 | sum_rate=26.189266 | r_p=0.160236 | r_c=0.190878 | r_s=0.008843 | status=running
[DL Convergence] | phase=optimize | block=4 | epoch=435/500 | active_users=2 | updated_users=1 | objective=30.119061 | sum_rate=26.190487 | r_p=0.181595 | r_c=0.218476 | r_s=0.004148 | status=running
[DL Convergence] | phase=optimize | block=4 | epoch=440/500 | active_users=2 | updated_users=1 | objective=30.125982 | sum_rate=26.196507 | r_p=0.217970 | r_c=0.272448 | r_s=0.005472 | status=running
[DL Convergence] | phase=optimize | block=4 | epoch=445/500 | active_users=2 | updated_users=1 | objective=30.121803 | sum_rate=26.192873 | r_p=0.179726 | r_c=0.217005 | r_s=0.006522 | status=running
[DL Convergence] | phase=optimize | block=4 | epoch=450/500 | active_users=2 | updated_users=1 | objective=30.123579 | sum_rate=26.194416 | r_p=0.086038 | r_c=0.108058 | r_s=0.006022 | status=running
[DL Convergence] | phase=optimize | block=4 | epoch=455/500 | active_users=2 | updated_users=1 | objective=30.129114 | sum_rate=26.199230 | r_p=0.214436 | r_c=0.271488 | r_s=0.003386 | status=running
[DL Convergence] | phase=optimize | block=4 | epoch=460/500 | active_users=2 | updated_users=1 | objective=30.120539 | sum_rate=26.191772 | r_p=0.249666 | r_c=0.304537 | r_s=0.006845 | status=running
[DL Convergence] | phase=optimize | block=4 | epoch=465/500 | active_users=2 | updated_users=1 | objective=30.123840 | sum_rate=26.194643 | r_p=0.114520 | r_c=0.145475 | r_s=0.007035 | status=running
[DL Convergence] | phase=optimize | block=4 | epoch=470/500 | active_users=2 | updated_users=1 | objective=30.131571 | sum_rate=26.201366 | r_p=0.136797 | r_c=0.175049 | r_s=0.003839 | status=running
[DL Convergence] | phase=optimize | block=4 | epoch=475/500 | active_users=2 | updated_users=1 | objective=30.127386 | sum_rate=26.197727 | r_p=0.202688 | r_c=0.250255 | r_s=0.004654 | status=running
[DL Convergence] | phase=optimize | block=4 | epoch=480/500 | active_users=2 | updated_users=1 | objective=30.122206 | sum_rate=26.193222 | r_p=0.216156 | r_c=0.277492 | r_s=0.006995 | status=running
[DL Convergence] | phase=optimize | block=4 | epoch=485/500 | active_users=2 | updated_users=1 | objective=30.129839 | sum_rate=26.199860 | r_p=0.045242 | r_c=0.058554 | r_s=0.006465 | status=running
[DL Convergence] | phase=optimize | block=4 | epoch=490/500 | active_users=2 | updated_users=1 | objective=30.126217 | sum_rate=26.196711 | r_p=0.202368 | r_c=0.252588 | r_s=0.003868 | status=running
[DL Convergence] | phase=optimize | block=4 | epoch=495/500 | active_users=2 | updated_users=1 | objective=30.125072 | sum_rate=26.195715 | r_p=0.219083 | r_c=0.284381 | r_s=0.006125 | status=running
[DL Convergence] | phase=optimize | block=4 | epoch=500/500 | active_users=2 | updated_users=1 | objective=30.125996 | sum_rate=26.196518 | r_p=0.123164 | r_c=0.154265 | r_s=0.006789 | status=running
  user=01 block=04 candidate n_kl=  28 after updating users [1] still leaves committed users infeasible [1] after re-optimization; stopping further n_kl reduction for this user in this block.
[DL Convergence Allocation] | user=0 | block=4 | status=zero_service | target_bits=200 | n_kl=50
[DL Convergence Allocation] | user=1 | block=4 | target_bits=400 | served_bits=400 | unserved_bits=0 | n_kl=29 | achieved_rate=14.257509 | status=full
[DL Convergence Allocation] | user=2 | block=4 | target_bits=600 | served_bits=600 | unserved_bits=0 | n_kl=50 | achieved_rate=12.001147 | status=full
[DL Convergence Block] | block=4 | status=complete | served_bits=1000 | unserved_bits=200
Saved downlink results to: C:\All Codes\Taiwan_Internship\UL_UPLINK_DOWNLINK_MONTE_CARLO\Results\Downlink\Method-Convergence per epoch\conv_blend_user_net__dl_fixed_block_targets_sweep_20260704_210305_conv_upd_net_loss_aug_obj_blend_scope_user__s3\testing
Mirrored downlink convergence scenario results to: C:\All Codes\Taiwan_Internship\UL_UPLINK_DOWNLINK_MONTE_CARLO\Results\Downlink\Scenario-Fixed block targets\Convergence per epoch\conv_blend_user_net__dl_fixed_block_targets_sweep_20260704_210305_conv_upd_net_loss_aug_obj_blend_scope_user__s3
Saved downlink convergence method results to: C:\All Codes\Taiwan_Internship\UL_UPLINK_DOWNLINK_MONTE_CARLO\Results\Downlink\Method-Convergence per epoch\conv_blend_user_net__dl_fixed_block_targets_sweep_20260704_210305_conv_upd_net_loss_aug_obj_blend_scope_user__s3
