[DL Initial Baseline] | seed=3 | scenario=payload_completion | method=convergence | users=3 | initial_total_latency=0.305000 | initial_avg_latency=0.101667 | initial_min_latency=0.069867 | initial_max_latency=0.135667
[DL Convergence Block] | block=0 | active_users=3 | remaining_bits=6000 | objective=blended_network_rate
    weight_strategy=remaining_bits | user_weights: u0=0.500, u1=0.750, u2=1.000
[DL Convergence] | phase=optimize | block=0 | epoch=1/500 | active_users=3 | updated_users=3 | objective=6.401553 | sum_rate=5.725248 | r_p=34.964859 | r_c=3.496486 | r_s=1.165910 | status=running
[DL Convergence] | phase=optimize | block=0 | epoch=5/500 | active_users=3 | updated_users=3 | objective=23.720774 | sum_rate=21.237358 | r_p=29.607307 | r_c=41.514084 | r_s=0.167559 | status=running
[DL Convergence] | phase=optimize | block=0 | epoch=10/500 | active_users=3 | updated_users=3 | objective=31.063065 | sum_rate=27.779636 | r_p=25.983377 | r_c=72.558158 | r_s=0.083289 | status=running
[DL Convergence] | phase=optimize | block=0 | epoch=15/500 | active_users=3 | updated_users=3 | objective=33.550369 | sum_rate=29.995064 | r_p=24.986010 | r_c=101.620019 | r_s=0.061802 | status=running
[DL Convergence] | phase=optimize | block=0 | epoch=20/500 | active_users=3 | updated_users=3 | objective=35.191647 | sum_rate=31.472176 | r_p=24.654148 | r_c=130.793656 | r_s=0.042404 | status=running
[DL Convergence] | phase=optimize | block=0 | epoch=25/500 | active_users=3 | updated_users=3 | objective=36.453876 | sum_rate=32.606270 | r_p=24.614939 | r_c=160.861074 | r_s=0.034812 | status=running
[DL Convergence] | phase=optimize | block=0 | epoch=30/500 | active_users=3 | updated_users=3 | objective=38.243248 | sum_rate=34.213905 | r_p=24.713142 | r_c=191.929065 | r_s=0.035693 | status=running
[DL Convergence] | phase=optimize | block=0 | epoch=35/500 | active_users=3 | updated_users=3 | objective=38.438961 | sum_rate=34.395226 | r_p=24.905790 | r_c=224.332740 | r_s=0.019711 | status=running
[DL Convergence] | phase=optimize | block=0 | epoch=40/500 | active_users=3 | updated_users=3 | objective=38.853954 | sum_rate=34.766491 | r_p=24.772284 | r_c=253.915823 | r_s=0.018593 | status=running
[DL Convergence] | phase=optimize | block=0 | epoch=45/500 | active_users=3 | updated_users=3 | objective=38.910004 | sum_rate=34.809853 | r_p=24.674435 | r_c=283.414640 | r_s=0.014726 | status=running
[DL Convergence] | phase=optimize | block=0 | epoch=50/500 | active_users=3 | updated_users=3 | objective=39.062809 | sum_rate=34.948647 | r_p=24.626545 | r_c=313.222101 | r_s=0.014044 | status=running
[DL Convergence] | phase=optimize | block=0 | epoch=55/500 | active_users=3 | updated_users=3 | objective=39.149353 | sum_rate=35.028023 | r_p=24.572792 | r_c=342.775923 | r_s=0.010596 | status=running
[DL Convergence] | phase=optimize | block=0 | epoch=60/500 | active_users=3 | updated_users=3 | objective=39.162167 | sum_rate=35.036243 | r_p=24.514023 | r_c=372.042572 | r_s=0.008134 | status=running
[DL Convergence] | phase=optimize | block=0 | epoch=65/500 | active_users=3 | updated_users=3 | objective=39.191727 | sum_rate=35.063385 | r_p=24.507538 | r_c=401.976582 | r_s=0.006390 | status=running
[DL Convergence] | phase=optimize | block=0 | epoch=70/500 | active_users=3 | updated_users=3 | objective=39.215515 | sum_rate=35.085903 | r_p=24.521975 | r_c=432.268337 | r_s=0.005251 | status=running
[DL Convergence] | phase=optimize | block=0 | epoch=75/500 | active_users=3 | updated_users=3 | objective=39.206234 | sum_rate=35.075829 | r_p=24.517191 | r_c=462.244693 | r_s=0.004674 | status=running
[DL Convergence] | phase=optimize | block=0 | epoch=80/500 | active_users=3 | updated_users=3 | objective=39.201317 | sum_rate=35.070663 | r_p=24.510796 | r_c=492.165519 | r_s=0.003857 | status=running
[DL Convergence] | phase=optimize | block=0 | epoch=85/500 | active_users=3 | updated_users=3 | objective=39.203014 | sum_rate=35.072197 | r_p=24.517618 | r_c=522.353932 | r_s=0.002815 | status=running
[DL Convergence] | phase=optimize | block=0 | epoch=90/500 | active_users=3 | updated_users=3 | objective=39.203236 | sum_rate=35.072067 | r_p=24.506378 | r_c=552.151977 | r_s=0.002212 | status=running
[DL Convergence] | phase=optimize | block=0 | epoch=95/500 | active_users=3 | updated_users=3 | objective=39.202709 | sum_rate=35.071426 | r_p=24.502686 | r_c=582.089311 | r_s=0.001705 | status=running
[DL Convergence] | phase=optimize | block=0 | epoch=100/500 | active_users=3 | updated_users=3 | objective=39.206516 | sum_rate=35.075127 | r_p=24.501713 | r_c=612.083874 | r_s=0.001444 | status=running
[DL Convergence] | phase=optimize | block=0 | epoch=105/500 | active_users=3 | updated_users=3 | objective=39.203171 | sum_rate=35.071735 | r_p=24.497807 | r_c=641.995991 | r_s=0.001007 | status=running
[DL Convergence] | phase=optimize | block=0 | epoch=110/500 | active_users=3 | updated_users=3 | objective=39.204174 | sum_rate=35.072742 | r_p=24.500736 | r_c=672.084260 | r_s=8.529394e-04 | status=running
[DL Convergence] | phase=optimize | block=0 | epoch=115/500 | active_users=3 | updated_users=3 | objective=39.202240 | sum_rate=35.070816 | r_p=24.500418 | r_c=702.089937 | r_s=7.862025e-04 | status=running
[DL Convergence] | phase=optimize | block=0 | epoch=120/500 | active_users=3 | updated_users=3 | objective=39.200245 | sum_rate=35.068817 | r_p=24.498484 | r_c=732.044550 | r_s=5.988232e-04 | status=stationary_infeasible
  user=00 block=00 serves partial bits at n=T; not reducing n_kl.
  user=01 block=00 serves partial bits at n=T; not reducing n_kl.
  user=02 block=00 serves partial bits at n=T; not reducing n_kl.
[DL Convergence Allocation] | user=0 | block=0 | served_bits=402 | n_kl=50 | required_rate=8.040000 | achieved_rate=8.044373 | rate_margin=0.004373
[DL Convergence Allocation] | user=1 | block=0 | served_bits=841 | n_kl=60 | required_rate=14.016667 | achieved_rate=14.024523 | rate_margin=0.007856
[DL Convergence Allocation] | user=2 | block=0 | served_bits=1040 | n_kl=80 | required_rate=13.000000 | achieved_rate=13.002313 | rate_margin=0.002313
[DL Convergence Block] | block=0 | status=complete | allocated_bits=2283 | remaining_bits=3717
[DL Convergence Block] | block=1 | active_users=3 | remaining_bits=3717 | objective=blended_network_rate
    weight_strategy=remaining_bits | user_weights: u0=0.479, u1=0.693, u2=1.000
[DL Convergence] | phase=optimize | block=1 | epoch=1/500 | active_users=3 | updated_users=3 | objective=7.165699 | sum_rate=6.435054 | r_p=22.378216 | r_c=2.237822 | r_s=0.065412 | status=running
[DL Convergence] | phase=optimize | block=1 | epoch=5/500 | active_users=3 | updated_users=3 | objective=17.823475 | sum_rate=15.920057 | r_p=17.780436 | r_c=16.599228 | r_s=0.169932 | status=running
[DL Convergence] | phase=optimize | block=1 | epoch=10/500 | active_users=3 | updated_users=3 | objective=23.852676 | sum_rate=21.304974 | r_p=15.215367 | r_c=26.833631 | r_s=0.089619 | status=running
[DL Convergence] | phase=optimize | block=1 | epoch=15/500 | active_users=3 | updated_users=3 | objective=27.582699 | sum_rate=24.652590 | r_p=13.565096 | r_c=33.768900 | r_s=0.074318 | status=running
[DL Convergence] | phase=optimize | block=1 | epoch=20/500 | active_users=3 | updated_users=3 | objective=30.793949 | sum_rate=27.542261 | r_p=11.926906 | r_c=37.435641 | r_s=0.066242 | status=running
[DL Convergence] | phase=optimize | block=1 | epoch=25/500 | active_users=3 | updated_users=3 | objective=32.533470 | sum_rate=29.071110 | r_p=10.549650 | r_c=39.033674 | r_s=0.047437 | status=running
[DL Convergence] | phase=optimize | block=1 | epoch=30/500 | active_users=3 | updated_users=3 | objective=33.994843 | sum_rate=30.348642 | r_p=10.271479 | r_c=39.823537 | r_s=0.037006 | status=running
[DL Convergence] | phase=optimize | block=1 | epoch=35/500 | active_users=3 | updated_users=3 | objective=35.200214 | sum_rate=31.408388 | r_p=10.249237 | r_c=40.008275 | r_s=0.031658 | status=running
[DL Convergence] | phase=optimize | block=1 | epoch=40/500 | active_users=3 | updated_users=3 | objective=35.486755 | sum_rate=31.659721 | r_p=10.178290 | r_c=43.751907 | r_s=0.018652 | status=running
[DL Convergence] | phase=optimize | block=1 | epoch=45/500 | active_users=3 | updated_users=3 | objective=35.786991 | sum_rate=31.930635 | r_p=10.038364 | r_c=48.232815 | r_s=0.016185 | status=running
[DL Convergence] | phase=optimize | block=1 | epoch=50/500 | active_users=3 | updated_users=3 | objective=35.924927 | sum_rate=32.057888 | r_p=9.887055 | r_c=52.438657 | r_s=0.013667 | status=running
[DL Convergence] | phase=optimize | block=1 | epoch=55/500 | active_users=3 | updated_users=3 | objective=36.094097 | sum_rate=32.212948 | r_p=9.762084 | r_c=56.575646 | r_s=0.011987 | status=running
[DL Convergence] | phase=optimize | block=1 | epoch=60/500 | active_users=3 | updated_users=3 | objective=36.277824 | sum_rate=32.379528 | r_p=9.672450 | r_c=60.758930 | r_s=0.013282 | status=running
[DL Convergence] | phase=optimize | block=1 | epoch=65/500 | active_users=3 | updated_users=3 | objective=36.456219 | sum_rate=32.541492 | r_p=9.586780 | r_c=64.841163 | r_s=0.014387 | status=running
[DL Convergence] | phase=optimize | block=1 | epoch=70/500 | active_users=3 | updated_users=3 | objective=36.643387 | sum_rate=32.711559 | r_p=9.492305 | r_c=68.734791 | r_s=0.015388 | status=running
[DL Convergence] | phase=optimize | block=1 | epoch=75/500 | active_users=3 | updated_users=3 | objective=36.813225 | sum_rate=32.865677 | r_p=9.380589 | r_c=72.357393 | r_s=0.015972 | status=running
[DL Convergence] | phase=optimize | block=1 | epoch=80/500 | active_users=3 | updated_users=3 | objective=36.964718 | sum_rate=33.003891 | r_p=9.260616 | r_c=75.753413 | r_s=0.015626 | status=running
[DL Convergence] | phase=optimize | block=1 | epoch=85/500 | active_users=3 | updated_users=3 | objective=37.099201 | sum_rate=33.127457 | r_p=9.141099 | r_c=78.986701 | r_s=0.015005 | status=running
[DL Convergence] | phase=optimize | block=1 | epoch=90/500 | active_users=3 | updated_users=3 | objective=37.227867 | sum_rate=33.247108 | r_p=8.993549 | r_c=81.797657 | r_s=0.014308 | status=running
[DL Convergence] | phase=optimize | block=1 | epoch=95/500 | active_users=3 | updated_users=3 | objective=37.404892 | sum_rate=33.412201 | r_p=8.723465 | r_c=83.224935 | r_s=0.014730 | status=running
[DL Convergence] | phase=optimize | block=1 | epoch=100/500 | active_users=3 | updated_users=3 | objective=37.988487 | sum_rate=33.950661 | r_p=8.770454 | r_c=88.589307 | r_s=0.020596 | status=running
[DL Convergence] | phase=optimize | block=1 | epoch=105/500 | active_users=3 | updated_users=3 | objective=39.093353 | sum_rate=34.971691 | r_p=9.366731 | r_c=98.829917 | r_s=0.025859 | status=running
[DL Convergence] | phase=optimize | block=1 | epoch=110/500 | active_users=3 | updated_users=3 | objective=39.313438 | sum_rate=35.163544 | r_p=9.237648 | r_c=101.792299 | r_s=0.019319 | status=running
[DL Convergence] | phase=optimize | block=1 | epoch=115/500 | active_users=3 | updated_users=3 | objective=39.333302 | sum_rate=35.172764 | r_p=9.038035 | r_c=103.718553 | r_s=0.013924 | status=running
[DL Convergence] | phase=optimize | block=1 | epoch=120/500 | active_users=3 | updated_users=3 | objective=39.427322 | sum_rate=35.259857 | r_p=9.052468 | r_c=107.977728 | r_s=0.009593 | status=running
[DL Convergence] | phase=optimize | block=1 | epoch=125/500 | active_users=3 | updated_users=3 | objective=39.459324 | sum_rate=35.288731 | r_p=9.024028 | r_c=111.720566 | r_s=0.007658 | status=running
[DL Convergence] | phase=optimize | block=1 | epoch=130/500 | active_users=3 | updated_users=3 | objective=39.491425 | sum_rate=35.317162 | r_p=8.980219 | r_c=115.220756 | r_s=0.006696 | status=running
[DL Convergence] | phase=optimize | block=1 | epoch=135/500 | active_users=3 | updated_users=3 | objective=39.513283 | sum_rate=35.336319 | r_p=8.961641 | r_c=119.001943 | r_s=0.005708 | status=running
[DL Convergence] | phase=optimize | block=1 | epoch=140/500 | active_users=3 | updated_users=3 | objective=39.523930 | sum_rate=35.346664 | r_p=8.965665 | r_c=123.072779 | r_s=0.004072 | status=running
[DL Convergence] | phase=optimize | block=1 | epoch=145/500 | active_users=3 | updated_users=3 | objective=39.531349 | sum_rate=35.354233 | r_p=8.984679 | r_c=127.365132 | r_s=0.003436 | status=running
[DL Convergence] | phase=optimize | block=1 | epoch=150/500 | active_users=3 | updated_users=3 | objective=39.532673 | sum_rate=35.355103 | r_p=8.981260 | r_c=131.351552 | r_s=0.002263 | status=running
[DL Convergence] | phase=optimize | block=1 | epoch=155/500 | active_users=3 | updated_users=3 | objective=39.531357 | sum_rate=35.353210 | r_p=8.966838 | r_c=135.164822 | r_s=0.002190 | status=running
[DL Convergence] | phase=optimize | block=1 | epoch=160/500 | active_users=3 | updated_users=3 | objective=39.529720 | sum_rate=35.351173 | r_p=8.952991 | r_c=138.967388 | r_s=0.001522 | status=running
[DL Convergence] | phase=optimize | block=1 | epoch=165/500 | active_users=3 | updated_users=3 | objective=39.530167 | sum_rate=35.351395 | r_p=8.945339 | r_c=142.851490 | r_s=0.001319 | status=running
[DL Convergence] | phase=optimize | block=1 | epoch=170/500 | active_users=3 | updated_users=3 | objective=39.529274 | sum_rate=35.350273 | r_p=8.936507 | r_c=146.706090 | r_s=0.001063 | status=running
[DL Convergence] | phase=optimize | block=1 | epoch=175/500 | active_users=3 | updated_users=3 | objective=39.529385 | sum_rate=35.350246 | r_p=8.929805 | r_c=150.584581 | r_s=8.514481e-04 | status=running
[DL Convergence] | phase=optimize | block=1 | epoch=180/500 | active_users=3 | updated_users=3 | objective=39.529396 | sum_rate=35.350216 | r_p=8.928669 | r_c=154.551776 | r_s=6.432506e-04 | status=running
[DL Convergence] | phase=optimize | block=1 | epoch=183/500 | active_users=3 | updated_users=3 | objective=39.529079 | sum_rate=35.349846 | r_p=8.926660 | r_c=156.907935 | r_s=5.779354e-04 | status=stationary_infeasible
  user=00 block=01 serves partial bits at n=T; not reducing n_kl.
  user=01 block=01 serves partial bits at n=T; not reducing n_kl.
  user=02 block=01 serves partial bits at n=T; not reducing n_kl.
[DL Convergence Allocation] | user=0 | block=1 | served_bits=339 | n_kl=50 | required_rate=6.780000 | achieved_rate=6.793483 | rate_margin=0.013483
[DL Convergence Allocation] | user=1 | block=1 | served_bits=648 | n_kl=60 | required_rate=10.800000 | achieved_rate=10.811387 | rate_margin=0.011387
[DL Convergence Allocation] | user=2 | block=1 | served_bits=1274 | n_kl=80 | required_rate=15.925000 | achieved_rate=15.933142 | rate_margin=0.008142
[DL Convergence Block] | block=1 | status=complete | allocated_bits=2261 | remaining_bits=1456
[DL Convergence Block] | block=2 | active_users=3 | remaining_bits=1456 | objective=blended_network_rate
    weight_strategy=remaining_bits | user_weights: u0=0.533, u1=0.809, u2=1.000
[DL Convergence] | phase=optimize | block=2 | epoch=1/500 | active_users=3 | updated_users=3 | objective=3.559812 | sum_rate=3.142982 | r_p=7.315593 | r_c=0.731559 | r_s=0.021284 | status=running
[DL Convergence] | phase=optimize | block=2 | epoch=5/500 | active_users=3 | updated_users=3 | objective=7.565431 | sum_rate=6.694936 | r_p=6.033983 | r_c=2.289829 | r_s=0.089324 | status=running
[DL Convergence] | phase=optimize | block=2 | epoch=10/500 | active_users=3 | updated_users=3 | objective=17.143764 | sum_rate=15.224867 | r_p=2.497595 | r_c=1.320912 | r_s=0.149405 | status=running
[DL Convergence] | phase=optimize | block=2 | epoch=15/500 | active_users=3 | updated_users=3 | objective=23.098192 | sum_rate=20.527328 | r_p=1.487407 | r_c=0.890169 | r_s=0.084579 | status=running
[DL Convergence] | phase=optimize | block=2 | epoch=20/500 | active_users=3 | updated_users=3 | objective=26.066374 | sum_rate=23.178394 | r_p=0.869087 | r_c=0.572062 | r_s=0.051165 | status=running
[DL Convergence] | phase=optimize | block=2 | epoch=25/500 | active_users=3 | updated_users=3 | objective=28.879366 | sum_rate=25.699697 | r_p=0.511154 | r_c=0.354763 | r_s=0.037689 | status=running
[DL Convergence] | phase=optimize | block=2 | epoch=30/500 | active_users=3 | updated_users=3 | objective=30.379574 | sum_rate=27.048534 | r_p=0.287912 | r_c=0.205829 | r_s=0.029979 | status=running
[DL Convergence] | phase=optimize | block=2 | epoch=35/500 | active_users=3 | updated_users=3 | objective=31.213140 | sum_rate=27.798859 | r_p=0.111404 | r_c=0.080844 | r_s=0.023982 | status=running
[DL Convergence] | phase=optimize | block=2 | epoch=40/500 | active_users=3 | updated_users=3 | objective=31.954153 | sum_rate=28.463974 | r_p=0.000000 | r_c=0.000000 | r_s=0.020360 | status=running
[DL Convergence] | phase=optimize | block=2 | epoch=45/500 | active_users=3 | updated_users=3 | objective=32.773033 | sum_rate=29.198072 | r_p=0.000000 | r_c=0.000000 | r_s=0.020107 | status=running
[DL Convergence] | phase=optimize | block=2 | epoch=50/500 | active_users=3 | updated_users=3 | objective=34.217922 | sum_rate=30.496727 | r_p=0.000000 | r_c=0.000000 | r_s=0.025837 | status=running
[DL Convergence] | phase=optimize | block=2 | epoch=55/500 | active_users=3 | updated_users=3 | objective=36.194191 | sum_rate=32.286949 | r_p=0.000000 | r_c=0.000000 | r_s=0.030288 | status=running
[DL Convergence] | phase=optimize | block=2 | epoch=60/500 | active_users=3 | updated_users=3 | objective=37.307137 | sum_rate=33.288807 | r_p=0.000000 | r_c=0.000000 | r_s=0.027640 | status=running
[DL Convergence] | phase=optimize | block=2 | epoch=65/500 | active_users=3 | updated_users=3 | objective=37.926899 | sum_rate=33.836895 | r_p=0.000000 | r_c=0.000000 | r_s=0.022093 | status=running
[DL Convergence] | phase=optimize | block=2 | epoch=70/500 | active_users=3 | updated_users=3 | objective=38.341045 | sum_rate=34.200474 | r_p=0.000000 | r_c=0.000000 | r_s=0.015624 | status=running
[DL Convergence] | phase=optimize | block=2 | epoch=75/500 | active_users=3 | updated_users=3 | objective=38.494888 | sum_rate=34.335300 | r_p=0.000000 | r_c=0.000000 | r_s=0.012349 | status=running
[DL Convergence] | phase=optimize | block=2 | epoch=80/500 | active_users=3 | updated_users=3 | objective=38.617043 | sum_rate=34.447556 | r_p=0.000000 | r_c=0.000000 | r_s=0.008527 | status=running
[DL Convergence] | phase=optimize | block=2 | epoch=85/500 | active_users=3 | updated_users=3 | objective=38.661037 | sum_rate=34.486500 | r_p=0.000000 | r_c=0.000000 | r_s=0.005684 | status=running
[DL Convergence] | phase=optimize | block=2 | epoch=90/500 | active_users=3 | updated_users=3 | objective=38.725384 | sum_rate=34.540768 | r_p=0.000000 | r_c=0.000000 | r_s=0.005358 | status=running
[DL Convergence] | phase=optimize | block=2 | epoch=95/500 | active_users=3 | updated_users=3 | objective=38.764114 | sum_rate=34.572536 | r_p=0.000000 | r_c=0.000000 | r_s=0.005055 | status=running
[DL Convergence] | phase=optimize | block=2 | epoch=100/500 | active_users=3 | updated_users=3 | objective=38.804966 | sum_rate=34.608913 | r_p=0.000000 | r_c=0.000000 | r_s=0.004481 | status=running
[DL Convergence] | phase=optimize | block=2 | epoch=105/500 | active_users=3 | updated_users=3 | objective=38.834087 | sum_rate=34.635643 | r_p=0.000000 | r_c=0.000000 | r_s=0.004001 | status=running
[DL Convergence] | phase=optimize | block=2 | epoch=110/500 | active_users=3 | updated_users=3 | objective=38.859753 | sum_rate=34.659058 | r_p=0.000000 | r_c=0.000000 | r_s=0.003684 | status=running
[DL Convergence] | phase=optimize | block=2 | epoch=115/500 | active_users=3 | updated_users=3 | objective=38.882153 | sum_rate=34.679115 | r_p=0.000000 | r_c=0.000000 | r_s=0.003564 | status=running
[DL Convergence] | phase=optimize | block=2 | epoch=120/500 | active_users=3 | updated_users=3 | objective=38.901951 | sum_rate=34.697380 | r_p=0.000000 | r_c=0.000000 | r_s=0.003476 | status=running
[DL Convergence] | phase=optimize | block=2 | epoch=125/500 | active_users=3 | updated_users=3 | objective=38.920750 | sum_rate=34.714939 | r_p=0.000000 | r_c=0.000000 | r_s=0.003342 | status=running
[DL Convergence] | phase=optimize | block=2 | epoch=130/500 | active_users=3 | updated_users=3 | objective=38.938431 | sum_rate=34.731281 | r_p=0.000000 | r_c=0.000000 | r_s=0.003187 | status=running
[DL Convergence] | phase=optimize | block=2 | epoch=135/500 | active_users=3 | updated_users=3 | objective=38.955372 | sum_rate=34.746765 | r_p=0.000000 | r_c=0.000000 | r_s=0.003120 | status=running
[DL Convergence] | phase=optimize | block=2 | epoch=140/500 | active_users=3 | updated_users=3 | objective=38.971699 | sum_rate=34.761650 | r_p=0.000000 | r_c=0.000000 | r_s=0.003077 | status=running
[DL Convergence] | phase=optimize | block=2 | epoch=145/500 | active_users=3 | updated_users=3 | objective=38.987537 | sum_rate=34.776138 | r_p=0.000000 | r_c=0.000000 | r_s=0.003028 | status=running
[DL Convergence] | phase=optimize | block=2 | epoch=150/500 | active_users=3 | updated_users=3 | objective=39.002911 | sum_rate=34.790127 | r_p=0.000000 | r_c=0.000000 | r_s=0.002947 | status=running
[DL Convergence] | phase=optimize | block=2 | epoch=155/500 | active_users=3 | updated_users=3 | objective=39.017891 | sum_rate=34.803719 | r_p=0.000000 | r_c=0.000000 | r_s=0.002904 | status=running
[DL Convergence] | phase=optimize | block=2 | epoch=160/500 | active_users=3 | updated_users=3 | objective=39.032543 | sum_rate=34.817089 | r_p=0.000000 | r_c=0.000000 | r_s=0.002878 | status=running
[DL Convergence] | phase=optimize | block=2 | epoch=165/500 | active_users=3 | updated_users=3 | objective=39.046917 | sum_rate=34.830261 | r_p=0.000000 | r_c=0.000000 | r_s=0.002861 | status=running
[DL Convergence] | phase=optimize | block=2 | epoch=170/500 | active_users=3 | updated_users=3 | objective=39.061066 | sum_rate=34.843243 | r_p=0.000000 | r_c=0.000000 | r_s=0.002836 | status=running
[DL Convergence] | phase=optimize | block=2 | epoch=175/500 | active_users=3 | updated_users=3 | objective=39.075024 | sum_rate=34.856087 | r_p=0.000000 | r_c=0.000000 | r_s=0.002822 | status=running
[DL Convergence] | phase=optimize | block=2 | epoch=180/500 | active_users=3 | updated_users=3 | objective=39.088776 | sum_rate=34.868782 | r_p=0.000000 | r_c=0.000000 | r_s=0.002811 | status=running
[DL Convergence] | phase=optimize | block=2 | epoch=185/500 | active_users=3 | updated_users=3 | objective=39.102367 | sum_rate=34.881351 | r_p=0.000000 | r_c=0.000000 | r_s=0.002799 | status=running
[DL Convergence] | phase=optimize | block=2 | epoch=190/500 | active_users=3 | updated_users=3 | objective=39.115788 | sum_rate=34.893764 | r_p=0.000000 | r_c=0.000000 | r_s=0.002790 | status=running
[DL Convergence] | phase=optimize | block=2 | epoch=195/500 | active_users=3 | updated_users=3 | objective=39.129051 | sum_rate=34.906044 | r_p=0.000000 | r_c=0.000000 | r_s=0.002782 | status=running
[DL Convergence] | phase=optimize | block=2 | epoch=200/500 | active_users=3 | updated_users=3 | objective=39.142151 | sum_rate=34.918198 | r_p=0.000000 | r_c=0.000000 | r_s=0.002793 | status=running
[DL Convergence] | phase=optimize | block=2 | epoch=205/500 | active_users=3 | updated_users=3 | objective=39.155109 | sum_rate=34.930237 | r_p=0.000000 | r_c=0.000000 | r_s=0.002826 | status=running
[DL Convergence] | phase=optimize | block=2 | epoch=210/500 | active_users=3 | updated_users=3 | objective=39.167915 | sum_rate=34.942150 | r_p=0.000000 | r_c=0.000000 | r_s=0.002864 | status=running
[DL Convergence] | phase=optimize | block=2 | epoch=215/500 | active_users=3 | updated_users=3 | objective=39.180534 | sum_rate=34.953926 | r_p=0.000000 | r_c=0.000000 | r_s=0.002886 | status=running
[DL Convergence] | phase=optimize | block=2 | epoch=220/500 | active_users=3 | updated_users=3 | objective=39.192978 | sum_rate=34.965561 | r_p=0.000000 | r_c=0.000000 | r_s=0.002919 | status=running
[DL Convergence] | phase=optimize | block=2 | epoch=225/500 | active_users=3 | updated_users=3 | objective=39.205250 | sum_rate=34.977058 | r_p=0.000000 | r_c=0.000000 | r_s=0.002959 | status=running
[DL Convergence] | phase=optimize | block=2 | epoch=230/500 | active_users=3 | updated_users=3 | objective=39.217323 | sum_rate=34.988396 | r_p=0.000000 | r_c=0.000000 | r_s=0.002982 | status=running
[DL Convergence] | phase=optimize | block=2 | epoch=235/500 | active_users=3 | updated_users=3 | objective=39.229294 | sum_rate=34.999668 | r_p=0.000000 | r_c=0.000000 | r_s=0.003065 | status=running
[DL Convergence] | phase=optimize | block=2 | epoch=240/500 | active_users=3 | updated_users=3 | objective=39.241127 | sum_rate=35.010803 | r_p=0.000000 | r_c=0.000000 | r_s=0.003075 | status=running
[DL Convergence] | phase=optimize | block=2 | epoch=245/500 | active_users=3 | updated_users=3 | objective=39.252811 | sum_rate=35.021843 | r_p=0.000000 | r_c=0.000000 | r_s=0.003100 | status=running
[DL Convergence] | phase=optimize | block=2 | epoch=250/500 | active_users=3 | updated_users=3 | objective=39.264233 | sum_rate=35.032661 | r_p=0.000000 | r_c=0.000000 | r_s=0.003129 | status=running
[DL Convergence] | phase=optimize | block=2 | epoch=255/500 | active_users=3 | updated_users=3 | objective=39.275513 | sum_rate=35.043377 | r_p=0.000000 | r_c=0.000000 | r_s=0.003194 | status=running
[DL Convergence] | phase=optimize | block=2 | epoch=260/500 | active_users=3 | updated_users=3 | objective=39.286896 | sum_rate=35.054256 | r_p=0.000000 | r_c=0.000000 | r_s=0.003266 | status=running
[DL Convergence] | phase=optimize | block=2 | epoch=265/500 | active_users=3 | updated_users=3 | objective=39.298092 | sum_rate=35.064941 | r_p=0.000000 | r_c=0.000000 | r_s=0.003271 | status=running
[DL Convergence] | phase=optimize | block=2 | epoch=270/500 | active_users=3 | updated_users=3 | objective=39.309158 | sum_rate=35.075546 | r_p=0.000000 | r_c=0.000000 | r_s=0.003311 | status=running
[DL Convergence] | phase=optimize | block=2 | epoch=275/500 | active_users=3 | updated_users=3 | objective=39.320175 | sum_rate=35.086170 | r_p=0.000000 | r_c=0.000000 | r_s=0.003329 | status=running
[DL Convergence] | phase=optimize | block=2 | epoch=280/500 | active_users=3 | updated_users=3 | objective=39.331081 | sum_rate=35.096695 | r_p=0.000000 | r_c=0.000000 | r_s=0.003384 | status=running
[DL Convergence] | phase=optimize | block=2 | epoch=285/500 | active_users=3 | updated_users=3 | objective=39.341915 | sum_rate=35.107182 | r_p=0.000000 | r_c=0.000000 | r_s=0.003435 | status=running
[DL Convergence] | phase=optimize | block=2 | epoch=290/500 | active_users=3 | updated_users=3 | objective=39.352707 | sum_rate=35.117668 | r_p=0.000000 | r_c=0.000000 | r_s=0.003486 | status=running
[DL Convergence] | phase=optimize | block=2 | epoch=295/500 | active_users=3 | updated_users=3 | objective=39.363510 | sum_rate=35.128193 | r_p=0.000000 | r_c=0.000000 | r_s=0.003539 | status=running
[DL Convergence] | phase=optimize | block=2 | epoch=300/500 | active_users=3 | updated_users=3 | objective=39.374268 | sum_rate=35.138714 | r_p=0.000000 | r_c=0.000000 | r_s=0.003594 | status=running
[DL Convergence] | phase=optimize | block=2 | epoch=305/500 | active_users=3 | updated_users=3 | objective=39.385017 | sum_rate=35.149258 | r_p=0.000000 | r_c=0.000000 | r_s=0.003651 | status=running
[DL Convergence] | phase=optimize | block=2 | epoch=310/500 | active_users=3 | updated_users=3 | objective=39.394527 | sum_rate=35.158741 | r_p=0.000000 | r_c=0.000000 | r_s=0.005247 | status=running
[DL Convergence] | phase=optimize | block=2 | epoch=315/500 | active_users=3 | updated_users=3 | objective=39.406357 | sum_rate=35.170277 | r_p=0.000000 | r_c=0.000000 | r_s=0.003842 | status=running
[DL Convergence] | phase=optimize | block=2 | epoch=320/500 | active_users=3 | updated_users=3 | objective=39.417259 | sum_rate=35.181072 | r_p=0.000000 | r_c=0.000000 | r_s=0.003836 | status=running
[DL Convergence] | phase=optimize | block=2 | epoch=325/500 | active_users=3 | updated_users=3 | objective=39.428200 | sum_rate=35.191933 | r_p=0.000000 | r_c=0.000000 | r_s=0.003907 | status=running
[DL Convergence] | phase=optimize | block=2 | epoch=330/500 | active_users=3 | updated_users=3 | objective=39.439102 | sum_rate=35.202770 | r_p=0.000000 | r_c=0.000000 | r_s=0.003987 | status=running
[DL Convergence] | phase=optimize | block=2 | epoch=335/500 | active_users=3 | updated_users=3 | objective=39.449989 | sum_rate=35.213665 | r_p=0.000000 | r_c=0.000000 | r_s=0.004049 | status=running
[DL Convergence] | phase=optimize | block=2 | epoch=340/500 | active_users=3 | updated_users=3 | objective=39.460819 | sum_rate=35.224491 | r_p=0.000000 | r_c=0.000000 | r_s=0.004100 | status=running
[DL Convergence] | phase=optimize | block=2 | epoch=345/500 | active_users=3 | updated_users=3 | objective=39.471615 | sum_rate=35.235332 | r_p=0.000000 | r_c=0.000000 | r_s=0.004166 | status=running
[DL Convergence] | phase=optimize | block=2 | epoch=350/500 | active_users=3 | updated_users=3 | objective=39.481926 | sum_rate=35.245789 | r_p=0.000000 | r_c=0.000000 | r_s=0.004205 | status=running
[DL Convergence] | phase=optimize | block=2 | epoch=355/500 | active_users=3 | updated_users=3 | objective=39.492764 | sum_rate=35.256668 | r_p=0.000000 | r_c=0.000000 | r_s=0.004303 | status=running
[DL Convergence] | phase=optimize | block=2 | epoch=360/500 | active_users=3 | updated_users=3 | objective=39.503098 | sum_rate=35.267109 | r_p=0.000000 | r_c=0.000000 | r_s=0.004342 | status=running
[DL Convergence] | phase=optimize | block=2 | epoch=365/500 | active_users=3 | updated_users=3 | objective=39.512249 | sum_rate=35.276386 | r_p=0.000000 | r_c=0.000000 | r_s=0.005335 | status=running
[DL Convergence] | phase=optimize | block=2 | epoch=370/500 | active_users=3 | updated_users=3 | objective=39.522568 | sum_rate=35.286915 | r_p=0.000000 | r_c=0.000000 | r_s=0.004913 | status=running
[DL Convergence] | phase=optimize | block=2 | epoch=375/500 | active_users=3 | updated_users=3 | objective=39.531868 | sum_rate=35.296341 | r_p=0.000000 | r_c=0.000000 | r_s=0.004374 | status=running
[DL Convergence] | phase=optimize | block=2 | epoch=380/500 | active_users=3 | updated_users=3 | objective=39.540771 | sum_rate=35.305424 | r_p=0.000000 | r_c=0.000000 | r_s=0.004248 | status=running
[DL Convergence] | phase=optimize | block=2 | epoch=385/500 | active_users=3 | updated_users=3 | objective=39.548836 | sum_rate=35.313686 | r_p=0.000000 | r_c=0.000000 | r_s=0.004096 | status=running
[DL Convergence] | phase=optimize | block=2 | epoch=390/500 | active_users=3 | updated_users=3 | objective=39.556110 | sum_rate=35.321159 | r_p=0.000000 | r_c=0.000000 | r_s=0.003947 | status=running
[DL Convergence] | phase=optimize | block=2 | epoch=395/500 | active_users=3 | updated_users=3 | objective=39.562668 | sum_rate=35.327934 | r_p=0.000000 | r_c=0.000000 | r_s=0.003828 | status=running
[DL Convergence] | phase=optimize | block=2 | epoch=400/500 | active_users=3 | updated_users=3 | objective=39.568424 | sum_rate=35.333931 | r_p=0.000000 | r_c=0.000000 | r_s=0.003667 | status=running
[DL Convergence] | phase=optimize | block=2 | epoch=405/500 | active_users=3 | updated_users=3 | objective=39.573421 | sum_rate=35.339134 | r_p=0.000000 | r_c=0.000000 | r_s=0.003475 | status=running
[DL Convergence] | phase=optimize | block=2 | epoch=410/500 | active_users=3 | updated_users=3 | objective=39.577675 | sum_rate=35.343620 | r_p=0.000000 | r_c=0.000000 | r_s=0.003253 | status=running
[DL Convergence] | phase=optimize | block=2 | epoch=415/500 | active_users=3 | updated_users=3 | objective=39.581234 | sum_rate=35.347389 | r_p=0.000000 | r_c=0.000000 | r_s=0.003017 | status=running
[DL Convergence] | phase=optimize | block=2 | epoch=420/500 | active_users=3 | updated_users=3 | objective=39.583759 | sum_rate=35.350159 | r_p=0.000000 | r_c=0.000000 | r_s=0.002792 | status=running
[DL Convergence] | phase=optimize | block=2 | epoch=425/500 | active_users=3 | updated_users=3 | objective=39.586315 | sum_rate=35.352940 | r_p=0.000000 | r_c=0.000000 | r_s=0.002615 | status=running
[DL Convergence] | phase=optimize | block=2 | epoch=430/500 | active_users=3 | updated_users=3 | objective=39.588226 | sum_rate=35.355034 | r_p=0.000000 | r_c=0.000000 | r_s=0.002318 | status=running
[DL Convergence] | phase=optimize | block=2 | epoch=435/500 | active_users=3 | updated_users=3 | objective=39.589718 | sum_rate=35.356731 | r_p=0.000000 | r_c=0.000000 | r_s=0.002070 | status=running
[DL Convergence] | phase=optimize | block=2 | epoch=440/500 | active_users=3 | updated_users=3 | objective=39.590809 | sum_rate=35.357986 | r_p=0.000000 | r_c=0.000000 | r_s=0.001794 | status=running
[DL Convergence] | phase=optimize | block=2 | epoch=445/500 | active_users=3 | updated_users=3 | objective=39.591637 | sum_rate=35.358974 | r_p=0.000000 | r_c=0.000000 | r_s=0.001569 | status=running
[DL Convergence] | phase=optimize | block=2 | epoch=450/500 | active_users=3 | updated_users=3 | objective=39.592220 | sum_rate=35.359695 | r_p=0.000000 | r_c=0.000000 | r_s=0.001348 | status=running
[DL Convergence] | phase=optimize | block=2 | epoch=455/500 | active_users=3 | updated_users=3 | objective=39.592659 | sum_rate=35.360260 | r_p=0.000000 | r_c=0.000000 | r_s=0.001143 | status=running
[DL Convergence] | phase=optimize | block=2 | epoch=460/500 | active_users=3 | updated_users=3 | objective=39.592815 | sum_rate=35.360519 | r_p=0.000000 | r_c=0.000000 | r_s=0.001385 | status=running
[DL Convergence] | phase=optimize | block=2 | epoch=465/500 | active_users=3 | updated_users=3 | objective=39.592949 | sum_rate=35.360786 | r_p=0.000000 | r_c=0.000000 | r_s=0.001101 | status=running
[DL Convergence] | phase=optimize | block=2 | epoch=470/500 | active_users=3 | updated_users=3 | objective=39.593201 | sum_rate=35.361076 | r_p=0.000000 | r_c=0.000000 | r_s=9.198260e-04 | status=running
[DL Convergence] | phase=optimize | block=2 | epoch=475/500 | active_users=3 | updated_users=3 | objective=39.593338 | sum_rate=35.361320 | r_p=0.000000 | r_c=0.000000 | r_s=6.781712e-04 | status=running
[DL Convergence] | phase=optimize | block=2 | epoch=477/500 | active_users=3 | updated_users=3 | objective=39.593369 | sum_rate=35.361351 | r_p=0.000000 | r_c=0.000000 | r_s=5.692694e-04 | status=kkt_converged
[DL Convergence Reduction] | block=2 | epoch=1 | users=[0, 1, 2]
  user=00 block=02 accepted smaller n_kl=  49 without fresh re-optimization.
  user=01 block=02 accepted smaller n_kl=  59 without fresh re-optimization.
  user=02 block=02 accepted smaller n_kl=  79 without fresh re-optimization.
[DL Convergence Reduction] | block=2 | epoch=2 | users=[1, 2, 0]
  user=01 block=02 accepted smaller n_kl=  58 without fresh re-optimization.
  user=02 block=02 accepted smaller n_kl=  78 without fresh re-optimization.
  user=00 block=02 accepted smaller n_kl=  48 without fresh re-optimization.
[DL Convergence Reduction] | block=2 | epoch=3 | users=[2, 0, 1]
  user=02 block=02 accepted smaller n_kl=  77 without fresh re-optimization.
  user=00 block=02 accepted smaller n_kl=  47 without fresh re-optimization.
  user=01 block=02 accepted smaller n_kl=  57 without fresh re-optimization.
[DL Convergence Reduction] | block=2 | epoch=4 | users=[0, 1, 2]
  user=00 block=02 accepted smaller n_kl=  46 without fresh re-optimization.
  user=01 block=02 accepted smaller n_kl=  56 without fresh re-optimization.
  user=02 block=02 accepted smaller n_kl=  76 without fresh re-optimization.
[DL Convergence Reduction] | block=2 | epoch=5 | users=[1, 2, 0]
  user=01 block=02 accepted smaller n_kl=  55 without fresh re-optimization.
  user=02 block=02 accepted smaller n_kl=  75 without fresh re-optimization.
  user=00 block=02 accepted smaller n_kl=  45 without fresh re-optimization.
[DL Convergence Reduction] | block=2 | epoch=6 | users=[2, 0, 1]
  user=02 block=02 accepted smaller n_kl=  74 without fresh re-optimization.
  user=00 block=02 accepted smaller n_kl=  44 without fresh re-optimization.
  user=01 block=02 accepted smaller n_kl=  54 without fresh re-optimization.
[DL Convergence Reduction] | block=2 | epoch=7 | users=[0, 1, 2]
  user=00 block=02 accepted smaller n_kl=  43 without fresh re-optimization.
  user=01 block=02 accepted smaller n_kl=  53 without fresh re-optimization.
  user=02 block=02 accepted smaller n_kl=  73 without fresh re-optimization.
[DL Convergence Reduction] | block=2 | epoch=8 | users=[1, 2, 0]
  user=01 block=02 accepted smaller n_kl=  52 without fresh re-optimization.
  user=02 block=02 accepted smaller n_kl=  72 without fresh re-optimization.
  user=00 block=02 accepted smaller n_kl=  42 without fresh re-optimization.
[DL Convergence Reduction] | block=2 | epoch=9 | users=[2, 0, 1]
  user=02 block=02 accepted smaller n_kl=  71 without fresh re-optimization.
  user=00 block=02 accepted smaller n_kl=  41 without fresh re-optimization.
  user=01 block=02 accepted smaller n_kl=  51 without fresh re-optimization.
[DL Convergence Reduction] | block=2 | epoch=10 | users=[0, 1, 2]
  user=00 block=02 accepted smaller n_kl=  40 without fresh re-optimization.
  user=01 block=02 accepted smaller n_kl=  50 without fresh re-optimization.
  user=02 block=02 accepted smaller n_kl=  70 without fresh re-optimization.
[DL Convergence Reduction] | block=2 | epoch=11 | users=[1, 2, 0]
  user=01 block=02 accepted smaller n_kl=  49 without fresh re-optimization.
  user=02 block=02 accepted smaller n_kl=  69 without fresh re-optimization.
  user=00 block=02 accepted smaller n_kl=  39 without fresh re-optimization.
[DL Convergence Reduction] | block=2 | epoch=12 | users=[2, 0, 1]
  user=02 block=02 accepted smaller n_kl=  68 without fresh re-optimization.
  user=00 block=02 accepted smaller n_kl=  38 without fresh re-optimization.
  user=01 block=02 accepted smaller n_kl=  48 without fresh re-optimization.
[DL Convergence Reduction] | block=2 | epoch=13 | users=[0, 1, 2]
  user=00 block=02 accepted smaller n_kl=  37 without fresh re-optimization.
  user=01 block=02 accepted smaller n_kl=  47 without fresh re-optimization.
  user=02 block=02 accepted smaller n_kl=  67 without fresh re-optimization.
[DL Convergence Reduction] | block=2 | epoch=14 | users=[1, 2, 0]
  user=01 block=02 accepted smaller n_kl=  46 without fresh re-optimization.
  user=02 block=02 accepted smaller n_kl=  66 without fresh re-optimization.
  user=00 block=02 accepted smaller n_kl=  36 without fresh re-optimization.
[DL Convergence Reduction] | block=2 | epoch=15 | users=[2, 0, 1]
  user=02 block=02 accepted smaller n_kl=  65 without fresh re-optimization.
  user=00 block=02 accepted smaller n_kl=  35 without fresh re-optimization.
  user=01 block=02 accepted smaller n_kl=  45 without fresh re-optimization.
[DL Convergence Reduction] | block=2 | epoch=16 | users=[0, 1, 2]
  user=00 block=02 accepted smaller n_kl=  34 without fresh re-optimization.
  user=01 block=02 accepted smaller n_kl=  44 without fresh re-optimization.
  user=02 block=02 accepted smaller n_kl=  64 without fresh re-optimization.
[DL Convergence Reduction] | block=2 | epoch=17 | users=[1, 2, 0]
  user=01 block=02 accepted smaller n_kl=  43 without fresh re-optimization.
  user=02 block=02 accepted smaller n_kl=  63 without fresh re-optimization.
  user=00 block=02 accepted smaller n_kl=  33 without fresh re-optimization.
[DL Convergence Reduction] | block=2 | epoch=18 | users=[2, 0, 1]
  user=02 block=02 accepted smaller n_kl=  62 without fresh re-optimization.
  user=00 block=02 accepted smaller n_kl=  32 without fresh re-optimization.
  user=01 block=02 accepted smaller n_kl=  42 without fresh re-optimization.
[DL Convergence Reduction] | block=2 | epoch=19 | users=[0, 1, 2]
  user=00 block=02 accepted smaller n_kl=  31 without fresh re-optimization.
  user=01 block=02 accepted smaller n_kl=  41 without fresh re-optimization.
  user=02 block=02 accepted smaller n_kl=  61 without fresh re-optimization.
[DL Convergence Reduction] | block=2 | epoch=20 | users=[1, 2, 0]
  user=01 block=02 accepted smaller n_kl=  40 without fresh re-optimization.
  user=02 block=02 candidate n_kl=  60 breaks committed-user feasibility [2]; trying fresh re-optimization.
[DL Convergence] | phase=optimize | block=2 | epoch=1/500 | active_users=3 | updated_users=3 | objective=38.219208 | sum_rate=34.121536 | r_p=0.070777 | r_c=0.048195 | r_s=0.007103 | status=running
[DL Convergence] | phase=optimize | block=2 | epoch=5/500 | active_users=3 | updated_users=3 | objective=38.194077 | sum_rate=34.088669 | r_p=0.000000 | r_c=0.000000 | r_s=0.006185 | status=running
[DL Convergence] | phase=optimize | block=2 | epoch=10/500 | active_users=3 | updated_users=3 | objective=38.190914 | sum_rate=34.084595 | r_p=0.000000 | r_c=0.000000 | r_s=0.003537 | status=running
[DL Convergence] | phase=optimize | block=2 | epoch=15/500 | active_users=3 | updated_users=3 | objective=38.208477 | sum_rate=34.104935 | r_p=0.000000 | r_c=0.000000 | r_s=0.004102 | status=running
[DL Convergence] | phase=optimize | block=2 | epoch=20/500 | active_users=3 | updated_users=3 | objective=38.211910 | sum_rate=34.111015 | r_p=0.000000 | r_c=0.000000 | r_s=0.002592 | status=running
[DL Convergence] | phase=optimize | block=2 | epoch=25/500 | active_users=3 | updated_users=3 | objective=38.213539 | sum_rate=34.111256 | r_p=0.000000 | r_c=0.000000 | r_s=0.003322 | status=running
[DL Convergence] | phase=optimize | block=2 | epoch=30/500 | active_users=3 | updated_users=3 | objective=38.215164 | sum_rate=34.112793 | r_p=0.000000 | r_c=0.000000 | r_s=0.001914 | status=running
[DL Convergence] | phase=optimize | block=2 | epoch=35/500 | active_users=3 | updated_users=3 | objective=38.220070 | sum_rate=34.119888 | r_p=0.011516 | r_c=0.007852 | r_s=0.002221 | status=running
[DL Convergence] | phase=optimize | block=2 | epoch=40/500 | active_users=3 | updated_users=3 | objective=38.216358 | sum_rate=34.114510 | r_p=0.000000 | r_c=0.000000 | r_s=0.002317 | status=running
[DL Convergence] | phase=optimize | block=2 | epoch=45/500 | active_users=3 | updated_users=3 | objective=38.215530 | sum_rate=34.113884 | r_p=0.000000 | r_c=0.000000 | r_s=0.003961 | status=running
[DL Convergence] | phase=optimize | block=2 | epoch=50/500 | active_users=3 | updated_users=3 | objective=38.214764 | sum_rate=34.112537 | r_p=0.000000 | r_c=0.000000 | r_s=0.002666 | status=running
[DL Convergence] | phase=optimize | block=2 | epoch=55/500 | active_users=3 | updated_users=3 | objective=38.219612 | sum_rate=34.119556 | r_p=0.012136 | r_c=0.008277 | r_s=0.002382 | status=running
[DL Convergence] | phase=optimize | block=2 | epoch=60/500 | active_users=3 | updated_users=3 | objective=38.214565 | sum_rate=34.112720 | r_p=0.000000 | r_c=0.000000 | r_s=0.002707 | status=running
[DL Convergence] | phase=optimize | block=2 | epoch=65/500 | active_users=3 | updated_users=3 | objective=38.215382 | sum_rate=34.113659 | r_p=0.000000 | r_c=0.000000 | r_s=0.004084 | status=running
[DL Convergence] | phase=optimize | block=2 | epoch=70/500 | active_users=3 | updated_users=3 | objective=38.214531 | sum_rate=34.112251 | r_p=0.000000 | r_c=0.000000 | r_s=0.002703 | status=running
[DL Convergence] | phase=optimize | block=2 | epoch=75/500 | active_users=3 | updated_users=3 | objective=38.219505 | sum_rate=34.119465 | r_p=0.012965 | r_c=0.008845 | r_s=0.002390 | status=running
[DL Convergence] | phase=optimize | block=2 | epoch=80/500 | active_users=3 | updated_users=3 | objective=38.214493 | sum_rate=34.112736 | r_p=0.000000 | r_c=0.000000 | r_s=0.002637 | status=running
[DL Convergence] | phase=optimize | block=2 | epoch=85/500 | active_users=3 | updated_users=3 | objective=38.215385 | sum_rate=34.113777 | r_p=0.000000 | r_c=0.000000 | r_s=0.003950 | status=running
[DL Convergence] | phase=optimize | block=2 | epoch=90/500 | active_users=3 | updated_users=3 | objective=38.214455 | sum_rate=34.112213 | r_p=0.000000 | r_c=0.000000 | r_s=0.002577 | status=running
[DL Convergence] | phase=optimize | block=2 | epoch=95/500 | active_users=3 | updated_users=3 | objective=38.219437 | sum_rate=34.119415 | r_p=0.012276 | r_c=0.008376 | r_s=0.002350 | status=running
[DL Convergence] | phase=optimize | block=2 | epoch=100/500 | active_users=3 | updated_users=3 | objective=38.214615 | sum_rate=34.112850 | r_p=0.000000 | r_c=0.000000 | r_s=0.002552 | status=running
[DL Convergence] | phase=optimize | block=2 | epoch=105/500 | active_users=3 | updated_users=3 | objective=38.215466 | sum_rate=34.113846 | r_p=0.000000 | r_c=0.000000 | r_s=0.003867 | status=running
[DL Convergence] | phase=optimize | block=2 | epoch=110/500 | active_users=3 | updated_users=3 | objective=38.214558 | sum_rate=34.112305 | r_p=0.000000 | r_c=0.000000 | r_s=0.002521 | status=running
[DL Convergence] | phase=optimize | block=2 | epoch=115/500 | active_users=3 | updated_users=3 | objective=38.219505 | sum_rate=34.119469 | r_p=0.011773 | r_c=0.008035 | r_s=0.002340 | status=running
[DL Convergence] | phase=optimize | block=2 | epoch=120/500 | active_users=3 | updated_users=3 | objective=38.214767 | sum_rate=34.113007 | r_p=0.000000 | r_c=0.000000 | r_s=0.002532 | status=running
[DL Convergence] | phase=optimize | block=2 | epoch=125/500 | active_users=3 | updated_users=3 | objective=38.215542 | sum_rate=34.113922 | r_p=0.000000 | r_c=0.000000 | r_s=0.003819 | status=running
[DL Convergence] | phase=optimize | block=2 | epoch=130/500 | active_users=3 | updated_users=3 | objective=38.214657 | sum_rate=34.112415 | r_p=0.000000 | r_c=0.000000 | r_s=0.002514 | status=running
[DL Convergence] | phase=optimize | block=2 | epoch=135/500 | active_users=3 | updated_users=3 | objective=38.219555 | sum_rate=34.119503 | r_p=0.011230 | r_c=0.007666 | r_s=0.002351 | status=running
[DL Convergence] | phase=optimize | block=2 | epoch=140/500 | active_users=3 | updated_users=3 | objective=38.214893 | sum_rate=34.113136 | r_p=0.000000 | r_c=0.000000 | r_s=0.002536 | status=running
[DL Convergence] | phase=optimize | block=2 | epoch=145/500 | active_users=3 | updated_users=3 | objective=38.215591 | sum_rate=34.113964 | r_p=0.000000 | r_c=0.000000 | r_s=0.003804 | status=running
[DL Convergence] | phase=optimize | block=2 | epoch=150/500 | active_users=3 | updated_users=3 | objective=38.214710 | sum_rate=34.112473 | r_p=0.000000 | r_c=0.000000 | r_s=0.002524 | status=running
[DL Convergence] | phase=optimize | block=2 | epoch=155/500 | active_users=3 | updated_users=3 | objective=38.219582 | sum_rate=34.119518 | r_p=0.010894 | r_c=0.007438 | r_s=0.002367 | status=running
[DL Convergence] | phase=optimize | block=2 | epoch=160/500 | active_users=3 | updated_users=3 | objective=38.214962 | sum_rate=34.113205 | r_p=0.000000 | r_c=0.000000 | r_s=0.002543 | status=running
[DL Convergence] | phase=optimize | block=2 | epoch=165/500 | active_users=3 | updated_users=3 | objective=38.215630 | sum_rate=34.113998 | r_p=0.000000 | r_c=0.000000 | r_s=0.003793 | status=running
[DL Convergence] | phase=optimize | block=2 | epoch=170/500 | active_users=3 | updated_users=3 | objective=38.214760 | sum_rate=34.112526 | r_p=0.000000 | r_c=0.000000 | r_s=0.002531 | status=running
[DL Convergence] | phase=optimize | block=2 | epoch=175/500 | active_users=3 | updated_users=3 | objective=38.219604 | sum_rate=34.119530 | r_p=0.010606 | r_c=0.007243 | r_s=0.002380 | status=running
[DL Convergence] | phase=optimize | block=2 | epoch=180/500 | active_users=3 | updated_users=3 | objective=38.215015 | sum_rate=34.113258 | r_p=0.000000 | r_c=0.000000 | r_s=0.002547 | status=running
[DL Convergence] | phase=optimize | block=2 | epoch=185/500 | active_users=3 | updated_users=3 | objective=38.215668 | sum_rate=34.114037 | r_p=0.000000 | r_c=0.000000 | r_s=0.003784 | status=running
[DL Convergence] | phase=optimize | block=2 | epoch=190/500 | active_users=3 | updated_users=3 | objective=38.214790 | sum_rate=34.112556 | r_p=0.000000 | r_c=0.000000 | r_s=0.002536 | status=running
[DL Convergence] | phase=optimize | block=2 | epoch=195/500 | active_users=3 | updated_users=3 | objective=38.219624 | sum_rate=34.119541 | r_p=0.010363 | r_c=0.007078 | r_s=0.002391 | status=running
[DL Convergence] | phase=optimize | block=2 | epoch=200/500 | active_users=3 | updated_users=3 | objective=38.215076 | sum_rate=34.113319 | r_p=0.000000 | r_c=0.000000 | r_s=0.002549 | status=running
[DL Convergence] | phase=optimize | block=2 | epoch=205/500 | active_users=3 | updated_users=3 | objective=38.215694 | sum_rate=34.114059 | r_p=0.000000 | r_c=0.000000 | r_s=0.003777 | status=running
[DL Convergence] | phase=optimize | block=2 | epoch=210/500 | active_users=3 | updated_users=3 | objective=38.214828 | sum_rate=34.112595 | r_p=0.000000 | r_c=0.000000 | r_s=0.002539 | status=running
[DL Convergence] | phase=optimize | block=2 | epoch=215/500 | active_users=3 | updated_users=3 | objective=38.219631 | sum_rate=34.119545 | r_p=0.010165 | r_c=0.006944 | r_s=0.002399 | status=running
[DL Convergence] | phase=optimize | block=2 | epoch=220/500 | active_users=3 | updated_users=3 | objective=38.215115 | sum_rate=34.113358 | r_p=0.000000 | r_c=0.000000 | r_s=0.002550 | status=running
[DL Convergence] | phase=optimize | block=2 | epoch=225/500 | active_users=3 | updated_users=3 | objective=38.215714 | sum_rate=34.114079 | r_p=0.000000 | r_c=0.000000 | r_s=0.003771 | status=running
[DL Convergence] | phase=optimize | block=2 | epoch=230/500 | active_users=3 | updated_users=3 | objective=38.214851 | sum_rate=34.112617 | r_p=0.000000 | r_c=0.000000 | r_s=0.002541 | status=running
[DL Convergence] | phase=optimize | block=2 | epoch=235/500 | active_users=3 | updated_users=3 | objective=38.219643 | sum_rate=34.119553 | r_p=0.009994 | r_c=0.006828 | r_s=0.002405 | status=running
[DL Convergence] | phase=optimize | block=2 | epoch=240/500 | active_users=3 | updated_users=3 | objective=38.215145 | sum_rate=34.113388 | r_p=0.000000 | r_c=0.000000 | r_s=0.002549 | status=running
[DL Convergence] | phase=optimize | block=2 | epoch=245/500 | active_users=3 | updated_users=3 | objective=38.215759 | sum_rate=34.114120 | r_p=0.000000 | r_c=0.000000 | r_s=0.003765 | status=running
[DL Convergence] | phase=optimize | block=2 | epoch=250/500 | active_users=3 | updated_users=3 | objective=38.214859 | sum_rate=34.112625 | r_p=0.000000 | r_c=0.000000 | r_s=0.002542 | status=running
[DL Convergence] | phase=optimize | block=2 | epoch=255/500 | active_users=3 | updated_users=3 | objective=38.219654 | sum_rate=34.119556 | r_p=0.009848 | r_c=0.006729 | r_s=0.002409 | status=running
[DL Convergence] | phase=optimize | block=2 | epoch=260/500 | active_users=3 | updated_users=3 | objective=38.215179 | sum_rate=34.113419 | r_p=0.000000 | r_c=0.000000 | r_s=0.002547 | status=running
[DL Convergence] | phase=optimize | block=2 | epoch=265/500 | active_users=3 | updated_users=3 | objective=38.215782 | sum_rate=34.114143 | r_p=0.000000 | r_c=0.000000 | r_s=0.003761 | status=running
[DL Convergence] | phase=optimize | block=2 | epoch=270/500 | active_users=3 | updated_users=3 | objective=38.214874 | sum_rate=34.112640 | r_p=0.000000 | r_c=0.000000 | r_s=0.002541 | status=running
[DL Convergence] | phase=optimize | block=2 | epoch=275/500 | active_users=3 | updated_users=3 | objective=38.219673 | sum_rate=34.119572 | r_p=0.009723 | r_c=0.006645 | r_s=0.002411 | status=running
[DL Convergence] | phase=optimize | block=2 | epoch=280/500 | active_users=3 | updated_users=3 | objective=38.215176 | sum_rate=34.113419 | r_p=0.000000 | r_c=0.000000 | r_s=0.002544 | status=running
[DL Convergence] | phase=optimize | block=2 | epoch=285/500 | active_users=3 | updated_users=3 | objective=38.215775 | sum_rate=34.114136 | r_p=0.000000 | r_c=0.000000 | r_s=0.003756 | status=running
[DL Convergence] | phase=optimize | block=2 | epoch=290/500 | active_users=3 | updated_users=3 | objective=38.214882 | sum_rate=34.112648 | r_p=0.000000 | r_c=0.000000 | r_s=0.002539 | status=running
[DL Convergence] | phase=optimize | block=2 | epoch=295/500 | active_users=3 | updated_users=3 | objective=38.219692 | sum_rate=34.119587 | r_p=0.009619 | r_c=0.006575 | r_s=0.002412 | status=running
[DL Convergence] | phase=optimize | block=2 | epoch=300/500 | active_users=3 | updated_users=3 | objective=38.215210 | sum_rate=34.113449 | r_p=0.000000 | r_c=0.000000 | r_s=0.002541 | status=running
[DL Convergence] | phase=optimize | block=2 | epoch=305/500 | active_users=3 | updated_users=3 | objective=38.215801 | sum_rate=34.114159 | r_p=0.000000 | r_c=0.000000 | r_s=0.003752 | status=running
[DL Convergence] | phase=optimize | block=2 | epoch=310/500 | active_users=3 | updated_users=3 | objective=38.214893 | sum_rate=34.112656 | r_p=0.000000 | r_c=0.000000 | r_s=0.002537 | status=running
[DL Convergence] | phase=optimize | block=2 | epoch=315/500 | active_users=3 | updated_users=3 | objective=38.219681 | sum_rate=34.119576 | r_p=0.009528 | r_c=0.006514 | r_s=0.002411 | status=running
[DL Convergence] | phase=optimize | block=2 | epoch=320/500 | active_users=3 | updated_users=3 | objective=38.215225 | sum_rate=34.113464 | r_p=0.000000 | r_c=0.000000 | r_s=0.002536 | status=running
[DL Convergence] | phase=optimize | block=2 | epoch=325/500 | active_users=3 | updated_users=3 | objective=38.215809 | sum_rate=34.114166 | r_p=0.000000 | r_c=0.000000 | r_s=0.003749 | status=running
[DL Convergence] | phase=optimize | block=2 | epoch=330/500 | active_users=3 | updated_users=3 | objective=38.214893 | sum_rate=34.112656 | r_p=0.000000 | r_c=0.000000 | r_s=0.002534 | status=running
[DL Convergence] | phase=optimize | block=2 | epoch=335/500 | active_users=3 | updated_users=3 | objective=38.219688 | sum_rate=34.119583 | r_p=0.009457 | r_c=0.006466 | r_s=0.002409 | status=running
[DL Convergence] | phase=optimize | block=2 | epoch=340/500 | active_users=3 | updated_users=3 | objective=38.215214 | sum_rate=34.113457 | r_p=0.000000 | r_c=0.000000 | r_s=0.002531 | status=running
[DL Convergence] | phase=optimize | block=2 | epoch=345/500 | active_users=3 | updated_users=3 | objective=38.215843 | sum_rate=34.114197 | r_p=0.000000 | r_c=0.000000 | r_s=0.003746 | status=running
[DL Convergence] | phase=optimize | block=2 | epoch=350/500 | active_users=3 | updated_users=3 | objective=38.214886 | sum_rate=34.112648 | r_p=0.000000 | r_c=0.000000 | r_s=0.002530 | status=running
[DL Convergence] | phase=optimize | block=2 | epoch=355/500 | active_users=3 | updated_users=3 | objective=38.219692 | sum_rate=34.119583 | r_p=0.009385 | r_c=0.006418 | r_s=0.002406 | status=running
[DL Convergence] | phase=optimize | block=2 | epoch=360/500 | active_users=3 | updated_users=3 | objective=38.215229 | sum_rate=34.113472 | r_p=0.000000 | r_c=0.000000 | r_s=0.002525 | status=running
[DL Convergence] | phase=optimize | block=2 | epoch=365/500 | active_users=3 | updated_users=3 | objective=38.215836 | sum_rate=34.114189 | r_p=0.000000 | r_c=0.000000 | r_s=0.003742 | status=running
[DL Convergence] | phase=optimize | block=2 | epoch=370/500 | active_users=3 | updated_users=3 | objective=38.214886 | sum_rate=34.112648 | r_p=0.000000 | r_c=0.000000 | r_s=0.002525 | status=running
[DL Convergence] | phase=optimize | block=2 | epoch=375/500 | active_users=3 | updated_users=3 | objective=38.219692 | sum_rate=34.119583 | r_p=0.009323 | r_c=0.006377 | r_s=0.002401 | status=running
[DL Convergence] | phase=optimize | block=2 | epoch=380/500 | active_users=3 | updated_users=3 | objective=38.215229 | sum_rate=34.113472 | r_p=0.000000 | r_c=0.000000 | r_s=0.002519 | status=running
[DL Convergence] | phase=optimize | block=2 | epoch=385/500 | active_users=3 | updated_users=3 | objective=38.215851 | sum_rate=34.114201 | r_p=0.000000 | r_c=0.000000 | r_s=0.003739 | status=running
[DL Convergence] | phase=optimize | block=2 | epoch=390/500 | active_users=3 | updated_users=3 | objective=38.214867 | sum_rate=34.112633 | r_p=0.000000 | r_c=0.000000 | r_s=0.002520 | status=running
[DL Convergence] | phase=optimize | block=2 | epoch=395/500 | active_users=3 | updated_users=3 | objective=38.219704 | sum_rate=34.119591 | r_p=0.009274 | r_c=0.006344 | r_s=0.002396 | status=running
[DL Convergence] | phase=optimize | block=2 | epoch=400/500 | active_users=3 | updated_users=3 | objective=38.215233 | sum_rate=34.113476 | r_p=0.000000 | r_c=0.000000 | r_s=0.002513 | status=running
[DL Convergence] | phase=optimize | block=2 | epoch=405/500 | active_users=3 | updated_users=3 | objective=38.215855 | sum_rate=34.114204 | r_p=0.000000 | r_c=0.000000 | r_s=0.003736 | status=running
[DL Convergence] | phase=optimize | block=2 | epoch=410/500 | active_users=3 | updated_users=3 | objective=38.214870 | sum_rate=34.112633 | r_p=0.000000 | r_c=0.000000 | r_s=0.002515 | status=running
[DL Convergence] | phase=optimize | block=2 | epoch=415/500 | active_users=3 | updated_users=3 | objective=38.219692 | sum_rate=34.119583 | r_p=0.009236 | r_c=0.006319 | r_s=0.002390 | status=running
[DL Convergence] | phase=optimize | block=2 | epoch=420/500 | active_users=3 | updated_users=3 | objective=38.215225 | sum_rate=34.113472 | r_p=0.000000 | r_c=0.000000 | r_s=0.002506 | status=running
[DL Convergence] | phase=optimize | block=2 | epoch=425/500 | active_users=3 | updated_users=3 | objective=38.215858 | sum_rate=34.114208 | r_p=0.000000 | r_c=0.000000 | r_s=0.003733 | status=running
[DL Convergence] | phase=optimize | block=2 | epoch=430/500 | active_users=3 | updated_users=3 | objective=38.214863 | sum_rate=34.112625 | r_p=0.000000 | r_c=0.000000 | r_s=0.002509 | status=running
[DL Convergence] | phase=optimize | block=2 | epoch=435/500 | active_users=3 | updated_users=3 | objective=38.219688 | sum_rate=34.119579 | r_p=0.009206 | r_c=0.006299 | r_s=0.002383 | status=running
[DL Convergence] | phase=optimize | block=2 | epoch=440/500 | active_users=3 | updated_users=3 | objective=38.215229 | sum_rate=34.113476 | r_p=0.000000 | r_c=0.000000 | r_s=0.002499 | status=running
[DL Convergence] | phase=optimize | block=2 | epoch=445/500 | active_users=3 | updated_users=3 | objective=38.215855 | sum_rate=34.114204 | r_p=0.000000 | r_c=0.000000 | r_s=0.003730 | status=running
[DL Convergence] | phase=optimize | block=2 | epoch=450/500 | active_users=3 | updated_users=3 | objective=38.214836 | sum_rate=34.112602 | r_p=0.000000 | r_c=0.000000 | r_s=0.002502 | status=running
[DL Convergence] | phase=optimize | block=2 | epoch=455/500 | active_users=3 | updated_users=3 | objective=38.219696 | sum_rate=34.119587 | r_p=0.009180 | r_c=0.006283 | r_s=0.002375 | status=running
[DL Convergence] | phase=optimize | block=2 | epoch=460/500 | active_users=3 | updated_users=3 | objective=38.215214 | sum_rate=34.113461 | r_p=0.000000 | r_c=0.000000 | r_s=0.002491 | status=running
[DL Convergence] | phase=optimize | block=2 | epoch=465/500 | active_users=3 | updated_users=3 | objective=38.215851 | sum_rate=34.114197 | r_p=0.000000 | r_c=0.000000 | r_s=0.003728 | status=running
[DL Convergence] | phase=optimize | block=2 | epoch=470/500 | active_users=3 | updated_users=3 | objective=38.214828 | sum_rate=34.112595 | r_p=0.000000 | r_c=0.000000 | r_s=0.002495 | status=running
[DL Convergence] | phase=optimize | block=2 | epoch=475/500 | active_users=3 | updated_users=3 | objective=38.219685 | sum_rate=34.119576 | r_p=0.009163 | r_c=0.006272 | r_s=0.002367 | status=running
[DL Convergence] | phase=optimize | block=2 | epoch=480/500 | active_users=3 | updated_users=3 | objective=38.215214 | sum_rate=34.113464 | r_p=0.000000 | r_c=0.000000 | r_s=0.002483 | status=running
[DL Convergence] | phase=optimize | block=2 | epoch=485/500 | active_users=3 | updated_users=3 | objective=38.215851 | sum_rate=34.114197 | r_p=0.000000 | r_c=0.000000 | r_s=0.003725 | status=running
[DL Convergence] | phase=optimize | block=2 | epoch=490/500 | active_users=3 | updated_users=3 | objective=38.214821 | sum_rate=34.112587 | r_p=0.000000 | r_c=0.000000 | r_s=0.002487 | status=running
[DL Convergence] | phase=optimize | block=2 | epoch=495/500 | active_users=3 | updated_users=3 | objective=38.219688 | sum_rate=34.119579 | r_p=0.009147 | r_c=0.006262 | r_s=0.002358 | status=running
[DL Convergence] | phase=optimize | block=2 | epoch=500/500 | active_users=3 | updated_users=3 | objective=38.215202 | sum_rate=34.113453 | r_p=0.000000 | r_c=0.000000 | r_s=0.002475 | status=running
  user=02 block=02 accepted smaller n_kl=  60 after fresh re-optimization of users [2].
  user=00 block=02 accepted smaller n_kl=  30 without fresh re-optimization.
[DL Convergence Reduction] | block=2 | epoch=21 | users=[2, 0, 1]
  user=02 block=02 candidate n_kl=  59 breaks committed-user feasibility [2]; trying fresh re-optimization.
[DL Convergence] | phase=optimize | block=2 | epoch=1/500 | active_users=3 | updated_users=3 | objective=38.151894 | sum_rate=34.055237 | r_p=0.154130 | r_c=0.105095 | r_s=0.004659 | status=running
[DL Convergence] | phase=optimize | block=2 | epoch=5/500 | active_users=3 | updated_users=3 | objective=38.102711 | sum_rate=33.998787 | r_p=0.000000 | r_c=0.000000 | r_s=0.007322 | status=running
[DL Convergence] | phase=optimize | block=2 | epoch=10/500 | active_users=3 | updated_users=3 | objective=38.094711 | sum_rate=33.991226 | r_p=0.000000 | r_c=0.000000 | r_s=0.004518 | status=running
[DL Convergence] | phase=optimize | block=2 | epoch=15/500 | active_users=3 | updated_users=3 | objective=38.131287 | sum_rate=34.030258 | r_p=0.000000 | r_c=0.000000 | r_s=0.005632 | status=running
[DL Convergence] | phase=optimize | block=2 | epoch=20/500 | active_users=3 | updated_users=3 | objective=38.111637 | sum_rate=34.009468 | r_p=0.000000 | r_c=0.000000 | r_s=0.004400 | status=running
[DL Convergence] | phase=optimize | block=2 | epoch=25/500 | active_users=3 | updated_users=3 | objective=38.121353 | sum_rate=34.020283 | r_p=0.000000 | r_c=0.000000 | r_s=0.003887 | status=running
[DL Convergence] | phase=optimize | block=2 | epoch=30/500 | active_users=3 | updated_users=3 | objective=38.128853 | sum_rate=34.027573 | r_p=0.000000 | r_c=0.000000 | r_s=0.003636 | status=running
[DL Convergence] | phase=optimize | block=2 | epoch=35/500 | active_users=3 | updated_users=3 | objective=38.131569 | sum_rate=34.029591 | r_p=0.000000 | r_c=0.000000 | r_s=0.003230 | status=running
[DL Convergence] | phase=optimize | block=2 | epoch=40/500 | active_users=3 | updated_users=3 | objective=38.135925 | sum_rate=34.034615 | r_p=0.010448 | r_c=0.007159 | r_s=0.002908 | status=running
[DL Convergence] | phase=optimize | block=2 | epoch=45/500 | active_users=3 | updated_users=3 | objective=38.137341 | sum_rate=34.036079 | r_p=0.008759 | r_c=0.006002 | r_s=0.002731 | status=running
[DL Convergence] | phase=optimize | block=2 | epoch=50/500 | active_users=3 | updated_users=3 | objective=38.135448 | sum_rate=34.033192 | r_p=0.000000 | r_c=0.000000 | r_s=0.002221 | status=running
[DL Convergence] | phase=optimize | block=2 | epoch=55/500 | active_users=3 | updated_users=3 | objective=38.136013 | sum_rate=34.033859 | r_p=0.000000 | r_c=0.000000 | r_s=0.002461 | status=running
[DL Convergence] | phase=optimize | block=2 | epoch=60/500 | active_users=3 | updated_users=3 | objective=38.137360 | sum_rate=34.035126 | r_p=0.000000 | r_c=0.000000 | r_s=0.002493 | status=running
[DL Convergence] | phase=optimize | block=2 | epoch=65/500 | active_users=3 | updated_users=3 | objective=38.138569 | sum_rate=34.036583 | r_p=0.000000 | r_c=0.000000 | r_s=0.002277 | status=running
[DL Convergence] | phase=optimize | block=2 | epoch=70/500 | active_users=3 | updated_users=3 | objective=38.134808 | sum_rate=34.032166 | r_p=0.000000 | r_c=0.000000 | r_s=0.001236 | status=running
[DL Convergence] | phase=optimize | block=2 | epoch=75/500 | active_users=3 | updated_users=3 | objective=38.133324 | sum_rate=34.030682 | r_p=0.000000 | r_c=0.000000 | r_s=0.001512 | status=running
[DL Convergence] | phase=optimize | block=2 | epoch=80/500 | active_users=3 | updated_users=3 | objective=38.135220 | sum_rate=34.032757 | r_p=0.000000 | r_c=0.000000 | r_s=0.001269 | status=running
[DL Convergence] | phase=optimize | block=2 | epoch=85/500 | active_users=3 | updated_users=3 | objective=38.136890 | sum_rate=34.034718 | r_p=0.000000 | r_c=0.000000 | r_s=0.001241 | status=running
[DL Convergence] | phase=optimize | block=2 | epoch=90/500 | active_users=3 | updated_users=3 | objective=38.135559 | sum_rate=34.032993 | r_p=0.000000 | r_c=0.000000 | r_s=9.102997e-04 | status=running
[DL Convergence] | phase=optimize | block=2 | epoch=95/500 | active_users=3 | updated_users=3 | objective=38.134426 | sum_rate=34.031876 | r_p=0.000000 | r_c=0.000000 | r_s=7.437274e-04 | status=running
[DL Convergence] | phase=optimize | block=2 | epoch=100/500 | active_users=3 | updated_users=3 | objective=38.136368 | sum_rate=34.034111 | r_p=0.000000 | r_c=0.000000 | r_s=7.180376e-04 | status=running
[DL Convergence] | phase=optimize | block=2 | epoch=105/500 | active_users=3 | updated_users=3 | objective=38.137245 | sum_rate=34.035137 | r_p=0.000000 | r_c=0.000000 | r_s=6.198606e-04 | status=running
[DL Convergence] | phase=optimize | block=2 | epoch=110/500 | active_users=3 | updated_users=3 | objective=38.136883 | sum_rate=34.034706 | r_p=0.000000 | r_c=0.000000 | r_s=0.001224 | status=running
[DL Convergence] | phase=optimize | block=2 | epoch=115/500 | active_users=3 | updated_users=3 | objective=38.136814 | sum_rate=34.034573 | r_p=0.000000 | r_c=0.000000 | r_s=0.001577 | status=running
[DL Convergence] | phase=optimize | block=2 | epoch=120/500 | active_users=3 | updated_users=3 | objective=38.138687 | sum_rate=34.036793 | r_p=0.000000 | r_c=0.000000 | r_s=0.001551 | status=running
[DL Convergence] | phase=optimize | block=2 | epoch=125/500 | active_users=3 | updated_users=3 | objective=38.139690 | sum_rate=34.037933 | r_p=0.001635 | r_c=0.001122 | r_s=0.001348 | status=running
[DL Convergence] | phase=optimize | block=2 | epoch=130/500 | active_users=3 | updated_users=3 | objective=38.138725 | sum_rate=34.037132 | r_p=0.004224 | r_c=0.002900 | r_s=0.001609 | status=running
[DL Convergence] | phase=optimize | block=2 | epoch=135/500 | active_users=3 | updated_users=3 | objective=38.139080 | sum_rate=34.037483 | r_p=0.005193 | r_c=0.003566 | r_s=0.001918 | status=running
[DL Convergence] | phase=optimize | block=2 | epoch=140/500 | active_users=3 | updated_users=3 | objective=38.140820 | sum_rate=34.039577 | r_p=0.016755 | r_c=0.011506 | r_s=0.002025 | status=running
[DL Convergence] | phase=optimize | block=2 | epoch=143/500 | active_users=3 | updated_users=3 | objective=38.137337 | sum_rate=34.035244 | r_p=0.000000 | r_c=0.000000 | r_s=5.989304e-04 | status=kkt_converged
  user=02 block=02 accepted smaller n_kl=  59 after fresh re-optimization of users [2].
  user=00 block=02 candidate n_kl=  29 breaks committed-user feasibility [0]; trying fresh re-optimization.
[DL Convergence] | phase=optimize | block=2 | epoch=1/500 | active_users=3 | updated_users=3 | objective=38.089748 | sum_rate=33.994602 | r_p=0.178434 | r_c=0.129936 | r_s=0.010307 | status=running
[DL Convergence] | phase=optimize | block=2 | epoch=5/500 | active_users=3 | updated_users=3 | objective=38.041759 | sum_rate=33.959755 | r_p=0.000000 | r_c=0.000000 | r_s=0.011328 | status=running
[DL Convergence] | phase=optimize | block=2 | epoch=10/500 | active_users=3 | updated_users=3 | objective=38.020977 | sum_rate=33.945404 | r_p=0.000000 | r_c=0.000000 | r_s=0.005160 | status=running
[DL Convergence] | phase=optimize | block=2 | epoch=15/500 | active_users=3 | updated_users=3 | objective=38.058395 | sum_rate=33.973377 | r_p=0.000000 | r_c=0.000000 | r_s=0.008217 | status=running
[DL Convergence] | phase=optimize | block=2 | epoch=20/500 | active_users=3 | updated_users=3 | objective=38.074600 | sum_rate=33.986183 | r_p=0.026413 | r_c=0.019313 | r_s=0.004496 | status=running
[DL Convergence] | phase=optimize | block=2 | epoch=25/500 | active_users=3 | updated_users=3 | objective=38.065922 | sum_rate=33.980186 | r_p=0.005385 | r_c=0.003701 | r_s=0.003245 | status=running
[DL Convergence] | phase=optimize | block=2 | epoch=30/500 | active_users=3 | updated_users=3 | objective=38.067249 | sum_rate=33.981075 | r_p=0.000000 | r_c=0.000000 | r_s=0.003548 | status=running
[DL Convergence] | phase=optimize | block=2 | epoch=35/500 | active_users=3 | updated_users=3 | objective=38.070831 | sum_rate=33.984779 | r_p=0.006493 | r_c=0.004463 | r_s=0.003933 | status=running
[DL Convergence] | phase=optimize | block=2 | epoch=40/500 | active_users=3 | updated_users=3 | objective=38.066116 | sum_rate=33.979424 | r_p=0.000000 | r_c=0.000000 | r_s=0.005566 | status=running
[DL Convergence] | phase=optimize | block=2 | epoch=45/500 | active_users=3 | updated_users=3 | objective=38.058044 | sum_rate=33.970387 | r_p=0.017715 | r_c=0.012964 | r_s=0.006436 | status=running
[DL Convergence] | phase=optimize | block=2 | epoch=50/500 | active_users=3 | updated_users=3 | objective=38.073864 | sum_rate=33.987446 | r_p=0.009233 | r_c=0.006354 | r_s=0.004168 | status=running
[DL Convergence] | phase=optimize | block=2 | epoch=55/500 | active_users=3 | updated_users=3 | objective=38.072067 | sum_rate=33.985271 | r_p=0.004039 | r_c=0.002780 | r_s=0.005813 | status=running
[DL Convergence] | phase=optimize | block=2 | epoch=60/500 | active_users=3 | updated_users=3 | objective=38.073200 | sum_rate=33.985336 | r_p=0.006205 | r_c=0.004545 | r_s=0.004840 | status=running
[DL Convergence] | phase=optimize | block=2 | epoch=65/500 | active_users=3 | updated_users=3 | objective=38.061958 | sum_rate=33.975903 | r_p=0.000000 | r_c=0.000000 | r_s=0.004363 | status=running
[DL Convergence] | phase=optimize | block=2 | epoch=70/500 | active_users=3 | updated_users=3 | objective=38.070862 | sum_rate=33.984150 | r_p=0.000000 | r_c=0.000000 | r_s=0.002694 | status=running
[DL Convergence] | phase=optimize | block=2 | epoch=75/500 | active_users=3 | updated_users=3 | objective=38.067322 | sum_rate=33.983700 | r_p=0.027415 | r_c=0.018885 | r_s=0.003122 | status=running
[DL Convergence] | phase=optimize | block=2 | epoch=80/500 | active_users=3 | updated_users=3 | objective=38.066826 | sum_rate=33.982063 | r_p=0.009663 | r_c=0.006659 | r_s=0.005681 | status=running
[DL Convergence] | phase=optimize | block=2 | epoch=85/500 | active_users=3 | updated_users=3 | objective=38.061760 | sum_rate=33.975315 | r_p=0.000000 | r_c=0.000000 | r_s=0.004958 | status=running
[DL Convergence] | phase=optimize | block=2 | epoch=90/500 | active_users=3 | updated_users=3 | objective=38.073105 | sum_rate=33.987617 | r_p=0.015082 | r_c=0.010398 | r_s=0.006023 | status=running
[DL Convergence] | phase=optimize | block=2 | epoch=95/500 | active_users=3 | updated_users=3 | objective=38.068718 | sum_rate=33.982880 | r_p=0.000000 | r_c=0.000000 | r_s=0.003199 | status=running
[DL Convergence] | phase=optimize | block=2 | epoch=100/500 | active_users=3 | updated_users=3 | objective=38.061127 | sum_rate=33.974854 | r_p=0.000000 | r_c=0.000000 | r_s=0.001986 | status=running
[DL Convergence] | phase=optimize | block=2 | epoch=105/500 | active_users=3 | updated_users=3 | objective=38.073284 | sum_rate=33.986771 | r_p=0.004558 | r_c=0.003145 | r_s=0.004397 | status=running
[DL Convergence] | phase=optimize | block=2 | epoch=110/500 | active_users=3 | updated_users=3 | objective=38.074799 | sum_rate=33.988617 | r_p=0.010699 | r_c=0.007385 | r_s=0.002295 | status=running
[DL Convergence] | phase=optimize | block=2 | epoch=115/500 | active_users=3 | updated_users=3 | objective=38.069309 | sum_rate=33.984787 | r_p=0.017488 | r_c=0.012072 | r_s=0.002743 | status=running
[DL Convergence] | phase=optimize | block=2 | epoch=120/500 | active_users=3 | updated_users=3 | objective=38.059425 | sum_rate=33.973167 | r_p=0.000000 | r_c=0.000000 | r_s=0.003172 | status=running
[DL Convergence] | phase=optimize | block=2 | epoch=125/500 | active_users=3 | updated_users=3 | objective=38.064629 | sum_rate=33.978706 | r_p=0.000000 | r_c=0.000000 | r_s=0.003640 | status=running
[DL Convergence] | phase=optimize | block=2 | epoch=130/500 | active_users=3 | updated_users=3 | objective=38.067478 | sum_rate=33.980736 | r_p=0.000000 | r_c=0.000000 | r_s=0.004169 | status=running
[DL Convergence] | phase=optimize | block=2 | epoch=135/500 | active_users=3 | updated_users=3 | objective=38.071835 | sum_rate=33.986023 | r_p=0.003062 | r_c=0.002115 | r_s=0.002592 | status=running
[DL Convergence] | phase=optimize | block=2 | epoch=140/500 | active_users=3 | updated_users=3 | objective=38.067642 | sum_rate=33.982105 | r_p=0.000000 | r_c=0.000000 | r_s=0.003173 | status=running
[DL Convergence] | phase=optimize | block=2 | epoch=145/500 | active_users=3 | updated_users=3 | objective=38.060894 | sum_rate=33.974449 | r_p=0.000000 | r_c=0.000000 | r_s=0.002808 | status=running
[DL Convergence] | phase=optimize | block=2 | epoch=150/500 | active_users=3 | updated_users=3 | objective=38.069271 | sum_rate=33.982826 | r_p=0.000000 | r_c=0.000000 | r_s=0.004137 | status=running
[DL Convergence] | phase=optimize | block=2 | epoch=155/500 | active_users=3 | updated_users=3 | objective=38.065891 | sum_rate=33.979057 | r_p=0.000000 | r_c=0.000000 | r_s=0.003449 | status=running
[DL Convergence] | phase=optimize | block=2 | epoch=160/500 | active_users=3 | updated_users=3 | objective=38.070549 | sum_rate=33.985786 | r_p=0.018341 | r_c=0.012686 | r_s=0.003555 | status=running
[DL Convergence] | phase=optimize | block=2 | epoch=165/500 | active_users=3 | updated_users=3 | objective=38.061455 | sum_rate=33.975712 | r_p=0.000000 | r_c=0.000000 | r_s=0.002590 | status=running
[DL Convergence] | phase=optimize | block=2 | epoch=170/500 | active_users=3 | updated_users=3 | objective=38.054825 | sum_rate=33.970592 | r_p=0.000000 | r_c=0.000000 | r_s=0.006564 | status=running
[DL Convergence] | phase=optimize | block=2 | epoch=175/500 | active_users=3 | updated_users=3 | objective=38.063946 | sum_rate=33.978615 | r_p=0.004900 | r_c=0.003391 | r_s=0.003412 | status=running
[DL Convergence] | phase=optimize | block=2 | epoch=180/500 | active_users=3 | updated_users=3 | objective=38.067753 | sum_rate=33.982056 | r_p=0.002735 | r_c=0.001894 | r_s=0.003329 | status=running
[DL Convergence] | phase=optimize | block=2 | epoch=185/500 | active_users=3 | updated_users=3 | objective=38.071602 | sum_rate=33.984703 | r_p=0.000000 | r_c=0.000000 | r_s=0.003841 | status=running
[DL Convergence] | phase=optimize | block=2 | epoch=190/500 | active_users=3 | updated_users=3 | objective=38.052536 | sum_rate=33.969772 | r_p=0.000000 | r_c=0.000000 | r_s=0.004583 | status=running
[DL Convergence] | phase=optimize | block=2 | epoch=195/500 | active_users=3 | updated_users=3 | objective=38.055855 | sum_rate=33.970840 | r_p=0.000000 | r_c=0.000000 | r_s=0.006171 | status=running
[DL Convergence] | phase=optimize | block=2 | epoch=200/500 | active_users=3 | updated_users=3 | objective=38.061298 | sum_rate=33.975426 | r_p=0.000000 | r_c=0.000000 | r_s=0.003898 | status=running
[DL Convergence] | phase=optimize | block=2 | epoch=205/500 | active_users=3 | updated_users=3 | objective=38.068188 | sum_rate=33.980194 | r_p=0.015646 | r_c=0.011502 | r_s=0.004275 | status=running
[DL Convergence] | phase=optimize | block=2 | epoch=210/500 | active_users=3 | updated_users=3 | objective=38.057800 | sum_rate=33.973095 | r_p=0.000000 | r_c=0.000000 | r_s=0.003326 | status=running
[DL Convergence] | phase=optimize | block=2 | epoch=215/500 | active_users=3 | updated_users=3 | objective=38.071671 | sum_rate=33.984299 | r_p=0.000000 | r_c=0.000000 | r_s=0.004516 | status=running
[DL Convergence] | phase=optimize | block=2 | epoch=220/500 | active_users=3 | updated_users=3 | objective=38.068485 | sum_rate=33.983299 | r_p=1.420975e-04 | r_c=9.863831e-05 | r_s=0.004066 | status=running
[DL Convergence] | phase=optimize | block=2 | epoch=225/500 | active_users=3 | updated_users=3 | objective=38.055141 | sum_rate=33.970596 | r_p=0.000000 | r_c=0.000000 | r_s=0.003562 | status=running
[DL Convergence] | phase=optimize | block=2 | epoch=230/500 | active_users=3 | updated_users=3 | objective=38.068127 | sum_rate=33.982540 | r_p=0.006476 | r_c=0.004497 | r_s=0.005556 | status=running
[DL Convergence] | phase=optimize | block=2 | epoch=235/500 | active_users=3 | updated_users=3 | objective=38.074440 | sum_rate=33.986923 | r_p=0.003942 | r_c=0.002902 | r_s=0.004259 | status=running
[DL Convergence] | phase=optimize | block=2 | epoch=240/500 | active_users=3 | updated_users=3 | objective=38.058319 | sum_rate=33.972881 | r_p=0.000000 | r_c=0.000000 | r_s=0.002914 | status=running
[DL Convergence] | phase=optimize | block=2 | epoch=245/500 | active_users=3 | updated_users=3 | objective=38.067734 | sum_rate=33.981216 | r_p=0.000000 | r_c=0.000000 | r_s=0.003844 | status=running
[DL Convergence] | phase=optimize | block=2 | epoch=250/500 | active_users=3 | updated_users=3 | objective=38.067787 | sum_rate=33.980545 | r_p=2.088547e-04 | r_c=1.537467e-04 | r_s=0.002379 | status=running
[DL Convergence] | phase=optimize | block=2 | epoch=255/500 | active_users=3 | updated_users=3 | objective=38.060516 | sum_rate=33.974129 | r_p=0.000000 | r_c=0.000000 | r_s=0.002729 | status=running
[DL Convergence] | phase=optimize | block=2 | epoch=260/500 | active_users=3 | updated_users=3 | objective=38.067013 | sum_rate=33.981571 | r_p=0.000000 | r_c=0.000000 | r_s=0.002689 | status=running
[DL Convergence] | phase=optimize | block=2 | epoch=265/500 | active_users=3 | updated_users=3 | objective=38.068253 | sum_rate=33.981331 | r_p=0.000000 | r_c=0.000000 | r_s=0.003236 | status=running
[DL Convergence] | phase=optimize | block=2 | epoch=270/500 | active_users=3 | updated_users=3 | objective=38.072598 | sum_rate=33.985844 | r_p=0.000000 | r_c=0.000000 | r_s=0.002292 | status=running
[DL Convergence] | phase=optimize | block=2 | epoch=275/500 | active_users=3 | updated_users=3 | objective=38.073566 | sum_rate=33.987640 | r_p=0.009869 | r_c=0.006865 | r_s=0.002506 | status=running
[DL Convergence] | phase=optimize | block=2 | epoch=280/500 | active_users=3 | updated_users=3 | objective=38.071404 | sum_rate=33.984894 | r_p=0.000000 | r_c=0.000000 | r_s=0.001281 | status=running
[DL Convergence] | phase=optimize | block=2 | epoch=285/500 | active_users=3 | updated_users=3 | objective=38.070160 | sum_rate=33.983143 | r_p=0.000000 | r_c=0.000000 | r_s=0.002988 | status=running
[DL Convergence] | phase=optimize | block=2 | epoch=290/500 | active_users=3 | updated_users=3 | objective=38.066956 | sum_rate=33.979958 | r_p=0.000000 | r_c=0.000000 | r_s=0.003603 | status=running
[DL Convergence] | phase=optimize | block=2 | epoch=295/500 | active_users=3 | updated_users=3 | objective=38.069981 | sum_rate=33.985031 | r_p=0.012091 | r_c=0.008417 | r_s=0.003506 | status=running
[DL Convergence] | phase=optimize | block=2 | epoch=300/500 | active_users=3 | updated_users=3 | objective=38.072182 | sum_rate=33.986450 | r_p=0.016724 | r_c=0.011648 | r_s=0.002774 | status=running
[DL Convergence] | phase=optimize | block=2 | epoch=305/500 | active_users=3 | updated_users=3 | objective=38.077023 | sum_rate=33.990559 | r_p=0.019011 | r_c=0.013244 | r_s=0.003034 | status=running
[DL Convergence] | phase=optimize | block=2 | epoch=310/500 | active_users=3 | updated_users=3 | objective=38.058773 | sum_rate=33.975914 | r_p=0.005045 | r_c=0.003516 | r_s=0.004722 | status=running
[DL Convergence] | phase=optimize | block=2 | epoch=315/500 | active_users=3 | updated_users=3 | objective=38.059181 | sum_rate=33.973804 | r_p=0.000000 | r_c=0.000000 | r_s=0.002956 | status=running
[DL Convergence] | phase=optimize | block=2 | epoch=320/500 | active_users=3 | updated_users=3 | objective=38.075871 | sum_rate=33.989609 | r_p=0.020136 | r_c=0.014040 | r_s=0.002524 | status=running
[DL Convergence] | phase=optimize | block=2 | epoch=325/500 | active_users=3 | updated_users=3 | objective=38.074203 | sum_rate=33.986828 | r_p=0.002176 | r_c=0.001605 | r_s=0.002677 | status=running
[DL Convergence] | phase=optimize | block=2 | epoch=330/500 | active_users=3 | updated_users=3 | objective=38.073627 | sum_rate=33.986763 | r_p=0.000000 | r_c=0.000000 | r_s=0.002857 | status=running
[DL Convergence] | phase=optimize | block=2 | epoch=335/500 | active_users=3 | updated_users=3 | objective=38.072292 | sum_rate=33.985317 | r_p=0.000000 | r_c=0.000000 | r_s=0.002324 | status=running
[DL Convergence] | phase=optimize | block=2 | epoch=340/500 | active_users=3 | updated_users=3 | objective=38.076851 | sum_rate=33.989574 | r_p=7.934570e-04 | r_c=5.537089e-04 | r_s=0.002336 | status=running
[DL Convergence] | phase=optimize | block=2 | epoch=345/500 | active_users=3 | updated_users=3 | objective=38.075634 | sum_rate=33.989082 | r_p=0.002698 | r_c=0.001883 | r_s=0.002206 | status=running
[DL Convergence] | phase=optimize | block=2 | epoch=350/500 | active_users=3 | updated_users=3 | objective=38.071907 | sum_rate=33.984917 | r_p=0.000000 | r_c=0.000000 | r_s=0.002857 | status=running
[DL Convergence] | phase=optimize | block=2 | epoch=355/500 | active_users=3 | updated_users=3 | objective=38.073822 | sum_rate=33.987259 | r_p=2.040863e-04 | r_c=1.425017e-04 | r_s=0.001899 | status=running
[DL Convergence] | phase=optimize | block=2 | epoch=360/500 | active_users=3 | updated_users=3 | objective=38.073029 | sum_rate=33.986340 | r_p=0.000000 | r_c=0.000000 | r_s=0.002644 | status=running
[DL Convergence] | phase=optimize | block=2 | epoch=365/500 | active_users=3 | updated_users=3 | objective=38.066994 | sum_rate=33.979809 | r_p=0.000000 | r_c=0.000000 | r_s=0.001949 | status=running
[DL Convergence] | phase=optimize | block=2 | epoch=370/500 | active_users=3 | updated_users=3 | objective=38.065445 | sum_rate=33.978130 | r_p=0.000000 | r_c=0.000000 | r_s=0.002201 | status=running
[DL Convergence] | phase=optimize | block=2 | epoch=375/500 | active_users=3 | updated_users=3 | objective=38.075558 | sum_rate=33.989693 | r_p=0.014007 | r_c=0.009789 | r_s=0.002537 | status=running
[DL Convergence] | phase=optimize | block=2 | epoch=380/500 | active_users=3 | updated_users=3 | objective=38.060181 | sum_rate=33.977989 | r_p=0.031704 | r_c=0.022162 | r_s=0.004862 | status=running
[DL Convergence] | phase=optimize | block=2 | epoch=385/500 | active_users=3 | updated_users=3 | objective=38.062714 | sum_rate=33.976608 | r_p=0.000000 | r_c=0.000000 | r_s=0.002994 | status=running
[DL Convergence] | phase=optimize | block=2 | epoch=390/500 | active_users=3 | updated_users=3 | objective=38.067734 | sum_rate=33.982956 | r_p=0.021112 | r_c=0.014772 | r_s=0.006396 | status=running
[DL Convergence] | phase=optimize | block=2 | epoch=395/500 | active_users=3 | updated_users=3 | objective=38.066570 | sum_rate=33.980888 | r_p=0.000000 | r_c=0.000000 | r_s=0.004464 | status=running
[DL Convergence] | phase=optimize | block=2 | epoch=400/500 | active_users=3 | updated_users=3 | objective=38.061584 | sum_rate=33.973850 | r_p=0.010719 | r_c=0.007918 | r_s=0.002927 | status=running
[DL Convergence] | phase=optimize | block=2 | epoch=405/500 | active_users=3 | updated_users=3 | objective=38.070274 | sum_rate=33.983116 | r_p=0.002748 | r_c=0.002031 | r_s=0.003301 | status=running
[DL Convergence] | phase=optimize | block=2 | epoch=410/500 | active_users=3 | updated_users=3 | objective=38.069969 | sum_rate=33.981735 | r_p=0.017243 | r_c=0.012739 | r_s=0.003957 | status=running
[DL Convergence] | phase=optimize | block=2 | epoch=415/500 | active_users=3 | updated_users=3 | objective=38.077381 | sum_rate=33.989471 | r_p=0.006403 | r_c=0.004732 | r_s=0.002648 | status=running
[DL Convergence] | phase=optimize | block=2 | epoch=420/500 | active_users=3 | updated_users=3 | objective=38.067310 | sum_rate=33.980392 | r_p=0.000000 | r_c=0.000000 | r_s=0.002901 | status=running
[DL Convergence] | phase=optimize | block=2 | epoch=425/500 | active_users=3 | updated_users=3 | objective=38.075321 | sum_rate=33.987915 | r_p=0.000000 | r_c=0.000000 | r_s=0.002216 | status=running
[DL Convergence] | phase=optimize | block=2 | epoch=430/500 | active_users=3 | updated_users=3 | objective=38.066933 | sum_rate=33.980045 | r_p=0.000000 | r_c=0.000000 | r_s=0.003187 | status=running
[DL Convergence] | phase=optimize | block=2 | epoch=435/500 | active_users=3 | updated_users=3 | objective=38.075829 | sum_rate=33.988548 | r_p=0.002776 | r_c=0.001946 | r_s=0.002066 | status=running
[DL Convergence] | phase=optimize | block=2 | epoch=440/500 | active_users=3 | updated_users=3 | objective=38.077049 | sum_rate=33.989479 | r_p=1.564026e-04 | r_c=1.156466e-04 | r_s=0.003022 | status=running
[DL Convergence] | phase=optimize | block=2 | epoch=445/500 | active_users=3 | updated_users=3 | objective=38.076881 | sum_rate=33.989212 | r_p=0.002414 | r_c=0.001785 | r_s=0.002516 | status=running
[DL Convergence] | phase=optimize | block=2 | epoch=450/500 | active_users=3 | updated_users=3 | objective=38.068703 | sum_rate=33.980751 | r_p=0.008322 | r_c=0.006153 | r_s=0.002805 | status=running
[DL Convergence] | phase=optimize | block=2 | epoch=455/500 | active_users=3 | updated_users=3 | objective=38.075691 | sum_rate=33.988533 | r_p=1.144409e-05 | r_c=8.031528e-06 | r_s=0.002106 | status=running
[DL Convergence] | phase=optimize | block=2 | epoch=460/500 | active_users=3 | updated_users=3 | objective=38.077164 | sum_rate=33.989578 | r_p=0.000000 | r_c=0.000000 | r_s=0.003163 | status=running
[DL Convergence] | phase=optimize | block=2 | epoch=465/500 | active_users=3 | updated_users=3 | objective=38.068195 | sum_rate=33.979710 | r_p=0.015437 | r_c=0.011421 | r_s=0.002797 | status=running
[DL Convergence] | phase=optimize | block=2 | epoch=470/500 | active_users=3 | updated_users=3 | objective=38.074783 | sum_rate=33.987949 | r_p=3.166199e-04 | r_c=2.223121e-04 | r_s=0.002207 | status=running
[DL Convergence] | phase=optimize | block=2 | epoch=475/500 | active_users=3 | updated_users=3 | objective=38.070831 | sum_rate=33.984058 | r_p=0.000000 | r_c=0.000000 | r_s=0.002837 | status=running
[DL Convergence] | phase=optimize | block=2 | epoch=480/500 | active_users=3 | updated_users=3 | objective=38.071251 | sum_rate=33.984020 | r_p=0.000000 | r_c=0.000000 | r_s=0.001684 | status=running
[DL Convergence] | phase=optimize | block=2 | epoch=485/500 | active_users=3 | updated_users=3 | objective=38.068722 | sum_rate=33.980953 | r_p=0.004293 | r_c=0.003179 | r_s=0.002571 | status=running
[DL Convergence] | phase=optimize | block=2 | epoch=490/500 | active_users=3 | updated_users=3 | objective=38.070950 | sum_rate=33.984451 | r_p=0.000000 | r_c=0.000000 | r_s=0.002384 | status=running
[DL Convergence] | phase=optimize | block=2 | epoch=495/500 | active_users=3 | updated_users=3 | objective=38.069019 | sum_rate=33.984154 | r_p=0.017141 | r_c=0.012046 | r_s=0.006054 | status=running
[DL Convergence] | phase=optimize | block=2 | epoch=500/500 | active_users=3 | updated_users=3 | objective=38.065174 | sum_rate=33.978313 | r_p=0.000000 | r_c=0.000000 | r_s=0.002787 | status=running
  user=00 block=02 accepted smaller n_kl=  29 after fresh re-optimization of users [0].
  user=01 block=02 accepted smaller n_kl=  39 without fresh re-optimization.
[DL Convergence Reduction] | block=2 | epoch=22 | users=[0, 1, 2]
  user=00 block=02 candidate n_kl=  28 breaks committed-user feasibility [0]; trying fresh re-optimization.
[DL Convergence] | phase=optimize | block=2 | epoch=1/500 | active_users=3 | updated_users=3 | objective=37.993736 | sum_rate=33.915230 | r_p=0.326498 | r_c=0.241502 | r_s=0.005034 | status=running
[DL Convergence] | phase=optimize | block=2 | epoch=5/500 | active_users=3 | updated_users=3 | objective=37.909473 | sum_rate=33.849403 | r_p=0.066273 | r_c=0.049636 | r_s=0.012289 | status=running
[DL Convergence] | phase=optimize | block=2 | epoch=10/500 | active_users=3 | updated_users=3 | objective=37.907459 | sum_rate=33.851940 | r_p=0.083702 | r_c=0.058947 | r_s=0.006416 | status=running
[DL Convergence] | phase=optimize | block=2 | epoch=15/500 | active_users=3 | updated_users=3 | objective=37.912979 | sum_rate=33.854027 | r_p=0.061972 | r_c=0.046587 | r_s=0.005384 | status=running
[DL Convergence] | phase=optimize | block=2 | epoch=20/500 | active_users=3 | updated_users=3 | objective=37.923122 | sum_rate=33.862221 | r_p=0.063786 | r_c=0.048182 | r_s=0.004587 | status=running
[DL Convergence] | phase=optimize | block=2 | epoch=25/500 | active_users=3 | updated_users=3 | objective=37.934402 | sum_rate=33.872215 | r_p=0.074104 | r_c=0.056242 | r_s=0.004162 | status=running
[DL Convergence] | phase=optimize | block=2 | epoch=30/500 | active_users=3 | updated_users=3 | objective=37.928856 | sum_rate=33.868111 | r_p=0.054716 | r_c=0.041726 | r_s=0.004364 | status=running
[DL Convergence] | phase=optimize | block=2 | epoch=35/500 | active_users=3 | updated_users=3 | objective=37.919964 | sum_rate=33.861084 | r_p=0.046803 | r_c=0.029553 | r_s=0.005226 | status=running
[DL Convergence] | phase=optimize | block=2 | epoch=40/500 | active_users=3 | updated_users=3 | objective=37.934109 | sum_rate=33.873158 | r_p=0.053017 | r_c=0.040680 | r_s=0.003025 | status=running
[DL Convergence] | phase=optimize | block=2 | epoch=45/500 | active_users=3 | updated_users=3 | objective=37.933273 | sum_rate=33.871628 | r_p=0.064807 | r_c=0.049907 | r_s=0.004074 | status=running
[DL Convergence] | phase=optimize | block=2 | epoch=50/500 | active_users=3 | updated_users=3 | objective=37.928596 | sum_rate=33.867691 | r_p=0.055727 | r_c=0.043083 | r_s=0.004231 | status=running
[DL Convergence] | phase=optimize | block=2 | epoch=55/500 | active_users=3 | updated_users=3 | objective=37.935081 | sum_rate=33.873753 | r_p=0.059378 | r_c=0.046086 | r_s=0.002722 | status=running
[DL Convergence] | phase=optimize | block=2 | epoch=60/500 | active_users=3 | updated_users=3 | objective=37.935982 | sum_rate=33.874763 | r_p=0.056416 | r_c=0.043936 | r_s=0.002668 | status=running
[DL Convergence] | phase=optimize | block=2 | epoch=65/500 | active_users=3 | updated_users=3 | objective=37.932899 | sum_rate=33.872070 | r_p=0.051851 | r_c=0.040502 | r_s=0.003483 | status=running
[DL Convergence] | phase=optimize | block=2 | epoch=70/500 | active_users=3 | updated_users=3 | objective=37.932495 | sum_rate=33.871384 | r_p=0.054753 | r_c=0.042925 | r_s=0.003002 | status=running
[DL Convergence] | phase=optimize | block=2 | epoch=75/500 | active_users=3 | updated_users=3 | objective=37.939056 | sum_rate=33.877327 | r_p=0.060358 | r_c=0.047494 | r_s=0.001959 | status=running
[DL Convergence] | phase=optimize | block=2 | epoch=80/500 | active_users=3 | updated_users=3 | objective=37.935299 | sum_rate=33.873997 | r_p=0.053503 | r_c=0.042246 | r_s=0.001203 | status=running
[DL Convergence] | phase=optimize | block=2 | epoch=85/500 | active_users=3 | updated_users=3 | objective=37.936283 | sum_rate=33.875015 | r_p=0.052931 | r_c=0.041942 | r_s=0.001765 | status=running
[DL Convergence] | phase=optimize | block=2 | epoch=90/500 | active_users=3 | updated_users=3 | objective=37.940735 | sum_rate=33.878937 | r_p=0.059036 | r_c=0.046943 | r_s=0.001775 | status=running
[DL Convergence] | phase=optimize | block=2 | epoch=95/500 | active_users=3 | updated_users=3 | objective=37.935383 | sum_rate=33.874084 | r_p=0.052554 | r_c=0.041934 | r_s=7.696673e-04 | status=running
[DL Convergence] | phase=optimize | block=2 | epoch=100/500 | active_users=3 | updated_users=3 | objective=37.934902 | sum_rate=33.873695 | r_p=0.051465 | r_c=0.041205 | r_s=0.001772 | status=running
[DL Convergence] | phase=optimize | block=2 | epoch=105/500 | active_users=3 | updated_users=3 | objective=37.939507 | sum_rate=33.877804 | r_p=0.057878 | r_c=0.046492 | r_s=0.001930 | status=running
[DL Convergence] | phase=optimize | block=2 | epoch=110/500 | active_users=3 | updated_users=3 | objective=37.935291 | sum_rate=33.874123 | r_p=0.050420 | r_c=0.040635 | r_s=7.384613e-04 | status=running
[DL Convergence] | phase=optimize | block=2 | epoch=115/500 | active_users=3 | updated_users=3 | objective=37.934258 | sum_rate=33.873192 | r_p=0.049449 | r_c=0.039984 | r_s=0.001861 | status=running
[DL Convergence] | phase=optimize | block=2 | epoch=120/500 | active_users=3 | updated_users=3 | objective=37.938484 | sum_rate=33.876911 | r_p=0.055995 | r_c=0.045419 | r_s=0.001723 | status=running
[DL Convergence] | phase=optimize | block=2 | epoch=125/500 | active_users=3 | updated_users=3 | objective=37.934219 | sum_rate=33.873161 | r_p=0.048962 | r_c=0.039841 | r_s=7.186208e-04 | status=running
[DL Convergence] | phase=optimize | block=2 | epoch=130/500 | active_users=3 | updated_users=3 | objective=37.933777 | sum_rate=33.872780 | r_p=0.048455 | r_c=0.039553 | r_s=0.001869 | status=running
[DL Convergence] | phase=optimize | block=2 | epoch=135/500 | active_users=3 | updated_users=3 | objective=37.937946 | sum_rate=33.876461 | r_p=0.055027 | r_c=0.045054 | r_s=0.001768 | status=running
[DL Convergence] | phase=optimize | block=2 | epoch=140/500 | active_users=3 | updated_users=3 | objective=37.933403 | sum_rate=33.872463 | r_p=0.047479 | r_c=0.038993 | r_s=7.651534e-04 | status=running
[DL Convergence] | phase=optimize | block=2 | epoch=145/500 | active_users=3 | updated_users=3 | objective=37.943092 | sum_rate=33.881050 | r_p=0.063076 | r_c=0.051960 | r_s=0.002543 | status=running
[DL Convergence] | phase=optimize | block=2 | epoch=150/500 | active_users=3 | updated_users=3 | objective=37.934155 | sum_rate=33.872917 | r_p=0.058622 | r_c=0.048436 | r_s=0.002929 | status=running
[DL Convergence] | phase=optimize | block=2 | epoch=155/500 | active_users=3 | updated_users=3 | objective=37.937843 | sum_rate=33.876461 | r_p=0.055242 | r_c=0.045788 | r_s=0.002838 | status=running
[DL Convergence] | phase=optimize | block=2 | epoch=160/500 | active_users=3 | updated_users=3 | objective=37.931786 | sum_rate=33.871056 | r_p=0.050963 | r_c=0.042368 | r_s=0.003137 | status=running
[DL Convergence] | phase=optimize | block=2 | epoch=165/500 | active_users=3 | updated_users=3 | objective=37.920502 | sum_rate=33.860992 | r_p=0.045799 | r_c=0.033497 | r_s=0.004961 | status=running
[DL Convergence] | phase=optimize | block=2 | epoch=170/500 | active_users=3 | updated_users=3 | objective=37.930004 | sum_rate=33.869656 | r_p=0.046339 | r_c=0.037219 | r_s=0.002517 | status=running
[DL Convergence] | phase=optimize | block=2 | epoch=175/500 | active_users=3 | updated_users=3 | objective=37.928333 | sum_rate=33.867905 | r_p=0.045900 | r_c=0.038508 | r_s=0.003345 | status=running
[DL Convergence] | phase=optimize | block=2 | epoch=180/500 | active_users=3 | updated_users=3 | objective=37.933907 | sum_rate=33.873070 | r_p=0.050402 | r_c=0.041353 | r_s=0.002488 | status=running
[DL Convergence] | phase=optimize | block=2 | epoch=185/500 | active_users=3 | updated_users=3 | objective=37.940224 | sum_rate=33.878456 | r_p=0.063088 | r_c=0.053254 | r_s=0.003193 | status=running
[DL Convergence] | phase=optimize | block=2 | epoch=190/500 | active_users=3 | updated_users=3 | objective=37.928802 | sum_rate=33.868130 | r_p=0.054520 | r_c=0.046146 | r_s=0.003540 | status=running
[DL Convergence] | phase=optimize | block=2 | epoch=195/500 | active_users=3 | updated_users=3 | objective=37.932045 | sum_rate=33.871235 | r_p=0.052248 | r_c=0.044363 | r_s=0.002988 | status=running
[DL Convergence] | phase=optimize | block=2 | epoch=200/500 | active_users=3 | updated_users=3 | objective=37.936844 | sum_rate=33.875504 | r_p=0.055620 | r_c=0.047375 | r_s=0.002475 | status=running
[DL Convergence] | phase=optimize | block=2 | epoch=205/500 | active_users=3 | updated_users=3 | objective=37.933411 | sum_rate=33.872498 | r_p=0.049205 | r_c=0.042030 | r_s=0.002947 | status=running
[DL Convergence] | phase=optimize | block=2 | epoch=210/500 | active_users=3 | updated_users=3 | objective=37.921284 | sum_rate=33.861740 | r_p=0.046806 | r_c=0.033091 | r_s=0.004779 | status=running
[DL Convergence] | phase=optimize | block=2 | epoch=215/500 | active_users=3 | updated_users=3 | objective=37.931046 | sum_rate=33.870712 | r_p=0.054705 | r_c=0.043790 | r_s=0.003438 | status=running
[DL Convergence] | phase=optimize | block=2 | epoch=220/500 | active_users=3 | updated_users=3 | objective=37.935448 | sum_rate=33.874146 | r_p=0.055663 | r_c=0.047962 | r_s=0.003117 | status=running
[DL Convergence] | phase=optimize | block=2 | epoch=225/500 | active_users=3 | updated_users=3 | objective=37.923248 | sum_rate=33.863373 | r_p=0.046500 | r_c=0.034586 | r_s=0.003240 | status=running
[DL Convergence] | phase=optimize | block=2 | epoch=230/500 | active_users=3 | updated_users=3 | objective=37.934654 | sum_rate=33.873680 | r_p=0.053084 | r_c=0.045517 | r_s=0.003609 | status=running
[DL Convergence] | phase=optimize | block=2 | epoch=235/500 | active_users=3 | updated_users=3 | objective=37.926617 | sum_rate=33.866131 | r_p=0.048626 | r_c=0.042256 | r_s=0.004016 | status=running
[DL Convergence] | phase=optimize | block=2 | epoch=240/500 | active_users=3 | updated_users=3 | objective=37.933285 | sum_rate=33.872452 | r_p=0.052269 | r_c=0.045403 | r_s=0.003235 | status=running
[DL Convergence] | phase=optimize | block=2 | epoch=245/500 | active_users=3 | updated_users=3 | objective=37.923325 | sum_rate=33.863380 | r_p=0.045027 | r_c=0.036365 | r_s=0.003449 | status=running
[DL Convergence] | phase=optimize | block=2 | epoch=250/500 | active_users=3 | updated_users=3 | objective=37.932613 | sum_rate=33.871910 | r_p=0.051464 | r_c=0.043830 | r_s=0.002884 | status=running
[DL Convergence] | phase=optimize | block=2 | epoch=255/500 | active_users=3 | updated_users=3 | objective=37.924232 | sum_rate=33.864159 | r_p=0.043179 | r_c=0.037384 | r_s=0.003145 | status=running
[DL Convergence] | phase=optimize | block=2 | epoch=260/500 | active_users=3 | updated_users=3 | objective=37.933178 | sum_rate=33.872444 | r_p=0.052416 | r_c=0.043937 | r_s=0.002799 | status=running
[DL Convergence] | phase=optimize | block=2 | epoch=265/500 | active_users=3 | updated_users=3 | objective=37.931892 | sum_rate=33.871063 | r_p=0.050430 | r_c=0.044586 | r_s=0.002997 | status=running
[DL Convergence] | phase=optimize | block=2 | epoch=270/500 | active_users=3 | updated_users=3 | objective=37.930359 | sum_rate=33.870003 | r_p=0.045199 | r_c=0.038025 | r_s=0.002119 | status=running
[DL Convergence] | phase=optimize | block=2 | epoch=275/500 | active_users=3 | updated_users=3 | objective=37.934509 | sum_rate=33.873497 | r_p=0.049558 | r_c=0.044061 | r_s=0.001580 | status=running
[DL Convergence] | phase=optimize | block=2 | epoch=280/500 | active_users=3 | updated_users=3 | objective=37.930691 | sum_rate=33.870174 | r_p=0.043196 | r_c=0.038518 | r_s=0.002651 | status=running
[DL Convergence] | phase=optimize | block=2 | epoch=285/500 | active_users=3 | updated_users=3 | objective=37.929981 | sum_rate=33.869617 | r_p=0.041071 | r_c=0.036717 | r_s=0.001262 | status=running
[DL Convergence] | phase=optimize | block=2 | epoch=290/500 | active_users=3 | updated_users=3 | objective=37.936699 | sum_rate=33.875439 | r_p=0.051832 | r_c=0.046461 | r_s=0.001580 | status=running
[DL Convergence] | phase=optimize | block=2 | epoch=295/500 | active_users=3 | updated_users=3 | objective=37.930538 | sum_rate=33.869980 | r_p=0.043640 | r_c=0.039233 | r_s=0.002448 | status=running
[DL Convergence] | phase=optimize | block=2 | epoch=300/500 | active_users=3 | updated_users=3 | objective=37.935394 | sum_rate=33.874500 | r_p=0.053208 | r_c=0.044744 | r_s=0.002777 | status=running
[DL Convergence] | phase=optimize | block=2 | epoch=305/500 | active_users=3 | updated_users=3 | objective=37.934666 | sum_rate=33.873604 | r_p=0.050519 | r_c=0.045673 | r_s=0.001354 | status=running
[DL Convergence] | phase=optimize | block=2 | epoch=310/500 | active_users=3 | updated_users=3 | objective=37.934666 | sum_rate=33.873711 | r_p=0.050914 | r_c=0.045693 | r_s=0.002148 | status=running
[DL Convergence] | phase=optimize | block=2 | epoch=315/500 | active_users=3 | updated_users=3 | objective=37.939896 | sum_rate=33.878197 | r_p=0.060536 | r_c=0.055019 | r_s=0.002253 | status=running
[DL Convergence] | phase=optimize | block=2 | epoch=320/500 | active_users=3 | updated_users=3 | objective=37.935604 | sum_rate=33.874527 | r_p=0.049874 | r_c=0.045465 | r_s=0.002656 | status=running
[DL Convergence] | phase=optimize | block=2 | epoch=325/500 | active_users=3 | updated_users=3 | objective=37.929726 | sum_rate=33.869320 | r_p=0.041664 | r_c=0.038082 | r_s=0.001309 | status=running
[DL Convergence] | phase=optimize | block=2 | epoch=330/500 | active_users=3 | updated_users=3 | objective=37.932858 | sum_rate=33.872066 | r_p=0.045630 | r_c=0.041809 | r_s=0.001643 | status=running
[DL Convergence] | phase=optimize | block=2 | epoch=335/500 | active_users=3 | updated_users=3 | objective=37.938675 | sum_rate=33.877239 | r_p=0.055187 | r_c=0.050227 | r_s=0.002308 | status=running
[DL Convergence] | phase=optimize | block=2 | epoch=340/500 | active_users=3 | updated_users=3 | objective=37.933872 | sum_rate=33.873024 | r_p=0.046097 | r_c=0.042459 | r_s=0.002523 | status=running
[DL Convergence] | phase=optimize | block=2 | epoch=345/500 | active_users=3 | updated_users=3 | objective=37.930435 | sum_rate=33.869972 | r_p=0.041862 | r_c=0.038658 | r_s=9.437199e-04 | status=running
[DL Convergence] | phase=optimize | block=2 | epoch=350/500 | active_users=3 | updated_users=3 | objective=37.933014 | sum_rate=33.872223 | r_p=0.045321 | r_c=0.041955 | r_s=0.001327 | status=running
[DL Convergence] | phase=optimize | block=2 | epoch=355/500 | active_users=3 | updated_users=3 | objective=37.937717 | sum_rate=33.876362 | r_p=0.053747 | r_c=0.049877 | r_s=0.002146 | status=running
[DL Convergence] | phase=optimize | block=2 | epoch=360/500 | active_users=3 | updated_users=3 | objective=37.932541 | sum_rate=33.871853 | r_p=0.044022 | r_c=0.040957 | r_s=0.002577 | status=running
[DL Convergence] | phase=optimize | block=2 | epoch=365/500 | active_users=3 | updated_users=3 | objective=37.929813 | sum_rate=33.869450 | r_p=0.040601 | r_c=0.037867 | r_s=9.026578e-04 | status=running
[DL Convergence] | phase=optimize | block=2 | epoch=370/500 | active_users=3 | updated_users=3 | objective=37.932625 | sum_rate=33.871895 | r_p=0.044552 | r_c=0.041651 | r_s=0.001356 | status=running
[DL Convergence] | phase=optimize | block=2 | epoch=375/500 | active_users=3 | updated_users=3 | objective=37.937145 | sum_rate=33.875862 | r_p=0.052766 | r_c=0.049449 | r_s=0.002137 | status=running
[DL Convergence] | phase=optimize | block=2 | epoch=380/500 | active_users=3 | updated_users=3 | objective=37.931629 | sum_rate=33.871048 | r_p=0.042681 | r_c=0.040097 | r_s=0.002604 | status=running
[DL Convergence] | phase=optimize | block=2 | epoch=385/500 | active_users=3 | updated_users=3 | objective=37.929070 | sum_rate=33.868801 | r_p=0.039427 | r_c=0.037127 | r_s=8.813059e-04 | status=running
[DL Convergence] | phase=optimize | block=2 | epoch=390/500 | active_users=3 | updated_users=3 | objective=37.933052 | sum_rate=33.872330 | r_p=0.047034 | r_c=0.043612 | r_s=0.001093 | status=running
[DL Convergence] | phase=optimize | block=2 | epoch=395/500 | active_users=3 | updated_users=3 | objective=37.932972 | sum_rate=33.872169 | r_p=0.046244 | r_c=0.043775 | r_s=0.001840 | status=running
[DL Convergence] | phase=optimize | block=2 | epoch=400/500 | active_users=3 | updated_users=3 | objective=37.933174 | sum_rate=33.872337 | r_p=0.048027 | r_c=0.045566 | r_s=0.002003 | status=running
[DL Convergence] | phase=optimize | block=2 | epoch=405/500 | active_users=3 | updated_users=3 | objective=37.938610 | sum_rate=33.877083 | r_p=0.056973 | r_c=0.054188 | r_s=0.002033 | status=running
[DL Convergence] | phase=optimize | block=2 | epoch=410/500 | active_users=3 | updated_users=3 | objective=37.930664 | sum_rate=33.870258 | r_p=0.042175 | r_c=0.039341 | r_s=0.003441 | status=running
[DL Convergence] | phase=optimize | block=2 | epoch=415/500 | active_users=3 | updated_users=3 | objective=37.931713 | sum_rate=33.871178 | r_p=0.046730 | r_c=0.042825 | r_s=0.003365 | status=running
[DL Convergence] | phase=optimize | block=2 | epoch=420/500 | active_users=3 | updated_users=3 | objective=37.929287 | sum_rate=33.868931 | r_p=0.041536 | r_c=0.039800 | r_s=0.001254 | status=running
[DL Convergence] | phase=optimize | block=2 | epoch=425/500 | active_users=3 | updated_users=3 | objective=37.930256 | sum_rate=33.869888 | r_p=0.042911 | r_c=0.040234 | r_s=0.002093 | status=running
[DL Convergence] | phase=optimize | block=2 | epoch=430/500 | active_users=3 | updated_users=3 | objective=37.929184 | sum_rate=33.868813 | r_p=0.042494 | r_c=0.040916 | r_s=0.002401 | status=running
[DL Convergence] | phase=optimize | block=2 | epoch=435/500 | active_users=3 | updated_users=3 | objective=37.931278 | sum_rate=33.870605 | r_p=0.047267 | r_c=0.045621 | r_s=0.001845 | status=running
[DL Convergence] | phase=optimize | block=2 | epoch=440/500 | active_users=3 | updated_users=3 | objective=37.934605 | sum_rate=33.873638 | r_p=0.049335 | r_c=0.047729 | r_s=0.002099 | status=running
[DL Convergence] | phase=optimize | block=2 | epoch=445/500 | active_users=3 | updated_users=3 | objective=37.936825 | sum_rate=33.875542 | r_p=0.053465 | r_c=0.051852 | r_s=0.002403 | status=running
[DL Convergence] | phase=optimize | block=2 | epoch=450/500 | active_users=3 | updated_users=3 | objective=37.937462 | sum_rate=33.876266 | r_p=0.059034 | r_c=0.053716 | r_s=0.002655 | status=running
[DL Convergence] | phase=optimize | block=2 | epoch=455/500 | active_users=3 | updated_users=3 | objective=37.939178 | sum_rate=33.877686 | r_p=0.061336 | r_c=0.057487 | r_s=0.002143 | status=running
[DL Convergence] | phase=optimize | block=2 | epoch=460/500 | active_users=3 | updated_users=3 | objective=37.929077 | sum_rate=33.868763 | r_p=0.042586 | r_c=0.041607 | r_s=0.003148 | status=running
[DL Convergence] | phase=optimize | block=2 | epoch=465/500 | active_users=3 | updated_users=3 | objective=37.929268 | sum_rate=33.869087 | r_p=0.042678 | r_c=0.039134 | r_s=0.003030 | status=running
[DL Convergence] | phase=optimize | block=2 | epoch=470/500 | active_users=3 | updated_users=3 | objective=37.933838 | sum_rate=33.873016 | r_p=0.048598 | r_c=0.046705 | r_s=0.002885 | status=running
[DL Convergence] | phase=optimize | block=2 | epoch=475/500 | active_users=3 | updated_users=3 | objective=37.927002 | sum_rate=33.866905 | r_p=0.039827 | r_c=0.037679 | r_s=0.002271 | status=running
[DL Convergence] | phase=optimize | block=2 | epoch=480/500 | active_users=3 | updated_users=3 | objective=37.926136 | sum_rate=33.866196 | r_p=0.039804 | r_c=0.037088 | r_s=0.002142 | status=running
[DL Convergence] | phase=optimize | block=2 | epoch=485/500 | active_users=3 | updated_users=3 | objective=37.929188 | sum_rate=33.868874 | r_p=0.042744 | r_c=0.042244 | r_s=0.002329 | status=running
[DL Convergence] | phase=optimize | block=2 | epoch=490/500 | active_users=3 | updated_users=3 | objective=37.927345 | sum_rate=33.867188 | r_p=0.040023 | r_c=0.039643 | r_s=0.002121 | status=running
[DL Convergence] | phase=optimize | block=2 | epoch=495/500 | active_users=3 | updated_users=3 | objective=37.928383 | sum_rate=33.868076 | r_p=0.041954 | r_c=0.041644 | r_s=0.001590 | status=running
[DL Convergence] | phase=optimize | block=2 | epoch=500/500 | active_users=3 | updated_users=3 | objective=37.931633 | sum_rate=33.871021 | r_p=0.045224 | r_c=0.044998 | r_s=0.001747 | status=running
  user=00 block=02 candidate n_kl=  28 after updating users [0] still leaves committed users infeasible [0, 1, 2] after re-optimization; stopping further n_kl reduction for this user in this block.
  user=01 block=02 candidate n_kl=  38 breaks committed-user feasibility [1]; trying fresh re-optimization.
[DL Convergence] | phase=optimize | block=2 | epoch=1/500 | active_users=3 | updated_users=3 | objective=38.005993 | sum_rate=33.925133 | r_p=0.038353 | r_c=0.028369 | r_s=0.006594 | status=running
[DL Convergence] | phase=optimize | block=2 | epoch=5/500 | active_users=3 | updated_users=3 | objective=38.002693 | sum_rate=33.924343 | r_p=0.049982 | r_c=0.029379 | r_s=0.004015 | status=running
[DL Convergence] | phase=optimize | block=2 | epoch=10/500 | active_users=3 | updated_users=3 | objective=38.007118 | sum_rate=33.928505 | r_p=0.046465 | r_c=0.032769 | r_s=0.004276 | status=running
[DL Convergence] | phase=optimize | block=2 | epoch=15/500 | active_users=3 | updated_users=3 | objective=38.008060 | sum_rate=33.928757 | r_p=0.039586 | r_c=0.028008 | r_s=0.004486 | status=running
[DL Convergence] | phase=optimize | block=2 | epoch=20/500 | active_users=3 | updated_users=3 | objective=38.003265 | sum_rate=33.924465 | r_p=0.054062 | r_c=0.031912 | r_s=0.006142 | status=running
[DL Convergence] | phase=optimize | block=2 | epoch=25/500 | active_users=3 | updated_users=3 | objective=38.014236 | sum_rate=33.935894 | r_p=0.084644 | r_c=0.060255 | r_s=0.004508 | status=running
[DL Convergence] | phase=optimize | block=2 | epoch=30/500 | active_users=3 | updated_users=3 | objective=38.010391 | sum_rate=33.928535 | r_p=0.059995 | r_c=0.044768 | r_s=0.003721 | status=running
[DL Convergence] | phase=optimize | block=2 | epoch=35/500 | active_users=3 | updated_users=3 | objective=38.005821 | sum_rate=33.926338 | r_p=0.059861 | r_c=0.042824 | r_s=0.004880 | status=running
[DL Convergence] | phase=optimize | block=2 | epoch=40/500 | active_users=3 | updated_users=3 | objective=38.015820 | sum_rate=33.934547 | r_p=0.047781 | r_c=0.034290 | r_s=0.004294 | status=running
[DL Convergence] | phase=optimize | block=2 | epoch=45/500 | active_users=3 | updated_users=3 | objective=38.006577 | sum_rate=33.925499 | r_p=0.037029 | r_c=0.026909 | r_s=0.003824 | status=running
[DL Convergence] | phase=optimize | block=2 | epoch=50/500 | active_users=3 | updated_users=3 | objective=38.006836 | sum_rate=33.928726 | r_p=0.051355 | r_c=0.037001 | r_s=0.003451 | status=running
[DL Convergence] | phase=optimize | block=2 | epoch=55/500 | active_users=3 | updated_users=3 | objective=38.009750 | sum_rate=33.930981 | r_p=0.049611 | r_c=0.035867 | r_s=0.003667 | status=running
[DL Convergence] | phase=optimize | block=2 | epoch=60/500 | active_users=3 | updated_users=3 | objective=38.011986 | sum_rate=33.932007 | r_p=0.038999 | r_c=0.028285 | r_s=0.003358 | status=running
[DL Convergence] | phase=optimize | block=2 | epoch=65/500 | active_users=3 | updated_users=3 | objective=38.016300 | sum_rate=33.935913 | r_p=0.052011 | r_c=0.037870 | r_s=0.002852 | status=running
[DL Convergence] | phase=optimize | block=2 | epoch=70/500 | active_users=3 | updated_users=3 | objective=38.008240 | sum_rate=33.927067 | r_p=0.043499 | r_c=0.032780 | r_s=0.003356 | status=running
[DL Convergence] | phase=optimize | block=2 | epoch=75/500 | active_users=3 | updated_users=3 | objective=38.009777 | sum_rate=33.929443 | r_p=0.038188 | r_c=0.027914 | r_s=0.005341 | status=running
[DL Convergence] | phase=optimize | block=2 | epoch=80/500 | active_users=3 | updated_users=3 | objective=38.011101 | sum_rate=33.932404 | r_p=0.056530 | r_c=0.041430 | r_s=0.003509 | status=running
[DL Convergence] | phase=optimize | block=2 | epoch=85/500 | active_users=3 | updated_users=3 | objective=38.012199 | sum_rate=33.932438 | r_p=0.042929 | r_c=0.031561 | r_s=0.002756 | status=running
[DL Convergence] | phase=optimize | block=2 | epoch=90/500 | active_users=3 | updated_users=3 | objective=38.011238 | sum_rate=33.929890 | r_p=0.044249 | r_c=0.033491 | r_s=0.007671 | status=running
[DL Convergence] | phase=optimize | block=2 | epoch=95/500 | active_users=3 | updated_users=3 | objective=38.010540 | sum_rate=33.929047 | r_p=0.045542 | r_c=0.034609 | r_s=0.003354 | status=running
[DL Convergence] | phase=optimize | block=2 | epoch=100/500 | active_users=3 | updated_users=3 | objective=38.010010 | sum_rate=33.930157 | r_p=0.038331 | r_c=0.028378 | r_s=0.002783 | status=running
[DL Convergence] | phase=optimize | block=2 | epoch=105/500 | active_users=3 | updated_users=3 | objective=38.014942 | sum_rate=33.934280 | r_p=0.045351 | r_c=0.033704 | r_s=0.002758 | status=running
[DL Convergence] | phase=optimize | block=2 | epoch=110/500 | active_users=3 | updated_users=3 | objective=38.011616 | sum_rate=33.932545 | r_p=0.048223 | r_c=0.035908 | r_s=0.002755 | status=running
[DL Convergence] | phase=optimize | block=2 | epoch=115/500 | active_users=3 | updated_users=3 | objective=38.009884 | sum_rate=33.930122 | r_p=0.035538 | r_c=0.026539 | r_s=0.002977 | status=running
[DL Convergence] | phase=optimize | block=2 | epoch=120/500 | active_users=3 | updated_users=3 | objective=38.012760 | sum_rate=33.933731 | r_p=0.054701 | r_c=0.041007 | r_s=0.003391 | status=running
[DL Convergence] | phase=optimize | block=2 | epoch=125/500 | active_users=3 | updated_users=3 | objective=38.013996 | sum_rate=33.933884 | r_p=0.061871 | r_c=0.046461 | r_s=0.004341 | status=running
[DL Convergence] | phase=optimize | block=2 | epoch=130/500 | active_users=3 | updated_users=3 | objective=38.009014 | sum_rate=33.929897 | r_p=0.045403 | r_c=0.034240 | r_s=0.004490 | status=running
[DL Convergence] | phase=optimize | block=2 | epoch=135/500 | active_users=3 | updated_users=3 | objective=38.008816 | sum_rate=33.928318 | r_p=0.028376 | r_c=0.021754 | r_s=0.003262 | status=running
[DL Convergence] | phase=optimize | block=2 | epoch=140/500 | active_users=3 | updated_users=3 | objective=38.013496 | sum_rate=33.934631 | r_p=0.063883 | r_c=0.048404 | r_s=0.002726 | status=running
[DL Convergence] | phase=optimize | block=2 | epoch=145/500 | active_users=3 | updated_users=3 | objective=38.013748 | sum_rate=33.934128 | r_p=0.053408 | r_c=0.040604 | r_s=0.002349 | status=running
[DL Convergence] | phase=optimize | block=2 | epoch=150/500 | active_users=3 | updated_users=3 | objective=38.013622 | sum_rate=33.932552 | r_p=0.030752 | r_c=0.023633 | r_s=0.002023 | status=running
[DL Convergence] | phase=optimize | block=2 | epoch=155/500 | active_users=3 | updated_users=3 | objective=38.011208 | sum_rate=33.930733 | r_p=0.029023 | r_c=0.020179 | r_s=0.004442 | status=running
[DL Convergence] | phase=optimize | block=2 | epoch=160/500 | active_users=3 | updated_users=3 | objective=38.008217 | sum_rate=33.928879 | r_p=0.045986 | r_c=0.028412 | r_s=0.002530 | status=running
[DL Convergence] | phase=optimize | block=2 | epoch=165/500 | active_users=3 | updated_users=3 | objective=38.009560 | sum_rate=33.929516 | r_p=0.037333 | r_c=0.023114 | r_s=0.002654 | status=running
[DL Convergence] | phase=optimize | block=2 | epoch=170/500 | active_users=3 | updated_users=3 | objective=38.011848 | sum_rate=33.932198 | r_p=0.041261 | r_c=0.031772 | r_s=0.003547 | status=running
[DL Convergence] | phase=optimize | block=2 | epoch=175/500 | active_users=3 | updated_users=3 | objective=38.008701 | sum_rate=33.929604 | r_p=0.047026 | r_c=0.029204 | r_s=0.002315 | status=running
[DL Convergence] | phase=optimize | block=2 | epoch=180/500 | active_users=3 | updated_users=3 | objective=38.008381 | sum_rate=33.928085 | r_p=0.043092 | r_c=0.026806 | r_s=0.003089 | status=running
[DL Convergence] | phase=optimize | block=2 | epoch=185/500 | active_users=3 | updated_users=3 | objective=38.011753 | sum_rate=33.931229 | r_p=0.036606 | r_c=0.028376 | r_s=0.002579 | status=running
[DL Convergence] | phase=optimize | block=2 | epoch=190/500 | active_users=3 | updated_users=3 | objective=38.017410 | sum_rate=33.937916 | r_p=0.069671 | r_c=0.054147 | r_s=0.002542 | status=running
[DL Convergence] | phase=optimize | block=2 | epoch=195/500 | active_users=3 | updated_users=3 | objective=38.014126 | sum_rate=33.933605 | r_p=0.044965 | r_c=0.035055 | r_s=0.002211 | status=running
[DL Convergence] | phase=optimize | block=2 | epoch=200/500 | active_users=3 | updated_users=3 | objective=38.010456 | sum_rate=33.929123 | r_p=0.044407 | r_c=0.034497 | r_s=0.003329 | status=running
[DL Convergence] | phase=optimize | block=2 | epoch=205/500 | active_users=3 | updated_users=3 | objective=38.010292 | sum_rate=33.930771 | r_p=0.039066 | r_c=0.026692 | r_s=0.002807 | status=running
[DL Convergence] | phase=optimize | block=2 | epoch=210/500 | active_users=3 | updated_users=3 | objective=38.008392 | sum_rate=33.928532 | r_p=0.034213 | r_c=0.023216 | r_s=0.002793 | status=running
[DL Convergence] | phase=optimize | block=2 | epoch=215/500 | active_users=3 | updated_users=3 | objective=38.010227 | sum_rate=33.930367 | r_p=0.038692 | r_c=0.030458 | r_s=0.003521 | status=running
[DL Convergence] | phase=optimize | block=2 | epoch=220/500 | active_users=3 | updated_users=3 | objective=38.010597 | sum_rate=33.930908 | r_p=0.037375 | r_c=0.029496 | r_s=0.003490 | status=running
[DL Convergence] | phase=optimize | block=2 | epoch=225/500 | active_users=3 | updated_users=3 | objective=38.008801 | sum_rate=33.928165 | r_p=0.031219 | r_c=0.020559 | r_s=0.004084 | status=running
[DL Convergence] | phase=optimize | block=2 | epoch=230/500 | active_users=3 | updated_users=3 | objective=38.009411 | sum_rate=33.929371 | r_p=0.051901 | r_c=0.041107 | r_s=0.004373 | status=running
[DL Convergence] | phase=optimize | block=2 | epoch=235/500 | active_users=3 | updated_users=3 | objective=38.014027 | sum_rate=33.934185 | r_p=0.051907 | r_c=0.041203 | r_s=0.002594 | status=running
[DL Convergence] | phase=optimize | block=2 | epoch=240/500 | active_users=3 | updated_users=3 | objective=38.014343 | sum_rate=33.933311 | r_p=0.033009 | r_c=0.026281 | r_s=0.002807 | status=running
[DL Convergence] | phase=optimize | block=2 | epoch=245/500 | active_users=3 | updated_users=3 | objective=38.009377 | sum_rate=33.928593 | r_p=0.029528 | r_c=0.023180 | r_s=0.004591 | status=running
[DL Convergence] | phase=optimize | block=2 | epoch=250/500 | active_users=3 | updated_users=3 | objective=38.005348 | sum_rate=33.925758 | r_p=0.056737 | r_c=0.036144 | r_s=0.002531 | status=running
[DL Convergence] | phase=optimize | block=2 | epoch=255/500 | active_users=3 | updated_users=3 | objective=38.010204 | sum_rate=33.929722 | r_p=0.031919 | r_c=0.020378 | r_s=0.003332 | status=running
[DL Convergence] | phase=optimize | block=2 | epoch=260/500 | active_users=3 | updated_users=3 | objective=38.012741 | sum_rate=33.933693 | r_p=0.055116 | r_c=0.044253 | r_s=0.003303 | status=running
[DL Convergence] | phase=optimize | block=2 | epoch=265/500 | active_users=3 | updated_users=3 | objective=38.015213 | sum_rate=33.934547 | r_p=0.047489 | r_c=0.038220 | r_s=0.001715 | status=running
[DL Convergence] | phase=optimize | block=2 | epoch=270/500 | active_users=3 | updated_users=3 | objective=38.010590 | sum_rate=33.929516 | r_p=0.042156 | r_c=0.033296 | r_s=0.002905 | status=running
[DL Convergence] | phase=optimize | block=2 | epoch=275/500 | active_users=3 | updated_users=3 | objective=38.010059 | sum_rate=33.930382 | r_p=0.038658 | r_c=0.031235 | r_s=0.003633 | status=running
[DL Convergence] | phase=optimize | block=2 | epoch=280/500 | active_users=3 | updated_users=3 | objective=38.009193 | sum_rate=33.928875 | r_p=0.028337 | r_c=0.022969 | r_s=0.003156 | status=running
[DL Convergence] | phase=optimize | block=2 | epoch=285/500 | active_users=3 | updated_users=3 | objective=38.008251 | sum_rate=33.929405 | r_p=0.047066 | r_c=0.038247 | r_s=0.003639 | status=running
[DL Convergence] | phase=optimize | block=2 | epoch=290/500 | active_users=3 | updated_users=3 | objective=38.015057 | sum_rate=33.933952 | r_p=0.035509 | r_c=0.028906 | r_s=0.002667 | status=running
[DL Convergence] | phase=optimize | block=2 | epoch=295/500 | active_users=3 | updated_users=3 | objective=38.010212 | sum_rate=33.929192 | r_p=0.038281 | r_c=0.030430 | r_s=0.003186 | status=running
[DL Convergence] | phase=optimize | block=2 | epoch=300/500 | active_users=3 | updated_users=3 | objective=38.009624 | sum_rate=33.930191 | r_p=0.038170 | r_c=0.028807 | r_s=0.003807 | status=running
[DL Convergence] | phase=optimize | block=2 | epoch=305/500 | active_users=3 | updated_users=3 | objective=38.003235 | sum_rate=33.923401 | r_p=0.047875 | r_c=0.031037 | r_s=0.003275 | status=running
[DL Convergence] | phase=optimize | block=2 | epoch=310/500 | active_users=3 | updated_users=3 | objective=38.011837 | sum_rate=33.933067 | r_p=0.069178 | r_c=0.056802 | r_s=0.002919 | status=running
[DL Convergence] | phase=optimize | block=2 | epoch=315/500 | active_users=3 | updated_users=3 | objective=38.013691 | sum_rate=33.932766 | r_p=0.033783 | r_c=0.027829 | r_s=0.002868 | status=running
[DL Convergence] | phase=optimize | block=2 | epoch=320/500 | active_users=3 | updated_users=3 | objective=38.008728 | sum_rate=33.928253 | r_p=0.038939 | r_c=0.025350 | r_s=0.004198 | status=running
[DL Convergence] | phase=optimize | block=2 | epoch=325/500 | active_users=3 | updated_users=3 | objective=38.009193 | sum_rate=33.928970 | r_p=0.029857 | r_c=0.022727 | r_s=0.004041 | status=running
[DL Convergence] | phase=optimize | block=2 | epoch=330/500 | active_users=3 | updated_users=3 | objective=38.007515 | sum_rate=33.926731 | r_p=0.032520 | r_c=0.026094 | r_s=0.004122 | status=running
[DL Convergence] | phase=optimize | block=2 | epoch=335/500 | active_users=3 | updated_users=3 | objective=38.013653 | sum_rate=33.934521 | r_p=0.059330 | r_c=0.049222 | r_s=0.002725 | status=running
[DL Convergence] | phase=optimize | block=2 | epoch=340/500 | active_users=3 | updated_users=3 | objective=38.009384 | sum_rate=33.928967 | r_p=0.031941 | r_c=0.026558 | r_s=0.002210 | status=running
[DL Convergence] | phase=optimize | block=2 | epoch=345/500 | active_users=3 | updated_users=3 | objective=38.010174 | sum_rate=33.930161 | r_p=0.035745 | r_c=0.023644 | r_s=0.003874 | status=running
[DL Convergence] | phase=optimize | block=2 | epoch=350/500 | active_users=3 | updated_users=3 | objective=38.016602 | sum_rate=33.935875 | r_p=0.053615 | r_c=0.044780 | r_s=0.002622 | status=running
[DL Convergence] | phase=optimize | block=2 | epoch=355/500 | active_users=3 | updated_users=3 | objective=38.012596 | sum_rate=33.931316 | r_p=0.042420 | r_c=0.034240 | r_s=0.003290 | status=running
[DL Convergence] | phase=optimize | block=2 | epoch=360/500 | active_users=3 | updated_users=3 | objective=38.009651 | sum_rate=33.930031 | r_p=0.036770 | r_c=0.030827 | r_s=0.002726 | status=running
[DL Convergence] | phase=optimize | block=2 | epoch=365/500 | active_users=3 | updated_users=3 | objective=38.010643 | sum_rate=33.929482 | r_p=0.036216 | r_c=0.029302 | r_s=0.002733 | status=running
[DL Convergence] | phase=optimize | block=2 | epoch=370/500 | active_users=3 | updated_users=3 | objective=38.008125 | sum_rate=33.929070 | r_p=0.052046 | r_c=0.034445 | r_s=0.003176 | status=running
[DL Convergence] | phase=optimize | block=2 | epoch=375/500 | active_users=3 | updated_users=3 | objective=38.014061 | sum_rate=33.933056 | r_p=0.036489 | r_c=0.030773 | r_s=0.002480 | status=running
[DL Convergence] | phase=optimize | block=2 | epoch=380/500 | active_users=3 | updated_users=3 | objective=38.012047 | sum_rate=33.930519 | r_p=0.045333 | r_c=0.036848 | r_s=0.003706 | status=running
[DL Convergence] | phase=optimize | block=2 | epoch=385/500 | active_users=3 | updated_users=3 | objective=38.008163 | sum_rate=33.928688 | r_p=0.041372 | r_c=0.027530 | r_s=0.003130 | status=running
[DL Convergence] | phase=optimize | block=2 | epoch=390/500 | active_users=3 | updated_users=3 | objective=38.005253 | sum_rate=33.924862 | r_p=0.041653 | r_c=0.027762 | r_s=0.003107 | status=running
[DL Convergence] | phase=optimize | block=2 | epoch=395/500 | active_users=3 | updated_users=3 | objective=38.006714 | sum_rate=33.928322 | r_p=0.048251 | r_c=0.040999 | r_s=0.003854 | status=running
[DL Convergence] | phase=optimize | block=2 | epoch=400/500 | active_users=3 | updated_users=3 | objective=38.015007 | sum_rate=33.934082 | r_p=0.037992 | r_c=0.032340 | r_s=0.002681 | status=running
[DL Convergence] | phase=optimize | block=2 | epoch=405/500 | active_users=3 | updated_users=3 | objective=38.008789 | sum_rate=33.927467 | r_p=0.045827 | r_c=0.037501 | r_s=0.003352 | status=running
[DL Convergence] | phase=optimize | block=2 | epoch=410/500 | active_users=3 | updated_users=3 | objective=38.008289 | sum_rate=33.928452 | r_p=0.042682 | r_c=0.028642 | r_s=0.003796 | status=running
[DL Convergence] | phase=optimize | block=2 | epoch=415/500 | active_users=3 | updated_users=3 | objective=38.006706 | sum_rate=33.926289 | r_p=0.028719 | r_c=0.023575 | r_s=0.004130 | status=running
[DL Convergence] | phase=optimize | block=2 | epoch=420/500 | active_users=3 | updated_users=3 | objective=38.012772 | sum_rate=33.933186 | r_p=0.057084 | r_c=0.048953 | r_s=0.003041 | status=running
[DL Convergence] | phase=optimize | block=2 | epoch=425/500 | active_users=3 | updated_users=3 | objective=38.010674 | sum_rate=33.929619 | r_p=0.032141 | r_c=0.026437 | r_s=0.002722 | status=running
[DL Convergence] | phase=optimize | block=2 | epoch=430/500 | active_users=3 | updated_users=3 | objective=38.009796 | sum_rate=33.930302 | r_p=0.036163 | r_c=0.030740 | r_s=0.004854 | status=running
[DL Convergence] | phase=optimize | block=2 | epoch=435/500 | active_users=3 | updated_users=3 | objective=38.013206 | sum_rate=33.931732 | r_p=0.042578 | r_c=0.035134 | r_s=0.002797 | status=running
[DL Convergence] | phase=optimize | block=2 | epoch=440/500 | active_users=3 | updated_users=3 | objective=38.008160 | sum_rate=33.927383 | r_p=0.036053 | r_c=0.029785 | r_s=0.006255 | status=running
[DL Convergence] | phase=optimize | block=2 | epoch=445/500 | active_users=3 | updated_users=3 | objective=38.005905 | sum_rate=33.926231 | r_p=0.045965 | r_c=0.031213 | r_s=0.003039 | status=running
[DL Convergence] | phase=optimize | block=2 | epoch=450/500 | active_users=3 | updated_users=3 | objective=38.016521 | sum_rate=33.936058 | r_p=0.064431 | r_c=0.055914 | r_s=0.005391 | status=running
[DL Convergence] | phase=optimize | block=2 | epoch=455/500 | active_users=3 | updated_users=3 | objective=38.005020 | sum_rate=33.926193 | r_p=0.056807 | r_c=0.049383 | r_s=0.006564 | status=running
[DL Convergence] | phase=optimize | block=2 | epoch=460/500 | active_users=3 | updated_users=3 | objective=38.004211 | sum_rate=33.923931 | r_p=0.035520 | r_c=0.029468 | r_s=0.005805 | status=running
[DL Convergence] | phase=optimize | block=2 | epoch=465/500 | active_users=3 | updated_users=3 | objective=38.006672 | sum_rate=33.925880 | r_p=0.034199 | r_c=0.028451 | r_s=0.003131 | status=running
[DL Convergence] | phase=optimize | block=2 | epoch=470/500 | active_users=3 | updated_users=3 | objective=38.015213 | sum_rate=33.936272 | r_p=0.073042 | r_c=0.063888 | r_s=0.002913 | status=running
[DL Convergence] | phase=optimize | block=2 | epoch=475/500 | active_users=3 | updated_users=3 | objective=38.013397 | sum_rate=33.932854 | r_p=0.041091 | r_c=0.036027 | r_s=0.002899 | status=running
[DL Convergence] | phase=optimize | block=2 | epoch=480/500 | active_users=3 | updated_users=3 | objective=38.006172 | sum_rate=33.924675 | r_p=0.047808 | r_c=0.039897 | r_s=0.003615 | status=running
[DL Convergence] | phase=optimize | block=2 | epoch=485/500 | active_users=3 | updated_users=3 | objective=38.009090 | sum_rate=33.928799 | r_p=0.029386 | r_c=0.025839 | r_s=0.003642 | status=running
[DL Convergence] | phase=optimize | block=2 | epoch=490/500 | active_users=3 | updated_users=3 | objective=38.012764 | sum_rate=33.931957 | r_p=0.045958 | r_c=0.040497 | r_s=0.002972 | status=running
[DL Convergence] | phase=optimize | block=2 | epoch=495/500 | active_users=3 | updated_users=3 | objective=38.010750 | sum_rate=33.930893 | r_p=0.037318 | r_c=0.032935 | r_s=0.003338 | status=running
[DL Convergence] | phase=optimize | block=2 | epoch=500/500 | active_users=3 | updated_users=3 | objective=38.010815 | sum_rate=33.930862 | r_p=0.043350 | r_c=0.038380 | r_s=0.003843 | status=running
  user=01 block=02 candidate n_kl=  38 after updating users [1] still leaves committed users infeasible [0, 1, 2] after re-optimization; stopping further n_kl reduction for this user in this block.
  user=02 block=02 candidate n_kl=  58 breaks committed-user feasibility [2]; trying fresh re-optimization.
[DL Convergence] | phase=optimize | block=2 | epoch=1/500 | active_users=3 | updated_users=3 | objective=38.011353 | sum_rate=33.928802 | r_p=0.169012 | r_c=0.118628 | r_s=0.005140 | status=running
[DL Convergence] | phase=optimize | block=2 | epoch=5/500 | active_users=3 | updated_users=3 | objective=37.934952 | sum_rate=33.856979 | r_p=0.040175 | r_c=0.023589 | r_s=0.008959 | status=running
[DL Convergence] | phase=optimize | block=2 | epoch=10/500 | active_users=3 | updated_users=3 | objective=37.939156 | sum_rate=33.862724 | r_p=0.022358 | r_c=0.015803 | r_s=0.006020 | status=running
[DL Convergence] | phase=optimize | block=2 | epoch=15/500 | active_users=3 | updated_users=3 | objective=37.955585 | sum_rate=33.877159 | r_p=0.029973 | r_c=0.021212 | r_s=0.004674 | status=running
[DL Convergence] | phase=optimize | block=2 | epoch=20/500 | active_users=3 | updated_users=3 | objective=37.953106 | sum_rate=33.875286 | r_p=0.025302 | r_c=0.017922 | r_s=0.004062 | status=running
[DL Convergence] | phase=optimize | block=2 | epoch=25/500 | active_users=3 | updated_users=3 | objective=37.969547 | sum_rate=33.889481 | r_p=0.049371 | r_c=0.035003 | r_s=0.004259 | status=running
[DL Convergence] | phase=optimize | block=2 | epoch=30/500 | active_users=3 | updated_users=3 | objective=37.958614 | sum_rate=33.878006 | r_p=0.019149 | r_c=0.014211 | r_s=0.003738 | status=running
[DL Convergence] | phase=optimize | block=2 | epoch=35/500 | active_users=3 | updated_users=3 | objective=37.952343 | sum_rate=33.872723 | r_p=0.001849 | r_c=0.001373 | r_s=0.003407 | status=running
[DL Convergence] | phase=optimize | block=2 | epoch=40/500 | active_users=3 | updated_users=3 | objective=37.956295 | sum_rate=33.876194 | r_p=0.006462 | r_c=0.004799 | r_s=0.002589 | status=running
[DL Convergence] | phase=optimize | block=2 | epoch=45/500 | active_users=3 | updated_users=3 | objective=37.960651 | sum_rate=33.878899 | r_p=0.032073 | r_c=0.023831 | r_s=0.003849 | status=running
[DL Convergence] | phase=optimize | block=2 | epoch=50/500 | active_users=3 | updated_users=3 | objective=37.961468 | sum_rate=33.881359 | r_p=0.014019 | r_c=0.010018 | r_s=0.004285 | status=running
[DL Convergence] | phase=optimize | block=2 | epoch=55/500 | active_users=3 | updated_users=3 | objective=37.957878 | sum_rate=33.878067 | r_p=0.000000 | r_c=0.000000 | r_s=0.002646 | status=running
[DL Convergence] | phase=optimize | block=2 | epoch=60/500 | active_users=3 | updated_users=3 | objective=37.965698 | sum_rate=33.885719 | r_p=0.020072 | r_c=0.014352 | r_s=0.001661 | status=running
[DL Convergence] | phase=optimize | block=2 | epoch=65/500 | active_users=3 | updated_users=3 | objective=37.974022 | sum_rate=33.893288 | r_p=0.038280 | r_c=0.027389 | r_s=0.002946 | status=running
[DL Convergence] | phase=optimize | block=2 | epoch=70/500 | active_users=3 | updated_users=3 | objective=37.958061 | sum_rate=33.877731 | r_p=0.005447 | r_c=0.004053 | r_s=0.002831 | status=running
[DL Convergence] | phase=optimize | block=2 | epoch=75/500 | active_users=3 | updated_users=3 | objective=37.950745 | sum_rate=33.869610 | r_p=0.042351 | r_c=0.031513 | r_s=0.005937 | status=running
[DL Convergence] | phase=optimize | block=2 | epoch=80/500 | active_users=3 | updated_users=3 | objective=37.958389 | sum_rate=33.878967 | r_p=0.010237 | r_c=0.007353 | r_s=0.004463 | status=running
[DL Convergence] | phase=optimize | block=2 | epoch=85/500 | active_users=3 | updated_users=3 | objective=37.959583 | sum_rate=33.882385 | r_p=0.042414 | r_c=0.030493 | r_s=0.002993 | status=running
[DL Convergence] | phase=optimize | block=2 | epoch=90/500 | active_users=3 | updated_users=3 | objective=37.957561 | sum_rate=33.878429 | r_p=0.025223 | r_c=0.018151 | r_s=0.005171 | status=running
[DL Convergence] | phase=optimize | block=2 | epoch=95/500 | active_users=3 | updated_users=3 | objective=37.963875 | sum_rate=33.883652 | r_p=0.023961 | r_c=0.017260 | r_s=0.004965 | status=running
[DL Convergence] | phase=optimize | block=2 | epoch=100/500 | active_users=3 | updated_users=3 | objective=37.959480 | sum_rate=33.878471 | r_p=0.030071 | r_c=0.022454 | r_s=0.004052 | status=running
[DL Convergence] | phase=optimize | block=2 | epoch=105/500 | active_users=3 | updated_users=3 | objective=37.951927 | sum_rate=33.871975 | r_p=0.014819 | r_c=0.011071 | r_s=0.006072 | status=running
[DL Convergence] | phase=optimize | block=2 | epoch=110/500 | active_users=3 | updated_users=3 | objective=37.955673 | sum_rate=33.875725 | r_p=0.006315 | r_c=0.004720 | r_s=0.006868 | status=running
[DL Convergence] | phase=optimize | block=2 | epoch=115/500 | active_users=3 | updated_users=3 | objective=37.968887 | sum_rate=33.887817 | r_p=0.017821 | r_c=0.012876 | r_s=0.004688 | status=running
[DL Convergence] | phase=optimize | block=2 | epoch=120/500 | active_users=3 | updated_users=3 | objective=37.963860 | sum_rate=33.882046 | r_p=0.034795 | r_c=0.026026 | r_s=0.002942 | status=running
[DL Convergence] | phase=optimize | block=2 | epoch=125/500 | active_users=3 | updated_users=3 | objective=37.963173 | sum_rate=33.882053 | r_p=0.033147 | r_c=0.024808 | r_s=0.007809 | status=running
[DL Convergence] | phase=optimize | block=2 | epoch=130/500 | active_users=3 | updated_users=3 | objective=37.962532 | sum_rate=33.882153 | r_p=0.006296 | r_c=0.004718 | r_s=0.005176 | status=running
[DL Convergence] | phase=optimize | block=2 | epoch=135/500 | active_users=3 | updated_users=3 | objective=37.964157 | sum_rate=33.883270 | r_p=0.015766 | r_c=0.011818 | r_s=0.005636 | status=running
[DL Convergence] | phase=optimize | block=2 | epoch=140/500 | active_users=3 | updated_users=3 | objective=37.956978 | sum_rate=33.876564 | r_p=0.008482 | r_c=0.006361 | r_s=0.003417 | status=running
[DL Convergence] | phase=optimize | block=2 | epoch=145/500 | active_users=3 | updated_users=3 | objective=37.953438 | sum_rate=33.873795 | r_p=0.002581 | r_c=0.001523 | r_s=0.002529 | status=running
[DL Convergence] | phase=optimize | block=2 | epoch=150/500 | active_users=3 | updated_users=3 | objective=37.953621 | sum_rate=33.873749 | r_p=0.003475 | r_c=0.002607 | r_s=0.003433 | status=running
[DL Convergence] | phase=optimize | block=2 | epoch=155/500 | active_users=3 | updated_users=3 | objective=37.959156 | sum_rate=33.880100 | r_p=0.009193 | r_c=0.006689 | r_s=0.004674 | status=running
[DL Convergence] | phase=optimize | block=2 | epoch=160/500 | active_users=3 | updated_users=3 | objective=37.965363 | sum_rate=33.885250 | r_p=0.014308 | r_c=0.010414 | r_s=0.003999 | status=running
[DL Convergence] | phase=optimize | block=2 | epoch=165/500 | active_users=3 | updated_users=3 | objective=37.972763 | sum_rate=33.892036 | r_p=0.029965 | r_c=0.021824 | r_s=0.003526 | status=running
[DL Convergence] | phase=optimize | block=2 | epoch=170/500 | active_users=3 | updated_users=3 | objective=37.965847 | sum_rate=33.883858 | r_p=0.048071 | r_c=0.036135 | r_s=0.003323 | status=running
[DL Convergence] | phase=optimize | block=2 | epoch=175/500 | active_users=3 | updated_users=3 | objective=37.964466 | sum_rate=33.884537 | r_p=0.022592 | r_c=0.016479 | r_s=0.004105 | status=running
[DL Convergence] | phase=optimize | block=2 | epoch=180/500 | active_users=3 | updated_users=3 | objective=37.954765 | sum_rate=33.874283 | r_p=0.012428 | r_c=0.009355 | r_s=0.003378 | status=running
[DL Convergence] | phase=optimize | block=2 | epoch=185/500 | active_users=3 | updated_users=3 | objective=37.950703 | sum_rate=33.871181 | r_p=0.016932 | r_c=0.010017 | r_s=0.002920 | status=running
[DL Convergence] | phase=optimize | block=2 | epoch=190/500 | active_users=3 | updated_users=3 | objective=37.951847 | sum_rate=33.871876 | r_p=0.007661 | r_c=0.004534 | r_s=0.002899 | status=running
[DL Convergence] | phase=optimize | block=2 | epoch=195/500 | active_users=3 | updated_users=3 | objective=37.959393 | sum_rate=33.879799 | r_p=0.003325 | r_c=0.002436 | r_s=0.003865 | status=running
[DL Convergence] | phase=optimize | block=2 | epoch=200/500 | active_users=3 | updated_users=3 | objective=37.951088 | sum_rate=33.873989 | r_p=0.019445 | r_c=0.014247 | r_s=0.002811 | status=running
[DL Convergence] | phase=optimize | block=2 | epoch=205/500 | active_users=3 | updated_users=3 | objective=37.956013 | sum_rate=33.877697 | r_p=0.019168 | r_c=0.014052 | r_s=0.002901 | status=running
[DL Convergence] | phase=optimize | block=2 | epoch=210/500 | active_users=3 | updated_users=3 | objective=37.965775 | sum_rate=33.886597 | r_p=0.031904 | r_c=0.023403 | r_s=0.002063 | status=running
[DL Convergence] | phase=optimize | block=2 | epoch=215/500 | active_users=3 | updated_users=3 | objective=37.963150 | sum_rate=33.884407 | r_p=0.025027 | r_c=0.018373 | r_s=0.002783 | status=running
[DL Convergence] | phase=optimize | block=2 | epoch=220/500 | active_users=3 | updated_users=3 | objective=37.956886 | sum_rate=33.879097 | r_p=0.024934 | r_c=0.018321 | r_s=0.002335 | status=running
[DL Convergence] | phase=optimize | block=2 | epoch=225/500 | active_users=3 | updated_users=3 | objective=37.956711 | sum_rate=33.877037 | r_p=0.000000 | r_c=0.000000 | r_s=0.002836 | status=running
[DL Convergence] | phase=optimize | block=2 | epoch=230/500 | active_users=3 | updated_users=3 | objective=37.960220 | sum_rate=33.881714 | r_p=0.021586 | r_c=0.015885 | r_s=0.004758 | status=running
[DL Convergence] | phase=optimize | block=2 | epoch=235/500 | active_users=3 | updated_users=3 | objective=37.958794 | sum_rate=33.879463 | r_p=0.005420 | r_c=0.003990 | r_s=0.004474 | status=running
[DL Convergence] | phase=optimize | block=2 | epoch=240/500 | active_users=3 | updated_users=3 | objective=37.958523 | sum_rate=33.878235 | r_p=0.004576 | r_c=0.003462 | r_s=0.004740 | status=running
[DL Convergence] | phase=optimize | block=2 | epoch=245/500 | active_users=3 | updated_users=3 | objective=37.966747 | sum_rate=33.886284 | r_p=0.015388 | r_c=0.011344 | r_s=0.003434 | status=running
[DL Convergence] | phase=optimize | block=2 | epoch=250/500 | active_users=3 | updated_users=3 | objective=37.971886 | sum_rate=33.891197 | r_p=0.028580 | r_c=0.021087 | r_s=0.002585 | status=running
[DL Convergence] | phase=optimize | block=2 | epoch=255/500 | active_users=3 | updated_users=3 | objective=37.965240 | sum_rate=33.884254 | r_p=0.017504 | r_c=0.013258 | r_s=0.002078 | status=running
[DL Convergence] | phase=optimize | block=2 | epoch=260/500 | active_users=3 | updated_users=3 | objective=37.964268 | sum_rate=33.883018 | r_p=0.020890 | r_c=0.015831 | r_s=0.002924 | status=running
[DL Convergence] | phase=optimize | block=2 | epoch=265/500 | active_users=3 | updated_users=3 | objective=37.965141 | sum_rate=33.884953 | r_p=0.011415 | r_c=0.008435 | r_s=0.004380 | status=running
[DL Convergence] | phase=optimize | block=2 | epoch=270/500 | active_users=3 | updated_users=3 | objective=37.962193 | sum_rate=33.881500 | r_p=0.007357 | r_c=0.005579 | r_s=0.004246 | status=running
[DL Convergence] | phase=optimize | block=2 | epoch=275/500 | active_users=3 | updated_users=3 | objective=37.947456 | sum_rate=33.867367 | r_p=0.014355 | r_c=0.010888 | r_s=0.003688 | status=running
[DL Convergence] | phase=optimize | block=2 | epoch=280/500 | active_users=3 | updated_users=3 | objective=37.956127 | sum_rate=33.875244 | r_p=0.017316 | r_c=0.013140 | r_s=0.003510 | status=running
[DL Convergence] | phase=optimize | block=2 | epoch=285/500 | active_users=3 | updated_users=3 | objective=37.962101 | sum_rate=33.880707 | r_p=0.022610 | r_c=0.017162 | r_s=0.004172 | status=running
[DL Convergence] | phase=optimize | block=2 | epoch=290/500 | active_users=3 | updated_users=3 | objective=37.961006 | sum_rate=33.879963 | r_p=0.022364 | r_c=0.016984 | r_s=0.005041 | status=running
[DL Convergence] | phase=optimize | block=2 | epoch=295/500 | active_users=3 | updated_users=3 | objective=37.969719 | sum_rate=33.889702 | r_p=0.031878 | r_c=0.023643 | r_s=0.003693 | status=running
[DL Convergence] | phase=optimize | block=2 | epoch=300/500 | active_users=3 | updated_users=3 | objective=37.958553 | sum_rate=33.877632 | r_p=0.016123 | r_c=0.012253 | r_s=0.003050 | status=running
[DL Convergence] | phase=optimize | block=2 | epoch=305/500 | active_users=3 | updated_users=3 | objective=37.953144 | sum_rate=33.873062 | r_p=0.006140 | r_c=0.004668 | r_s=0.002197 | status=running
[DL Convergence] | phase=optimize | block=2 | epoch=310/500 | active_users=3 | updated_users=3 | objective=37.960018 | sum_rate=33.879101 | r_p=0.014942 | r_c=0.011365 | r_s=0.002861 | status=running
[DL Convergence] | phase=optimize | block=2 | epoch=315/500 | active_users=3 | updated_users=3 | objective=37.964207 | sum_rate=33.883057 | r_p=0.018106 | r_c=0.013779 | r_s=0.001892 | status=running
[DL Convergence] | phase=optimize | block=2 | epoch=320/500 | active_users=3 | updated_users=3 | objective=37.958187 | sum_rate=33.877678 | r_p=0.010562 | r_c=0.008040 | r_s=0.002828 | status=running
[DL Convergence] | phase=optimize | block=2 | epoch=325/500 | active_users=3 | updated_users=3 | objective=37.954285 | sum_rate=33.874214 | r_p=0.004599 | r_c=0.003501 | r_s=0.001705 | status=running
[DL Convergence] | phase=optimize | block=2 | epoch=330/500 | active_users=3 | updated_users=3 | objective=37.962742 | sum_rate=33.881557 | r_p=0.017195 | r_c=0.013097 | r_s=0.002004 | status=running
[DL Convergence] | phase=optimize | block=2 | epoch=335/500 | active_users=3 | updated_users=3 | objective=37.964836 | sum_rate=33.884274 | r_p=0.013004 | r_c=0.009712 | r_s=0.001661 | status=running
[DL Convergence] | phase=optimize | block=2 | epoch=340/500 | active_users=3 | updated_users=3 | objective=37.971401 | sum_rate=33.890762 | r_p=0.027809 | r_c=0.020781 | r_s=0.001834 | status=running
[DL Convergence] | phase=optimize | block=2 | epoch=345/500 | active_users=3 | updated_users=3 | objective=37.959663 | sum_rate=33.880093 | r_p=1.621246e-04 | r_c=1.212361e-04 | r_s=0.001532 | status=running
[DL Convergence] | phase=optimize | block=2 | epoch=350/500 | active_users=3 | updated_users=3 | objective=37.953766 | sum_rate=33.874008 | r_p=0.011917 | r_c=0.007090 | r_s=0.003044 | status=running
[DL Convergence] | phase=optimize | block=2 | epoch=355/500 | active_users=3 | updated_users=3 | objective=37.957985 | sum_rate=33.877739 | r_p=0.005156 | r_c=0.003932 | r_s=0.002871 | status=running
[DL Convergence] | phase=optimize | block=2 | epoch=360/500 | active_users=3 | updated_users=3 | objective=37.967083 | sum_rate=33.885941 | r_p=0.015153 | r_c=0.011559 | r_s=0.003216 | status=running
[DL Convergence] | phase=optimize | block=2 | epoch=365/500 | active_users=3 | updated_users=3 | objective=37.964214 | sum_rate=33.883244 | r_p=0.019021 | r_c=0.014515 | r_s=0.003361 | status=running
[DL Convergence] | phase=optimize | block=2 | epoch=370/500 | active_users=3 | updated_users=3 | objective=37.969784 | sum_rate=33.888180 | r_p=0.022717 | r_c=0.017345 | r_s=0.003811 | status=running
[DL Convergence] | phase=optimize | block=2 | epoch=375/500 | active_users=3 | updated_users=3 | objective=37.968548 | sum_rate=33.887993 | r_p=0.019740 | r_c=0.014819 | r_s=0.002284 | status=running
[DL Convergence] | phase=optimize | block=2 | epoch=380/500 | active_users=3 | updated_users=3 | objective=37.962086 | sum_rate=33.880890 | r_p=0.020203 | r_c=0.015442 | r_s=0.003114 | status=running
[DL Convergence] | phase=optimize | block=2 | epoch=385/500 | active_users=3 | updated_users=3 | objective=37.953133 | sum_rate=33.872490 | r_p=0.023712 | r_c=0.018129 | r_s=0.003186 | status=running
[DL Convergence] | phase=optimize | block=2 | epoch=390/500 | active_users=3 | updated_users=3 | objective=37.953419 | sum_rate=33.874626 | r_p=0.014801 | r_c=0.008817 | r_s=0.003935 | status=running
[DL Convergence] | phase=optimize | block=2 | epoch=395/500 | active_users=3 | updated_users=3 | objective=37.954876 | sum_rate=33.875225 | r_p=0.000000 | r_c=0.000000 | r_s=0.003507 | status=running
[DL Convergence] | phase=optimize | block=2 | epoch=400/500 | active_users=3 | updated_users=3 | objective=37.964287 | sum_rate=33.885571 | r_p=0.027985 | r_c=0.021107 | r_s=0.003617 | status=running
[DL Convergence] | phase=optimize | block=2 | epoch=405/500 | active_users=3 | updated_users=3 | objective=37.968765 | sum_rate=33.888905 | r_p=0.033385 | r_c=0.025201 | r_s=0.002914 | status=running
[DL Convergence] | phase=optimize | block=2 | epoch=410/500 | active_users=3 | updated_users=3 | objective=37.956272 | sum_rate=33.877693 | r_p=0.005091 | r_c=0.003035 | r_s=0.002678 | status=running
[DL Convergence] | phase=optimize | block=2 | epoch=415/500 | active_users=3 | updated_users=3 | objective=37.955868 | sum_rate=33.877659 | r_p=0.011515 | r_c=0.008700 | r_s=0.001972 | status=running
[DL Convergence] | phase=optimize | block=2 | epoch=420/500 | active_users=3 | updated_users=3 | objective=37.954559 | sum_rate=33.876202 | r_p=0.021068 | r_c=0.015924 | r_s=0.006442 | status=running
[DL Convergence] | phase=optimize | block=2 | epoch=425/500 | active_users=3 | updated_users=3 | objective=37.959343 | sum_rate=33.880173 | r_p=0.013121 | r_c=0.009926 | r_s=0.004091 | status=running
[DL Convergence] | phase=optimize | block=2 | epoch=430/500 | active_users=3 | updated_users=3 | objective=37.959419 | sum_rate=33.879669 | r_p=0.001468 | r_c=0.001111 | r_s=0.004430 | status=running
[DL Convergence] | phase=optimize | block=2 | epoch=435/500 | active_users=3 | updated_users=3 | objective=37.957890 | sum_rate=33.878258 | r_p=0.000000 | r_c=0.000000 | r_s=0.002677 | status=running
[DL Convergence] | phase=optimize | block=2 | epoch=440/500 | active_users=3 | updated_users=3 | objective=37.961361 | sum_rate=33.882095 | r_p=0.009950 | r_c=0.007541 | r_s=0.002351 | status=running
[DL Convergence] | phase=optimize | block=2 | epoch=445/500 | active_users=3 | updated_users=3 | objective=37.965466 | sum_rate=33.885281 | r_p=0.011428 | r_c=0.008667 | r_s=0.002390 | status=running
[DL Convergence] | phase=optimize | block=2 | epoch=450/500 | active_users=3 | updated_users=3 | objective=37.972034 | sum_rate=33.892838 | r_p=0.053760 | r_c=0.040799 | r_s=0.002906 | status=running
[DL Convergence] | phase=optimize | block=2 | epoch=455/500 | active_users=3 | updated_users=3 | objective=37.953362 | sum_rate=33.872826 | r_p=0.013681 | r_c=0.010524 | r_s=0.003801 | status=running
[DL Convergence] | phase=optimize | block=2 | epoch=460/500 | active_users=3 | updated_users=3 | objective=37.951691 | sum_rate=33.873264 | r_p=0.006988 | r_c=0.005323 | r_s=0.004038 | status=running
[DL Convergence] | phase=optimize | block=2 | epoch=465/500 | active_users=3 | updated_users=3 | objective=37.949871 | sum_rate=33.873150 | r_p=0.018218 | r_c=0.013884 | r_s=0.003211 | status=running
[DL Convergence] | phase=optimize | block=2 | epoch=470/500 | active_users=3 | updated_users=3 | objective=37.956963 | sum_rate=33.878178 | r_p=0.016797 | r_c=0.012811 | r_s=0.004714 | status=running
[DL Convergence] | phase=optimize | block=2 | epoch=475/500 | active_users=3 | updated_users=3 | objective=37.964119 | sum_rate=33.884090 | r_p=0.017125 | r_c=0.013067 | r_s=0.004149 | status=running
[DL Convergence] | phase=optimize | block=2 | epoch=480/500 | active_users=3 | updated_users=3 | objective=37.960072 | sum_rate=33.881924 | r_p=0.034221 | r_c=0.026126 | r_s=0.002284 | status=running
[DL Convergence] | phase=optimize | block=2 | epoch=485/500 | active_users=3 | updated_users=3 | objective=37.967007 | sum_rate=33.886520 | r_p=0.018514 | r_c=0.014145 | r_s=0.003231 | status=running
[DL Convergence] | phase=optimize | block=2 | epoch=490/500 | active_users=3 | updated_users=3 | objective=37.965572 | sum_rate=33.884941 | r_p=0.013589 | r_c=0.010389 | r_s=0.003268 | status=running
[DL Convergence] | phase=optimize | block=2 | epoch=495/500 | active_users=3 | updated_users=3 | objective=37.964798 | sum_rate=33.884148 | r_p=0.012234 | r_c=0.009359 | r_s=0.003228 | status=running
[DL Convergence] | phase=optimize | block=2 | epoch=500/500 | active_users=3 | updated_users=3 | objective=37.970650 | sum_rate=33.889252 | r_p=0.017197 | r_c=0.013288 | r_s=0.002834 | status=running
  user=02 block=02 accepted smaller n_kl=  58 after fresh re-optimization of users [2].
[DL Convergence Reduction] | block=2 | epoch=23 | users=[2]
  user=02 block=02 candidate n_kl=  57 breaks committed-user feasibility [2]; trying fresh re-optimization.
[DL Convergence] | phase=optimize | block=2 | epoch=1/500 | active_users=3 | updated_users=3 | objective=37.925560 | sum_rate=33.847679 | r_p=0.181440 | r_c=0.135674 | r_s=0.004331 | status=running
[DL Convergence] | phase=optimize | block=2 | epoch=5/500 | active_users=3 | updated_users=3 | objective=37.921879 | sum_rate=33.842392 | r_p=0.148932 | r_c=0.112322 | r_s=0.003354 | status=running
[DL Convergence] | phase=optimize | block=2 | epoch=10/500 | active_users=3 | updated_users=3 | objective=37.928940 | sum_rate=33.851082 | r_p=0.185732 | r_c=0.141573 | r_s=0.003950 | status=running
[DL Convergence] | phase=optimize | block=2 | epoch=15/500 | active_users=3 | updated_users=3 | objective=37.927437 | sum_rate=33.850006 | r_p=0.188542 | r_c=0.145603 | r_s=0.004215 | status=running
[DL Convergence] | phase=optimize | block=2 | epoch=20/500 | active_users=3 | updated_users=3 | objective=37.932747 | sum_rate=33.855503 | r_p=0.204112 | r_c=0.159597 | r_s=0.003292 | status=running
[DL Convergence] | phase=optimize | block=2 | epoch=25/500 | active_users=3 | updated_users=3 | objective=37.918488 | sum_rate=33.840321 | r_p=0.152445 | r_c=0.120656 | r_s=0.004847 | status=running
[DL Convergence] | phase=optimize | block=2 | epoch=30/500 | active_users=3 | updated_users=3 | objective=37.933102 | sum_rate=33.854630 | r_p=0.196829 | r_c=0.157342 | r_s=0.002966 | status=running
[DL Convergence] | phase=optimize | block=2 | epoch=35/500 | active_users=3 | updated_users=3 | objective=37.933456 | sum_rate=33.854294 | r_p=0.187503 | r_c=0.151742 | r_s=0.002705 | status=running
[DL Convergence] | phase=optimize | block=2 | epoch=40/500 | active_users=3 | updated_users=3 | objective=37.929180 | sum_rate=33.850548 | r_p=0.183270 | r_c=0.149850 | r_s=0.002847 | status=running
[DL Convergence] | phase=optimize | block=2 | epoch=45/500 | active_users=3 | updated_users=3 | objective=37.933910 | sum_rate=33.856045 | r_p=0.199585 | r_c=0.164997 | r_s=0.002658 | status=running
[DL Convergence] | phase=optimize | block=2 | epoch=50/500 | active_users=3 | updated_users=3 | objective=37.930267 | sum_rate=33.851192 | r_p=0.176896 | r_c=0.148047 | r_s=0.002346 | status=running
[DL Convergence] | phase=optimize | block=2 | epoch=55/500 | active_users=3 | updated_users=3 | objective=37.921478 | sum_rate=33.842793 | r_p=0.151828 | r_c=0.128306 | r_s=0.002068 | status=running
[DL Convergence] | phase=optimize | block=2 | epoch=60/500 | active_users=3 | updated_users=3 | objective=37.929028 | sum_rate=33.851013 | r_p=0.183331 | r_c=0.156483 | r_s=0.003312 | status=running
[DL Convergence] | phase=optimize | block=2 | epoch=65/500 | active_users=3 | updated_users=3 | objective=37.929310 | sum_rate=33.852486 | r_p=0.194724 | r_c=0.168069 | r_s=0.001758 | status=running
[DL Convergence] | phase=optimize | block=2 | epoch=70/500 | active_users=3 | updated_users=3 | objective=37.924351 | sum_rate=33.844734 | r_p=0.149378 | r_c=0.130231 | r_s=0.002303 | status=running
[DL Convergence] | phase=optimize | block=2 | epoch=75/500 | active_users=3 | updated_users=3 | objective=37.923847 | sum_rate=33.844963 | r_p=0.153968 | r_c=0.135412 | r_s=0.001749 | status=running
[DL Convergence] | phase=optimize | block=2 | epoch=80/500 | active_users=3 | updated_users=3 | objective=37.927155 | sum_rate=33.849895 | r_p=0.184158 | r_c=0.163567 | r_s=0.001997 | status=running
[DL Convergence] | phase=optimize | block=2 | epoch=85/500 | active_users=3 | updated_users=3 | objective=37.925640 | sum_rate=33.848846 | r_p=0.183990 | r_c=0.165188 | r_s=0.001603 | status=running
[DL Convergence] | phase=optimize | block=2 | epoch=90/500 | active_users=3 | updated_users=3 | objective=37.920616 | sum_rate=33.840317 | r_p=0.130463 | r_c=0.118161 | r_s=0.002325 | status=running
[DL Convergence] | phase=optimize | block=2 | epoch=95/500 | active_users=3 | updated_users=3 | objective=37.921982 | sum_rate=33.842602 | r_p=0.144832 | r_c=0.132199 | r_s=0.002317 | status=running
[DL Convergence] | phase=optimize | block=2 | epoch=100/500 | active_users=3 | updated_users=3 | objective=37.928207 | sum_rate=33.850613 | r_p=0.183523 | r_c=0.169033 | r_s=0.002946 | status=running
[DL Convergence] | phase=optimize | block=2 | epoch=105/500 | active_users=3 | updated_users=3 | objective=37.934570 | sum_rate=33.856514 | r_p=0.198222 | r_c=0.184405 | r_s=0.001997 | status=running
[DL Convergence] | phase=optimize | block=2 | epoch=110/500 | active_users=3 | updated_users=3 | objective=37.928143 | sum_rate=33.849537 | r_p=0.174141 | r_c=0.163560 | r_s=0.001995 | status=running
[DL Convergence] | phase=optimize | block=2 | epoch=115/500 | active_users=3 | updated_users=3 | objective=37.923103 | sum_rate=33.844128 | r_p=0.152788 | r_c=0.144798 | r_s=0.002320 | status=running
[DL Convergence] | phase=optimize | block=2 | epoch=120/500 | active_users=3 | updated_users=3 | objective=37.917858 | sum_rate=33.839745 | r_p=0.148477 | r_c=0.141895 | r_s=0.002222 | status=running
[DL Convergence] | phase=optimize | block=2 | epoch=125/500 | active_users=3 | updated_users=3 | objective=37.929504 | sum_rate=33.850445 | r_p=0.174063 | r_c=0.167706 | r_s=0.002096 | status=running
[DL Convergence] | phase=optimize | block=2 | epoch=130/500 | active_users=3 | updated_users=3 | objective=37.926376 | sum_rate=33.847511 | r_p=0.164206 | r_c=0.159595 | r_s=0.002410 | status=running
[DL Convergence] | phase=optimize | block=2 | epoch=135/500 | active_users=3 | updated_users=3 | objective=37.918793 | sum_rate=33.840702 | r_p=0.151082 | r_c=0.148116 | r_s=0.002442 | status=running
[DL Convergence] | phase=optimize | block=2 | epoch=140/500 | active_users=3 | updated_users=3 | objective=37.927994 | sum_rate=33.848537 | r_p=0.163486 | r_c=0.161520 | r_s=0.001985 | status=running
[DL Convergence] | phase=optimize | block=2 | epoch=145/500 | active_users=3 | updated_users=3 | objective=37.922684 | sum_rate=33.843479 | r_p=0.148859 | r_c=0.148224 | r_s=0.003086 | status=running
[DL Convergence] | phase=optimize | block=2 | epoch=150/500 | active_users=3 | updated_users=3 | objective=37.920612 | sum_rate=33.842018 | r_p=0.154228 | r_c=0.154808 | r_s=0.003544 | status=running
[DL Convergence] | phase=optimize | block=2 | epoch=155/500 | active_users=3 | updated_users=3 | objective=37.925266 | sum_rate=33.845932 | r_p=0.158038 | r_c=0.159804 | r_s=0.001736 | status=running
[DL Convergence] | phase=optimize | block=2 | epoch=160/500 | active_users=3 | updated_users=3 | objective=37.917931 | sum_rate=33.839241 | r_p=0.142196 | r_c=0.144925 | r_s=0.002356 | status=running
[DL Convergence] | phase=optimize | block=2 | epoch=165/500 | active_users=3 | updated_users=3 | objective=37.926132 | sum_rate=33.846626 | r_p=0.156488 | r_c=0.160635 | r_s=0.002465 | status=running
[DL Convergence] | phase=optimize | block=2 | epoch=170/500 | active_users=3 | updated_users=3 | objective=37.918312 | sum_rate=33.839287 | r_p=0.139407 | r_c=0.144199 | r_s=0.002483 | status=running
[DL Convergence] | phase=optimize | block=2 | epoch=175/500 | active_users=3 | updated_users=3 | objective=37.924641 | sum_rate=33.845108 | r_p=0.151774 | r_c=0.158068 | r_s=0.001763 | status=running
[DL Convergence] | phase=optimize | block=2 | epoch=180/500 | active_users=3 | updated_users=3 | objective=37.914959 | sum_rate=33.836269 | r_p=0.133657 | r_c=0.140221 | r_s=0.002276 | status=running
[DL Convergence] | phase=optimize | block=2 | epoch=185/500 | active_users=3 | updated_users=3 | objective=37.924160 | sum_rate=33.844536 | r_p=0.149593 | r_c=0.157967 | r_s=0.001773 | status=running
[DL Convergence] | phase=optimize | block=2 | epoch=190/500 | active_users=3 | updated_users=3 | objective=37.921375 | sum_rate=33.841770 | r_p=0.142625 | r_c=0.151705 | r_s=0.003463 | status=running
[DL Convergence] | phase=optimize | block=2 | epoch=195/500 | active_users=3 | updated_users=3 | objective=37.921028 | sum_rate=33.841545 | r_p=0.141908 | r_c=0.151904 | r_s=0.001887 | status=running
[DL Convergence] | phase=optimize | block=2 | epoch=200/500 | active_users=3 | updated_users=3 | objective=37.928398 | sum_rate=33.847893 | r_p=0.151451 | r_c=0.163217 | r_s=0.001767 | status=running
[DL Convergence] | phase=optimize | block=2 | epoch=205/500 | active_users=3 | updated_users=3 | objective=37.917297 | sum_rate=33.837864 | r_p=0.130230 | r_c=0.141262 | r_s=0.002257 | status=running
[DL Convergence] | phase=optimize | block=2 | epoch=210/500 | active_users=3 | updated_users=3 | objective=37.923103 | sum_rate=33.843224 | r_p=0.141147 | r_c=0.154061 | r_s=0.002033 | status=running
[DL Convergence] | phase=optimize | block=2 | epoch=215/500 | active_users=3 | updated_users=3 | objective=37.914288 | sum_rate=33.835091 | r_p=0.125775 | r_c=0.138186 | r_s=0.002231 | status=running
[DL Convergence] | phase=optimize | block=2 | epoch=220/500 | active_users=3 | updated_users=3 | objective=37.918186 | sum_rate=33.838818 | r_p=0.134640 | r_c=0.148789 | r_s=0.001387 | status=running
[DL Convergence] | phase=optimize | block=2 | epoch=225/500 | active_users=3 | updated_users=3 | objective=37.928181 | sum_rate=33.847351 | r_p=0.147004 | r_c=0.163471 | r_s=0.001812 | status=running
[DL Convergence] | phase=optimize | block=2 | epoch=230/500 | active_users=3 | updated_users=3 | objective=37.914574 | sum_rate=33.835201 | r_p=0.123108 | r_c=0.137733 | r_s=0.002231 | status=running
[DL Convergence] | phase=optimize | block=2 | epoch=235/500 | active_users=3 | updated_users=3 | objective=37.919586 | sum_rate=33.839760 | r_p=0.131347 | r_c=0.147780 | r_s=0.001997 | status=running
[DL Convergence] | phase=optimize | block=2 | epoch=240/500 | active_users=3 | updated_users=3 | objective=37.919365 | sum_rate=33.839336 | r_p=0.131588 | r_c=0.148965 | r_s=0.003173 | status=running
[DL Convergence] | phase=optimize | block=2 | epoch=245/500 | active_users=3 | updated_users=3 | objective=37.914764 | sum_rate=33.835426 | r_p=0.124079 | r_c=0.141229 | r_s=0.001440 | status=running
[DL Convergence] | phase=optimize | block=2 | epoch=250/500 | active_users=3 | updated_users=3 | objective=37.923630 | sum_rate=33.843105 | r_p=0.135554 | r_c=0.155154 | r_s=0.001844 | status=running
[DL Convergence] | phase=optimize | block=2 | epoch=255/500 | active_users=3 | updated_users=3 | objective=37.912460 | sum_rate=33.833065 | r_p=0.114958 | r_c=0.132343 | r_s=0.002205 | status=running
[DL Convergence] | phase=optimize | block=2 | epoch=260/500 | active_users=3 | updated_users=3 | objective=37.916218 | sum_rate=33.836617 | r_p=0.123354 | r_c=0.142739 | r_s=0.001691 | status=running
[DL Convergence] | phase=optimize | block=2 | epoch=265/500 | active_users=3 | updated_users=3 | objective=37.927597 | sum_rate=33.846378 | r_p=0.141460 | r_c=0.164609 | r_s=0.001343 | status=running
[DL Convergence] | phase=optimize | block=2 | epoch=270/500 | active_users=3 | updated_users=3 | objective=37.912498 | sum_rate=33.833099 | r_p=0.115850 | r_c=0.135513 | r_s=0.001948 | status=running
[DL Convergence] | phase=optimize | block=2 | epoch=275/500 | active_users=3 | updated_users=3 | objective=37.919182 | sum_rate=33.838985 | r_p=0.126286 | r_c=0.148470 | r_s=0.001854 | status=running
[DL Convergence] | phase=optimize | block=2 | epoch=280/500 | active_users=3 | updated_users=3 | objective=37.918583 | sum_rate=33.838348 | r_p=0.126007 | r_c=0.148991 | r_s=0.003804 | status=running
[DL Convergence] | phase=optimize | block=2 | epoch=285/500 | active_users=3 | updated_users=3 | objective=37.909843 | sum_rate=33.830700 | r_p=0.111973 | r_c=0.133032 | r_s=0.001266 | status=running
[DL Convergence] | phase=optimize | block=2 | epoch=290/500 | active_users=3 | updated_users=3 | objective=37.920937 | sum_rate=33.840309 | r_p=0.126358 | r_c=0.150853 | r_s=0.002037 | status=running
[DL Convergence] | phase=optimize | block=2 | epoch=295/500 | active_users=3 | updated_users=3 | objective=37.910507 | sum_rate=33.831097 | r_p=0.112426 | r_c=0.134964 | r_s=0.002796 | status=running
[DL Convergence] | phase=optimize | block=2 | epoch=300/500 | active_users=3 | updated_users=3 | objective=37.910057 | sum_rate=33.830891 | r_p=0.111094 | r_c=0.133972 | r_s=0.001952 | status=running
[DL Convergence] | phase=optimize | block=2 | epoch=305/500 | active_users=3 | updated_users=3 | objective=37.922829 | sum_rate=33.841812 | r_p=0.129114 | r_c=0.156453 | r_s=0.001952 | status=running
[DL Convergence] | phase=optimize | block=2 | epoch=310/500 | active_users=3 | updated_users=3 | objective=37.908669 | sum_rate=33.829300 | r_p=0.104086 | r_c=0.126784 | r_s=0.002649 | status=running
[DL Convergence] | phase=optimize | block=2 | epoch=315/500 | active_users=3 | updated_users=3 | objective=37.910217 | sum_rate=33.830925 | r_p=0.109756 | r_c=0.134275 | r_s=0.002064 | status=running
[DL Convergence] | phase=optimize | block=2 | epoch=320/500 | active_users=3 | updated_users=3 | objective=37.925354 | sum_rate=33.843975 | r_p=0.133083 | r_c=0.163596 | r_s=0.001525 | status=running
[DL Convergence] | phase=optimize | block=2 | epoch=325/500 | active_users=3 | updated_users=3 | objective=37.907661 | sum_rate=33.828285 | r_p=0.102110 | r_c=0.126132 | r_s=0.003083 | status=running
[DL Convergence] | phase=optimize | block=2 | epoch=330/500 | active_users=3 | updated_users=3 | objective=37.911606 | sum_rate=33.831978 | r_p=0.110129 | r_c=0.136617 | r_s=0.002126 | status=running
[DL Convergence] | phase=optimize | block=2 | epoch=335/500 | active_users=3 | updated_users=3 | objective=37.927219 | sum_rate=33.845623 | r_p=0.136089 | r_c=0.169640 | r_s=0.001533 | status=running
[DL Convergence] | phase=optimize | block=2 | epoch=340/500 | active_users=3 | updated_users=3 | objective=37.906063 | sum_rate=33.826881 | r_p=0.102319 | r_c=0.128115 | r_s=0.002135 | status=running
[DL Convergence] | phase=optimize | block=2 | epoch=345/500 | active_users=3 | updated_users=3 | objective=37.914665 | sum_rate=33.834469 | r_p=0.112715 | r_c=0.141722 | r_s=0.002131 | status=running
[DL Convergence] | phase=optimize | block=2 | epoch=350/500 | active_users=3 | updated_users=3 | objective=37.913544 | sum_rate=33.833485 | r_p=0.115893 | r_c=0.146437 | r_s=0.004166 | status=running
[DL Convergence] | phase=optimize | block=2 | epoch=355/500 | active_users=3 | updated_users=3 | objective=37.905716 | sum_rate=33.826664 | r_p=0.101478 | r_c=0.128745 | r_s=0.001621 | status=running
[DL Convergence] | phase=optimize | block=2 | epoch=360/500 | active_users=3 | updated_users=3 | objective=37.917961 | sum_rate=33.837196 | r_p=0.116943 | r_c=0.148979 | r_s=0.002367 | status=running
[DL Convergence] | phase=optimize | block=2 | epoch=365/500 | active_users=3 | updated_users=3 | objective=37.905933 | sum_rate=33.826645 | r_p=0.101458 | r_c=0.129878 | r_s=0.003101 | status=running
[DL Convergence] | phase=optimize | block=2 | epoch=370/500 | active_users=3 | updated_users=3 | objective=37.905434 | sum_rate=33.826439 | r_p=0.099843 | r_c=0.128302 | r_s=0.002442 | status=running
[DL Convergence] | phase=optimize | block=2 | epoch=375/500 | active_users=3 | updated_users=3 | objective=37.920788 | sum_rate=33.839607 | r_p=0.122099 | r_c=0.157550 | r_s=0.002086 | status=running
[DL Convergence] | phase=optimize | block=2 | epoch=380/500 | active_users=3 | updated_users=3 | objective=37.905327 | sum_rate=33.825966 | r_p=0.094494 | r_c=0.122493 | r_s=0.003185 | status=running
[DL Convergence] | phase=optimize | block=2 | epoch=385/500 | active_users=3 | updated_users=3 | objective=37.905991 | sum_rate=33.826843 | r_p=0.099489 | r_c=0.129449 | r_s=0.002179 | status=running
[DL Convergence] | phase=optimize | block=2 | epoch=390/500 | active_users=3 | updated_users=3 | objective=37.923824 | sum_rate=33.842312 | r_p=0.127180 | r_c=0.166173 | r_s=0.001722 | status=running
[DL Convergence] | phase=optimize | block=2 | epoch=395/500 | active_users=3 | updated_users=3 | objective=37.903534 | sum_rate=33.824322 | r_p=0.091202 | r_c=0.118999 | r_s=0.003386 | status=running
[DL Convergence] | phase=optimize | block=2 | epoch=400/500 | active_users=3 | updated_users=3 | objective=37.903549 | sum_rate=33.824570 | r_p=0.094259 | r_c=0.124158 | r_s=0.002192 | status=running
[DL Convergence] | phase=optimize | block=2 | epoch=405/500 | active_users=3 | updated_users=3 | objective=37.923958 | sum_rate=33.842396 | r_p=0.127382 | r_c=0.168468 | r_s=0.001848 | status=running
[DL Convergence] | phase=optimize | block=2 | epoch=410/500 | active_users=3 | updated_users=3 | objective=37.904480 | sum_rate=33.825119 | r_p=0.094356 | r_c=0.125323 | r_s=0.003358 | status=running
[DL Convergence] | phase=optimize | block=2 | epoch=415/500 | active_users=3 | updated_users=3 | objective=37.907852 | sum_rate=33.828236 | r_p=0.099339 | r_c=0.132417 | r_s=0.002092 | status=running
[DL Convergence] | phase=optimize | block=2 | epoch=420/500 | active_users=3 | updated_users=3 | objective=37.925171 | sum_rate=33.843479 | r_p=0.129351 | r_c=0.173142 | r_s=0.001764 | status=running
[DL Convergence] | phase=optimize | block=2 | epoch=425/500 | active_users=3 | updated_users=3 | objective=37.900406 | sum_rate=33.821434 | r_p=0.096176 | r_c=0.118057 | r_s=0.003127 | status=running
[DL Convergence] | phase=optimize | block=2 | epoch=430/500 | active_users=3 | updated_users=3 | objective=37.907276 | sum_rate=33.827610 | r_p=0.097181 | r_c=0.131055 | r_s=0.002421 | status=running
[DL Convergence] | phase=optimize | block=2 | epoch=435/500 | active_users=3 | updated_users=3 | objective=37.926376 | sum_rate=33.844509 | r_p=0.131561 | r_c=0.178155 | r_s=0.001897 | status=running
[DL Convergence] | phase=optimize | block=2 | epoch=440/500 | active_users=3 | updated_users=3 | objective=37.901913 | sum_rate=33.822914 | r_p=0.092997 | r_c=0.126418 | r_s=0.002086 | status=running
[DL Convergence] | phase=optimize | block=2 | epoch=445/500 | active_users=3 | updated_users=3 | objective=37.911499 | sum_rate=33.831215 | r_p=0.102611 | r_c=0.139967 | r_s=0.002439 | status=running
[DL Convergence] | phase=optimize | block=2 | epoch=450/500 | active_users=3 | updated_users=3 | objective=37.926182 | sum_rate=33.844353 | r_p=0.131619 | r_c=0.180301 | r_s=0.001480 | status=running
[DL Convergence] | phase=optimize | block=2 | epoch=455/500 | active_users=3 | updated_users=3 | objective=37.898422 | sum_rate=33.819771 | r_p=0.102949 | r_c=0.119021 | r_s=0.002044 | status=running
[DL Convergence] | phase=optimize | block=2 | epoch=460/500 | active_users=3 | updated_users=3 | objective=37.911621 | sum_rate=33.831261 | r_p=0.102732 | r_c=0.141702 | r_s=0.002813 | status=running
[DL Convergence] | phase=optimize | block=2 | epoch=465/500 | active_users=3 | updated_users=3 | objective=37.911373 | sum_rate=33.831184 | r_p=0.109848 | r_c=0.152165 | r_s=0.004587 | status=running
[DL Convergence] | phase=optimize | block=2 | epoch=470/500 | active_users=3 | updated_users=3 | objective=37.900818 | sum_rate=33.822018 | r_p=0.097831 | r_c=0.125096 | r_s=0.002081 | status=running
[DL Convergence] | phase=optimize | block=2 | epoch=475/500 | active_users=3 | updated_users=3 | objective=37.915207 | sum_rate=33.834351 | r_p=0.108620 | r_c=0.151485 | r_s=0.002671 | status=running
[DL Convergence] | phase=optimize | block=2 | epoch=480/500 | active_users=3 | updated_users=3 | objective=37.909866 | sum_rate=33.829845 | r_p=0.106881 | r_c=0.149708 | r_s=0.005067 | status=running
[DL Convergence] | phase=optimize | block=2 | epoch=485/500 | active_users=3 | updated_users=3 | objective=37.897274 | sum_rate=33.818832 | r_p=0.111013 | r_c=0.117592 | r_s=0.002151 | status=running
[DL Convergence] | phase=optimize | block=2 | epoch=490/500 | active_users=3 | updated_users=3 | objective=37.915901 | sum_rate=33.834969 | r_p=0.109975 | r_c=0.155030 | r_s=0.002910 | status=running
[DL Convergence] | phase=optimize | block=2 | epoch=495/500 | active_users=3 | updated_users=3 | objective=37.903561 | sum_rate=33.824177 | r_p=0.094008 | r_c=0.133080 | r_s=0.003490 | status=running
[DL Convergence] | phase=optimize | block=2 | epoch=500/500 | active_users=3 | updated_users=3 | objective=37.899700 | sum_rate=33.820976 | r_p=0.103184 | r_c=0.123192 | r_s=0.002653 | status=running
  user=02 block=02 candidate n_kl=  57 after updating users [2] still leaves committed users infeasible [0, 1, 2] after re-optimization; stopping further n_kl reduction for this user in this block.
[DL Convergence Allocation] | user=0 | block=2 | served_bits=259 | n_kl=29 | required_rate=8.931034 | achieved_rate=8.932143 | rate_margin=0.001108
[DL Convergence Allocation] | user=1 | block=2 | served_bits=511 | n_kl=39 | required_rate=13.102564 | achieved_rate=13.119576 | rate_margin=0.017012
[DL Convergence Allocation] | user=2 | block=2 | served_bits=686 | n_kl=58 | required_rate=11.827586 | achieved_rate=11.828762 | rate_margin=0.001176
[DL Convergence Block] | block=2 | status=complete | allocated_bits=1456 | remaining_bits=0
Saved downlink results to: C:\All Codes\Taiwan_Internship\UL_UPLINK_DOWNLINK_MONTE_CARLO\Results\Downlink\Method-Convergence per epoch\conv_blend_bs_net__dl_payload_completion_sweep_20260704_210305_conv_upd_net_loss_aug_obj_blend_scope_bs__s3\testing
Mirrored downlink convergence scenario results to: C:\All Codes\Taiwan_Internship\UL_UPLINK_DOWNLINK_MONTE_CARLO\Results\Downlink\Scenario-Payload completion\Convergence per epoch\conv_blend_bs_net__dl_payload_completion_sweep_20260704_210305_conv_upd_net_loss_aug_obj_blend_scope_bs__s3
Saved downlink convergence method results to: C:\All Codes\Taiwan_Internship\UL_UPLINK_DOWNLINK_MONTE_CARLO\Results\Downlink\Method-Convergence per epoch\conv_blend_bs_net__dl_payload_completion_sweep_20260704_210305_conv_upd_net_loss_aug_obj_blend_scope_bs__s3
