[DL Initial Baseline] | seed=3 | scenario=payload_completion | method=convergence | users=3 | initial_total_latency=0.305000 | initial_avg_latency=0.101667 | initial_min_latency=0.069867 | initial_max_latency=0.135667
[DL Convergence Block] | block=0 | active_users=3 | remaining_bits=6000 | objective=remaining_bits_weighted_sum_rate
    weight_strategy=remaining_bits | user_weights: u0=0.500, u1=0.750, u2=1.000
[DL Convergence] | phase=optimize | block=0 | epoch=1/500 | active_users=3 | updated_users=3 | objective=2.540222 | sum_rate=2.839302 | r_p=35.410248 | r_c=3.541025 | r_s=0.004105 | status=running
[DL Convergence] | phase=optimize | block=0 | epoch=5/500 | active_users=3 | updated_users=3 | objective=2.800599 | sum_rate=3.133043 | r_p=35.215858 | r_c=53.300209 | r_s=0.004130 | status=running
[DL Convergence] | phase=optimize | block=0 | epoch=10/500 | active_users=3 | updated_users=3 | objective=3.147601 | sum_rate=3.523171 | r_p=34.956661 | r_c=114.281072 | r_s=0.004160 | status=running
[DL Convergence] | phase=optimize | block=0 | epoch=15/500 | active_users=3 | updated_users=3 | objective=3.518358 | sum_rate=3.939490 | r_p=34.680695 | r_c=173.805352 | r_s=0.004176 | status=running
[DL Convergence] | phase=optimize | block=0 | epoch=20/500 | active_users=3 | updated_users=3 | objective=3.911634 | sum_rate=4.381610 | r_p=34.389759 | r_c=231.782766 | r_s=0.004203 | status=running
[DL Convergence] | phase=optimize | block=0 | epoch=25/500 | active_users=3 | updated_users=3 | objective=4.325973 | sum_rate=4.846993 | r_p=34.084236 | r_c=288.124351 | r_s=0.004223 | status=running
[DL Convergence] | phase=optimize | block=0 | epoch=30/500 | active_users=3 | updated_users=3 | objective=4.759464 | sum_rate=5.332127 | r_p=33.765121 | r_c=342.755920 | r_s=0.004238 | status=running
[DL Convergence] | phase=optimize | block=0 | epoch=35/500 | active_users=3 | updated_users=3 | objective=5.209298 | sum_rate=5.835143 | r_p=33.434570 | r_c=395.626906 | r_s=0.004255 | status=running
[DL Convergence] | phase=optimize | block=0 | epoch=40/500 | active_users=3 | updated_users=3 | objective=5.671345 | sum_rate=6.351879 | r_p=33.097420 | r_c=446.745068 | r_s=0.004269 | status=running
[DL Convergence] | phase=optimize | block=0 | epoch=45/500 | active_users=3 | updated_users=3 | objective=6.140546 | sum_rate=6.877853 | r_p=32.758923 | r_c=496.164919 | r_s=0.004284 | status=running
[DL Convergence] | phase=optimize | block=0 | epoch=50/500 | active_users=3 | updated_users=3 | objective=6.610019 | sum_rate=7.408148 | r_p=32.428360 | r_c=544.058515 | r_s=0.004291 | status=running
[DL Convergence] | phase=optimize | block=0 | epoch=55/500 | active_users=3 | updated_users=3 | objective=7.072623 | sum_rate=7.939986 | r_p=32.117439 | r_c=590.715228 | r_s=0.004302 | status=running
[DL Convergence] | phase=optimize | block=0 | epoch=60/500 | active_users=3 | updated_users=3 | objective=7.522338 | sum_rate=8.463466 | r_p=31.829037 | r_c=636.337253 | r_s=0.004315 | status=running
[DL Convergence] | phase=optimize | block=0 | epoch=65/500 | active_users=3 | updated_users=3 | objective=7.954328 | sum_rate=8.974960 | r_p=31.567230 | r_c=681.171285 | r_s=0.004328 | status=running
[DL Convergence] | phase=optimize | block=0 | epoch=70/500 | active_users=3 | updated_users=3 | objective=8.365816 | sum_rate=9.475313 | r_p=31.338589 | r_c=725.553027 | r_s=0.004321 | status=running
[DL Convergence] | phase=optimize | block=0 | epoch=75/500 | active_users=3 | updated_users=3 | objective=8.755029 | sum_rate=9.961308 | r_p=31.145000 | r_c=769.747175 | r_s=0.004323 | status=running
[DL Convergence] | phase=optimize | block=0 | epoch=80/500 | active_users=3 | updated_users=3 | objective=9.123763 | sum_rate=10.438707 | r_p=30.981293 | r_c=813.841383 | r_s=0.004321 | status=running
[DL Convergence] | phase=optimize | block=0 | epoch=85/500 | active_users=3 | updated_users=3 | objective=9.475578 | sum_rate=10.906821 | r_p=30.839500 | r_c=857.800446 | r_s=0.004323 | status=running
[DL Convergence] | phase=optimize | block=0 | epoch=90/500 | active_users=3 | updated_users=3 | objective=9.813262 | sum_rate=11.364393 | r_p=30.708294 | r_c=901.420734 | r_s=0.004328 | status=running
[DL Convergence] | phase=optimize | block=0 | epoch=95/500 | active_users=3 | updated_users=3 | objective=10.141023 | sum_rate=11.815889 | r_p=30.582655 | r_c=944.612401 | r_s=0.004323 | status=running
[DL Convergence] | phase=optimize | block=0 | epoch=100/500 | active_users=3 | updated_users=3 | objective=10.458879 | sum_rate=12.262960 | r_p=30.465427 | r_c=987.504383 | r_s=0.004316 | status=running
[DL Convergence] | phase=optimize | block=0 | epoch=105/500 | active_users=3 | updated_users=3 | objective=10.768132 | sum_rate=12.708641 | r_p=30.358955 | r_c=1030.232740 | r_s=0.004317 | status=running
[DL Convergence] | phase=optimize | block=0 | epoch=110/500 | active_users=3 | updated_users=3 | objective=11.073590 | sum_rate=13.154022 | r_p=30.255285 | r_c=1072.576789 | r_s=0.004319 | status=running
[DL Convergence] | phase=optimize | block=0 | epoch=115/500 | active_users=3 | updated_users=3 | objective=11.377338 | sum_rate=13.609905 | r_p=30.163246 | r_c=1114.887413 | r_s=0.004319 | status=running
[DL Convergence] | phase=optimize | block=0 | epoch=120/500 | active_users=3 | updated_users=3 | objective=11.683056 | sum_rate=14.071898 | r_p=30.074638 | r_c=1156.915552 | r_s=0.004315 | status=running
[DL Convergence] | phase=optimize | block=0 | epoch=125/500 | active_users=3 | updated_users=3 | objective=11.990896 | sum_rate=14.541567 | r_p=29.993637 | r_c=1198.852625 | r_s=0.004313 | status=running
[DL Convergence] | phase=optimize | block=0 | epoch=130/500 | active_users=3 | updated_users=3 | objective=12.303631 | sum_rate=15.015488 | r_p=29.911730 | r_c=1240.387830 | r_s=0.004310 | status=running
[DL Convergence] | phase=optimize | block=0 | epoch=135/500 | active_users=3 | updated_users=3 | objective=12.619660 | sum_rate=15.492395 | r_p=29.831526 | r_c=1281.628614 | r_s=0.004326 | status=running
[DL Convergence] | phase=optimize | block=0 | epoch=140/500 | active_users=3 | updated_users=3 | objective=12.938028 | sum_rate=15.966225 | r_p=29.749660 | r_c=1322.436248 | r_s=0.004333 | status=running
[DL Convergence] | phase=optimize | block=0 | epoch=145/500 | active_users=3 | updated_users=3 | objective=13.256142 | sum_rate=16.432240 | r_p=29.666599 | r_c=1362.823457 | r_s=0.004336 | status=running
[DL Convergence] | phase=optimize | block=0 | epoch=150/500 | active_users=3 | updated_users=3 | objective=13.572823 | sum_rate=16.883726 | r_p=29.578070 | r_c=1402.578699 | r_s=0.004346 | status=running
[DL Convergence] | phase=optimize | block=0 | epoch=155/500 | active_users=3 | updated_users=3 | objective=13.888968 | sum_rate=17.315933 | r_p=29.477592 | r_c=1441.350620 | r_s=0.004357 | status=running
[DL Convergence] | phase=optimize | block=0 | epoch=160/500 | active_users=3 | updated_users=3 | objective=14.205959 | sum_rate=17.734087 | r_p=29.365294 | r_c=1479.075644 | r_s=0.004379 | status=running
[DL Convergence] | phase=optimize | block=0 | epoch=165/500 | active_users=3 | updated_users=3 | objective=14.523079 | sum_rate=18.146803 | r_p=29.249504 | r_c=1516.122137 | r_s=0.004402 | status=running
[DL Convergence] | phase=optimize | block=0 | epoch=170/500 | active_users=3 | updated_users=3 | objective=14.838533 | sum_rate=18.553566 | r_p=29.132956 | r_c=1552.618561 | r_s=0.004406 | status=running
[DL Convergence] | phase=optimize | block=0 | epoch=175/500 | active_users=3 | updated_users=3 | objective=15.151690 | sum_rate=18.956587 | r_p=29.014763 | r_c=1588.515423 | r_s=0.004409 | status=running
[DL Convergence] | phase=optimize | block=0 | epoch=180/500 | active_users=3 | updated_users=3 | objective=15.462386 | sum_rate=19.353546 | r_p=28.891121 | r_c=1623.589228 | r_s=0.004407 | status=running
[DL Convergence] | phase=optimize | block=0 | epoch=185/500 | active_users=3 | updated_users=3 | objective=15.769176 | sum_rate=19.744577 | r_p=28.765808 | r_c=1658.029764 | r_s=0.004420 | status=running
[DL Convergence] | phase=optimize | block=0 | epoch=190/500 | active_users=3 | updated_users=3 | objective=16.072849 | sum_rate=20.123856 | r_p=28.629105 | r_c=1691.248803 | r_s=0.004429 | status=running
[DL Convergence] | phase=optimize | block=0 | epoch=195/500 | active_users=3 | updated_users=3 | objective=16.371317 | sum_rate=20.495354 | r_p=28.491093 | r_c=1723.800097 | r_s=0.004437 | status=running
[DL Convergence] | phase=optimize | block=0 | epoch=200/500 | active_users=3 | updated_users=3 | objective=16.665611 | sum_rate=20.860851 | r_p=28.348366 | r_c=1755.468421 | r_s=0.004450 | status=running
[DL Convergence] | phase=optimize | block=0 | epoch=205/500 | active_users=3 | updated_users=3 | objective=16.956631 | sum_rate=21.221861 | r_p=28.196758 | r_c=1785.961530 | r_s=0.004468 | status=running
[DL Convergence] | phase=optimize | block=0 | epoch=210/500 | active_users=3 | updated_users=3 | objective=17.241684 | sum_rate=21.576828 | r_p=28.045864 | r_c=1815.860728 | r_s=0.004472 | status=running
[DL Convergence] | phase=optimize | block=0 | epoch=215/500 | active_users=3 | updated_users=3 | objective=17.520971 | sum_rate=21.923817 | r_p=27.892975 | r_c=1844.990848 | r_s=0.004492 | status=running
[DL Convergence] | phase=optimize | block=0 | epoch=220/500 | active_users=3 | updated_users=3 | objective=17.794785 | sum_rate=22.259031 | r_p=27.732700 | r_c=1872.978431 | r_s=0.004487 | status=running
[DL Convergence] | phase=optimize | block=0 | epoch=225/500 | active_users=3 | updated_users=3 | objective=18.061445 | sum_rate=22.585056 | r_p=27.571640 | r_c=1900.243852 | r_s=0.004503 | status=running
[DL Convergence] | phase=optimize | block=0 | epoch=230/500 | active_users=3 | updated_users=3 | objective=18.320862 | sum_rate=22.900633 | r_p=27.409542 | r_c=1926.767585 | r_s=0.004502 | status=running
[DL Convergence] | phase=optimize | block=0 | epoch=235/500 | active_users=3 | updated_users=3 | objective=18.571741 | sum_rate=23.207762 | r_p=27.251991 | r_c=1952.953840 | r_s=0.004512 | status=running
[DL Convergence] | phase=optimize | block=0 | epoch=240/500 | active_users=3 | updated_users=3 | objective=18.811817 | sum_rate=23.504826 | r_p=27.106199 | r_c=1979.361035 | r_s=0.004534 | status=running
[DL Convergence] | phase=optimize | block=0 | epoch=245/500 | active_users=3 | updated_users=3 | objective=19.042131 | sum_rate=23.788130 | r_p=26.963562 | r_c=2005.410647 | r_s=0.004540 | status=running
[DL Convergence] | phase=optimize | block=0 | epoch=250/500 | active_users=3 | updated_users=3 | objective=19.258842 | sum_rate=24.058844 | r_p=26.838987 | r_c=2032.261367 | r_s=0.004555 | status=running
[DL Convergence] | phase=optimize | block=0 | epoch=255/500 | active_users=3 | updated_users=3 | objective=19.465107 | sum_rate=24.323771 | r_p=26.727077 | r_c=2059.592815 | r_s=0.004557 | status=running
[DL Convergence] | phase=optimize | block=0 | epoch=260/500 | active_users=3 | updated_users=3 | objective=19.660614 | sum_rate=24.577103 | r_p=26.626762 | r_c=2087.391757 | r_s=0.004578 | status=running
[DL Convergence] | phase=optimize | block=0 | epoch=265/500 | active_users=3 | updated_users=3 | objective=19.847580 | sum_rate=24.822575 | r_p=26.532326 | r_c=2115.260677 | r_s=0.004582 | status=running
[DL Convergence] | phase=optimize | block=0 | epoch=270/500 | active_users=3 | updated_users=3 | objective=20.025530 | sum_rate=25.056725 | r_p=26.444685 | r_c=2143.308056 | r_s=0.004601 | status=running
[DL Convergence] | phase=optimize | block=0 | epoch=275/500 | active_users=3 | updated_users=3 | objective=20.195545 | sum_rate=25.282324 | r_p=26.362534 | r_c=2171.463012 | r_s=0.004609 | status=running
[DL Convergence] | phase=optimize | block=0 | epoch=280/500 | active_users=3 | updated_users=3 | objective=20.357141 | sum_rate=25.500589 | r_p=26.290394 | r_c=2200.135644 | r_s=0.004609 | status=running
[DL Convergence] | phase=optimize | block=0 | epoch=285/500 | active_users=3 | updated_users=3 | objective=20.511854 | sum_rate=25.709042 | r_p=26.220997 | r_c=2228.758757 | r_s=0.004623 | status=running
[DL Convergence] | phase=optimize | block=0 | epoch=290/500 | active_users=3 | updated_users=3 | objective=20.660557 | sum_rate=25.909859 | r_p=26.155151 | r_c=2257.418371 | r_s=0.004620 | status=running
[DL Convergence] | phase=optimize | block=0 | epoch=295/500 | active_users=3 | updated_users=3 | objective=20.803532 | sum_rate=26.100746 | r_p=26.089527 | r_c=2285.838993 | r_s=0.004649 | status=running
[DL Convergence] | phase=optimize | block=0 | epoch=300/500 | active_users=3 | updated_users=3 | objective=20.940655 | sum_rate=26.284201 | r_p=26.026903 | r_c=2314.270756 | r_s=0.004670 | status=running
[DL Convergence] | phase=optimize | block=0 | epoch=305/500 | active_users=3 | updated_users=3 | objective=21.071873 | sum_rate=26.460733 | r_p=25.969296 | r_c=2342.912730 | r_s=0.004700 | status=running
[DL Convergence] | phase=optimize | block=0 | epoch=310/500 | active_users=3 | updated_users=3 | objective=21.198658 | sum_rate=26.628525 | r_p=25.908781 | r_c=2371.062226 | r_s=0.004700 | status=running
[DL Convergence] | phase=optimize | block=0 | epoch=315/500 | active_users=3 | updated_users=3 | objective=21.320560 | sum_rate=26.789452 | r_p=25.852234 | r_c=2399.347395 | r_s=0.004706 | status=running
[DL Convergence] | phase=optimize | block=0 | epoch=320/500 | active_users=3 | updated_users=3 | objective=21.439236 | sum_rate=26.944729 | r_p=25.791685 | r_c=2427.033866 | r_s=0.004725 | status=running
[DL Convergence] | phase=optimize | block=0 | epoch=325/500 | active_users=3 | updated_users=3 | objective=21.553585 | sum_rate=27.090755 | r_p=25.732298 | r_c=2454.599136 | r_s=0.004741 | status=running
[DL Convergence] | phase=optimize | block=0 | epoch=330/500 | active_users=3 | updated_users=3 | objective=21.664202 | sum_rate=27.232246 | r_p=25.673536 | r_c=2481.995332 | r_s=0.004748 | status=running
[DL Convergence] | phase=optimize | block=0 | epoch=335/500 | active_users=3 | updated_users=3 | objective=21.772413 | sum_rate=27.369476 | r_p=25.612951 | r_c=2508.986288 | r_s=0.004749 | status=running
[DL Convergence] | phase=optimize | block=0 | epoch=340/500 | active_users=3 | updated_users=3 | objective=21.877075 | sum_rate=27.500988 | r_p=25.553288 | r_c=2535.836573 | r_s=0.004782 | status=running
[DL Convergence] | phase=optimize | block=0 | epoch=345/500 | active_users=3 | updated_users=3 | objective=21.980505 | sum_rate=27.629551 | r_p=25.490013 | r_c=2562.093241 | r_s=0.004774 | status=running
[DL Convergence] | phase=optimize | block=0 | epoch=350/500 | active_users=3 | updated_users=3 | objective=22.082657 | sum_rate=27.752434 | r_p=25.421179 | r_c=2587.538530 | r_s=0.004814 | status=running
[DL Convergence] | phase=optimize | block=0 | epoch=355/500 | active_users=3 | updated_users=3 | objective=22.182013 | sum_rate=27.870575 | r_p=25.355034 | r_c=2613.000406 | r_s=0.004814 | status=running
[DL Convergence] | phase=optimize | block=0 | epoch=360/500 | active_users=3 | updated_users=3 | objective=22.281765 | sum_rate=27.987785 | r_p=25.284542 | r_c=2637.756224 | r_s=0.004839 | status=running
[DL Convergence] | phase=optimize | block=0 | epoch=365/500 | active_users=3 | updated_users=3 | objective=22.382782 | sum_rate=28.104170 | r_p=25.208523 | r_c=2661.657906 | r_s=0.004836 | status=running
[DL Convergence] | phase=optimize | block=0 | epoch=370/500 | active_users=3 | updated_users=3 | objective=22.483929 | sum_rate=28.219784 | r_p=25.133335 | r_c=2685.359668 | r_s=0.004846 | status=running
[DL Convergence] | phase=optimize | block=0 | epoch=375/500 | active_users=3 | updated_users=3 | objective=22.589859 | sum_rate=28.332405 | r_p=25.040552 | r_c=2706.867371 | r_s=0.004841 | status=running
[DL Convergence] | phase=optimize | block=0 | epoch=380/500 | active_users=3 | updated_users=3 | objective=22.700443 | sum_rate=28.448837 | r_p=24.939877 | r_c=2727.160773 | r_s=0.004851 | status=running
[DL Convergence] | phase=optimize | block=0 | epoch=385/500 | active_users=3 | updated_users=3 | objective=22.816666 | sum_rate=28.568180 | r_p=24.828472 | r_c=2745.885573 | r_s=0.004882 | status=running
[DL Convergence] | phase=optimize | block=0 | epoch=390/500 | active_users=3 | updated_users=3 | objective=22.939468 | sum_rate=28.690998 | r_p=24.706051 | r_c=2762.958464 | r_s=0.004892 | status=running
[DL Convergence] | phase=optimize | block=0 | epoch=395/500 | active_users=3 | updated_users=3 | objective=23.069618 | sum_rate=28.818237 | r_p=24.571476 | r_c=2778.197313 | r_s=0.004919 | status=running
[DL Convergence] | phase=optimize | block=0 | epoch=400/500 | active_users=3 | updated_users=3 | objective=23.207399 | sum_rate=28.950500 | r_p=24.554951 | r_c=2791.559977 | r_s=0.004929 | status=running
[DL Convergence] | phase=optimize | block=0 | epoch=405/500 | active_users=3 | updated_users=3 | objective=23.352337 | sum_rate=29.091072 | r_p=24.563671 | r_c=2803.564633 | r_s=0.004950 | status=running
[DL Convergence] | phase=optimize | block=0 | epoch=410/500 | active_users=3 | updated_users=3 | objective=23.503922 | sum_rate=29.232632 | r_p=24.571049 | r_c=2813.644438 | r_s=0.004955 | status=running
[DL Convergence] | phase=optimize | block=0 | epoch=415/500 | active_users=3 | updated_users=3 | objective=23.662521 | sum_rate=29.382647 | r_p=24.584383 | r_c=2822.114989 | r_s=0.004973 | status=running
[DL Convergence] | phase=optimize | block=0 | epoch=420/500 | active_users=3 | updated_users=3 | objective=23.826881 | sum_rate=29.535503 | r_p=24.598635 | r_c=2840.728258 | r_s=0.004991 | status=running
[DL Convergence] | phase=optimize | block=0 | epoch=425/500 | active_users=3 | updated_users=3 | objective=23.995138 | sum_rate=29.694096 | r_p=24.612511 | r_c=2872.608883 | r_s=0.005001 | status=running
[DL Convergence] | phase=optimize | block=0 | epoch=430/500 | active_users=3 | updated_users=3 | objective=24.165279 | sum_rate=29.855888 | r_p=24.626848 | r_c=2904.595901 | r_s=0.005023 | status=running
[DL Convergence] | phase=optimize | block=0 | epoch=435/500 | active_users=3 | updated_users=3 | objective=24.334610 | sum_rate=30.019196 | r_p=24.635452 | r_c=2935.949649 | r_s=0.005017 | status=running
[DL Convergence] | phase=optimize | block=0 | epoch=440/500 | active_users=3 | updated_users=3 | objective=24.503065 | sum_rate=30.179686 | r_p=24.646143 | r_c=2967.588208 | r_s=0.005038 | status=running
[DL Convergence] | phase=optimize | block=0 | epoch=445/500 | active_users=3 | updated_users=3 | objective=24.665575 | sum_rate=30.334244 | r_p=24.650270 | r_c=2998.463695 | r_s=0.004975 | status=running
[DL Convergence] | phase=optimize | block=0 | epoch=450/500 | active_users=3 | updated_users=3 | objective=24.819921 | sum_rate=30.484489 | r_p=24.651712 | r_c=3029.022843 | r_s=0.005057 | status=running
[DL Convergence] | phase=optimize | block=0 | epoch=455/500 | active_users=3 | updated_users=3 | objective=24.965216 | sum_rate=30.629383 | r_p=24.653149 | r_c=3059.586691 | r_s=0.005069 | status=running
[DL Convergence] | phase=optimize | block=0 | epoch=460/500 | active_users=3 | updated_users=3 | objective=25.098711 | sum_rate=30.765738 | r_p=24.649492 | r_c=3089.515603 | r_s=0.005039 | status=running
[DL Convergence] | phase=optimize | block=0 | epoch=465/500 | active_users=3 | updated_users=3 | objective=25.219814 | sum_rate=30.886734 | r_p=24.642555 | r_c=3119.012912 | r_s=0.005078 | status=running
[DL Convergence] | phase=optimize | block=0 | epoch=470/500 | active_users=3 | updated_users=3 | objective=25.328892 | sum_rate=31.001835 | r_p=24.629612 | r_c=3147.716332 | r_s=0.005082 | status=running
[DL Convergence] | phase=optimize | block=0 | epoch=475/500 | active_users=3 | updated_users=3 | objective=25.427261 | sum_rate=31.109325 | r_p=24.609760 | r_c=3175.475697 | r_s=0.005078 | status=running
[DL Convergence] | phase=optimize | block=0 | epoch=480/500 | active_users=3 | updated_users=3 | objective=25.516068 | sum_rate=31.208347 | r_p=24.587021 | r_c=3202.785507 | r_s=0.005112 | status=running
[DL Convergence] | phase=optimize | block=0 | epoch=485/500 | active_users=3 | updated_users=3 | objective=25.599129 | sum_rate=31.305540 | r_p=24.565907 | r_c=3230.225387 | r_s=0.005128 | status=running
[DL Convergence] | phase=optimize | block=0 | epoch=490/500 | active_users=3 | updated_users=3 | objective=25.674553 | sum_rate=31.397268 | r_p=24.541580 | r_c=3257.160186 | r_s=0.005136 | status=running
[DL Convergence] | phase=optimize | block=0 | epoch=495/500 | active_users=3 | updated_users=3 | objective=25.744110 | sum_rate=31.480562 | r_p=24.517418 | r_c=3284.026947 | r_s=0.005135 | status=running
[DL Convergence] | phase=optimize | block=0 | epoch=500/500 | active_users=3 | updated_users=3 | objective=25.807961 | sum_rate=31.562710 | r_p=24.491146 | r_c=3310.518868 | r_s=0.005157 | status=running
  user=00 block=00 serves partial bits at n=T; not reducing n_kl.
  user=01 block=00 serves partial bits at n=T; not reducing n_kl.
  user=02 block=00 serves partial bits at n=T; not reducing n_kl.
[DL Convergence Allocation] | user=0 | block=0 | served_bits=354 | n_kl=50 | required_rate=7.080000 | achieved_rate=7.088409 | rate_margin=0.008409
[DL Convergence Allocation] | user=1 | block=0 | served_bits=530 | n_kl=60 | required_rate=8.833333 | achieved_rate=8.842179 | rate_margin=0.008845
[DL Convergence Allocation] | user=2 | block=0 | served_bits=1250 | n_kl=80 | required_rate=15.625000 | achieved_rate=15.632121 | rate_margin=0.007121
[DL Convergence Block] | block=0 | status=complete | allocated_bits=2134 | remaining_bits=3866
[DL Convergence Block] | block=1 | active_users=3 | remaining_bits=3866 | objective=remaining_bits_weighted_sum_rate
    weight_strategy=remaining_bits | user_weights: u0=0.527, u1=0.880, u2=1.000
[DL Convergence] | phase=optimize | block=1 | epoch=1/500 | active_users=3 | updated_users=3 | objective=2.796443 | sum_rate=4.774819 | r_p=24.526291 | r_c=2.452629 | r_s=0.204059 | status=running
[DL Convergence] | phase=optimize | block=1 | epoch=5/500 | active_users=3 | updated_users=3 | objective=3.068007 | sum_rate=5.133398 | r_p=24.442883 | r_c=26.395248 | r_s=0.005595 | status=running
[DL Convergence] | phase=optimize | block=1 | epoch=10/500 | active_users=3 | updated_users=3 | objective=3.431220 | sum_rate=5.596406 | r_p=24.306934 | r_c=55.892044 | r_s=0.005596 | status=running
[DL Convergence] | phase=optimize | block=1 | epoch=15/500 | active_users=3 | updated_users=3 | objective=3.820409 | sum_rate=6.076066 | r_p=24.136608 | r_c=84.755729 | r_s=0.005582 | status=running
[DL Convergence] | phase=optimize | block=1 | epoch=20/500 | active_users=3 | updated_users=3 | objective=4.235499 | sum_rate=6.573787 | r_p=23.929934 | r_c=112.813974 | r_s=0.005565 | status=running
[DL Convergence] | phase=optimize | block=1 | epoch=25/500 | active_users=3 | updated_users=3 | objective=4.674844 | sum_rate=7.090316 | r_p=23.688295 | r_c=139.906195 | r_s=0.005545 | status=running
[DL Convergence] | phase=optimize | block=1 | epoch=30/500 | active_users=3 | updated_users=3 | objective=5.133973 | sum_rate=7.619090 | r_p=23.421103 | r_c=165.945589 | r_s=0.005534 | status=running
[DL Convergence] | phase=optimize | block=1 | epoch=35/500 | active_users=3 | updated_users=3 | objective=5.606896 | sum_rate=8.158664 | r_p=23.140472 | r_c=190.927412 | r_s=0.005515 | status=running
[DL Convergence] | phase=optimize | block=1 | epoch=40/500 | active_users=3 | updated_users=3 | objective=6.084892 | sum_rate=8.702250 | r_p=22.851337 | r_c=214.848628 | r_s=0.005500 | status=running
[DL Convergence] | phase=optimize | block=1 | epoch=45/500 | active_users=3 | updated_users=3 | objective=6.563967 | sum_rate=9.246836 | r_p=22.579796 | r_c=237.969479 | r_s=0.005497 | status=running
[DL Convergence] | phase=optimize | block=1 | epoch=50/500 | active_users=3 | updated_users=3 | objective=7.035359 | sum_rate=9.780878 | r_p=22.331087 | r_c=260.447762 | r_s=0.005476 | status=running
[DL Convergence] | phase=optimize | block=1 | epoch=55/500 | active_users=3 | updated_users=3 | objective=7.490391 | sum_rate=10.294310 | r_p=22.103600 | r_c=282.371548 | r_s=0.005437 | status=running
[DL Convergence] | phase=optimize | block=1 | epoch=60/500 | active_users=3 | updated_users=3 | objective=7.928707 | sum_rate=10.790653 | r_p=21.902998 | r_c=303.926171 | r_s=0.005411 | status=running
[DL Convergence] | phase=optimize | block=1 | epoch=65/500 | active_users=3 | updated_users=3 | objective=8.350943 | sum_rate=11.277359 | r_p=21.723921 | r_c=325.153158 | r_s=0.005370 | status=running
[DL Convergence] | phase=optimize | block=1 | epoch=70/500 | active_users=3 | updated_users=3 | objective=8.751549 | sum_rate=11.736088 | r_p=21.559566 | r_c=346.038573 | r_s=0.005361 | status=running
[DL Convergence] | phase=optimize | block=1 | epoch=75/500 | active_users=3 | updated_users=3 | objective=9.131720 | sum_rate=12.168943 | r_p=21.402849 | r_c=366.527639 | r_s=0.005358 | status=running
[DL Convergence] | phase=optimize | block=1 | epoch=80/500 | active_users=3 | updated_users=3 | objective=9.495998 | sum_rate=12.584102 | r_p=21.245838 | r_c=386.507856 | r_s=0.005281 | status=running
[DL Convergence] | phase=optimize | block=1 | epoch=85/500 | active_users=3 | updated_users=3 | objective=9.848426 | sum_rate=12.984679 | r_p=21.086239 | r_c=405.936546 | r_s=0.005270 | status=running
[DL Convergence] | phase=optimize | block=1 | epoch=90/500 | active_users=3 | updated_users=3 | objective=10.194786 | sum_rate=13.374892 | r_p=20.925797 | r_c=424.843558 | r_s=0.005213 | status=running
[DL Convergence] | phase=optimize | block=1 | epoch=95/500 | active_users=3 | updated_users=3 | objective=10.537739 | sum_rate=13.760007 | r_p=20.759344 | r_c=443.116501 | r_s=0.005155 | status=running
[DL Convergence] | phase=optimize | block=1 | epoch=100/500 | active_users=3 | updated_users=3 | objective=10.880117 | sum_rate=14.142500 | r_p=20.580444 | r_c=460.586506 | r_s=0.005106 | status=running
[DL Convergence] | phase=optimize | block=1 | epoch=105/500 | active_users=3 | updated_users=3 | objective=11.228914 | sum_rate=14.531511 | r_p=20.393650 | r_c=477.316474 | r_s=0.005100 | status=running
[DL Convergence] | phase=optimize | block=1 | epoch=110/500 | active_users=3 | updated_users=3 | objective=11.585822 | sum_rate=14.929850 | r_p=20.193232 | r_c=493.137413 | r_s=0.005057 | status=running
[DL Convergence] | phase=optimize | block=1 | epoch=115/500 | active_users=3 | updated_users=3 | objective=11.952950 | sum_rate=15.340094 | r_p=19.979124 | r_c=507.996375 | r_s=0.004997 | status=running
[DL Convergence] | phase=optimize | block=1 | epoch=120/500 | active_users=3 | updated_users=3 | objective=12.328363 | sum_rate=15.754621 | r_p=19.750301 | r_c=521.818519 | r_s=0.004973 | status=running
[DL Convergence] | phase=optimize | block=1 | epoch=125/500 | active_users=3 | updated_users=3 | objective=12.712113 | sum_rate=16.174360 | r_p=19.504047 | r_c=534.477593 | r_s=0.004927 | status=running
[DL Convergence] | phase=optimize | block=1 | epoch=130/500 | active_users=3 | updated_users=3 | objective=13.105564 | sum_rate=16.604267 | r_p=19.242605 | r_c=545.979052 | r_s=0.004885 | status=running
[DL Convergence] | phase=optimize | block=1 | epoch=135/500 | active_users=3 | updated_users=3 | objective=13.506063 | sum_rate=17.037918 | r_p=18.965355 | r_c=556.255502 | r_s=0.004860 | status=running
[DL Convergence] | phase=optimize | block=1 | epoch=140/500 | active_users=3 | updated_users=3 | objective=13.911070 | sum_rate=17.481236 | r_p=18.666748 | r_c=565.088015 | r_s=0.004861 | status=running
[DL Convergence] | phase=optimize | block=1 | epoch=145/500 | active_users=3 | updated_users=3 | objective=14.318712 | sum_rate=17.932001 | r_p=18.357101 | r_c=572.733984 | r_s=0.004813 | status=running
[DL Convergence] | phase=optimize | block=1 | epoch=150/500 | active_users=3 | updated_users=3 | objective=14.723171 | sum_rate=18.379543 | r_p=18.049837 | r_c=579.602801 | r_s=0.004778 | status=running
[DL Convergence] | phase=optimize | block=1 | epoch=155/500 | active_users=3 | updated_users=3 | objective=15.118542 | sum_rate=18.814117 | r_p=17.757669 | r_c=586.141764 | r_s=0.004764 | status=running
[DL Convergence] | phase=optimize | block=1 | epoch=160/500 | active_users=3 | updated_users=3 | objective=15.498209 | sum_rate=19.231070 | r_p=17.486975 | r_c=592.636282 | r_s=0.004704 | status=running
[DL Convergence] | phase=optimize | block=1 | epoch=165/500 | active_users=3 | updated_users=3 | objective=15.857244 | sum_rate=19.624393 | r_p=17.247116 | r_c=599.503024 | r_s=0.004689 | status=running
[DL Convergence] | phase=optimize | block=1 | epoch=170/500 | active_users=3 | updated_users=3 | objective=16.190453 | sum_rate=19.988028 | r_p=17.034811 | r_c=606.738942 | r_s=0.004640 | status=running
[DL Convergence] | phase=optimize | block=1 | epoch=175/500 | active_users=3 | updated_users=3 | objective=16.502060 | sum_rate=20.328362 | r_p=16.857229 | r_c=614.710054 | r_s=0.004573 | status=running
[DL Convergence] | phase=optimize | block=1 | epoch=180/500 | active_users=3 | updated_users=3 | objective=16.791328 | sum_rate=20.642956 | r_p=16.701488 | r_c=623.054539 | r_s=0.004535 | status=running
[DL Convergence] | phase=optimize | block=1 | epoch=185/500 | active_users=3 | updated_users=3 | objective=17.061369 | sum_rate=20.936447 | r_p=16.563803 | r_c=631.703697 | r_s=0.004519 | status=running
[DL Convergence] | phase=optimize | block=1 | epoch=190/500 | active_users=3 | updated_users=3 | objective=17.314955 | sum_rate=21.215921 | r_p=16.434092 | r_c=640.324388 | r_s=0.004467 | status=running
[DL Convergence] | phase=optimize | block=1 | epoch=195/500 | active_users=3 | updated_users=3 | objective=17.554211 | sum_rate=21.476305 | r_p=16.311028 | r_c=648.891886 | r_s=0.004396 | status=running
[DL Convergence] | phase=optimize | block=1 | epoch=200/500 | active_users=3 | updated_users=3 | objective=17.781845 | sum_rate=21.723482 | r_p=16.190090 | r_c=657.245121 | r_s=0.004363 | status=running
[DL Convergence] | phase=optimize | block=1 | epoch=205/500 | active_users=3 | updated_users=3 | objective=17.999268 | sum_rate=21.958244 | r_p=16.071991 | r_c=665.422645 | r_s=0.004299 | status=running
[DL Convergence] | phase=optimize | block=1 | epoch=210/500 | active_users=3 | updated_users=3 | objective=18.207069 | sum_rate=22.179985 | r_p=15.958436 | r_c=673.509137 | r_s=0.004271 | status=running
[DL Convergence] | phase=optimize | block=1 | epoch=215/500 | active_users=3 | updated_users=3 | objective=18.407511 | sum_rate=22.398056 | r_p=15.848803 | r_c=681.493317 | r_s=0.004230 | status=running
[DL Convergence] | phase=optimize | block=1 | epoch=220/500 | active_users=3 | updated_users=3 | objective=18.601583 | sum_rate=22.606651 | r_p=15.745045 | r_c=689.476446 | r_s=0.004225 | status=running
[DL Convergence] | phase=optimize | block=1 | epoch=225/500 | active_users=3 | updated_users=3 | objective=18.789436 | sum_rate=22.809359 | r_p=15.645363 | r_c=697.396961 | r_s=0.004184 | status=running
[DL Convergence] | phase=optimize | block=1 | epoch=230/500 | active_users=3 | updated_users=3 | objective=18.970901 | sum_rate=23.004017 | r_p=15.546537 | r_c=705.122558 | r_s=0.004160 | status=running
[DL Convergence] | phase=optimize | block=1 | epoch=235/500 | active_users=3 | updated_users=3 | objective=19.147690 | sum_rate=23.193813 | r_p=15.453195 | r_c=712.872150 | r_s=0.004113 | status=running
[DL Convergence] | phase=optimize | block=1 | epoch=240/500 | active_users=3 | updated_users=3 | objective=19.318737 | sum_rate=23.378693 | r_p=15.359942 | r_c=720.409539 | r_s=0.004060 | status=running
[DL Convergence] | phase=optimize | block=1 | epoch=245/500 | active_users=3 | updated_users=3 | objective=19.485695 | sum_rate=23.560570 | r_p=15.270670 | r_c=727.922933 | r_s=0.004042 | status=running
[DL Convergence] | phase=optimize | block=1 | epoch=250/500 | active_users=3 | updated_users=3 | objective=19.647324 | sum_rate=23.735416 | r_p=15.183623 | r_c=735.340269 | r_s=0.004024 | status=running
[DL Convergence] | phase=optimize | block=1 | epoch=255/500 | active_users=3 | updated_users=3 | objective=19.804094 | sum_rate=23.904978 | r_p=15.098909 | r_c=742.674588 | r_s=0.004002 | status=running
[DL Convergence] | phase=optimize | block=1 | epoch=260/500 | active_users=3 | updated_users=3 | objective=19.956287 | sum_rate=24.070545 | r_p=15.015126 | r_c=749.863661 | r_s=0.003885 | status=running
[DL Convergence] | phase=optimize | block=1 | epoch=265/500 | active_users=3 | updated_users=3 | objective=20.103748 | sum_rate=24.230438 | r_p=14.932784 | r_c=756.937122 | r_s=0.003928 | status=running
[DL Convergence] | phase=optimize | block=1 | epoch=270/500 | active_users=3 | updated_users=3 | objective=20.247660 | sum_rate=24.388378 | r_p=14.853901 | r_c=764.005595 | r_s=0.003824 | status=running
[DL Convergence] | phase=optimize | block=1 | epoch=275/500 | active_users=3 | updated_users=3 | objective=20.385962 | sum_rate=24.537312 | r_p=14.775255 | r_c=770.910420 | r_s=0.003833 | status=running
[DL Convergence] | phase=optimize | block=1 | epoch=280/500 | active_users=3 | updated_users=3 | objective=20.520714 | sum_rate=24.683453 | r_p=14.700876 | r_c=777.867742 | r_s=0.003699 | status=running
[DL Convergence] | phase=optimize | block=1 | epoch=285/500 | active_users=3 | updated_users=3 | objective=20.651152 | sum_rate=24.824968 | r_p=14.626768 | r_c=784.675645 | r_s=0.003772 | status=running
[DL Convergence] | phase=optimize | block=1 | epoch=290/500 | active_users=3 | updated_users=3 | objective=20.777729 | sum_rate=24.962215 | r_p=14.556519 | r_c=791.532350 | r_s=0.003673 | status=running
[DL Convergence] | phase=optimize | block=1 | epoch=295/500 | active_users=3 | updated_users=3 | objective=20.900505 | sum_rate=25.095722 | r_p=14.488317 | r_c=798.348612 | r_s=0.003710 | status=running
[DL Convergence] | phase=optimize | block=1 | epoch=300/500 | active_users=3 | updated_users=3 | objective=21.018967 | sum_rate=25.223520 | r_p=14.420507 | r_c=805.039433 | r_s=0.003687 | status=running
[DL Convergence] | phase=optimize | block=1 | epoch=305/500 | active_users=3 | updated_users=3 | objective=21.135077 | sum_rate=25.349449 | r_p=14.357108 | r_c=811.833528 | r_s=0.003668 | status=running
[DL Convergence] | phase=optimize | block=1 | epoch=310/500 | active_users=3 | updated_users=3 | objective=21.247875 | sum_rate=25.472021 | r_p=14.294685 | r_c=818.547154 | r_s=0.003760 | status=running
[DL Convergence] | phase=optimize | block=1 | epoch=315/500 | active_users=3 | updated_users=3 | objective=21.358101 | sum_rate=25.590925 | r_p=14.236610 | r_c=825.380279 | r_s=0.003745 | status=running
[DL Convergence] | phase=optimize | block=1 | epoch=320/500 | active_users=3 | updated_users=3 | objective=21.465813 | sum_rate=25.706615 | r_p=14.180256 | r_c=832.190796 | r_s=0.003823 | status=running
[DL Convergence] | phase=optimize | block=1 | epoch=325/500 | active_users=3 | updated_users=3 | objective=21.571209 | sum_rate=25.819271 | r_p=14.128297 | r_c=839.143873 | r_s=0.003830 | status=running
[DL Convergence] | phase=optimize | block=1 | epoch=330/500 | active_users=3 | updated_users=3 | objective=21.674419 | sum_rate=25.930613 | r_p=14.077288 | r_c=846.044105 | r_s=0.003900 | status=running
[DL Convergence] | phase=optimize | block=1 | epoch=335/500 | active_users=3 | updated_users=3 | objective=21.776834 | sum_rate=26.039776 | r_p=14.030981 | r_c=853.123887 | r_s=0.003913 | status=running
[DL Convergence] | phase=optimize | block=1 | epoch=340/500 | active_users=3 | updated_users=3 | objective=21.878185 | sum_rate=26.148594 | r_p=13.987272 | r_c=860.266920 | r_s=0.003932 | status=running
[DL Convergence] | phase=optimize | block=1 | epoch=345/500 | active_users=3 | updated_users=3 | objective=21.978802 | sum_rate=26.255186 | r_p=13.945189 | r_c=867.419256 | r_s=0.003935 | status=running
[DL Convergence] | phase=optimize | block=1 | epoch=350/500 | active_users=3 | updated_users=3 | objective=22.079533 | sum_rate=26.362425 | r_p=13.904462 | r_c=874.568975 | r_s=0.003955 | status=running
[DL Convergence] | phase=optimize | block=1 | epoch=355/500 | active_users=3 | updated_users=3 | objective=22.180773 | sum_rate=26.468594 | r_p=13.866488 | r_c=881.810000 | r_s=0.004042 | status=running
[DL Convergence] | phase=optimize | block=1 | epoch=360/500 | active_users=3 | updated_users=3 | objective=22.283541 | sum_rate=26.576233 | r_p=13.831803 | r_c=889.184604 | r_s=0.004076 | status=running
[DL Convergence] | phase=optimize | block=1 | epoch=365/500 | active_users=3 | updated_users=3 | objective=22.386742 | sum_rate=26.680668 | r_p=13.798080 | r_c=896.549676 | r_s=0.004097 | status=running
[DL Convergence] | phase=optimize | block=1 | epoch=370/500 | active_users=3 | updated_users=3 | objective=22.493164 | sum_rate=26.789574 | r_p=13.768466 | r_c=904.116208 | r_s=0.004096 | status=running
[DL Convergence] | phase=optimize | block=1 | epoch=375/500 | active_users=3 | updated_users=3 | objective=22.602219 | sum_rate=26.901089 | r_p=13.743571 | r_c=911.935665 | r_s=0.004109 | status=running
[DL Convergence] | phase=optimize | block=1 | epoch=380/500 | active_users=3 | updated_users=3 | objective=22.713934 | sum_rate=27.013733 | r_p=13.720143 | r_c=919.802630 | r_s=0.004135 | status=running
[DL Convergence] | phase=optimize | block=1 | epoch=385/500 | active_users=3 | updated_users=3 | objective=22.828075 | sum_rate=27.124300 | r_p=13.699568 | r_c=927.815338 | r_s=0.004159 | status=running
[DL Convergence] | phase=optimize | block=1 | epoch=390/500 | active_users=3 | updated_users=3 | objective=22.945339 | sum_rate=27.237305 | r_p=13.678859 | r_c=935.776963 | r_s=0.004176 | status=running
[DL Convergence] | phase=optimize | block=1 | epoch=395/500 | active_users=3 | updated_users=3 | objective=23.066793 | sum_rate=27.356579 | r_p=13.662692 | r_c=944.010968 | r_s=0.004183 | status=running
[DL Convergence] | phase=optimize | block=1 | epoch=400/500 | active_users=3 | updated_users=3 | objective=23.191658 | sum_rate=27.478352 | r_p=13.648763 | r_c=952.368523 | r_s=0.004220 | status=running
[DL Convergence] | phase=optimize | block=1 | epoch=405/500 | active_users=3 | updated_users=3 | objective=23.319611 | sum_rate=27.602938 | r_p=13.636889 | r_c=960.843224 | r_s=0.004230 | status=running
[DL Convergence] | phase=optimize | block=1 | epoch=410/500 | active_users=3 | updated_users=3 | objective=23.449539 | sum_rate=27.729683 | r_p=13.626083 | r_c=969.369555 | r_s=0.004265 | status=running
[DL Convergence] | phase=optimize | block=1 | epoch=415/500 | active_users=3 | updated_users=3 | objective=23.579790 | sum_rate=27.855247 | r_p=13.615970 | r_c=977.923947 | r_s=0.004313 | status=running
[DL Convergence] | phase=optimize | block=1 | epoch=420/500 | active_users=3 | updated_users=3 | objective=23.710644 | sum_rate=27.983597 | r_p=13.606979 | r_c=986.539558 | r_s=0.004338 | status=running
[DL Convergence] | phase=optimize | block=1 | epoch=425/500 | active_users=3 | updated_users=3 | objective=23.839371 | sum_rate=28.111105 | r_p=13.596796 | r_c=995.049408 | r_s=0.004329 | status=running
[DL Convergence] | phase=optimize | block=1 | epoch=430/500 | active_users=3 | updated_users=3 | objective=23.964638 | sum_rate=28.232426 | r_p=13.584590 | r_c=1003.388328 | r_s=0.004370 | status=running
[DL Convergence] | phase=optimize | block=1 | epoch=435/500 | active_users=3 | updated_users=3 | objective=24.086542 | sum_rate=28.352480 | r_p=13.570612 | r_c=1011.569465 | r_s=0.004406 | status=running
[DL Convergence] | phase=optimize | block=1 | epoch=440/500 | active_users=3 | updated_users=3 | objective=24.204327 | sum_rate=28.470562 | r_p=13.556914 | r_c=1019.743245 | r_s=0.004387 | status=running
[DL Convergence] | phase=optimize | block=1 | epoch=445/500 | active_users=3 | updated_users=3 | objective=24.316227 | sum_rate=28.581596 | r_p=13.538503 | r_c=1027.530184 | r_s=0.004421 | status=running
[DL Convergence] | phase=optimize | block=1 | epoch=450/500 | active_users=3 | updated_users=3 | objective=24.424591 | sum_rate=28.688425 | r_p=13.522274 | r_c=1035.448287 | r_s=0.004431 | status=running
[DL Convergence] | phase=optimize | block=1 | epoch=455/500 | active_users=3 | updated_users=3 | objective=24.527864 | sum_rate=28.791637 | r_p=13.505997 | r_c=1043.329520 | r_s=0.004438 | status=running
[DL Convergence] | phase=optimize | block=1 | epoch=460/500 | active_users=3 | updated_users=3 | objective=24.626625 | sum_rate=28.889767 | r_p=13.489329 | r_c=1051.147426 | r_s=0.004471 | status=running
[DL Convergence] | phase=optimize | block=1 | epoch=465/500 | active_users=3 | updated_users=3 | objective=24.720421 | sum_rate=28.982391 | r_p=13.473372 | r_c=1058.987644 | r_s=0.004448 | status=running
[DL Convergence] | phase=optimize | block=1 | epoch=470/500 | active_users=3 | updated_users=3 | objective=24.809845 | sum_rate=29.074608 | r_p=13.454105 | r_c=1066.531676 | r_s=0.004478 | status=running
[DL Convergence] | phase=optimize | block=1 | epoch=475/500 | active_users=3 | updated_users=3 | objective=24.894756 | sum_rate=29.161125 | r_p=13.432662 | r_c=1073.862514 | r_s=0.004498 | status=running
[DL Convergence] | phase=optimize | block=1 | epoch=480/500 | active_users=3 | updated_users=3 | objective=24.975363 | sum_rate=29.243637 | r_p=13.410779 | r_c=1081.114520 | r_s=0.004521 | status=running
[DL Convergence] | phase=optimize | block=1 | epoch=485/500 | active_users=3 | updated_users=3 | objective=25.053043 | sum_rate=29.325197 | r_p=13.387913 | r_c=1088.242503 | r_s=0.004546 | status=running
[DL Convergence] | phase=optimize | block=1 | epoch=490/500 | active_users=3 | updated_users=3 | objective=25.126942 | sum_rate=29.399006 | r_p=13.361487 | r_c=1095.031982 | r_s=0.004521 | status=running
[DL Convergence] | phase=optimize | block=1 | epoch=495/500 | active_users=3 | updated_users=3 | objective=25.198101 | sum_rate=29.471409 | r_p=13.333714 | r_c=1101.656496 | r_s=0.004553 | status=running
[DL Convergence] | phase=optimize | block=1 | epoch=500/500 | active_users=3 | updated_users=3 | objective=25.264915 | sum_rate=29.534016 | r_p=13.299662 | r_c=1107.700740 | r_s=0.004556 | status=running
  user=00 block=01 serves partial bits at n=T; not reducing n_kl.
  user=01 block=01 serves partial bits at n=T; not reducing n_kl.
  user=02 block=01 serves partial bits at n=T; not reducing n_kl.
[DL Convergence Allocation] | user=0 | block=1 | served_bits=309 | n_kl=50 | required_rate=6.180000 | achieved_rate=6.182192 | rate_margin=0.002192
[DL Convergence Allocation] | user=1 | block=1 | served_bits=672 | n_kl=60 | required_rate=11.200000 | achieved_rate=11.200349 | rate_margin=3.493060e-04
[DL Convergence Allocation] | user=2 | block=1 | served_bits=972 | n_kl=80 | required_rate=12.150000 | achieved_rate=12.151492 | rate_margin=0.001492
[DL Convergence Block] | block=1 | status=complete | allocated_bits=1953 | remaining_bits=1913
[DL Convergence Block] | block=2 | active_users=3 | remaining_bits=1913 | objective=remaining_bits_weighted_sum_rate
    weight_strategy=remaining_bits | user_weights: u0=0.567, u1=1.000, u2=0.981
[DL Convergence] | phase=optimize | block=2 | epoch=1/500 | active_users=3 | updated_users=3 | objective=4.434043 | sum_rate=6.169870 | r_p=11.354039 | r_c=1.135404 | r_s=0.202811 | status=running
[DL Convergence] | phase=optimize | block=2 | epoch=5/500 | active_users=3 | updated_users=3 | objective=4.840445 | sum_rate=6.631855 | r_p=11.055220 | r_c=6.077670 | r_s=0.004946 | status=running
[DL Convergence] | phase=optimize | block=2 | epoch=10/500 | active_users=3 | updated_users=3 | objective=5.373922 | sum_rate=7.226398 | r_p=10.650146 | r_c=11.656953 | r_s=0.004935 | status=running
[DL Convergence] | phase=optimize | block=2 | epoch=15/500 | active_users=3 | updated_users=3 | objective=5.924397 | sum_rate=7.829153 | r_p=10.228973 | r_c=16.556891 | r_s=0.004909 | status=running
[DL Convergence] | phase=optimize | block=2 | epoch=20/500 | active_users=3 | updated_users=3 | objective=6.473673 | sum_rate=8.429178 | r_p=9.819939 | r_c=20.836010 | r_s=0.004883 | status=running
[DL Convergence] | phase=optimize | block=2 | epoch=25/500 | active_users=3 | updated_users=3 | objective=6.994468 | sum_rate=9.000030 | r_p=9.448061 | r_c=24.613548 | r_s=0.004877 | status=running
[DL Convergence] | phase=optimize | block=2 | epoch=30/500 | active_users=3 | updated_users=3 | objective=7.464287 | sum_rate=9.522579 | r_p=9.143355 | r_c=28.080649 | r_s=0.004853 | status=running
[DL Convergence] | phase=optimize | block=2 | epoch=35/500 | active_users=3 | updated_users=3 | objective=7.888028 | sum_rate=10.002844 | r_p=8.965582 | r_c=31.374102 | r_s=0.004866 | status=running
[DL Convergence] | phase=optimize | block=2 | epoch=40/500 | active_users=3 | updated_users=3 | objective=8.300251 | sum_rate=10.479675 | r_p=8.834704 | r_c=34.499251 | r_s=0.004868 | status=running
[DL Convergence] | phase=optimize | block=2 | epoch=45/500 | active_users=3 | updated_users=3 | objective=8.707841 | sum_rate=10.942759 | r_p=8.684190 | r_c=37.412388 | r_s=0.004870 | status=running
[DL Convergence] | phase=optimize | block=2 | epoch=50/500 | active_users=3 | updated_users=3 | objective=9.117517 | sum_rate=11.401657 | r_p=8.512602 | r_c=40.130637 | r_s=0.004854 | status=running
[DL Convergence] | phase=optimize | block=2 | epoch=55/500 | active_users=3 | updated_users=3 | objective=9.532364 | sum_rate=11.863260 | r_p=8.318819 | r_c=42.691332 | r_s=0.004787 | status=running
[DL Convergence] | phase=optimize | block=2 | epoch=60/500 | active_users=3 | updated_users=3 | objective=9.950214 | sum_rate=12.322702 | r_p=8.108855 | r_c=45.079195 | r_s=0.004760 | status=running
[DL Convergence] | phase=optimize | block=2 | epoch=65/500 | active_users=3 | updated_users=3 | objective=10.371042 | sum_rate=12.782013 | r_p=7.887442 | r_c=47.295555 | r_s=0.004728 | status=running
[DL Convergence] | phase=optimize | block=2 | epoch=70/500 | active_users=3 | updated_users=3 | objective=10.791391 | sum_rate=13.235609 | r_p=7.691216 | r_c=49.387489 | r_s=0.004696 | status=running
[DL Convergence] | phase=optimize | block=2 | epoch=75/500 | active_users=3 | updated_users=3 | objective=11.205138 | sum_rate=13.673792 | r_p=7.546757 | r_c=51.340195 | r_s=0.004687 | status=running
[DL Convergence] | phase=optimize | block=2 | epoch=80/500 | active_users=3 | updated_users=3 | objective=11.609880 | sum_rate=14.097124 | r_p=7.400144 | r_c=53.113784 | r_s=0.004665 | status=running
[DL Convergence] | phase=optimize | block=2 | epoch=85/500 | active_users=3 | updated_users=3 | objective=12.001266 | sum_rate=14.502280 | r_p=7.255404 | r_c=54.738320 | r_s=0.004620 | status=running
[DL Convergence] | phase=optimize | block=2 | epoch=90/500 | active_users=3 | updated_users=3 | objective=12.381868 | sum_rate=14.899958 | r_p=7.111258 | r_c=56.210082 | r_s=0.004598 | status=running
[DL Convergence] | phase=optimize | block=2 | epoch=95/500 | active_users=3 | updated_users=3 | objective=12.749435 | sum_rate=15.287046 | r_p=6.966074 | r_c=57.518966 | r_s=0.004563 | status=running
[DL Convergence] | phase=optimize | block=2 | epoch=100/500 | active_users=3 | updated_users=3 | objective=13.100581 | sum_rate=15.657414 | r_p=6.821104 | r_c=58.677979 | r_s=0.004561 | status=running
[DL Convergence] | phase=optimize | block=2 | epoch=105/500 | active_users=3 | updated_users=3 | objective=13.434473 | sum_rate=16.008911 | r_p=6.683133 | r_c=59.751685 | r_s=0.004547 | status=running
[DL Convergence] | phase=optimize | block=2 | epoch=110/500 | active_users=3 | updated_users=3 | objective=13.757111 | sum_rate=16.349941 | r_p=6.556681 | r_c=60.795367 | r_s=0.004513 | status=running
[DL Convergence] | phase=optimize | block=2 | epoch=115/500 | active_users=3 | updated_users=3 | objective=14.073870 | sum_rate=16.683701 | r_p=6.436076 | r_c=61.771340 | r_s=0.004484 | status=running
[DL Convergence] | phase=optimize | block=2 | epoch=120/500 | active_users=3 | updated_users=3 | objective=14.392538 | sum_rate=17.023252 | r_p=6.325664 | r_c=62.732775 | r_s=0.004467 | status=running
[DL Convergence] | phase=optimize | block=2 | epoch=125/500 | active_users=3 | updated_users=3 | objective=14.713348 | sum_rate=17.365984 | r_p=6.221233 | r_c=63.651870 | r_s=0.004409 | status=running
[DL Convergence] | phase=optimize | block=2 | epoch=130/500 | active_users=3 | updated_users=3 | objective=15.035529 | sum_rate=17.709030 | r_p=6.119688 | r_c=64.503876 | r_s=0.004379 | status=running
[DL Convergence] | phase=optimize | block=2 | epoch=135/500 | active_users=3 | updated_users=3 | objective=15.360059 | sum_rate=18.053696 | r_p=6.026414 | r_c=65.353289 | r_s=0.004331 | status=running
[DL Convergence] | phase=optimize | block=2 | epoch=140/500 | active_users=3 | updated_users=3 | objective=15.685864 | sum_rate=18.397289 | r_p=5.937792 | r_c=66.170705 | r_s=0.004276 | status=running
[DL Convergence] | phase=optimize | block=2 | epoch=145/500 | active_users=3 | updated_users=3 | objective=16.013889 | sum_rate=18.743145 | r_p=5.849213 | r_c=66.909789 | r_s=0.004270 | status=running
[DL Convergence] | phase=optimize | block=2 | epoch=150/500 | active_users=3 | updated_users=3 | objective=16.343981 | sum_rate=19.092495 | r_p=5.762893 | r_c=67.597884 | r_s=0.004244 | status=running
[DL Convergence] | phase=optimize | block=2 | epoch=155/500 | active_users=3 | updated_users=3 | objective=16.670122 | sum_rate=19.434692 | r_p=5.672857 | r_c=68.166288 | r_s=0.004203 | status=running
[DL Convergence] | phase=optimize | block=2 | epoch=160/500 | active_users=3 | updated_users=3 | objective=16.994440 | sum_rate=19.776493 | r_p=5.583059 | r_c=68.660910 | r_s=0.004190 | status=running
[DL Convergence] | phase=optimize | block=2 | epoch=165/500 | active_users=3 | updated_users=3 | objective=17.311958 | sum_rate=20.109734 | r_p=5.492652 | r_c=69.072421 | r_s=0.004130 | status=running
[DL Convergence] | phase=optimize | block=2 | epoch=170/500 | active_users=3 | updated_users=3 | objective=17.620092 | sum_rate=20.432411 | r_p=5.398982 | r_c=69.367179 | r_s=0.004133 | status=running
[DL Convergence] | phase=optimize | block=2 | epoch=175/500 | active_users=3 | updated_users=3 | objective=17.917301 | sum_rate=20.743549 | r_p=5.299996 | r_c=69.515734 | r_s=0.004074 | status=running
[DL Convergence] | phase=optimize | block=2 | epoch=180/500 | active_users=3 | updated_users=3 | objective=18.203640 | sum_rate=21.044218 | r_p=5.201491 | r_c=69.591910 | r_s=0.004065 | status=running
[DL Convergence] | phase=optimize | block=2 | epoch=185/500 | active_users=3 | updated_users=3 | objective=18.475269 | sum_rate=21.327656 | r_p=5.102085 | r_c=69.578633 | r_s=0.004054 | status=running
[DL Convergence] | phase=optimize | block=2 | epoch=190/500 | active_users=3 | updated_users=3 | objective=18.733622 | sum_rate=21.598444 | r_p=5.003052 | r_c=69.494555 | r_s=0.003996 | status=running
[DL Convergence] | phase=optimize | block=2 | epoch=195/500 | active_users=3 | updated_users=3 | objective=18.977264 | sum_rate=21.852594 | r_p=4.901248 | r_c=69.296620 | r_s=0.003967 | status=running
[DL Convergence] | phase=optimize | block=2 | epoch=200/500 | active_users=3 | updated_users=3 | objective=19.207783 | sum_rate=22.091871 | r_p=4.796081 | r_c=68.975017 | r_s=0.003966 | status=running
[DL Convergence] | phase=optimize | block=2 | epoch=205/500 | active_users=3 | updated_users=3 | objective=19.428228 | sum_rate=22.319160 | r_p=4.688896 | r_c=68.547912 | r_s=0.003949 | status=running
[DL Convergence] | phase=optimize | block=2 | epoch=210/500 | active_users=3 | updated_users=3 | objective=19.644066 | sum_rate=22.544449 | r_p=4.582163 | r_c=68.052081 | r_s=0.003918 | status=running
[DL Convergence] | phase=optimize | block=2 | epoch=215/500 | active_users=3 | updated_users=3 | objective=19.852070 | sum_rate=22.759699 | r_p=4.473666 | r_c=67.456029 | r_s=0.003850 | status=running
[DL Convergence] | phase=optimize | block=2 | epoch=220/500 | active_users=3 | updated_users=3 | objective=20.052452 | sum_rate=22.965450 | r_p=4.363721 | r_c=66.764683 | r_s=0.003836 | status=running
[DL Convergence] | phase=optimize | block=2 | epoch=225/500 | active_users=3 | updated_users=3 | objective=20.244865 | sum_rate=23.160215 | r_p=4.255290 | r_c=66.024872 | r_s=0.003804 | status=running
[DL Convergence] | phase=optimize | block=2 | epoch=230/500 | active_users=3 | updated_users=3 | objective=20.433947 | sum_rate=23.354162 | r_p=4.146441 | r_c=65.209241 | r_s=0.003813 | status=running
[DL Convergence] | phase=optimize | block=2 | epoch=235/500 | active_users=3 | updated_users=3 | objective=20.618990 | sum_rate=23.544323 | r_p=4.038127 | r_c=64.334230 | r_s=0.003807 | status=running
[DL Convergence] | phase=optimize | block=2 | epoch=240/500 | active_users=3 | updated_users=3 | objective=20.800838 | sum_rate=23.732611 | r_p=3.930961 | r_c=63.412208 | r_s=0.003789 | status=running
[DL Convergence] | phase=optimize | block=2 | epoch=245/500 | active_users=3 | updated_users=3 | objective=20.972389 | sum_rate=23.903790 | r_p=3.823640 | r_c=62.424286 | r_s=0.003790 | status=running
[DL Convergence] | phase=optimize | block=2 | epoch=250/500 | active_users=3 | updated_users=3 | objective=21.142435 | sum_rate=24.076248 | r_p=3.719687 | r_c=61.430524 | r_s=0.003764 | status=running
[DL Convergence] | phase=optimize | block=2 | epoch=255/500 | active_users=3 | updated_users=3 | objective=21.304951 | sum_rate=24.237125 | r_p=3.615500 | r_c=60.374788 | r_s=0.003729 | status=running
[DL Convergence] | phase=optimize | block=2 | epoch=260/500 | active_users=3 | updated_users=3 | objective=21.463499 | sum_rate=24.393282 | r_p=3.513070 | r_c=59.292123 | r_s=0.003705 | status=running
[DL Convergence] | phase=optimize | block=2 | epoch=265/500 | active_users=3 | updated_users=3 | objective=21.619591 | sum_rate=24.547659 | r_p=3.411214 | r_c=58.165222 | r_s=0.003677 | status=running
[DL Convergence] | phase=optimize | block=2 | epoch=270/500 | active_users=3 | updated_users=3 | objective=21.769661 | sum_rate=24.692850 | r_p=3.308701 | r_c=56.974813 | r_s=0.003660 | status=running
[DL Convergence] | phase=optimize | block=2 | epoch=275/500 | active_users=3 | updated_users=3 | objective=21.914402 | sum_rate=24.830036 | r_p=3.203560 | r_c=55.687589 | r_s=0.003655 | status=running
[DL Convergence] | phase=optimize | block=2 | epoch=280/500 | active_users=3 | updated_users=3 | objective=22.051590 | sum_rate=24.953106 | r_p=3.097304 | r_c=54.330073 | r_s=0.003652 | status=running
[DL Convergence] | phase=optimize | block=2 | epoch=285/500 | active_users=3 | updated_users=3 | objective=22.184896 | sum_rate=25.070652 | r_p=2.985861 | r_c=52.831086 | r_s=0.003664 | status=running
[DL Convergence] | phase=optimize | block=2 | epoch=290/500 | active_users=3 | updated_users=3 | objective=22.312073 | sum_rate=25.175600 | r_p=2.870242 | r_c=51.207306 | r_s=0.003742 | status=running
[DL Convergence] | phase=optimize | block=2 | epoch=295/500 | active_users=3 | updated_users=3 | objective=22.438942 | sum_rate=25.280901 | r_p=2.749664 | r_c=49.444184 | r_s=0.003760 | status=running
[DL Convergence] | phase=optimize | block=2 | epoch=300/500 | active_users=3 | updated_users=3 | objective=22.563536 | sum_rate=25.380552 | r_p=2.615598 | r_c=47.386082 | r_s=0.003758 | status=running
[DL Convergence] | phase=optimize | block=2 | epoch=305/500 | active_users=3 | updated_users=3 | objective=22.690277 | sum_rate=25.481049 | r_p=2.470654 | r_c=45.076290 | r_s=0.003779 | status=running
[DL Convergence] | phase=optimize | block=2 | epoch=310/500 | active_users=3 | updated_users=3 | objective=22.819775 | sum_rate=25.581446 | r_p=2.318110 | r_c=42.572507 | r_s=0.003778 | status=running
[DL Convergence] | phase=optimize | block=2 | epoch=315/500 | active_users=3 | updated_users=3 | objective=22.955029 | sum_rate=25.689346 | r_p=2.154881 | r_c=39.817602 | r_s=0.003855 | status=running
[DL Convergence] | phase=optimize | block=2 | epoch=320/500 | active_users=3 | updated_users=3 | objective=23.094091 | sum_rate=25.802456 | r_p=1.982932 | r_c=36.847267 | r_s=0.003871 | status=running
[DL Convergence] | phase=optimize | block=2 | epoch=325/500 | active_users=3 | updated_users=3 | objective=23.233730 | sum_rate=25.914366 | r_p=1.803114 | r_c=33.678189 | r_s=0.003891 | status=running
[DL Convergence] | phase=optimize | block=2 | epoch=330/500 | active_users=3 | updated_users=3 | objective=23.378092 | sum_rate=26.035244 | r_p=1.622734 | r_c=30.449511 | r_s=0.003863 | status=running
[DL Convergence] | phase=optimize | block=2 | epoch=335/500 | active_users=3 | updated_users=3 | objective=23.518780 | sum_rate=26.149761 | r_p=1.442006 | r_c=27.170032 | r_s=0.003842 | status=running
[DL Convergence] | phase=optimize | block=2 | epoch=340/500 | active_users=3 | updated_users=3 | objective=23.660017 | sum_rate=26.269192 | r_p=1.269582 | r_c=24.008384 | r_s=0.003909 | status=running
[DL Convergence] | phase=optimize | block=2 | epoch=345/500 | active_users=3 | updated_users=3 | objective=23.800756 | sum_rate=26.392160 | r_p=1.135122 | r_c=20.983064 | r_s=0.003976 | status=running
[DL Convergence] | phase=optimize | block=2 | epoch=350/500 | active_users=3 | updated_users=3 | objective=23.942604 | sum_rate=26.523682 | r_p=1.155777 | r_c=18.214944 | r_s=0.003990 | status=running
[DL Convergence] | phase=optimize | block=2 | epoch=355/500 | active_users=3 | updated_users=3 | objective=24.084801 | sum_rate=26.660656 | r_p=1.168498 | r_c=16.621402 | r_s=0.004007 | status=running
[DL Convergence] | phase=optimize | block=2 | epoch=360/500 | active_users=3 | updated_users=3 | objective=24.230198 | sum_rate=26.809872 | r_p=1.160535 | r_c=16.389075 | r_s=0.004153 | status=running
[DL Convergence] | phase=optimize | block=2 | epoch=365/500 | active_users=3 | updated_users=3 | objective=24.370846 | sum_rate=26.952965 | r_p=1.155950 | r_c=16.078544 | r_s=0.004124 | status=running
[DL Convergence] | phase=optimize | block=2 | epoch=370/500 | active_users=3 | updated_users=3 | objective=24.505688 | sum_rate=27.089636 | r_p=1.152616 | r_c=15.828796 | r_s=0.004230 | status=running
[DL Convergence] | phase=optimize | block=2 | epoch=375/500 | active_users=3 | updated_users=3 | objective=24.636629 | sum_rate=27.221079 | r_p=1.152478 | r_c=15.526207 | r_s=0.004277 | status=running
[DL Convergence] | phase=optimize | block=2 | epoch=380/500 | active_users=3 | updated_users=3 | objective=24.771675 | sum_rate=27.366602 | r_p=1.129128 | r_c=15.286272 | r_s=0.004300 | status=running
[DL Convergence] | phase=optimize | block=2 | epoch=385/500 | active_users=3 | updated_users=3 | objective=24.896355 | sum_rate=27.493450 | r_p=1.125066 | r_c=15.005136 | r_s=0.004347 | status=running
[DL Convergence] | phase=optimize | block=2 | epoch=390/500 | active_users=3 | updated_users=3 | objective=25.019543 | sum_rate=27.620323 | r_p=1.117613 | r_c=14.683529 | r_s=0.004453 | status=running
[DL Convergence] | phase=optimize | block=2 | epoch=395/500 | active_users=3 | updated_users=3 | objective=25.138340 | sum_rate=27.759411 | r_p=1.072671 | r_c=14.056861 | r_s=0.004478 | status=running
[DL Convergence] | phase=optimize | block=2 | epoch=400/500 | active_users=3 | updated_users=3 | objective=25.237747 | sum_rate=27.882820 | r_p=1.019247 | r_c=13.401379 | r_s=0.004527 | status=running
[DL Convergence] | phase=optimize | block=2 | epoch=405/500 | active_users=3 | updated_users=3 | objective=25.325989 | sum_rate=28.011345 | r_p=0.929130 | r_c=12.420435 | r_s=0.004520 | status=running
[DL Convergence] | phase=optimize | block=2 | epoch=410/500 | active_users=3 | updated_users=3 | objective=25.412086 | sum_rate=28.114304 | r_p=0.891760 | r_c=11.901688 | r_s=0.004553 | status=running
[DL Convergence] | phase=optimize | block=2 | epoch=415/500 | active_users=3 | updated_users=3 | objective=25.487410 | sum_rate=28.221928 | r_p=0.819735 | r_c=11.024790 | r_s=0.004556 | status=running
[DL Convergence] | phase=optimize | block=2 | epoch=420/500 | active_users=3 | updated_users=3 | objective=25.567516 | sum_rate=28.314548 | r_p=0.792103 | r_c=10.603001 | r_s=0.004572 | status=running
[DL Convergence] | phase=optimize | block=2 | epoch=425/500 | active_users=3 | updated_users=3 | objective=25.635653 | sum_rate=28.412315 | r_p=0.725897 | r_c=9.841791 | r_s=0.004621 | status=running
[DL Convergence] | phase=optimize | block=2 | epoch=430/500 | active_users=3 | updated_users=3 | objective=25.695095 | sum_rate=28.496330 | r_p=0.671391 | r_c=9.066635 | r_s=0.004609 | status=running
[DL Convergence] | phase=optimize | block=2 | epoch=435/500 | active_users=3 | updated_users=3 | objective=25.763454 | sum_rate=28.570471 | r_p=0.658968 | r_c=8.750835 | r_s=0.004542 | status=running
[DL Convergence] | phase=optimize | block=2 | epoch=440/500 | active_users=3 | updated_users=3 | objective=25.818491 | sum_rate=28.647118 | r_p=0.611268 | r_c=7.979615 | r_s=0.004644 | status=running
[DL Convergence] | phase=optimize | block=2 | epoch=445/500 | active_users=3 | updated_users=3 | objective=25.870136 | sum_rate=28.720085 | r_p=0.564080 | r_c=7.261427 | r_s=0.004658 | status=running
[DL Convergence] | phase=optimize | block=2 | epoch=450/500 | active_users=3 | updated_users=3 | objective=25.935707 | sum_rate=28.791039 | r_p=0.552498 | r_c=6.966425 | r_s=0.004652 | status=running
[DL Convergence] | phase=optimize | block=2 | epoch=455/500 | active_users=3 | updated_users=3 | objective=25.984612 | sum_rate=28.858820 | r_p=0.511025 | r_c=6.214445 | r_s=0.004688 | status=running
[DL Convergence] | phase=optimize | block=2 | epoch=460/500 | active_users=3 | updated_users=3 | objective=26.029427 | sum_rate=28.919317 | r_p=0.476980 | r_c=5.441256 | r_s=0.004699 | status=running
[DL Convergence] | phase=optimize | block=2 | epoch=465/500 | active_users=3 | updated_users=3 | objective=26.086159 | sum_rate=28.972307 | r_p=0.486577 | r_c=5.098816 | r_s=0.004644 | status=running
[DL Convergence] | phase=optimize | block=2 | epoch=470/500 | active_users=3 | updated_users=3 | objective=26.128788 | sum_rate=29.029570 | r_p=0.454984 | r_c=4.309754 | r_s=0.004734 | status=running
[DL Convergence] | phase=optimize | block=2 | epoch=475/500 | active_users=3 | updated_users=3 | objective=26.186422 | sum_rate=29.087461 | r_p=0.455349 | r_c=3.963975 | r_s=0.004686 | status=running
[DL Convergence] | phase=optimize | block=2 | epoch=480/500 | active_users=3 | updated_users=3 | objective=26.226830 | sum_rate=29.140877 | r_p=0.427659 | r_c=3.117800 | r_s=0.004773 | status=running
[DL Convergence] | phase=optimize | block=2 | epoch=485/500 | active_users=3 | updated_users=3 | objective=26.265190 | sum_rate=29.187416 | r_p=0.411119 | r_c=2.268940 | r_s=0.004785 | status=running
[DL Convergence] | phase=optimize | block=2 | epoch=490/500 | active_users=3 | updated_users=3 | objective=26.322067 | sum_rate=29.238619 | r_p=0.425508 | r_c=1.853768 | r_s=0.004673 | status=running
[DL Convergence] | phase=optimize | block=2 | epoch=495/500 | active_users=3 | updated_users=3 | objective=26.365358 | sum_rate=29.292439 | r_p=0.403803 | r_c=1.767624 | r_s=0.004826 | status=running
[DL Convergence] | phase=optimize | block=2 | epoch=500/500 | active_users=3 | updated_users=3 | objective=26.425701 | sum_rate=29.345730 | r_p=0.421714 | r_c=1.854696 | r_s=0.004773 | status=running
  user=00 block=02 serves partial bits at n=T; not reducing n_kl.
  user=01 block=02 serves partial bits at n=T; not reducing n_kl.
  user=02 block=02 serves partial bits at n=T; not reducing n_kl.
[DL Convergence Allocation] | user=0 | block=2 | served_bits=316 | n_kl=50 | required_rate=6.320000 | achieved_rate=6.336201 | rate_margin=0.016201
[DL Convergence Allocation] | user=1 | block=2 | served_bits=797 | n_kl=60 | required_rate=13.283333 | achieved_rate=13.284923 | rate_margin=0.001590
[DL Convergence Allocation] | user=2 | block=2 | served_bits=773 | n_kl=80 | required_rate=9.662500 | achieved_rate=9.671329 | rate_margin=0.008829
[DL Convergence Block] | block=2 | status=complete | allocated_bits=1886 | remaining_bits=27
[DL Convergence Block] | block=3 | active_users=3 | remaining_bits=27 | objective=remaining_bits_weighted_sum_rate
    weight_strategy=remaining_bits | user_weights: u0=1.000, u1=0.286, u2=0.429
[DL Convergence] | phase=optimize | block=3 | epoch=1/500 | active_users=3 | updated_users=3 | objective=4.877819 | sum_rate=5.252412 | r_p=0.000000 | r_c=0.000000 | r_s=0.204906 | status=running
[DL Convergence] | phase=optimize | block=3 | epoch=5/500 | active_users=3 | updated_users=3 | objective=5.229535 | sum_rate=5.634603 | r_p=0.000000 | r_c=0.000000 | r_s=0.004904 | status=running
[DL Convergence] | phase=optimize | block=3 | epoch=10/500 | active_users=3 | updated_users=3 | objective=5.687746 | sum_rate=6.130592 | r_p=0.000000 | r_c=0.000000 | r_s=0.004928 | status=running
[DL Convergence] | phase=optimize | block=3 | epoch=15/500 | active_users=3 | updated_users=3 | objective=6.163302 | sum_rate=6.644509 | r_p=0.000000 | r_c=0.000000 | r_s=0.004934 | status=running
[DL Convergence] | phase=optimize | block=3 | epoch=20/500 | active_users=3 | updated_users=3 | objective=6.647278 | sum_rate=7.173962 | r_p=0.000000 | r_c=0.000000 | r_s=0.004950 | status=running
[DL Convergence] | phase=optimize | block=3 | epoch=25/500 | active_users=3 | updated_users=3 | objective=7.122431 | sum_rate=7.697571 | r_p=0.000000 | r_c=0.000000 | r_s=0.004959 | status=running
[DL Convergence] | phase=optimize | block=3 | epoch=30/500 | active_users=3 | updated_users=3 | objective=7.563048 | sum_rate=8.194433 | r_p=0.000000 | r_c=0.000000 | r_s=0.004967 | status=running
[DL Convergence] | phase=optimize | block=3 | epoch=35/500 | active_users=3 | updated_users=3 | objective=7.943911 | sum_rate=8.647823 | r_p=0.000000 | r_c=0.000000 | r_s=0.004983 | status=running
[DL Convergence] | phase=optimize | block=3 | epoch=40/500 | active_users=3 | updated_users=3 | objective=8.269727 | sum_rate=9.071607 | r_p=0.000000 | r_c=0.000000 | r_s=0.004998 | status=running
[DL Convergence] | phase=optimize | block=3 | epoch=45/500 | active_users=3 | updated_users=3 | objective=8.562301 | sum_rate=9.487967 | r_p=0.000000 | r_c=0.000000 | r_s=0.005009 | status=running
[DL Convergence] | phase=optimize | block=3 | epoch=50/500 | active_users=3 | updated_users=3 | objective=8.839010 | sum_rate=9.892775 | r_p=0.000000 | r_c=0.000000 | r_s=0.005021 | status=running
[DL Convergence] | phase=optimize | block=3 | epoch=55/500 | active_users=3 | updated_users=3 | objective=9.106065 | sum_rate=10.288050 | r_p=0.000000 | r_c=0.000000 | r_s=0.005040 | status=running
[DL Convergence] | phase=optimize | block=3 | epoch=60/500 | active_users=3 | updated_users=3 | objective=9.364964 | sum_rate=10.680597 | r_p=0.000000 | r_c=0.000000 | r_s=0.005045 | status=running
[DL Convergence] | phase=optimize | block=3 | epoch=65/500 | active_users=3 | updated_users=3 | objective=9.617131 | sum_rate=11.077756 | r_p=0.000000 | r_c=0.000000 | r_s=0.005077 | status=running
[DL Convergence] | phase=optimize | block=3 | epoch=70/500 | active_users=3 | updated_users=3 | objective=9.865916 | sum_rate=11.490714 | r_p=0.000000 | r_c=0.000000 | r_s=0.005091 | status=running
[DL Convergence] | phase=optimize | block=3 | epoch=75/500 | active_users=3 | updated_users=3 | objective=10.113241 | sum_rate=11.913899 | r_p=0.000000 | r_c=0.000000 | r_s=0.005115 | status=running
[DL Convergence] | phase=optimize | block=3 | epoch=80/500 | active_users=3 | updated_users=3 | objective=10.359556 | sum_rate=12.336554 | r_p=0.000000 | r_c=0.000000 | r_s=0.005129 | status=running
[DL Convergence] | phase=optimize | block=3 | epoch=85/500 | active_users=3 | updated_users=3 | objective=10.605086 | sum_rate=12.758998 | r_p=0.000000 | r_c=0.000000 | r_s=0.005146 | status=running
[DL Convergence] | phase=optimize | block=3 | epoch=90/500 | active_users=3 | updated_users=3 | objective=10.850451 | sum_rate=13.179995 | r_p=0.000000 | r_c=0.000000 | r_s=0.005174 | status=running
[DL Convergence] | phase=optimize | block=3 | epoch=95/500 | active_users=3 | updated_users=3 | objective=11.096775 | sum_rate=13.597544 | r_p=0.000000 | r_c=0.000000 | r_s=0.005195 | status=running
[DL Convergence] | phase=optimize | block=3 | epoch=100/500 | active_users=3 | updated_users=3 | objective=11.344649 | sum_rate=14.007247 | r_p=0.000000 | r_c=0.000000 | r_s=0.005231 | status=running
[DL Convergence] | phase=optimize | block=3 | epoch=105/500 | active_users=3 | updated_users=3 | objective=11.595845 | sum_rate=14.410802 | r_p=0.000000 | r_c=0.000000 | r_s=0.005260 | status=running
[DL Convergence] | phase=optimize | block=3 | epoch=110/500 | active_users=3 | updated_users=3 | objective=11.851459 | sum_rate=14.815369 | r_p=0.000000 | r_c=0.000000 | r_s=0.005296 | status=running
[DL Convergence] | phase=optimize | block=3 | epoch=115/500 | active_users=3 | updated_users=3 | objective=12.113111 | sum_rate=15.222193 | r_p=0.000000 | r_c=0.000000 | r_s=0.005323 | status=running
[DL Convergence] | phase=optimize | block=3 | epoch=120/500 | active_users=3 | updated_users=3 | objective=12.381836 | sum_rate=15.636077 | r_p=0.000000 | r_c=0.000000 | r_s=0.005346 | status=running
[DL Convergence] | phase=optimize | block=3 | epoch=125/500 | active_users=3 | updated_users=3 | objective=12.657963 | sum_rate=16.049644 | r_p=0.000000 | r_c=0.000000 | r_s=0.005374 | status=running
[DL Convergence] | phase=optimize | block=3 | epoch=130/500 | active_users=3 | updated_users=3 | objective=12.940876 | sum_rate=16.470066 | r_p=0.000000 | r_c=0.000000 | r_s=0.005419 | status=running
[DL Convergence] | phase=optimize | block=3 | epoch=135/500 | active_users=3 | updated_users=3 | objective=13.228266 | sum_rate=16.890131 | r_p=0.000000 | r_c=0.000000 | r_s=0.005453 | status=running
[DL Convergence] | phase=optimize | block=3 | epoch=140/500 | active_users=3 | updated_users=3 | objective=13.517200 | sum_rate=17.307106 | r_p=0.000000 | r_c=0.000000 | r_s=0.005514 | status=running
[DL Convergence] | phase=optimize | block=3 | epoch=145/500 | active_users=3 | updated_users=3 | objective=13.803358 | sum_rate=17.726219 | r_p=0.000000 | r_c=0.000000 | r_s=0.005532 | status=running
[DL Convergence] | phase=optimize | block=3 | epoch=150/500 | active_users=3 | updated_users=3 | objective=14.083596 | sum_rate=18.134087 | r_p=0.000000 | r_c=0.000000 | r_s=0.005555 | status=running
[DL Convergence] | phase=optimize | block=3 | epoch=155/500 | active_users=3 | updated_users=3 | objective=14.354417 | sum_rate=18.538235 | r_p=0.000000 | r_c=0.000000 | r_s=0.005556 | status=running
[DL Convergence] | phase=optimize | block=3 | epoch=160/500 | active_users=3 | updated_users=3 | objective=14.614114 | sum_rate=18.944662 | r_p=0.000000 | r_c=0.000000 | r_s=0.005576 | status=running
[DL Convergence] | phase=optimize | block=3 | epoch=165/500 | active_users=3 | updated_users=3 | objective=14.861041 | sum_rate=19.336969 | r_p=0.000000 | r_c=0.000000 | r_s=0.005599 | status=running
[DL Convergence] | phase=optimize | block=3 | epoch=170/500 | active_users=3 | updated_users=3 | objective=15.095725 | sum_rate=19.724878 | r_p=0.000000 | r_c=0.000000 | r_s=0.005599 | status=running
[DL Convergence] | phase=optimize | block=3 | epoch=175/500 | active_users=3 | updated_users=3 | objective=15.317132 | sum_rate=20.089275 | r_p=0.000000 | r_c=0.000000 | r_s=0.005622 | status=running
[DL Convergence] | phase=optimize | block=3 | epoch=180/500 | active_users=3 | updated_users=3 | objective=15.526182 | sum_rate=20.434149 | r_p=0.000000 | r_c=0.000000 | r_s=0.005632 | status=running
[DL Convergence] | phase=optimize | block=3 | epoch=185/500 | active_users=3 | updated_users=3 | objective=15.723920 | sum_rate=20.761784 | r_p=0.000000 | r_c=0.000000 | r_s=0.005643 | status=running
[DL Convergence] | phase=optimize | block=3 | epoch=190/500 | active_users=3 | updated_users=3 | objective=15.911654 | sum_rate=21.073647 | r_p=0.000000 | r_c=0.000000 | r_s=0.005653 | status=running
[DL Convergence] | phase=optimize | block=3 | epoch=195/500 | active_users=3 | updated_users=3 | objective=16.091391 | sum_rate=21.374626 | r_p=0.000000 | r_c=0.000000 | r_s=0.005647 | status=running
[DL Convergence] | phase=optimize | block=3 | epoch=200/500 | active_users=3 | updated_users=3 | objective=16.263521 | sum_rate=21.661894 | r_p=0.000000 | r_c=0.000000 | r_s=0.005703 | status=running
[DL Convergence] | phase=optimize | block=3 | epoch=205/500 | active_users=3 | updated_users=3 | objective=16.428185 | sum_rate=21.940228 | r_p=0.000000 | r_c=0.000000 | r_s=0.005702 | status=running
[DL Convergence] | phase=optimize | block=3 | epoch=210/500 | active_users=3 | updated_users=3 | objective=16.586439 | sum_rate=22.206085 | r_p=0.000000 | r_c=0.000000 | r_s=0.005724 | status=running
[DL Convergence] | phase=optimize | block=3 | epoch=215/500 | active_users=3 | updated_users=3 | objective=16.739044 | sum_rate=22.454905 | r_p=0.000000 | r_c=0.000000 | r_s=0.005759 | status=running
[DL Convergence] | phase=optimize | block=3 | epoch=220/500 | active_users=3 | updated_users=3 | objective=16.884972 | sum_rate=22.689312 | r_p=0.000000 | r_c=0.000000 | r_s=0.005762 | status=running
[DL Convergence] | phase=optimize | block=3 | epoch=225/500 | active_users=3 | updated_users=3 | objective=17.025932 | sum_rate=22.921062 | r_p=0.000000 | r_c=0.000000 | r_s=0.005760 | status=running
[DL Convergence] | phase=optimize | block=3 | epoch=230/500 | active_users=3 | updated_users=3 | objective=17.161705 | sum_rate=23.144529 | r_p=0.000000 | r_c=0.000000 | r_s=0.005786 | status=running
[DL Convergence] | phase=optimize | block=3 | epoch=235/500 | active_users=3 | updated_users=3 | objective=17.292755 | sum_rate=23.358093 | r_p=0.000000 | r_c=0.000000 | r_s=0.005792 | status=running
[DL Convergence] | phase=optimize | block=3 | epoch=240/500 | active_users=3 | updated_users=3 | objective=17.419024 | sum_rate=23.565792 | r_p=0.000000 | r_c=0.000000 | r_s=0.005793 | status=running
[DL Convergence] | phase=optimize | block=3 | epoch=245/500 | active_users=3 | updated_users=3 | objective=17.540924 | sum_rate=23.768106 | r_p=0.000000 | r_c=0.000000 | r_s=0.005811 | status=running
[DL Convergence] | phase=optimize | block=3 | epoch=250/500 | active_users=3 | updated_users=3 | objective=17.659746 | sum_rate=23.968052 | r_p=0.000000 | r_c=0.000000 | r_s=0.005812 | status=running
[DL Convergence] | phase=optimize | block=3 | epoch=255/500 | active_users=3 | updated_users=3 | objective=17.774921 | sum_rate=24.158258 | r_p=0.000000 | r_c=0.000000 | r_s=0.005805 | status=running
[DL Convergence] | phase=optimize | block=3 | epoch=260/500 | active_users=3 | updated_users=3 | objective=17.887085 | sum_rate=24.352150 | r_p=0.000000 | r_c=0.000000 | r_s=0.005788 | status=running
[DL Convergence] | phase=optimize | block=3 | epoch=265/500 | active_users=3 | updated_users=3 | objective=17.997021 | sum_rate=24.540714 | r_p=0.000000 | r_c=0.000000 | r_s=0.005788 | status=running
[DL Convergence] | phase=optimize | block=3 | epoch=270/500 | active_users=3 | updated_users=3 | objective=18.104370 | sum_rate=24.726572 | r_p=0.000000 | r_c=0.000000 | r_s=0.005767 | status=running
[DL Convergence] | phase=optimize | block=3 | epoch=275/500 | active_users=3 | updated_users=3 | objective=18.210661 | sum_rate=24.909874 | r_p=0.000000 | r_c=0.000000 | r_s=0.005765 | status=running
[DL Convergence] | phase=optimize | block=3 | epoch=280/500 | active_users=3 | updated_users=3 | objective=18.313913 | sum_rate=25.090378 | r_p=0.000000 | r_c=0.000000 | r_s=0.005744 | status=running
[DL Convergence] | phase=optimize | block=3 | epoch=285/500 | active_users=3 | updated_users=3 | objective=18.416883 | sum_rate=25.274118 | r_p=0.000000 | r_c=0.000000 | r_s=0.005739 | status=running
[DL Convergence] | phase=optimize | block=3 | epoch=290/500 | active_users=3 | updated_users=3 | objective=18.518816 | sum_rate=25.456247 | r_p=0.000000 | r_c=0.000000 | r_s=0.005727 | status=running
[DL Convergence] | phase=optimize | block=3 | epoch=295/500 | active_users=3 | updated_users=3 | objective=18.618979 | sum_rate=25.643980 | r_p=0.000000 | r_c=0.000000 | r_s=0.005689 | status=running
[DL Convergence] | phase=optimize | block=3 | epoch=300/500 | active_users=3 | updated_users=3 | objective=18.718805 | sum_rate=25.833134 | r_p=0.000000 | r_c=0.000000 | r_s=0.005678 | status=running
[DL Convergence] | phase=optimize | block=3 | epoch=305/500 | active_users=3 | updated_users=3 | objective=18.817900 | sum_rate=26.021965 | r_p=0.000000 | r_c=0.000000 | r_s=0.005653 | status=running
[DL Convergence] | phase=optimize | block=3 | epoch=310/500 | active_users=3 | updated_users=3 | objective=18.914682 | sum_rate=26.202869 | r_p=0.000000 | r_c=0.000000 | r_s=0.005645 | status=running
[DL Convergence] | phase=optimize | block=3 | epoch=315/500 | active_users=3 | updated_users=3 | objective=19.010916 | sum_rate=26.382368 | r_p=0.000000 | r_c=0.000000 | r_s=0.005608 | status=running
[DL Convergence] | phase=optimize | block=3 | epoch=320/500 | active_users=3 | updated_users=3 | objective=19.106745 | sum_rate=26.561665 | r_p=0.000000 | r_c=0.000000 | r_s=0.005621 | status=running
[DL Convergence] | phase=optimize | block=3 | epoch=325/500 | active_users=3 | updated_users=3 | objective=19.201067 | sum_rate=26.741884 | r_p=0.000000 | r_c=0.000000 | r_s=0.005565 | status=running
[DL Convergence] | phase=optimize | block=3 | epoch=330/500 | active_users=3 | updated_users=3 | objective=19.294510 | sum_rate=26.921568 | r_p=0.000000 | r_c=0.000000 | r_s=0.005522 | status=running
[DL Convergence] | phase=optimize | block=3 | epoch=335/500 | active_users=3 | updated_users=3 | objective=19.387669 | sum_rate=27.099960 | r_p=0.000000 | r_c=0.000000 | r_s=0.005509 | status=running
[DL Convergence] | phase=optimize | block=3 | epoch=340/500 | active_users=3 | updated_users=3 | objective=19.480379 | sum_rate=27.277187 | r_p=0.000000 | r_c=0.000000 | r_s=0.005481 | status=running
[DL Convergence] | phase=optimize | block=3 | epoch=345/500 | active_users=3 | updated_users=3 | objective=19.572193 | sum_rate=27.448750 | r_p=0.000000 | r_c=0.000000 | r_s=0.005452 | status=running
[DL Convergence] | phase=optimize | block=3 | epoch=350/500 | active_users=3 | updated_users=3 | objective=19.663601 | sum_rate=27.617743 | r_p=0.000000 | r_c=0.000000 | r_s=0.005487 | status=running
[DL Convergence] | phase=optimize | block=3 | epoch=355/500 | active_users=3 | updated_users=3 | objective=19.753483 | sum_rate=27.781498 | r_p=0.000000 | r_c=0.000000 | r_s=0.005485 | status=running
[DL Convergence] | phase=optimize | block=3 | epoch=360/500 | active_users=3 | updated_users=3 | objective=19.845062 | sum_rate=27.937494 | r_p=0.000000 | r_c=0.000000 | r_s=0.005495 | status=running
[DL Convergence] | phase=optimize | block=3 | epoch=365/500 | active_users=3 | updated_users=3 | objective=19.937366 | sum_rate=28.087477 | r_p=0.000000 | r_c=0.000000 | r_s=0.005485 | status=running
[DL Convergence] | phase=optimize | block=3 | epoch=370/500 | active_users=3 | updated_users=3 | objective=20.031309 | sum_rate=28.229767 | r_p=0.000000 | r_c=0.000000 | r_s=0.005530 | status=running
[DL Convergence] | phase=optimize | block=3 | epoch=375/500 | active_users=3 | updated_users=3 | objective=20.128263 | sum_rate=28.366402 | r_p=0.000000 | r_c=0.000000 | r_s=0.005546 | status=running
[DL Convergence] | phase=optimize | block=3 | epoch=380/500 | active_users=3 | updated_users=3 | objective=20.229252 | sum_rate=28.502590 | r_p=0.000000 | r_c=0.000000 | r_s=0.005582 | status=running
[DL Convergence] | phase=optimize | block=3 | epoch=385/500 | active_users=3 | updated_users=3 | objective=20.335262 | sum_rate=28.623569 | r_p=0.000000 | r_c=0.000000 | r_s=0.005583 | status=running
[DL Convergence] | phase=optimize | block=3 | epoch=390/500 | active_users=3 | updated_users=3 | objective=20.447733 | sum_rate=28.747311 | r_p=0.000000 | r_c=0.000000 | r_s=0.005625 | status=running
[DL Convergence] | phase=optimize | block=3 | epoch=395/500 | active_users=3 | updated_users=3 | objective=20.566689 | sum_rate=28.871109 | r_p=0.000000 | r_c=0.000000 | r_s=0.005626 | status=running
[DL Convergence] | phase=optimize | block=3 | epoch=400/500 | active_users=3 | updated_users=3 | objective=20.691437 | sum_rate=28.997902 | r_p=0.000000 | r_c=0.000000 | r_s=0.005645 | status=running
[DL Convergence] | phase=optimize | block=3 | epoch=405/500 | active_users=3 | updated_users=3 | objective=20.819981 | sum_rate=29.129951 | r_p=0.000000 | r_c=0.000000 | r_s=0.005679 | status=running
[DL Convergence] | phase=optimize | block=3 | epoch=410/500 | active_users=3 | updated_users=3 | objective=20.950289 | sum_rate=29.258400 | r_p=0.000000 | r_c=0.000000 | r_s=0.005708 | status=running
[DL Convergence] | phase=optimize | block=3 | epoch=415/500 | active_users=3 | updated_users=3 | objective=21.079760 | sum_rate=29.381971 | r_p=0.000000 | r_c=0.000000 | r_s=0.005734 | status=running
[DL Convergence] | phase=optimize | block=3 | epoch=420/500 | active_users=3 | updated_users=3 | objective=21.206041 | sum_rate=29.508871 | r_p=0.000000 | r_c=0.000000 | r_s=0.005747 | status=running
[DL Convergence] | phase=optimize | block=3 | epoch=425/500 | active_users=3 | updated_users=3 | objective=21.327396 | sum_rate=29.627028 | r_p=0.000000 | r_c=0.000000 | r_s=0.005800 | status=running
[DL Convergence] | phase=optimize | block=3 | epoch=430/500 | active_users=3 | updated_users=3 | objective=21.442070 | sum_rate=29.741816 | r_p=0.000000 | r_c=0.000000 | r_s=0.005812 | status=running
[DL Convergence] | phase=optimize | block=3 | epoch=435/500 | active_users=3 | updated_users=3 | objective=21.550003 | sum_rate=29.845558 | r_p=0.000000 | r_c=0.000000 | r_s=0.005816 | status=running
[DL Convergence] | phase=optimize | block=3 | epoch=440/500 | active_users=3 | updated_users=3 | objective=21.652815 | sum_rate=29.946236 | r_p=0.000000 | r_c=0.000000 | r_s=0.005875 | status=running
[DL Convergence] | phase=optimize | block=3 | epoch=445/500 | active_users=3 | updated_users=3 | objective=21.750662 | sum_rate=30.041422 | r_p=0.000000 | r_c=0.000000 | r_s=0.005899 | status=running
[DL Convergence] | phase=optimize | block=3 | epoch=450/500 | active_users=3 | updated_users=3 | objective=21.844816 | sum_rate=30.128805 | r_p=0.000000 | r_c=0.000000 | r_s=0.005913 | status=running
[DL Convergence] | phase=optimize | block=3 | epoch=455/500 | active_users=3 | updated_users=3 | objective=21.934576 | sum_rate=30.215015 | r_p=0.000000 | r_c=0.000000 | r_s=0.005967 | status=running
[DL Convergence] | phase=optimize | block=3 | epoch=460/500 | active_users=3 | updated_users=3 | objective=22.020809 | sum_rate=30.304276 | r_p=0.000000 | r_c=0.000000 | r_s=0.006028 | status=running
[DL Convergence] | phase=optimize | block=3 | epoch=465/500 | active_users=3 | updated_users=3 | objective=22.102562 | sum_rate=30.386494 | r_p=0.000000 | r_c=0.000000 | r_s=0.006049 | status=running
[DL Convergence] | phase=optimize | block=3 | epoch=470/500 | active_users=3 | updated_users=3 | objective=22.181030 | sum_rate=30.467171 | r_p=0.000000 | r_c=0.000000 | r_s=0.006061 | status=running
[DL Convergence] | phase=optimize | block=3 | epoch=475/500 | active_users=3 | updated_users=3 | objective=22.256123 | sum_rate=30.540745 | r_p=0.000000 | r_c=0.000000 | r_s=0.006099 | status=running
[DL Convergence] | phase=optimize | block=3 | epoch=480/500 | active_users=3 | updated_users=3 | objective=22.329027 | sum_rate=30.618881 | r_p=0.000000 | r_c=0.000000 | r_s=0.006108 | status=running
[DL Convergence] | phase=optimize | block=3 | epoch=485/500 | active_users=3 | updated_users=3 | objective=22.398584 | sum_rate=30.690193 | r_p=0.000000 | r_c=0.000000 | r_s=0.006141 | status=running
[DL Convergence] | phase=optimize | block=3 | epoch=490/500 | active_users=3 | updated_users=3 | objective=22.464869 | sum_rate=30.758511 | r_p=0.000000 | r_c=0.000000 | r_s=0.006158 | status=running
[DL Convergence] | phase=optimize | block=3 | epoch=495/500 | active_users=3 | updated_users=3 | objective=22.528927 | sum_rate=30.822474 | r_p=0.000000 | r_c=0.000000 | r_s=0.006131 | status=running
[DL Convergence] | phase=optimize | block=3 | epoch=500/500 | active_users=3 | updated_users=3 | objective=22.589706 | sum_rate=30.890793 | r_p=0.000000 | r_c=0.000000 | r_s=0.006182 | status=running
[DL Convergence Reduction] | block=3 | epoch=1 | users=[0, 1, 2]
  user=00 block=03 accepted smaller n_kl=  49 without fresh re-optimization.
  user=01 block=03 accepted smaller n_kl=  59 without fresh re-optimization.
  user=02 block=03 accepted smaller n_kl=  79 without fresh re-optimization.
[DL Convergence Reduction] | block=3 | epoch=2 | users=[1, 2, 0]
  user=01 block=03 accepted smaller n_kl=  58 without fresh re-optimization.
  user=02 block=03 accepted smaller n_kl=  78 without fresh re-optimization.
  user=00 block=03 accepted smaller n_kl=  48 without fresh re-optimization.
[DL Convergence Reduction] | block=3 | epoch=3 | users=[2, 0, 1]
  user=02 block=03 accepted smaller n_kl=  77 without fresh re-optimization.
  user=00 block=03 accepted smaller n_kl=  47 without fresh re-optimization.
  user=01 block=03 accepted smaller n_kl=  57 without fresh re-optimization.
[DL Convergence Reduction] | block=3 | epoch=4 | users=[0, 1, 2]
  user=00 block=03 accepted smaller n_kl=  46 without fresh re-optimization.
  user=01 block=03 accepted smaller n_kl=  56 without fresh re-optimization.
  user=02 block=03 accepted smaller n_kl=  76 without fresh re-optimization.
[DL Convergence Reduction] | block=3 | epoch=5 | users=[1, 2, 0]
  user=01 block=03 accepted smaller n_kl=  55 without fresh re-optimization.
  user=02 block=03 accepted smaller n_kl=  75 without fresh re-optimization.
  user=00 block=03 accepted smaller n_kl=  45 without fresh re-optimization.
[DL Convergence Reduction] | block=3 | epoch=6 | users=[2, 0, 1]
  user=02 block=03 accepted smaller n_kl=  74 without fresh re-optimization.
  user=00 block=03 accepted smaller n_kl=  44 without fresh re-optimization.
  user=01 block=03 accepted smaller n_kl=  54 without fresh re-optimization.
[DL Convergence Reduction] | block=3 | epoch=7 | users=[0, 1, 2]
  user=00 block=03 accepted smaller n_kl=  43 without fresh re-optimization.
  user=01 block=03 accepted smaller n_kl=  53 without fresh re-optimization.
  user=02 block=03 accepted smaller n_kl=  73 without fresh re-optimization.
[DL Convergence Reduction] | block=3 | epoch=8 | users=[1, 2, 0]
  user=01 block=03 accepted smaller n_kl=  52 without fresh re-optimization.
  user=02 block=03 accepted smaller n_kl=  72 without fresh re-optimization.
  user=00 block=03 accepted smaller n_kl=  42 without fresh re-optimization.
[DL Convergence Reduction] | block=3 | epoch=9 | users=[2, 0, 1]
  user=02 block=03 accepted smaller n_kl=  71 without fresh re-optimization.
  user=00 block=03 accepted smaller n_kl=  41 without fresh re-optimization.
  user=01 block=03 accepted smaller n_kl=  51 without fresh re-optimization.
[DL Convergence Reduction] | block=3 | epoch=10 | users=[0, 1, 2]
  user=00 block=03 accepted smaller n_kl=  40 without fresh re-optimization.
  user=01 block=03 accepted smaller n_kl=  50 without fresh re-optimization.
  user=02 block=03 accepted smaller n_kl=  70 without fresh re-optimization.
[DL Convergence Reduction] | block=3 | epoch=11 | users=[1, 2, 0]
  user=01 block=03 accepted smaller n_kl=  49 without fresh re-optimization.
  user=02 block=03 accepted smaller n_kl=  69 without fresh re-optimization.
  user=00 block=03 accepted smaller n_kl=  39 without fresh re-optimization.
[DL Convergence Reduction] | block=3 | epoch=12 | users=[2, 0, 1]
  user=02 block=03 accepted smaller n_kl=  68 without fresh re-optimization.
  user=00 block=03 accepted smaller n_kl=  38 without fresh re-optimization.
  user=01 block=03 accepted smaller n_kl=  48 without fresh re-optimization.
[DL Convergence Reduction] | block=3 | epoch=13 | users=[0, 1, 2]
  user=00 block=03 accepted smaller n_kl=  37 without fresh re-optimization.
  user=01 block=03 accepted smaller n_kl=  47 without fresh re-optimization.
  user=02 block=03 accepted smaller n_kl=  67 without fresh re-optimization.
[DL Convergence Reduction] | block=3 | epoch=14 | users=[1, 2, 0]
  user=01 block=03 accepted smaller n_kl=  46 without fresh re-optimization.
  user=02 block=03 accepted smaller n_kl=  66 without fresh re-optimization.
  user=00 block=03 accepted smaller n_kl=  36 without fresh re-optimization.
[DL Convergence Reduction] | block=3 | epoch=15 | users=[2, 0, 1]
  user=02 block=03 accepted smaller n_kl=  65 without fresh re-optimization.
  user=00 block=03 accepted smaller n_kl=  35 without fresh re-optimization.
  user=01 block=03 accepted smaller n_kl=  45 without fresh re-optimization.
[DL Convergence Reduction] | block=3 | epoch=16 | users=[0, 1, 2]
  user=00 block=03 accepted smaller n_kl=  34 without fresh re-optimization.
  user=01 block=03 accepted smaller n_kl=  44 without fresh re-optimization.
  user=02 block=03 accepted smaller n_kl=  64 without fresh re-optimization.
[DL Convergence Reduction] | block=3 | epoch=17 | users=[1, 2, 0]
  user=01 block=03 accepted smaller n_kl=  43 without fresh re-optimization.
  user=02 block=03 accepted smaller n_kl=  63 without fresh re-optimization.
  user=00 block=03 accepted smaller n_kl=  33 without fresh re-optimization.
[DL Convergence Reduction] | block=3 | epoch=18 | users=[2, 0, 1]
  user=02 block=03 accepted smaller n_kl=  62 without fresh re-optimization.
  user=00 block=03 accepted smaller n_kl=  32 without fresh re-optimization.
  user=01 block=03 accepted smaller n_kl=  42 without fresh re-optimization.
[DL Convergence Reduction] | block=3 | epoch=19 | users=[0, 1, 2]
  user=00 block=03 accepted smaller n_kl=  31 without fresh re-optimization.
  user=01 block=03 accepted smaller n_kl=  41 without fresh re-optimization.
  user=02 block=03 accepted smaller n_kl=  61 without fresh re-optimization.
[DL Convergence Reduction] | block=3 | epoch=20 | users=[1, 2, 0]
  user=01 block=03 accepted smaller n_kl=  40 without fresh re-optimization.
  user=02 block=03 accepted smaller n_kl=  60 without fresh re-optimization.
  user=00 block=03 accepted smaller n_kl=  30 without fresh re-optimization.
[DL Convergence Reduction] | block=3 | epoch=21 | users=[2, 0, 1]
  user=02 block=03 accepted smaller n_kl=  59 without fresh re-optimization.
  user=00 block=03 accepted smaller n_kl=  29 without fresh re-optimization.
  user=01 block=03 accepted smaller n_kl=  39 without fresh re-optimization.
[DL Convergence Reduction] | block=3 | epoch=22 | users=[0, 1, 2]
  user=00 block=03 accepted smaller n_kl=  28 without fresh re-optimization.
  user=01 block=03 accepted smaller n_kl=  38 without fresh re-optimization.
  user=02 block=03 accepted smaller n_kl=  58 without fresh re-optimization.
[DL Convergence Reduction] | block=3 | epoch=23 | users=[1, 2, 0]
  user=01 block=03 accepted smaller n_kl=  37 without fresh re-optimization.
  user=02 block=03 accepted smaller n_kl=  57 without fresh re-optimization.
  user=00 block=03 accepted smaller n_kl=  27 without fresh re-optimization.
[DL Convergence Reduction] | block=3 | epoch=24 | users=[2, 0, 1]
  user=02 block=03 accepted smaller n_kl=  56 without fresh re-optimization.
  user=00 block=03 accepted smaller n_kl=  26 without fresh re-optimization.
  user=01 block=03 accepted smaller n_kl=  36 without fresh re-optimization.
[DL Convergence Reduction] | block=3 | epoch=25 | users=[0, 1, 2]
  user=00 block=03 accepted smaller n_kl=  25 without fresh re-optimization.
  user=01 block=03 accepted smaller n_kl=  35 without fresh re-optimization.
  user=02 block=03 accepted smaller n_kl=  55 without fresh re-optimization.
[DL Convergence Reduction] | block=3 | epoch=26 | users=[1, 2, 0]
  user=01 block=03 accepted smaller n_kl=  34 without fresh re-optimization.
  user=02 block=03 accepted smaller n_kl=  54 without fresh re-optimization.
  user=00 block=03 accepted smaller n_kl=  24 without fresh re-optimization.
[DL Convergence Reduction] | block=3 | epoch=27 | users=[2, 0, 1]
  user=02 block=03 accepted smaller n_kl=  53 without fresh re-optimization.
  user=00 block=03 accepted smaller n_kl=  23 without fresh re-optimization.
  user=01 block=03 accepted smaller n_kl=  33 without fresh re-optimization.
[DL Convergence Reduction] | block=3 | epoch=28 | users=[0, 1, 2]
  user=00 block=03 accepted smaller n_kl=  22 without fresh re-optimization.
  user=01 block=03 accepted smaller n_kl=  32 without fresh re-optimization.
  user=02 block=03 accepted smaller n_kl=  52 without fresh re-optimization.
[DL Convergence Reduction] | block=3 | epoch=29 | users=[1, 2, 0]
  user=01 block=03 accepted smaller n_kl=  31 without fresh re-optimization.
  user=02 block=03 accepted smaller n_kl=  51 without fresh re-optimization.
  user=00 block=03 accepted smaller n_kl=  21 without fresh re-optimization.
[DL Convergence Reduction] | block=3 | epoch=30 | users=[2, 0, 1]
  user=02 block=03 accepted smaller n_kl=  50 without fresh re-optimization.
  user=00 block=03 accepted smaller n_kl=  20 without fresh re-optimization.
  user=01 block=03 accepted smaller n_kl=  30 without fresh re-optimization.
[DL Convergence Reduction] | block=3 | epoch=31 | users=[0, 1, 2]
  user=00 block=03 accepted smaller n_kl=  19 without fresh re-optimization.
  user=01 block=03 accepted smaller n_kl=  29 without fresh re-optimization.
  user=02 block=03 accepted smaller n_kl=  49 without fresh re-optimization.
[DL Convergence Reduction] | block=3 | epoch=32 | users=[1, 2, 0]
  user=01 block=03 accepted smaller n_kl=  28 without fresh re-optimization.
  user=02 block=03 accepted smaller n_kl=  48 without fresh re-optimization.
  user=00 block=03 accepted smaller n_kl=  18 without fresh re-optimization.
[DL Convergence Reduction] | block=3 | epoch=33 | users=[2, 0, 1]
  user=02 block=03 accepted smaller n_kl=  47 without fresh re-optimization.
  user=00 block=03 accepted smaller n_kl=  17 without fresh re-optimization.
  user=01 block=03 accepted smaller n_kl=  27 without fresh re-optimization.
[DL Convergence Reduction] | block=3 | epoch=34 | users=[0, 1, 2]
  user=00 block=03 accepted smaller n_kl=  16 without fresh re-optimization.
  user=01 block=03 accepted smaller n_kl=  26 without fresh re-optimization.
  user=02 block=03 accepted smaller n_kl=  46 without fresh re-optimization.
[DL Convergence Reduction] | block=3 | epoch=35 | users=[1, 2, 0]
  user=01 block=03 accepted smaller n_kl=  25 without fresh re-optimization.
  user=02 block=03 accepted smaller n_kl=  45 without fresh re-optimization.
  user=00 block=03 accepted smaller n_kl=  15 without fresh re-optimization.
[DL Convergence Reduction] | block=3 | epoch=36 | users=[2, 0, 1]
  user=02 block=03 accepted smaller n_kl=  44 without fresh re-optimization.
  user=00 block=03 accepted smaller n_kl=  14 without fresh re-optimization.
  user=01 block=03 accepted smaller n_kl=  24 without fresh re-optimization.
[DL Convergence Reduction] | block=3 | epoch=37 | users=[0, 1, 2]
  user=00 block=03 accepted smaller n_kl=  13 without fresh re-optimization.
  user=01 block=03 accepted smaller n_kl=  23 without fresh re-optimization.
  user=02 block=03 accepted smaller n_kl=  43 without fresh re-optimization.
[DL Convergence Reduction] | block=3 | epoch=38 | users=[1, 2, 0]
  user=01 block=03 accepted smaller n_kl=  22 without fresh re-optimization.
  user=02 block=03 accepted smaller n_kl=  42 without fresh re-optimization.
  user=00 block=03 accepted smaller n_kl=  12 without fresh re-optimization.
[DL Convergence Reduction] | block=3 | epoch=39 | users=[2, 0, 1]
  user=02 block=03 accepted smaller n_kl=  41 without fresh re-optimization.
  user=00 block=03 accepted smaller n_kl=  11 without fresh re-optimization.
  user=01 block=03 accepted smaller n_kl=  21 without fresh re-optimization.
[DL Convergence Reduction] | block=3 | epoch=40 | users=[0, 1, 2]
  user=00 block=03 accepted smaller n_kl=  10 without fresh re-optimization.
  user=01 block=03 accepted smaller n_kl=  20 without fresh re-optimization.
  user=02 block=03 accepted smaller n_kl=  40 without fresh re-optimization.
[DL Convergence Reduction] | block=3 | epoch=41 | users=[1, 2, 0]
  user=01 block=03 accepted smaller n_kl=  19 without fresh re-optimization.
  user=02 block=03 accepted smaller n_kl=  39 without fresh re-optimization.
  user=00 block=03 accepted smaller n_kl=   9 without fresh re-optimization.
[DL Convergence Reduction] | block=3 | epoch=42 | users=[2, 0, 1]
  user=02 block=03 accepted smaller n_kl=  38 without fresh re-optimization.
  user=00 block=03 accepted smaller n_kl=   8 without fresh re-optimization.
  user=01 block=03 accepted smaller n_kl=  18 without fresh re-optimization.
[DL Convergence Reduction] | block=3 | epoch=43 | users=[0, 1, 2]
  user=00 block=03 accepted smaller n_kl=   7 without fresh re-optimization.
  user=01 block=03 accepted smaller n_kl=  17 without fresh re-optimization.
  user=02 block=03 accepted smaller n_kl=  37 without fresh re-optimization.
[DL Convergence Reduction] | block=3 | epoch=44 | users=[1, 2, 0]
  user=01 block=03 accepted smaller n_kl=  16 without fresh re-optimization.
  user=02 block=03 accepted smaller n_kl=  36 without fresh re-optimization.
  user=00 block=03 accepted smaller n_kl=   6 without fresh re-optimization.
[DL Convergence Reduction] | block=3 | epoch=45 | users=[2, 0, 1]
  user=02 block=03 accepted smaller n_kl=  35 without fresh re-optimization.
  user=00 block=03 accepted smaller n_kl=   5 without fresh re-optimization.
  user=01 block=03 accepted smaller n_kl=  15 without fresh re-optimization.
[DL Convergence Reduction] | block=3 | epoch=46 | users=[0, 1, 2]
  user=00 block=03 accepted smaller n_kl=   4 without fresh re-optimization.
  user=01 block=03 accepted smaller n_kl=  14 without fresh re-optimization.
  user=02 block=03 accepted smaller n_kl=  34 without fresh re-optimization.
[DL Convergence Reduction] | block=3 | epoch=47 | users=[1, 2, 0]
  user=01 block=03 accepted smaller n_kl=  13 without fresh re-optimization.
  user=02 block=03 accepted smaller n_kl=  33 without fresh re-optimization.
  user=00 block=03 accepted smaller n_kl=   3 without fresh re-optimization.
[DL Convergence Reduction] | block=3 | epoch=48 | users=[2, 0, 1]
  user=02 block=03 accepted smaller n_kl=  32 without fresh re-optimization.
  user=00 block=03 candidate n_kl=   2 breaks committed-user feasibility [0]; trying fresh re-optimization.
[DL Convergence] | phase=optimize | block=3 | epoch=1/500 | active_users=3 | updated_users=1 | objective=11.331990 | sum_rate=17.753237 | r_p=2.784485 | r_c=0.278448 | r_s=0.002372 | status=running
[DL Convergence] | phase=optimize | block=3 | epoch=5/500 | active_users=3 | updated_users=1 | objective=11.371153 | sum_rate=17.779922 | r_p=2.738899 | r_c=0.577061 | r_s=0.002357 | status=running
[DL Convergence] | phase=optimize | block=3 | epoch=10/500 | active_users=3 | updated_users=1 | objective=11.417301 | sum_rate=17.809559 | r_p=2.684236 | r_c=0.930185 | r_s=0.002316 | status=running
[DL Convergence] | phase=optimize | block=3 | epoch=15/500 | active_users=3 | updated_users=1 | objective=11.460414 | sum_rate=17.834698 | r_p=2.631495 | r_c=1.262313 | r_s=0.002307 | status=running
[DL Convergence] | phase=optimize | block=3 | epoch=20/500 | active_users=3 | updated_users=1 | objective=11.500271 | sum_rate=17.853010 | r_p=2.579631 | r_c=1.574137 | r_s=0.002305 | status=running
[DL Convergence] | phase=optimize | block=3 | epoch=25/500 | active_users=3 | updated_users=1 | objective=11.537414 | sum_rate=17.867472 | r_p=2.529891 | r_c=1.867538 | r_s=0.002269 | status=running
[DL Convergence] | phase=optimize | block=3 | epoch=30/500 | active_users=3 | updated_users=1 | objective=11.571783 | sum_rate=17.877136 | r_p=2.481507 | r_c=2.143294 | r_s=0.002291 | status=running
[DL Convergence] | phase=optimize | block=3 | epoch=35/500 | active_users=3 | updated_users=1 | objective=11.604383 | sum_rate=17.887077 | r_p=2.435965 | r_c=2.403956 | r_s=0.002270 | status=running
[DL Convergence] | phase=optimize | block=3 | epoch=40/500 | active_users=3 | updated_users=1 | objective=11.632487 | sum_rate=17.884506 | r_p=2.389977 | r_c=2.647457 | r_s=0.002273 | status=running
[DL Convergence] | phase=optimize | block=3 | epoch=45/500 | active_users=3 | updated_users=1 | objective=11.658884 | sum_rate=17.881927 | r_p=2.346831 | r_c=2.878087 | r_s=0.002267 | status=running
[DL Convergence] | phase=optimize | block=3 | epoch=50/500 | active_users=3 | updated_users=1 | objective=11.682909 | sum_rate=17.876091 | r_p=2.305248 | r_c=3.095654 | r_s=0.002201 | status=running
[DL Convergence] | phase=optimize | block=3 | epoch=55/500 | active_users=3 | updated_users=1 | objective=11.705113 | sum_rate=17.868584 | r_p=2.265265 | r_c=3.301228 | r_s=0.002232 | status=running
[DL Convergence] | phase=optimize | block=3 | epoch=60/500 | active_users=3 | updated_users=1 | objective=11.724383 | sum_rate=17.854486 | r_p=2.225874 | r_c=3.494181 | r_s=0.002280 | status=running
[DL Convergence] | phase=optimize | block=3 | epoch=65/500 | active_users=3 | updated_users=1 | objective=11.741662 | sum_rate=17.840752 | r_p=2.189541 | r_c=3.679239 | r_s=0.002182 | status=running
[DL Convergence] | phase=optimize | block=3 | epoch=70/500 | active_users=3 | updated_users=1 | objective=11.756407 | sum_rate=17.820723 | r_p=2.153645 | r_c=3.853099 | r_s=0.002188 | status=running
[DL Convergence] | phase=optimize | block=3 | epoch=75/500 | active_users=3 | updated_users=1 | objective=11.767934 | sum_rate=17.794992 | r_p=2.119131 | r_c=4.018060 | r_s=0.002054 | status=running
[DL Convergence] | phase=optimize | block=3 | epoch=80/500 | active_users=3 | updated_users=1 | objective=11.777646 | sum_rate=17.765240 | r_p=2.085661 | r_c=4.174202 | r_s=0.002176 | status=running
[DL Convergence] | phase=optimize | block=3 | epoch=85/500 | active_users=3 | updated_users=1 | objective=11.786386 | sum_rate=17.736275 | r_p=2.053979 | r_c=4.323696 | r_s=0.002079 | status=running
[DL Convergence] | phase=optimize | block=3 | epoch=90/500 | active_users=3 | updated_users=1 | objective=11.793637 | sum_rate=17.704338 | r_p=2.023236 | r_c=4.465517 | r_s=0.002117 | status=running
[DL Convergence] | phase=optimize | block=3 | epoch=95/500 | active_users=3 | updated_users=1 | objective=11.799226 | sum_rate=17.669508 | r_p=1.993626 | r_c=4.600633 | r_s=0.001969 | status=running
[DL Convergence] | phase=optimize | block=3 | epoch=100/500 | active_users=3 | updated_users=1 | objective=11.803492 | sum_rate=17.632116 | r_p=1.964423 | r_c=4.727897 | r_s=0.002086 | status=running
[DL Convergence] | phase=optimize | block=3 | epoch=105/500 | active_users=3 | updated_users=1 | objective=11.806827 | sum_rate=17.595865 | r_p=1.936963 | r_c=4.850980 | r_s=0.001979 | status=running
[DL Convergence] | phase=optimize | block=3 | epoch=110/500 | active_users=3 | updated_users=1 | objective=11.809191 | sum_rate=17.557465 | r_p=1.910107 | r_c=4.967673 | r_s=0.001998 | status=running
[DL Convergence] | phase=optimize | block=3 | epoch=115/500 | active_users=3 | updated_users=1 | objective=11.810449 | sum_rate=17.518826 | r_p=1.884549 | r_c=5.080222 | r_s=0.001910 | status=running
[DL Convergence] | phase=optimize | block=3 | epoch=120/500 | active_users=3 | updated_users=1 | objective=11.811311 | sum_rate=17.478388 | r_p=1.859233 | r_c=5.186226 | r_s=0.002108 | status=running
[DL Convergence] | phase=optimize | block=3 | epoch=125/500 | active_users=3 | updated_users=1 | objective=11.810402 | sum_rate=17.436666 | r_p=1.835318 | r_c=5.289268 | r_s=0.002061 | status=running
[DL Convergence] | phase=optimize | block=3 | epoch=130/500 | active_users=3 | updated_users=1 | objective=11.808240 | sum_rate=17.392981 | r_p=1.811903 | r_c=5.387207 | r_s=0.002075 | status=running
[DL Convergence] | phase=optimize | block=3 | epoch=135/500 | active_users=3 | updated_users=1 | objective=11.806107 | sum_rate=17.351723 | r_p=1.789900 | r_c=5.483155 | r_s=0.002068 | status=running
[DL Convergence] | phase=optimize | block=3 | epoch=140/500 | active_users=3 | updated_users=1 | objective=11.801542 | sum_rate=17.305412 | r_p=1.768731 | r_c=5.575843 | r_s=0.001830 | status=running
[DL Convergence] | phase=optimize | block=3 | epoch=145/500 | active_users=3 | updated_users=1 | objective=11.797144 | sum_rate=17.260860 | r_p=1.748319 | r_c=5.665403 | r_s=0.001914 | status=running
[DL Convergence] | phase=optimize | block=3 | epoch=150/500 | active_users=3 | updated_users=1 | objective=11.790823 | sum_rate=17.213100 | r_p=1.728382 | r_c=5.751212 | r_s=0.001897 | status=running
[DL Convergence] | phase=optimize | block=3 | epoch=155/500 | active_users=3 | updated_users=1 | objective=11.784054 | sum_rate=17.164698 | r_p=1.709147 | r_c=5.834265 | r_s=0.001928 | status=running
[DL Convergence] | phase=optimize | block=3 | epoch=160/500 | active_users=3 | updated_users=1 | objective=11.777338 | sum_rate=17.117605 | r_p=1.690600 | r_c=5.914799 | r_s=0.001811 | status=running
[DL Convergence] | phase=optimize | block=3 | epoch=165/500 | active_users=3 | updated_users=1 | objective=11.770729 | sum_rate=17.071148 | r_p=1.672896 | r_c=5.993668 | r_s=0.001788 | status=running
[DL Convergence] | phase=optimize | block=3 | epoch=170/500 | active_users=3 | updated_users=1 | objective=11.763473 | sum_rate=17.023981 | r_p=1.655284 | r_c=6.068433 | r_s=0.001851 | status=running
[DL Convergence] | phase=optimize | block=3 | epoch=175/500 | active_users=3 | updated_users=1 | objective=11.754203 | sum_rate=16.972137 | r_p=1.638446 | r_c=6.141756 | r_s=0.001871 | status=running
[DL Convergence] | phase=optimize | block=3 | epoch=180/500 | active_users=3 | updated_users=1 | objective=11.745106 | sum_rate=16.921530 | r_p=1.622332 | r_c=6.213742 | r_s=0.001831 | status=running
[DL Convergence] | phase=optimize | block=3 | epoch=185/500 | active_users=3 | updated_users=1 | objective=11.736190 | sum_rate=16.872456 | r_p=1.606658 | r_c=6.283550 | r_s=0.001926 | status=running
[DL Convergence] | phase=optimize | block=3 | epoch=190/500 | active_users=3 | updated_users=1 | objective=11.725579 | sum_rate=16.818748 | r_p=1.591475 | r_c=6.351523 | r_s=0.001698 | status=running
[DL Convergence] | phase=optimize | block=3 | epoch=195/500 | active_users=3 | updated_users=1 | objective=11.713387 | sum_rate=16.761871 | r_p=1.576363 | r_c=6.416163 | r_s=0.001901 | status=running
[DL Convergence] | phase=optimize | block=3 | epoch=200/500 | active_users=3 | updated_users=1 | objective=11.701873 | sum_rate=16.708656 | r_p=1.562372 | r_c=6.481915 | r_s=0.001735 | status=running
[DL Convergence] | phase=optimize | block=3 | epoch=205/500 | active_users=3 | updated_users=1 | objective=11.689590 | sum_rate=16.653496 | r_p=1.548308 | r_c=6.544078 | r_s=0.001761 | status=running
[DL Convergence] | phase=optimize | block=3 | epoch=210/500 | active_users=3 | updated_users=1 | objective=11.677267 | sum_rate=16.599218 | r_p=1.534911 | r_c=6.605867 | r_s=0.001821 | status=running
[DL Convergence] | phase=optimize | block=3 | epoch=215/500 | active_users=3 | updated_users=1 | objective=11.665031 | sum_rate=16.547068 | r_p=1.521974 | r_c=6.666598 | r_s=0.001689 | status=running
[DL Convergence] | phase=optimize | block=3 | epoch=220/500 | active_users=3 | updated_users=1 | objective=11.652974 | sum_rate=16.495338 | r_p=1.509574 | r_c=6.726778 | r_s=0.001644 | status=running
[DL Convergence] | phase=optimize | block=3 | epoch=225/500 | active_users=3 | updated_users=1 | objective=11.640482 | sum_rate=16.443287 | r_p=1.497216 | r_c=6.784349 | r_s=0.001654 | status=running
[DL Convergence] | phase=optimize | block=3 | epoch=230/500 | active_users=3 | updated_users=1 | objective=11.628762 | sum_rate=16.393633 | r_p=1.485225 | r_c=6.840835 | r_s=0.001625 | status=running
[DL Convergence] | phase=optimize | block=3 | epoch=235/500 | active_users=3 | updated_users=1 | objective=11.617259 | sum_rate=16.345144 | r_p=1.473550 | r_c=6.896138 | r_s=0.001718 | status=running
[DL Convergence] | phase=optimize | block=3 | epoch=240/500 | active_users=3 | updated_users=1 | objective=11.605172 | sum_rate=16.295013 | r_p=1.462110 | r_c=6.949978 | r_s=0.001719 | status=running
[DL Convergence] | phase=optimize | block=3 | epoch=245/500 | active_users=3 | updated_users=1 | objective=11.592514 | sum_rate=16.244152 | r_p=1.450763 | r_c=7.001774 | r_s=0.001722 | status=running
[DL Convergence] | phase=optimize | block=3 | epoch=250/500 | active_users=3 | updated_users=1 | objective=11.582037 | sum_rate=16.200268 | r_p=1.440041 | r_c=7.054172 | r_s=0.001722 | status=running
[DL Convergence] | phase=optimize | block=3 | epoch=255/500 | active_users=3 | updated_users=1 | objective=11.568512 | sum_rate=16.145260 | r_p=1.428429 | r_c=7.099794 | r_s=0.001621 | status=running
[DL Convergence] | phase=optimize | block=3 | epoch=260/500 | active_users=3 | updated_users=1 | objective=11.556321 | sum_rate=16.095453 | r_p=1.417804 | r_c=7.147949 | r_s=0.001789 | status=running
[DL Convergence] | phase=optimize | block=3 | epoch=265/500 | active_users=3 | updated_users=1 | objective=11.543322 | sum_rate=16.042860 | r_p=1.406999 | r_c=7.192910 | r_s=0.001767 | status=running
[DL Convergence] | phase=optimize | block=3 | epoch=270/500 | active_users=3 | updated_users=1 | objective=11.531861 | sum_rate=15.995076 | r_p=1.396221 | r_c=7.235729 | r_s=0.001637 | status=running
[DL Convergence] | phase=optimize | block=3 | epoch=275/500 | active_users=3 | updated_users=1 | objective=11.519352 | sum_rate=15.944695 | r_p=1.385941 | r_c=7.278934 | r_s=0.001748 | status=running
[DL Convergence] | phase=optimize | block=3 | epoch=280/500 | active_users=3 | updated_users=1 | objective=11.510441 | sum_rate=15.905073 | r_p=1.375957 | r_c=7.321576 | r_s=0.001685 | status=running
[DL Convergence] | phase=optimize | block=3 | epoch=285/500 | active_users=3 | updated_users=1 | objective=11.501274 | sum_rate=15.863144 | r_p=1.365994 | r_c=7.362271 | r_s=0.001823 | status=running
[DL Convergence] | phase=optimize | block=3 | epoch=290/500 | active_users=3 | updated_users=1 | objective=11.491240 | sum_rate=15.819088 | r_p=1.356092 | r_c=7.401256 | r_s=0.001812 | status=running
[DL Convergence] | phase=optimize | block=3 | epoch=295/500 | active_users=3 | updated_users=1 | objective=11.482717 | sum_rate=15.779663 | r_p=1.346778 | r_c=7.441484 | r_s=0.001746 | status=running
[DL Convergence] | phase=optimize | block=3 | epoch=300/500 | active_users=3 | updated_users=1 | objective=11.472288 | sum_rate=15.735788 | r_p=1.337448 | r_c=7.479742 | r_s=0.001712 | status=running
[DL Convergence] | phase=optimize | block=3 | epoch=305/500 | active_users=3 | updated_users=1 | objective=11.463663 | sum_rate=15.697014 | r_p=1.328541 | r_c=7.518526 | r_s=0.001765 | status=running
[DL Convergence] | phase=optimize | block=3 | epoch=310/500 | active_users=3 | updated_users=1 | objective=11.453220 | sum_rate=15.653079 | r_p=1.319535 | r_c=7.554967 | r_s=0.001686 | status=running
[DL Convergence] | phase=optimize | block=3 | epoch=315/500 | active_users=3 | updated_users=1 | objective=11.443568 | sum_rate=15.609831 | r_p=1.310609 | r_c=7.590094 | r_s=0.001753 | status=running
[DL Convergence] | phase=optimize | block=3 | epoch=320/500 | active_users=3 | updated_users=1 | objective=11.435591 | sum_rate=15.573563 | r_p=1.302253 | r_c=7.626822 | r_s=0.001777 | status=running
[DL Convergence] | phase=optimize | block=3 | epoch=325/500 | active_users=3 | updated_users=1 | objective=11.425315 | sum_rate=15.528994 | r_p=1.293573 | r_c=7.659993 | r_s=0.001665 | status=running
[DL Convergence] | phase=optimize | block=3 | epoch=330/500 | active_users=3 | updated_users=1 | objective=11.417605 | sum_rate=15.494375 | r_p=1.285930 | r_c=7.697701 | r_s=0.001553 | status=running
[DL Convergence] | phase=optimize | block=3 | epoch=335/500 | active_users=3 | updated_users=1 | objective=11.408748 | sum_rate=15.453981 | r_p=1.277741 | r_c=7.730621 | r_s=0.001582 | status=running
[DL Convergence] | phase=optimize | block=3 | epoch=340/500 | active_users=3 | updated_users=1 | objective=11.400911 | sum_rate=15.417654 | r_p=1.269727 | r_c=7.763051 | r_s=0.001715 | status=running
[DL Convergence] | phase=optimize | block=3 | epoch=345/500 | active_users=3 | updated_users=1 | objective=11.393394 | sum_rate=15.382921 | r_p=1.262283 | r_c=7.797488 | r_s=0.001681 | status=running
[DL Convergence] | phase=optimize | block=3 | epoch=350/500 | active_users=3 | updated_users=1 | objective=11.385377 | sum_rate=15.345908 | r_p=1.254399 | r_c=7.827756 | r_s=0.001738 | status=running
[DL Convergence] | phase=optimize | block=3 | epoch=355/500 | active_users=3 | updated_users=1 | objective=11.378278 | sum_rate=15.313211 | r_p=1.246924 | r_c=7.859134 | r_s=0.001666 | status=running
[DL Convergence] | phase=optimize | block=3 | epoch=360/500 | active_users=3 | updated_users=1 | objective=11.372913 | sum_rate=15.284781 | r_p=1.239294 | r_c=7.888127 | r_s=0.001818 | status=running
[DL Convergence] | phase=optimize | block=3 | epoch=365/500 | active_users=3 | updated_users=1 | objective=11.367332 | sum_rate=15.257820 | r_p=1.232379 | r_c=7.920304 | r_s=0.001613 | status=running
[DL Convergence] | phase=optimize | block=3 | epoch=370/500 | active_users=3 | updated_users=1 | objective=11.360947 | sum_rate=15.227332 | r_p=1.225176 | r_c=7.949322 | r_s=0.001608 | status=running
[DL Convergence] | phase=optimize | block=3 | epoch=375/500 | active_users=3 | updated_users=1 | objective=11.354675 | sum_rate=15.196146 | r_p=1.217878 | r_c=7.976394 | r_s=0.001798 | status=running
[DL Convergence] | phase=optimize | block=3 | epoch=380/500 | active_users=3 | updated_users=1 | objective=11.349400 | sum_rate=15.170524 | r_p=1.211070 | r_c=8.005391 | r_s=0.001714 | status=running
[DL Convergence] | phase=optimize | block=3 | epoch=385/500 | active_users=3 | updated_users=1 | objective=11.342716 | sum_rate=15.139774 | r_p=1.204374 | r_c=8.033895 | r_s=0.001715 | status=running
[DL Convergence] | phase=optimize | block=3 | epoch=390/500 | active_users=3 | updated_users=1 | objective=11.337057 | sum_rate=15.112572 | r_p=1.197679 | r_c=8.061194 | r_s=0.001715 | status=running
[DL Convergence] | phase=optimize | block=3 | epoch=395/500 | active_users=3 | updated_users=1 | objective=11.330732 | sum_rate=15.083010 | r_p=1.191093 | r_c=8.088045 | r_s=0.001768 | status=running
[DL Convergence] | phase=optimize | block=3 | epoch=400/500 | active_users=3 | updated_users=1 | objective=11.325777 | sum_rate=15.056282 | r_p=1.184714 | r_c=8.115135 | r_s=0.001718 | status=running
[DL Convergence] | phase=optimize | block=3 | epoch=405/500 | active_users=3 | updated_users=1 | objective=11.320088 | sum_rate=15.028705 | r_p=1.178488 | r_c=8.142136 | r_s=0.001651 | status=running
[DL Convergence] | phase=optimize | block=3 | epoch=410/500 | active_users=3 | updated_users=1 | objective=11.313006 | sum_rate=14.996063 | r_p=1.172217 | r_c=8.167736 | r_s=0.001634 | status=running
[DL Convergence] | phase=optimize | block=3 | epoch=415/500 | active_users=3 | updated_users=1 | objective=11.307816 | sum_rate=14.969260 | r_p=1.166019 | r_c=8.192745 | r_s=0.001618 | status=running
[DL Convergence] | phase=optimize | block=3 | epoch=420/500 | active_users=3 | updated_users=1 | objective=11.302769 | sum_rate=14.943478 | r_p=1.160021 | r_c=8.218079 | r_s=0.001643 | status=running
[DL Convergence] | phase=optimize | block=3 | epoch=425/500 | active_users=3 | updated_users=1 | objective=11.298532 | sum_rate=14.919914 | r_p=1.153872 | r_c=8.241307 | r_s=0.001751 | status=running
[DL Convergence] | phase=optimize | block=3 | epoch=430/500 | active_users=3 | updated_users=1 | objective=11.292743 | sum_rate=14.893164 | r_p=1.147984 | r_c=8.265333 | r_s=0.001578 | status=running
[DL Convergence] | phase=optimize | block=3 | epoch=435/500 | active_users=3 | updated_users=1 | objective=11.289203 | sum_rate=14.871339 | r_p=1.142054 | r_c=8.288056 | r_s=0.001741 | status=running
[DL Convergence] | phase=optimize | block=3 | epoch=440/500 | active_users=3 | updated_users=1 | objective=11.282918 | sum_rate=14.842289 | r_p=1.136415 | r_c=8.311892 | r_s=0.001593 | status=running
[DL Convergence] | phase=optimize | block=3 | epoch=445/500 | active_users=3 | updated_users=1 | objective=11.277390 | sum_rate=14.814453 | r_p=1.130494 | r_c=8.332693 | r_s=0.001693 | status=running
[DL Convergence] | phase=optimize | block=3 | epoch=450/500 | active_users=3 | updated_users=1 | objective=11.271791 | sum_rate=14.788320 | r_p=1.125144 | r_c=8.356740 | r_s=0.001619 | status=running
[DL Convergence] | phase=optimize | block=3 | epoch=455/500 | active_users=3 | updated_users=1 | objective=11.266809 | sum_rate=14.763446 | r_p=1.119625 | r_c=8.378613 | r_s=0.001658 | status=running
[DL Convergence] | phase=optimize | block=3 | epoch=460/500 | active_users=3 | updated_users=1 | objective=11.263124 | sum_rate=14.743653 | r_p=1.114363 | r_c=8.401498 | r_s=0.001728 | status=running
[DL Convergence] | phase=optimize | block=3 | epoch=465/500 | active_users=3 | updated_users=1 | objective=11.257374 | sum_rate=14.715554 | r_p=1.108887 | r_c=8.421877 | r_s=0.001590 | status=running
[DL Convergence] | phase=optimize | block=3 | epoch=470/500 | active_users=3 | updated_users=1 | objective=11.252822 | sum_rate=14.692553 | r_p=1.103703 | r_c=8.443580 | r_s=0.001643 | status=running
[DL Convergence] | phase=optimize | block=3 | epoch=475/500 | active_users=3 | updated_users=1 | objective=11.246574 | sum_rate=14.664968 | r_p=1.098455 | r_c=8.463940 | r_s=0.001614 | status=running
[DL Convergence] | phase=optimize | block=3 | epoch=480/500 | active_users=3 | updated_users=1 | objective=11.242663 | sum_rate=14.644792 | r_p=1.093533 | r_c=8.485954 | r_s=0.001558 | status=running
[DL Convergence] | phase=optimize | block=3 | epoch=485/500 | active_users=3 | updated_users=1 | objective=11.239201 | sum_rate=14.624629 | r_p=1.088658 | r_c=8.507542 | r_s=0.001547 | status=running
[DL Convergence] | phase=optimize | block=3 | epoch=490/500 | active_users=3 | updated_users=1 | objective=11.234051 | sum_rate=14.598946 | r_p=1.083565 | r_c=8.526609 | r_s=0.001711 | status=running
[DL Convergence] | phase=optimize | block=3 | epoch=495/500 | active_users=3 | updated_users=1 | objective=11.231515 | sum_rate=14.582623 | r_p=1.078568 | r_c=8.545611 | r_s=0.001688 | status=running
[DL Convergence] | phase=optimize | block=3 | epoch=500/500 | active_users=3 | updated_users=1 | objective=11.228146 | sum_rate=14.564599 | r_p=1.073540 | r_c=8.563550 | r_s=0.001742 | status=running
  user=00 block=03 candidate n_kl=   2 after updating users [0] still leaves committed users infeasible [0] after re-optimization; stopping further n_kl reduction for this user in this block.
  user=01 block=03 accepted smaller n_kl=  12 without fresh re-optimization.
[DL Convergence Reduction] | block=3 | epoch=49 | users=[1, 2]
  user=01 block=03 accepted smaller n_kl=  11 without fresh re-optimization.
  user=02 block=03 accepted smaller n_kl=  31 without fresh re-optimization.
[DL Convergence Reduction] | block=3 | epoch=50 | users=[2, 1]
  user=02 block=03 accepted smaller n_kl=  30 without fresh re-optimization.
  user=01 block=03 accepted smaller n_kl=  10 without fresh re-optimization.
[DL Convergence Reduction] | block=3 | epoch=51 | users=[1, 2]
  user=01 block=03 accepted smaller n_kl=   9 without fresh re-optimization.
  user=02 block=03 accepted smaller n_kl=  29 without fresh re-optimization.
[DL Convergence Reduction] | block=3 | epoch=52 | users=[2, 1]
  user=02 block=03 accepted smaller n_kl=  28 without fresh re-optimization.
  user=01 block=03 accepted smaller n_kl=   8 without fresh re-optimization.
[DL Convergence Reduction] | block=3 | epoch=53 | users=[1, 2]
  user=01 block=03 accepted smaller n_kl=   7 without fresh re-optimization.
  user=02 block=03 accepted smaller n_kl=  27 without fresh re-optimization.
[DL Convergence Reduction] | block=3 | epoch=54 | users=[2, 1]
  user=02 block=03 accepted smaller n_kl=  26 without fresh re-optimization.
  user=01 block=03 accepted smaller n_kl=   6 without fresh re-optimization.
[DL Convergence Reduction] | block=3 | epoch=55 | users=[1, 2]
  user=01 block=03 accepted smaller n_kl=   5 without fresh re-optimization.
  user=02 block=03 accepted smaller n_kl=  25 without fresh re-optimization.
[DL Convergence Reduction] | block=3 | epoch=56 | users=[2, 1]
  user=02 block=03 accepted smaller n_kl=  24 without fresh re-optimization.
  user=01 block=03 accepted smaller n_kl=   4 without fresh re-optimization.
[DL Convergence Reduction] | block=3 | epoch=57 | users=[1, 2]
  user=01 block=03 accepted smaller n_kl=   3 without fresh re-optimization.
  user=02 block=03 accepted smaller n_kl=  23 without fresh re-optimization.
[DL Convergence Reduction] | block=3 | epoch=58 | users=[2, 1]
  user=02 block=03 accepted smaller n_kl=  22 without fresh re-optimization.
  user=01 block=03 candidate n_kl=   2 breaks committed-user feasibility [1]; trying fresh re-optimization.
[DL Convergence] | phase=optimize | block=3 | epoch=1/500 | active_users=3 | updated_users=1 | objective=11.878396 | sum_rate=14.000613 | r_p=1.343728 | r_c=0.134373 | r_s=0.006111 | status=running
[DL Convergence] | phase=optimize | block=3 | epoch=5/500 | active_users=3 | updated_users=1 | objective=11.887350 | sum_rate=14.061568 | r_p=1.265840 | r_c=0.193103 | r_s=0.005977 | status=running
[DL Convergence] | phase=optimize | block=3 | epoch=10/500 | active_users=3 | updated_users=1 | objective=11.893768 | sum_rate=14.132565 | r_p=1.167048 | r_c=0.249599 | r_s=0.005786 | status=running
[DL Convergence] | phase=optimize | block=3 | epoch=15/500 | active_users=3 | updated_users=1 | objective=11.896610 | sum_rate=14.199874 | r_p=1.066494 | r_c=0.288215 | r_s=0.005545 | status=running
[DL Convergence] | phase=optimize | block=3 | epoch=20/500 | active_users=3 | updated_users=1 | objective=11.896429 | sum_rate=14.262632 | r_p=0.966347 | r_c=0.310780 | r_s=0.005319 | status=running
[DL Convergence] | phase=optimize | block=3 | epoch=25/500 | active_users=3 | updated_users=1 | objective=11.894507 | sum_rate=14.321417 | r_p=0.870201 | r_c=0.320228 | r_s=0.005306 | status=running
[DL Convergence] | phase=optimize | block=3 | epoch=30/500 | active_users=3 | updated_users=1 | objective=11.890841 | sum_rate=14.376112 | r_p=0.777113 | r_c=0.318325 | r_s=0.005133 | status=running
[DL Convergence] | phase=optimize | block=3 | epoch=35/500 | active_users=3 | updated_users=1 | objective=11.886037 | sum_rate=14.427200 | r_p=0.687922 | r_c=0.307267 | r_s=0.005164 | status=running
[DL Convergence] | phase=optimize | block=3 | epoch=40/500 | active_users=3 | updated_users=1 | objective=11.879238 | sum_rate=14.474864 | r_p=0.599654 | r_c=0.287395 | r_s=0.004915 | status=running
[DL Convergence] | phase=optimize | block=3 | epoch=45/500 | active_users=3 | updated_users=1 | objective=11.870707 | sum_rate=14.518616 | r_p=0.513644 | r_c=0.260695 | r_s=0.004799 | status=running
[DL Convergence] | phase=optimize | block=3 | epoch=50/500 | active_users=3 | updated_users=1 | objective=11.861582 | sum_rate=14.559109 | r_p=0.431759 | r_c=0.229522 | r_s=0.004691 | status=running
[DL Convergence] | phase=optimize | block=3 | epoch=55/500 | active_users=3 | updated_users=1 | objective=11.850644 | sum_rate=14.597007 | r_p=0.351364 | r_c=0.193805 | r_s=0.004598 | status=running
[DL Convergence] | phase=optimize | block=3 | epoch=60/500 | active_users=3 | updated_users=1 | objective=11.839734 | sum_rate=14.632929 | r_p=0.275002 | r_c=0.156101 | r_s=0.004546 | status=running
[DL Convergence] | phase=optimize | block=3 | epoch=65/500 | active_users=3 | updated_users=1 | objective=11.828974 | sum_rate=14.666103 | r_p=0.202650 | r_c=0.117526 | r_s=0.004596 | status=running
[DL Convergence] | phase=optimize | block=3 | epoch=70/500 | active_users=3 | updated_users=1 | objective=11.817856 | sum_rate=14.697859 | r_p=0.132721 | r_c=0.078130 | r_s=0.004383 | status=running
[DL Convergence] | phase=optimize | block=3 | epoch=75/500 | active_users=3 | updated_users=1 | objective=11.806834 | sum_rate=14.726662 | r_p=0.065800 | r_c=0.039085 | r_s=0.004420 | status=running
[DL Convergence] | phase=optimize | block=3 | epoch=80/500 | active_users=3 | updated_users=1 | objective=11.794218 | sum_rate=14.754446 | r_p=0.000000 | r_c=0.000000 | r_s=0.004306 | status=running
[DL Convergence] | phase=optimize | block=3 | epoch=85/500 | active_users=3 | updated_users=1 | objective=11.801695 | sum_rate=14.762120 | r_p=0.007359 | r_c=0.004387 | r_s=0.004647 | status=running
[DL Convergence] | phase=optimize | block=3 | epoch=90/500 | active_users=3 | updated_users=1 | objective=11.798394 | sum_rate=14.770685 | r_p=0.000000 | r_c=0.000000 | r_s=0.004332 | status=running
[DL Convergence] | phase=optimize | block=3 | epoch=95/500 | active_users=3 | updated_users=1 | objective=11.803024 | sum_rate=14.768371 | r_p=0.003362 | r_c=0.002005 | r_s=0.004357 | status=running
[DL Convergence] | phase=optimize | block=3 | epoch=100/500 | active_users=3 | updated_users=1 | objective=11.798911 | sum_rate=14.774262 | r_p=0.000000 | r_c=0.000000 | r_s=0.004315 | status=running
[DL Convergence] | phase=optimize | block=3 | epoch=105/500 | active_users=3 | updated_users=1 | objective=11.802984 | sum_rate=14.769603 | r_p=0.001697 | r_c=0.001012 | r_s=0.004295 | status=running
[DL Convergence] | phase=optimize | block=3 | epoch=110/500 | active_users=3 | updated_users=1 | objective=11.798892 | sum_rate=14.774443 | r_p=0.000000 | r_c=0.000000 | r_s=0.004300 | status=running
[DL Convergence] | phase=optimize | block=3 | epoch=115/500 | active_users=3 | updated_users=1 | objective=11.802958 | sum_rate=14.769528 | r_p=0.001589 | r_c=9.479851e-04 | r_s=0.004357 | status=running
[DL Convergence] | phase=optimize | block=3 | epoch=120/500 | active_users=3 | updated_users=1 | objective=11.798901 | sum_rate=14.774447 | r_p=0.000000 | r_c=0.000000 | r_s=0.004330 | status=running
[DL Convergence] | phase=optimize | block=3 | epoch=125/500 | active_users=3 | updated_users=1 | objective=11.802995 | sum_rate=14.769549 | r_p=0.001551 | r_c=9.253429e-04 | r_s=0.004324 | status=running
[DL Convergence] | phase=optimize | block=3 | epoch=130/500 | active_users=3 | updated_users=1 | objective=11.798929 | sum_rate=14.774417 | r_p=0.000000 | r_c=0.000000 | r_s=0.004330 | status=running
[DL Convergence] | phase=optimize | block=3 | epoch=135/500 | active_users=3 | updated_users=1 | objective=11.803016 | sum_rate=14.769505 | r_p=0.001665 | r_c=9.937673e-04 | r_s=0.004324 | status=running
[DL Convergence] | phase=optimize | block=3 | epoch=140/500 | active_users=3 | updated_users=1 | objective=11.798940 | sum_rate=14.774332 | r_p=0.000000 | r_c=0.000000 | r_s=0.004330 | status=running
[DL Convergence] | phase=optimize | block=3 | epoch=145/500 | active_users=3 | updated_users=1 | objective=11.803034 | sum_rate=14.769464 | r_p=0.001770 | r_c=0.001057 | r_s=0.004324 | status=running
[DL Convergence] | phase=optimize | block=3 | epoch=150/500 | active_users=3 | updated_users=1 | objective=11.798976 | sum_rate=14.774330 | r_p=0.000000 | r_c=0.000000 | r_s=0.004330 | status=running
[DL Convergence] | phase=optimize | block=3 | epoch=155/500 | active_users=3 | updated_users=1 | objective=11.803122 | sum_rate=14.770013 | r_p=0.001171 | r_c=6.991434e-04 | r_s=0.004394 | status=running
[DL Convergence] | phase=optimize | block=3 | epoch=160/500 | active_users=3 | updated_users=1 | objective=11.799121 | sum_rate=14.774837 | r_p=0.000000 | r_c=0.000000 | r_s=0.004330 | status=running
[DL Convergence] | phase=optimize | block=3 | epoch=165/500 | active_users=3 | updated_users=1 | objective=11.803170 | sum_rate=14.769904 | r_p=0.001313 | r_c=7.840580e-04 | r_s=0.004324 | status=running
[DL Convergence] | phase=optimize | block=3 | epoch=170/500 | active_users=3 | updated_users=1 | objective=11.799155 | sum_rate=14.774825 | r_p=0.000000 | r_c=0.000000 | r_s=0.004330 | status=running
[DL Convergence] | phase=optimize | block=3 | epoch=175/500 | active_users=3 | updated_users=1 | objective=11.803195 | sum_rate=14.769877 | r_p=0.001411 | r_c=8.428017e-04 | r_s=0.004325 | status=running
[DL Convergence] | phase=optimize | block=3 | epoch=180/500 | active_users=3 | updated_users=1 | objective=11.799177 | sum_rate=14.774777 | r_p=0.000000 | r_c=0.000000 | r_s=0.004330 | status=running
[DL Convergence] | phase=optimize | block=3 | epoch=185/500 | active_users=3 | updated_users=1 | objective=11.803206 | sum_rate=14.769810 | r_p=0.001541 | r_c=9.203631e-04 | r_s=0.004325 | status=running
[DL Convergence] | phase=optimize | block=3 | epoch=190/500 | active_users=3 | updated_users=1 | objective=11.799145 | sum_rate=14.774755 | r_p=0.000000 | r_c=0.000000 | r_s=0.004343 | status=running
[DL Convergence] | phase=optimize | block=3 | epoch=195/500 | active_users=3 | updated_users=1 | objective=11.803239 | sum_rate=14.770204 | r_p=0.001011 | r_c=6.037724e-04 | r_s=0.004349 | status=running
[DL Convergence] | phase=optimize | block=3 | epoch=200/500 | active_users=3 | updated_users=1 | objective=11.799250 | sum_rate=14.775154 | r_p=0.000000 | r_c=0.000000 | r_s=0.004367 | status=running
[DL Convergence] | phase=optimize | block=3 | epoch=205/500 | active_users=3 | updated_users=1 | objective=11.803267 | sum_rate=14.770185 | r_p=0.001103 | r_c=6.590821e-04 | r_s=0.004362 | status=running
[DL Convergence] | phase=optimize | block=3 | epoch=210/500 | active_users=3 | updated_users=1 | objective=11.799273 | sum_rate=14.775116 | r_p=0.000000 | r_c=0.000000 | r_s=0.004367 | status=running
[DL Convergence] | phase=optimize | block=3 | epoch=215/500 | active_users=3 | updated_users=1 | objective=11.803275 | sum_rate=14.770119 | r_p=0.001230 | r_c=7.349173e-04 | r_s=0.004362 | status=running
[DL Convergence] | phase=optimize | block=3 | epoch=220/500 | active_users=3 | updated_users=1 | objective=11.799300 | sum_rate=14.775089 | r_p=0.000000 | r_c=0.000000 | r_s=0.004368 | status=running
[DL Convergence] | phase=optimize | block=3 | epoch=225/500 | active_users=3 | updated_users=1 | objective=11.803303 | sum_rate=14.770110 | r_p=0.001309 | r_c=7.822853e-04 | r_s=0.004362 | status=running
[DL Convergence] | phase=optimize | block=3 | epoch=230/500 | active_users=3 | updated_users=1 | objective=11.799336 | sum_rate=14.775089 | r_p=0.000000 | r_c=0.000000 | r_s=0.004339 | status=running
[DL Convergence] | phase=optimize | block=3 | epoch=235/500 | active_users=3 | updated_users=1 | objective=11.803402 | sum_rate=14.770137 | r_p=0.001483 | r_c=8.860869e-04 | r_s=0.004333 | status=running
[DL Convergence] | phase=optimize | block=3 | epoch=240/500 | active_users=3 | updated_users=1 | objective=11.799348 | sum_rate=14.775255 | r_p=0.000000 | r_c=0.000000 | r_s=0.004334 | status=running
[DL Convergence] | phase=optimize | block=3 | epoch=245/500 | active_users=3 | updated_users=1 | objective=11.803366 | sum_rate=14.770723 | r_p=8.831024e-04 | r_c=5.277205e-04 | r_s=0.004360 | status=running
[DL Convergence] | phase=optimize | block=3 | epoch=250/500 | active_users=3 | updated_users=1 | objective=11.799310 | sum_rate=14.775645 | r_p=0.000000 | r_c=0.000000 | r_s=0.004323 | status=running
[DL Convergence] | phase=optimize | block=3 | epoch=255/500 | active_users=3 | updated_users=1 | objective=11.803380 | sum_rate=14.770663 | r_p=0.001014 | r_c=6.058440e-04 | r_s=0.004318 | status=running
[DL Convergence] | phase=optimize | block=3 | epoch=260/500 | active_users=3 | updated_users=1 | objective=11.799331 | sum_rate=14.775586 | r_p=0.000000 | r_c=0.000000 | r_s=0.004324 | status=running
[DL Convergence] | phase=optimize | block=3 | epoch=265/500 | active_users=3 | updated_users=1 | objective=11.803411 | sum_rate=14.770659 | r_p=0.001090 | r_c=6.514958e-04 | r_s=0.004318 | status=running
[DL Convergence] | phase=optimize | block=3 | epoch=270/500 | active_users=3 | updated_users=1 | objective=11.799376 | sum_rate=14.775623 | r_p=0.000000 | r_c=0.000000 | r_s=0.004324 | status=running
[DL Convergence] | phase=optimize | block=3 | epoch=275/500 | active_users=3 | updated_users=1 | objective=11.803424 | sum_rate=14.770593 | r_p=0.001220 | r_c=7.290850e-04 | r_s=0.004318 | status=running
[DL Convergence] | phase=optimize | block=3 | epoch=280/500 | active_users=3 | updated_users=1 | objective=11.799406 | sum_rate=14.775604 | r_p=0.000000 | r_c=0.000000 | r_s=0.004324 | status=running
[DL Convergence] | phase=optimize | block=3 | epoch=285/500 | active_users=3 | updated_users=1 | objective=11.803444 | sum_rate=14.770556 | r_p=0.001324 | r_c=7.913031e-04 | r_s=0.004318 | status=running
[DL Convergence] | phase=optimize | block=3 | epoch=290/500 | active_users=3 | updated_users=1 | objective=11.799421 | sum_rate=14.775530 | r_p=0.000000 | r_c=0.000000 | r_s=0.004324 | status=running
[DL Convergence] | phase=optimize | block=3 | epoch=295/500 | active_users=3 | updated_users=1 | objective=11.803463 | sum_rate=14.770513 | r_p=0.001433 | r_c=8.569631e-04 | r_s=0.004319 | status=running
[DL Convergence] | phase=optimize | block=3 | epoch=300/500 | active_users=3 | updated_users=1 | objective=11.799449 | sum_rate=14.775500 | r_p=0.000000 | r_c=0.000000 | r_s=0.004324 | status=running
[DL Convergence] | phase=optimize | block=3 | epoch=305/500 | active_users=3 | updated_users=1 | objective=11.803489 | sum_rate=14.770485 | r_p=0.001534 | r_c=9.175134e-04 | r_s=0.004319 | status=running
[DL Convergence] | phase=optimize | block=3 | epoch=310/500 | active_users=3 | updated_users=1 | objective=11.799482 | sum_rate=14.775495 | r_p=0.000000 | r_c=0.000000 | r_s=0.004324 | status=running
[DL Convergence] | phase=optimize | block=3 | epoch=315/500 | active_users=3 | updated_users=1 | objective=11.803504 | sum_rate=14.770439 | r_p=0.001640 | r_c=9.809397e-04 | r_s=0.004319 | status=running
[DL Convergence] | phase=optimize | block=3 | epoch=320/500 | active_users=3 | updated_users=1 | objective=11.799507 | sum_rate=14.775452 | r_p=0.000000 | r_c=0.000000 | r_s=0.004324 | status=running
[DL Convergence] | phase=optimize | block=3 | epoch=325/500 | active_users=3 | updated_users=1 | objective=11.803535 | sum_rate=14.770424 | r_p=0.001732 | r_c=0.001036 | r_s=0.004319 | status=running
[DL Convergence] | phase=optimize | block=3 | epoch=330/500 | active_users=3 | updated_users=1 | objective=11.799536 | sum_rate=14.775430 | r_p=0.000000 | r_c=0.000000 | r_s=0.004324 | status=running
[DL Convergence] | phase=optimize | block=3 | epoch=335/500 | active_users=3 | updated_users=1 | objective=11.803539 | sum_rate=14.770341 | r_p=0.001877 | r_c=0.001123 | r_s=0.004319 | status=running
[DL Convergence] | phase=optimize | block=3 | epoch=340/500 | active_users=3 | updated_users=1 | objective=11.799566 | sum_rate=14.775415 | r_p=0.000000 | r_c=0.000000 | r_s=0.004324 | status=running
[DL Convergence] | phase=optimize | block=3 | epoch=345/500 | active_users=3 | updated_users=1 | objective=11.803578 | sum_rate=14.770363 | r_p=0.001922 | r_c=0.001150 | r_s=0.004319 | status=running
[DL Convergence] | phase=optimize | block=3 | epoch=350/500 | active_users=3 | updated_users=1 | objective=11.799572 | sum_rate=14.775311 | r_p=0.000000 | r_c=0.000000 | r_s=0.004325 | status=running
[DL Convergence] | phase=optimize | block=3 | epoch=355/500 | active_users=3 | updated_users=1 | objective=11.803592 | sum_rate=14.770300 | r_p=0.002052 | r_c=0.001228 | r_s=0.004319 | status=running
[DL Convergence] | phase=optimize | block=3 | epoch=360/500 | active_users=3 | updated_users=1 | objective=11.799605 | sum_rate=14.775302 | r_p=0.000000 | r_c=0.000000 | r_s=0.004325 | status=running
[DL Convergence] | phase=optimize | block=3 | epoch=365/500 | active_users=3 | updated_users=1 | objective=11.803623 | sum_rate=14.770295 | r_p=0.002137 | r_c=0.001279 | r_s=0.004319 | status=running
[DL Convergence] | phase=optimize | block=3 | epoch=370/500 | active_users=3 | updated_users=1 | objective=11.799645 | sum_rate=14.775314 | r_p=0.000000 | r_c=0.000000 | r_s=0.004325 | status=running
[DL Convergence] | phase=optimize | block=3 | epoch=375/500 | active_users=3 | updated_users=1 | objective=11.803632 | sum_rate=14.770222 | r_p=0.002268 | r_c=0.001358 | r_s=0.004319 | status=running
[DL Convergence] | phase=optimize | block=3 | epoch=380/500 | active_users=3 | updated_users=1 | objective=11.799660 | sum_rate=14.775236 | r_p=0.000000 | r_c=0.000000 | r_s=0.004325 | status=running
[DL Convergence] | phase=optimize | block=3 | epoch=385/500 | active_users=3 | updated_users=1 | objective=11.803646 | sum_rate=14.770155 | r_p=0.002408 | r_c=0.001442 | r_s=0.004320 | status=running
[DL Convergence] | phase=optimize | block=3 | epoch=390/500 | active_users=3 | updated_users=1 | objective=11.799696 | sum_rate=14.775248 | r_p=0.000000 | r_c=0.000000 | r_s=0.004325 | status=running
[DL Convergence] | phase=optimize | block=3 | epoch=395/500 | active_users=3 | updated_users=1 | objective=11.803674 | sum_rate=14.770146 | r_p=0.002481 | r_c=0.001486 | r_s=0.004320 | status=running
[DL Convergence] | phase=optimize | block=3 | epoch=400/500 | active_users=3 | updated_users=1 | objective=11.799726 | sum_rate=14.775232 | r_p=0.000000 | r_c=0.000000 | r_s=0.004325 | status=running
[DL Convergence] | phase=optimize | block=3 | epoch=405/500 | active_users=3 | updated_users=1 | objective=11.803709 | sum_rate=14.770159 | r_p=0.002537 | r_c=0.001519 | r_s=0.004320 | status=running
[DL Convergence] | phase=optimize | block=3 | epoch=410/500 | active_users=3 | updated_users=1 | objective=11.799753 | sum_rate=14.775200 | r_p=0.000000 | r_c=0.000000 | r_s=0.004325 | status=running
[DL Convergence] | phase=optimize | block=3 | epoch=415/500 | active_users=3 | updated_users=1 | objective=11.803716 | sum_rate=14.770072 | r_p=0.002688 | r_c=0.001611 | r_s=0.004320 | status=running
[DL Convergence] | phase=optimize | block=3 | epoch=420/500 | active_users=3 | updated_users=1 | objective=11.799784 | sum_rate=14.775180 | r_p=0.000000 | r_c=0.000000 | r_s=0.004325 | status=running
[DL Convergence] | phase=optimize | block=3 | epoch=425/500 | active_users=3 | updated_users=1 | objective=11.803752 | sum_rate=14.770082 | r_p=0.002755 | r_c=0.001651 | r_s=0.004320 | status=running
[DL Convergence] | phase=optimize | block=3 | epoch=430/500 | active_users=3 | updated_users=1 | objective=11.799810 | sum_rate=14.775152 | r_p=0.000000 | r_c=0.000000 | r_s=0.004325 | status=running
[DL Convergence] | phase=optimize | block=3 | epoch=435/500 | active_users=3 | updated_users=1 | objective=11.803746 | sum_rate=14.769960 | r_p=0.002936 | r_c=0.001760 | r_s=0.004320 | status=running
[DL Convergence] | phase=optimize | block=3 | epoch=440/500 | active_users=3 | updated_users=1 | objective=11.799829 | sum_rate=14.775093 | r_p=0.000000 | r_c=0.000000 | r_s=0.004326 | status=running
[DL Convergence] | phase=optimize | block=3 | epoch=445/500 | active_users=3 | updated_users=1 | objective=11.803777 | sum_rate=14.769958 | r_p=0.003000 | r_c=0.001799 | r_s=0.004320 | status=running
[DL Convergence] | phase=optimize | block=3 | epoch=450/500 | active_users=3 | updated_users=1 | objective=11.799856 | sum_rate=14.775061 | r_p=0.000000 | r_c=0.000000 | r_s=0.004326 | status=running
[DL Convergence] | phase=optimize | block=3 | epoch=455/500 | active_users=3 | updated_users=1 | objective=11.803804 | sum_rate=14.769945 | r_p=0.003084 | r_c=0.001849 | r_s=0.004320 | status=running
[DL Convergence] | phase=optimize | block=3 | epoch=460/500 | active_users=3 | updated_users=1 | objective=11.799891 | sum_rate=14.775064 | r_p=0.000000 | r_c=0.000000 | r_s=0.004326 | status=running
[DL Convergence] | phase=optimize | block=3 | epoch=465/500 | active_users=3 | updated_users=1 | objective=11.803822 | sum_rate=14.769892 | r_p=0.003213 | r_c=0.001927 | r_s=0.004320 | status=running
[DL Convergence] | phase=optimize | block=3 | epoch=470/500 | active_users=3 | updated_users=1 | objective=11.799910 | sum_rate=14.775004 | r_p=0.000000 | r_c=0.000000 | r_s=0.004326 | status=running
[DL Convergence] | phase=optimize | block=3 | epoch=475/500 | active_users=3 | updated_users=1 | objective=11.803841 | sum_rate=14.769845 | r_p=0.003327 | r_c=0.001996 | r_s=0.004320 | status=running
[DL Convergence] | phase=optimize | block=3 | epoch=480/500 | active_users=3 | updated_users=1 | objective=11.799920 | sum_rate=14.774803 | r_p=0.000000 | r_c=0.000000 | r_s=0.004326 | status=running
[DL Convergence] | phase=optimize | block=3 | epoch=485/500 | active_users=3 | updated_users=1 | objective=11.803985 | sum_rate=14.769788 | r_p=0.003345 | r_c=0.002007 | r_s=0.004290 | status=running
[DL Convergence] | phase=optimize | block=3 | epoch=490/500 | active_users=3 | updated_users=1 | objective=11.799927 | sum_rate=14.774755 | r_p=0.000000 | r_c=0.000000 | r_s=0.004296 | status=running
[DL Convergence] | phase=optimize | block=3 | epoch=495/500 | active_users=3 | updated_users=1 | objective=11.804004 | sum_rate=14.769742 | r_p=0.003460 | r_c=0.002077 | r_s=0.004290 | status=running
[DL Convergence] | phase=optimize | block=3 | epoch=500/500 | active_users=3 | updated_users=1 | objective=11.799955 | sum_rate=14.774728 | r_p=0.000000 | r_c=0.000000 | r_s=0.004296 | status=running
  user=01 block=03 accepted smaller n_kl=   2 after fresh re-optimization of users [1].
[DL Convergence Reduction] | block=3 | epoch=59 | users=[1, 2]
  user=01 block=03 candidate n_kl=   1 breaks committed-user feasibility [1]; trying fresh re-optimization.
[DL Convergence] | phase=optimize | block=3 | epoch=1/500 | active_users=3 | updated_users=1 | objective=10.710559 | sum_rate=10.979211 | r_p=4.271597 | r_c=2.564782 | r_s=0.004300 | status=running
[DL Convergence] | phase=optimize | block=3 | epoch=5/500 | active_users=3 | updated_users=1 | objective=10.694237 | sum_rate=10.997095 | r_p=4.209583 | r_c=3.242825 | r_s=0.004093 | status=running
[DL Convergence] | phase=optimize | block=3 | epoch=10/500 | active_users=3 | updated_users=1 | objective=10.671295 | sum_rate=11.014702 | r_p=4.133921 | r_c=4.048346 | r_s=0.003964 | status=running
[DL Convergence] | phase=optimize | block=3 | epoch=15/500 | active_users=3 | updated_users=1 | objective=10.646668 | sum_rate=11.028106 | r_p=4.060686 | r_c=4.810054 | r_s=0.003891 | status=running
[DL Convergence] | phase=optimize | block=3 | epoch=20/500 | active_users=3 | updated_users=1 | objective=10.620183 | sum_rate=11.038858 | r_p=3.989431 | r_c=5.529931 | r_s=0.003792 | status=running
[DL Convergence] | phase=optimize | block=3 | epoch=25/500 | active_users=3 | updated_users=1 | objective=10.592388 | sum_rate=11.045657 | r_p=3.920125 | r_c=6.210432 | r_s=0.003705 | status=running
[DL Convergence] | phase=optimize | block=3 | epoch=30/500 | active_users=3 | updated_users=1 | objective=10.563100 | sum_rate=11.049819 | r_p=3.852305 | r_c=6.852808 | r_s=0.003702 | status=running
[DL Convergence] | phase=optimize | block=3 | epoch=35/500 | active_users=3 | updated_users=1 | objective=10.531497 | sum_rate=11.050224 | r_p=3.785830 | r_c=7.458706 | r_s=0.003607 | status=running
[DL Convergence] | phase=optimize | block=3 | epoch=40/500 | active_users=3 | updated_users=1 | objective=10.499879 | sum_rate=11.048590 | r_p=3.721630 | r_c=8.031923 | r_s=0.003602 | status=running
[DL Convergence] | phase=optimize | block=3 | epoch=45/500 | active_users=3 | updated_users=1 | objective=10.464831 | sum_rate=11.043238 | r_p=3.657786 | r_c=8.570099 | r_s=0.003466 | status=running
[DL Convergence] | phase=optimize | block=3 | epoch=50/500 | active_users=3 | updated_users=1 | objective=10.430325 | sum_rate=11.036547 | r_p=3.596427 | r_c=9.079699 | r_s=0.003472 | status=running
[DL Convergence] | phase=optimize | block=3 | epoch=55/500 | active_users=3 | updated_users=1 | objective=10.393557 | sum_rate=11.026268 | r_p=3.535898 | r_c=9.558439 | r_s=0.003378 | status=running
[DL Convergence] | phase=optimize | block=3 | epoch=60/500 | active_users=3 | updated_users=1 | objective=10.357820 | sum_rate=11.015855 | r_p=3.477622 | r_c=10.011673 | r_s=0.003306 | status=running
[DL Convergence] | phase=optimize | block=3 | epoch=65/500 | active_users=3 | updated_users=1 | objective=10.319474 | sum_rate=11.002463 | r_p=3.420062 | r_c=10.436645 | r_s=0.003224 | status=running
[DL Convergence] | phase=optimize | block=3 | epoch=70/500 | active_users=3 | updated_users=1 | objective=10.279791 | sum_rate=10.985681 | r_p=3.363635 | r_c=10.835822 | r_s=0.003132 | status=running
[DL Convergence] | phase=optimize | block=3 | epoch=75/500 | active_users=3 | updated_users=1 | objective=10.239775 | sum_rate=10.967899 | r_p=3.308734 | r_c=11.211806 | r_s=0.003192 | status=running
[DL Convergence] | phase=optimize | block=3 | epoch=80/500 | active_users=3 | updated_users=1 | objective=10.201547 | sum_rate=10.951777 | r_p=3.255776 | r_c=11.567487 | r_s=0.003098 | status=running
[DL Convergence] | phase=optimize | block=3 | epoch=85/500 | active_users=3 | updated_users=1 | objective=10.156987 | sum_rate=10.926323 | r_p=3.202265 | r_c=11.895218 | r_s=0.003139 | status=running
[DL Convergence] | phase=optimize | block=3 | epoch=90/500 | active_users=3 | updated_users=1 | objective=10.115938 | sum_rate=10.904979 | r_p=3.151288 | r_c=12.207202 | r_s=0.003062 | status=running
[DL Convergence] | phase=optimize | block=3 | epoch=95/500 | active_users=3 | updated_users=1 | objective=10.072074 | sum_rate=10.879503 | r_p=3.100775 | r_c=12.496973 | r_s=0.002872 | status=running
[DL Convergence] | phase=optimize | block=3 | epoch=100/500 | active_users=3 | updated_users=1 | objective=10.027741 | sum_rate=10.852622 | r_p=3.051534 | r_c=12.768614 | r_s=0.002938 | status=running
[DL Convergence] | phase=optimize | block=3 | epoch=105/500 | active_users=3 | updated_users=1 | objective=9.986553 | sum_rate=10.830165 | r_p=3.004048 | r_c=13.025371 | r_s=0.002872 | status=running
[DL Convergence] | phase=optimize | block=3 | epoch=110/500 | active_users=3 | updated_users=1 | objective=9.940713 | sum_rate=10.798592 | r_p=2.956288 | r_c=13.259475 | r_s=0.002888 | status=running
[DL Convergence] | phase=optimize | block=3 | epoch=115/500 | active_users=3 | updated_users=1 | objective=9.900120 | sum_rate=10.772851 | r_p=2.910552 | r_c=13.481937 | r_s=0.002884 | status=running
[DL Convergence] | phase=optimize | block=3 | epoch=120/500 | active_users=3 | updated_users=1 | objective=9.858544 | sum_rate=10.746624 | r_p=2.865582 | r_c=13.688108 | r_s=0.002857 | status=running
[DL Convergence] | phase=optimize | block=3 | epoch=125/500 | active_users=3 | updated_users=1 | objective=9.814051 | sum_rate=10.717178 | r_p=2.821157 | r_c=13.877582 | r_s=0.002713 | status=running
[DL Convergence] | phase=optimize | block=3 | epoch=130/500 | active_users=3 | updated_users=1 | objective=9.774139 | sum_rate=10.689840 | r_p=2.778332 | r_c=14.056403 | r_s=0.002841 | status=running
[DL Convergence] | phase=optimize | block=3 | epoch=135/500 | active_users=3 | updated_users=1 | objective=9.728948 | sum_rate=10.656753 | r_p=2.735312 | r_c=14.216361 | r_s=0.002744 | status=running
[DL Convergence] | phase=optimize | block=3 | epoch=140/500 | active_users=3 | updated_users=1 | objective=9.684305 | sum_rate=10.624204 | r_p=2.693317 | r_c=14.364200 | r_s=0.002628 | status=running
[DL Convergence] | phase=optimize | block=3 | epoch=145/500 | active_users=3 | updated_users=1 | objective=9.641837 | sum_rate=10.593567 | r_p=2.652751 | r_c=14.502913 | r_s=0.002613 | status=running
[DL Convergence] | phase=optimize | block=3 | epoch=150/500 | active_users=3 | updated_users=1 | objective=9.595111 | sum_rate=10.556796 | r_p=2.612140 | r_c=14.625242 | r_s=0.002577 | status=running
[DL Convergence] | phase=optimize | block=3 | epoch=155/500 | active_users=3 | updated_users=1 | objective=9.552476 | sum_rate=10.525172 | r_p=2.573079 | r_c=14.740615 | r_s=0.002612 | status=running
[DL Convergence] | phase=optimize | block=3 | epoch=160/500 | active_users=3 | updated_users=1 | objective=9.509871 | sum_rate=10.494184 | r_p=2.534586 | r_c=14.844246 | r_s=0.002581 | status=running
[DL Convergence] | phase=optimize | block=3 | epoch=165/500 | active_users=3 | updated_users=1 | objective=9.466756 | sum_rate=10.463116 | r_p=2.497014 | r_c=14.938753 | r_s=0.002468 | status=running
[DL Convergence] | phase=optimize | block=3 | epoch=170/500 | active_users=3 | updated_users=1 | objective=9.420760 | sum_rate=10.425808 | r_p=2.459510 | r_c=15.019601 | r_s=0.002484 | status=running
[DL Convergence] | phase=optimize | block=3 | epoch=175/500 | active_users=3 | updated_users=1 | objective=9.376298 | sum_rate=10.391784 | r_p=2.423130 | r_c=15.093654 | r_s=0.002574 | status=running
[DL Convergence] | phase=optimize | block=3 | epoch=180/500 | active_users=3 | updated_users=1 | objective=9.328478 | sum_rate=10.350305 | r_p=2.386996 | r_c=15.156020 | r_s=0.002417 | status=running
[DL Convergence] | phase=optimize | block=3 | epoch=185/500 | active_users=3 | updated_users=1 | objective=9.277935 | sum_rate=10.309996 | r_p=2.351139 | r_c=15.207281 | r_s=0.002532 | status=running
[DL Convergence] | phase=optimize | block=3 | epoch=190/500 | active_users=3 | updated_users=1 | objective=9.238948 | sum_rate=10.280183 | r_p=2.317436 | r_c=15.260179 | r_s=0.002357 | status=running
[DL Convergence] | phase=optimize | block=3 | epoch=195/500 | active_users=3 | updated_users=1 | objective=9.189913 | sum_rate=10.239196 | r_p=2.282557 | r_c=15.293392 | r_s=0.002347 | status=running
[DL Convergence] | phase=optimize | block=3 | epoch=200/500 | active_users=3 | updated_users=1 | objective=9.148934 | sum_rate=10.207736 | r_p=2.249730 | r_c=15.328736 | r_s=0.002327 | status=running
[DL Convergence] | phase=optimize | block=3 | epoch=205/500 | active_users=3 | updated_users=1 | objective=9.100718 | sum_rate=10.168554 | r_p=2.216521 | r_c=15.350312 | r_s=0.002443 | status=running
[DL Convergence] | phase=optimize | block=3 | epoch=210/500 | active_users=3 | updated_users=1 | objective=9.056489 | sum_rate=10.131967 | r_p=2.184226 | r_c=15.367316 | r_s=0.002547 | status=running
[DL Convergence] | phase=optimize | block=3 | epoch=215/500 | active_users=3 | updated_users=1 | objective=9.011328 | sum_rate=10.097019 | r_p=2.152420 | r_c=15.377243 | r_s=0.002150 | status=running
[DL Convergence] | phase=optimize | block=3 | epoch=220/500 | active_users=3 | updated_users=1 | objective=8.970458 | sum_rate=10.064824 | r_p=2.121410 | r_c=15.382706 | r_s=0.002414 | status=running
[DL Convergence] | phase=optimize | block=3 | epoch=225/500 | active_users=3 | updated_users=1 | objective=8.925885 | sum_rate=10.028556 | r_p=2.090431 | r_c=15.378506 | r_s=0.002369 | status=running
[DL Convergence] | phase=optimize | block=3 | epoch=230/500 | active_users=3 | updated_users=1 | objective=8.882374 | sum_rate=9.993185 | r_p=2.060285 | r_c=15.370815 | r_s=0.002309 | status=running
[DL Convergence] | phase=optimize | block=3 | epoch=235/500 | active_users=3 | updated_users=1 | objective=8.839476 | sum_rate=9.959656 | r_p=2.030272 | r_c=15.354824 | r_s=0.002254 | status=running
[DL Convergence] | phase=optimize | block=3 | epoch=240/500 | active_users=3 | updated_users=1 | objective=8.798027 | sum_rate=9.924154 | r_p=2.001033 | r_c=15.335622 | r_s=0.002333 | status=running
[DL Convergence] | phase=optimize | block=3 | epoch=245/500 | active_users=3 | updated_users=1 | objective=8.747167 | sum_rate=9.881271 | r_p=1.971258 | r_c=15.303474 | r_s=0.002319 | status=running
[DL Convergence] | phase=optimize | block=3 | epoch=250/500 | active_users=3 | updated_users=1 | objective=8.706544 | sum_rate=9.848630 | r_p=1.943054 | r_c=15.274954 | r_s=0.002208 | status=running
[DL Convergence] | phase=optimize | block=3 | epoch=255/500 | active_users=3 | updated_users=1 | objective=8.667665 | sum_rate=9.815881 | r_p=1.915568 | r_c=15.243925 | r_s=0.002150 | status=running
[DL Convergence] | phase=optimize | block=3 | epoch=260/500 | active_users=3 | updated_users=1 | objective=8.623519 | sum_rate=9.779413 | r_p=1.887959 | r_c=15.203982 | r_s=0.002216 | status=running
[DL Convergence] | phase=optimize | block=3 | epoch=265/500 | active_users=3 | updated_users=1 | objective=8.579192 | sum_rate=9.740373 | r_p=1.861008 | r_c=15.161587 | r_s=0.002242 | status=running
[DL Convergence] | phase=optimize | block=3 | epoch=270/500 | active_users=3 | updated_users=1 | objective=8.538908 | sum_rate=9.707143 | r_p=1.834183 | r_c=15.112735 | r_s=0.002309 | status=running
[DL Convergence] | phase=optimize | block=3 | epoch=275/500 | active_users=3 | updated_users=1 | objective=8.493277 | sum_rate=9.667279 | r_p=1.807401 | r_c=15.056843 | r_s=0.002192 | status=running
[DL Convergence] | phase=optimize | block=3 | epoch=280/500 | active_users=3 | updated_users=1 | objective=8.452105 | sum_rate=9.630454 | r_p=1.781527 | r_c=15.001362 | r_s=0.002311 | status=running
[DL Convergence] | phase=optimize | block=3 | epoch=285/500 | active_users=3 | updated_users=1 | objective=8.404263 | sum_rate=9.587684 | r_p=1.755176 | r_c=14.934906 | r_s=0.002233 | status=running
[DL Convergence] | phase=optimize | block=3 | epoch=290/500 | active_users=3 | updated_users=1 | objective=8.367425 | sum_rate=9.555775 | r_p=1.730618 | r_c=14.876969 | r_s=0.002197 | status=running
[DL Convergence] | phase=optimize | block=3 | epoch=295/500 | active_users=3 | updated_users=1 | objective=8.324761 | sum_rate=9.517457 | r_p=1.705846 | r_c=14.810770 | r_s=0.002215 | status=running
[DL Convergence] | phase=optimize | block=3 | epoch=300/500 | active_users=3 | updated_users=1 | objective=8.282242 | sum_rate=9.477867 | r_p=1.681184 | r_c=14.739198 | r_s=0.002140 | status=running
[DL Convergence] | phase=optimize | block=3 | epoch=305/500 | active_users=3 | updated_users=1 | objective=8.238125 | sum_rate=9.436637 | r_p=1.656656 | r_c=14.662611 | r_s=0.002079 | status=running
[DL Convergence] | phase=optimize | block=3 | epoch=310/500 | active_users=3 | updated_users=1 | objective=8.196999 | sum_rate=9.399852 | r_p=1.632838 | r_c=14.586275 | r_s=0.002205 | status=running
[DL Convergence] | phase=optimize | block=3 | epoch=315/500 | active_users=3 | updated_users=1 | objective=8.153231 | sum_rate=9.360178 | r_p=1.609135 | r_c=14.505138 | r_s=0.002107 | status=running
[DL Convergence] | phase=optimize | block=3 | epoch=320/500 | active_users=3 | updated_users=1 | objective=8.110283 | sum_rate=9.323534 | r_p=1.586166 | r_c=14.424983 | r_s=0.002121 | status=running
[DL Convergence] | phase=optimize | block=3 | epoch=325/500 | active_users=3 | updated_users=1 | objective=8.068707 | sum_rate=9.285610 | r_p=1.563465 | r_c=14.341806 | r_s=0.002116 | status=running
[DL Convergence] | phase=optimize | block=3 | epoch=330/500 | active_users=3 | updated_users=1 | objective=8.043793 | sum_rate=9.262254 | r_p=1.542209 | r_c=14.266700 | r_s=0.002319 | status=running
[DL Convergence] | phase=optimize | block=3 | epoch=335/500 | active_users=3 | updated_users=1 | objective=8.008185 | sum_rate=9.224686 | r_p=1.520698 | r_c=14.184325 | r_s=0.001982 | status=running
[DL Convergence] | phase=optimize | block=3 | epoch=340/500 | active_users=3 | updated_users=1 | objective=7.970184 | sum_rate=9.187930 | r_p=1.499490 | r_c=14.099890 | r_s=0.002049 | status=running
[DL Convergence] | phase=optimize | block=3 | epoch=345/500 | active_users=3 | updated_users=1 | objective=7.932330 | sum_rate=9.151409 | r_p=1.477823 | r_c=14.006315 | r_s=0.002087 | status=running
[DL Convergence] | phase=optimize | block=3 | epoch=350/500 | active_users=3 | updated_users=1 | objective=7.898106 | sum_rate=9.120913 | r_p=1.457153 | r_c=13.917470 | r_s=0.002210 | status=running
[DL Convergence] | phase=optimize | block=3 | epoch=355/500 | active_users=3 | updated_users=1 | objective=7.860119 | sum_rate=9.083392 | r_p=1.436338 | r_c=13.822718 | r_s=0.002100 | status=running
[DL Convergence] | phase=optimize | block=3 | epoch=360/500 | active_users=3 | updated_users=1 | objective=7.824600 | sum_rate=9.050729 | r_p=1.415524 | r_c=13.723487 | r_s=0.002106 | status=running
[DL Convergence] | phase=optimize | block=3 | epoch=365/500 | active_users=3 | updated_users=1 | objective=7.792988 | sum_rate=9.021592 | r_p=1.395754 | r_c=13.630049 | r_s=0.002115 | status=running
[DL Convergence] | phase=optimize | block=3 | epoch=370/500 | active_users=3 | updated_users=1 | objective=7.766175 | sum_rate=9.000493 | r_p=1.376695 | r_c=13.539465 | r_s=0.002193 | status=running
[DL Convergence] | phase=optimize | block=3 | epoch=375/500 | active_users=3 | updated_users=1 | objective=7.733720 | sum_rate=8.972075 | r_p=1.357088 | r_c=13.439510 | r_s=0.002249 | status=running
[DL Convergence] | phase=optimize | block=3 | epoch=380/500 | active_users=3 | updated_users=1 | objective=7.704309 | sum_rate=8.945580 | r_p=1.338094 | r_c=13.341689 | r_s=0.001972 | status=running
[DL Convergence] | phase=optimize | block=3 | epoch=385/500 | active_users=3 | updated_users=1 | objective=7.670585 | sum_rate=8.914301 | r_p=1.319056 | r_c=13.239617 | r_s=0.002192 | status=running
[DL Convergence] | phase=optimize | block=3 | epoch=390/500 | active_users=3 | updated_users=1 | objective=7.644166 | sum_rate=8.891502 | r_p=1.301155 | r_c=13.145302 | r_s=0.002002 | status=running
[DL Convergence] | phase=optimize | block=3 | epoch=395/500 | active_users=3 | updated_users=1 | objective=7.616067 | sum_rate=8.865543 | r_p=1.283131 | r_c=13.046213 | r_s=0.002079 | status=running
[DL Convergence] | phase=optimize | block=3 | epoch=400/500 | active_users=3 | updated_users=1 | objective=7.587126 | sum_rate=8.839217 | r_p=1.265230 | r_c=12.944926 | r_s=0.002135 | status=running
[DL Convergence] | phase=optimize | block=3 | epoch=405/500 | active_users=3 | updated_users=1 | objective=7.564908 | sum_rate=8.821739 | r_p=1.248000 | r_c=12.847167 | r_s=0.002038 | status=running
[DL Convergence] | phase=optimize | block=3 | epoch=410/500 | active_users=3 | updated_users=1 | objective=7.540260 | sum_rate=8.797827 | r_p=1.230667 | r_c=12.745108 | r_s=0.002214 | status=running
[DL Convergence] | phase=optimize | block=3 | epoch=415/500 | active_users=3 | updated_users=1 | objective=7.515005 | sum_rate=8.774231 | r_p=1.213427 | r_c=12.640809 | r_s=0.002167 | status=running
[DL Convergence] | phase=optimize | block=3 | epoch=420/500 | active_users=3 | updated_users=1 | objective=7.495312 | sum_rate=8.758093 | r_p=1.197519 | r_c=12.547366 | r_s=0.002075 | status=running
[DL Convergence] | phase=optimize | block=3 | epoch=425/500 | active_users=3 | updated_users=1 | objective=7.473065 | sum_rate=8.740437 | r_p=1.181125 | r_c=12.445910 | r_s=0.002135 | status=running
[DL Convergence] | phase=optimize | block=3 | epoch=430/500 | active_users=3 | updated_users=1 | objective=7.451694 | sum_rate=8.721807 | r_p=1.165306 | r_c=12.347676 | r_s=0.002096 | status=running
[DL Convergence] | phase=optimize | block=3 | epoch=435/500 | active_users=3 | updated_users=1 | objective=7.430996 | sum_rate=8.701647 | r_p=1.149452 | r_c=12.246284 | r_s=0.002113 | status=running
[DL Convergence] | phase=optimize | block=3 | epoch=440/500 | active_users=3 | updated_users=1 | objective=7.407275 | sum_rate=8.678658 | r_p=1.133536 | r_c=12.141507 | r_s=0.002224 | status=running
[DL Convergence] | phase=optimize | block=3 | epoch=445/500 | active_users=3 | updated_users=1 | objective=7.386220 | sum_rate=8.657486 | r_p=1.118017 | r_c=12.038292 | r_s=0.002191 | status=running
[DL Convergence] | phase=optimize | block=3 | epoch=450/500 | active_users=3 | updated_users=1 | objective=7.367313 | sum_rate=8.639109 | r_p=1.103061 | r_c=11.938584 | r_s=0.002007 | status=running
[DL Convergence] | phase=optimize | block=3 | epoch=455/500 | active_users=3 | updated_users=1 | objective=7.341294 | sum_rate=8.612906 | r_p=1.087549 | r_c=11.830348 | r_s=0.002064 | status=running
[DL Convergence] | phase=optimize | block=3 | epoch=460/500 | active_users=3 | updated_users=1 | objective=7.324222 | sum_rate=8.596136 | r_p=1.073171 | r_c=11.731979 | r_s=0.002093 | status=running
[DL Convergence] | phase=optimize | block=3 | epoch=465/500 | active_users=3 | updated_users=1 | objective=7.301995 | sum_rate=8.572819 | r_p=1.058455 | r_c=11.627572 | r_s=0.002137 | status=running
[DL Convergence] | phase=optimize | block=3 | epoch=470/500 | active_users=3 | updated_users=1 | objective=7.285019 | sum_rate=8.554038 | r_p=1.044540 | r_c=11.529700 | r_s=0.002062 | status=running
[DL Convergence] | phase=optimize | block=3 | epoch=475/500 | active_users=3 | updated_users=1 | objective=7.265182 | sum_rate=8.537102 | r_p=1.030181 | r_c=11.424705 | r_s=0.002000 | status=running
[DL Convergence] | phase=optimize | block=3 | epoch=480/500 | active_users=3 | updated_users=1 | objective=7.250465 | sum_rate=8.519119 | r_p=1.016347 | r_c=11.323360 | r_s=0.002218 | status=running
[DL Convergence] | phase=optimize | block=3 | epoch=485/500 | active_users=3 | updated_users=1 | objective=7.232996 | sum_rate=8.497756 | r_p=1.002459 | r_c=11.219296 | r_s=0.002184 | status=running
[DL Convergence] | phase=optimize | block=3 | epoch=490/500 | active_users=3 | updated_users=1 | objective=7.218683 | sum_rate=8.478882 | r_p=0.988915 | r_c=11.117024 | r_s=0.002300 | status=running
[DL Convergence] | phase=optimize | block=3 | epoch=495/500 | active_users=3 | updated_users=1 | objective=7.198015 | sum_rate=8.445978 | r_p=0.974597 | r_c=11.003968 | r_s=0.002258 | status=running
[DL Convergence] | phase=optimize | block=3 | epoch=500/500 | active_users=3 | updated_users=1 | objective=7.185559 | sum_rate=8.426384 | r_p=0.962075 | r_c=10.909219 | r_s=0.002148 | status=running
  user=01 block=03 candidate n_kl=   1 after updating users [1] still leaves committed users infeasible [0, 1] after re-optimization; stopping further n_kl reduction for this user in this block.
  user=02 block=03 accepted smaller n_kl=  21 without fresh re-optimization.
[DL Convergence Reduction] | block=3 | epoch=60 | users=[2]
  user=02 block=03 accepted smaller n_kl=  20 without fresh re-optimization.
[DL Convergence Reduction] | block=3 | epoch=61 | users=[2]
  user=02 block=03 accepted smaller n_kl=  19 without fresh re-optimization.
[DL Convergence Reduction] | block=3 | epoch=62 | users=[2]
  user=02 block=03 accepted smaller n_kl=  18 without fresh re-optimization.
[DL Convergence Reduction] | block=3 | epoch=63 | users=[2]
  user=02 block=03 accepted smaller n_kl=  17 without fresh re-optimization.
[DL Convergence Reduction] | block=3 | epoch=64 | users=[2]
  user=02 block=03 accepted smaller n_kl=  16 without fresh re-optimization.
[DL Convergence Reduction] | block=3 | epoch=65 | users=[2]
  user=02 block=03 accepted smaller n_kl=  15 without fresh re-optimization.
[DL Convergence Reduction] | block=3 | epoch=66 | users=[2]
  user=02 block=03 accepted smaller n_kl=  14 without fresh re-optimization.
[DL Convergence Reduction] | block=3 | epoch=67 | users=[2]
  user=02 block=03 accepted smaller n_kl=  13 without fresh re-optimization.
[DL Convergence Reduction] | block=3 | epoch=68 | users=[2]
  user=02 block=03 accepted smaller n_kl=  12 without fresh re-optimization.
[DL Convergence Reduction] | block=3 | epoch=69 | users=[2]
  user=02 block=03 accepted smaller n_kl=  11 without fresh re-optimization.
[DL Convergence Reduction] | block=3 | epoch=70 | users=[2]
  user=02 block=03 accepted smaller n_kl=  10 without fresh re-optimization.
[DL Convergence Reduction] | block=3 | epoch=71 | users=[2]
  user=02 block=03 accepted smaller n_kl=   9 without fresh re-optimization.
[DL Convergence Reduction] | block=3 | epoch=72 | users=[2]
  user=02 block=03 accepted smaller n_kl=   8 without fresh re-optimization.
[DL Convergence Reduction] | block=3 | epoch=73 | users=[2]
  user=02 block=03 accepted smaller n_kl=   7 without fresh re-optimization.
[DL Convergence Reduction] | block=3 | epoch=74 | users=[2]
  user=02 block=03 accepted smaller n_kl=   6 without fresh re-optimization.
[DL Convergence Reduction] | block=3 | epoch=75 | users=[2]
  user=02 block=03 accepted smaller n_kl=   5 without fresh re-optimization.
[DL Convergence Reduction] | block=3 | epoch=76 | users=[2]
  user=02 block=03 candidate n_kl=   4 breaks committed-user feasibility [2]; trying fresh re-optimization.
[DL Convergence] | phase=optimize | block=3 | epoch=1/500 | active_users=3 | updated_users=1 | objective=10.210824 | sum_rate=11.069849 | r_p=0.384796 | r_c=0.038480 | r_s=0.005163 | status=running
[DL Convergence] | phase=optimize | block=3 | epoch=5/500 | active_users=3 | updated_users=1 | objective=10.214850 | sum_rate=11.095984 | r_p=0.335450 | r_c=0.038447 | r_s=0.005069 | status=running
[DL Convergence] | phase=optimize | block=3 | epoch=10/500 | active_users=3 | updated_users=1 | objective=10.218395 | sum_rate=11.125401 | r_p=0.297647 | r_c=0.038833 | r_s=0.005313 | status=running
[DL Convergence] | phase=optimize | block=3 | epoch=15/500 | active_users=3 | updated_users=1 | objective=10.220570 | sum_rate=11.150383 | r_p=0.254848 | r_c=0.036734 | r_s=0.005292 | status=running
[DL Convergence] | phase=optimize | block=3 | epoch=20/500 | active_users=3 | updated_users=1 | objective=10.223104 | sum_rate=11.170820 | r_p=0.214374 | r_c=0.033458 | r_s=0.004942 | status=running
[DL Convergence] | phase=optimize | block=3 | epoch=25/500 | active_users=3 | updated_users=1 | objective=10.224305 | sum_rate=11.190371 | r_p=0.184155 | r_c=0.030600 | r_s=0.005206 | status=running
[DL Convergence] | phase=optimize | block=3 | epoch=30/500 | active_users=3 | updated_users=1 | objective=10.225673 | sum_rate=11.208602 | r_p=0.152419 | r_c=0.026616 | r_s=0.005127 | status=running
[DL Convergence] | phase=optimize | block=3 | epoch=35/500 | active_users=3 | updated_users=1 | objective=10.227148 | sum_rate=11.222694 | r_p=0.125869 | r_c=0.022858 | r_s=0.005154 | status=running
[DL Convergence] | phase=optimize | block=3 | epoch=40/500 | active_users=3 | updated_users=1 | objective=10.228761 | sum_rate=11.236278 | r_p=0.098384 | r_c=0.018434 | r_s=0.005038 | status=running
[DL Convergence] | phase=optimize | block=3 | epoch=45/500 | active_users=3 | updated_users=1 | objective=10.229742 | sum_rate=11.250217 | r_p=0.070451 | r_c=0.013508 | r_s=0.005067 | status=running
[DL Convergence] | phase=optimize | block=3 | epoch=50/500 | active_users=3 | updated_users=1 | objective=10.230477 | sum_rate=11.263164 | r_p=0.042982 | r_c=0.011967 | r_s=0.004966 | status=running
[DL Convergence] | phase=optimize | block=3 | epoch=55/500 | active_users=3 | updated_users=1 | objective=10.231077 | sum_rate=11.272672 | r_p=0.023449 | r_c=0.013893 | r_s=0.005075 | status=running
[DL Convergence] | phase=optimize | block=3 | epoch=60/500 | active_users=3 | updated_users=1 | objective=10.231132 | sum_rate=11.281472 | r_p=0.026093 | r_c=0.015787 | r_s=0.004972 | status=running
[DL Convergence] | phase=optimize | block=3 | epoch=65/500 | active_users=3 | updated_users=1 | objective=10.232258 | sum_rate=11.285436 | r_p=0.027316 | r_c=0.016563 | r_s=0.005007 | status=running
[DL Convergence] | phase=optimize | block=3 | epoch=70/500 | active_users=3 | updated_users=1 | objective=10.234013 | sum_rate=11.282614 | r_p=0.024382 | r_c=0.014815 | r_s=0.004699 | status=running
[DL Convergence] | phase=optimize | block=3 | epoch=75/500 | active_users=3 | updated_users=1 | objective=10.234636 | sum_rate=11.280769 | r_p=0.022592 | r_c=0.013757 | r_s=0.004582 | status=running
[DL Convergence] | phase=optimize | block=3 | epoch=80/500 | active_users=3 | updated_users=1 | objective=10.235111 | sum_rate=11.286265 | r_p=0.025004 | r_c=0.015257 | r_s=0.005077 | status=running
[DL Convergence] | phase=optimize | block=3 | epoch=85/500 | active_users=3 | updated_users=1 | objective=10.235770 | sum_rate=11.284307 | r_p=0.023061 | r_c=0.014100 | r_s=0.004723 | status=running
[DL Convergence] | phase=optimize | block=3 | epoch=90/500 | active_users=3 | updated_users=1 | objective=10.235585 | sum_rate=11.288681 | r_p=0.024685 | r_c=0.015124 | r_s=0.005034 | status=running
[DL Convergence] | phase=optimize | block=3 | epoch=95/500 | active_users=3 | updated_users=1 | objective=10.236504 | sum_rate=11.288517 | r_p=0.025161 | r_c=0.015446 | r_s=0.004965 | status=running
[DL Convergence] | phase=optimize | block=3 | epoch=100/500 | active_users=3 | updated_users=1 | objective=10.237276 | sum_rate=11.285054 | r_p=0.022403 | r_c=0.013781 | r_s=0.004632 | status=running
[DL Convergence] | phase=optimize | block=3 | epoch=105/500 | active_users=3 | updated_users=1 | objective=10.236805 | sum_rate=11.291601 | r_p=0.025392 | r_c=0.015650 | r_s=0.004976 | status=running
[DL Convergence] | phase=optimize | block=3 | epoch=110/500 | active_users=3 | updated_users=1 | objective=10.237133 | sum_rate=11.290828 | r_p=0.024657 | r_c=0.015227 | r_s=0.005027 | status=running
[DL Convergence] | phase=optimize | block=3 | epoch=115/500 | active_users=3 | updated_users=1 | objective=10.237785 | sum_rate=11.291635 | r_p=0.026526 | r_c=0.016414 | r_s=0.004961 | status=running
[DL Convergence] | phase=optimize | block=3 | epoch=120/500 | active_users=3 | updated_users=1 | objective=10.237555 | sum_rate=11.291237 | r_p=0.024794 | r_c=0.015373 | r_s=0.005009 | status=running
[DL Convergence] | phase=optimize | block=3 | epoch=125/500 | active_users=3 | updated_users=1 | objective=10.238083 | sum_rate=11.292432 | r_p=0.026303 | r_c=0.016341 | r_s=0.004978 | status=running
[DL Convergence] | phase=optimize | block=3 | epoch=130/500 | active_users=3 | updated_users=1 | objective=10.237895 | sum_rate=11.286215 | r_p=0.021343 | r_c=0.013286 | r_s=0.004810 | status=running
[DL Convergence] | phase=optimize | block=3 | epoch=135/500 | active_users=3 | updated_users=1 | objective=10.238346 | sum_rate=11.290959 | r_p=0.025967 | r_c=0.016194 | r_s=0.004863 | status=running
[DL Convergence] | phase=optimize | block=3 | epoch=140/500 | active_users=3 | updated_users=1 | objective=10.238091 | sum_rate=11.287519 | r_p=0.022141 | r_c=0.013835 | r_s=0.004717 | status=running
[DL Convergence] | phase=optimize | block=3 | epoch=145/500 | active_users=3 | updated_users=1 | objective=10.237609 | sum_rate=11.294131 | r_p=0.026193 | r_c=0.016398 | r_s=0.005022 | status=running
[DL Convergence] | phase=optimize | block=3 | epoch=150/500 | active_users=3 | updated_users=1 | objective=10.238532 | sum_rate=11.286187 | r_p=0.021453 | r_c=0.013457 | r_s=0.004688 | status=running
[DL Convergence] | phase=optimize | block=3 | epoch=155/500 | active_users=3 | updated_users=1 | objective=10.238664 | sum_rate=11.286562 | r_p=0.021736 | r_c=0.013660 | r_s=0.004781 | status=running
[DL Convergence] | phase=optimize | block=3 | epoch=160/500 | active_users=3 | updated_users=1 | objective=10.238478 | sum_rate=11.293716 | r_p=0.026363 | r_c=0.016600 | r_s=0.004877 | status=running
[DL Convergence] | phase=optimize | block=3 | epoch=165/500 | active_users=3 | updated_users=1 | objective=10.238803 | sum_rate=11.286750 | r_p=0.021321 | r_c=0.013451 | r_s=0.004833 | status=running
[DL Convergence] | phase=optimize | block=3 | epoch=170/500 | active_users=3 | updated_users=1 | objective=10.238846 | sum_rate=11.292066 | r_p=0.026093 | r_c=0.016491 | r_s=0.004838 | status=running
[DL Convergence] | phase=optimize | block=3 | epoch=175/500 | active_users=3 | updated_users=1 | objective=10.238793 | sum_rate=11.286701 | r_p=0.021320 | r_c=0.013501 | r_s=0.004834 | status=running
[DL Convergence] | phase=optimize | block=3 | epoch=180/500 | active_users=3 | updated_users=1 | objective=10.238788 | sum_rate=11.291964 | r_p=0.025904 | r_c=0.016433 | r_s=0.004851 | status=running
[DL Convergence] | phase=optimize | block=3 | epoch=185/500 | active_users=3 | updated_users=1 | objective=10.238785 | sum_rate=11.286656 | r_p=0.021335 | r_c=0.013560 | r_s=0.004847 | status=running
[DL Convergence] | phase=optimize | block=3 | epoch=190/500 | active_users=3 | updated_users=1 | objective=10.238796 | sum_rate=11.291962 | r_p=0.025883 | r_c=0.016481 | r_s=0.004851 | status=running
[DL Convergence] | phase=optimize | block=3 | epoch=195/500 | active_users=3 | updated_users=1 | objective=10.238777 | sum_rate=11.286483 | r_p=0.021152 | r_c=0.013495 | r_s=0.004791 | status=running
[DL Convergence] | phase=optimize | block=3 | epoch=200/500 | active_users=3 | updated_users=1 | objective=10.238904 | sum_rate=11.292056 | r_p=0.025828 | r_c=0.016507 | r_s=0.004771 | status=running
[DL Convergence] | phase=optimize | block=3 | epoch=205/500 | active_users=3 | updated_users=1 | objective=10.238845 | sum_rate=11.286151 | r_p=0.021056 | r_c=0.013483 | r_s=0.004767 | status=running
[DL Convergence] | phase=optimize | block=3 | epoch=210/500 | active_users=3 | updated_users=1 | objective=10.238909 | sum_rate=11.292048 | r_p=0.025794 | r_c=0.016546 | r_s=0.004771 | status=running
[DL Convergence] | phase=optimize | block=3 | epoch=215/500 | active_users=3 | updated_users=1 | objective=10.238854 | sum_rate=11.286163 | r_p=0.021002 | r_c=0.013497 | r_s=0.004767 | status=running
[DL Convergence] | phase=optimize | block=3 | epoch=220/500 | active_users=3 | updated_users=1 | objective=10.238909 | sum_rate=11.292024 | r_p=0.025769 | r_c=0.016590 | r_s=0.004771 | status=running
[DL Convergence] | phase=optimize | block=3 | epoch=225/500 | active_users=3 | updated_users=1 | objective=10.238839 | sum_rate=11.286104 | r_p=0.020994 | r_c=0.013541 | r_s=0.004767 | status=running
[DL Convergence] | phase=optimize | block=3 | epoch=230/500 | active_users=3 | updated_users=1 | objective=10.238916 | sum_rate=11.292014 | r_p=0.025741 | r_c=0.016632 | r_s=0.004771 | status=running
[DL Convergence] | phase=optimize | block=3 | epoch=235/500 | active_users=3 | updated_users=1 | objective=10.238837 | sum_rate=11.286073 | r_p=0.020989 | r_c=0.013587 | r_s=0.004767 | status=running
[DL Convergence] | phase=optimize | block=3 | epoch=240/500 | active_users=3 | updated_users=1 | objective=10.238904 | sum_rate=11.291947 | r_p=0.025758 | r_c=0.016703 | r_s=0.004771 | status=running
[DL Convergence] | phase=optimize | block=3 | epoch=245/500 | active_users=3 | updated_users=1 | objective=10.238333 | sum_rate=11.291854 | r_p=0.024232 | r_c=0.015742 | r_s=0.004884 | status=running
[DL Convergence] | phase=optimize | block=3 | epoch=250/500 | active_users=3 | updated_users=1 | objective=10.238503 | sum_rate=11.292869 | r_p=0.025729 | r_c=0.016745 | r_s=0.004897 | status=running
[DL Convergence] | phase=optimize | block=3 | epoch=255/500 | active_users=3 | updated_users=1 | objective=10.238484 | sum_rate=11.287664 | r_p=0.021345 | r_c=0.013918 | r_s=0.004877 | status=running
[DL Convergence] | phase=optimize | block=3 | epoch=260/500 | active_users=3 | updated_users=1 | objective=10.238515 | sum_rate=11.292878 | r_p=0.025713 | r_c=0.016795 | r_s=0.004881 | status=running
[DL Convergence] | phase=optimize | block=3 | epoch=265/500 | active_users=3 | updated_users=1 | objective=10.238492 | sum_rate=11.287670 | r_p=0.021317 | r_c=0.013949 | r_s=0.004877 | status=running
[DL Convergence] | phase=optimize | block=3 | epoch=270/500 | active_users=3 | updated_users=1 | objective=10.238503 | sum_rate=11.292821 | r_p=0.025714 | r_c=0.016856 | r_s=0.004881 | status=running
[DL Convergence] | phase=optimize | block=3 | epoch=275/500 | active_users=3 | updated_users=1 | objective=10.238574 | sum_rate=11.287256 | r_p=0.021290 | r_c=0.013982 | r_s=0.004833 | status=running
[DL Convergence] | phase=optimize | block=3 | epoch=280/500 | active_users=3 | updated_users=1 | objective=10.238346 | sum_rate=11.292574 | r_p=0.024927 | r_c=0.016399 | r_s=0.004834 | status=running
[DL Convergence] | phase=optimize | block=3 | epoch=285/500 | active_users=3 | updated_users=1 | objective=10.238745 | sum_rate=11.286451 | r_p=0.020930 | r_c=0.013794 | r_s=0.004755 | status=running
[DL Convergence] | phase=optimize | block=3 | epoch=290/500 | active_users=3 | updated_users=1 | objective=10.238395 | sum_rate=11.292311 | r_p=0.024719 | r_c=0.016319 | r_s=0.004790 | status=running
[DL Convergence] | phase=optimize | block=3 | epoch=295/500 | active_users=3 | updated_users=1 | objective=10.238792 | sum_rate=11.286345 | r_p=0.020969 | r_c=0.013867 | r_s=0.004786 | status=running
[DL Convergence] | phase=optimize | block=3 | epoch=300/500 | active_users=3 | updated_users=1 | objective=10.238400 | sum_rate=11.292288 | r_p=0.024715 | r_c=0.016373 | r_s=0.004790 | status=running
[DL Convergence] | phase=optimize | block=3 | epoch=305/500 | active_users=3 | updated_users=1 | objective=10.238816 | sum_rate=11.286391 | r_p=0.020894 | r_c=0.013865 | r_s=0.004786 | status=running
[DL Convergence] | phase=optimize | block=3 | epoch=310/500 | active_users=3 | updated_users=1 | objective=10.238385 | sum_rate=11.292207 | r_p=0.024734 | r_c=0.016441 | r_s=0.004790 | status=running
[DL Convergence] | phase=optimize | block=3 | epoch=315/500 | active_users=3 | updated_users=1 | objective=10.238807 | sum_rate=11.286340 | r_p=0.020897 | r_c=0.013915 | r_s=0.004786 | status=running
[DL Convergence] | phase=optimize | block=3 | epoch=320/500 | active_users=3 | updated_users=1 | objective=10.238401 | sum_rate=11.292232 | r_p=0.024669 | r_c=0.016454 | r_s=0.004790 | status=running
[DL Convergence] | phase=optimize | block=3 | epoch=325/500 | active_users=3 | updated_users=1 | objective=10.238798 | sum_rate=11.286287 | r_p=0.020905 | r_c=0.013968 | r_s=0.004786 | status=running
[DL Convergence] | phase=optimize | block=3 | epoch=330/500 | active_users=3 | updated_users=1 | objective=10.238382 | sum_rate=11.287275 | r_p=0.021650 | r_c=0.014491 | r_s=0.004658 | status=running
[DL Convergence] | phase=optimize | block=3 | epoch=335/500 | active_users=3 | updated_users=1 | objective=10.238405 | sum_rate=11.294281 | r_p=0.026077 | r_c=0.017485 | r_s=0.004871 | status=running
[DL Convergence] | phase=optimize | block=3 | epoch=340/500 | active_users=3 | updated_users=1 | objective=10.238413 | sum_rate=11.288143 | r_p=0.021654 | r_c=0.014545 | r_s=0.004798 | status=running
[DL Convergence] | phase=optimize | block=3 | epoch=345/500 | active_users=3 | updated_users=1 | objective=10.238667 | sum_rate=11.293446 | r_p=0.026007 | r_c=0.017499 | r_s=0.004846 | status=running
[DL Convergence] | phase=optimize | block=3 | epoch=350/500 | active_users=3 | updated_users=1 | objective=10.238486 | sum_rate=11.287272 | r_p=0.021071 | r_c=0.014204 | r_s=0.004820 | status=running
[DL Convergence] | phase=optimize | block=3 | epoch=355/500 | active_users=3 | updated_users=1 | objective=10.238869 | sum_rate=11.292953 | r_p=0.025982 | r_c=0.017544 | r_s=0.004817 | status=running
[DL Convergence] | phase=optimize | block=3 | epoch=360/500 | active_users=3 | updated_users=1 | objective=10.238546 | sum_rate=11.287078 | r_p=0.021041 | r_c=0.014233 | r_s=0.004812 | status=running
[DL Convergence] | phase=optimize | block=3 | epoch=365/500 | active_users=3 | updated_users=1 | objective=10.238875 | sum_rate=11.292952 | r_p=0.025942 | r_c=0.017578 | r_s=0.004817 | status=running
[DL Convergence] | phase=optimize | block=3 | epoch=370/500 | active_users=3 | updated_users=1 | objective=10.238535 | sum_rate=11.287022 | r_p=0.021057 | r_c=0.014293 | r_s=0.004812 | status=running
[DL Convergence] | phase=optimize | block=3 | epoch=375/500 | active_users=3 | updated_users=1 | objective=10.238875 | sum_rate=11.292934 | r_p=0.025908 | r_c=0.017615 | r_s=0.004817 | status=running
[DL Convergence] | phase=optimize | block=3 | epoch=380/500 | active_users=3 | updated_users=1 | objective=10.238529 | sum_rate=11.286988 | r_p=0.021047 | r_c=0.014336 | r_s=0.004812 | status=running
[DL Convergence] | phase=optimize | block=3 | epoch=385/500 | active_users=3 | updated_users=1 | objective=10.238873 | sum_rate=11.292906 | r_p=0.025885 | r_c=0.017661 | r_s=0.004817 | status=running
[DL Convergence] | phase=optimize | block=3 | epoch=390/500 | active_users=3 | updated_users=1 | objective=10.238522 | sum_rate=11.286945 | r_p=0.021048 | r_c=0.014386 | r_s=0.004812 | status=running
[DL Convergence] | phase=optimize | block=3 | epoch=395/500 | active_users=3 | updated_users=1 | objective=10.238879 | sum_rate=11.292901 | r_p=0.025863 | r_c=0.017706 | r_s=0.004817 | status=running
[DL Convergence] | phase=optimize | block=3 | epoch=400/500 | active_users=3 | updated_users=1 | objective=10.238511 | sum_rate=11.286903 | r_p=0.021027 | r_c=0.014421 | r_s=0.004812 | status=running
[DL Convergence] | phase=optimize | block=3 | epoch=405/500 | active_users=3 | updated_users=1 | objective=10.238879 | sum_rate=11.292867 | r_p=0.025870 | r_c=0.017772 | r_s=0.004817 | status=running
[DL Convergence] | phase=optimize | block=3 | epoch=410/500 | active_users=3 | updated_users=1 | objective=10.238518 | sum_rate=11.286906 | r_p=0.020999 | r_c=0.014451 | r_s=0.004813 | status=running
[DL Convergence] | phase=optimize | block=3 | epoch=415/500 | active_users=3 | updated_users=1 | objective=10.238870 | sum_rate=11.292821 | r_p=0.025863 | r_c=0.017828 | r_s=0.004817 | status=running
[DL Convergence] | phase=optimize | block=3 | epoch=420/500 | active_users=3 | updated_users=1 | objective=10.238504 | sum_rate=11.286842 | r_p=0.021014 | r_c=0.014510 | r_s=0.004813 | status=running
[DL Convergence] | phase=optimize | block=3 | epoch=425/500 | active_users=3 | updated_users=1 | objective=10.238883 | sum_rate=11.292838 | r_p=0.025811 | r_c=0.017852 | r_s=0.004817 | status=running
[DL Convergence] | phase=optimize | block=3 | epoch=430/500 | active_users=3 | updated_users=1 | objective=10.238504 | sum_rate=11.286834 | r_p=0.020980 | r_c=0.014536 | r_s=0.004813 | status=running
[DL Convergence] | phase=optimize | block=3 | epoch=435/500 | active_users=3 | updated_users=1 | objective=10.238882 | sum_rate=11.292814 | r_p=0.025796 | r_c=0.017902 | r_s=0.004817 | status=running
[DL Convergence] | phase=optimize | block=3 | epoch=440/500 | active_users=3 | updated_users=1 | objective=10.238503 | sum_rate=11.286809 | r_p=0.020961 | r_c=0.014572 | r_s=0.004813 | status=running
[DL Convergence] | phase=optimize | block=3 | epoch=445/500 | active_users=3 | updated_users=1 | objective=10.238891 | sum_rate=11.292814 | r_p=0.025766 | r_c=0.017942 | r_s=0.004817 | status=running
[DL Convergence] | phase=optimize | block=3 | epoch=450/500 | active_users=3 | updated_users=1 | objective=10.238501 | sum_rate=11.286787 | r_p=0.020944 | r_c=0.014609 | r_s=0.004813 | status=running
[DL Convergence] | phase=optimize | block=3 | epoch=455/500 | active_users=3 | updated_users=1 | objective=10.238894 | sum_rate=11.292799 | r_p=0.025743 | r_c=0.017985 | r_s=0.004817 | status=running
[DL Convergence] | phase=optimize | block=3 | epoch=460/500 | active_users=3 | updated_users=1 | objective=10.238507 | sum_rate=11.286794 | r_p=0.020900 | r_c=0.014627 | r_s=0.004813 | status=running
[DL Convergence] | phase=optimize | block=3 | epoch=465/500 | active_users=3 | updated_users=1 | objective=10.238880 | sum_rate=11.292738 | r_p=0.025751 | r_c=0.018051 | r_s=0.004817 | status=running
[DL Convergence] | phase=optimize | block=3 | epoch=470/500 | active_users=3 | updated_users=1 | objective=10.238495 | sum_rate=11.286737 | r_p=0.020906 | r_c=0.014680 | r_s=0.004813 | status=running
[DL Convergence] | phase=optimize | block=3 | epoch=475/500 | active_users=3 | updated_users=1 | objective=10.238900 | sum_rate=11.292772 | r_p=0.025696 | r_c=0.018073 | r_s=0.004817 | status=running
[DL Convergence] | phase=optimize | block=3 | epoch=480/500 | active_users=3 | updated_users=1 | objective=10.238493 | sum_rate=11.286718 | r_p=0.020878 | r_c=0.014709 | r_s=0.004813 | status=running
[DL Convergence] | phase=optimize | block=3 | epoch=485/500 | active_users=3 | updated_users=1 | objective=10.238890 | sum_rate=11.292710 | r_p=0.025712 | r_c=0.018144 | r_s=0.004817 | status=running
[DL Convergence] | phase=optimize | block=3 | epoch=490/500 | active_users=3 | updated_users=1 | objective=10.238496 | sum_rate=11.286714 | r_p=0.020831 | r_c=0.014724 | r_s=0.004813 | status=running
[DL Convergence] | phase=optimize | block=3 | epoch=495/500 | active_users=3 | updated_users=1 | objective=10.238894 | sum_rate=11.292707 | r_p=0.025677 | r_c=0.018179 | r_s=0.004817 | status=running
[DL Convergence] | phase=optimize | block=3 | epoch=500/500 | active_users=3 | updated_users=1 | objective=10.238477 | sum_rate=11.286638 | r_p=0.020861 | r_c=0.014794 | r_s=0.004813 | status=running
  user=02 block=03 candidate n_kl=   4 after updating users [2] still leaves committed users infeasible [1, 2] after re-optimization; stopping further n_kl reduction for this user in this block.
[DL Convergence Allocation] | user=0 | block=3 | served_bits=21 | n_kl=3 | required_rate=7.000000 | achieved_rate=9.697230 | rate_margin=2.697230
[DL Convergence Allocation] | user=1 | block=3 | served_bits=1 | n_kl=2 | required_rate=0.500000 | achieved_rate=0.513411 | rate_margin=0.013411
[DL Convergence Allocation] | user=2 | block=3 | served_bits=5 | n_kl=5 | required_rate=1.000000 | achieved_rate=1.535859 | rate_margin=0.535859
[DL Convergence Block] | block=3 | status=complete | allocated_bits=27 | remaining_bits=0
Saved downlink results to: C:\All Codes\Taiwan_Internship\UL_UPLINK_DOWNLINK_MONTE_CARLO\Results\Downlink\Method-Convergence per epoch\conv_bitsw_dir__dl_payload_completion_sweep_20260704_210305_conv_upd_dir_loss_plain_obj_bitsw__s3\testing
Mirrored downlink convergence scenario results to: C:\All Codes\Taiwan_Internship\UL_UPLINK_DOWNLINK_MONTE_CARLO\Results\Downlink\Scenario-Payload completion\Convergence per epoch\conv_bitsw_dir__dl_payload_completion_sweep_20260704_210305_conv_upd_dir_loss_plain_obj_bitsw__s3
Saved downlink convergence method results to: C:\All Codes\Taiwan_Internship\UL_UPLINK_DOWNLINK_MONTE_CARLO\Results\Downlink\Method-Convergence per epoch\conv_bitsw_dir__dl_payload_completion_sweep_20260704_210305_conv_upd_dir_loss_plain_obj_bitsw__s3
