Initialized plotting globals:
train_result_path: C:\All Codes\Taiwan_Internship\UL_UPLINK_DOWNLINK_MONTE_CARLO\Results\Uplink\Method-Convergence per epoch\conv_dir__ul_fixed_block_targets_sweep_20260704_210305_conv_upd_dir_loss_plain_rate_snr__s3\optimization_history
test_result_path: C:\All Codes\Taiwan_Internship\UL_UPLINK_DOWNLINK_MONTE_CARLO\Results\Uplink\Method-Convergence per epoch\conv_dir__ul_fixed_block_targets_sweep_20260704_210305_conv_upd_dir_loss_plain_rate_snr__s3\optimization_history
user_cfg_result_path: C:\All Codes\Taiwan_Internship\UL_UPLINK_DOWNLINK_MONTE_CARLO\Results\Uplink\Method-Convergence per epoch\conv_dir__ul_fixed_block_targets_sweep_20260704_210305_conv_upd_dir_loss_plain_rate_snr__s3\user_config
[UL Initial Baseline] | seed=3 | scenario=fixed_block_targets | method=convergence | users=3 | initial_total_latency=0.033133 | initial_avg_latency=0.011044 | initial_min_latency=0.006467 | initial_max_latency=0.015533
[UL Convergence Train] | phase=start | user=0 | mode=fixed_block_targets
[UL Convergence Train] | user=0 | block=0 | target_bits=200 | mode=fixed_block_targets
[UL Convergence Block] | user=0 | block=0 | budget_mode=target_bits | requested_bits=200
[UL Convergence Solve] | user=0 | block=0 | stage=n=T | n_kl=50 | requested_bits=200
[UL Convergence] | phase=optimize | user=0 | block=0 | n_kl=50 | epoch=1/1000 | objective=-10.956475 | rate=10.949526 | power=29.999939 | r_p=0.000000 | r_c=0.000000 | r_s=inf | status=running
[UL Convergence] | phase=optimize | user=0 | block=0 | n_kl=50 | epoch=2/1000 | objective=-11.031094 | rate=11.024059 | power=29.897985 | r_p=0.000000 | r_c=0.000000 | r_s=0.010328 | status=running
[UL Convergence] | phase=optimize | user=0 | block=0 | n_kl=50 | epoch=3/1000 | objective=-11.123402 | rate=11.116285 | power=29.999939 | r_p=0.000000 | r_c=0.000000 | r_s=0.008629 | status=running
[UL Convergence] | phase=optimize | user=0 | block=0 | n_kl=50 | epoch=4/1000 | objective=-11.204380 | rate=11.197183 | power=29.999935 | r_p=0.000000 | r_c=0.000000 | r_s=0.008557 | status=running
[UL Convergence] | phase=optimize | user=0 | block=0 | n_kl=50 | epoch=5/1000 | objective=-11.286581 | rate=11.279302 | power=29.999945 | r_p=0.000000 | r_c=0.000000 | r_s=0.008665 | status=running
[UL Convergence] | phase=optimize | user=0 | block=0 | n_kl=50 | epoch=6/1000 | objective=-11.369681 | rate=11.362319 | power=29.999935 | r_p=0.000000 | r_c=0.000000 | r_s=0.008765 | status=running
[UL Convergence] | phase=optimize | user=0 | block=0 | n_kl=50 | epoch=7/1000 | objective=-11.453470 | rate=11.446024 | power=29.999939 | r_p=0.000000 | r_c=0.000000 | r_s=0.008859 | status=running
[UL Convergence] | phase=optimize | user=0 | block=0 | n_kl=50 | epoch=8/1000 | objective=-11.537822 | rate=11.530292 | power=29.999939 | r_p=0.000000 | r_c=0.000000 | r_s=0.008944 | status=running
[UL Convergence] | phase=optimize | user=0 | block=0 | n_kl=50 | epoch=9/1000 | objective=-11.622647 | rate=11.615032 | power=29.999939 | r_p=0.000000 | r_c=0.000000 | r_s=0.009023 | status=running
[UL Convergence] | phase=optimize | user=0 | block=0 | n_kl=50 | epoch=10/1000 | objective=-11.707844 | rate=11.700144 | power=29.999935 | r_p=0.000000 | r_c=0.000000 | r_s=0.009095 | status=running
[UL Convergence] | phase=optimize | user=0 | block=0 | n_kl=50 | epoch=11/1000 | objective=-11.793350 | rate=11.785564 | power=29.999935 | r_p=0.000000 | r_c=0.000000 | r_s=0.009160 | status=running
[UL Convergence] | phase=optimize | user=0 | block=0 | n_kl=50 | epoch=12/1000 | objective=-11.879069 | rate=11.871198 | power=29.999939 | r_p=0.000000 | r_c=0.000000 | r_s=0.009219 | status=running
[UL Convergence] | phase=optimize | user=0 | block=0 | n_kl=50 | epoch=13/1000 | objective=-11.964956 | rate=11.956999 | power=29.999935 | r_p=0.000000 | r_c=0.000000 | r_s=0.009272 | status=running
[UL Convergence] | phase=optimize | user=0 | block=0 | n_kl=50 | epoch=14/1000 | objective=-12.050894 | rate=12.042850 | power=29.999945 | r_p=0.000000 | r_c=0.000000 | r_s=0.009321 | status=running
[UL Convergence] | phase=optimize | user=0 | block=0 | n_kl=50 | epoch=15/1000 | objective=-12.136836 | rate=12.128707 | power=29.999945 | r_p=0.000000 | r_c=0.000000 | r_s=0.009366 | status=running
[UL Convergence] | phase=optimize | user=0 | block=0 | n_kl=50 | epoch=16/1000 | objective=-12.222686 | rate=12.214472 | power=29.999939 | r_p=0.000000 | r_c=0.000000 | r_s=0.009407 | status=running
[UL Convergence] | phase=optimize | user=0 | block=0 | n_kl=50 | epoch=17/1000 | objective=-12.308324 | rate=12.300024 | power=29.999929 | r_p=0.000000 | r_c=0.000000 | r_s=0.009445 | status=running
[UL Convergence] | phase=optimize | user=0 | block=0 | n_kl=50 | epoch=18/1000 | objective=-12.393713 | rate=12.385327 | power=29.999935 | r_p=0.000000 | r_c=0.000000 | r_s=0.009479 | status=running
[UL Convergence] | phase=optimize | user=0 | block=0 | n_kl=50 | epoch=19/1000 | objective=-12.478719 | rate=12.470248 | power=29.999935 | r_p=0.000000 | r_c=0.000000 | r_s=0.009509 | status=running
[UL Convergence] | phase=optimize | user=0 | block=0 | n_kl=50 | epoch=20/1000 | objective=-12.563241 | rate=12.554687 | power=29.999939 | r_p=0.000000 | r_c=0.000000 | r_s=0.009534 | status=running
[UL Convergence] | phase=optimize | user=0 | block=0 | n_kl=50 | epoch=21/1000 | objective=-12.647192 | rate=12.638554 | power=29.999939 | r_p=0.000000 | r_c=0.000000 | r_s=0.009553 | status=running
[UL Convergence] | phase=optimize | user=0 | block=0 | n_kl=50 | epoch=22/1000 | objective=-12.730462 | rate=12.721741 | power=29.999939 | r_p=0.000000 | r_c=0.000000 | r_s=0.009568 | status=running
[UL Convergence] | phase=optimize | user=0 | block=0 | n_kl=50 | epoch=23/1000 | objective=-12.812944 | rate=12.804140 | power=29.999939 | r_p=0.000000 | r_c=0.000000 | r_s=0.009577 | status=running
[UL Convergence] | phase=optimize | user=0 | block=0 | n_kl=50 | epoch=24/1000 | objective=-12.894556 | rate=12.885671 | power=29.999939 | r_p=0.000000 | r_c=0.000000 | r_s=0.009580 | status=running
[UL Convergence] | phase=optimize | user=0 | block=0 | n_kl=50 | epoch=25/1000 | objective=-12.975176 | rate=12.966209 | power=29.999935 | r_p=0.000000 | r_c=0.000000 | r_s=0.009577 | status=running
[UL Convergence] | phase=optimize | user=0 | block=0 | n_kl=50 | epoch=26/1000 | objective=-13.054725 | rate=13.045679 | power=29.999945 | r_p=0.000000 | r_c=0.000000 | r_s=0.009569 | status=running
[UL Convergence] | phase=optimize | user=0 | block=0 | n_kl=50 | epoch=27/1000 | objective=-13.133115 | rate=13.123991 | power=29.999939 | r_p=0.000000 | r_c=0.000000 | r_s=0.009555 | status=running
[UL Convergence] | phase=optimize | user=0 | block=0 | n_kl=50 | epoch=28/1000 | objective=-13.210254 | rate=13.201053 | power=29.999945 | r_p=0.000000 | r_c=0.000000 | r_s=0.009535 | status=running
[UL Convergence] | phase=optimize | user=0 | block=0 | n_kl=50 | epoch=29/1000 | objective=-13.286075 | rate=13.276798 | power=29.999935 | r_p=0.000000 | r_c=0.000000 | r_s=0.009510 | status=running
[UL Convergence] | phase=optimize | user=0 | block=0 | n_kl=50 | epoch=30/1000 | objective=-13.360501 | rate=13.351151 | power=29.999939 | r_p=0.000000 | r_c=0.000000 | r_s=0.009479 | status=running
[UL Convergence] | phase=optimize | user=0 | block=0 | n_kl=50 | epoch=31/1000 | objective=-13.433479 | rate=13.424055 | power=29.999935 | r_p=0.000000 | r_c=0.000000 | r_s=0.009442 | status=running
[UL Convergence] | phase=optimize | user=0 | block=0 | n_kl=50 | epoch=32/1000 | objective=-13.503036 | rate=13.493542 | power=29.988642 | r_p=0.000000 | r_c=0.000000 | r_s=0.009401 | status=running
[UL Convergence] | phase=optimize | user=0 | block=0 | n_kl=50 | epoch=33/1000 | objective=-13.571920 | rate=13.562358 | power=29.999945 | r_p=0.000000 | r_c=0.000000 | r_s=0.008989 | status=running
[UL Convergence] | phase=optimize | user=0 | block=0 | n_kl=50 | epoch=34/1000 | objective=-13.637413 | rate=13.627786 | power=29.999935 | r_p=0.000000 | r_c=0.000000 | r_s=0.008928 | status=running
[UL Convergence] | phase=optimize | user=0 | block=0 | n_kl=50 | epoch=35/1000 | objective=-13.701390 | rate=13.691699 | power=29.999939 | r_p=0.000000 | r_c=0.000000 | r_s=0.008867 | status=running
[UL Convergence] | phase=optimize | user=0 | block=0 | n_kl=50 | epoch=36/1000 | objective=-13.763815 | rate=13.754061 | power=29.999939 | r_p=0.000000 | r_c=0.000000 | r_s=0.008802 | status=running
[UL Convergence] | phase=optimize | user=0 | block=0 | n_kl=50 | epoch=37/1000 | objective=-13.824699 | rate=13.814884 | power=29.999939 | r_p=0.000000 | r_c=0.000000 | r_s=0.008735 | status=running
[UL Convergence] | phase=optimize | user=0 | block=0 | n_kl=50 | epoch=38/1000 | objective=-13.884006 | rate=13.874131 | power=29.999935 | r_p=0.000000 | r_c=0.000000 | r_s=0.008664 | status=running
[UL Convergence] | phase=optimize | user=0 | block=0 | n_kl=50 | epoch=39/1000 | objective=-13.941720 | rate=13.931788 | power=29.999939 | r_p=0.000000 | r_c=0.000000 | r_s=0.008590 | status=running
[UL Convergence] | phase=optimize | user=0 | block=0 | n_kl=50 | epoch=40/1000 | objective=-13.997857 | rate=13.987869 | power=29.999939 | r_p=0.000000 | r_c=0.000000 | r_s=0.008514 | status=running
[UL Convergence] | phase=optimize | user=0 | block=0 | n_kl=50 | epoch=41/1000 | objective=-14.052428 | rate=14.042386 | power=29.999939 | r_p=0.000000 | r_c=0.000000 | r_s=0.008434 | status=running
[UL Convergence] | phase=optimize | user=0 | block=0 | n_kl=50 | epoch=42/1000 | objective=-14.105400 | rate=14.095304 | power=29.999939 | r_p=0.000000 | r_c=0.000000 | r_s=0.008352 | status=running
[UL Convergence] | phase=optimize | user=0 | block=0 | n_kl=50 | epoch=43/1000 | objective=-14.156831 | rate=14.146684 | power=29.999935 | r_p=0.000000 | r_c=0.000000 | r_s=0.008267 | status=running
[UL Convergence] | phase=optimize | user=0 | block=0 | n_kl=50 | epoch=44/1000 | objective=-14.206688 | rate=14.196491 | power=29.999935 | r_p=0.000000 | r_c=0.000000 | r_s=0.008180 | status=running
[UL Convergence] | phase=optimize | user=0 | block=0 | n_kl=50 | epoch=45/1000 | objective=-14.255017 | rate=14.244773 | power=29.999939 | r_p=0.000000 | r_c=0.000000 | r_s=0.008091 | status=running
[UL Convergence] | phase=optimize | user=0 | block=0 | n_kl=50 | epoch=46/1000 | objective=-14.301816 | rate=14.291525 | power=29.999939 | r_p=0.000000 | r_c=0.000000 | r_s=0.007999 | status=running
[UL Convergence] | phase=optimize | user=0 | block=0 | n_kl=50 | epoch=47/1000 | objective=-14.347124 | rate=14.336787 | power=29.999935 | r_p=0.000000 | r_c=0.000000 | r_s=0.007906 | status=running
[UL Convergence] | phase=optimize | user=0 | block=0 | n_kl=50 | epoch=48/1000 | objective=-14.390951 | rate=14.380570 | power=29.999939 | r_p=0.000000 | r_c=0.000000 | r_s=0.007811 | status=running
[UL Convergence] | phase=optimize | user=0 | block=0 | n_kl=50 | epoch=49/1000 | objective=-14.433313 | rate=14.422891 | power=29.999939 | r_p=0.000000 | r_c=0.000000 | r_s=0.007714 | status=running
[UL Convergence] | phase=optimize | user=0 | block=0 | n_kl=50 | epoch=50/1000 | objective=-14.474265 | rate=14.463801 | power=29.999939 | r_p=0.000000 | r_c=0.000000 | r_s=0.007617 | status=running
[UL Convergence] | phase=optimize | user=0 | block=0 | n_kl=50 | epoch=51/1000 | objective=-14.513810 | rate=14.503306 | power=29.999939 | r_p=0.000000 | r_c=0.000000 | r_s=0.007518 | status=running
[UL Convergence] | phase=optimize | user=0 | block=0 | n_kl=50 | epoch=52/1000 | objective=-14.551993 | rate=14.541451 | power=29.999939 | r_p=0.000000 | r_c=0.000000 | r_s=0.007418 | status=running
[UL Convergence] | phase=optimize | user=0 | block=0 | n_kl=50 | epoch=53/1000 | objective=-14.588824 | rate=14.578246 | power=29.999939 | r_p=0.000000 | r_c=0.000000 | r_s=0.007317 | status=running
[UL Convergence] | phase=optimize | user=0 | block=0 | n_kl=50 | epoch=54/1000 | objective=-14.624367 | rate=14.613753 | power=29.999939 | r_p=0.000000 | r_c=0.000000 | r_s=0.007216 | status=running
[UL Convergence] | phase=optimize | user=0 | block=0 | n_kl=50 | epoch=55/1000 | objective=-14.654724 | rate=14.644078 | power=29.978088 | r_p=0.000000 | r_c=0.000000 | r_s=0.007123 | status=running
[UL Convergence] | phase=optimize | user=0 | block=0 | n_kl=50 | epoch=56/1000 | objective=-14.689894 | rate=14.679214 | power=29.999945 | r_p=0.000000 | r_c=0.000000 | r_s=0.006818 | status=running
[UL Convergence] | phase=optimize | user=0 | block=0 | n_kl=50 | epoch=57/1000 | objective=-14.720057 | rate=14.709347 | power=29.999945 | r_p=0.000000 | r_c=0.000000 | r_s=0.006688 | status=running
[UL Convergence] | phase=optimize | user=0 | block=0 | n_kl=50 | epoch=58/1000 | objective=-14.749151 | rate=14.738413 | power=29.999939 | r_p=0.000000 | r_c=0.000000 | r_s=0.006573 | status=running
[UL Convergence] | phase=optimize | user=0 | block=0 | n_kl=50 | epoch=59/1000 | objective=-14.777213 | rate=14.766447 | power=29.999939 | r_p=0.000000 | r_c=0.000000 | r_s=0.006461 | status=running
[UL Convergence] | phase=optimize | user=0 | block=0 | n_kl=50 | epoch=60/1000 | objective=-14.804259 | rate=14.793466 | power=29.999939 | r_p=0.000000 | r_c=0.000000 | r_s=0.006352 | status=running
[UL Convergence] | phase=optimize | user=0 | block=0 | n_kl=50 | epoch=61/1000 | objective=-14.830315 | rate=14.819495 | power=29.999939 | r_p=0.000000 | r_c=0.000000 | r_s=0.006245 | status=running
[UL Convergence] | phase=optimize | user=0 | block=0 | n_kl=50 | epoch=62/1000 | objective=-14.855424 | rate=14.844580 | power=29.999939 | r_p=0.000000 | r_c=0.000000 | r_s=0.006141 | status=running
[UL Convergence] | phase=optimize | user=0 | block=0 | n_kl=50 | epoch=63/1000 | objective=-14.879601 | rate=14.868732 | power=29.999939 | r_p=0.000000 | r_c=0.000000 | r_s=0.006040 | status=running
[UL Convergence] | phase=optimize | user=0 | block=0 | n_kl=50 | epoch=64/1000 | objective=-14.902884 | rate=14.891993 | power=29.999939 | r_p=0.000000 | r_c=0.000000 | r_s=0.005941 | status=running
[UL Convergence] | phase=optimize | user=0 | block=0 | n_kl=50 | epoch=65/1000 | objective=-14.925289 | rate=14.914374 | power=29.999939 | r_p=0.000000 | r_c=0.000000 | r_s=0.005844 | status=running
[UL Convergence] | phase=optimize | user=0 | block=0 | n_kl=50 | epoch=66/1000 | objective=-14.946853 | rate=14.935917 | power=29.999939 | r_p=0.000000 | r_c=0.000000 | r_s=0.005748 | status=running
[UL Convergence] | phase=optimize | user=0 | block=0 | n_kl=50 | epoch=67/1000 | objective=-14.967592 | rate=14.956635 | power=29.999939 | r_p=0.000000 | r_c=0.000000 | r_s=0.005655 | status=running
[UL Convergence] | phase=optimize | user=0 | block=0 | n_kl=50 | epoch=68/1000 | objective=-14.987513 | rate=14.976536 | power=29.999939 | r_p=0.000000 | r_c=0.000000 | r_s=0.005563 | status=running
[UL Convergence] | phase=optimize | user=0 | block=0 | n_kl=50 | epoch=69/1000 | objective=-15.006683 | rate=14.995687 | power=29.999939 | r_p=0.000000 | r_c=0.000000 | r_s=0.005473 | status=running
[UL Convergence] | phase=optimize | user=0 | block=0 | n_kl=50 | epoch=70/1000 | objective=-15.025106 | rate=15.014092 | power=29.999939 | r_p=0.000000 | r_c=0.000000 | r_s=0.005384 | status=running
[UL Convergence] | phase=optimize | user=0 | block=0 | n_kl=50 | epoch=71/1000 | objective=-15.042775 | rate=15.031743 | power=29.999939 | r_p=0.000000 | r_c=0.000000 | r_s=0.005296 | status=running
[UL Convergence] | phase=optimize | user=0 | block=0 | n_kl=50 | epoch=72/1000 | objective=-15.059767 | rate=15.048718 | power=29.999939 | r_p=0.000000 | r_c=0.000000 | r_s=0.005210 | status=running
[UL Convergence] | phase=optimize | user=0 | block=0 | n_kl=50 | epoch=73/1000 | objective=-15.076063 | rate=15.064999 | power=29.999939 | r_p=0.000000 | r_c=0.000000 | r_s=0.005125 | status=running
[UL Convergence] | phase=optimize | user=0 | block=0 | n_kl=50 | epoch=74/1000 | objective=-15.091689 | rate=15.080608 | power=29.999939 | r_p=0.000000 | r_c=0.000000 | r_s=0.005040 | status=running
[UL Convergence] | phase=optimize | user=0 | block=0 | n_kl=50 | epoch=75/1000 | objective=-15.106682 | rate=15.095586 | power=29.999945 | r_p=0.000000 | r_c=0.000000 | r_s=0.004957 | status=running
[UL Convergence] | phase=optimize | user=0 | block=0 | n_kl=50 | epoch=76/1000 | objective=-15.121052 | rate=15.109941 | power=29.999939 | r_p=0.000000 | r_c=0.000000 | r_s=0.004875 | status=running
[UL Convergence] | phase=optimize | user=0 | block=0 | n_kl=50 | epoch=77/1000 | objective=-15.134821 | rate=15.123697 | power=29.999945 | r_p=0.000000 | r_c=0.000000 | r_s=0.004794 | status=running
[UL Convergence] | phase=optimize | user=0 | block=0 | n_kl=50 | epoch=78/1000 | objective=-15.147997 | rate=15.136860 | power=29.999935 | r_p=0.000000 | r_c=0.000000 | r_s=0.004713 | status=running
[UL Convergence] | phase=optimize | user=0 | block=0 | n_kl=50 | epoch=79/1000 | objective=-15.160621 | rate=15.149471 | power=29.999939 | r_p=0.000000 | r_c=0.000000 | r_s=0.004633 | status=running
[UL Convergence] | phase=optimize | user=0 | block=0 | n_kl=50 | epoch=80/1000 | objective=-15.172682 | rate=15.161520 | power=29.999939 | r_p=0.000000 | r_c=0.000000 | r_s=0.004554 | status=running
[UL Convergence] | phase=optimize | user=0 | block=0 | n_kl=50 | epoch=81/1000 | objective=-15.184226 | rate=15.173053 | power=29.999935 | r_p=0.000000 | r_c=0.000000 | r_s=0.004475 | status=running
[UL Convergence] | phase=optimize | user=0 | block=0 | n_kl=50 | epoch=82/1000 | objective=-15.195261 | rate=15.184077 | power=29.999939 | r_p=0.000000 | r_c=0.000000 | r_s=0.004397 | status=running
[UL Convergence] | phase=optimize | user=0 | block=0 | n_kl=50 | epoch=83/1000 | objective=-15.205799 | rate=15.194605 | power=29.999939 | r_p=0.000000 | r_c=0.000000 | r_s=0.004320 | status=running
[UL Convergence] | phase=optimize | user=0 | block=0 | n_kl=50 | epoch=84/1000 | objective=-15.214746 | rate=15.203542 | power=29.993792 | r_p=0.000000 | r_c=0.000000 | r_s=0.004244 | status=running
[UL Convergence] | phase=optimize | user=0 | block=0 | n_kl=50 | epoch=85/1000 | objective=-15.224600 | rate=15.213387 | power=29.999939 | r_p=0.000000 | r_c=0.000000 | r_s=0.004023 | status=running
[UL Convergence] | phase=optimize | user=0 | block=0 | n_kl=50 | epoch=86/1000 | objective=-15.232978 | rate=15.221756 | power=29.999935 | r_p=0.000000 | r_c=0.000000 | r_s=0.003927 | status=running
[UL Convergence] | phase=optimize | user=0 | block=0 | n_kl=50 | epoch=87/1000 | objective=-15.241004 | rate=15.229774 | power=29.999935 | r_p=0.000000 | r_c=0.000000 | r_s=0.003837 | status=running
[UL Convergence] | phase=optimize | user=0 | block=0 | n_kl=50 | epoch=88/1000 | objective=-15.248695 | rate=15.237458 | power=29.999939 | r_p=0.000000 | r_c=0.000000 | r_s=0.003752 | status=running
[UL Convergence] | phase=optimize | user=0 | block=0 | n_kl=50 | epoch=89/1000 | objective=-15.256061 | rate=15.244816 | power=29.999945 | r_p=0.000000 | r_c=0.000000 | r_s=0.003671 | status=running
[UL Convergence] | phase=optimize | user=0 | block=0 | n_kl=50 | epoch=90/1000 | objective=-15.263101 | rate=15.251849 | power=29.999939 | r_p=0.000000 | r_c=0.000000 | r_s=0.003593 | status=running
[UL Convergence] | phase=optimize | user=0 | block=0 | n_kl=50 | epoch=91/1000 | objective=-15.269843 | rate=15.258585 | power=29.999939 | r_p=0.000000 | r_c=0.000000 | r_s=0.003518 | status=running
[UL Convergence] | phase=optimize | user=0 | block=0 | n_kl=50 | epoch=92/1000 | objective=-15.276278 | rate=15.265013 | power=29.999939 | r_p=0.000000 | r_c=0.000000 | r_s=0.003446 | status=running
[UL Convergence] | phase=optimize | user=0 | block=0 | n_kl=50 | epoch=93/1000 | objective=-15.282426 | rate=15.271154 | power=29.999939 | r_p=0.000000 | r_c=0.000000 | r_s=0.003376 | status=running
[UL Convergence] | phase=optimize | user=0 | block=0 | n_kl=50 | epoch=94/1000 | objective=-15.288305 | rate=15.277028 | power=29.999935 | r_p=0.000000 | r_c=0.000000 | r_s=0.003307 | status=running
[UL Convergence] | phase=optimize | user=0 | block=0 | n_kl=50 | epoch=95/1000 | objective=-15.293906 | rate=15.282623 | power=29.999939 | r_p=0.000000 | r_c=0.000000 | r_s=0.003240 | status=running
[UL Convergence] | phase=optimize | user=0 | block=0 | n_kl=50 | epoch=96/1000 | objective=-15.299255 | rate=15.287968 | power=29.999945 | r_p=0.000000 | r_c=0.000000 | r_s=0.003175 | status=running
[UL Convergence] | phase=optimize | user=0 | block=0 | n_kl=50 | epoch=97/1000 | objective=-15.304336 | rate=15.293042 | power=29.999935 | r_p=0.000000 | r_c=0.000000 | r_s=0.003111 | status=running
[UL Convergence] | phase=optimize | user=0 | block=0 | n_kl=50 | epoch=98/1000 | objective=-15.309191 | rate=15.297893 | power=29.999939 | r_p=0.000000 | r_c=0.000000 | r_s=0.003048 | status=running
[UL Convergence] | phase=optimize | user=0 | block=0 | n_kl=50 | epoch=99/1000 | objective=-15.313805 | rate=15.302502 | power=29.999935 | r_p=0.000000 | r_c=0.000000 | r_s=0.002985 | status=running
[UL Convergence] | phase=optimize | user=0 | block=0 | n_kl=50 | epoch=100/1000 | objective=-15.318189 | rate=15.306882 | power=29.999935 | r_p=0.000000 | r_c=0.000000 | r_s=0.002924 | status=running
[UL Convergence] | phase=optimize | user=0 | block=0 | n_kl=50 | epoch=101/1000 | objective=-15.322369 | rate=15.311057 | power=29.999945 | r_p=0.000000 | r_c=0.000000 | r_s=0.002864 | status=running
[UL Convergence] | phase=optimize | user=0 | block=0 | n_kl=50 | epoch=102/1000 | objective=-15.326325 | rate=15.315010 | power=29.999935 | r_p=0.000000 | r_c=0.000000 | r_s=0.002804 | status=running
[UL Convergence] | phase=optimize | user=0 | block=0 | n_kl=50 | epoch=103/1000 | objective=-15.330084 | rate=15.318765 | power=29.999939 | r_p=0.000000 | r_c=0.000000 | r_s=0.002744 | status=running
[UL Convergence] | phase=optimize | user=0 | block=0 | n_kl=50 | epoch=104/1000 | objective=-15.333644 | rate=15.322322 | power=29.999939 | r_p=0.000000 | r_c=0.000000 | r_s=0.002686 | status=running
[UL Convergence] | phase=optimize | user=0 | block=0 | n_kl=50 | epoch=105/1000 | objective=-15.337016 | rate=15.325690 | power=29.999935 | r_p=0.000000 | r_c=0.000000 | r_s=0.002628 | status=running
[UL Convergence] | phase=optimize | user=0 | block=0 | n_kl=50 | epoch=106/1000 | objective=-15.340220 | rate=15.328892 | power=29.999939 | r_p=0.000000 | r_c=0.000000 | r_s=0.002570 | status=running
[UL Convergence] | phase=optimize | user=0 | block=0 | n_kl=50 | epoch=107/1000 | objective=-15.343252 | rate=15.331921 | power=29.999945 | r_p=0.000000 | r_c=0.000000 | r_s=0.002513 | status=running
[UL Convergence] | phase=optimize | user=0 | block=0 | n_kl=50 | epoch=108/1000 | objective=-15.346113 | rate=15.334779 | power=29.999945 | r_p=0.000000 | r_c=0.000000 | r_s=0.002456 | status=running
[UL Convergence] | phase=optimize | user=0 | block=0 | n_kl=50 | epoch=109/1000 | objective=-15.348814 | rate=15.337477 | power=29.999935 | r_p=0.000000 | r_c=0.000000 | r_s=0.002400 | status=running
[UL Convergence] | phase=optimize | user=0 | block=0 | n_kl=50 | epoch=110/1000 | objective=-15.351369 | rate=15.340029 | power=29.999939 | r_p=0.000000 | r_c=0.000000 | r_s=0.002344 | status=running
[UL Convergence] | phase=optimize | user=0 | block=0 | n_kl=50 | epoch=111/1000 | objective=-15.353767 | rate=15.342425 | power=29.999939 | r_p=0.000000 | r_c=0.000000 | r_s=0.002289 | status=running
[UL Convergence] | phase=optimize | user=0 | block=0 | n_kl=50 | epoch=112/1000 | objective=-15.356035 | rate=15.344690 | power=29.999939 | r_p=0.000000 | r_c=0.000000 | r_s=0.002234 | status=running
[UL Convergence] | phase=optimize | user=0 | block=0 | n_kl=50 | epoch=113/1000 | objective=-15.358172 | rate=15.346826 | power=29.999939 | r_p=0.000000 | r_c=0.000000 | r_s=0.002180 | status=running
[UL Convergence] | phase=optimize | user=0 | block=0 | n_kl=50 | epoch=114/1000 | objective=-15.360182 | rate=15.348833 | power=29.999935 | r_p=0.000000 | r_c=0.000000 | r_s=0.002126 | status=running
[UL Convergence] | phase=optimize | user=0 | block=0 | n_kl=50 | epoch=115/1000 | objective=-15.362076 | rate=15.350725 | power=29.999935 | r_p=0.000000 | r_c=0.000000 | r_s=0.002073 | status=running
[UL Convergence] | phase=optimize | user=0 | block=0 | n_kl=50 | epoch=116/1000 | objective=-15.363855 | rate=15.352503 | power=29.999939 | r_p=0.000000 | r_c=0.000000 | r_s=0.002021 | status=running
[UL Convergence] | phase=optimize | user=0 | block=0 | n_kl=50 | epoch=117/1000 | objective=-15.365516 | rate=15.354161 | power=29.999939 | r_p=0.000000 | r_c=0.000000 | r_s=0.001968 | status=running
[UL Convergence] | phase=optimize | user=0 | block=0 | n_kl=50 | epoch=118/1000 | objective=-15.367089 | rate=15.355734 | power=29.999935 | r_p=0.000000 | r_c=0.000000 | r_s=0.001917 | status=running
[UL Convergence] | phase=optimize | user=0 | block=0 | n_kl=50 | epoch=119/1000 | objective=-15.368549 | rate=15.357192 | power=29.999939 | r_p=0.000000 | r_c=0.000000 | r_s=0.001866 | status=running
[UL Convergence] | phase=optimize | user=0 | block=0 | n_kl=50 | epoch=120/1000 | objective=-15.369927 | rate=15.358569 | power=29.999935 | r_p=0.000000 | r_c=0.000000 | r_s=0.001816 | status=running
[UL Convergence] | phase=optimize | user=0 | block=0 | n_kl=50 | epoch=121/1000 | objective=-15.371206 | rate=15.359846 | power=29.999935 | r_p=0.000000 | r_c=0.000000 | r_s=0.001766 | status=running
[UL Convergence] | phase=optimize | user=0 | block=0 | n_kl=50 | epoch=122/1000 | objective=-15.372412 | rate=15.361051 | power=29.999939 | r_p=0.000000 | r_c=0.000000 | r_s=0.001718 | status=running
[UL Convergence] | phase=optimize | user=0 | block=0 | n_kl=50 | epoch=123/1000 | objective=-15.373533 | rate=15.362171 | power=29.999939 | r_p=0.000000 | r_c=0.000000 | r_s=0.001669 | status=running
[UL Convergence] | phase=optimize | user=0 | block=0 | n_kl=50 | epoch=124/1000 | objective=-15.374570 | rate=15.363207 | power=29.999939 | r_p=0.000000 | r_c=0.000000 | r_s=0.001622 | status=running
[UL Convergence] | phase=optimize | user=0 | block=0 | n_kl=50 | epoch=125/1000 | objective=-15.375563 | rate=15.364199 | power=29.999939 | r_p=0.000000 | r_c=0.000000 | r_s=0.001575 | status=running
[UL Convergence] | phase=optimize | user=0 | block=0 | n_kl=50 | epoch=126/1000 | objective=-15.376467 | rate=15.365102 | power=29.999935 | r_p=0.000000 | r_c=0.000000 | r_s=0.001529 | status=running
[UL Convergence] | phase=optimize | user=0 | block=0 | n_kl=50 | epoch=127/1000 | objective=-15.377314 | rate=15.365948 | power=29.999935 | r_p=0.000000 | r_c=0.000000 | r_s=0.001483 | status=running
[UL Convergence] | phase=optimize | user=0 | block=0 | n_kl=50 | epoch=128/1000 | objective=-15.378104 | rate=15.366737 | power=29.999939 | r_p=0.000000 | r_c=0.000000 | r_s=0.001439 | status=running
[UL Convergence] | phase=optimize | user=0 | block=0 | n_kl=50 | epoch=129/1000 | objective=-15.378834 | rate=15.367466 | power=29.999939 | r_p=0.000000 | r_c=0.000000 | r_s=0.001395 | status=running
[UL Convergence] | phase=optimize | user=0 | block=0 | n_kl=50 | epoch=130/1000 | objective=-15.379509 | rate=15.368141 | power=29.999935 | r_p=0.000000 | r_c=0.000000 | r_s=0.001352 | status=running
[UL Convergence] | phase=optimize | user=0 | block=0 | n_kl=50 | epoch=131/1000 | objective=-15.380147 | rate=15.368778 | power=29.999939 | r_p=0.000000 | r_c=0.000000 | r_s=0.001309 | status=running
[UL Convergence] | phase=optimize | user=0 | block=0 | n_kl=50 | epoch=132/1000 | objective=-15.380738 | rate=15.369369 | power=29.999939 | r_p=0.000000 | r_c=0.000000 | r_s=0.001268 | status=running
[UL Convergence] | phase=optimize | user=0 | block=0 | n_kl=50 | epoch=133/1000 | objective=-15.381282 | rate=15.369912 | power=29.999945 | r_p=0.000000 | r_c=0.000000 | r_s=0.001227 | status=running
[UL Convergence] | phase=optimize | user=0 | block=0 | n_kl=50 | epoch=134/1000 | objective=-15.381774 | rate=15.370403 | power=29.999939 | r_p=0.000000 | r_c=0.000000 | r_s=0.001187 | status=running
[UL Convergence] | phase=optimize | user=0 | block=0 | n_kl=50 | epoch=135/1000 | objective=-15.382240 | rate=15.370870 | power=29.999939 | r_p=0.000000 | r_c=0.000000 | r_s=0.001148 | status=running
[UL Convergence] | phase=optimize | user=0 | block=0 | n_kl=50 | epoch=136/1000 | objective=-15.382661 | rate=15.371289 | power=29.999939 | r_p=0.000000 | r_c=0.000000 | r_s=0.001109 | status=running
[UL Convergence] | phase=optimize | user=0 | block=0 | n_kl=50 | epoch=137/1000 | objective=-15.383057 | rate=15.371685 | power=29.999939 | r_p=0.000000 | r_c=0.000000 | r_s=0.001072 | status=running
[UL Convergence] | phase=optimize | user=0 | block=0 | n_kl=50 | epoch=138/1000 | objective=-15.383415 | rate=15.372044 | power=29.999935 | r_p=0.000000 | r_c=0.000000 | r_s=0.001035 | status=running
[UL Convergence] | phase=optimize | user=0 | block=0 | n_kl=50 | epoch=139/1000 | objective=-15.383754 | rate=15.372381 | power=29.999945 | r_p=0.000000 | r_c=0.000000 | r_s=9.988072e-04 | status=running
[UL Convergence] | phase=optimize | user=0 | block=0 | n_kl=50 | epoch=140/1000 | objective=-15.384058 | rate=15.372685 | power=29.999939 | r_p=0.000000 | r_c=0.000000 | r_s=9.635564e-04 | status=running
[UL Convergence] | phase=optimize | user=0 | block=0 | n_kl=50 | epoch=141/1000 | objective=-15.384340 | rate=15.372968 | power=29.999939 | r_p=0.000000 | r_c=0.000000 | r_s=9.290882e-04 | status=running
[UL Convergence] | phase=optimize | user=0 | block=0 | n_kl=50 | epoch=142/1000 | objective=-15.384604 | rate=15.373230 | power=29.999939 | r_p=0.000000 | r_c=0.000000 | r_s=8.954349e-04 | status=running
[UL Convergence] | phase=optimize | user=0 | block=0 | n_kl=50 | epoch=143/1000 | objective=-15.384837 | rate=15.373464 | power=29.999939 | r_p=0.000000 | r_c=0.000000 | r_s=8.625370e-04 | status=running
[UL Convergence] | phase=optimize | user=0 | block=0 | n_kl=50 | epoch=144/1000 | objective=-15.385052 | rate=15.373678 | power=29.999939 | r_p=0.000000 | r_c=0.000000 | r_s=8.304824e-04 | status=running
[UL Convergence] | phase=optimize | user=0 | block=0 | n_kl=50 | epoch=145/1000 | objective=-15.384417 | rate=15.373043 | power=29.995390 | r_p=0.000000 | r_c=0.000000 | r_s=8.027284e-04 | status=running
[UL Convergence] | phase=optimize | user=0 | block=0 | n_kl=50 | epoch=146/1000 | objective=-15.385365 | rate=15.373991 | power=29.999939 | r_p=0.000000 | r_c=0.000000 | r_s=0.001409 | status=running
[UL Convergence] | phase=optimize | user=0 | block=0 | n_kl=50 | epoch=147/1000 | objective=-15.385446 | rate=15.374071 | power=29.999939 | r_p=0.000000 | r_c=0.000000 | r_s=0.001283 | status=running
[UL Convergence] | phase=optimize | user=0 | block=0 | n_kl=50 | epoch=148/1000 | objective=-15.385533 | rate=15.374159 | power=29.999939 | r_p=0.000000 | r_c=0.000000 | r_s=0.001169 | status=running
[UL Convergence] | phase=optimize | user=0 | block=0 | n_kl=50 | epoch=149/1000 | objective=-15.385607 | rate=15.374232 | power=29.999939 | r_p=0.000000 | r_c=0.000000 | r_s=0.001066 | status=running
[UL Convergence] | phase=optimize | user=0 | block=0 | n_kl=50 | epoch=150/1000 | objective=-15.385677 | rate=15.374303 | power=29.999945 | r_p=0.000000 | r_c=0.000000 | r_s=9.717496e-04 | status=running
[UL Convergence] | phase=optimize | user=0 | block=0 | n_kl=50 | epoch=151/1000 | objective=-15.385749 | rate=15.374374 | power=29.999939 | r_p=0.000000 | r_c=0.000000 | r_s=8.867157e-04 | status=running
[UL Convergence] | phase=optimize | user=0 | block=0 | n_kl=50 | epoch=152/1000 | objective=-15.385815 | rate=15.374440 | power=29.999945 | r_p=0.000000 | r_c=0.000000 | r_s=8.101411e-04 | status=running
[UL Convergence] | phase=optimize | user=0 | block=0 | n_kl=50 | epoch=153/1000 | objective=-15.385880 | rate=15.374505 | power=29.999939 | r_p=0.000000 | r_c=0.000000 | r_s=7.416269e-04 | status=running
[UL Convergence] | phase=optimize | user=0 | block=0 | n_kl=50 | epoch=154/1000 | objective=-15.385942 | rate=15.374568 | power=29.999929 | r_p=0.000000 | r_c=0.000000 | r_s=6.807589e-04 | status=running
[UL Convergence] | phase=optimize | user=0 | block=0 | n_kl=50 | epoch=155/1000 | objective=-15.386001 | rate=15.374626 | power=29.999935 | r_p=0.000000 | r_c=0.000000 | r_s=6.271191e-04 | status=running
[UL Convergence] | phase=optimize | user=0 | block=0 | n_kl=50 | epoch=156/1000 | objective=-15.386060 | rate=15.374685 | power=29.999939 | r_p=0.000000 | r_c=0.000000 | r_s=5.803368e-04 | status=kkt_converged
[UL Convergence Result] | user=0 | block=0 | n_kl=50 | achieved_rate=15.374685 | power=29.999939 | rate_gap=-11.374685 | power_gap=-6.103516e-05 | solve_status=kkt_converged
[UL Convergence Allocation] | user=0 | block=0 | n_kl=50 | requested_bits=200 | served_bits=200 | full_service=true
[UL Convergence Block] | user=0 | block=0 | stage=post_T | served_bits=200 | unserved_bits=0
[UL Convergence Reduction] | user=0 | block=0 | served_bits=200 | n_start=49 | n_min=1
[UL Convergence Solve] | user=0 | block=0 | stage=reduced_n | n_kl=49 | served_bits=200
[UL Convergence] | phase=optimize | user=0 | block=0 | n_kl=49 | epoch=1/1000 | objective=-15.359639 | rate=15.348372 | power=29.999939 | r_p=0.000000 | r_c=0.000000 | r_s=inf | status=running
[UL Convergence] | phase=optimize | user=0 | block=0 | n_kl=49 | epoch=2/1000 | objective=-15.359694 | rate=15.348427 | power=29.999939 | r_p=0.000000 | r_c=0.000000 | r_s=5.398831e-04 | status=kkt_converged
[UL Convergence Candidate] | user=0 | block=0 | n_kl=49 | achieved_rate=15.348427 | rate_gap=-11.266794 | power_gap=-6.103516e-05 | status=accepted
[UL Convergence Solve] | user=0 | block=0 | stage=reduced_n | n_kl=40 | served_bits=200
[UL Convergence] | phase=optimize | user=0 | block=0 | n_kl=40 | epoch=1/1000 | objective=-15.079311 | rate=15.069242 | power=29.999939 | r_p=0.000000 | r_c=0.000000 | r_s=inf | status=running
[UL Convergence] | phase=optimize | user=0 | block=0 | n_kl=40 | epoch=2/1000 | objective=-15.079358 | rate=15.069289 | power=29.999939 | r_p=0.000000 | r_c=0.000000 | r_s=3.651990e-04 | status=kkt_converged
[UL Convergence Candidate] | user=0 | block=0 | n_kl=40 | achieved_rate=15.069289 | rate_gap=-10.069289 | power_gap=-6.103516e-05 | status=accepted
[UL Convergence Solve] | user=0 | block=0 | stage=reduced_n | n_kl=30 | served_bits=200
[UL Convergence] | phase=optimize | user=0 | block=0 | n_kl=30 | epoch=1/1000 | objective=-14.629260 | rate=14.621305 | power=29.999939 | r_p=0.000000 | r_c=0.000000 | r_s=inf | status=running
[UL Convergence] | phase=optimize | user=0 | block=0 | n_kl=30 | epoch=2/1000 | objective=-14.629283 | rate=14.621328 | power=29.999935 | r_p=0.000000 | r_c=0.000000 | r_s=2.776636e-04 | status=kkt_converged
[UL Convergence Candidate] | user=0 | block=0 | n_kl=30 | achieved_rate=14.621328 | rate_gap=-7.954662 | power_gap=-6.484985e-05 | status=accepted
[UL Convergence Solve] | user=0 | block=0 | stage=reduced_n | n_kl=20 | served_bits=200
[UL Convergence] | phase=optimize | user=0 | block=0 | n_kl=20 | epoch=1/1000 | objective=-13.873343 | rate=13.869474 | power=29.999945 | r_p=0.000000 | r_c=0.000000 | r_s=inf | status=running
[UL Convergence] | phase=optimize | user=0 | block=0 | n_kl=20 | epoch=2/1000 | objective=-13.873351 | rate=13.869482 | power=29.999939 | r_p=0.000000 | r_c=0.000000 | r_s=1.861874e-04 | status=kkt_converged
[UL Convergence Candidate] | user=0 | block=0 | n_kl=20 | achieved_rate=13.869482 | rate_gap=-3.869482 | power_gap=-6.103516e-05 | status=accepted
[UL Convergence Reduction] | user=0 | block=0 | n_kl=15 | status=stop_infeasible
[UL Convergence Final] | user=0 | block=0 | feasible_points=35 | chosen_n_kl=16 | served_bits=200 | achieved_rate=13.385834 | power=29.999939 | solve_status=kkt_converged
[UL Convergence Allocation] | user=0 | block=0 | chosen_n_kl=16 | served_bits=200 | unserved_bits=0 | mode=fixed_block_targets
[UL Convergence Train] | user=0 | block=1 | target_bits=200 | mode=fixed_block_targets
[UL Convergence Block] | user=0 | block=1 | budget_mode=target_bits | requested_bits=200
[UL Convergence Solve] | user=0 | block=1 | stage=n=T | n_kl=50 | requested_bits=200
[UL Convergence] | phase=optimize | user=0 | block=1 | n_kl=50 | epoch=1/1000 | objective=-11.739459 | rate=11.731728 | power=29.999935 | r_p=0.000000 | r_c=0.000000 | r_s=inf | status=running
[UL Convergence] | phase=optimize | user=0 | block=1 | n_kl=50 | epoch=2/1000 | objective=-11.795781 | rate=11.787991 | power=29.974335 | r_p=0.000000 | r_c=0.000000 | r_s=0.010328 | status=running
[UL Convergence] | phase=optimize | user=0 | block=1 | n_kl=50 | epoch=3/1000 | objective=-11.845278 | rate=11.837440 | power=29.999939 | r_p=0.000000 | r_c=0.000000 | r_s=0.007627 | status=running
[UL Convergence] | phase=optimize | user=0 | block=1 | n_kl=50 | epoch=4/1000 | objective=-11.893706 | rate=11.885820 | power=29.999939 | r_p=0.000000 | r_c=0.000000 | r_s=0.007879 | status=running
[UL Convergence] | phase=optimize | user=0 | block=1 | n_kl=50 | epoch=5/1000 | objective=-11.943349 | rate=11.935413 | power=29.999939 | r_p=0.000000 | r_c=0.000000 | r_s=0.008067 | status=running
[UL Convergence] | phase=optimize | user=0 | block=1 | n_kl=50 | epoch=6/1000 | objective=-11.993729 | rate=11.985743 | power=29.999945 | r_p=0.000000 | r_c=0.000000 | r_s=0.008186 | status=running
[UL Convergence] | phase=optimize | user=0 | block=1 | n_kl=50 | epoch=7/1000 | objective=-12.044580 | rate=12.036544 | power=29.999939 | r_p=0.000000 | r_c=0.000000 | r_s=0.008249 | status=running
[UL Convergence] | phase=optimize | user=0 | block=1 | n_kl=50 | epoch=8/1000 | objective=-12.095875 | rate=12.087787 | power=29.999935 | r_p=0.000000 | r_c=0.000000 | r_s=0.008270 | status=running
[UL Convergence] | phase=optimize | user=0 | block=1 | n_kl=50 | epoch=9/1000 | objective=-12.147668 | rate=12.139528 | power=29.999939 | r_p=0.000000 | r_c=0.000000 | r_s=0.008261 | status=running
[UL Convergence] | phase=optimize | user=0 | block=1 | n_kl=50 | epoch=10/1000 | objective=-12.200096 | rate=12.191904 | power=29.999939 | r_p=0.000000 | r_c=0.000000 | r_s=0.008250 | status=running
[UL Convergence] | phase=optimize | user=0 | block=1 | n_kl=50 | epoch=11/1000 | objective=-12.253409 | rate=12.245164 | power=29.999935 | r_p=0.000000 | r_c=0.000000 | r_s=0.008263 | status=running
[UL Convergence] | phase=optimize | user=0 | block=1 | n_kl=50 | epoch=12/1000 | objective=-12.307866 | rate=12.299566 | power=29.999939 | r_p=0.000000 | r_c=0.000000 | r_s=0.008311 | status=running
[UL Convergence] | phase=optimize | user=0 | block=1 | n_kl=50 | epoch=13/1000 | objective=-12.363731 | rate=12.355376 | power=29.999939 | r_p=0.000000 | r_c=0.000000 | r_s=0.008375 | status=running
[UL Convergence] | phase=optimize | user=0 | block=1 | n_kl=50 | epoch=14/1000 | objective=-12.421230 | rate=12.412818 | power=29.999935 | r_p=0.000000 | r_c=0.000000 | r_s=0.008441 | status=running
[UL Convergence] | phase=optimize | user=0 | block=1 | n_kl=50 | epoch=15/1000 | objective=-12.480592 | rate=12.472119 | power=29.999939 | r_p=0.000000 | r_c=0.000000 | r_s=0.008502 | status=running
[UL Convergence] | phase=optimize | user=0 | block=1 | n_kl=50 | epoch=16/1000 | objective=-12.541965 | rate=12.533432 | power=29.999935 | r_p=0.000000 | r_c=0.000000 | r_s=0.008558 | status=running
[UL Convergence] | phase=optimize | user=0 | block=1 | n_kl=50 | epoch=17/1000 | objective=-12.605490 | rate=12.596893 | power=29.999939 | r_p=0.000000 | r_c=0.000000 | r_s=0.008613 | status=running
[UL Convergence] | phase=optimize | user=0 | block=1 | n_kl=50 | epoch=18/1000 | objective=-12.671201 | rate=12.662539 | power=29.999939 | r_p=0.000000 | r_c=0.000000 | r_s=0.008670 | status=running
[UL Convergence] | phase=optimize | user=0 | block=1 | n_kl=50 | epoch=19/1000 | objective=-12.739107 | rate=12.730377 | power=29.999939 | r_p=0.000000 | r_c=0.000000 | r_s=0.008730 | status=running
[UL Convergence] | phase=optimize | user=0 | block=1 | n_kl=50 | epoch=20/1000 | objective=-12.809068 | rate=12.800267 | power=29.999939 | r_p=0.000000 | r_c=0.000000 | r_s=0.008794 | status=running
[UL Convergence] | phase=optimize | user=0 | block=1 | n_kl=50 | epoch=21/1000 | objective=-12.880893 | rate=12.872021 | power=29.999939 | r_p=0.000000 | r_c=0.000000 | r_s=0.008859 | status=running
[UL Convergence] | phase=optimize | user=0 | block=1 | n_kl=50 | epoch=22/1000 | objective=-12.954311 | rate=12.945366 | power=29.999935 | r_p=0.000000 | r_c=0.000000 | r_s=0.008924 | status=running
[UL Convergence] | phase=optimize | user=0 | block=1 | n_kl=50 | epoch=23/1000 | objective=-13.028972 | rate=13.019952 | power=29.999935 | r_p=0.000000 | r_c=0.000000 | r_s=0.008984 | status=running
[UL Convergence] | phase=optimize | user=0 | block=1 | n_kl=50 | epoch=24/1000 | objective=-13.104528 | rate=13.095433 | power=29.999935 | r_p=0.000000 | r_c=0.000000 | r_s=0.009039 | status=running
[UL Convergence] | phase=optimize | user=0 | block=1 | n_kl=50 | epoch=25/1000 | objective=-13.180581 | rate=13.171410 | power=29.999939 | r_p=0.000000 | r_c=0.000000 | r_s=0.009084 | status=running
[UL Convergence] | phase=optimize | user=0 | block=1 | n_kl=50 | epoch=26/1000 | objective=-13.256716 | rate=13.247468 | power=29.999939 | r_p=0.000000 | r_c=0.000000 | r_s=0.009117 | status=running
[UL Convergence] | phase=optimize | user=0 | block=1 | n_kl=50 | epoch=27/1000 | objective=-13.332558 | rate=13.323235 | power=29.999939 | r_p=0.000000 | r_c=0.000000 | r_s=0.009138 | status=running
[UL Convergence] | phase=optimize | user=0 | block=1 | n_kl=50 | epoch=28/1000 | objective=-13.407761 | rate=13.398362 | power=29.999935 | r_p=0.000000 | r_c=0.000000 | r_s=0.009146 | status=running
[UL Convergence] | phase=optimize | user=0 | block=1 | n_kl=50 | epoch=29/1000 | objective=-13.481991 | rate=13.472518 | power=29.999939 | r_p=0.000000 | r_c=0.000000 | r_s=0.009138 | status=running
[UL Convergence] | phase=optimize | user=0 | block=1 | n_kl=50 | epoch=30/1000 | objective=-13.554940 | rate=13.545395 | power=29.999939 | r_p=0.000000 | r_c=0.000000 | r_s=0.009117 | status=running
[UL Convergence] | phase=optimize | user=0 | block=1 | n_kl=50 | epoch=31/1000 | objective=-13.626379 | rate=13.616762 | power=29.999935 | r_p=0.000000 | r_c=0.000000 | r_s=0.009080 | status=running
[UL Convergence] | phase=optimize | user=0 | block=1 | n_kl=50 | epoch=32/1000 | objective=-13.696092 | rate=13.686405 | power=29.999939 | r_p=0.000000 | r_c=0.000000 | r_s=0.009029 | status=running
[UL Convergence] | phase=optimize | user=0 | block=1 | n_kl=50 | epoch=33/1000 | objective=-13.763927 | rate=13.754173 | power=29.999939 | r_p=0.000000 | r_c=0.000000 | r_s=0.008965 | status=running
[UL Convergence] | phase=optimize | user=0 | block=1 | n_kl=50 | epoch=34/1000 | objective=-13.829751 | rate=13.819931 | power=29.999939 | r_p=0.000000 | r_c=0.000000 | r_s=0.008889 | status=running
[UL Convergence] | phase=optimize | user=0 | block=1 | n_kl=50 | epoch=35/1000 | objective=-13.893465 | rate=13.883581 | power=29.999945 | r_p=0.000000 | r_c=0.000000 | r_s=0.008801 | status=running
[UL Convergence] | phase=optimize | user=0 | block=1 | n_kl=50 | epoch=36/1000 | objective=-13.955009 | rate=13.945065 | power=29.999939 | r_p=0.000000 | r_c=0.000000 | r_s=0.008702 | status=running
[UL Convergence] | phase=optimize | user=0 | block=1 | n_kl=50 | epoch=37/1000 | objective=-14.014364 | rate=14.004360 | power=29.999945 | r_p=0.000000 | r_c=0.000000 | r_s=0.008595 | status=running
[UL Convergence] | phase=optimize | user=0 | block=1 | n_kl=50 | epoch=38/1000 | objective=-14.071506 | rate=14.061444 | power=29.999939 | r_p=0.000000 | r_c=0.000000 | r_s=0.008481 | status=running
[UL Convergence] | phase=optimize | user=0 | block=1 | n_kl=50 | epoch=39/1000 | objective=-14.126457 | rate=14.116341 | power=29.999945 | r_p=0.000000 | r_c=0.000000 | r_s=0.008361 | status=running
[UL Convergence] | phase=optimize | user=0 | block=1 | n_kl=50 | epoch=40/1000 | objective=-14.179242 | rate=14.169073 | power=29.999945 | r_p=0.000000 | r_c=0.000000 | r_s=0.008235 | status=running
[UL Convergence] | phase=optimize | user=0 | block=1 | n_kl=50 | epoch=41/1000 | objective=-14.229897 | rate=14.219678 | power=29.999939 | r_p=0.000000 | r_c=0.000000 | r_s=0.008107 | status=running
[UL Convergence] | phase=optimize | user=0 | block=1 | n_kl=50 | epoch=42/1000 | objective=-14.278485 | rate=14.268217 | power=29.999939 | r_p=0.000000 | r_c=0.000000 | r_s=0.007977 | status=running
[UL Convergence] | phase=optimize | user=0 | block=1 | n_kl=50 | epoch=43/1000 | objective=-14.325050 | rate=14.314735 | power=29.999945 | r_p=0.000000 | r_c=0.000000 | r_s=0.007845 | status=running
[UL Convergence] | phase=optimize | user=0 | block=1 | n_kl=50 | epoch=44/1000 | objective=-14.369656 | rate=14.359296 | power=29.999939 | r_p=0.000000 | r_c=0.000000 | r_s=0.007713 | status=running
[UL Convergence] | phase=optimize | user=0 | block=1 | n_kl=50 | epoch=45/1000 | objective=-14.412363 | rate=14.401961 | power=29.999939 | r_p=0.000000 | r_c=0.000000 | r_s=0.007582 | status=running
[UL Convergence] | phase=optimize | user=0 | block=1 | n_kl=50 | epoch=46/1000 | objective=-14.453259 | rate=14.442816 | power=29.999939 | r_p=0.000000 | r_c=0.000000 | r_s=0.007453 | status=running
[UL Convergence] | phase=optimize | user=0 | block=1 | n_kl=50 | epoch=47/1000 | objective=-14.492400 | rate=14.481918 | power=29.999945 | r_p=0.000000 | r_c=0.000000 | r_s=0.007325 | status=running
[UL Convergence] | phase=optimize | user=0 | block=1 | n_kl=50 | epoch=48/1000 | objective=-14.529854 | rate=14.519335 | power=29.999935 | r_p=0.000000 | r_c=0.000000 | r_s=0.007199 | status=running
[UL Convergence] | phase=optimize | user=0 | block=1 | n_kl=50 | epoch=49/1000 | objective=-14.565680 | rate=14.555124 | power=29.999939 | r_p=0.000000 | r_c=0.000000 | r_s=0.007076 | status=running
[UL Convergence] | phase=optimize | user=0 | block=1 | n_kl=50 | epoch=50/1000 | objective=-14.599957 | rate=14.589368 | power=29.999939 | r_p=0.000000 | r_c=0.000000 | r_s=0.006954 | status=running
[UL Convergence] | phase=optimize | user=0 | block=1 | n_kl=50 | epoch=51/1000 | objective=-14.632738 | rate=14.622116 | power=29.999945 | r_p=0.000000 | r_c=0.000000 | r_s=0.006836 | status=running
[UL Convergence] | phase=optimize | user=0 | block=1 | n_kl=50 | epoch=52/1000 | objective=-14.664092 | rate=14.653439 | power=29.999939 | r_p=0.000000 | r_c=0.000000 | r_s=0.006719 | status=running
[UL Convergence] | phase=optimize | user=0 | block=1 | n_kl=50 | epoch=53/1000 | objective=-14.694067 | rate=14.683384 | power=29.999939 | r_p=0.000000 | r_c=0.000000 | r_s=0.006605 | status=running
[UL Convergence] | phase=optimize | user=0 | block=1 | n_kl=50 | epoch=54/1000 | objective=-14.722729 | rate=14.712017 | power=29.999945 | r_p=0.000000 | r_c=0.000000 | r_s=0.006493 | status=running
[UL Convergence] | phase=optimize | user=0 | block=1 | n_kl=50 | epoch=55/1000 | objective=-14.750126 | rate=14.739387 | power=29.999945 | r_p=0.000000 | r_c=0.000000 | r_s=0.006383 | status=running
[UL Convergence] | phase=optimize | user=0 | block=1 | n_kl=50 | epoch=56/1000 | objective=-14.776310 | rate=14.765545 | power=29.999945 | r_p=0.000000 | r_c=0.000000 | r_s=0.006274 | status=running
[UL Convergence] | phase=optimize | user=0 | block=1 | n_kl=50 | epoch=57/1000 | objective=-14.801343 | rate=14.790552 | power=29.999935 | r_p=0.000000 | r_c=0.000000 | r_s=0.006167 | status=running
[UL Convergence] | phase=optimize | user=0 | block=1 | n_kl=50 | epoch=58/1000 | objective=-14.825260 | rate=14.814445 | power=29.999939 | r_p=0.000000 | r_c=0.000000 | r_s=0.006061 | status=running
[UL Convergence] | phase=optimize | user=0 | block=1 | n_kl=50 | epoch=59/1000 | objective=-14.848115 | rate=14.837277 | power=29.999939 | r_p=0.000000 | r_c=0.000000 | r_s=0.005957 | status=running
[UL Convergence] | phase=optimize | user=0 | block=1 | n_kl=50 | epoch=60/1000 | objective=-14.869946 | rate=14.859087 | power=29.999939 | r_p=0.000000 | r_c=0.000000 | r_s=0.005853 | status=running
[UL Convergence] | phase=optimize | user=0 | block=1 | n_kl=50 | epoch=61/1000 | objective=-14.890811 | rate=14.879931 | power=29.999939 | r_p=0.000000 | r_c=0.000000 | r_s=0.005751 | status=running
[UL Convergence] | phase=optimize | user=0 | block=1 | n_kl=50 | epoch=62/1000 | objective=-14.910726 | rate=14.899826 | power=29.999939 | r_p=0.000000 | r_c=0.000000 | r_s=0.005649 | status=running
[UL Convergence] | phase=optimize | user=0 | block=1 | n_kl=50 | epoch=63/1000 | objective=-14.929757 | rate=14.918839 | power=29.999939 | r_p=0.000000 | r_c=0.000000 | r_s=0.005549 | status=running
[UL Convergence] | phase=optimize | user=0 | block=1 | n_kl=50 | epoch=64/1000 | objective=-14.947933 | rate=14.936996 | power=29.999945 | r_p=0.000000 | r_c=0.000000 | r_s=0.005449 | status=running
[UL Convergence] | phase=optimize | user=0 | block=1 | n_kl=50 | epoch=65/1000 | objective=-14.965287 | rate=14.954333 | power=29.999945 | r_p=0.000000 | r_c=0.000000 | r_s=0.005350 | status=running
[UL Convergence] | phase=optimize | user=0 | block=1 | n_kl=50 | epoch=66/1000 | objective=-14.981862 | rate=14.970891 | power=29.999945 | r_p=0.000000 | r_c=0.000000 | r_s=0.005252 | status=running
[UL Convergence] | phase=optimize | user=0 | block=1 | n_kl=50 | epoch=67/1000 | objective=-14.997686 | rate=14.986700 | power=29.999939 | r_p=0.000000 | r_c=0.000000 | r_s=0.005154 | status=running
[UL Convergence] | phase=optimize | user=0 | block=1 | n_kl=50 | epoch=68/1000 | objective=-15.012789 | rate=15.001787 | power=29.999939 | r_p=0.000000 | r_c=0.000000 | r_s=0.005058 | status=running
[UL Convergence] | phase=optimize | user=0 | block=1 | n_kl=50 | epoch=69/1000 | objective=-15.027209 | rate=15.016193 | power=29.999939 | r_p=0.000000 | r_c=0.000000 | r_s=0.004963 | status=running
[UL Convergence] | phase=optimize | user=0 | block=1 | n_kl=50 | epoch=70/1000 | objective=-15.040978 | rate=15.029948 | power=29.999939 | r_p=0.000000 | r_c=0.000000 | r_s=0.004869 | status=running
[UL Convergence] | phase=optimize | user=0 | block=1 | n_kl=50 | epoch=71/1000 | objective=-15.054121 | rate=15.043077 | power=29.999945 | r_p=0.000000 | r_c=0.000000 | r_s=0.004775 | status=running
[UL Convergence] | phase=optimize | user=0 | block=1 | n_kl=50 | epoch=72/1000 | objective=-15.066672 | rate=15.055616 | power=29.999939 | r_p=0.000000 | r_c=0.000000 | r_s=0.004683 | status=running
[UL Convergence] | phase=optimize | user=0 | block=1 | n_kl=50 | epoch=73/1000 | objective=-15.078650 | rate=15.067582 | power=29.999939 | r_p=0.000000 | r_c=0.000000 | r_s=0.004592 | status=running
[UL Convergence] | phase=optimize | user=0 | block=1 | n_kl=50 | epoch=74/1000 | objective=-15.090069 | rate=15.078990 | power=29.999939 | r_p=0.000000 | r_c=0.000000 | r_s=0.004503 | status=running
[UL Convergence] | phase=optimize | user=0 | block=1 | n_kl=50 | epoch=75/1000 | objective=-15.100987 | rate=15.089897 | power=29.999939 | r_p=0.000000 | r_c=0.000000 | r_s=0.004415 | status=running
[UL Convergence] | phase=optimize | user=0 | block=1 | n_kl=50 | epoch=76/1000 | objective=-15.111391 | rate=15.100291 | power=29.999945 | r_p=0.000000 | r_c=0.000000 | r_s=0.004327 | status=running
[UL Convergence] | phase=optimize | user=0 | block=1 | n_kl=50 | epoch=77/1000 | objective=-15.121323 | rate=15.110212 | power=29.999945 | r_p=0.000000 | r_c=0.000000 | r_s=0.004242 | status=running
[UL Convergence] | phase=optimize | user=0 | block=1 | n_kl=50 | epoch=78/1000 | objective=-15.130795 | rate=15.119675 | power=29.999939 | r_p=0.000000 | r_c=0.000000 | r_s=0.004157 | status=running
[UL Convergence] | phase=optimize | user=0 | block=1 | n_kl=50 | epoch=79/1000 | objective=-15.139843 | rate=15.128715 | power=29.999945 | r_p=0.000000 | r_c=0.000000 | r_s=0.004074 | status=running
[UL Convergence] | phase=optimize | user=0 | block=1 | n_kl=50 | epoch=80/1000 | objective=-15.148463 | rate=15.137326 | power=29.999939 | r_p=0.000000 | r_c=0.000000 | r_s=0.003992 | status=running
[UL Convergence] | phase=optimize | user=0 | block=1 | n_kl=50 | epoch=81/1000 | objective=-15.156677 | rate=15.145532 | power=29.999945 | r_p=0.000000 | r_c=0.000000 | r_s=0.003912 | status=running
[UL Convergence] | phase=optimize | user=0 | block=1 | n_kl=50 | epoch=82/1000 | objective=-15.164525 | rate=15.153372 | power=29.999939 | r_p=0.000000 | r_c=0.000000 | r_s=0.003832 | status=running
[UL Convergence] | phase=optimize | user=0 | block=1 | n_kl=50 | epoch=83/1000 | objective=-15.171994 | rate=15.160833 | power=29.999945 | r_p=0.000000 | r_c=0.000000 | r_s=0.003754 | status=running
[UL Convergence] | phase=optimize | user=0 | block=1 | n_kl=50 | epoch=84/1000 | objective=-15.179117 | rate=15.167950 | power=29.999945 | r_p=0.000000 | r_c=0.000000 | r_s=0.003677 | status=running
[UL Convergence] | phase=optimize | user=0 | block=1 | n_kl=50 | epoch=85/1000 | objective=-15.185904 | rate=15.174728 | power=29.999945 | r_p=0.000000 | r_c=0.000000 | r_s=0.003601 | status=running
[UL Convergence] | phase=optimize | user=0 | block=1 | n_kl=50 | epoch=86/1000 | objective=-15.192354 | rate=15.181173 | power=29.999935 | r_p=0.000000 | r_c=0.000000 | r_s=0.003526 | status=running
[UL Convergence] | phase=optimize | user=0 | block=1 | n_kl=50 | epoch=87/1000 | objective=-15.198527 | rate=15.187340 | power=29.999945 | r_p=0.000000 | r_c=0.000000 | r_s=0.003452 | status=running
[UL Convergence] | phase=optimize | user=0 | block=1 | n_kl=50 | epoch=88/1000 | objective=-15.204374 | rate=15.193181 | power=29.999939 | r_p=0.000000 | r_c=0.000000 | r_s=0.003379 | status=running
[UL Convergence] | phase=optimize | user=0 | block=1 | n_kl=50 | epoch=89/1000 | objective=-15.209945 | rate=15.198746 | power=29.999935 | r_p=0.000000 | r_c=0.000000 | r_s=0.003307 | status=running
[UL Convergence] | phase=optimize | user=0 | block=1 | n_kl=50 | epoch=90/1000 | objective=-15.215246 | rate=15.204042 | power=29.999939 | r_p=0.000000 | r_c=0.000000 | r_s=0.003236 | status=running
[UL Convergence] | phase=optimize | user=0 | block=1 | n_kl=50 | epoch=91/1000 | objective=-15.220282 | rate=15.209072 | power=29.999939 | r_p=0.000000 | r_c=0.000000 | r_s=0.003166 | status=running
[UL Convergence] | phase=optimize | user=0 | block=1 | n_kl=50 | epoch=92/1000 | objective=-15.225069 | rate=15.213855 | power=29.999939 | r_p=0.000000 | r_c=0.000000 | r_s=0.003096 | status=running
[UL Convergence] | phase=optimize | user=0 | block=1 | n_kl=50 | epoch=93/1000 | objective=-15.229618 | rate=15.218400 | power=29.999939 | r_p=0.000000 | r_c=0.000000 | r_s=0.003028 | status=running
[UL Convergence] | phase=optimize | user=0 | block=1 | n_kl=50 | epoch=94/1000 | objective=-15.233948 | rate=15.222725 | power=29.999939 | r_p=0.000000 | r_c=0.000000 | r_s=0.002960 | status=running
[UL Convergence] | phase=optimize | user=0 | block=1 | n_kl=50 | epoch=95/1000 | objective=-15.238052 | rate=15.226826 | power=29.999945 | r_p=0.000000 | r_c=0.000000 | r_s=0.002893 | status=running
[UL Convergence] | phase=optimize | user=0 | block=1 | n_kl=50 | epoch=96/1000 | objective=-15.241947 | rate=15.230717 | power=29.999939 | r_p=0.000000 | r_c=0.000000 | r_s=0.002827 | status=running
[UL Convergence] | phase=optimize | user=0 | block=1 | n_kl=50 | epoch=97/1000 | objective=-15.245644 | rate=15.234409 | power=29.999939 | r_p=0.000000 | r_c=0.000000 | r_s=0.002762 | status=running
[UL Convergence] | phase=optimize | user=0 | block=1 | n_kl=50 | epoch=98/1000 | objective=-15.249146 | rate=15.237908 | power=29.999939 | r_p=0.000000 | r_c=0.000000 | r_s=0.002697 | status=running
[UL Convergence] | phase=optimize | user=0 | block=1 | n_kl=50 | epoch=99/1000 | objective=-15.252463 | rate=15.241222 | power=29.999939 | r_p=0.000000 | r_c=0.000000 | r_s=0.002634 | status=running
[UL Convergence] | phase=optimize | user=0 | block=1 | n_kl=50 | epoch=100/1000 | objective=-15.255609 | rate=15.244364 | power=29.999945 | r_p=0.000000 | r_c=0.000000 | r_s=0.002571 | status=running
[UL Convergence] | phase=optimize | user=0 | block=1 | n_kl=50 | epoch=101/1000 | objective=-15.258596 | rate=15.247349 | power=29.999939 | r_p=0.000000 | r_c=0.000000 | r_s=0.002509 | status=running
[UL Convergence] | phase=optimize | user=0 | block=1 | n_kl=50 | epoch=102/1000 | objective=-15.261413 | rate=15.250162 | power=29.999939 | r_p=0.000000 | r_c=0.000000 | r_s=0.002448 | status=running
[UL Convergence] | phase=optimize | user=0 | block=1 | n_kl=50 | epoch=103/1000 | objective=-15.264078 | rate=15.252826 | power=29.999939 | r_p=0.000000 | r_c=0.000000 | r_s=0.002388 | status=running
[UL Convergence] | phase=optimize | user=0 | block=1 | n_kl=50 | epoch=104/1000 | objective=-15.266600 | rate=15.255344 | power=29.999945 | r_p=0.000000 | r_c=0.000000 | r_s=0.002328 | status=running
[UL Convergence] | phase=optimize | user=0 | block=1 | n_kl=50 | epoch=105/1000 | objective=-15.268992 | rate=15.257734 | power=29.999945 | r_p=0.000000 | r_c=0.000000 | r_s=0.002270 | status=running
[UL Convergence] | phase=optimize | user=0 | block=1 | n_kl=50 | epoch=106/1000 | objective=-15.271250 | rate=15.259990 | power=29.999939 | r_p=0.000000 | r_c=0.000000 | r_s=0.002213 | status=running
[UL Convergence] | phase=optimize | user=0 | block=1 | n_kl=50 | epoch=107/1000 | objective=-15.273377 | rate=15.262115 | power=29.999945 | r_p=0.000000 | r_c=0.000000 | r_s=0.002156 | status=running
[UL Convergence] | phase=optimize | user=0 | block=1 | n_kl=50 | epoch=108/1000 | objective=-15.275387 | rate=15.264123 | power=29.999935 | r_p=0.000000 | r_c=0.000000 | r_s=0.002101 | status=running
[UL Convergence] | phase=optimize | user=0 | block=1 | n_kl=50 | epoch=109/1000 | objective=-15.277286 | rate=15.266020 | power=29.999945 | r_p=0.000000 | r_c=0.000000 | r_s=0.002046 | status=running
[UL Convergence] | phase=optimize | user=0 | block=1 | n_kl=50 | epoch=110/1000 | objective=-15.279080 | rate=15.267813 | power=29.999939 | r_p=0.000000 | r_c=0.000000 | r_s=0.001992 | status=running
[UL Convergence] | phase=optimize | user=0 | block=1 | n_kl=50 | epoch=111/1000 | objective=-15.280772 | rate=15.269503 | power=29.999939 | r_p=0.000000 | r_c=0.000000 | r_s=0.001940 | status=running
[UL Convergence] | phase=optimize | user=0 | block=1 | n_kl=50 | epoch=112/1000 | objective=-15.282358 | rate=15.271087 | power=29.999945 | r_p=0.000000 | r_c=0.000000 | r_s=0.001888 | status=running
[UL Convergence] | phase=optimize | user=0 | block=1 | n_kl=50 | epoch=113/1000 | objective=-15.283864 | rate=15.272592 | power=29.999939 | r_p=0.000000 | r_c=0.000000 | r_s=0.001838 | status=running
[UL Convergence] | phase=optimize | user=0 | block=1 | n_kl=50 | epoch=114/1000 | objective=-15.285282 | rate=15.274008 | power=29.999939 | r_p=0.000000 | r_c=0.000000 | r_s=0.001788 | status=running
[UL Convergence] | phase=optimize | user=0 | block=1 | n_kl=50 | epoch=115/1000 | objective=-15.286613 | rate=15.275337 | power=29.999939 | r_p=0.000000 | r_c=0.000000 | r_s=0.001740 | status=running
[UL Convergence] | phase=optimize | user=0 | block=1 | n_kl=50 | epoch=116/1000 | objective=-15.287861 | rate=15.276585 | power=29.999939 | r_p=0.000000 | r_c=0.000000 | r_s=0.001692 | status=running
[UL Convergence] | phase=optimize | user=0 | block=1 | n_kl=50 | epoch=117/1000 | objective=-15.289042 | rate=15.277763 | power=29.999939 | r_p=0.000000 | r_c=0.000000 | r_s=0.001645 | status=running
[UL Convergence] | phase=optimize | user=0 | block=1 | n_kl=50 | epoch=118/1000 | objective=-15.290141 | rate=15.278862 | power=29.999945 | r_p=0.000000 | r_c=0.000000 | r_s=0.001600 | status=running
[UL Convergence] | phase=optimize | user=0 | block=1 | n_kl=50 | epoch=119/1000 | objective=-15.291190 | rate=15.279910 | power=29.999939 | r_p=0.000000 | r_c=0.000000 | r_s=0.001555 | status=running
[UL Convergence] | phase=optimize | user=0 | block=1 | n_kl=50 | epoch=120/1000 | objective=-15.292169 | rate=15.280888 | power=29.999939 | r_p=0.000000 | r_c=0.000000 | r_s=0.001511 | status=running
[UL Convergence] | phase=optimize | user=0 | block=1 | n_kl=50 | epoch=121/1000 | objective=-15.293090 | rate=15.281808 | power=29.999945 | r_p=0.000000 | r_c=0.000000 | r_s=0.001468 | status=running
[UL Convergence] | phase=optimize | user=0 | block=1 | n_kl=50 | epoch=122/1000 | objective=-15.293952 | rate=15.282669 | power=29.999939 | r_p=0.000000 | r_c=0.000000 | r_s=0.001426 | status=running
[UL Convergence] | phase=optimize | user=0 | block=1 | n_kl=50 | epoch=123/1000 | objective=-15.294767 | rate=15.283484 | power=29.999939 | r_p=0.000000 | r_c=0.000000 | r_s=0.001385 | status=running
[UL Convergence] | phase=optimize | user=0 | block=1 | n_kl=50 | epoch=124/1000 | objective=-15.295525 | rate=15.284241 | power=29.999939 | r_p=0.000000 | r_c=0.000000 | r_s=0.001345 | status=running
[UL Convergence] | phase=optimize | user=0 | block=1 | n_kl=50 | epoch=125/1000 | objective=-15.296227 | rate=15.284942 | power=29.999945 | r_p=0.000000 | r_c=0.000000 | r_s=0.001306 | status=running
[UL Convergence] | phase=optimize | user=0 | block=1 | n_kl=50 | epoch=126/1000 | objective=-15.296906 | rate=15.285620 | power=29.999939 | r_p=0.000000 | r_c=0.000000 | r_s=0.001268 | status=running
[UL Convergence] | phase=optimize | user=0 | block=1 | n_kl=50 | epoch=127/1000 | objective=-15.297524 | rate=15.286239 | power=29.999939 | r_p=0.000000 | r_c=0.000000 | r_s=0.001231 | status=running
[UL Convergence] | phase=optimize | user=0 | block=1 | n_kl=50 | epoch=128/1000 | objective=-15.298112 | rate=15.286825 | power=29.999939 | r_p=0.000000 | r_c=0.000000 | r_s=0.001194 | status=running
[UL Convergence] | phase=optimize | user=0 | block=1 | n_kl=50 | epoch=129/1000 | objective=-15.298664 | rate=15.287376 | power=29.999945 | r_p=0.000000 | r_c=0.000000 | r_s=0.001159 | status=running
[UL Convergence] | phase=optimize | user=0 | block=1 | n_kl=50 | epoch=130/1000 | objective=-15.299173 | rate=15.287886 | power=29.999939 | r_p=0.000000 | r_c=0.000000 | r_s=0.001124 | status=running
[UL Convergence] | phase=optimize | user=0 | block=1 | n_kl=50 | epoch=131/1000 | objective=-15.299645 | rate=15.288357 | power=29.999939 | r_p=0.000000 | r_c=0.000000 | r_s=0.001090 | status=running
[UL Convergence] | phase=optimize | user=0 | block=1 | n_kl=50 | epoch=132/1000 | objective=-15.300092 | rate=15.288803 | power=29.999935 | r_p=0.000000 | r_c=0.000000 | r_s=0.001057 | status=running
[UL Convergence] | phase=optimize | user=0 | block=1 | n_kl=50 | epoch=133/1000 | objective=-15.300512 | rate=15.289223 | power=29.999945 | r_p=0.000000 | r_c=0.000000 | r_s=0.001025 | status=running
[UL Convergence] | phase=optimize | user=0 | block=1 | n_kl=50 | epoch=134/1000 | objective=-15.300908 | rate=15.289618 | power=29.999945 | r_p=0.000000 | r_c=0.000000 | r_s=9.929907e-04 | status=running
[UL Convergence] | phase=optimize | user=0 | block=1 | n_kl=50 | epoch=135/1000 | objective=-15.301274 | rate=15.289985 | power=29.999939 | r_p=0.000000 | r_c=0.000000 | r_s=9.622049e-04 | status=running
[UL Convergence] | phase=optimize | user=0 | block=1 | n_kl=50 | epoch=136/1000 | objective=-15.301614 | rate=15.290323 | power=29.999945 | r_p=0.000000 | r_c=0.000000 | r_s=9.321752e-04 | status=running
[UL Convergence] | phase=optimize | user=0 | block=1 | n_kl=50 | epoch=137/1000 | objective=-15.301926 | rate=15.290635 | power=29.999945 | r_p=0.000000 | r_c=0.000000 | r_s=9.028718e-04 | status=running
[UL Convergence] | phase=optimize | user=0 | block=1 | n_kl=50 | epoch=138/1000 | objective=-15.302218 | rate=15.290928 | power=29.999939 | r_p=0.000000 | r_c=0.000000 | r_s=8.743101e-04 | status=running
[UL Convergence] | phase=optimize | user=0 | block=1 | n_kl=50 | epoch=139/1000 | objective=-15.302502 | rate=15.291210 | power=29.999939 | r_p=0.000000 | r_c=0.000000 | r_s=8.464341e-04 | status=running
[UL Convergence] | phase=optimize | user=0 | block=1 | n_kl=50 | epoch=140/1000 | objective=-15.302755 | rate=15.291464 | power=29.999939 | r_p=0.000000 | r_c=0.000000 | r_s=8.192494e-04 | status=running
[UL Convergence] | phase=optimize | user=0 | block=1 | n_kl=50 | epoch=141/1000 | objective=-15.302985 | rate=15.291694 | power=29.999939 | r_p=0.000000 | r_c=0.000000 | r_s=7.927422e-04 | status=running
[UL Convergence] | phase=optimize | user=0 | block=1 | n_kl=50 | epoch=142/1000 | objective=-15.303213 | rate=15.291922 | power=29.999929 | r_p=0.000000 | r_c=0.000000 | r_s=7.668988e-04 | status=running
[UL Convergence] | phase=optimize | user=0 | block=1 | n_kl=50 | epoch=143/1000 | objective=-15.303414 | rate=15.292122 | power=29.999939 | r_p=0.000000 | r_c=0.000000 | r_s=7.417099e-04 | status=running
[UL Convergence] | phase=optimize | user=0 | block=1 | n_kl=50 | epoch=144/1000 | objective=-15.303607 | rate=15.292315 | power=29.999939 | r_p=0.000000 | r_c=0.000000 | r_s=7.171311e-04 | status=running
[UL Convergence] | phase=optimize | user=0 | block=1 | n_kl=50 | epoch=145/1000 | objective=-15.303782 | rate=15.292489 | power=29.999939 | r_p=0.000000 | r_c=0.000000 | r_s=6.931971e-04 | status=running
[UL Convergence] | phase=optimize | user=0 | block=1 | n_kl=50 | epoch=146/1000 | objective=-15.303956 | rate=15.292664 | power=29.999939 | r_p=0.000000 | r_c=0.000000 | r_s=6.698550e-04 | status=running
[UL Convergence] | phase=optimize | user=0 | block=1 | n_kl=50 | epoch=147/1000 | objective=-15.304102 | rate=15.292809 | power=29.999939 | r_p=0.000000 | r_c=0.000000 | r_s=6.471270e-04 | status=running
[UL Convergence] | phase=optimize | user=0 | block=1 | n_kl=50 | epoch=148/1000 | objective=-15.304238 | rate=15.292945 | power=29.999945 | r_p=0.000000 | r_c=0.000000 | r_s=6.249722e-04 | status=running
[UL Convergence] | phase=optimize | user=0 | block=1 | n_kl=50 | epoch=149/1000 | objective=-15.304372 | rate=15.293078 | power=29.999935 | r_p=0.000000 | r_c=0.000000 | r_s=6.034054e-04 | status=running
[UL Convergence] | phase=optimize | user=0 | block=1 | n_kl=50 | epoch=150/1000 | objective=-15.304490 | rate=15.293197 | power=29.999945 | r_p=0.000000 | r_c=0.000000 | r_s=5.824269e-04 | status=kkt_converged
[UL Convergence Result] | user=0 | block=1 | n_kl=50 | achieved_rate=15.293197 | power=29.999945 | rate_gap=-11.293197 | power_gap=-5.531311e-05 | solve_status=kkt_converged
[UL Convergence Allocation] | user=0 | block=1 | n_kl=50 | requested_bits=200 | served_bits=200 | full_service=true
[UL Convergence Block] | user=0 | block=1 | stage=post_T | served_bits=200 | unserved_bits=0
[UL Convergence Reduction] | user=0 | block=1 | served_bits=200 | n_start=49 | n_min=1
[UL Convergence Solve] | user=0 | block=1 | stage=reduced_n | n_kl=49 | served_bits=200
[UL Convergence] | phase=optimize | user=0 | block=1 | n_kl=49 | epoch=1/1000 | objective=-15.278069 | rate=15.266884 | power=29.999945 | r_p=0.000000 | r_c=0.000000 | r_s=inf | status=running
[UL Convergence] | phase=optimize | user=0 | block=1 | n_kl=49 | epoch=2/1000 | objective=-15.278187 | rate=15.267001 | power=29.999935 | r_p=0.000000 | r_c=0.000000 | r_s=5.619680e-04 | status=kkt_converged
[UL Convergence Candidate] | user=0 | block=1 | n_kl=49 | achieved_rate=15.267001 | rate_gap=-11.185369 | power_gap=-6.484985e-05 | status=accepted
[UL Convergence Solve] | user=0 | block=1 | stage=reduced_n | n_kl=40 | served_bits=200
[UL Convergence] | phase=optimize | user=0 | block=1 | n_kl=40 | epoch=1/1000 | objective=-14.998011 | rate=14.988023 | power=29.999939 | r_p=0.000000 | r_c=0.000000 | r_s=inf | status=running
[UL Convergence] | phase=optimize | user=0 | block=1 | n_kl=40 | epoch=2/1000 | objective=-14.998060 | rate=14.988072 | power=29.999939 | r_p=0.000000 | r_c=0.000000 | r_s=4.017869e-04 | status=kkt_converged
[UL Convergence Candidate] | user=0 | block=1 | n_kl=40 | achieved_rate=14.988072 | rate_gap=-9.988072 | power_gap=-6.103516e-05 | status=accepted
[UL Convergence Solve] | user=0 | block=1 | stage=reduced_n | n_kl=30 | served_bits=200
[UL Convergence] | phase=optimize | user=0 | block=1 | n_kl=30 | epoch=1/1000 | objective=-14.547985 | rate=14.540112 | power=29.999935 | r_p=0.000000 | r_c=0.000000 | r_s=inf | status=running
[UL Convergence] | phase=optimize | user=0 | block=1 | n_kl=30 | epoch=2/1000 | objective=-14.548011 | rate=14.540137 | power=29.999939 | r_p=0.000000 | r_c=0.000000 | r_s=2.687497e-04 | status=kkt_converged
[UL Convergence Candidate] | user=0 | block=1 | n_kl=30 | achieved_rate=14.540137 | rate_gap=-7.873471 | power_gap=-6.103516e-05 | status=accepted
[UL Convergence Solve] | user=0 | block=1 | stage=reduced_n | n_kl=20 | served_bits=200
[UL Convergence] | phase=optimize | user=0 | block=1 | n_kl=20 | epoch=1/1000 | objective=-13.792050 | rate=13.788262 | power=29.999945 | r_p=0.000000 | r_c=0.000000 | r_s=inf | status=running
[UL Convergence] | phase=optimize | user=0 | block=1 | n_kl=20 | epoch=2/1000 | objective=-13.792054 | rate=13.788266 | power=29.999939 | r_p=0.000000 | r_c=0.000000 | r_s=1.823551e-04 | status=kkt_converged
[UL Convergence Candidate] | user=0 | block=1 | n_kl=20 | achieved_rate=13.788266 | rate_gap=-3.788266 | power_gap=-6.103516e-05 | status=accepted
[UL Convergence Reduction] | user=0 | block=1 | n_kl=15 | status=stop_infeasible
[UL Convergence Final] | user=0 | block=1 | feasible_points=35 | chosen_n_kl=16 | served_bits=200 | achieved_rate=13.304597 | power=29.999939 | solve_status=kkt_converged
[UL Convergence Allocation] | user=0 | block=1 | chosen_n_kl=16 | served_bits=200 | unserved_bits=0 | mode=fixed_block_targets
[UL Convergence Train] | user=0 | block=2 | target_bits=200 | mode=fixed_block_targets
[UL Convergence Block] | user=0 | block=2 | budget_mode=target_bits | requested_bits=200
[UL Convergence Solve] | user=0 | block=2 | stage=n=T | n_kl=50 | requested_bits=200
[UL Convergence] | phase=optimize | user=0 | block=2 | n_kl=50 | epoch=1/1000 | objective=-12.015398 | rate=12.007391 | power=29.999939 | r_p=0.000000 | r_c=0.000000 | r_s=inf | status=running
[UL Convergence] | phase=optimize | user=0 | block=2 | n_kl=50 | epoch=2/1000 | objective=-12.095920 | rate=12.087831 | power=29.999945 | r_p=0.000000 | r_c=0.000000 | r_s=0.010296 | status=running
[UL Convergence] | phase=optimize | user=0 | block=2 | n_kl=50 | epoch=3/1000 | objective=-12.178535 | rate=12.170365 | power=29.999939 | r_p=0.000000 | r_c=0.000000 | r_s=0.009865 | status=running
[UL Convergence] | phase=optimize | user=0 | block=2 | n_kl=50 | epoch=4/1000 | objective=-12.263838 | rate=12.255582 | power=29.999939 | r_p=0.000000 | r_c=0.000000 | r_s=0.009783 | status=running
[UL Convergence] | phase=optimize | user=0 | block=2 | n_kl=50 | epoch=5/1000 | objective=-12.351862 | rate=12.343518 | power=29.999935 | r_p=0.000000 | r_c=0.000000 | r_s=0.009857 | status=running
[UL Convergence] | phase=optimize | user=0 | block=2 | n_kl=50 | epoch=6/1000 | objective=-12.442350 | rate=12.433916 | power=29.999939 | r_p=0.000000 | r_c=0.000000 | r_s=0.009950 | status=running
[UL Convergence] | phase=optimize | user=0 | block=2 | n_kl=50 | epoch=7/1000 | objective=-12.534860 | rate=12.526333 | power=29.999935 | r_p=0.000000 | r_c=0.000000 | r_s=0.010042 | status=running
[UL Convergence] | phase=optimize | user=0 | block=2 | n_kl=50 | epoch=8/1000 | objective=-12.628844 | rate=12.620224 | power=29.999939 | r_p=0.000000 | r_c=0.000000 | r_s=0.010111 | status=running
[UL Convergence] | phase=optimize | user=0 | block=2 | n_kl=50 | epoch=9/1000 | objective=-12.720555 | rate=12.711842 | power=29.978762 | r_p=0.000000 | r_c=0.000000 | r_s=0.010156 | status=running
[UL Convergence] | phase=optimize | user=0 | block=2 | n_kl=50 | epoch=10/1000 | objective=-12.814260 | rate=12.805455 | power=29.999939 | r_p=0.000000 | r_c=0.000000 | r_s=0.009360 | status=running
[UL Convergence] | phase=optimize | user=0 | block=2 | n_kl=50 | epoch=11/1000 | objective=-12.904642 | rate=12.895746 | power=29.999939 | r_p=0.000000 | r_c=0.000000 | r_s=0.009325 | status=running
[UL Convergence] | phase=optimize | user=0 | block=2 | n_kl=50 | epoch=12/1000 | objective=-12.994610 | rate=12.985624 | power=29.999939 | r_p=0.000000 | r_c=0.000000 | r_s=0.009292 | status=running
[UL Convergence] | phase=optimize | user=0 | block=2 | n_kl=50 | epoch=13/1000 | objective=-13.083927 | rate=13.074852 | power=29.999939 | r_p=0.000000 | r_c=0.000000 | r_s=0.009255 | status=running
[UL Convergence] | phase=optimize | user=0 | block=2 | n_kl=50 | epoch=14/1000 | objective=-13.172356 | rate=13.163193 | power=29.999939 | r_p=0.000000 | r_c=0.000000 | r_s=0.009218 | status=running
[UL Convergence] | phase=optimize | user=0 | block=2 | n_kl=50 | epoch=15/1000 | objective=-13.259717 | rate=13.250466 | power=29.999935 | r_p=0.000000 | r_c=0.000000 | r_s=0.009184 | status=running
[UL Convergence] | phase=optimize | user=0 | block=2 | n_kl=50 | epoch=16/1000 | objective=-13.345875 | rate=13.336538 | power=29.999945 | r_p=0.000000 | r_c=0.000000 | r_s=0.009153 | status=running
[UL Convergence] | phase=optimize | user=0 | block=2 | n_kl=50 | epoch=17/1000 | objective=-13.430699 | rate=13.421278 | power=29.999939 | r_p=0.000000 | r_c=0.000000 | r_s=0.009124 | status=running
[UL Convergence] | phase=optimize | user=0 | block=2 | n_kl=50 | epoch=18/1000 | objective=-13.514049 | rate=13.504544 | power=29.999939 | r_p=0.000000 | r_c=0.000000 | r_s=0.009094 | status=running
[UL Convergence] | phase=optimize | user=0 | block=2 | n_kl=50 | epoch=19/1000 | objective=-13.595852 | rate=13.586266 | power=29.999935 | r_p=0.000000 | r_c=0.000000 | r_s=0.009060 | status=running
[UL Convergence] | phase=optimize | user=0 | block=2 | n_kl=50 | epoch=20/1000 | objective=-13.676037 | rate=13.666370 | power=29.999945 | r_p=0.000000 | r_c=0.000000 | r_s=0.009021 | status=running
[UL Convergence] | phase=optimize | user=0 | block=2 | n_kl=50 | epoch=21/1000 | objective=-13.754510 | rate=13.744765 | power=29.999939 | r_p=0.000000 | r_c=0.000000 | r_s=0.008976 | status=running
[UL Convergence] | phase=optimize | user=0 | block=2 | n_kl=50 | epoch=22/1000 | objective=-13.831241 | rate=13.821419 | power=29.999939 | r_p=0.000000 | r_c=0.000000 | r_s=0.008926 | status=running
[UL Convergence] | phase=optimize | user=0 | block=2 | n_kl=50 | epoch=23/1000 | objective=-13.906196 | rate=13.896299 | power=29.999945 | r_p=0.000000 | r_c=0.000000 | r_s=0.008872 | status=running
[UL Convergence] | phase=optimize | user=0 | block=2 | n_kl=50 | epoch=24/1000 | objective=-13.979347 | rate=13.969378 | power=29.999939 | r_p=0.000000 | r_c=0.000000 | r_s=0.008815 | status=running
[UL Convergence] | phase=optimize | user=0 | block=2 | n_kl=50 | epoch=25/1000 | objective=-14.050678 | rate=14.040638 | power=29.999939 | r_p=0.000000 | r_c=0.000000 | r_s=0.008756 | status=running
[UL Convergence] | phase=optimize | user=0 | block=2 | n_kl=50 | epoch=26/1000 | objective=-14.120183 | rate=14.110073 | power=29.999939 | r_p=0.000000 | r_c=0.000000 | r_s=0.008695 | status=running
[UL Convergence] | phase=optimize | user=0 | block=2 | n_kl=50 | epoch=27/1000 | objective=-14.187849 | rate=14.177671 | power=29.999945 | r_p=0.000000 | r_c=0.000000 | r_s=0.008634 | status=running
[UL Convergence] | phase=optimize | user=0 | block=2 | n_kl=50 | epoch=28/1000 | objective=-14.253689 | rate=14.243445 | power=29.999945 | r_p=0.000000 | r_c=0.000000 | r_s=0.008571 | status=running
[UL Convergence] | phase=optimize | user=0 | block=2 | n_kl=50 | epoch=29/1000 | objective=-14.317702 | rate=14.307395 | power=29.999935 | r_p=0.000000 | r_c=0.000000 | r_s=0.008508 | status=running
[UL Convergence] | phase=optimize | user=0 | block=2 | n_kl=50 | epoch=30/1000 | objective=-14.379907 | rate=14.369537 | power=29.999939 | r_p=0.000000 | r_c=0.000000 | r_s=0.008444 | status=running
[UL Convergence] | phase=optimize | user=0 | block=2 | n_kl=50 | epoch=31/1000 | objective=-14.440305 | rate=14.429874 | power=29.999939 | r_p=0.000000 | r_c=0.000000 | r_s=0.008380 | status=running
[UL Convergence] | phase=optimize | user=0 | block=2 | n_kl=50 | epoch=32/1000 | objective=-14.498922 | rate=14.488434 | power=29.999939 | r_p=0.000000 | r_c=0.000000 | r_s=0.008314 | status=running
[UL Convergence] | phase=optimize | user=0 | block=2 | n_kl=50 | epoch=33/1000 | objective=-14.555759 | rate=14.545215 | power=29.999935 | r_p=0.000000 | r_c=0.000000 | r_s=0.008247 | status=running
[UL Convergence] | phase=optimize | user=0 | block=2 | n_kl=50 | epoch=34/1000 | objective=-14.610887 | rate=14.600286 | power=29.999939 | r_p=0.000000 | r_c=0.000000 | r_s=0.008178 | status=running
[UL Convergence] | phase=optimize | user=0 | block=2 | n_kl=50 | epoch=35/1000 | objective=-14.664275 | rate=14.653622 | power=29.999939 | r_p=0.000000 | r_c=0.000000 | r_s=0.008108 | status=running
[UL Convergence] | phase=optimize | user=0 | block=2 | n_kl=50 | epoch=36/1000 | objective=-14.715980 | rate=14.705275 | power=29.999939 | r_p=0.000000 | r_c=0.000000 | r_s=0.008037 | status=running
[UL Convergence] | phase=optimize | user=0 | block=2 | n_kl=50 | epoch=37/1000 | objective=-14.766026 | rate=14.755270 | power=29.999939 | r_p=0.000000 | r_c=0.000000 | r_s=0.007964 | status=running
[UL Convergence] | phase=optimize | user=0 | block=2 | n_kl=50 | epoch=38/1000 | objective=-14.814432 | rate=14.803629 | power=29.999939 | r_p=0.000000 | r_c=0.000000 | r_s=0.007889 | status=running
[UL Convergence] | phase=optimize | user=0 | block=2 | n_kl=50 | epoch=39/1000 | objective=-14.861229 | rate=14.850379 | power=29.999939 | r_p=0.000000 | r_c=0.000000 | r_s=0.007812 | status=running
[UL Convergence] | phase=optimize | user=0 | block=2 | n_kl=50 | epoch=40/1000 | objective=-14.906471 | rate=14.895576 | power=29.999939 | r_p=0.000000 | r_c=0.000000 | r_s=0.007734 | status=running
[UL Convergence] | phase=optimize | user=0 | block=2 | n_kl=50 | epoch=41/1000 | objective=-14.950171 | rate=14.939231 | power=29.999939 | r_p=0.000000 | r_c=0.000000 | r_s=0.007654 | status=running
[UL Convergence] | phase=optimize | user=0 | block=2 | n_kl=50 | epoch=42/1000 | objective=-14.992359 | rate=14.981378 | power=29.999945 | r_p=0.000000 | r_c=0.000000 | r_s=0.007573 | status=running
[UL Convergence] | phase=optimize | user=0 | block=2 | n_kl=50 | epoch=43/1000 | objective=-15.033107 | rate=15.022085 | power=29.999935 | r_p=0.000000 | r_c=0.000000 | r_s=0.007490 | status=running
[UL Convergence] | phase=optimize | user=0 | block=2 | n_kl=50 | epoch=44/1000 | objective=-15.072418 | rate=15.061357 | power=29.999939 | r_p=0.000000 | r_c=0.000000 | r_s=0.007406 | status=running
[UL Convergence] | phase=optimize | user=0 | block=2 | n_kl=50 | epoch=45/1000 | objective=-15.110332 | rate=15.099233 | power=29.999929 | r_p=0.000000 | r_c=0.000000 | r_s=0.007321 | status=running
[UL Convergence] | phase=optimize | user=0 | block=2 | n_kl=50 | epoch=46/1000 | objective=-15.146903 | rate=15.135767 | power=29.999939 | r_p=0.000000 | r_c=0.000000 | r_s=0.007235 | status=running
[UL Convergence] | phase=optimize | user=0 | block=2 | n_kl=50 | epoch=47/1000 | objective=-15.182140 | rate=15.170969 | power=29.999935 | r_p=0.000000 | r_c=0.000000 | r_s=0.007147 | status=running
[UL Convergence] | phase=optimize | user=0 | block=2 | n_kl=50 | epoch=48/1000 | objective=-15.216102 | rate=15.204897 | power=29.999939 | r_p=0.000000 | r_c=0.000000 | r_s=0.007058 | status=running
[UL Convergence] | phase=optimize | user=0 | block=2 | n_kl=50 | epoch=49/1000 | objective=-15.248828 | rate=15.237591 | power=29.999939 | r_p=0.000000 | r_c=0.000000 | r_s=0.006969 | status=running
[UL Convergence] | phase=optimize | user=0 | block=2 | n_kl=50 | epoch=50/1000 | objective=-15.280333 | rate=15.269064 | power=29.999939 | r_p=0.000000 | r_c=0.000000 | r_s=0.006879 | status=running
[UL Convergence] | phase=optimize | user=0 | block=2 | n_kl=50 | epoch=51/1000 | objective=-15.310662 | rate=15.299363 | power=29.999939 | r_p=0.000000 | r_c=0.000000 | r_s=0.006788 | status=running
[UL Convergence] | phase=optimize | user=0 | block=2 | n_kl=50 | epoch=52/1000 | objective=-15.339868 | rate=15.328539 | power=29.999939 | r_p=0.000000 | r_c=0.000000 | r_s=0.006697 | status=running
[UL Convergence] | phase=optimize | user=0 | block=2 | n_kl=50 | epoch=53/1000 | objective=-15.367958 | rate=15.356602 | power=29.999939 | r_p=0.000000 | r_c=0.000000 | r_s=0.006605 | status=running
[UL Convergence] | phase=optimize | user=0 | block=2 | n_kl=50 | epoch=54/1000 | objective=-15.394979 | rate=15.383595 | power=29.999935 | r_p=0.000000 | r_c=0.000000 | r_s=0.006513 | status=running
[UL Convergence] | phase=optimize | user=0 | block=2 | n_kl=50 | epoch=55/1000 | objective=-15.420958 | rate=15.409548 | power=29.999939 | r_p=0.000000 | r_c=0.000000 | r_s=0.006421 | status=running
[UL Convergence] | phase=optimize | user=0 | block=2 | n_kl=50 | epoch=56/1000 | objective=-15.445943 | rate=15.434508 | power=29.999945 | r_p=0.000000 | r_c=0.000000 | r_s=0.006328 | status=running
[UL Convergence] | phase=optimize | user=0 | block=2 | n_kl=50 | epoch=57/1000 | objective=-15.469946 | rate=15.458488 | power=29.999935 | r_p=0.000000 | r_c=0.000000 | r_s=0.006236 | status=running
[UL Convergence] | phase=optimize | user=0 | block=2 | n_kl=50 | epoch=58/1000 | objective=-15.493007 | rate=15.481525 | power=29.999935 | r_p=0.000000 | r_c=0.000000 | r_s=0.006143 | status=running
[UL Convergence] | phase=optimize | user=0 | block=2 | n_kl=50 | epoch=59/1000 | objective=-15.515173 | rate=15.503670 | power=29.999939 | r_p=0.000000 | r_c=0.000000 | r_s=0.006051 | status=running
[UL Convergence] | phase=optimize | user=0 | block=2 | n_kl=50 | epoch=60/1000 | objective=-15.536437 | rate=15.524912 | power=29.999939 | r_p=0.000000 | r_c=0.000000 | r_s=0.005959 | status=running
[UL Convergence] | phase=optimize | user=0 | block=2 | n_kl=50 | epoch=61/1000 | objective=-15.556854 | rate=15.545309 | power=29.999935 | r_p=0.000000 | r_c=0.000000 | r_s=0.005867 | status=running
[UL Convergence] | phase=optimize | user=0 | block=2 | n_kl=50 | epoch=62/1000 | objective=-15.576454 | rate=15.564889 | power=29.999939 | r_p=0.000000 | r_c=0.000000 | r_s=0.005775 | status=running
[UL Convergence] | phase=optimize | user=0 | block=2 | n_kl=50 | epoch=63/1000 | objective=-15.595248 | rate=15.583665 | power=29.999939 | r_p=0.000000 | r_c=0.000000 | r_s=0.005684 | status=running
[UL Convergence] | phase=optimize | user=0 | block=2 | n_kl=50 | epoch=64/1000 | objective=-15.613276 | rate=15.601675 | power=29.999939 | r_p=0.000000 | r_c=0.000000 | r_s=0.005593 | status=running
[UL Convergence] | phase=optimize | user=0 | block=2 | n_kl=50 | epoch=65/1000 | objective=-15.630553 | rate=15.618935 | power=29.999939 | r_p=0.000000 | r_c=0.000000 | r_s=0.005503 | status=running
[UL Convergence] | phase=optimize | user=0 | block=2 | n_kl=50 | epoch=66/1000 | objective=-15.647113 | rate=15.635477 | power=29.999945 | r_p=0.000000 | r_c=0.000000 | r_s=0.005413 | status=running
[UL Convergence] | phase=optimize | user=0 | block=2 | n_kl=50 | epoch=67/1000 | objective=-15.662976 | rate=15.651325 | power=29.999939 | r_p=0.000000 | r_c=0.000000 | r_s=0.005323 | status=running
[UL Convergence] | phase=optimize | user=0 | block=2 | n_kl=50 | epoch=68/1000 | objective=-15.678159 | rate=15.666492 | power=29.999939 | r_p=0.000000 | r_c=0.000000 | r_s=0.005234 | status=running
[UL Convergence] | phase=optimize | user=0 | block=2 | n_kl=50 | epoch=69/1000 | objective=-15.692708 | rate=15.681027 | power=29.999939 | r_p=0.000000 | r_c=0.000000 | r_s=0.005146 | status=running
[UL Convergence] | phase=optimize | user=0 | block=2 | n_kl=50 | epoch=70/1000 | objective=-15.706620 | rate=15.694925 | power=29.999935 | r_p=0.000000 | r_c=0.000000 | r_s=0.005058 | status=running
[UL Convergence] | phase=optimize | user=0 | block=2 | n_kl=50 | epoch=71/1000 | objective=-15.719922 | rate=15.708214 | power=29.999939 | r_p=0.000000 | r_c=0.000000 | r_s=0.004971 | status=running
[UL Convergence] | phase=optimize | user=0 | block=2 | n_kl=50 | epoch=72/1000 | objective=-15.732642 | rate=15.720922 | power=29.999939 | r_p=0.000000 | r_c=0.000000 | r_s=0.004884 | status=running
[UL Convergence] | phase=optimize | user=0 | block=2 | n_kl=50 | epoch=73/1000 | objective=-15.744794 | rate=15.733061 | power=29.999939 | r_p=0.000000 | r_c=0.000000 | r_s=0.004798 | status=running
[UL Convergence] | phase=optimize | user=0 | block=2 | n_kl=50 | epoch=74/1000 | objective=-15.756398 | rate=15.744654 | power=29.999939 | r_p=0.000000 | r_c=0.000000 | r_s=0.004712 | status=running
[UL Convergence] | phase=optimize | user=0 | block=2 | n_kl=50 | epoch=75/1000 | objective=-15.767477 | rate=15.755721 | power=29.999935 | r_p=0.000000 | r_c=0.000000 | r_s=0.004627 | status=running
[UL Convergence] | phase=optimize | user=0 | block=2 | n_kl=50 | epoch=76/1000 | objective=-15.778056 | rate=15.766290 | power=29.999935 | r_p=0.000000 | r_c=0.000000 | r_s=0.004542 | status=running
[UL Convergence] | phase=optimize | user=0 | block=2 | n_kl=50 | epoch=77/1000 | objective=-15.788143 | rate=15.776367 | power=29.999939 | r_p=0.000000 | r_c=0.000000 | r_s=0.004458 | status=running
[UL Convergence] | phase=optimize | user=0 | block=2 | n_kl=50 | epoch=78/1000 | objective=-15.793270 | rate=15.781486 | power=29.975384 | r_p=0.000000 | r_c=0.000000 | r_s=0.004392 | status=running
[UL Convergence] | phase=optimize | user=0 | block=2 | n_kl=50 | epoch=79/1000 | objective=-15.806053 | rate=15.794259 | power=29.999935 | r_p=0.000000 | r_c=0.000000 | r_s=0.004246 | status=running
[UL Convergence] | phase=optimize | user=0 | block=2 | n_kl=50 | epoch=80/1000 | objective=-15.813999 | rate=15.802197 | power=29.999935 | r_p=0.000000 | r_c=0.000000 | r_s=0.004109 | status=running
[UL Convergence] | phase=optimize | user=0 | block=2 | n_kl=50 | epoch=81/1000 | objective=-15.821593 | rate=15.809784 | power=29.999939 | r_p=0.000000 | r_c=0.000000 | r_s=0.003999 | status=running
[UL Convergence] | phase=optimize | user=0 | block=2 | n_kl=50 | epoch=82/1000 | objective=-15.828826 | rate=15.817009 | power=29.999945 | r_p=0.000000 | r_c=0.000000 | r_s=0.003896 | status=running
[UL Convergence] | phase=optimize | user=0 | block=2 | n_kl=50 | epoch=83/1000 | objective=-15.835762 | rate=15.823938 | power=29.999939 | r_p=0.000000 | r_c=0.000000 | r_s=0.003798 | status=running
[UL Convergence] | phase=optimize | user=0 | block=2 | n_kl=50 | epoch=84/1000 | objective=-15.842369 | rate=15.830539 | power=29.999939 | r_p=0.000000 | r_c=0.000000 | r_s=0.003704 | status=running
[UL Convergence] | phase=optimize | user=0 | block=2 | n_kl=50 | epoch=85/1000 | objective=-15.848682 | rate=15.836845 | power=29.999939 | r_p=0.000000 | r_c=0.000000 | r_s=0.003615 | status=running
[UL Convergence] | phase=optimize | user=0 | block=2 | n_kl=50 | epoch=86/1000 | objective=-15.854699 | rate=15.842856 | power=29.999939 | r_p=0.000000 | r_c=0.000000 | r_s=0.003529 | status=running
[UL Convergence] | phase=optimize | user=0 | block=2 | n_kl=50 | epoch=87/1000 | objective=-15.860436 | rate=15.848588 | power=29.999939 | r_p=0.000000 | r_c=0.000000 | r_s=0.003446 | status=running
[UL Convergence] | phase=optimize | user=0 | block=2 | n_kl=50 | epoch=88/1000 | objective=-15.865913 | rate=15.854059 | power=29.999939 | r_p=0.000000 | r_c=0.000000 | r_s=0.003366 | status=running
[UL Convergence] | phase=optimize | user=0 | block=2 | n_kl=50 | epoch=89/1000 | objective=-15.871121 | rate=15.859262 | power=29.999939 | r_p=0.000000 | r_c=0.000000 | r_s=0.003289 | status=running
[UL Convergence] | phase=optimize | user=0 | block=2 | n_kl=50 | epoch=90/1000 | objective=-15.876086 | rate=15.864222 | power=29.999935 | r_p=0.000000 | r_c=0.000000 | r_s=0.003213 | status=running
[UL Convergence] | phase=optimize | user=0 | block=2 | n_kl=50 | epoch=91/1000 | objective=-15.880816 | rate=15.868948 | power=29.999945 | r_p=0.000000 | r_c=0.000000 | r_s=0.003140 | status=running
[UL Convergence] | phase=optimize | user=0 | block=2 | n_kl=50 | epoch=92/1000 | objective=-15.885298 | rate=15.873425 | power=29.999945 | r_p=0.000000 | r_c=0.000000 | r_s=0.003068 | status=running
[UL Convergence] | phase=optimize | user=0 | block=2 | n_kl=50 | epoch=93/1000 | objective=-15.889575 | rate=15.877697 | power=29.999945 | r_p=0.000000 | r_c=0.000000 | r_s=0.002998 | status=running
[UL Convergence] | phase=optimize | user=0 | block=2 | n_kl=50 | epoch=94/1000 | objective=-15.893632 | rate=15.881750 | power=29.999939 | r_p=0.000000 | r_c=0.000000 | r_s=0.002929 | status=running
[UL Convergence] | phase=optimize | user=0 | block=2 | n_kl=50 | epoch=95/1000 | objective=-15.897492 | rate=15.885607 | power=29.999939 | r_p=0.000000 | r_c=0.000000 | r_s=0.002862 | status=running
[UL Convergence] | phase=optimize | user=0 | block=2 | n_kl=50 | epoch=96/1000 | objective=-15.901154 | rate=15.889264 | power=29.999939 | r_p=0.000000 | r_c=0.000000 | r_s=0.002796 | status=running
[UL Convergence] | phase=optimize | user=0 | block=2 | n_kl=50 | epoch=97/1000 | objective=-15.904614 | rate=15.892722 | power=29.999935 | r_p=0.000000 | r_c=0.000000 | r_s=0.002730 | status=running
[UL Convergence] | phase=optimize | user=0 | block=2 | n_kl=50 | epoch=98/1000 | objective=-15.907918 | rate=15.896022 | power=29.999939 | r_p=0.000000 | r_c=0.000000 | r_s=0.002666 | status=running
[UL Convergence] | phase=optimize | user=0 | block=2 | n_kl=50 | epoch=99/1000 | objective=-15.911039 | rate=15.899140 | power=29.999939 | r_p=0.000000 | r_c=0.000000 | r_s=0.002603 | status=running
[UL Convergence] | phase=optimize | user=0 | block=2 | n_kl=50 | epoch=100/1000 | objective=-15.914001 | rate=15.902099 | power=29.999939 | r_p=0.000000 | r_c=0.000000 | r_s=0.002541 | status=running
[UL Convergence] | phase=optimize | user=0 | block=2 | n_kl=50 | epoch=101/1000 | objective=-15.916806 | rate=15.904902 | power=29.999935 | r_p=0.000000 | r_c=0.000000 | r_s=0.002480 | status=running
[UL Convergence] | phase=optimize | user=0 | block=2 | n_kl=50 | epoch=102/1000 | objective=-15.919453 | rate=15.907545 | power=29.999939 | r_p=0.000000 | r_c=0.000000 | r_s=0.002420 | status=running
[UL Convergence] | phase=optimize | user=0 | block=2 | n_kl=50 | epoch=103/1000 | objective=-15.921963 | rate=15.910052 | power=29.999939 | r_p=0.000000 | r_c=0.000000 | r_s=0.002361 | status=running
[UL Convergence] | phase=optimize | user=0 | block=2 | n_kl=50 | epoch=104/1000 | objective=-15.924334 | rate=15.912421 | power=29.999935 | r_p=0.000000 | r_c=0.000000 | r_s=0.002303 | status=running
[UL Convergence] | phase=optimize | user=0 | block=2 | n_kl=50 | epoch=105/1000 | objective=-15.926576 | rate=15.914661 | power=29.999939 | r_p=0.000000 | r_c=0.000000 | r_s=0.002245 | status=running
[UL Convergence] | phase=optimize | user=0 | block=2 | n_kl=50 | epoch=106/1000 | objective=-15.928701 | rate=15.916784 | power=29.999935 | r_p=0.000000 | r_c=0.000000 | r_s=0.002189 | status=running
[UL Convergence] | phase=optimize | user=0 | block=2 | n_kl=50 | epoch=107/1000 | objective=-15.930702 | rate=15.918783 | power=29.999939 | r_p=0.000000 | r_c=0.000000 | r_s=0.002134 | status=running
[UL Convergence] | phase=optimize | user=0 | block=2 | n_kl=50 | epoch=108/1000 | objective=-15.932586 | rate=15.920665 | power=29.999939 | r_p=0.000000 | r_c=0.000000 | r_s=0.002079 | status=running
[UL Convergence] | phase=optimize | user=0 | block=2 | n_kl=50 | epoch=109/1000 | objective=-15.934366 | rate=15.922443 | power=29.999939 | r_p=0.000000 | r_c=0.000000 | r_s=0.002026 | status=running
[UL Convergence] | phase=optimize | user=0 | block=2 | n_kl=50 | epoch=110/1000 | objective=-15.936041 | rate=15.924117 | power=29.999939 | r_p=0.000000 | r_c=0.000000 | r_s=0.001973 | status=running
[UL Convergence] | phase=optimize | user=0 | block=2 | n_kl=50 | epoch=111/1000 | objective=-15.937632 | rate=15.925706 | power=29.999939 | r_p=0.000000 | r_c=0.000000 | r_s=0.001921 | status=running
[UL Convergence] | phase=optimize | user=0 | block=2 | n_kl=50 | epoch=112/1000 | objective=-15.939132 | rate=15.927204 | power=29.999939 | r_p=0.000000 | r_c=0.000000 | r_s=0.001870 | status=running
[UL Convergence] | phase=optimize | user=0 | block=2 | n_kl=50 | epoch=113/1000 | objective=-15.940540 | rate=15.928612 | power=29.999939 | r_p=0.000000 | r_c=0.000000 | r_s=0.001821 | status=running
[UL Convergence] | phase=optimize | user=0 | block=2 | n_kl=50 | epoch=114/1000 | objective=-15.941863 | rate=15.929934 | power=29.999939 | r_p=0.000000 | r_c=0.000000 | r_s=0.001772 | status=running
[UL Convergence] | phase=optimize | user=0 | block=2 | n_kl=50 | epoch=115/1000 | objective=-15.943110 | rate=15.931179 | power=29.999935 | r_p=0.000000 | r_c=0.000000 | r_s=0.001724 | status=running
[UL Convergence] | phase=optimize | user=0 | block=2 | n_kl=50 | epoch=116/1000 | objective=-15.944274 | rate=15.932342 | power=29.999939 | r_p=0.000000 | r_c=0.000000 | r_s=0.001677 | status=running
[UL Convergence] | phase=optimize | user=0 | block=2 | n_kl=50 | epoch=117/1000 | objective=-15.945382 | rate=15.933449 | power=29.999939 | r_p=0.000000 | r_c=0.000000 | r_s=0.001631 | status=running
[UL Convergence] | phase=optimize | user=0 | block=2 | n_kl=50 | epoch=118/1000 | objective=-15.946421 | rate=15.934486 | power=29.999939 | r_p=0.000000 | r_c=0.000000 | r_s=0.001585 | status=running
[UL Convergence] | phase=optimize | user=0 | block=2 | n_kl=50 | epoch=119/1000 | objective=-15.947392 | rate=15.935457 | power=29.999939 | r_p=0.000000 | r_c=0.000000 | r_s=0.001541 | status=running
[UL Convergence] | phase=optimize | user=0 | block=2 | n_kl=50 | epoch=120/1000 | objective=-15.948302 | rate=15.936366 | power=29.999935 | r_p=0.000000 | r_c=0.000000 | r_s=0.001498 | status=running
[UL Convergence] | phase=optimize | user=0 | block=2 | n_kl=50 | epoch=121/1000 | objective=-15.949174 | rate=15.937237 | power=29.999939 | r_p=0.000000 | r_c=0.000000 | r_s=0.001455 | status=running
[UL Convergence] | phase=optimize | user=0 | block=2 | n_kl=50 | epoch=122/1000 | objective=-15.949975 | rate=15.938037 | power=29.999939 | r_p=0.000000 | r_c=0.000000 | r_s=0.001414 | status=running
[UL Convergence] | phase=optimize | user=0 | block=2 | n_kl=50 | epoch=123/1000 | objective=-15.950718 | rate=15.938779 | power=29.999939 | r_p=0.000000 | r_c=0.000000 | r_s=0.001373 | status=running
[UL Convergence] | phase=optimize | user=0 | block=2 | n_kl=50 | epoch=124/1000 | objective=-15.951432 | rate=15.939493 | power=29.999939 | r_p=0.000000 | r_c=0.000000 | r_s=0.001333 | status=running
[UL Convergence] | phase=optimize | user=0 | block=2 | n_kl=50 | epoch=125/1000 | objective=-15.952100 | rate=15.940160 | power=29.999939 | r_p=0.000000 | r_c=0.000000 | r_s=0.001294 | status=running
[UL Convergence] | phase=optimize | user=0 | block=2 | n_kl=50 | epoch=126/1000 | objective=-15.952717 | rate=15.940776 | power=29.999929 | r_p=0.000000 | r_c=0.000000 | r_s=0.001256 | status=running
[UL Convergence] | phase=optimize | user=0 | block=2 | n_kl=50 | epoch=127/1000 | objective=-15.953290 | rate=15.941349 | power=29.999939 | r_p=0.000000 | r_c=0.000000 | r_s=0.001219 | status=running
[UL Convergence] | phase=optimize | user=0 | block=2 | n_kl=50 | epoch=128/1000 | objective=-15.953844 | rate=15.941902 | power=29.999939 | r_p=0.000000 | r_c=0.000000 | r_s=0.001183 | status=running
[UL Convergence] | phase=optimize | user=0 | block=2 | n_kl=50 | epoch=129/1000 | objective=-15.954351 | rate=15.942409 | power=29.999939 | r_p=0.000000 | r_c=0.000000 | r_s=0.001147 | status=running
[UL Convergence] | phase=optimize | user=0 | block=2 | n_kl=50 | epoch=130/1000 | objective=-15.954831 | rate=15.942888 | power=29.999935 | r_p=0.000000 | r_c=0.000000 | r_s=0.001112 | status=running
[UL Convergence] | phase=optimize | user=0 | block=2 | n_kl=50 | epoch=131/1000 | objective=-15.955263 | rate=15.943320 | power=29.999935 | r_p=0.000000 | r_c=0.000000 | r_s=0.001079 | status=running
[UL Convergence] | phase=optimize | user=0 | block=2 | n_kl=50 | epoch=132/1000 | objective=-15.955683 | rate=15.943739 | power=29.999939 | r_p=0.000000 | r_c=0.000000 | r_s=0.001045 | status=running
[UL Convergence] | phase=optimize | user=0 | block=2 | n_kl=50 | epoch=133/1000 | objective=-15.956073 | rate=15.944129 | power=29.999939 | r_p=0.000000 | r_c=0.000000 | r_s=0.001013 | status=running
[UL Convergence] | phase=optimize | user=0 | block=2 | n_kl=50 | epoch=134/1000 | objective=-15.956434 | rate=15.944489 | power=29.999939 | r_p=0.000000 | r_c=0.000000 | r_s=9.814001e-04 | status=running
[UL Convergence] | phase=optimize | user=0 | block=2 | n_kl=50 | epoch=135/1000 | objective=-15.956769 | rate=15.944824 | power=29.999939 | r_p=0.000000 | r_c=0.000000 | r_s=9.505961e-04 | status=running
[UL Convergence] | phase=optimize | user=0 | block=2 | n_kl=50 | epoch=136/1000 | objective=-15.957086 | rate=15.945141 | power=29.999935 | r_p=0.000000 | r_c=0.000000 | r_s=9.204989e-04 | status=running
[UL Convergence] | phase=optimize | user=0 | block=2 | n_kl=50 | epoch=137/1000 | objective=-15.957378 | rate=15.945433 | power=29.999935 | r_p=0.000000 | r_c=0.000000 | r_s=8.911707e-04 | status=running
[UL Convergence] | phase=optimize | user=0 | block=2 | n_kl=50 | epoch=138/1000 | objective=-15.957657 | rate=15.945711 | power=29.999939 | r_p=0.000000 | r_c=0.000000 | r_s=8.625655e-04 | status=running
[UL Convergence] | phase=optimize | user=0 | block=2 | n_kl=50 | epoch=139/1000 | objective=-15.957906 | rate=15.945960 | power=29.999945 | r_p=0.000000 | r_c=0.000000 | r_s=8.346937e-04 | status=running
[UL Convergence] | phase=optimize | user=0 | block=2 | n_kl=50 | epoch=140/1000 | objective=-15.958154 | rate=15.946207 | power=29.999939 | r_p=0.000000 | r_c=0.000000 | r_s=8.075255e-04 | status=running
[UL Convergence] | phase=optimize | user=0 | block=2 | n_kl=50 | epoch=141/1000 | objective=-15.958359 | rate=15.946412 | power=29.999939 | r_p=0.000000 | r_c=0.000000 | r_s=7.810655e-04 | status=running
[UL Convergence] | phase=optimize | user=0 | block=2 | n_kl=50 | epoch=142/1000 | objective=-15.958573 | rate=15.946627 | power=29.999939 | r_p=0.000000 | r_c=0.000000 | r_s=7.552775e-04 | status=running
[UL Convergence] | phase=optimize | user=0 | block=2 | n_kl=50 | epoch=143/1000 | objective=-15.958766 | rate=15.946819 | power=29.999939 | r_p=0.000000 | r_c=0.000000 | r_s=7.302133e-04 | status=running
[UL Convergence] | phase=optimize | user=0 | block=2 | n_kl=50 | epoch=144/1000 | objective=-15.958939 | rate=15.946992 | power=29.999939 | r_p=0.000000 | r_c=0.000000 | r_s=7.057871e-04 | status=running
[UL Convergence] | phase=optimize | user=0 | block=2 | n_kl=50 | epoch=145/1000 | objective=-15.959093 | rate=15.947146 | power=29.999939 | r_p=0.000000 | r_c=0.000000 | r_s=6.820401e-04 | status=running
[UL Convergence] | phase=optimize | user=0 | block=2 | n_kl=50 | epoch=146/1000 | objective=-15.959251 | rate=15.947304 | power=29.999935 | r_p=0.000000 | r_c=0.000000 | r_s=6.589058e-04 | status=running
[UL Convergence] | phase=optimize | user=0 | block=2 | n_kl=50 | epoch=147/1000 | objective=-15.959407 | rate=15.947459 | power=29.999939 | r_p=0.000000 | r_c=0.000000 | r_s=6.364506e-04 | status=running
[UL Convergence] | phase=optimize | user=0 | block=2 | n_kl=50 | epoch=148/1000 | objective=-15.959517 | rate=15.947570 | power=29.999935 | r_p=0.000000 | r_c=0.000000 | r_s=6.145969e-04 | status=running
[UL Convergence] | phase=optimize | user=0 | block=2 | n_kl=50 | epoch=149/1000 | objective=-15.959651 | rate=15.947703 | power=29.999945 | r_p=0.000000 | r_c=0.000000 | r_s=5.933716e-04 | status=kkt_converged
[UL Convergence Result] | user=0 | block=2 | n_kl=50 | achieved_rate=15.947703 | power=29.999945 | rate_gap=-11.947703 | power_gap=-5.531311e-05 | solve_status=kkt_converged
[UL Convergence Allocation] | user=0 | block=2 | n_kl=50 | requested_bits=200 | served_bits=200 | full_service=true
[UL Convergence Block] | user=0 | block=2 | stage=post_T | served_bits=200 | unserved_bits=0
[UL Convergence Reduction] | user=0 | block=2 | served_bits=200 | n_start=49 | n_min=1
[UL Convergence Solve] | user=0 | block=2 | stage=reduced_n | n_kl=49 | served_bits=200
[UL Convergence] | phase=optimize | user=0 | block=2 | n_kl=49 | epoch=1/1000 | objective=-15.933225 | rate=15.921385 | power=29.999945 | r_p=0.000000 | r_c=0.000000 | r_s=inf | status=running
[UL Convergence] | phase=optimize | user=0 | block=2 | n_kl=49 | epoch=2/1000 | objective=-15.933332 | rate=15.921493 | power=29.999945 | r_p=0.000000 | r_c=0.000000 | r_s=5.727250e-04 | status=kkt_converged
[UL Convergence Candidate] | user=0 | block=2 | n_kl=49 | achieved_rate=15.921493 | rate_gap=-11.839860 | power_gap=-5.531311e-05 | status=accepted
[UL Convergence Solve] | user=0 | block=2 | stage=reduced_n | n_kl=40 | served_bits=200
[UL Convergence] | phase=optimize | user=0 | block=2 | n_kl=40 | epoch=1/1000 | objective=-15.653102 | rate=15.642460 | power=29.999939 | r_p=0.000000 | r_c=0.000000 | r_s=inf | status=running
[UL Convergence] | phase=optimize | user=0 | block=2 | n_kl=40 | epoch=2/1000 | objective=-15.653166 | rate=15.642524 | power=29.999939 | r_p=0.000000 | r_c=0.000000 | r_s=4.119657e-04 | status=kkt_converged
[UL Convergence Candidate] | user=0 | block=2 | n_kl=40 | achieved_rate=15.642524 | rate_gap=-10.642524 | power_gap=-6.103516e-05 | status=accepted
[UL Convergence Solve] | user=0 | block=2 | stage=reduced_n | n_kl=30 | served_bits=200
[UL Convergence] | phase=optimize | user=0 | block=2 | n_kl=30 | epoch=1/1000 | objective=-15.203012 | rate=15.194485 | power=29.999939 | r_p=0.000000 | r_c=0.000000 | r_s=inf | status=running
[UL Convergence] | phase=optimize | user=0 | block=2 | n_kl=30 | epoch=2/1000 | objective=-15.203035 | rate=15.194508 | power=29.999939 | r_p=0.000000 | r_c=0.000000 | r_s=2.790743e-04 | status=kkt_converged
[UL Convergence Candidate] | user=0 | block=2 | n_kl=30 | achieved_rate=15.194508 | rate_gap=-8.527842 | power_gap=-6.103516e-05 | status=accepted
[UL Convergence Solve] | user=0 | block=2 | stage=reduced_n | n_kl=20 | served_bits=200
[UL Convergence] | phase=optimize | user=0 | block=2 | n_kl=20 | epoch=1/1000 | objective=-14.446909 | rate=14.442467 | power=29.999939 | r_p=0.000000 | r_c=0.000000 | r_s=inf | status=running
[UL Convergence] | phase=optimize | user=0 | block=2 | n_kl=20 | epoch=2/1000 | objective=-14.446905 | rate=14.442463 | power=29.999939 | r_p=0.000000 | r_c=0.000000 | r_s=2.092200e-04 | status=kkt_converged
[UL Convergence Candidate] | user=0 | block=2 | n_kl=20 | achieved_rate=14.442467 | rate_gap=-4.442467 | power_gap=-6.103516e-05 | status=accepted
[UL Convergence Reduction] | user=0 | block=2 | n_kl=14 | status=stop_infeasible
[UL Convergence Final] | user=0 | block=2 | feasible_points=36 | chosen_n_kl=15 | served_bits=200 | achieved_rate=13.808413 | power=29.999945 | solve_status=kkt_converged
[UL Convergence Allocation] | user=0 | block=2 | chosen_n_kl=15 | served_bits=200 | unserved_bits=0 | mode=fixed_block_targets
[UL Convergence Train] | user=0 | block=3 | target_bits=200 | mode=fixed_block_targets
[UL Convergence Block] | user=0 | block=3 | budget_mode=target_bits | requested_bits=200
[UL Convergence Solve] | user=0 | block=3 | stage=n=T | n_kl=50 | requested_bits=200
[UL Convergence] | phase=optimize | user=0 | block=3 | n_kl=50 | epoch=1/1000 | objective=-11.671841 | rate=11.664177 | power=29.999935 | r_p=0.000000 | r_c=0.000000 | r_s=inf | status=running
[UL Convergence] | phase=optimize | user=0 | block=3 | n_kl=50 | epoch=2/1000 | objective=-11.767852 | rate=11.760090 | power=29.977571 | r_p=0.000000 | r_c=0.000000 | r_s=0.010328 | status=running
[UL Convergence] | phase=optimize | user=0 | block=3 | n_kl=50 | epoch=3/1000 | objective=-11.856102 | rate=11.848254 | power=29.999935 | r_p=0.000000 | r_c=0.000000 | r_s=0.008889 | status=running
[UL Convergence] | phase=optimize | user=0 | block=3 | n_kl=50 | epoch=4/1000 | objective=-11.942688 | rate=11.934753 | power=29.999945 | r_p=0.000000 | r_c=0.000000 | r_s=0.009039 | status=running
[UL Convergence] | phase=optimize | user=0 | block=3 | n_kl=50 | epoch=5/1000 | objective=-12.029464 | rate=12.021442 | power=29.999939 | r_p=0.000000 | r_c=0.000000 | r_s=0.009133 | status=running
[UL Convergence] | phase=optimize | user=0 | block=3 | n_kl=50 | epoch=6/1000 | objective=-12.115638 | rate=12.107531 | power=29.999939 | r_p=0.000000 | r_c=0.000000 | r_s=0.009193 | status=running
[UL Convergence] | phase=optimize | user=0 | block=3 | n_kl=50 | epoch=7/1000 | objective=-12.200762 | rate=12.192569 | power=29.999939 | r_p=0.000000 | r_c=0.000000 | r_s=0.009229 | status=running
[UL Convergence] | phase=optimize | user=0 | block=3 | n_kl=50 | epoch=8/1000 | objective=-12.284532 | rate=12.276256 | power=29.999939 | r_p=0.000000 | r_c=0.000000 | r_s=0.009247 | status=running
[UL Convergence] | phase=optimize | user=0 | block=3 | n_kl=50 | epoch=9/1000 | objective=-12.366756 | rate=12.358398 | power=29.999939 | r_p=0.000000 | r_c=0.000000 | r_s=0.009250 | status=running
[UL Convergence] | phase=optimize | user=0 | block=3 | n_kl=50 | epoch=10/1000 | objective=-12.447264 | rate=12.438825 | power=29.999939 | r_p=0.000000 | r_c=0.000000 | r_s=0.009239 | status=running
[UL Convergence] | phase=optimize | user=0 | block=3 | n_kl=50 | epoch=11/1000 | objective=-12.525933 | rate=12.517416 | power=29.999939 | r_p=0.000000 | r_c=0.000000 | r_s=0.009217 | status=running
[UL Convergence] | phase=optimize | user=0 | block=3 | n_kl=50 | epoch=12/1000 | objective=-12.602694 | rate=12.594099 | power=29.999945 | r_p=0.000000 | r_c=0.000000 | r_s=0.009184 | status=running
[UL Convergence] | phase=optimize | user=0 | block=3 | n_kl=50 | epoch=13/1000 | objective=-12.677465 | rate=12.668797 | power=29.999945 | r_p=0.000000 | r_c=0.000000 | r_s=0.009142 | status=running
[UL Convergence] | phase=optimize | user=0 | block=3 | n_kl=50 | epoch=14/1000 | objective=-12.750225 | rate=12.741484 | power=29.999939 | r_p=0.000000 | r_c=0.000000 | r_s=0.009092 | status=running
[UL Convergence] | phase=optimize | user=0 | block=3 | n_kl=50 | epoch=15/1000 | objective=-12.820936 | rate=12.812124 | power=29.999939 | r_p=0.000000 | r_c=0.000000 | r_s=0.009035 | status=running
[UL Convergence] | phase=optimize | user=0 | block=3 | n_kl=50 | epoch=16/1000 | objective=-12.889595 | rate=12.880714 | power=29.999935 | r_p=0.000000 | r_c=0.000000 | r_s=0.008971 | status=running
[UL Convergence] | phase=optimize | user=0 | block=3 | n_kl=50 | epoch=17/1000 | objective=-12.956193 | rate=12.947246 | power=29.999939 | r_p=0.000000 | r_c=0.000000 | r_s=0.008901 | status=running
[UL Convergence] | phase=optimize | user=0 | block=3 | n_kl=50 | epoch=18/1000 | objective=-13.020732 | rate=13.011721 | power=29.999945 | r_p=0.000000 | r_c=0.000000 | r_s=0.008825 | status=running
[UL Convergence] | phase=optimize | user=0 | block=3 | n_kl=50 | epoch=19/1000 | objective=-13.083236 | rate=13.074162 | power=29.999945 | r_p=0.000000 | r_c=0.000000 | r_s=0.008744 | status=running
[UL Convergence] | phase=optimize | user=0 | block=3 | n_kl=50 | epoch=20/1000 | objective=-13.143740 | rate=13.134605 | power=29.999939 | r_p=0.000000 | r_c=0.000000 | r_s=0.008658 | status=running
[UL Convergence] | phase=optimize | user=0 | block=3 | n_kl=50 | epoch=21/1000 | objective=-13.202234 | rate=13.193041 | power=29.999939 | r_p=0.000000 | r_c=0.000000 | r_s=0.008569 | status=running
[UL Convergence] | phase=optimize | user=0 | block=3 | n_kl=50 | epoch=22/1000 | objective=-13.258792 | rate=13.249542 | power=29.999939 | r_p=0.000000 | r_c=0.000000 | r_s=0.008475 | status=running
[UL Convergence] | phase=optimize | user=0 | block=3 | n_kl=50 | epoch=23/1000 | objective=-13.313423 | rate=13.304119 | power=29.999935 | r_p=0.000000 | r_c=0.000000 | r_s=0.008379 | status=running
[UL Convergence] | phase=optimize | user=0 | block=3 | n_kl=50 | epoch=24/1000 | objective=-13.366185 | rate=13.356829 | power=29.999939 | r_p=0.000000 | r_c=0.000000 | r_s=0.008281 | status=running
[UL Convergence] | phase=optimize | user=0 | block=3 | n_kl=50 | epoch=25/1000 | objective=-13.417108 | rate=13.407700 | power=29.999939 | r_p=0.000000 | r_c=0.000000 | r_s=0.008180 | status=running
[UL Convergence] | phase=optimize | user=0 | block=3 | n_kl=50 | epoch=26/1000 | objective=-13.466232 | rate=13.456776 | power=29.999939 | r_p=0.000000 | r_c=0.000000 | r_s=0.008078 | status=running
[UL Convergence] | phase=optimize | user=0 | block=3 | n_kl=50 | epoch=27/1000 | objective=-13.513608 | rate=13.504104 | power=29.999935 | r_p=0.000000 | r_c=0.000000 | r_s=0.007976 | status=running
[UL Convergence] | phase=optimize | user=0 | block=3 | n_kl=50 | epoch=28/1000 | objective=-13.559285 | rate=13.549735 | power=29.999939 | r_p=0.000000 | r_c=0.000000 | r_s=0.007872 | status=running
[UL Convergence] | phase=optimize | user=0 | block=3 | n_kl=50 | epoch=29/1000 | objective=-13.603295 | rate=13.593701 | power=29.999945 | r_p=0.000000 | r_c=0.000000 | r_s=0.007768 | status=running
[UL Convergence] | phase=optimize | user=0 | block=3 | n_kl=50 | epoch=30/1000 | objective=-13.645702 | rate=13.636066 | power=29.999939 | r_p=0.000000 | r_c=0.000000 | r_s=0.007664 | status=running
[UL Convergence] | phase=optimize | user=0 | block=3 | n_kl=50 | epoch=31/1000 | objective=-13.686530 | rate=13.676853 | power=29.999939 | r_p=0.000000 | r_c=0.000000 | r_s=0.007559 | status=running
[UL Convergence] | phase=optimize | user=0 | block=3 | n_kl=50 | epoch=32/1000 | objective=-13.725840 | rate=13.716124 | power=29.999939 | r_p=0.000000 | r_c=0.000000 | r_s=0.007455 | status=running
[UL Convergence] | phase=optimize | user=0 | block=3 | n_kl=50 | epoch=33/1000 | objective=-13.763664 | rate=13.753910 | power=29.999935 | r_p=0.000000 | r_c=0.000000 | r_s=0.007351 | status=running
[UL Convergence] | phase=optimize | user=0 | block=3 | n_kl=50 | epoch=34/1000 | objective=-13.800069 | rate=13.790278 | power=29.999935 | r_p=0.000000 | r_c=0.000000 | r_s=0.007246 | status=running
[UL Convergence] | phase=optimize | user=0 | block=3 | n_kl=50 | epoch=35/1000 | objective=-13.835068 | rate=13.825242 | power=29.999939 | r_p=0.000000 | r_c=0.000000 | r_s=0.007142 | status=running
[UL Convergence] | phase=optimize | user=0 | block=3 | n_kl=50 | epoch=36/1000 | objective=-13.868717 | rate=13.858858 | power=29.999939 | r_p=0.000000 | r_c=0.000000 | r_s=0.007038 | status=running
[UL Convergence] | phase=optimize | user=0 | block=3 | n_kl=50 | epoch=37/1000 | objective=-13.901069 | rate=13.891177 | power=29.999939 | r_p=0.000000 | r_c=0.000000 | r_s=0.006934 | status=running
[UL Convergence] | phase=optimize | user=0 | block=3 | n_kl=50 | epoch=38/1000 | objective=-13.932161 | rate=13.922239 | power=29.999939 | r_p=0.000000 | r_c=0.000000 | r_s=0.006830 | status=running
[UL Convergence] | phase=optimize | user=0 | block=3 | n_kl=50 | epoch=39/1000 | objective=-13.962029 | rate=13.952076 | power=29.999939 | r_p=0.000000 | r_c=0.000000 | r_s=0.006727 | status=running
[UL Convergence] | phase=optimize | user=0 | block=3 | n_kl=50 | epoch=40/1000 | objective=-13.990704 | rate=13.980722 | power=29.999939 | r_p=0.000000 | r_c=0.000000 | r_s=0.006624 | status=running
[UL Convergence] | phase=optimize | user=0 | block=3 | n_kl=50 | epoch=41/1000 | objective=-14.018246 | rate=14.008238 | power=29.999945 | r_p=0.000000 | r_c=0.000000 | r_s=0.006522 | status=running
[UL Convergence] | phase=optimize | user=0 | block=3 | n_kl=50 | epoch=42/1000 | objective=-14.044674 | rate=14.034639 | power=29.999939 | r_p=0.000000 | r_c=0.000000 | r_s=0.006422 | status=running
[UL Convergence] | phase=optimize | user=0 | block=3 | n_kl=50 | epoch=43/1000 | objective=-14.070037 | rate=14.059977 | power=29.999935 | r_p=0.000000 | r_c=0.000000 | r_s=0.006322 | status=running
[UL Convergence] | phase=optimize | user=0 | block=3 | n_kl=50 | epoch=44/1000 | objective=-14.094371 | rate=14.084287 | power=29.999939 | r_p=0.000000 | r_c=0.000000 | r_s=0.006224 | status=running
[UL Convergence] | phase=optimize | user=0 | block=3 | n_kl=50 | epoch=45/1000 | objective=-14.117710 | rate=14.107602 | power=29.999935 | r_p=0.000000 | r_c=0.000000 | r_s=0.006128 | status=running
[UL Convergence] | phase=optimize | user=0 | block=3 | n_kl=50 | epoch=46/1000 | objective=-14.140087 | rate=14.129957 | power=29.999939 | r_p=0.000000 | r_c=0.000000 | r_s=0.006033 | status=running
[UL Convergence] | phase=optimize | user=0 | block=3 | n_kl=50 | epoch=47/1000 | objective=-14.161532 | rate=14.151381 | power=29.999945 | r_p=0.000000 | r_c=0.000000 | r_s=0.005940 | status=running
[UL Convergence] | phase=optimize | user=0 | block=3 | n_kl=50 | epoch=48/1000 | objective=-14.182091 | rate=14.171919 | power=29.999935 | r_p=0.000000 | r_c=0.000000 | r_s=0.005849 | status=running
[UL Convergence] | phase=optimize | user=0 | block=3 | n_kl=50 | epoch=49/1000 | objective=-14.201785 | rate=14.191593 | power=29.999939 | r_p=0.000000 | r_c=0.000000 | r_s=0.005759 | status=running
[UL Convergence] | phase=optimize | user=0 | block=3 | n_kl=50 | epoch=50/1000 | objective=-14.220640 | rate=14.210430 | power=29.999939 | r_p=0.000000 | r_c=0.000000 | r_s=0.005670 | status=running
[UL Convergence] | phase=optimize | user=0 | block=3 | n_kl=50 | epoch=51/1000 | objective=-14.238690 | rate=14.228462 | power=29.999935 | r_p=0.000000 | r_c=0.000000 | r_s=0.005583 | status=running
[UL Convergence] | phase=optimize | user=0 | block=3 | n_kl=50 | epoch=52/1000 | objective=-14.255952 | rate=14.245707 | power=29.999939 | r_p=0.000000 | r_c=0.000000 | r_s=0.005497 | status=running
[UL Convergence] | phase=optimize | user=0 | block=3 | n_kl=50 | epoch=53/1000 | objective=-14.272461 | rate=14.262198 | power=29.999935 | r_p=0.000000 | r_c=0.000000 | r_s=0.005411 | status=running
[UL Convergence] | phase=optimize | user=0 | block=3 | n_kl=50 | epoch=54/1000 | objective=-14.288249 | rate=14.277971 | power=29.999939 | r_p=0.000000 | r_c=0.000000 | r_s=0.005327 | status=running
[UL Convergence] | phase=optimize | user=0 | block=3 | n_kl=50 | epoch=55/1000 | objective=-14.303332 | rate=14.293039 | power=29.999945 | r_p=0.000000 | r_c=0.000000 | r_s=0.005242 | status=running
[UL Convergence] | phase=optimize | user=0 | block=3 | n_kl=50 | epoch=56/1000 | objective=-14.317739 | rate=14.307432 | power=29.999939 | r_p=0.000000 | r_c=0.000000 | r_s=0.005158 | status=running
[UL Convergence] | phase=optimize | user=0 | block=3 | n_kl=50 | epoch=57/1000 | objective=-14.331477 | rate=14.321156 | power=29.999939 | r_p=0.000000 | r_c=0.000000 | r_s=0.005074 | status=running
[UL Convergence] | phase=optimize | user=0 | block=3 | n_kl=50 | epoch=58/1000 | objective=-14.344601 | rate=14.334267 | power=29.999939 | r_p=0.000000 | r_c=0.000000 | r_s=0.004989 | status=running
[UL Convergence] | phase=optimize | user=0 | block=3 | n_kl=50 | epoch=59/1000 | objective=-14.357102 | rate=14.346756 | power=29.999939 | r_p=0.000000 | r_c=0.000000 | r_s=0.004905 | status=running
[UL Convergence] | phase=optimize | user=0 | block=3 | n_kl=50 | epoch=60/1000 | objective=-14.369015 | rate=14.358656 | power=29.999939 | r_p=0.000000 | r_c=0.000000 | r_s=0.004820 | status=running
[UL Convergence] | phase=optimize | user=0 | block=3 | n_kl=50 | epoch=61/1000 | objective=-14.380363 | rate=14.369993 | power=29.999939 | r_p=0.000000 | r_c=0.000000 | r_s=0.004734 | status=running
[UL Convergence] | phase=optimize | user=0 | block=3 | n_kl=50 | epoch=62/1000 | objective=-14.391168 | rate=14.380787 | power=29.999939 | r_p=0.000000 | r_c=0.000000 | r_s=0.004648 | status=running
[UL Convergence] | phase=optimize | user=0 | block=3 | n_kl=50 | epoch=63/1000 | objective=-14.401447 | rate=14.391056 | power=29.999939 | r_p=0.000000 | r_c=0.000000 | r_s=0.004562 | status=running
[UL Convergence] | phase=optimize | user=0 | block=3 | n_kl=50 | epoch=64/1000 | objective=-14.411211 | rate=14.400810 | power=29.999935 | r_p=0.000000 | r_c=0.000000 | r_s=0.004475 | status=running
[UL Convergence] | phase=optimize | user=0 | block=3 | n_kl=50 | epoch=65/1000 | objective=-14.420496 | rate=14.410086 | power=29.999939 | r_p=0.000000 | r_c=0.000000 | r_s=0.004388 | status=running
[UL Convergence] | phase=optimize | user=0 | block=3 | n_kl=50 | epoch=66/1000 | objective=-14.429303 | rate=14.418884 | power=29.999935 | r_p=0.000000 | r_c=0.000000 | r_s=0.004300 | status=running
[UL Convergence] | phase=optimize | user=0 | block=3 | n_kl=50 | epoch=67/1000 | objective=-14.437662 | rate=14.427235 | power=29.999935 | r_p=0.000000 | r_c=0.000000 | r_s=0.004212 | status=running
[UL Convergence] | phase=optimize | user=0 | block=3 | n_kl=50 | epoch=68/1000 | objective=-14.445600 | rate=14.435164 | power=29.999939 | r_p=0.000000 | r_c=0.000000 | r_s=0.004124 | status=running
[UL Convergence] | phase=optimize | user=0 | block=3 | n_kl=50 | epoch=69/1000 | objective=-14.453121 | rate=14.442678 | power=29.999939 | r_p=0.000000 | r_c=0.000000 | r_s=0.004036 | status=running
[UL Convergence] | phase=optimize | user=0 | block=3 | n_kl=50 | epoch=70/1000 | objective=-14.460246 | rate=14.449797 | power=29.999945 | r_p=0.000000 | r_c=0.000000 | r_s=0.003947 | status=running
[UL Convergence] | phase=optimize | user=0 | block=3 | n_kl=50 | epoch=71/1000 | objective=-14.466984 | rate=14.456528 | power=29.999939 | r_p=0.000000 | r_c=0.000000 | r_s=0.003859 | status=running
[UL Convergence] | phase=optimize | user=0 | block=3 | n_kl=50 | epoch=72/1000 | objective=-14.473374 | rate=14.462912 | power=29.999939 | r_p=0.000000 | r_c=0.000000 | r_s=0.003771 | status=running
[UL Convergence] | phase=optimize | user=0 | block=3 | n_kl=50 | epoch=73/1000 | objective=-14.479413 | rate=14.468945 | power=29.999945 | r_p=0.000000 | r_c=0.000000 | r_s=0.003683 | status=running
[UL Convergence] | phase=optimize | user=0 | block=3 | n_kl=50 | epoch=74/1000 | objective=-14.485120 | rate=14.474646 | power=29.999939 | r_p=0.000000 | r_c=0.000000 | r_s=0.003595 | status=running
[UL Convergence] | phase=optimize | user=0 | block=3 | n_kl=50 | epoch=75/1000 | objective=-14.490500 | rate=14.480021 | power=29.999939 | r_p=0.000000 | r_c=0.000000 | r_s=0.003508 | status=running
[UL Convergence] | phase=optimize | user=0 | block=3 | n_kl=50 | epoch=76/1000 | objective=-14.495588 | rate=14.485104 | power=29.999939 | r_p=0.000000 | r_c=0.000000 | r_s=0.003422 | status=running
[UL Convergence] | phase=optimize | user=0 | block=3 | n_kl=50 | epoch=77/1000 | objective=-14.500397 | rate=14.489907 | power=29.999935 | r_p=0.000000 | r_c=0.000000 | r_s=0.003336 | status=running
[UL Convergence] | phase=optimize | user=0 | block=3 | n_kl=50 | epoch=78/1000 | objective=-14.504919 | rate=14.494425 | power=29.999939 | r_p=0.000000 | r_c=0.000000 | r_s=0.003252 | status=running
[UL Convergence] | phase=optimize | user=0 | block=3 | n_kl=50 | epoch=79/1000 | objective=-14.509187 | rate=14.498688 | power=29.999939 | r_p=0.000000 | r_c=0.000000 | r_s=0.003168 | status=running
[UL Convergence] | phase=optimize | user=0 | block=3 | n_kl=50 | epoch=80/1000 | objective=-14.513211 | rate=14.502708 | power=29.999945 | r_p=0.000000 | r_c=0.000000 | r_s=0.003085 | status=running
[UL Convergence] | phase=optimize | user=0 | block=3 | n_kl=50 | epoch=81/1000 | objective=-14.516994 | rate=14.506487 | power=29.999935 | r_p=0.000000 | r_c=0.000000 | r_s=0.003003 | status=running
[UL Convergence] | phase=optimize | user=0 | block=3 | n_kl=50 | epoch=82/1000 | objective=-14.520554 | rate=14.510043 | power=29.999939 | r_p=0.000000 | r_c=0.000000 | r_s=0.002923 | status=running
[UL Convergence] | phase=optimize | user=0 | block=3 | n_kl=50 | epoch=83/1000 | objective=-14.523904 | rate=14.513391 | power=29.999939 | r_p=0.000000 | r_c=0.000000 | r_s=0.002843 | status=running
[UL Convergence] | phase=optimize | user=0 | block=3 | n_kl=50 | epoch=84/1000 | objective=-14.527040 | rate=14.516524 | power=29.999939 | r_p=0.000000 | r_c=0.000000 | r_s=0.002765 | status=running
[UL Convergence] | phase=optimize | user=0 | block=3 | n_kl=50 | epoch=85/1000 | objective=-14.529997 | rate=14.519478 | power=29.999935 | r_p=0.000000 | r_c=0.000000 | r_s=0.002688 | status=running
[UL Convergence] | phase=optimize | user=0 | block=3 | n_kl=50 | epoch=86/1000 | objective=-14.532769 | rate=14.522247 | power=29.999935 | r_p=0.000000 | r_c=0.000000 | r_s=0.002613 | status=running
[UL Convergence] | phase=optimize | user=0 | block=3 | n_kl=50 | epoch=87/1000 | objective=-14.535373 | rate=14.524848 | power=29.999939 | r_p=0.000000 | r_c=0.000000 | r_s=0.002538 | status=running
[UL Convergence] | phase=optimize | user=0 | block=3 | n_kl=50 | epoch=88/1000 | objective=-14.537826 | rate=14.527298 | power=29.999939 | r_p=0.000000 | r_c=0.000000 | r_s=0.002465 | status=running
[UL Convergence] | phase=optimize | user=0 | block=3 | n_kl=50 | epoch=89/1000 | objective=-14.540097 | rate=14.529568 | power=29.999939 | r_p=0.000000 | r_c=0.000000 | r_s=0.002394 | status=running
[UL Convergence] | phase=optimize | user=0 | block=3 | n_kl=50 | epoch=90/1000 | objective=-14.542242 | rate=14.531711 | power=29.999935 | r_p=0.000000 | r_c=0.000000 | r_s=0.002323 | status=running
[UL Convergence] | phase=optimize | user=0 | block=3 | n_kl=50 | epoch=91/1000 | objective=-14.544240 | rate=14.533707 | power=29.999939 | r_p=0.000000 | r_c=0.000000 | r_s=0.002254 | status=running
[UL Convergence] | phase=optimize | user=0 | block=3 | n_kl=50 | epoch=92/1000 | objective=-14.546107 | rate=14.535572 | power=29.999939 | r_p=0.000000 | r_c=0.000000 | r_s=0.002187 | status=running
[UL Convergence] | phase=optimize | user=0 | block=3 | n_kl=50 | epoch=93/1000 | objective=-14.547870 | rate=14.537333 | power=29.999939 | r_p=0.000000 | r_c=0.000000 | r_s=0.002121 | status=running
[UL Convergence] | phase=optimize | user=0 | block=3 | n_kl=50 | epoch=94/1000 | objective=-14.549496 | rate=14.538957 | power=29.999945 | r_p=0.000000 | r_c=0.000000 | r_s=0.002056 | status=running
[UL Convergence] | phase=optimize | user=0 | block=3 | n_kl=50 | epoch=95/1000 | objective=-14.551031 | rate=14.540490 | power=29.999939 | r_p=0.000000 | r_c=0.000000 | r_s=0.001992 | status=running
[UL Convergence] | phase=optimize | user=0 | block=3 | n_kl=50 | epoch=96/1000 | objective=-14.552446 | rate=14.541904 | power=29.999939 | r_p=0.000000 | r_c=0.000000 | r_s=0.001930 | status=running
[UL Convergence] | phase=optimize | user=0 | block=3 | n_kl=50 | epoch=97/1000 | objective=-14.553778 | rate=14.543235 | power=29.999939 | r_p=0.000000 | r_c=0.000000 | r_s=0.001869 | status=running
[UL Convergence] | phase=optimize | user=0 | block=3 | n_kl=50 | epoch=98/1000 | objective=-14.555005 | rate=14.544460 | power=29.999939 | r_p=0.000000 | r_c=0.000000 | r_s=0.001809 | status=running
[UL Convergence] | phase=optimize | user=0 | block=3 | n_kl=50 | epoch=99/1000 | objective=-14.556164 | rate=14.545618 | power=29.999939 | r_p=0.000000 | r_c=0.000000 | r_s=0.001751 | status=running
[UL Convergence] | phase=optimize | user=0 | block=3 | n_kl=50 | epoch=100/1000 | objective=-14.557236 | rate=14.546689 | power=29.999939 | r_p=0.000000 | r_c=0.000000 | r_s=0.001694 | status=running
[UL Convergence] | phase=optimize | user=0 | block=3 | n_kl=50 | epoch=101/1000 | objective=-14.558230 | rate=14.547683 | power=29.999939 | r_p=0.000000 | r_c=0.000000 | r_s=0.001638 | status=running
[UL Convergence] | phase=optimize | user=0 | block=3 | n_kl=50 | epoch=102/1000 | objective=-14.559157 | rate=14.548609 | power=29.999939 | r_p=0.000000 | r_c=0.000000 | r_s=0.001584 | status=running
[UL Convergence] | phase=optimize | user=0 | block=3 | n_kl=50 | epoch=103/1000 | objective=-14.560009 | rate=14.549459 | power=29.999935 | r_p=0.000000 | r_c=0.000000 | r_s=0.001531 | status=running
[UL Convergence] | phase=optimize | user=0 | block=3 | n_kl=50 | epoch=104/1000 | objective=-14.560810 | rate=14.550260 | power=29.999935 | r_p=0.000000 | r_c=0.000000 | r_s=0.001479 | status=running
[UL Convergence] | phase=optimize | user=0 | block=3 | n_kl=50 | epoch=105/1000 | objective=-14.561544 | rate=14.550993 | power=29.999939 | r_p=0.000000 | r_c=0.000000 | r_s=0.001429 | status=running
[UL Convergence] | phase=optimize | user=0 | block=3 | n_kl=50 | epoch=106/1000 | objective=-14.562228 | rate=14.551677 | power=29.999939 | r_p=0.000000 | r_c=0.000000 | r_s=0.001380 | status=running
[UL Convergence] | phase=optimize | user=0 | block=3 | n_kl=50 | epoch=107/1000 | objective=-14.562860 | rate=14.552308 | power=29.999939 | r_p=0.000000 | r_c=0.000000 | r_s=0.001332 | status=running
[UL Convergence] | phase=optimize | user=0 | block=3 | n_kl=50 | epoch=108/1000 | objective=-14.563451 | rate=14.552897 | power=29.999939 | r_p=0.000000 | r_c=0.000000 | r_s=0.001285 | status=running
[UL Convergence] | phase=optimize | user=0 | block=3 | n_kl=50 | epoch=109/1000 | objective=-14.563988 | rate=14.553434 | power=29.999935 | r_p=0.000000 | r_c=0.000000 | r_s=0.001239 | status=running
[UL Convergence] | phase=optimize | user=0 | block=3 | n_kl=50 | epoch=110/1000 | objective=-14.564487 | rate=14.553933 | power=29.999939 | r_p=0.000000 | r_c=0.000000 | r_s=0.001195 | status=running
[UL Convergence] | phase=optimize | user=0 | block=3 | n_kl=50 | epoch=111/1000 | objective=-14.564960 | rate=14.554406 | power=29.999939 | r_p=0.000000 | r_c=0.000000 | r_s=0.001152 | status=running
[UL Convergence] | phase=optimize | user=0 | block=3 | n_kl=50 | epoch=112/1000 | objective=-14.565380 | rate=14.554825 | power=29.999945 | r_p=0.000000 | r_c=0.000000 | r_s=0.001110 | status=running
[UL Convergence] | phase=optimize | user=0 | block=3 | n_kl=50 | epoch=113/1000 | objective=-14.565775 | rate=14.555220 | power=29.999939 | r_p=0.000000 | r_c=0.000000 | r_s=0.001069 | status=running
[UL Convergence] | phase=optimize | user=0 | block=3 | n_kl=50 | epoch=114/1000 | objective=-14.566136 | rate=14.555581 | power=29.999939 | r_p=0.000000 | r_c=0.000000 | r_s=0.001029 | status=running
[UL Convergence] | phase=optimize | user=0 | block=3 | n_kl=50 | epoch=115/1000 | objective=-14.566470 | rate=14.555914 | power=29.999929 | r_p=0.000000 | r_c=0.000000 | r_s=9.905399e-04 | status=running
[UL Convergence] | phase=optimize | user=0 | block=3 | n_kl=50 | epoch=116/1000 | objective=-14.566784 | rate=14.556228 | power=29.999939 | r_p=0.000000 | r_c=0.000000 | r_s=9.530909e-04 | status=running
[UL Convergence] | phase=optimize | user=0 | block=3 | n_kl=50 | epoch=117/1000 | objective=-14.567058 | rate=14.556501 | power=29.999945 | r_p=0.000000 | r_c=0.000000 | r_s=9.167440e-04 | status=running
[UL Convergence] | phase=optimize | user=0 | block=3 | n_kl=50 | epoch=118/1000 | objective=-14.567324 | rate=14.556767 | power=29.999939 | r_p=0.000000 | r_c=0.000000 | r_s=8.814568e-04 | status=running
[UL Convergence] | phase=optimize | user=0 | block=3 | n_kl=50 | epoch=119/1000 | objective=-14.567555 | rate=14.556998 | power=29.999939 | r_p=0.000000 | r_c=0.000000 | r_s=8.472598e-04 | status=running
[UL Convergence] | phase=optimize | user=0 | block=3 | n_kl=50 | epoch=120/1000 | objective=-14.567771 | rate=14.557214 | power=29.999939 | r_p=0.000000 | r_c=0.000000 | r_s=8.140929e-04 | status=running
[UL Convergence] | phase=optimize | user=0 | block=3 | n_kl=50 | epoch=121/1000 | objective=-14.567974 | rate=14.557417 | power=29.999939 | r_p=0.000000 | r_c=0.000000 | r_s=7.819608e-04 | status=running
[UL Convergence] | phase=optimize | user=0 | block=3 | n_kl=50 | epoch=122/1000 | objective=-14.568165 | rate=14.557608 | power=29.999945 | r_p=0.000000 | r_c=0.000000 | r_s=7.508455e-04 | status=running
[UL Convergence] | phase=optimize | user=0 | block=3 | n_kl=50 | epoch=123/1000 | objective=-14.568322 | rate=14.557764 | power=29.999939 | r_p=0.000000 | r_c=0.000000 | r_s=7.207185e-04 | status=running
[UL Convergence] | phase=optimize | user=0 | block=3 | n_kl=50 | epoch=124/1000 | objective=-14.568480 | rate=14.557921 | power=29.999939 | r_p=0.000000 | r_c=0.000000 | r_s=6.915648e-04 | status=running
[UL Convergence] | phase=optimize | user=0 | block=3 | n_kl=50 | epoch=125/1000 | objective=-14.568616 | rate=14.558058 | power=29.999945 | r_p=0.000000 | r_c=0.000000 | r_s=6.633813e-04 | status=running
[UL Convergence] | phase=optimize | user=0 | block=3 | n_kl=50 | epoch=126/1000 | objective=-14.568751 | rate=14.558193 | power=29.999939 | r_p=0.000000 | r_c=0.000000 | r_s=6.361111e-04 | status=running
[UL Convergence] | phase=optimize | user=0 | block=3 | n_kl=50 | epoch=127/1000 | objective=-14.568869 | rate=14.558311 | power=29.999945 | r_p=0.000000 | r_c=0.000000 | r_s=6.097547e-04 | status=running
[UL Convergence] | phase=optimize | user=0 | block=3 | n_kl=50 | epoch=128/1000 | objective=-14.568969 | rate=14.558411 | power=29.999939 | r_p=0.000000 | r_c=0.000000 | r_s=5.843063e-04 | status=kkt_converged
[UL Convergence Result] | user=0 | block=3 | n_kl=50 | achieved_rate=14.558411 | power=29.999939 | rate_gap=-10.558411 | power_gap=-6.103516e-05 | solve_status=kkt_converged
[UL Convergence Allocation] | user=0 | block=3 | n_kl=50 | requested_bits=200 | served_bits=200 | full_service=true
[UL Convergence Block] | user=0 | block=3 | stage=post_T | served_bits=200 | unserved_bits=0
[UL Convergence Reduction] | user=0 | block=3 | served_bits=200 | n_start=49 | n_min=1
[UL Convergence Solve] | user=0 | block=3 | stage=reduced_n | n_kl=49 | served_bits=200
[UL Convergence] | phase=optimize | user=0 | block=3 | n_kl=49 | epoch=1/1000 | objective=-14.542582 | rate=14.532131 | power=29.999939 | r_p=0.000000 | r_c=0.000000 | r_s=inf | status=running
[UL Convergence] | phase=optimize | user=0 | block=3 | n_kl=49 | epoch=2/1000 | objective=-14.542684 | rate=14.532233 | power=29.999939 | r_p=0.000000 | r_c=0.000000 | r_s=5.597181e-04 | status=kkt_converged
[UL Convergence Candidate] | user=0 | block=3 | n_kl=49 | achieved_rate=14.532233 | rate_gap=-10.450601 | power_gap=-6.103516e-05 | status=accepted
[UL Convergence Solve] | user=0 | block=3 | stage=reduced_n | n_kl=40 | served_bits=200
[UL Convergence] | phase=optimize | user=0 | block=3 | n_kl=40 | epoch=1/1000 | objective=-14.262763 | rate=14.253510 | power=29.999939 | r_p=0.000000 | r_c=0.000000 | r_s=inf | status=running
[UL Convergence] | phase=optimize | user=0 | block=3 | n_kl=40 | epoch=2/1000 | objective=-14.262797 | rate=14.253544 | power=29.999935 | r_p=0.000000 | r_c=0.000000 | r_s=3.742216e-04 | status=kkt_converged
[UL Convergence Candidate] | user=0 | block=3 | n_kl=40 | achieved_rate=14.253544 | rate_gap=-9.253544 | power_gap=-6.484985e-05 | status=accepted
[UL Convergence Solve] | user=0 | block=3 | stage=reduced_n | n_kl=30 | served_bits=200
[UL Convergence] | phase=optimize | user=0 | block=3 | n_kl=30 | epoch=1/1000 | objective=-13.813238 | rate=13.806099 | power=29.999939 | r_p=0.000000 | r_c=0.000000 | r_s=inf | status=running
[UL Convergence] | phase=optimize | user=0 | block=3 | n_kl=30 | epoch=2/1000 | objective=-13.813251 | rate=13.806111 | power=29.999939 | r_p=0.000000 | r_c=0.000000 | r_s=2.316979e-04 | status=kkt_converged
[UL Convergence Candidate] | user=0 | block=3 | n_kl=30 | achieved_rate=13.806111 | rate_gap=-7.139445 | power_gap=-6.103516e-05 | status=accepted
[UL Convergence Solve] | user=0 | block=3 | stage=reduced_n | n_kl=20 | served_bits=200
[UL Convergence] | phase=optimize | user=0 | block=3 | n_kl=20 | epoch=1/1000 | objective=-13.058243 | rate=13.055187 | power=29.999939 | r_p=0.000000 | r_c=0.000000 | r_s=inf | status=running
[UL Convergence] | phase=optimize | user=0 | block=3 | n_kl=20 | epoch=2/1000 | objective=-13.058262 | rate=13.055206 | power=29.999939 | r_p=0.000000 | r_c=0.000000 | r_s=1.658894e-04 | status=kkt_converged
[UL Convergence Candidate] | user=0 | block=3 | n_kl=20 | achieved_rate=13.055206 | rate_gap=-3.055206 | power_gap=-6.103516e-05 | status=accepted
[UL Convergence Reduction] | user=0 | block=3 | n_kl=15 | status=stop_infeasible
[UL Convergence Final] | user=0 | block=3 | feasible_points=35 | chosen_n_kl=16 | served_bits=200 | achieved_rate=12.572166 | power=29.999939 | solve_status=kkt_converged
[UL Convergence Allocation] | user=0 | block=3 | chosen_n_kl=16 | served_bits=200 | unserved_bits=0 | mode=fixed_block_targets
[UL Convergence Train] | user=0 | block=4 | target_bits=200 | mode=fixed_block_targets
[UL Convergence Block] | user=0 | block=4 | budget_mode=target_bits | requested_bits=200
[UL Convergence Solve] | user=0 | block=4 | stage=n=T | n_kl=50 | requested_bits=200
[UL Convergence] | phase=optimize | user=0 | block=4 | n_kl=50 | epoch=1/1000 | objective=-12.541538 | rate=12.533005 | power=29.999939 | r_p=0.000000 | r_c=0.000000 | r_s=inf | status=running
[UL Convergence] | phase=optimize | user=0 | block=4 | n_kl=50 | epoch=2/1000 | objective=-12.631663 | rate=12.623040 | power=29.999939 | r_p=0.000000 | r_c=0.000000 | r_s=0.010131 | status=running
[UL Convergence] | phase=optimize | user=0 | block=4 | n_kl=50 | epoch=3/1000 | objective=-12.720011 | rate=12.711300 | power=29.999939 | r_p=0.000000 | r_c=0.000000 | r_s=0.010039 | status=running
[UL Convergence] | phase=optimize | user=0 | block=4 | n_kl=50 | epoch=4/1000 | objective=-12.806612 | rate=12.797814 | power=29.999939 | r_p=0.000000 | r_c=0.000000 | r_s=0.010091 | status=running
[UL Convergence] | phase=optimize | user=0 | block=4 | n_kl=50 | epoch=5/1000 | objective=-12.891324 | rate=12.882442 | power=29.999939 | r_p=0.000000 | r_c=0.000000 | r_s=0.010103 | status=running
[UL Convergence] | phase=optimize | user=0 | block=4 | n_kl=50 | epoch=6/1000 | objective=-12.974025 | rate=12.965059 | power=29.999939 | r_p=0.000000 | r_c=0.000000 | r_s=0.010080 | status=running
[UL Convergence] | phase=optimize | user=0 | block=4 | n_kl=50 | epoch=7/1000 | objective=-13.054614 | rate=13.045568 | power=29.999939 | r_p=0.000000 | r_c=0.000000 | r_s=0.010033 | status=running
[UL Convergence] | phase=optimize | user=0 | block=4 | n_kl=50 | epoch=8/1000 | objective=-13.132990 | rate=13.123866 | power=29.999939 | r_p=0.000000 | r_c=0.000000 | r_s=0.009967 | status=running
[UL Convergence] | phase=optimize | user=0 | block=4 | n_kl=50 | epoch=9/1000 | objective=-13.209112 | rate=13.199912 | power=29.999935 | r_p=0.000000 | r_c=0.000000 | r_s=0.009884 | status=running
[UL Convergence] | phase=optimize | user=0 | block=4 | n_kl=50 | epoch=10/1000 | objective=-13.282921 | rate=13.273647 | power=29.999935 | r_p=0.000000 | r_c=0.000000 | r_s=0.009785 | status=running
[UL Convergence] | phase=optimize | user=0 | block=4 | n_kl=50 | epoch=11/1000 | objective=-13.354439 | rate=13.345094 | power=29.999939 | r_p=0.000000 | r_c=0.000000 | r_s=0.009673 | status=running
[UL Convergence] | phase=optimize | user=0 | block=4 | n_kl=50 | epoch=12/1000 | objective=-13.423647 | rate=13.414232 | power=29.999945 | r_p=0.000000 | r_c=0.000000 | r_s=0.009553 | status=running
[UL Convergence] | phase=optimize | user=0 | block=4 | n_kl=50 | epoch=13/1000 | objective=-13.490560 | rate=13.481078 | power=29.999939 | r_p=0.000000 | r_c=0.000000 | r_s=0.009428 | status=running
[UL Convergence] | phase=optimize | user=0 | block=4 | n_kl=50 | epoch=14/1000 | objective=-13.555209 | rate=13.545664 | power=29.999939 | r_p=0.000000 | r_c=0.000000 | r_s=0.009302 | status=running
[UL Convergence] | phase=optimize | user=0 | block=4 | n_kl=50 | epoch=15/1000 | objective=-13.617645 | rate=13.608037 | power=29.999935 | r_p=0.000000 | r_c=0.000000 | r_s=0.009179 | status=running
[UL Convergence] | phase=optimize | user=0 | block=4 | n_kl=50 | epoch=16/1000 | objective=-13.677902 | rate=13.668234 | power=29.999939 | r_p=0.000000 | r_c=0.000000 | r_s=0.009062 | status=running
[UL Convergence] | phase=optimize | user=0 | block=4 | n_kl=50 | epoch=17/1000 | objective=-13.736012 | rate=13.726286 | power=29.999939 | r_p=0.000000 | r_c=0.000000 | r_s=0.008951 | status=running
[UL Convergence] | phase=optimize | user=0 | block=4 | n_kl=50 | epoch=18/1000 | objective=-13.792018 | rate=13.782236 | power=29.999945 | r_p=0.000000 | r_c=0.000000 | r_s=0.008847 | status=running
[UL Convergence] | phase=optimize | user=0 | block=4 | n_kl=50 | epoch=19/1000 | objective=-13.845962 | rate=13.836125 | power=29.999939 | r_p=0.000000 | r_c=0.000000 | r_s=0.008748 | status=running
[UL Convergence] | phase=optimize | user=0 | block=4 | n_kl=50 | epoch=20/1000 | objective=-13.897867 | rate=13.887980 | power=29.999939 | r_p=0.000000 | r_c=0.000000 | r_s=0.008654 | status=running
[UL Convergence] | phase=optimize | user=0 | block=4 | n_kl=50 | epoch=21/1000 | objective=-13.947782 | rate=13.937843 | power=29.999939 | r_p=0.000000 | r_c=0.000000 | r_s=0.008564 | status=running
[UL Convergence] | phase=optimize | user=0 | block=4 | n_kl=50 | epoch=22/1000 | objective=-13.995740 | rate=13.985754 | power=29.999939 | r_p=0.000000 | r_c=0.000000 | r_s=0.008476 | status=running
[UL Convergence] | phase=optimize | user=0 | block=4 | n_kl=50 | epoch=23/1000 | objective=-14.041768 | rate=14.031736 | power=29.999939 | r_p=0.000000 | r_c=0.000000 | r_s=0.008388 | status=running
[UL Convergence] | phase=optimize | user=0 | block=4 | n_kl=50 | epoch=24/1000 | objective=-14.085920 | rate=14.075845 | power=29.999939 | r_p=0.000000 | r_c=0.000000 | r_s=0.008301 | status=running
[UL Convergence] | phase=optimize | user=0 | block=4 | n_kl=50 | epoch=25/1000 | objective=-14.128214 | rate=14.118095 | power=29.999939 | r_p=0.000000 | r_c=0.000000 | r_s=0.008212 | status=running
[UL Convergence] | phase=optimize | user=0 | block=4 | n_kl=50 | epoch=26/1000 | objective=-14.168684 | rate=14.158525 | power=29.999935 | r_p=0.000000 | r_c=0.000000 | r_s=0.008121 | status=running
[UL Convergence] | phase=optimize | user=0 | block=4 | n_kl=50 | epoch=27/1000 | objective=-14.207399 | rate=14.197202 | power=29.999939 | r_p=0.000000 | r_c=0.000000 | r_s=0.008027 | status=running
[UL Convergence] | phase=optimize | user=0 | block=4 | n_kl=50 | epoch=28/1000 | objective=-14.244377 | rate=14.234143 | power=29.999935 | r_p=0.000000 | r_c=0.000000 | r_s=0.007929 | status=running
[UL Convergence] | phase=optimize | user=0 | block=4 | n_kl=50 | epoch=29/1000 | objective=-14.279677 | rate=14.269408 | power=29.999935 | r_p=0.000000 | r_c=0.000000 | r_s=0.007827 | status=running
[UL Convergence] | phase=optimize | user=0 | block=4 | n_kl=50 | epoch=30/1000 | objective=-14.313333 | rate=14.303029 | power=29.999935 | r_p=0.000000 | r_c=0.000000 | r_s=0.007721 | status=running
[UL Convergence] | phase=optimize | user=0 | block=4 | n_kl=50 | epoch=31/1000 | objective=-14.345400 | rate=14.335065 | power=29.999935 | r_p=0.000000 | r_c=0.000000 | r_s=0.007611 | status=running
[UL Convergence] | phase=optimize | user=0 | block=4 | n_kl=50 | epoch=32/1000 | objective=-14.375926 | rate=14.365561 | power=29.999939 | r_p=0.000000 | r_c=0.000000 | r_s=0.007496 | status=running
[UL Convergence] | phase=optimize | user=0 | block=4 | n_kl=50 | epoch=33/1000 | objective=-14.404953 | rate=14.394559 | power=29.999939 | r_p=0.000000 | r_c=0.000000 | r_s=0.007378 | status=running
[UL Convergence] | phase=optimize | user=0 | block=4 | n_kl=50 | epoch=34/1000 | objective=-14.432541 | rate=14.422119 | power=29.999939 | r_p=0.000000 | r_c=0.000000 | r_s=0.007255 | status=running
[UL Convergence] | phase=optimize | user=0 | block=4 | n_kl=50 | epoch=35/1000 | objective=-14.458728 | rate=14.448279 | power=29.999939 | r_p=0.000000 | r_c=0.000000 | r_s=0.007130 | status=running
[UL Convergence] | phase=optimize | user=0 | block=4 | n_kl=50 | epoch=36/1000 | objective=-14.483593 | rate=14.473120 | power=29.999939 | r_p=0.000000 | r_c=0.000000 | r_s=0.007002 | status=running
[UL Convergence] | phase=optimize | user=0 | block=4 | n_kl=50 | epoch=37/1000 | objective=-14.507174 | rate=14.496676 | power=29.999939 | r_p=0.000000 | r_c=0.000000 | r_s=0.006872 | status=running
[UL Convergence] | phase=optimize | user=0 | block=4 | n_kl=50 | epoch=38/1000 | objective=-14.529506 | rate=14.518987 | power=29.999939 | r_p=0.000000 | r_c=0.000000 | r_s=0.006741 | status=running
[UL Convergence] | phase=optimize | user=0 | block=4 | n_kl=50 | epoch=39/1000 | objective=-14.550664 | rate=14.540124 | power=29.999939 | r_p=0.000000 | r_c=0.000000 | r_s=0.006610 | status=running
[UL Convergence] | phase=optimize | user=0 | block=4 | n_kl=50 | epoch=40/1000 | objective=-14.570688 | rate=14.560128 | power=29.999945 | r_p=0.000000 | r_c=0.000000 | r_s=0.006479 | status=running
[UL Convergence] | phase=optimize | user=0 | block=4 | n_kl=50 | epoch=41/1000 | objective=-14.589622 | rate=14.579043 | power=29.999935 | r_p=0.000000 | r_c=0.000000 | r_s=0.006349 | status=running
[UL Convergence] | phase=optimize | user=0 | block=4 | n_kl=50 | epoch=42/1000 | objective=-14.607522 | rate=14.596925 | power=29.999939 | r_p=0.000000 | r_c=0.000000 | r_s=0.006220 | status=running
[UL Convergence] | phase=optimize | user=0 | block=4 | n_kl=50 | epoch=43/1000 | objective=-14.624425 | rate=14.613811 | power=29.999939 | r_p=0.000000 | r_c=0.000000 | r_s=0.006092 | status=running
[UL Convergence] | phase=optimize | user=0 | block=4 | n_kl=50 | epoch=44/1000 | objective=-14.640379 | rate=14.629749 | power=29.999945 | r_p=0.000000 | r_c=0.000000 | r_s=0.005966 | status=running
[UL Convergence] | phase=optimize | user=0 | block=4 | n_kl=50 | epoch=45/1000 | objective=-14.655428 | rate=14.644783 | power=29.999935 | r_p=0.000000 | r_c=0.000000 | r_s=0.005842 | status=running
[UL Convergence] | phase=optimize | user=0 | block=4 | n_kl=50 | epoch=46/1000 | objective=-14.669607 | rate=14.658948 | power=29.999939 | r_p=0.000000 | r_c=0.000000 | r_s=0.005719 | status=running
[UL Convergence] | phase=optimize | user=0 | block=4 | n_kl=50 | epoch=47/1000 | objective=-14.682959 | rate=14.672286 | power=29.999935 | r_p=0.000000 | r_c=0.000000 | r_s=0.005597 | status=running
[UL Convergence] | phase=optimize | user=0 | block=4 | n_kl=50 | epoch=48/1000 | objective=-14.695507 | rate=14.684822 | power=29.999939 | r_p=0.000000 | r_c=0.000000 | r_s=0.005477 | status=running
[UL Convergence] | phase=optimize | user=0 | block=4 | n_kl=50 | epoch=49/1000 | objective=-14.707301 | rate=14.696605 | power=29.999939 | r_p=0.000000 | r_c=0.000000 | r_s=0.005357 | status=running
[UL Convergence] | phase=optimize | user=0 | block=4 | n_kl=50 | epoch=50/1000 | objective=-14.718368 | rate=14.707660 | power=29.999945 | r_p=0.000000 | r_c=0.000000 | r_s=0.005238 | status=running
[UL Convergence] | phase=optimize | user=0 | block=4 | n_kl=50 | epoch=51/1000 | objective=-14.728750 | rate=14.718032 | power=29.999939 | r_p=0.000000 | r_c=0.000000 | r_s=0.005119 | status=running
[UL Convergence] | phase=optimize | user=0 | block=4 | n_kl=50 | epoch=52/1000 | objective=-14.738468 | rate=14.727740 | power=29.999945 | r_p=0.000000 | r_c=0.000000 | r_s=0.005001 | status=running
[UL Convergence] | phase=optimize | user=0 | block=4 | n_kl=50 | epoch=53/1000 | objective=-14.747554 | rate=14.736817 | power=29.999945 | r_p=0.000000 | r_c=0.000000 | r_s=0.004882 | status=running
[UL Convergence] | phase=optimize | user=0 | block=4 | n_kl=50 | epoch=54/1000 | objective=-14.756048 | rate=14.745303 | power=29.999939 | r_p=0.000000 | r_c=0.000000 | r_s=0.004763 | status=running
[UL Convergence] | phase=optimize | user=0 | block=4 | n_kl=50 | epoch=55/1000 | objective=-14.763975 | rate=14.753222 | power=29.999939 | r_p=0.000000 | r_c=0.000000 | r_s=0.004643 | status=running
[UL Convergence] | phase=optimize | user=0 | block=4 | n_kl=50 | epoch=56/1000 | objective=-14.769220 | rate=14.758461 | power=29.988182 | r_p=0.000000 | r_c=0.000000 | r_s=0.004528 | status=running
[UL Convergence] | phase=optimize | user=0 | block=4 | n_kl=50 | epoch=57/1000 | objective=-14.777624 | rate=14.766857 | power=29.999935 | r_p=0.000000 | r_c=0.000000 | r_s=0.004407 | status=running
[UL Convergence] | phase=optimize | user=0 | block=4 | n_kl=50 | epoch=58/1000 | objective=-14.783401 | rate=14.772629 | power=29.999935 | r_p=0.000000 | r_c=0.000000 | r_s=0.004185 | status=running
[UL Convergence] | phase=optimize | user=0 | block=4 | n_kl=50 | epoch=59/1000 | objective=-14.788763 | rate=14.777985 | power=29.999935 | r_p=0.000000 | r_c=0.000000 | r_s=0.003979 | status=running
[UL Convergence] | phase=optimize | user=0 | block=4 | n_kl=50 | epoch=60/1000 | objective=-14.793719 | rate=14.782936 | power=29.999939 | r_p=0.000000 | r_c=0.000000 | r_s=0.003784 | status=running
[UL Convergence] | phase=optimize | user=0 | block=4 | n_kl=50 | epoch=61/1000 | objective=-14.798317 | rate=14.787529 | power=29.999939 | r_p=0.000000 | r_c=0.000000 | r_s=0.003603 | status=running
[UL Convergence] | phase=optimize | user=0 | block=4 | n_kl=50 | epoch=62/1000 | objective=-14.802595 | rate=14.791803 | power=29.999935 | r_p=0.000000 | r_c=0.000000 | r_s=0.003434 | status=running
[UL Convergence] | phase=optimize | user=0 | block=4 | n_kl=50 | epoch=63/1000 | objective=-14.806569 | rate=14.795774 | power=29.999939 | r_p=0.000000 | r_c=0.000000 | r_s=0.003280 | status=running
[UL Convergence] | phase=optimize | user=0 | block=4 | n_kl=50 | epoch=64/1000 | objective=-14.810276 | rate=14.799477 | power=29.999939 | r_p=0.000000 | r_c=0.000000 | r_s=0.003139 | status=running
[UL Convergence] | phase=optimize | user=0 | block=4 | n_kl=50 | epoch=65/1000 | objective=-14.813728 | rate=14.802925 | power=29.999939 | r_p=0.000000 | r_c=0.000000 | r_s=0.003012 | status=running
[UL Convergence] | phase=optimize | user=0 | block=4 | n_kl=50 | epoch=66/1000 | objective=-14.816939 | rate=14.806133 | power=29.999939 | r_p=0.000000 | r_c=0.000000 | r_s=0.002897 | status=running
[UL Convergence] | phase=optimize | user=0 | block=4 | n_kl=50 | epoch=67/1000 | objective=-14.819942 | rate=14.809133 | power=29.999935 | r_p=0.000000 | r_c=0.000000 | r_s=0.002793 | status=running
[UL Convergence] | phase=optimize | user=0 | block=4 | n_kl=50 | epoch=68/1000 | objective=-14.822730 | rate=14.811918 | power=29.999939 | r_p=0.000000 | r_c=0.000000 | r_s=0.002699 | status=running
[UL Convergence] | phase=optimize | user=0 | block=4 | n_kl=50 | epoch=69/1000 | objective=-14.825335 | rate=14.814520 | power=29.999939 | r_p=0.000000 | r_c=0.000000 | r_s=0.002614 | status=running
[UL Convergence] | phase=optimize | user=0 | block=4 | n_kl=50 | epoch=70/1000 | objective=-14.827754 | rate=14.816937 | power=29.999939 | r_p=0.000000 | r_c=0.000000 | r_s=0.002536 | status=running
[UL Convergence] | phase=optimize | user=0 | block=4 | n_kl=50 | epoch=71/1000 | objective=-14.829997 | rate=14.819178 | power=29.999939 | r_p=0.000000 | r_c=0.000000 | r_s=0.002463 | status=running
[UL Convergence] | phase=optimize | user=0 | block=4 | n_kl=50 | epoch=72/1000 | objective=-14.832081 | rate=14.821259 | power=29.999935 | r_p=0.000000 | r_c=0.000000 | r_s=0.002394 | status=running
[UL Convergence] | phase=optimize | user=0 | block=4 | n_kl=50 | epoch=73/1000 | objective=-14.834016 | rate=14.823193 | power=29.999939 | r_p=0.000000 | r_c=0.000000 | r_s=0.002328 | status=running
[UL Convergence] | phase=optimize | user=0 | block=4 | n_kl=50 | epoch=74/1000 | objective=-14.835802 | rate=14.824977 | power=29.999939 | r_p=0.000000 | r_c=0.000000 | r_s=0.002264 | status=running
[UL Convergence] | phase=optimize | user=0 | block=4 | n_kl=50 | epoch=75/1000 | objective=-14.837440 | rate=14.826613 | power=29.999935 | r_p=0.000000 | r_c=0.000000 | r_s=0.002200 | status=running
[UL Convergence] | phase=optimize | user=0 | block=4 | n_kl=50 | epoch=76/1000 | objective=-14.838961 | rate=14.828133 | power=29.999939 | r_p=0.000000 | r_c=0.000000 | r_s=0.002137 | status=running
[UL Convergence] | phase=optimize | user=0 | block=4 | n_kl=50 | epoch=77/1000 | objective=-14.840359 | rate=14.829529 | power=29.999939 | r_p=0.000000 | r_c=0.000000 | r_s=0.002073 | status=running
[UL Convergence] | phase=optimize | user=0 | block=4 | n_kl=50 | epoch=78/1000 | objective=-14.841636 | rate=14.830805 | power=29.999939 | r_p=0.000000 | r_c=0.000000 | r_s=0.002008 | status=running
[UL Convergence] | phase=optimize | user=0 | block=4 | n_kl=50 | epoch=79/1000 | objective=-14.842798 | rate=14.831966 | power=29.999939 | r_p=0.000000 | r_c=0.000000 | r_s=0.001943 | status=running
[UL Convergence] | phase=optimize | user=0 | block=4 | n_kl=50 | epoch=80/1000 | objective=-14.843865 | rate=14.833033 | power=29.999939 | r_p=0.000000 | r_c=0.000000 | r_s=0.001877 | status=running
[UL Convergence] | phase=optimize | user=0 | block=4 | n_kl=50 | epoch=81/1000 | objective=-14.844839 | rate=14.834005 | power=29.999939 | r_p=0.000000 | r_c=0.000000 | r_s=0.001810 | status=running
[UL Convergence] | phase=optimize | user=0 | block=4 | n_kl=50 | epoch=82/1000 | objective=-14.845725 | rate=14.834890 | power=29.999939 | r_p=0.000000 | r_c=0.000000 | r_s=0.001744 | status=running
[UL Convergence] | phase=optimize | user=0 | block=4 | n_kl=50 | epoch=83/1000 | objective=-14.846528 | rate=14.835692 | power=29.999939 | r_p=0.000000 | r_c=0.000000 | r_s=0.001677 | status=running
[UL Convergence] | phase=optimize | user=0 | block=4 | n_kl=50 | epoch=84/1000 | objective=-14.847255 | rate=14.836418 | power=29.999939 | r_p=0.000000 | r_c=0.000000 | r_s=0.001610 | status=running
[UL Convergence] | phase=optimize | user=0 | block=4 | n_kl=50 | epoch=85/1000 | objective=-14.847919 | rate=14.837082 | power=29.999935 | r_p=0.000000 | r_c=0.000000 | r_s=0.001544 | status=running
[UL Convergence] | phase=optimize | user=0 | block=4 | n_kl=50 | epoch=86/1000 | objective=-14.848516 | rate=14.837678 | power=29.999935 | r_p=0.000000 | r_c=0.000000 | r_s=0.001479 | status=running
[UL Convergence] | phase=optimize | user=0 | block=4 | n_kl=50 | epoch=87/1000 | objective=-14.849058 | rate=14.838220 | power=29.999939 | r_p=0.000000 | r_c=0.000000 | r_s=0.001415 | status=running
[UL Convergence] | phase=optimize | user=0 | block=4 | n_kl=50 | epoch=88/1000 | objective=-14.849538 | rate=14.838699 | power=29.999939 | r_p=0.000000 | r_c=0.000000 | r_s=0.001353 | status=running
[UL Convergence] | phase=optimize | user=0 | block=4 | n_kl=50 | epoch=89/1000 | objective=-14.849979 | rate=14.839140 | power=29.999939 | r_p=0.000000 | r_c=0.000000 | r_s=0.001294 | status=running
[UL Convergence] | phase=optimize | user=0 | block=4 | n_kl=50 | epoch=90/1000 | objective=-14.850378 | rate=14.839539 | power=29.999939 | r_p=0.000000 | r_c=0.000000 | r_s=0.001236 | status=running
[UL Convergence] | phase=optimize | user=0 | block=4 | n_kl=50 | epoch=91/1000 | objective=-14.850735 | rate=14.839895 | power=29.999935 | r_p=0.000000 | r_c=0.000000 | r_s=0.001180 | status=running
[UL Convergence] | phase=optimize | user=0 | block=4 | n_kl=50 | epoch=92/1000 | objective=-14.851053 | rate=14.840213 | power=29.999935 | r_p=0.000000 | r_c=0.000000 | r_s=0.001127 | status=running
[UL Convergence] | phase=optimize | user=0 | block=4 | n_kl=50 | epoch=93/1000 | objective=-14.851354 | rate=14.840513 | power=29.999935 | r_p=0.000000 | r_c=0.000000 | r_s=0.001076 | status=running
[UL Convergence] | phase=optimize | user=0 | block=4 | n_kl=50 | epoch=94/1000 | objective=-14.851612 | rate=14.840772 | power=29.999935 | r_p=0.000000 | r_c=0.000000 | r_s=0.001028 | status=running
[UL Convergence] | phase=optimize | user=0 | block=4 | n_kl=50 | epoch=95/1000 | objective=-14.851851 | rate=14.841009 | power=29.999939 | r_p=0.000000 | r_c=0.000000 | r_s=9.819623e-04 | status=running
[UL Convergence] | phase=optimize | user=0 | block=4 | n_kl=50 | epoch=96/1000 | objective=-14.852060 | rate=14.841219 | power=29.999939 | r_p=0.000000 | r_c=0.000000 | r_s=9.380171e-04 | status=running
[UL Convergence] | phase=optimize | user=0 | block=4 | n_kl=50 | epoch=97/1000 | objective=-14.852249 | rate=14.841408 | power=29.999939 | r_p=0.000000 | r_c=0.000000 | r_s=8.960782e-04 | status=running
[UL Convergence] | phase=optimize | user=0 | block=4 | n_kl=50 | epoch=98/1000 | objective=-14.852411 | rate=14.841570 | power=29.999939 | r_p=0.000000 | r_c=0.000000 | r_s=8.559562e-04 | status=running
[UL Convergence] | phase=optimize | user=0 | block=4 | n_kl=50 | epoch=99/1000 | objective=-14.852562 | rate=14.841721 | power=29.999939 | r_p=0.000000 | r_c=0.000000 | r_s=8.175081e-04 | status=running
[UL Convergence] | phase=optimize | user=0 | block=4 | n_kl=50 | epoch=100/1000 | objective=-14.852698 | rate=14.841856 | power=29.999939 | r_p=0.000000 | r_c=0.000000 | r_s=7.804854e-04 | status=running
[UL Convergence] | phase=optimize | user=0 | block=4 | n_kl=50 | epoch=101/1000 | objective=-14.852816 | rate=14.841973 | power=29.999935 | r_p=0.000000 | r_c=0.000000 | r_s=7.448048e-04 | status=running
[UL Convergence] | phase=optimize | user=0 | block=4 | n_kl=50 | epoch=102/1000 | objective=-14.852926 | rate=14.842084 | power=29.999939 | r_p=0.000000 | r_c=0.000000 | r_s=7.102410e-04 | status=running
[UL Convergence] | phase=optimize | user=0 | block=4 | n_kl=50 | epoch=103/1000 | objective=-14.853024 | rate=14.842182 | power=29.999939 | r_p=0.000000 | r_c=0.000000 | r_s=6.767058e-04 | status=running
[UL Convergence] | phase=optimize | user=0 | block=4 | n_kl=50 | epoch=104/1000 | objective=-14.853102 | rate=14.842259 | power=29.999935 | r_p=0.000000 | r_c=0.000000 | r_s=6.440653e-04 | status=running
[UL Convergence] | phase=optimize | user=0 | block=4 | n_kl=50 | epoch=105/1000 | objective=-14.853176 | rate=14.842334 | power=29.999939 | r_p=0.000000 | r_c=0.000000 | r_s=6.122144e-04 | status=running
[UL Convergence] | phase=optimize | user=0 | block=4 | n_kl=50 | epoch=106/1000 | objective=-14.853242 | rate=14.842400 | power=29.999939 | r_p=0.000000 | r_c=0.000000 | r_s=5.811389e-04 | status=kkt_converged
[UL Convergence Result] | user=0 | block=4 | n_kl=50 | achieved_rate=14.842400 | power=29.999939 | rate_gap=-10.842400 | power_gap=-6.103516e-05 | solve_status=kkt_converged
[UL Convergence Allocation] | user=0 | block=4 | n_kl=50 | requested_bits=200 | served_bits=200 | full_service=true
[UL Convergence Block] | user=0 | block=4 | stage=post_T | served_bits=200 | unserved_bits=0
[UL Convergence Reduction] | user=0 | block=4 | served_bits=200 | n_start=49 | n_min=1
[UL Convergence Solve] | user=0 | block=4 | stage=reduced_n | n_kl=49 | served_bits=200
[UL Convergence] | phase=optimize | user=0 | block=4 | n_kl=49 | epoch=1/1000 | objective=-14.826828 | rate=14.816093 | power=29.999939 | r_p=0.000000 | r_c=0.000000 | r_s=inf | status=running
[UL Convergence] | phase=optimize | user=0 | block=4 | n_kl=49 | epoch=2/1000 | objective=-14.826880 | rate=14.816145 | power=29.999939 | r_p=0.000000 | r_c=0.000000 | r_s=5.507268e-04 | status=kkt_converged
[UL Convergence Candidate] | user=0 | block=4 | n_kl=49 | achieved_rate=14.816145 | rate_gap=-10.734512 | power_gap=-6.103516e-05 | status=accepted
[UL Convergence Solve] | user=0 | block=4 | stage=reduced_n | n_kl=40 | served_bits=200
[UL Convergence] | phase=optimize | user=0 | block=4 | n_kl=40 | epoch=1/1000 | objective=-14.546389 | rate=14.536852 | power=29.999939 | r_p=0.000000 | r_c=0.000000 | r_s=inf | status=running
[UL Convergence] | phase=optimize | user=0 | block=4 | n_kl=40 | epoch=2/1000 | objective=-14.546404 | rate=14.536867 | power=29.999935 | r_p=0.000000 | r_c=0.000000 | r_s=3.116637e-04 | status=kkt_converged
[UL Convergence Candidate] | user=0 | block=4 | n_kl=40 | achieved_rate=14.536867 | rate_gap=-9.536867 | power_gap=-6.484985e-05 | status=accepted
[UL Convergence Solve] | user=0 | block=4 | stage=reduced_n | n_kl=30 | served_bits=200
[UL Convergence] | phase=optimize | user=0 | block=4 | n_kl=30 | epoch=1/1000 | objective=-14.096174 | rate=14.088752 | power=29.999939 | r_p=0.000000 | r_c=0.000000 | r_s=inf | status=running
[UL Convergence] | phase=optimize | user=0 | block=4 | n_kl=30 | epoch=2/1000 | objective=-14.096169 | rate=14.088746 | power=29.999935 | r_p=0.000000 | r_c=0.000000 | r_s=1.706934e-04 | status=kkt_converged
[UL Convergence Candidate] | user=0 | block=4 | n_kl=30 | achieved_rate=14.088752 | rate_gap=-7.422085 | power_gap=-6.103516e-05 | status=accepted
[UL Convergence Solve] | user=0 | block=4 | stage=reduced_n | n_kl=20 | served_bits=200
[UL Convergence] | phase=optimize | user=0 | block=4 | n_kl=20 | epoch=1/1000 | objective=-13.340287 | rate=13.336950 | power=29.999945 | r_p=0.000000 | r_c=0.000000 | r_s=inf | status=running
[UL Convergence] | phase=optimize | user=0 | block=4 | n_kl=20 | epoch=2/1000 | objective=-13.340279 | rate=13.336942 | power=29.999939 | r_p=0.000000 | r_c=0.000000 | r_s=1.473079e-04 | status=kkt_converged
[UL Convergence Candidate] | user=0 | block=4 | n_kl=20 | achieved_rate=13.336950 | rate_gap=-3.336950 | power_gap=-5.531311e-05 | status=accepted
[UL Convergence Reduction] | user=0 | block=4 | n_kl=15 | status=stop_infeasible
[UL Convergence Final] | user=0 | block=4 | feasible_points=35 | chosen_n_kl=16 | served_bits=200 | achieved_rate=12.853375 | power=29.999939 | solve_status=kkt_converged
[UL Convergence Allocation] | user=0 | block=4 | chosen_n_kl=16 | served_bits=200 | unserved_bits=0 | mode=fixed_block_targets
[UL Convergence Train] | phase=start | user=1 | mode=fixed_block_targets
[UL Convergence Train] | user=1 | block=0 | target_bits=400 | mode=fixed_block_targets
[UL Convergence Block] | user=1 | block=0 | budget_mode=target_bits | requested_bits=400
[UL Convergence Solve] | user=1 | block=0 | stage=n=T | n_kl=60 | requested_bits=400
[UL Convergence] | phase=optimize | user=1 | block=0 | n_kl=60 | epoch=1/1000 | objective=-13.281075 | rate=13.274467 | power=29.999935 | r_p=0.000000 | r_c=0.000000 | r_s=inf | status=running
[UL Convergence] | phase=optimize | user=1 | block=0 | n_kl=60 | epoch=2/1000 | objective=-13.409613 | rate=13.402872 | power=29.955227 | r_p=0.000000 | r_c=0.000000 | r_s=0.010328 | status=running
[UL Convergence] | phase=optimize | user=1 | block=0 | n_kl=60 | epoch=3/1000 | objective=-13.537258 | rate=13.530395 | power=29.999939 | r_p=0.000000 | r_c=0.000000 | r_s=0.008486 | status=running
[UL Convergence] | phase=optimize | user=1 | block=0 | n_kl=60 | epoch=4/1000 | objective=-13.663402 | rate=13.656412 | power=29.999935 | r_p=0.000000 | r_c=0.000000 | r_s=0.008797 | status=running
[UL Convergence] | phase=optimize | user=1 | block=0 | n_kl=60 | epoch=5/1000 | objective=-13.791699 | rate=13.784581 | power=29.999939 | r_p=0.000000 | r_c=0.000000 | r_s=0.009001 | status=running
[UL Convergence] | phase=optimize | user=1 | block=0 | n_kl=60 | epoch=6/1000 | objective=-13.920423 | rate=13.913176 | power=29.999939 | r_p=0.000000 | r_c=0.000000 | r_s=0.009137 | status=running
[UL Convergence] | phase=optimize | user=1 | block=0 | n_kl=60 | epoch=7/1000 | objective=-14.048448 | rate=14.041073 | power=29.999935 | r_p=0.000000 | r_c=0.000000 | r_s=0.009232 | status=running
[UL Convergence] | phase=optimize | user=1 | block=0 | n_kl=60 | epoch=8/1000 | objective=-14.174940 | rate=14.167439 | power=29.999939 | r_p=0.000000 | r_c=0.000000 | r_s=0.009297 | status=running
[UL Convergence] | phase=optimize | user=1 | block=0 | n_kl=60 | epoch=9/1000 | objective=-14.299310 | rate=14.291685 | power=29.999939 | r_p=0.000000 | r_c=0.000000 | r_s=0.009340 | status=running
[UL Convergence] | phase=optimize | user=1 | block=0 | n_kl=60 | epoch=10/1000 | objective=-14.421083 | rate=14.413337 | power=29.999939 | r_p=0.000000 | r_c=0.000000 | r_s=0.009363 | status=running
[UL Convergence] | phase=optimize | user=1 | block=0 | n_kl=60 | epoch=11/1000 | objective=-14.539924 | rate=14.532059 | power=29.999939 | r_p=0.000000 | r_c=0.000000 | r_s=0.009370 | status=running
[UL Convergence] | phase=optimize | user=1 | block=0 | n_kl=60 | epoch=12/1000 | objective=-14.655594 | rate=14.647613 | power=29.999939 | r_p=0.000000 | r_c=0.000000 | r_s=0.009362 | status=running
[UL Convergence] | phase=optimize | user=1 | block=0 | n_kl=60 | epoch=13/1000 | objective=-14.767923 | rate=14.759830 | power=29.999939 | r_p=0.000000 | r_c=0.000000 | r_s=0.009341 | status=running
[UL Convergence] | phase=optimize | user=1 | block=0 | n_kl=60 | epoch=14/1000 | objective=-14.876824 | rate=14.868623 | power=29.999939 | r_p=0.000000 | r_c=0.000000 | r_s=0.009309 | status=running
[UL Convergence] | phase=optimize | user=1 | block=0 | n_kl=60 | epoch=15/1000 | objective=-14.982232 | rate=14.973925 | power=29.999939 | r_p=0.000000 | r_c=0.000000 | r_s=0.009265 | status=running
[UL Convergence] | phase=optimize | user=1 | block=0 | n_kl=60 | epoch=16/1000 | objective=-15.084144 | rate=15.075734 | power=29.999939 | r_p=0.000000 | r_c=0.000000 | r_s=0.009212 | status=running
[UL Convergence] | phase=optimize | user=1 | block=0 | n_kl=60 | epoch=17/1000 | objective=-15.182569 | rate=15.174061 | power=29.999939 | r_p=0.000000 | r_c=0.000000 | r_s=0.009150 | status=running
[UL Convergence] | phase=optimize | user=1 | block=0 | n_kl=60 | epoch=18/1000 | objective=-15.277551 | rate=15.268949 | power=29.999939 | r_p=0.000000 | r_c=0.000000 | r_s=0.009080 | status=running
[UL Convergence] | phase=optimize | user=1 | block=0 | n_kl=60 | epoch=19/1000 | objective=-15.369151 | rate=15.360457 | power=29.999939 | r_p=0.000000 | r_c=0.000000 | r_s=0.009002 | status=running
[UL Convergence] | phase=optimize | user=1 | block=0 | n_kl=60 | epoch=20/1000 | objective=-15.457450 | rate=15.448668 | power=29.999939 | r_p=0.000000 | r_c=0.000000 | r_s=0.008918 | status=running
[UL Convergence] | phase=optimize | user=1 | block=0 | n_kl=60 | epoch=21/1000 | objective=-15.542555 | rate=15.533688 | power=29.999939 | r_p=0.000000 | r_c=0.000000 | r_s=0.008828 | status=running
[UL Convergence] | phase=optimize | user=1 | block=0 | n_kl=60 | epoch=22/1000 | objective=-15.624501 | rate=15.615552 | power=29.999939 | r_p=0.000000 | r_c=0.000000 | r_s=0.008733 | status=running
[UL Convergence] | phase=optimize | user=1 | block=0 | n_kl=60 | epoch=23/1000 | objective=-15.703442 | rate=15.694414 | power=29.999939 | r_p=0.000000 | r_c=0.000000 | r_s=0.008635 | status=running
[UL Convergence] | phase=optimize | user=1 | block=0 | n_kl=60 | epoch=24/1000 | objective=-15.779457 | rate=15.770353 | power=29.999939 | r_p=0.000000 | r_c=0.000000 | r_s=0.008533 | status=running
[UL Convergence] | phase=optimize | user=1 | block=0 | n_kl=60 | epoch=25/1000 | objective=-15.852663 | rate=15.843486 | power=29.999939 | r_p=0.000000 | r_c=0.000000 | r_s=0.008429 | status=running
[UL Convergence] | phase=optimize | user=1 | block=0 | n_kl=60 | epoch=26/1000 | objective=-15.923156 | rate=15.913909 | power=29.999939 | r_p=0.000000 | r_c=0.000000 | r_s=0.008323 | status=running
[UL Convergence] | phase=optimize | user=1 | block=0 | n_kl=60 | epoch=27/1000 | objective=-15.991026 | rate=15.981710 | power=29.999939 | r_p=0.000000 | r_c=0.000000 | r_s=0.008217 | status=running
[UL Convergence] | phase=optimize | user=1 | block=0 | n_kl=60 | epoch=28/1000 | objective=-16.056383 | rate=16.047003 | power=29.999939 | r_p=0.000000 | r_c=0.000000 | r_s=0.008109 | status=running
[UL Convergence] | phase=optimize | user=1 | block=0 | n_kl=60 | epoch=29/1000 | objective=-16.119322 | rate=16.109879 | power=29.999939 | r_p=0.000000 | r_c=0.000000 | r_s=0.008001 | status=running
[UL Convergence] | phase=optimize | user=1 | block=0 | n_kl=60 | epoch=30/1000 | objective=-16.179930 | rate=16.170425 | power=29.999939 | r_p=0.000000 | r_c=0.000000 | r_s=0.007894 | status=running
[UL Convergence] | phase=optimize | user=1 | block=0 | n_kl=60 | epoch=31/1000 | objective=-16.238298 | rate=16.228737 | power=29.999935 | r_p=0.000000 | r_c=0.000000 | r_s=0.007787 | status=running
[UL Convergence] | phase=optimize | user=1 | block=0 | n_kl=60 | epoch=32/1000 | objective=-16.294514 | rate=16.284895 | power=29.999945 | r_p=0.000000 | r_c=0.000000 | r_s=0.007681 | status=running
[UL Convergence] | phase=optimize | user=1 | block=0 | n_kl=60 | epoch=33/1000 | objective=-16.348671 | rate=16.338999 | power=29.999939 | r_p=0.000000 | r_c=0.000000 | r_s=0.007575 | status=running
[UL Convergence] | phase=optimize | user=1 | block=0 | n_kl=60 | epoch=34/1000 | objective=-16.400818 | rate=16.391094 | power=29.999939 | r_p=0.000000 | r_c=0.000000 | r_s=0.007471 | status=running
[UL Convergence] | phase=optimize | user=1 | block=0 | n_kl=60 | epoch=35/1000 | objective=-16.451056 | rate=16.441280 | power=29.999939 | r_p=0.000000 | r_c=0.000000 | r_s=0.007368 | status=running
[UL Convergence] | phase=optimize | user=1 | block=0 | n_kl=60 | epoch=36/1000 | objective=-16.499443 | rate=16.489620 | power=29.999939 | r_p=0.000000 | r_c=0.000000 | r_s=0.007266 | status=running
[UL Convergence] | phase=optimize | user=1 | block=0 | n_kl=60 | epoch=37/1000 | objective=-16.546045 | rate=16.536177 | power=29.999945 | r_p=0.000000 | r_c=0.000000 | r_s=0.007165 | status=running
[UL Convergence] | phase=optimize | user=1 | block=0 | n_kl=60 | epoch=38/1000 | objective=-16.590935 | rate=16.581020 | power=29.999939 | r_p=0.000000 | r_c=0.000000 | r_s=0.007066 | status=running
[UL Convergence] | phase=optimize | user=1 | block=0 | n_kl=60 | epoch=39/1000 | objective=-16.634174 | rate=16.624216 | power=29.999939 | r_p=0.000000 | r_c=0.000000 | r_s=0.006967 | status=running
[UL Convergence] | phase=optimize | user=1 | block=0 | n_kl=60 | epoch=40/1000 | objective=-16.675806 | rate=16.665808 | power=29.999939 | r_p=0.000000 | r_c=0.000000 | r_s=0.006870 | status=running
[UL Convergence] | phase=optimize | user=1 | block=0 | n_kl=60 | epoch=41/1000 | objective=-16.715883 | rate=16.705845 | power=29.999935 | r_p=0.000000 | r_c=0.000000 | r_s=0.006774 | status=running
[UL Convergence] | phase=optimize | user=1 | block=0 | n_kl=60 | epoch=42/1000 | objective=-16.754482 | rate=16.744404 | power=29.999935 | r_p=0.000000 | r_c=0.000000 | r_s=0.006679 | status=running
[UL Convergence] | phase=optimize | user=1 | block=0 | n_kl=60 | epoch=43/1000 | objective=-16.791641 | rate=16.781527 | power=29.999939 | r_p=0.000000 | r_c=0.000000 | r_s=0.006585 | status=running
[UL Convergence] | phase=optimize | user=1 | block=0 | n_kl=60 | epoch=44/1000 | objective=-16.827412 | rate=16.817261 | power=29.999939 | r_p=0.000000 | r_c=0.000000 | r_s=0.006493 | status=running
[UL Convergence] | phase=optimize | user=1 | block=0 | n_kl=60 | epoch=45/1000 | objective=-16.861822 | rate=16.851637 | power=29.999945 | r_p=0.000000 | r_c=0.000000 | r_s=0.006401 | status=running
[UL Convergence] | phase=optimize | user=1 | block=0 | n_kl=60 | epoch=46/1000 | objective=-16.894939 | rate=16.884722 | power=29.999939 | r_p=0.000000 | r_c=0.000000 | r_s=0.006310 | status=running
[UL Convergence] | phase=optimize | user=1 | block=0 | n_kl=60 | epoch=47/1000 | objective=-16.926785 | rate=16.916534 | power=29.999945 | r_p=0.000000 | r_c=0.000000 | r_s=0.006219 | status=running
[UL Convergence] | phase=optimize | user=1 | block=0 | n_kl=60 | epoch=48/1000 | objective=-16.957424 | rate=16.947144 | power=29.999939 | r_p=0.000000 | r_c=0.000000 | r_s=0.006130 | status=running
[UL Convergence] | phase=optimize | user=1 | block=0 | n_kl=60 | epoch=49/1000 | objective=-16.986864 | rate=16.976555 | power=29.999939 | r_p=0.000000 | r_c=0.000000 | r_s=0.006041 | status=running
[UL Convergence] | phase=optimize | user=1 | block=0 | n_kl=60 | epoch=50/1000 | objective=-17.015175 | rate=17.004837 | power=29.999939 | r_p=0.000000 | r_c=0.000000 | r_s=0.005953 | status=running
[UL Convergence] | phase=optimize | user=1 | block=0 | n_kl=60 | epoch=51/1000 | objective=-17.042374 | rate=17.032009 | power=29.999945 | r_p=0.000000 | r_c=0.000000 | r_s=0.005865 | status=running
[UL Convergence] | phase=optimize | user=1 | block=0 | n_kl=60 | epoch=52/1000 | objective=-17.068487 | rate=17.058096 | power=29.999939 | r_p=0.000000 | r_c=0.000000 | r_s=0.005777 | status=running
[UL Convergence] | phase=optimize | user=1 | block=0 | n_kl=60 | epoch=53/1000 | objective=-17.093594 | rate=17.083178 | power=29.999939 | r_p=0.000000 | r_c=0.000000 | r_s=0.005690 | status=running
[UL Convergence] | phase=optimize | user=1 | block=0 | n_kl=60 | epoch=54/1000 | objective=-17.117685 | rate=17.107244 | power=29.999939 | r_p=0.000000 | r_c=0.000000 | r_s=0.005603 | status=running
[UL Convergence] | phase=optimize | user=1 | block=0 | n_kl=60 | epoch=55/1000 | objective=-17.139378 | rate=17.128916 | power=29.992250 | r_p=0.000000 | r_c=0.000000 | r_s=0.005518 | status=running
[UL Convergence] | phase=optimize | user=1 | block=0 | n_kl=60 | epoch=56/1000 | objective=-17.161991 | rate=17.151506 | power=29.999939 | r_p=0.000000 | r_c=0.000000 | r_s=0.005256 | status=running
[UL Convergence] | phase=optimize | user=1 | block=0 | n_kl=60 | epoch=57/1000 | objective=-17.182346 | rate=17.171841 | power=29.999939 | r_p=0.000000 | r_c=0.000000 | r_s=0.005151 | status=running
[UL Convergence] | phase=optimize | user=1 | block=0 | n_kl=60 | epoch=58/1000 | objective=-17.201899 | rate=17.191374 | power=29.999935 | r_p=0.000000 | r_c=0.000000 | r_s=0.005053 | status=running
[UL Convergence] | phase=optimize | user=1 | block=0 | n_kl=60 | epoch=59/1000 | objective=-17.220650 | rate=17.210106 | power=29.999939 | r_p=0.000000 | r_c=0.000000 | r_s=0.004958 | status=running
[UL Convergence] | phase=optimize | user=1 | block=0 | n_kl=60 | epoch=60/1000 | objective=-17.238680 | rate=17.228119 | power=29.999939 | r_p=0.000000 | r_c=0.000000 | r_s=0.004866 | status=running
[UL Convergence] | phase=optimize | user=1 | block=0 | n_kl=60 | epoch=61/1000 | objective=-17.255968 | rate=17.245390 | power=29.999939 | r_p=0.000000 | r_c=0.000000 | r_s=0.004777 | status=running
[UL Convergence] | phase=optimize | user=1 | block=0 | n_kl=60 | epoch=62/1000 | objective=-17.272556 | rate=17.261961 | power=29.999939 | r_p=0.000000 | r_c=0.000000 | r_s=0.004691 | status=running
[UL Convergence] | phase=optimize | user=1 | block=0 | n_kl=60 | epoch=63/1000 | objective=-17.288488 | rate=17.277878 | power=29.999939 | r_p=0.000000 | r_c=0.000000 | r_s=0.004606 | status=running
[UL Convergence] | phase=optimize | user=1 | block=0 | n_kl=60 | epoch=64/1000 | objective=-17.303762 | rate=17.293137 | power=29.999945 | r_p=0.000000 | r_c=0.000000 | r_s=0.004524 | status=running
[UL Convergence] | phase=optimize | user=1 | block=0 | n_kl=60 | epoch=65/1000 | objective=-17.318417 | rate=17.307775 | power=29.999939 | r_p=0.000000 | r_c=0.000000 | r_s=0.004444 | status=running
[UL Convergence] | phase=optimize | user=1 | block=0 | n_kl=60 | epoch=66/1000 | objective=-17.332455 | rate=17.321800 | power=29.999939 | r_p=0.000000 | r_c=0.000000 | r_s=0.004365 | status=running
[UL Convergence] | phase=optimize | user=1 | block=0 | n_kl=60 | epoch=67/1000 | objective=-17.345930 | rate=17.335262 | power=29.999939 | r_p=0.000000 | r_c=0.000000 | r_s=0.004288 | status=running
[UL Convergence] | phase=optimize | user=1 | block=0 | n_kl=60 | epoch=68/1000 | objective=-17.358839 | rate=17.348158 | power=29.999939 | r_p=0.000000 | r_c=0.000000 | r_s=0.004212 | status=running
[UL Convergence] | phase=optimize | user=1 | block=0 | n_kl=60 | epoch=69/1000 | objective=-17.371206 | rate=17.360512 | power=29.999939 | r_p=0.000000 | r_c=0.000000 | r_s=0.004137 | status=running
[UL Convergence] | phase=optimize | user=1 | block=0 | n_kl=60 | epoch=70/1000 | objective=-17.383059 | rate=17.372353 | power=29.999939 | r_p=0.000000 | r_c=0.000000 | r_s=0.004064 | status=running
[UL Convergence] | phase=optimize | user=1 | block=0 | n_kl=60 | epoch=71/1000 | objective=-17.394417 | rate=17.383699 | power=29.999939 | r_p=0.000000 | r_c=0.000000 | r_s=0.003991 | status=running
[UL Convergence] | phase=optimize | user=1 | block=0 | n_kl=60 | epoch=72/1000 | objective=-17.405298 | rate=17.394569 | power=29.999939 | r_p=0.000000 | r_c=0.000000 | r_s=0.003920 | status=running
[UL Convergence] | phase=optimize | user=1 | block=0 | n_kl=60 | epoch=73/1000 | objective=-17.415701 | rate=17.404963 | power=29.999935 | r_p=0.000000 | r_c=0.000000 | r_s=0.003850 | status=running
[UL Convergence] | phase=optimize | user=1 | block=0 | n_kl=60 | epoch=74/1000 | objective=-17.425659 | rate=17.414911 | power=29.999945 | r_p=0.000000 | r_c=0.000000 | r_s=0.003780 | status=running
[UL Convergence] | phase=optimize | user=1 | block=0 | n_kl=60 | epoch=75/1000 | objective=-17.435192 | rate=17.424435 | power=29.999939 | r_p=0.000000 | r_c=0.000000 | r_s=0.003712 | status=running
[UL Convergence] | phase=optimize | user=1 | block=0 | n_kl=60 | epoch=76/1000 | objective=-17.444315 | rate=17.433548 | power=29.999945 | r_p=0.000000 | r_c=0.000000 | r_s=0.003644 | status=running
[UL Convergence] | phase=optimize | user=1 | block=0 | n_kl=60 | epoch=77/1000 | objective=-17.453033 | rate=17.442257 | power=29.999939 | r_p=0.000000 | r_c=0.000000 | r_s=0.003577 | status=running
[UL Convergence] | phase=optimize | user=1 | block=0 | n_kl=60 | epoch=78/1000 | objective=-17.461363 | rate=17.450579 | power=29.999939 | r_p=0.000000 | r_c=0.000000 | r_s=0.003511 | status=running
[UL Convergence] | phase=optimize | user=1 | block=0 | n_kl=60 | epoch=79/1000 | objective=-17.469343 | rate=17.458551 | power=29.999939 | r_p=0.000000 | r_c=0.000000 | r_s=0.003445 | status=running
[UL Convergence] | phase=optimize | user=1 | block=0 | n_kl=60 | epoch=80/1000 | objective=-17.476952 | rate=17.466152 | power=29.999939 | r_p=0.000000 | r_c=0.000000 | r_s=0.003381 | status=running
[UL Convergence] | phase=optimize | user=1 | block=0 | n_kl=60 | epoch=81/1000 | objective=-17.484241 | rate=17.473434 | power=29.999939 | r_p=0.000000 | r_c=0.000000 | r_s=0.003317 | status=running
[UL Convergence] | phase=optimize | user=1 | block=0 | n_kl=60 | epoch=82/1000 | objective=-17.491165 | rate=17.480352 | power=29.999939 | r_p=0.000000 | r_c=0.000000 | r_s=0.003253 | status=running
[UL Convergence] | phase=optimize | user=1 | block=0 | n_kl=60 | epoch=83/1000 | objective=-17.497810 | rate=17.486990 | power=29.999945 | r_p=0.000000 | r_c=0.000000 | r_s=0.003190 | status=running
[UL Convergence] | phase=optimize | user=1 | block=0 | n_kl=60 | epoch=84/1000 | objective=-17.504131 | rate=17.493305 | power=29.999939 | r_p=0.000000 | r_c=0.000000 | r_s=0.003128 | status=running
[UL Convergence] | phase=optimize | user=1 | block=0 | n_kl=60 | epoch=85/1000 | objective=-17.510181 | rate=17.499350 | power=29.999939 | r_p=0.000000 | r_c=0.000000 | r_s=0.003066 | status=running
[UL Convergence] | phase=optimize | user=1 | block=0 | n_kl=60 | epoch=86/1000 | objective=-17.515930 | rate=17.505093 | power=29.999939 | r_p=0.000000 | r_c=0.000000 | r_s=0.003005 | status=running
[UL Convergence] | phase=optimize | user=1 | block=0 | n_kl=60 | epoch=87/1000 | objective=-17.521420 | rate=17.510576 | power=29.999939 | r_p=0.000000 | r_c=0.000000 | r_s=0.002945 | status=running
[UL Convergence] | phase=optimize | user=1 | block=0 | n_kl=60 | epoch=88/1000 | objective=-17.526663 | rate=17.515814 | power=29.999939 | r_p=0.000000 | r_c=0.000000 | r_s=0.002885 | status=running
[UL Convergence] | phase=optimize | user=1 | block=0 | n_kl=60 | epoch=89/1000 | objective=-17.531652 | rate=17.520798 | power=29.999939 | r_p=0.000000 | r_c=0.000000 | r_s=0.002826 | status=running
[UL Convergence] | phase=optimize | user=1 | block=0 | n_kl=60 | epoch=90/1000 | objective=-17.536406 | rate=17.525547 | power=29.999939 | r_p=0.000000 | r_c=0.000000 | r_s=0.002767 | status=running
[UL Convergence] | phase=optimize | user=1 | block=0 | n_kl=60 | epoch=91/1000 | objective=-17.540939 | rate=17.530075 | power=29.999945 | r_p=0.000000 | r_c=0.000000 | r_s=0.002709 | status=running
[UL Convergence] | phase=optimize | user=1 | block=0 | n_kl=60 | epoch=92/1000 | objective=-17.545246 | rate=17.534378 | power=29.999939 | r_p=0.000000 | r_c=0.000000 | r_s=0.002652 | status=running
[UL Convergence] | phase=optimize | user=1 | block=0 | n_kl=60 | epoch=93/1000 | objective=-17.549339 | rate=17.538467 | power=29.999939 | r_p=0.000000 | r_c=0.000000 | r_s=0.002595 | status=running
[UL Convergence] | phase=optimize | user=1 | block=0 | n_kl=60 | epoch=94/1000 | objective=-17.553240 | rate=17.542364 | power=29.999939 | r_p=0.000000 | r_c=0.000000 | r_s=0.002539 | status=running
[UL Convergence] | phase=optimize | user=1 | block=0 | n_kl=60 | epoch=95/1000 | objective=-17.556963 | rate=17.546083 | power=29.999939 | r_p=0.000000 | r_c=0.000000 | r_s=0.002484 | status=running
[UL Convergence] | phase=optimize | user=1 | block=0 | n_kl=60 | epoch=96/1000 | objective=-17.560490 | rate=17.549606 | power=29.999939 | r_p=0.000000 | r_c=0.000000 | r_s=0.002430 | status=running
[UL Convergence] | phase=optimize | user=1 | block=0 | n_kl=60 | epoch=97/1000 | objective=-17.563841 | rate=17.552954 | power=29.999939 | r_p=0.000000 | r_c=0.000000 | r_s=0.002376 | status=running
[UL Convergence] | phase=optimize | user=1 | block=0 | n_kl=60 | epoch=98/1000 | objective=-17.567039 | rate=17.556150 | power=29.999939 | r_p=0.000000 | r_c=0.000000 | r_s=0.002323 | status=running
[UL Convergence] | phase=optimize | user=1 | block=0 | n_kl=60 | epoch=99/1000 | objective=-17.570057 | rate=17.559164 | power=29.999939 | r_p=0.000000 | r_c=0.000000 | r_s=0.002270 | status=running
[UL Convergence] | phase=optimize | user=1 | block=0 | n_kl=60 | epoch=100/1000 | objective=-17.572950 | rate=17.562056 | power=29.999935 | r_p=0.000000 | r_c=0.000000 | r_s=0.002219 | status=running
[UL Convergence] | phase=optimize | user=1 | block=0 | n_kl=60 | epoch=101/1000 | objective=-17.575666 | rate=17.564768 | power=29.999939 | r_p=0.000000 | r_c=0.000000 | r_s=0.002168 | status=running
[UL Convergence] | phase=optimize | user=1 | block=0 | n_kl=60 | epoch=102/1000 | objective=-17.578268 | rate=17.567368 | power=29.999939 | r_p=0.000000 | r_c=0.000000 | r_s=0.002118 | status=running
[UL Convergence] | phase=optimize | user=1 | block=0 | n_kl=60 | epoch=103/1000 | objective=-17.580719 | rate=17.569817 | power=29.999939 | r_p=0.000000 | r_c=0.000000 | r_s=0.002069 | status=running
[UL Convergence] | phase=optimize | user=1 | block=0 | n_kl=60 | epoch=104/1000 | objective=-17.580515 | rate=17.569611 | power=29.986250 | r_p=0.000000 | r_c=0.000000 | r_s=0.002033 | status=running
[UL Convergence] | phase=optimize | user=1 | block=0 | n_kl=60 | epoch=105/1000 | objective=-17.585005 | rate=17.574097 | power=29.999935 | r_p=0.000000 | r_c=0.000000 | r_s=0.002067 | status=running
[UL Convergence] | phase=optimize | user=1 | block=0 | n_kl=60 | epoch=106/1000 | objective=-17.586870 | rate=17.575960 | power=29.999939 | r_p=0.000000 | r_c=0.000000 | r_s=0.001960 | status=running
[UL Convergence] | phase=optimize | user=1 | block=0 | n_kl=60 | epoch=107/1000 | objective=-17.588655 | rate=17.577744 | power=29.999945 | r_p=0.000000 | r_c=0.000000 | r_s=0.001875 | status=running
[UL Convergence] | phase=optimize | user=1 | block=0 | n_kl=60 | epoch=108/1000 | objective=-17.590353 | rate=17.579441 | power=29.999939 | r_p=0.000000 | r_c=0.000000 | r_s=0.001798 | status=running
[UL Convergence] | phase=optimize | user=1 | block=0 | n_kl=60 | epoch=109/1000 | objective=-17.591976 | rate=17.581062 | power=29.999939 | r_p=0.000000 | r_c=0.000000 | r_s=0.001728 | status=running
[UL Convergence] | phase=optimize | user=1 | block=0 | n_kl=60 | epoch=110/1000 | objective=-17.593512 | rate=17.582596 | power=29.999939 | r_p=0.000000 | r_c=0.000000 | r_s=0.001665 | status=running
[UL Convergence] | phase=optimize | user=1 | block=0 | n_kl=60 | epoch=111/1000 | objective=-17.594994 | rate=17.584076 | power=29.999939 | r_p=0.000000 | r_c=0.000000 | r_s=0.001608 | status=running
[UL Convergence] | phase=optimize | user=1 | block=0 | n_kl=60 | epoch=112/1000 | objective=-17.596392 | rate=17.585472 | power=29.999935 | r_p=0.000000 | r_c=0.000000 | r_s=0.001557 | status=running
[UL Convergence] | phase=optimize | user=1 | block=0 | n_kl=60 | epoch=113/1000 | objective=-17.597750 | rate=17.586830 | power=29.999935 | r_p=0.000000 | r_c=0.000000 | r_s=0.001510 | status=running
[UL Convergence] | phase=optimize | user=1 | block=0 | n_kl=60 | epoch=114/1000 | objective=-17.599022 | rate=17.588100 | power=29.999939 | r_p=0.000000 | r_c=0.000000 | r_s=0.001468 | status=running
[UL Convergence] | phase=optimize | user=1 | block=0 | n_kl=60 | epoch=115/1000 | objective=-17.600243 | rate=17.589319 | power=29.999935 | r_p=0.000000 | r_c=0.000000 | r_s=0.001429 | status=running
[UL Convergence] | phase=optimize | user=1 | block=0 | n_kl=60 | epoch=116/1000 | objective=-17.601419 | rate=17.590496 | power=29.999939 | r_p=0.000000 | r_c=0.000000 | r_s=0.001393 | status=running
[UL Convergence] | phase=optimize | user=1 | block=0 | n_kl=60 | epoch=117/1000 | objective=-17.602524 | rate=17.591599 | power=29.999939 | r_p=0.000000 | r_c=0.000000 | r_s=0.001360 | status=running
[UL Convergence] | phase=optimize | user=1 | block=0 | n_kl=60 | epoch=118/1000 | objective=-17.603577 | rate=17.592651 | power=29.999939 | r_p=0.000000 | r_c=0.000000 | r_s=0.001329 | status=running
[UL Convergence] | phase=optimize | user=1 | block=0 | n_kl=60 | epoch=119/1000 | objective=-17.604599 | rate=17.593672 | power=29.999939 | r_p=0.000000 | r_c=0.000000 | r_s=0.001300 | status=running
[UL Convergence] | phase=optimize | user=1 | block=0 | n_kl=60 | epoch=120/1000 | objective=-17.605545 | rate=17.594618 | power=29.999939 | r_p=0.000000 | r_c=0.000000 | r_s=0.001272 | status=running
[UL Convergence] | phase=optimize | user=1 | block=0 | n_kl=60 | epoch=121/1000 | objective=-17.606453 | rate=17.595524 | power=29.999935 | r_p=0.000000 | r_c=0.000000 | r_s=0.001245 | status=running
[UL Convergence] | phase=optimize | user=1 | block=0 | n_kl=60 | epoch=122/1000 | objective=-17.607317 | rate=17.596388 | power=29.999939 | r_p=0.000000 | r_c=0.000000 | r_s=0.001219 | status=running
[UL Convergence] | phase=optimize | user=1 | block=0 | n_kl=60 | epoch=123/1000 | objective=-17.608149 | rate=17.597218 | power=29.999939 | r_p=0.000000 | r_c=0.000000 | r_s=0.001194 | status=running
[UL Convergence] | phase=optimize | user=1 | block=0 | n_kl=60 | epoch=124/1000 | objective=-17.608915 | rate=17.597984 | power=29.999939 | r_p=0.000000 | r_c=0.000000 | r_s=0.001169 | status=running
[UL Convergence] | phase=optimize | user=1 | block=0 | n_kl=60 | epoch=125/1000 | objective=-17.609661 | rate=17.598728 | power=29.999945 | r_p=0.000000 | r_c=0.000000 | r_s=0.001144 | status=running
[UL Convergence] | phase=optimize | user=1 | block=0 | n_kl=60 | epoch=126/1000 | objective=-17.610363 | rate=17.599430 | power=29.999935 | r_p=0.000000 | r_c=0.000000 | r_s=0.001120 | status=running
[UL Convergence] | phase=optimize | user=1 | block=0 | n_kl=60 | epoch=127/1000 | objective=-17.611017 | rate=17.600084 | power=29.999935 | r_p=0.000000 | r_c=0.000000 | r_s=0.001096 | status=running
[UL Convergence] | phase=optimize | user=1 | block=0 | n_kl=60 | epoch=128/1000 | objective=-17.611647 | rate=17.600712 | power=29.999939 | r_p=0.000000 | r_c=0.000000 | r_s=0.001071 | status=running
[UL Convergence] | phase=optimize | user=1 | block=0 | n_kl=60 | epoch=129/1000 | objective=-17.612240 | rate=17.601305 | power=29.999939 | r_p=0.000000 | r_c=0.000000 | r_s=0.001047 | status=running
[UL Convergence] | phase=optimize | user=1 | block=0 | n_kl=60 | epoch=130/1000 | objective=-17.612801 | rate=17.601866 | power=29.999939 | r_p=0.000000 | r_c=0.000000 | r_s=0.001022 | status=running
[UL Convergence] | phase=optimize | user=1 | block=0 | n_kl=60 | epoch=131/1000 | objective=-17.613329 | rate=17.602394 | power=29.999939 | r_p=0.000000 | r_c=0.000000 | r_s=9.979790e-04 | status=running
[UL Convergence] | phase=optimize | user=1 | block=0 | n_kl=60 | epoch=132/1000 | objective=-17.613821 | rate=17.602884 | power=29.999935 | r_p=0.000000 | r_c=0.000000 | r_s=9.736751e-04 | status=running
[UL Convergence] | phase=optimize | user=1 | block=0 | n_kl=60 | epoch=133/1000 | objective=-17.614286 | rate=17.603350 | power=29.999939 | r_p=0.000000 | r_c=0.000000 | r_s=9.494304e-04 | status=running
[UL Convergence] | phase=optimize | user=1 | block=0 | n_kl=60 | epoch=134/1000 | objective=-17.614738 | rate=17.603802 | power=29.999939 | r_p=0.000000 | r_c=0.000000 | r_s=9.253243e-04 | status=running
[UL Convergence] | phase=optimize | user=1 | block=0 | n_kl=60 | epoch=135/1000 | objective=-17.615150 | rate=17.604214 | power=29.999939 | r_p=0.000000 | r_c=0.000000 | r_s=9.013766e-04 | status=running
[UL Convergence] | phase=optimize | user=1 | block=0 | n_kl=60 | epoch=136/1000 | objective=-17.615540 | rate=17.604601 | power=29.999935 | r_p=0.000000 | r_c=0.000000 | r_s=8.776404e-04 | status=running
[UL Convergence] | phase=optimize | user=1 | block=0 | n_kl=60 | epoch=137/1000 | objective=-17.615915 | rate=17.604977 | power=29.999939 | r_p=0.000000 | r_c=0.000000 | r_s=8.541855e-04 | status=running
[UL Convergence] | phase=optimize | user=1 | block=0 | n_kl=60 | epoch=138/1000 | objective=-17.616266 | rate=17.605328 | power=29.999935 | r_p=0.000000 | r_c=0.000000 | r_s=8.310309e-04 | status=running
[UL Convergence] | phase=optimize | user=1 | block=0 | n_kl=60 | epoch=139/1000 | objective=-17.616590 | rate=17.605652 | power=29.999939 | r_p=0.000000 | r_c=0.000000 | r_s=8.081971e-04 | status=running
[UL Convergence] | phase=optimize | user=1 | block=0 | n_kl=60 | epoch=140/1000 | objective=-17.616886 | rate=17.605947 | power=29.999939 | r_p=0.000000 | r_c=0.000000 | r_s=7.857317e-04 | status=running
[UL Convergence] | phase=optimize | user=1 | block=0 | n_kl=60 | epoch=141/1000 | objective=-17.617178 | rate=17.606239 | power=29.999939 | r_p=0.000000 | r_c=0.000000 | r_s=7.636466e-04 | status=running
[UL Convergence] | phase=optimize | user=1 | block=0 | n_kl=60 | epoch=142/1000 | objective=-17.617441 | rate=17.606501 | power=29.999945 | r_p=0.000000 | r_c=0.000000 | r_s=7.419868e-04 | status=running
[UL Convergence] | phase=optimize | user=1 | block=0 | n_kl=60 | epoch=143/1000 | objective=-17.617701 | rate=17.606760 | power=29.999939 | r_p=0.000000 | r_c=0.000000 | r_s=7.207431e-04 | status=running
[UL Convergence] | phase=optimize | user=1 | block=0 | n_kl=60 | epoch=144/1000 | objective=-17.617941 | rate=17.607000 | power=29.999939 | r_p=0.000000 | r_c=0.000000 | r_s=6.999269e-04 | status=running
[UL Convergence] | phase=optimize | user=1 | block=0 | n_kl=60 | epoch=145/1000 | objective=-17.618155 | rate=17.607214 | power=29.999939 | r_p=0.000000 | r_c=0.000000 | r_s=6.795601e-04 | status=running
[UL Convergence] | phase=optimize | user=1 | block=0 | n_kl=60 | epoch=146/1000 | objective=-17.618357 | rate=17.607416 | power=29.999939 | r_p=0.000000 | r_c=0.000000 | r_s=6.596237e-04 | status=running
[UL Convergence] | phase=optimize | user=1 | block=0 | n_kl=60 | epoch=147/1000 | objective=-17.618559 | rate=17.607618 | power=29.999939 | r_p=0.000000 | r_c=0.000000 | r_s=6.401149e-04 | status=running
[UL Convergence] | phase=optimize | user=1 | block=0 | n_kl=60 | epoch=148/1000 | objective=-17.618731 | rate=17.607790 | power=29.999939 | r_p=0.000000 | r_c=0.000000 | r_s=6.210446e-04 | status=running
[UL Convergence] | phase=optimize | user=1 | block=0 | n_kl=60 | epoch=149/1000 | objective=-17.618910 | rate=17.607969 | power=29.999935 | r_p=0.000000 | r_c=0.000000 | r_s=6.023844e-04 | status=running
[UL Convergence] | phase=optimize | user=1 | block=0 | n_kl=60 | epoch=150/1000 | objective=-17.619066 | rate=17.608126 | power=29.999935 | r_p=0.000000 | r_c=0.000000 | r_s=5.841574e-04 | status=kkt_converged
[UL Convergence Result] | user=1 | block=0 | n_kl=60 | achieved_rate=17.608126 | power=29.999935 | rate_gap=-10.941460 | power_gap=-6.484985e-05 | solve_status=kkt_converged
[UL Convergence Allocation] | user=1 | block=0 | n_kl=60 | requested_bits=400 | served_bits=400 | full_service=true
[UL Convergence Block] | user=1 | block=0 | stage=post_T | served_bits=400 | unserved_bits=0
[UL Convergence Reduction] | user=1 | block=0 | served_bits=400 | n_start=59 | n_min=1
[UL Convergence Solve] | user=1 | block=0 | stage=reduced_n | n_kl=59 | served_bits=400
[UL Convergence] | phase=optimize | user=1 | block=0 | n_kl=59 | epoch=1/1000 | objective=-17.598949 | rate=17.588140 | power=29.999935 | r_p=0.000000 | r_c=0.000000 | r_s=inf | status=running
[UL Convergence] | phase=optimize | user=1 | block=0 | n_kl=59 | epoch=2/1000 | objective=-17.599096 | rate=17.588287 | power=29.999939 | r_p=0.000000 | r_c=0.000000 | r_s=5.663229e-04 | status=kkt_converged
[UL Convergence Candidate] | user=1 | block=0 | n_kl=59 | achieved_rate=17.588287 | rate_gap=-10.808626 | power_gap=-6.103516e-05 | status=accepted
[UL Convergence Solve] | user=1 | block=0 | stage=reduced_n | n_kl=50 | served_bits=400
[UL Convergence] | phase=optimize | user=1 | block=0 | n_kl=50 | epoch=1/1000 | objective=-17.392479 | rate=17.383097 | power=29.999939 | r_p=0.000000 | r_c=0.000000 | r_s=inf | status=running
[UL Convergence] | phase=optimize | user=1 | block=0 | n_kl=50 | epoch=2/1000 | objective=-17.392567 | rate=17.383184 | power=29.999939 | r_p=0.000000 | r_c=0.000000 | r_s=4.229857e-04 | status=kkt_converged
[UL Convergence Candidate] | user=1 | block=0 | n_kl=50 | achieved_rate=17.383184 | rate_gap=-9.383184 | power_gap=-6.103516e-05 | status=accepted
[UL Convergence Solve] | user=1 | block=0 | stage=reduced_n | n_kl=40 | served_bits=400
[UL Convergence] | phase=optimize | user=1 | block=0 | n_kl=40 | epoch=1/1000 | objective=-17.084528 | rate=17.077450 | power=29.999939 | r_p=0.000000 | r_c=0.000000 | r_s=inf | status=running
[UL Convergence] | phase=optimize | user=1 | block=0 | n_kl=40 | epoch=2/1000 | objective=-17.084568 | rate=17.077490 | power=29.999939 | r_p=0.000000 | r_c=0.000000 | r_s=2.976672e-04 | status=kkt_converged
[UL Convergence Candidate] | user=1 | block=0 | n_kl=40 | achieved_rate=17.077490 | rate_gap=-7.077490 | power_gap=-6.103516e-05 | status=accepted
[UL Convergence Solve] | user=1 | block=0 | stage=reduced_n | n_kl=30 | served_bits=400
[UL Convergence] | phase=optimize | user=1 | block=0 | n_kl=30 | epoch=1/1000 | objective=-16.632301 | rate=16.629005 | power=29.999945 | r_p=0.000000 | r_c=0.000000 | r_s=inf | status=running
[UL Convergence] | phase=optimize | user=1 | block=0 | n_kl=30 | epoch=2/1000 | objective=-16.632303 | rate=16.629007 | power=29.999939 | r_p=0.000000 | r_c=0.000000 | r_s=2.035262e-04 | status=kkt_converged
[UL Convergence Candidate] | user=1 | block=0 | n_kl=30 | achieved_rate=16.629007 | rate_gap=-3.295674 | power_gap=-6.103516e-05 | status=accepted
[UL Convergence Reduction] | user=1 | block=0 | n_kl=24 | status=stop_infeasible
[UL Convergence Final] | user=1 | block=0 | feasible_points=36 | chosen_n_kl=25 | served_bits=400 | achieved_rate=16.309404 | power=29.999939 | solve_status=kkt_converged
[UL Convergence Allocation] | user=1 | block=0 | chosen_n_kl=25 | served_bits=400 | unserved_bits=0 | mode=fixed_block_targets
[UL Convergence Train] | user=1 | block=1 | target_bits=400 | mode=fixed_block_targets
[UL Convergence Block] | user=1 | block=1 | budget_mode=target_bits | requested_bits=400
[UL Convergence Solve] | user=1 | block=1 | stage=n=T | n_kl=60 | requested_bits=400
[UL Convergence] | phase=optimize | user=1 | block=1 | n_kl=60 | epoch=1/1000 | objective=-12.911573 | rate=12.905334 | power=29.999939 | r_p=0.000000 | r_c=0.000000 | r_s=inf | status=running
[UL Convergence] | phase=optimize | user=1 | block=1 | n_kl=60 | epoch=2/1000 | objective=-13.029037 | rate=13.022676 | power=29.965208 | r_p=0.000000 | r_c=0.000000 | r_s=0.010328 | status=running
[UL Convergence] | phase=optimize | user=1 | block=1 | n_kl=60 | epoch=3/1000 | objective=-13.142323 | rate=13.135854 | power=29.999939 | r_p=0.000000 | r_c=0.000000 | r_s=0.008867 | status=running
[UL Convergence] | phase=optimize | user=1 | block=1 | n_kl=60 | epoch=4/1000 | objective=-13.252980 | rate=13.246401 | power=29.999945 | r_p=0.000000 | r_c=0.000000 | r_s=0.009018 | status=running
[UL Convergence] | phase=optimize | user=1 | block=1 | n_kl=60 | epoch=5/1000 | objective=-13.364495 | rate=13.357804 | power=29.999935 | r_p=0.000000 | r_c=0.000000 | r_s=0.009123 | status=running
[UL Convergence] | phase=optimize | user=1 | block=1 | n_kl=60 | epoch=6/1000 | objective=-13.475974 | rate=13.469172 | power=29.999939 | r_p=0.000000 | r_c=0.000000 | r_s=0.009191 | status=running
[UL Convergence] | phase=optimize | user=1 | block=1 | n_kl=60 | epoch=7/1000 | objective=-13.586874 | rate=13.579961 | power=29.999939 | r_p=0.000000 | r_c=0.000000 | r_s=0.009234 | status=running
[UL Convergence] | phase=optimize | user=1 | block=1 | n_kl=60 | epoch=8/1000 | objective=-13.696775 | rate=13.689753 | power=29.999935 | r_p=0.000000 | r_c=0.000000 | r_s=0.009258 | status=running
[UL Convergence] | phase=optimize | user=1 | block=1 | n_kl=60 | epoch=9/1000 | objective=-13.805401 | rate=13.798269 | power=29.999935 | r_p=0.000000 | r_c=0.000000 | r_s=0.009267 | status=running
[UL Convergence] | phase=optimize | user=1 | block=1 | n_kl=60 | epoch=10/1000 | objective=-13.912514 | rate=13.905275 | power=29.999939 | r_p=0.000000 | r_c=0.000000 | r_s=0.009266 | status=running
[UL Convergence] | phase=optimize | user=1 | block=1 | n_kl=60 | epoch=11/1000 | objective=-14.017926 | rate=14.010582 | power=29.999939 | r_p=0.000000 | r_c=0.000000 | r_s=0.009256 | status=running
[UL Convergence] | phase=optimize | user=1 | block=1 | n_kl=60 | epoch=12/1000 | objective=-14.121500 | rate=14.114053 | power=29.999939 | r_p=0.000000 | r_c=0.000000 | r_s=0.009242 | status=running
[UL Convergence] | phase=optimize | user=1 | block=1 | n_kl=60 | epoch=13/1000 | objective=-14.223117 | rate=14.215568 | power=29.999939 | r_p=0.000000 | r_c=0.000000 | r_s=0.009224 | status=running
[UL Convergence] | phase=optimize | user=1 | block=1 | n_kl=60 | epoch=14/1000 | objective=-14.322696 | rate=14.315047 | power=29.999935 | r_p=0.000000 | r_c=0.000000 | r_s=0.009203 | status=running
[UL Convergence] | phase=optimize | user=1 | block=1 | n_kl=60 | epoch=15/1000 | objective=-14.420157 | rate=14.412412 | power=29.999939 | r_p=0.000000 | r_c=0.000000 | r_s=0.009179 | status=running
[UL Convergence] | phase=optimize | user=1 | block=1 | n_kl=60 | epoch=16/1000 | objective=-14.515440 | rate=14.507599 | power=29.999939 | r_p=0.000000 | r_c=0.000000 | r_s=0.009153 | status=running
[UL Convergence] | phase=optimize | user=1 | block=1 | n_kl=60 | epoch=17/1000 | objective=-14.608492 | rate=14.600558 | power=29.999939 | r_p=0.000000 | r_c=0.000000 | r_s=0.009122 | status=running
[UL Convergence] | phase=optimize | user=1 | block=1 | n_kl=60 | epoch=18/1000 | objective=-14.699274 | rate=14.691250 | power=29.999935 | r_p=0.000000 | r_c=0.000000 | r_s=0.009087 | status=running
[UL Convergence] | phase=optimize | user=1 | block=1 | n_kl=60 | epoch=19/1000 | objective=-14.787793 | rate=14.779680 | power=29.999939 | r_p=0.000000 | r_c=0.000000 | r_s=0.009047 | status=running
[UL Convergence] | phase=optimize | user=1 | block=1 | n_kl=60 | epoch=20/1000 | objective=-14.873997 | rate=14.865798 | power=29.999939 | r_p=0.000000 | r_c=0.000000 | r_s=0.009002 | status=running
[UL Convergence] | phase=optimize | user=1 | block=1 | n_kl=60 | epoch=21/1000 | objective=-14.957888 | rate=14.949605 | power=29.999935 | r_p=0.000000 | r_c=0.000000 | r_s=0.008952 | status=running
[UL Convergence] | phase=optimize | user=1 | block=1 | n_kl=60 | epoch=22/1000 | objective=-15.039489 | rate=15.031124 | power=29.999935 | r_p=0.000000 | r_c=0.000000 | r_s=0.008898 | status=running
[UL Convergence] | phase=optimize | user=1 | block=1 | n_kl=60 | epoch=23/1000 | objective=-15.118805 | rate=15.110361 | power=29.999939 | r_p=0.000000 | r_c=0.000000 | r_s=0.008839 | status=running
[UL Convergence] | phase=optimize | user=1 | block=1 | n_kl=60 | epoch=24/1000 | objective=-15.195844 | rate=15.187323 | power=29.999945 | r_p=0.000000 | r_c=0.000000 | r_s=0.008776 | status=running
[UL Convergence] | phase=optimize | user=1 | block=1 | n_kl=60 | epoch=25/1000 | objective=-15.270625 | rate=15.262030 | power=29.999945 | r_p=0.000000 | r_c=0.000000 | r_s=0.008710 | status=running
[UL Convergence] | phase=optimize | user=1 | block=1 | n_kl=60 | epoch=26/1000 | objective=-15.343191 | rate=15.334523 | power=29.999939 | r_p=0.000000 | r_c=0.000000 | r_s=0.008641 | status=running
[UL Convergence] | phase=optimize | user=1 | block=1 | n_kl=60 | epoch=27/1000 | objective=-15.413583 | rate=15.404844 | power=29.999945 | r_p=0.000000 | r_c=0.000000 | r_s=0.008569 | status=running
[UL Convergence] | phase=optimize | user=1 | block=1 | n_kl=60 | epoch=28/1000 | objective=-15.481795 | rate=15.472989 | power=29.999939 | r_p=0.000000 | r_c=0.000000 | r_s=0.008495 | status=running
[UL Convergence] | phase=optimize | user=1 | block=1 | n_kl=60 | epoch=29/1000 | objective=-15.547895 | rate=15.539023 | power=29.999939 | r_p=0.000000 | r_c=0.000000 | r_s=0.008419 | status=running
[UL Convergence] | phase=optimize | user=1 | block=1 | n_kl=60 | epoch=30/1000 | objective=-15.611926 | rate=15.602990 | power=29.999935 | r_p=0.000000 | r_c=0.000000 | r_s=0.008341 | status=running
[UL Convergence] | phase=optimize | user=1 | block=1 | n_kl=60 | epoch=31/1000 | objective=-15.673936 | rate=15.664938 | power=29.999939 | r_p=0.000000 | r_c=0.000000 | r_s=0.008262 | status=running
[UL Convergence] | phase=optimize | user=1 | block=1 | n_kl=60 | epoch=32/1000 | objective=-15.733950 | rate=15.724892 | power=29.999939 | r_p=0.000000 | r_c=0.000000 | r_s=0.008182 | status=running
[UL Convergence] | phase=optimize | user=1 | block=1 | n_kl=60 | epoch=33/1000 | objective=-15.792008 | rate=15.782892 | power=29.999939 | r_p=0.000000 | r_c=0.000000 | r_s=0.008101 | status=running
[UL Convergence] | phase=optimize | user=1 | block=1 | n_kl=60 | epoch=34/1000 | objective=-15.848167 | rate=15.838995 | power=29.999939 | r_p=0.000000 | r_c=0.000000 | r_s=0.008019 | status=running
[UL Convergence] | phase=optimize | user=1 | block=1 | n_kl=60 | epoch=35/1000 | objective=-15.902459 | rate=15.893232 | power=29.999939 | r_p=0.000000 | r_c=0.000000 | r_s=0.007936 | status=running
[UL Convergence] | phase=optimize | user=1 | block=1 | n_kl=60 | epoch=36/1000 | objective=-15.954963 | rate=15.945683 | power=29.999939 | r_p=0.000000 | r_c=0.000000 | r_s=0.007853 | status=running
[UL Convergence] | phase=optimize | user=1 | block=1 | n_kl=60 | epoch=37/1000 | objective=-16.005680 | rate=15.996350 | power=29.999939 | r_p=0.000000 | r_c=0.000000 | r_s=0.007770 | status=running
[UL Convergence] | phase=optimize | user=1 | block=1 | n_kl=60 | epoch=38/1000 | objective=-16.054667 | rate=16.045288 | power=29.999939 | r_p=0.000000 | r_c=0.000000 | r_s=0.007686 | status=running
[UL Convergence] | phase=optimize | user=1 | block=1 | n_kl=60 | epoch=39/1000 | objective=-16.101990 | rate=16.092564 | power=29.999939 | r_p=0.000000 | r_c=0.000000 | r_s=0.007602 | status=running
[UL Convergence] | phase=optimize | user=1 | block=1 | n_kl=60 | epoch=40/1000 | objective=-16.147676 | rate=16.138205 | power=29.999939 | r_p=0.000000 | r_c=0.000000 | r_s=0.007517 | status=running
[UL Convergence] | phase=optimize | user=1 | block=1 | n_kl=60 | epoch=41/1000 | objective=-16.191769 | rate=16.182253 | power=29.999939 | r_p=0.000000 | r_c=0.000000 | r_s=0.007433 | status=running
[UL Convergence] | phase=optimize | user=1 | block=1 | n_kl=60 | epoch=42/1000 | objective=-16.234312 | rate=16.224754 | power=29.999939 | r_p=0.000000 | r_c=0.000000 | r_s=0.007348 | status=running
[UL Convergence] | phase=optimize | user=1 | block=1 | n_kl=60 | epoch=43/1000 | objective=-16.275345 | rate=16.265745 | power=29.999939 | r_p=0.000000 | r_c=0.000000 | r_s=0.007263 | status=running
[UL Convergence] | phase=optimize | user=1 | block=1 | n_kl=60 | epoch=44/1000 | objective=-16.314913 | rate=16.305275 | power=29.999939 | r_p=0.000000 | r_c=0.000000 | r_s=0.007178 | status=running
[UL Convergence] | phase=optimize | user=1 | block=1 | n_kl=60 | epoch=45/1000 | objective=-16.353037 | rate=16.343361 | power=29.999935 | r_p=0.000000 | r_c=0.000000 | r_s=0.007093 | status=running
[UL Convergence] | phase=optimize | user=1 | block=1 | n_kl=60 | epoch=46/1000 | objective=-16.389791 | rate=16.380077 | power=29.999939 | r_p=0.000000 | r_c=0.000000 | r_s=0.007007 | status=running
[UL Convergence] | phase=optimize | user=1 | block=1 | n_kl=60 | epoch=47/1000 | objective=-16.422937 | rate=16.413189 | power=29.987608 | r_p=0.000000 | r_c=0.000000 | r_s=0.006924 | status=running
[UL Convergence] | phase=optimize | user=1 | block=1 | n_kl=60 | epoch=48/1000 | objective=-16.457581 | rate=16.447800 | power=29.999935 | r_p=0.000000 | r_c=0.000000 | r_s=0.006551 | status=running
[UL Convergence] | phase=optimize | user=1 | block=1 | n_kl=60 | epoch=49/1000 | objective=-16.488787 | rate=16.478975 | power=29.999939 | r_p=0.000000 | r_c=0.000000 | r_s=0.006447 | status=running
[UL Convergence] | phase=optimize | user=1 | block=1 | n_kl=60 | epoch=50/1000 | objective=-16.518854 | rate=16.509012 | power=29.999945 | r_p=0.000000 | r_c=0.000000 | r_s=0.006350 | status=running
[UL Convergence] | phase=optimize | user=1 | block=1 | n_kl=60 | epoch=51/1000 | objective=-16.547815 | rate=16.537945 | power=29.999935 | r_p=0.000000 | r_c=0.000000 | r_s=0.006256 | status=running
[UL Convergence] | phase=optimize | user=1 | block=1 | n_kl=60 | epoch=52/1000 | objective=-16.575699 | rate=16.565800 | power=29.999945 | r_p=0.000000 | r_c=0.000000 | r_s=0.006164 | status=running
[UL Convergence] | phase=optimize | user=1 | block=1 | n_kl=60 | epoch=53/1000 | objective=-16.602545 | rate=16.592619 | power=29.999939 | r_p=0.000000 | r_c=0.000000 | r_s=0.006074 | status=running
[UL Convergence] | phase=optimize | user=1 | block=1 | n_kl=60 | epoch=54/1000 | objective=-16.628382 | rate=16.618429 | power=29.999939 | r_p=0.000000 | r_c=0.000000 | r_s=0.005986 | status=running
[UL Convergence] | phase=optimize | user=1 | block=1 | n_kl=60 | epoch=55/1000 | objective=-16.653248 | rate=16.643270 | power=29.999939 | r_p=0.000000 | r_c=0.000000 | r_s=0.005900 | status=running
[UL Convergence] | phase=optimize | user=1 | block=1 | n_kl=60 | epoch=56/1000 | objective=-16.677174 | rate=16.667173 | power=29.999939 | r_p=0.000000 | r_c=0.000000 | r_s=0.005815 | status=running
[UL Convergence] | phase=optimize | user=1 | block=1 | n_kl=60 | epoch=57/1000 | objective=-16.700178 | rate=16.690155 | power=29.999935 | r_p=0.000000 | r_c=0.000000 | r_s=0.005731 | status=running
[UL Convergence] | phase=optimize | user=1 | block=1 | n_kl=60 | epoch=58/1000 | objective=-16.722321 | rate=16.712275 | power=29.999935 | r_p=0.000000 | r_c=0.000000 | r_s=0.005648 | status=running
[UL Convergence] | phase=optimize | user=1 | block=1 | n_kl=60 | epoch=59/1000 | objective=-16.743568 | rate=16.733501 | power=29.999945 | r_p=0.000000 | r_c=0.000000 | r_s=0.005566 | status=running
[UL Convergence] | phase=optimize | user=1 | block=1 | n_kl=60 | epoch=60/1000 | objective=-16.764008 | rate=16.753920 | power=29.999945 | r_p=0.000000 | r_c=0.000000 | r_s=0.005485 | status=running
[UL Convergence] | phase=optimize | user=1 | block=1 | n_kl=60 | epoch=61/1000 | objective=-16.783627 | rate=16.773520 | power=29.999939 | r_p=0.000000 | r_c=0.000000 | r_s=0.005404 | status=running
[UL Convergence] | phase=optimize | user=1 | block=1 | n_kl=60 | epoch=62/1000 | objective=-16.802483 | rate=16.792356 | power=29.999939 | r_p=0.000000 | r_c=0.000000 | r_s=0.005324 | status=running
[UL Convergence] | phase=optimize | user=1 | block=1 | n_kl=60 | epoch=63/1000 | objective=-16.820570 | rate=16.810427 | power=29.999935 | r_p=0.000000 | r_c=0.000000 | r_s=0.005244 | status=running
[UL Convergence] | phase=optimize | user=1 | block=1 | n_kl=60 | epoch=64/1000 | objective=-16.837929 | rate=16.827768 | power=29.999939 | r_p=0.000000 | r_c=0.000000 | r_s=0.005164 | status=running
[UL Convergence] | phase=optimize | user=1 | block=1 | n_kl=60 | epoch=65/1000 | objective=-16.854567 | rate=16.844389 | power=29.999939 | r_p=0.000000 | r_c=0.000000 | r_s=0.005085 | status=running
[UL Convergence] | phase=optimize | user=1 | block=1 | n_kl=60 | epoch=66/1000 | objective=-16.870527 | rate=16.860334 | power=29.999945 | r_p=0.000000 | r_c=0.000000 | r_s=0.005006 | status=running
[UL Convergence] | phase=optimize | user=1 | block=1 | n_kl=60 | epoch=67/1000 | objective=-16.885817 | rate=16.875608 | power=29.999939 | r_p=0.000000 | r_c=0.000000 | r_s=0.004927 | status=running
[UL Convergence] | phase=optimize | user=1 | block=1 | n_kl=60 | epoch=68/1000 | objective=-16.900461 | rate=16.890238 | power=29.999939 | r_p=0.000000 | r_c=0.000000 | r_s=0.004849 | status=running
[UL Convergence] | phase=optimize | user=1 | block=1 | n_kl=60 | epoch=69/1000 | objective=-16.914480 | rate=16.904243 | power=29.999945 | r_p=0.000000 | r_c=0.000000 | r_s=0.004770 | status=running
[UL Convergence] | phase=optimize | user=1 | block=1 | n_kl=60 | epoch=70/1000 | objective=-16.927906 | rate=16.917656 | power=29.999945 | r_p=0.000000 | r_c=0.000000 | r_s=0.004691 | status=running
[UL Convergence] | phase=optimize | user=1 | block=1 | n_kl=60 | epoch=71/1000 | objective=-16.940725 | rate=16.930462 | power=29.999945 | r_p=0.000000 | r_c=0.000000 | r_s=0.004613 | status=running
[UL Convergence] | phase=optimize | user=1 | block=1 | n_kl=60 | epoch=72/1000 | objective=-16.952999 | rate=16.942722 | power=29.999945 | r_p=0.000000 | r_c=0.000000 | r_s=0.004535 | status=running
[UL Convergence] | phase=optimize | user=1 | block=1 | n_kl=60 | epoch=73/1000 | objective=-16.964725 | rate=16.954437 | power=29.999939 | r_p=0.000000 | r_c=0.000000 | r_s=0.004457 | status=running
[UL Convergence] | phase=optimize | user=1 | block=1 | n_kl=60 | epoch=74/1000 | objective=-16.973776 | rate=16.963478 | power=29.988323 | r_p=0.000000 | r_c=0.000000 | r_s=0.004383 | status=running
[UL Convergence] | phase=optimize | user=1 | block=1 | n_kl=60 | epoch=75/1000 | objective=-16.985649 | rate=16.975340 | power=29.999945 | r_p=0.000000 | r_c=0.000000 | r_s=0.004012 | status=running
[UL Convergence] | phase=optimize | user=1 | block=1 | n_kl=60 | epoch=76/1000 | objective=-16.994987 | rate=16.984669 | power=29.999939 | r_p=0.000000 | r_c=0.000000 | r_s=0.003924 | status=running
[UL Convergence] | phase=optimize | user=1 | block=1 | n_kl=60 | epoch=77/1000 | objective=-17.003935 | rate=16.993608 | power=29.999945 | r_p=0.000000 | r_c=0.000000 | r_s=0.003844 | status=running
[UL Convergence] | phase=optimize | user=1 | block=1 | n_kl=60 | epoch=78/1000 | objective=-17.012506 | rate=17.002171 | power=29.999939 | r_p=0.000000 | r_c=0.000000 | r_s=0.003767 | status=running
[UL Convergence] | phase=optimize | user=1 | block=1 | n_kl=60 | epoch=79/1000 | objective=-17.020718 | rate=17.010374 | power=29.999939 | r_p=0.000000 | r_c=0.000000 | r_s=0.003693 | status=running
[UL Convergence] | phase=optimize | user=1 | block=1 | n_kl=60 | epoch=80/1000 | objective=-17.028574 | rate=17.018223 | power=29.999939 | r_p=0.000000 | r_c=0.000000 | r_s=0.003622 | status=running
[UL Convergence] | phase=optimize | user=1 | block=1 | n_kl=60 | epoch=81/1000 | objective=-17.036093 | rate=17.025734 | power=29.999939 | r_p=0.000000 | r_c=0.000000 | r_s=0.003553 | status=running
[UL Convergence] | phase=optimize | user=1 | block=1 | n_kl=60 | epoch=82/1000 | objective=-17.043295 | rate=17.032928 | power=29.999945 | r_p=0.000000 | r_c=0.000000 | r_s=0.003485 | status=running
[UL Convergence] | phase=optimize | user=1 | block=1 | n_kl=60 | epoch=83/1000 | objective=-17.050177 | rate=17.039803 | power=29.999939 | r_p=0.000000 | r_c=0.000000 | r_s=0.003419 | status=running
[UL Convergence] | phase=optimize | user=1 | block=1 | n_kl=60 | epoch=84/1000 | objective=-17.056761 | rate=17.046381 | power=29.999935 | r_p=0.000000 | r_c=0.000000 | r_s=0.003355 | status=running
[UL Convergence] | phase=optimize | user=1 | block=1 | n_kl=60 | epoch=85/1000 | objective=-17.063044 | rate=17.052658 | power=29.999945 | r_p=0.000000 | r_c=0.000000 | r_s=0.003291 | status=running
[UL Convergence] | phase=optimize | user=1 | block=1 | n_kl=60 | epoch=86/1000 | objective=-17.069038 | rate=17.058647 | power=29.999939 | r_p=0.000000 | r_c=0.000000 | r_s=0.003229 | status=running
[UL Convergence] | phase=optimize | user=1 | block=1 | n_kl=60 | epoch=87/1000 | objective=-17.074781 | rate=17.064384 | power=29.999935 | r_p=0.000000 | r_c=0.000000 | r_s=0.003167 | status=running
[UL Convergence] | phase=optimize | user=1 | block=1 | n_kl=60 | epoch=88/1000 | objective=-17.080231 | rate=17.069828 | power=29.999935 | r_p=0.000000 | r_c=0.000000 | r_s=0.003107 | status=running
[UL Convergence] | phase=optimize | user=1 | block=1 | n_kl=60 | epoch=89/1000 | objective=-17.085432 | rate=17.075024 | power=29.999935 | r_p=0.000000 | r_c=0.000000 | r_s=0.003047 | status=running
[UL Convergence] | phase=optimize | user=1 | block=1 | n_kl=60 | epoch=90/1000 | objective=-17.090389 | rate=17.079975 | power=29.999939 | r_p=0.000000 | r_c=0.000000 | r_s=0.002988 | status=running
[UL Convergence] | phase=optimize | user=1 | block=1 | n_kl=60 | epoch=91/1000 | objective=-17.095119 | rate=17.084702 | power=29.999939 | r_p=0.000000 | r_c=0.000000 | r_s=0.002929 | status=running
[UL Convergence] | phase=optimize | user=1 | block=1 | n_kl=60 | epoch=92/1000 | objective=-17.099611 | rate=17.089190 | power=29.999935 | r_p=0.000000 | r_c=0.000000 | r_s=0.002870 | status=running
[UL Convergence] | phase=optimize | user=1 | block=1 | n_kl=60 | epoch=93/1000 | objective=-17.103872 | rate=17.093445 | power=29.999939 | r_p=0.000000 | r_c=0.000000 | r_s=0.002813 | status=running
[UL Convergence] | phase=optimize | user=1 | block=1 | n_kl=60 | epoch=94/1000 | objective=-17.107939 | rate=17.097507 | power=29.999945 | r_p=0.000000 | r_c=0.000000 | r_s=0.002755 | status=running
[UL Convergence] | phase=optimize | user=1 | block=1 | n_kl=60 | epoch=95/1000 | objective=-17.111795 | rate=17.101360 | power=29.999939 | r_p=0.000000 | r_c=0.000000 | r_s=0.002698 | status=running
[UL Convergence] | phase=optimize | user=1 | block=1 | n_kl=60 | epoch=96/1000 | objective=-17.115456 | rate=17.105017 | power=29.999939 | r_p=0.000000 | r_c=0.000000 | r_s=0.002642 | status=running
[UL Convergence] | phase=optimize | user=1 | block=1 | n_kl=60 | epoch=97/1000 | objective=-17.118917 | rate=17.108475 | power=29.999939 | r_p=0.000000 | r_c=0.000000 | r_s=0.002586 | status=running
[UL Convergence] | phase=optimize | user=1 | block=1 | n_kl=60 | epoch=98/1000 | objective=-17.122208 | rate=17.111763 | power=29.999939 | r_p=0.000000 | r_c=0.000000 | r_s=0.002530 | status=running
[UL Convergence] | phase=optimize | user=1 | block=1 | n_kl=60 | epoch=99/1000 | objective=-17.125324 | rate=17.114876 | power=29.999935 | r_p=0.000000 | r_c=0.000000 | r_s=0.002475 | status=running
[UL Convergence] | phase=optimize | user=1 | block=1 | n_kl=60 | epoch=100/1000 | objective=-17.128269 | rate=17.117819 | power=29.999945 | r_p=0.000000 | r_c=0.000000 | r_s=0.002420 | status=running
[UL Convergence] | phase=optimize | user=1 | block=1 | n_kl=60 | epoch=101/1000 | objective=-17.131060 | rate=17.120605 | power=29.999939 | r_p=0.000000 | r_c=0.000000 | r_s=0.002365 | status=running
[UL Convergence] | phase=optimize | user=1 | block=1 | n_kl=60 | epoch=102/1000 | objective=-17.133694 | rate=17.123238 | power=29.999935 | r_p=0.000000 | r_c=0.000000 | r_s=0.002311 | status=running
[UL Convergence] | phase=optimize | user=1 | block=1 | n_kl=60 | epoch=103/1000 | objective=-17.136187 | rate=17.125727 | power=29.999939 | r_p=0.000000 | r_c=0.000000 | r_s=0.002258 | status=running
[UL Convergence] | phase=optimize | user=1 | block=1 | n_kl=60 | epoch=104/1000 | objective=-17.138540 | rate=17.128078 | power=29.999935 | r_p=0.000000 | r_c=0.000000 | r_s=0.002205 | status=running
[UL Convergence] | phase=optimize | user=1 | block=1 | n_kl=60 | epoch=105/1000 | objective=-17.140762 | rate=17.130299 | power=29.999945 | r_p=0.000000 | r_c=0.000000 | r_s=0.002152 | status=running
[UL Convergence] | phase=optimize | user=1 | block=1 | n_kl=60 | epoch=106/1000 | objective=-17.142860 | rate=17.132395 | power=29.999939 | r_p=0.000000 | r_c=0.000000 | r_s=0.002100 | status=running
[UL Convergence] | phase=optimize | user=1 | block=1 | n_kl=60 | epoch=107/1000 | objective=-17.144835 | rate=17.134367 | power=29.999939 | r_p=0.000000 | r_c=0.000000 | r_s=0.002049 | status=running
[UL Convergence] | phase=optimize | user=1 | block=1 | n_kl=60 | epoch=108/1000 | objective=-17.146685 | rate=17.136215 | power=29.999939 | r_p=0.000000 | r_c=0.000000 | r_s=0.001998 | status=running
[UL Convergence] | phase=optimize | user=1 | block=1 | n_kl=60 | epoch=109/1000 | objective=-17.148445 | rate=17.137974 | power=29.999935 | r_p=0.000000 | r_c=0.000000 | r_s=0.001948 | status=running
[UL Convergence] | phase=optimize | user=1 | block=1 | n_kl=60 | epoch=110/1000 | objective=-17.150091 | rate=17.139618 | power=29.999939 | r_p=0.000000 | r_c=0.000000 | r_s=0.001898 | status=running
[UL Convergence] | phase=optimize | user=1 | block=1 | n_kl=60 | epoch=111/1000 | objective=-17.151634 | rate=17.141159 | power=29.999939 | r_p=0.000000 | r_c=0.000000 | r_s=0.001849 | status=running
[UL Convergence] | phase=optimize | user=1 | block=1 | n_kl=60 | epoch=112/1000 | objective=-17.153090 | rate=17.142614 | power=29.999945 | r_p=0.000000 | r_c=0.000000 | r_s=0.001801 | status=running
[UL Convergence] | phase=optimize | user=1 | block=1 | n_kl=60 | epoch=113/1000 | objective=-17.154453 | rate=17.143976 | power=29.999939 | r_p=0.000000 | r_c=0.000000 | r_s=0.001753 | status=running
[UL Convergence] | phase=optimize | user=1 | block=1 | n_kl=60 | epoch=114/1000 | objective=-17.155741 | rate=17.145262 | power=29.999939 | r_p=0.000000 | r_c=0.000000 | r_s=0.001706 | status=running
[UL Convergence] | phase=optimize | user=1 | block=1 | n_kl=60 | epoch=115/1000 | objective=-17.156931 | rate=17.146452 | power=29.999939 | r_p=0.000000 | r_c=0.000000 | r_s=0.001660 | status=running
[UL Convergence] | phase=optimize | user=1 | block=1 | n_kl=60 | epoch=116/1000 | objective=-17.156628 | rate=17.146149 | power=29.992205 | r_p=0.000000 | r_c=0.000000 | r_s=0.001619 | status=running
[UL Convergence] | phase=optimize | user=1 | block=1 | n_kl=60 | epoch=117/1000 | objective=-17.158855 | rate=17.148375 | power=29.999939 | r_p=0.000000 | r_c=0.000000 | r_s=0.001559 | status=running
[UL Convergence] | phase=optimize | user=1 | block=1 | n_kl=60 | epoch=118/1000 | objective=-17.159615 | rate=17.149132 | power=29.999939 | r_p=0.000000 | r_c=0.000000 | r_s=0.001479 | status=running
[UL Convergence] | phase=optimize | user=1 | block=1 | n_kl=60 | epoch=119/1000 | objective=-17.160339 | rate=17.149857 | power=29.999939 | r_p=0.000000 | r_c=0.000000 | r_s=0.001410 | status=running
[UL Convergence] | phase=optimize | user=1 | block=1 | n_kl=60 | epoch=120/1000 | objective=-17.161018 | rate=17.150534 | power=29.999935 | r_p=0.000000 | r_c=0.000000 | r_s=0.001347 | status=running
[UL Convergence] | phase=optimize | user=1 | block=1 | n_kl=60 | epoch=121/1000 | objective=-17.161669 | rate=17.151184 | power=29.999945 | r_p=0.000000 | r_c=0.000000 | r_s=0.001289 | status=running
[UL Convergence] | phase=optimize | user=1 | block=1 | n_kl=60 | epoch=122/1000 | objective=-17.162289 | rate=17.151804 | power=29.999935 | r_p=0.000000 | r_c=0.000000 | r_s=0.001237 | status=running
[UL Convergence] | phase=optimize | user=1 | block=1 | n_kl=60 | epoch=123/1000 | objective=-17.162882 | rate=17.152395 | power=29.999939 | r_p=0.000000 | r_c=0.000000 | r_s=0.001190 | status=running
[UL Convergence] | phase=optimize | user=1 | block=1 | n_kl=60 | epoch=124/1000 | objective=-17.163446 | rate=17.152960 | power=29.999939 | r_p=0.000000 | r_c=0.000000 | r_s=0.001146 | status=running
[UL Convergence] | phase=optimize | user=1 | block=1 | n_kl=60 | epoch=125/1000 | objective=-17.163986 | rate=17.153500 | power=29.999935 | r_p=0.000000 | r_c=0.000000 | r_s=0.001107 | status=running
[UL Convergence] | phase=optimize | user=1 | block=1 | n_kl=60 | epoch=126/1000 | objective=-17.164501 | rate=17.154015 | power=29.999939 | r_p=0.000000 | r_c=0.000000 | r_s=0.001071 | status=running
[UL Convergence] | phase=optimize | user=1 | block=1 | n_kl=60 | epoch=127/1000 | objective=-17.164988 | rate=17.154499 | power=29.999939 | r_p=0.000000 | r_c=0.000000 | r_s=0.001039 | status=running
[UL Convergence] | phase=optimize | user=1 | block=1 | n_kl=60 | epoch=128/1000 | objective=-17.165464 | rate=17.154976 | power=29.999939 | r_p=0.000000 | r_c=0.000000 | r_s=0.001009 | status=running
[UL Convergence] | phase=optimize | user=1 | block=1 | n_kl=60 | epoch=129/1000 | objective=-17.165897 | rate=17.155409 | power=29.999939 | r_p=0.000000 | r_c=0.000000 | r_s=9.812502e-04 | status=running
[UL Convergence] | phase=optimize | user=1 | block=1 | n_kl=60 | epoch=130/1000 | objective=-17.166323 | rate=17.155834 | power=29.999935 | r_p=0.000000 | r_c=0.000000 | r_s=9.558552e-04 | status=running
[UL Convergence] | phase=optimize | user=1 | block=1 | n_kl=60 | epoch=131/1000 | objective=-17.166731 | rate=17.156240 | power=29.999935 | r_p=0.000000 | r_c=0.000000 | r_s=9.322342e-04 | status=running
[UL Convergence] | phase=optimize | user=1 | block=1 | n_kl=60 | epoch=132/1000 | objective=-17.167116 | rate=17.156626 | power=29.999939 | r_p=0.000000 | r_c=0.000000 | r_s=9.100096e-04 | status=running
[UL Convergence] | phase=optimize | user=1 | block=1 | n_kl=60 | epoch=133/1000 | objective=-17.167480 | rate=17.156990 | power=29.999939 | r_p=0.000000 | r_c=0.000000 | r_s=8.890066e-04 | status=running
[UL Convergence] | phase=optimize | user=1 | block=1 | n_kl=60 | epoch=134/1000 | objective=-17.167831 | rate=17.157341 | power=29.999939 | r_p=0.000000 | r_c=0.000000 | r_s=8.689129e-04 | status=running
[UL Convergence] | phase=optimize | user=1 | block=1 | n_kl=60 | epoch=135/1000 | objective=-17.168158 | rate=17.157667 | power=29.999939 | r_p=0.000000 | r_c=0.000000 | r_s=8.495286e-04 | status=running
[UL Convergence] | phase=optimize | user=1 | block=1 | n_kl=60 | epoch=136/1000 | objective=-17.168465 | rate=17.157974 | power=29.999939 | r_p=0.000000 | r_c=0.000000 | r_s=8.307032e-04 | status=running
[UL Convergence] | phase=optimize | user=1 | block=1 | n_kl=60 | epoch=137/1000 | objective=-17.168776 | rate=17.158283 | power=29.999935 | r_p=0.000000 | r_c=0.000000 | r_s=8.122407e-04 | status=running
[UL Convergence] | phase=optimize | user=1 | block=1 | n_kl=60 | epoch=138/1000 | objective=-17.169041 | rate=17.158548 | power=29.999935 | r_p=0.000000 | r_c=0.000000 | r_s=7.940422e-04 | status=running
[UL Convergence] | phase=optimize | user=1 | block=1 | n_kl=60 | epoch=139/1000 | objective=-17.169302 | rate=17.158810 | power=29.999935 | r_p=0.000000 | r_c=0.000000 | r_s=7.759828e-04 | status=running
[UL Convergence] | phase=optimize | user=1 | block=1 | n_kl=60 | epoch=140/1000 | objective=-17.169542 | rate=17.159050 | power=29.999939 | r_p=0.000000 | r_c=0.000000 | r_s=7.580074e-04 | status=running
[UL Convergence] | phase=optimize | user=1 | block=1 | n_kl=60 | epoch=141/1000 | objective=-17.169777 | rate=17.159285 | power=29.999939 | r_p=0.000000 | r_c=0.000000 | r_s=7.400776e-04 | status=running
[UL Convergence] | phase=optimize | user=1 | block=1 | n_kl=60 | epoch=142/1000 | objective=-17.169994 | rate=17.159502 | power=29.999939 | r_p=0.000000 | r_c=0.000000 | r_s=7.221163e-04 | status=running
[UL Convergence] | phase=optimize | user=1 | block=1 | n_kl=60 | epoch=143/1000 | objective=-17.170195 | rate=17.159702 | power=29.999939 | r_p=0.000000 | r_c=0.000000 | r_s=7.041074e-04 | status=running
[UL Convergence] | phase=optimize | user=1 | block=1 | n_kl=60 | epoch=144/1000 | objective=-17.170385 | rate=17.159893 | power=29.999935 | r_p=0.000000 | r_c=0.000000 | r_s=6.860463e-04 | status=running
[UL Convergence] | phase=optimize | user=1 | block=1 | n_kl=60 | epoch=145/1000 | objective=-17.170565 | rate=17.160070 | power=29.999935 | r_p=0.000000 | r_c=0.000000 | r_s=6.679438e-04 | status=running
[UL Convergence] | phase=optimize | user=1 | block=1 | n_kl=60 | epoch=146/1000 | objective=-17.170734 | rate=17.160240 | power=29.999939 | r_p=0.000000 | r_c=0.000000 | r_s=6.498375e-04 | status=running
[UL Convergence] | phase=optimize | user=1 | block=1 | n_kl=60 | epoch=147/1000 | objective=-17.170876 | rate=17.160381 | power=29.999939 | r_p=0.000000 | r_c=0.000000 | r_s=6.317049e-04 | status=running
[UL Convergence] | phase=optimize | user=1 | block=1 | n_kl=60 | epoch=148/1000 | objective=-17.171032 | rate=17.160538 | power=29.999939 | r_p=0.000000 | r_c=0.000000 | r_s=6.135875e-04 | status=running
[UL Convergence] | phase=optimize | user=1 | block=1 | n_kl=60 | epoch=149/1000 | objective=-17.171154 | rate=17.160660 | power=29.999939 | r_p=0.000000 | r_c=0.000000 | r_s=5.955553e-04 | status=kkt_converged
[UL Convergence Result] | user=1 | block=1 | n_kl=60 | achieved_rate=17.160660 | power=29.999939 | rate_gap=-10.493994 | power_gap=-6.103516e-05 | solve_status=kkt_converged
[UL Convergence Allocation] | user=1 | block=1 | n_kl=60 | requested_bits=400 | served_bits=400 | full_service=true
[UL Convergence Block] | user=1 | block=1 | stage=post_T | served_bits=400 | unserved_bits=0
[UL Convergence Reduction] | user=1 | block=1 | served_bits=400 | n_start=59 | n_min=1
[UL Convergence Solve] | user=1 | block=1 | stage=reduced_n | n_kl=59 | served_bits=400
[UL Convergence] | phase=optimize | user=1 | block=1 | n_kl=59 | epoch=1/1000 | objective=-17.151039 | rate=17.140678 | power=29.999939 | r_p=0.000000 | r_c=0.000000 | r_s=inf | status=running
[UL Convergence] | phase=optimize | user=1 | block=1 | n_kl=59 | epoch=2/1000 | objective=-17.151171 | rate=17.140810 | power=29.999939 | r_p=0.000000 | r_c=0.000000 | r_s=5.775860e-04 | status=kkt_converged
[UL Convergence Candidate] | user=1 | block=1 | n_kl=59 | achieved_rate=17.140810 | rate_gap=-10.361149 | power_gap=-6.103516e-05 | status=accepted
[UL Convergence Solve] | user=1 | block=1 | stage=reduced_n | n_kl=50 | served_bits=400
[UL Convergence] | phase=optimize | user=1 | block=1 | n_kl=50 | epoch=1/1000 | objective=-16.944439 | rate=16.935503 | power=29.999939 | r_p=0.000000 | r_c=0.000000 | r_s=inf | status=running
[UL Convergence] | phase=optimize | user=1 | block=1 | n_kl=50 | epoch=2/1000 | objective=-16.944513 | rate=16.935577 | power=29.999939 | r_p=0.000000 | r_c=0.000000 | r_s=4.253548e-04 | status=kkt_converged
[UL Convergence Candidate] | user=1 | block=1 | n_kl=50 | achieved_rate=16.935577 | rate_gap=-8.935577 | power_gap=-6.103516e-05 | status=accepted
[UL Convergence Solve] | user=1 | block=1 | stage=reduced_n | n_kl=40 | served_bits=400
[UL Convergence] | phase=optimize | user=1 | block=1 | n_kl=40 | epoch=1/1000 | objective=-16.636433 | rate=16.629803 | power=29.999939 | r_p=0.000000 | r_c=0.000000 | r_s=inf | status=running
[UL Convergence] | phase=optimize | user=1 | block=1 | n_kl=40 | epoch=2/1000 | objective=-16.636444 | rate=16.629814 | power=29.999939 | r_p=0.000000 | r_c=0.000000 | r_s=2.887167e-04 | status=kkt_converged
[UL Convergence Candidate] | user=1 | block=1 | n_kl=40 | achieved_rate=16.629814 | rate_gap=-6.629814 | power_gap=-6.103516e-05 | status=accepted
[UL Convergence Solve] | user=1 | block=1 | stage=reduced_n | n_kl=30 | served_bits=400
[UL Convergence] | phase=optimize | user=1 | block=1 | n_kl=30 | epoch=1/1000 | objective=-16.184212 | rate=16.181364 | power=29.999939 | r_p=0.000000 | r_c=0.000000 | r_s=inf | status=running
[UL Convergence] | phase=optimize | user=1 | block=1 | n_kl=30 | epoch=2/1000 | objective=-16.184217 | rate=16.181370 | power=29.999939 | r_p=0.000000 | r_c=0.000000 | r_s=1.871266e-04 | status=kkt_converged
[UL Convergence Candidate] | user=1 | block=1 | n_kl=30 | achieved_rate=16.181370 | rate_gap=-2.848037 | power_gap=-6.103516e-05 | status=accepted
[UL Convergence Reduction] | user=1 | block=1 | n_kl=25 | status=stop_infeasible
[UL Convergence Final] | user=1 | block=1 | feasible_points=35 | chosen_n_kl=26 | served_bits=400 | achieved_rate=15.933048 | power=29.999939 | solve_status=kkt_converged
[UL Convergence Allocation] | user=1 | block=1 | chosen_n_kl=26 | served_bits=400 | unserved_bits=0 | mode=fixed_block_targets
[UL Convergence Train] | user=1 | block=2 | target_bits=400 | mode=fixed_block_targets
[UL Convergence Block] | user=1 | block=2 | budget_mode=target_bits | requested_bits=400
[UL Convergence Solve] | user=1 | block=2 | stage=n=T | n_kl=60 | requested_bits=400
[UL Convergence] | phase=optimize | user=1 | block=2 | n_kl=60 | epoch=1/1000 | objective=-13.904790 | rate=13.897559 | power=29.999935 | r_p=0.000000 | r_c=0.000000 | r_s=inf | status=running
[UL Convergence] | phase=optimize | user=1 | block=2 | n_kl=60 | epoch=2/1000 | objective=-14.002760 | rate=13.995431 | power=29.999939 | r_p=0.000000 | r_c=0.000000 | r_s=0.010313 | status=running
[UL Convergence] | phase=optimize | user=1 | block=2 | n_kl=60 | epoch=3/1000 | objective=-14.098026 | rate=14.090602 | power=29.999939 | r_p=0.000000 | r_c=0.000000 | r_s=0.010194 | status=running
[UL Convergence] | phase=optimize | user=1 | block=2 | n_kl=60 | epoch=4/1000 | objective=-14.190525 | rate=14.183009 | power=29.999939 | r_p=0.000000 | r_c=0.000000 | r_s=0.010203 | status=running
[UL Convergence] | phase=optimize | user=1 | block=2 | n_kl=60 | epoch=5/1000 | objective=-14.280227 | rate=14.272621 | power=29.999945 | r_p=0.000000 | r_c=0.000000 | r_s=0.010181 | status=running
[UL Convergence] | phase=optimize | user=1 | block=2 | n_kl=60 | epoch=6/1000 | objective=-14.367085 | rate=14.359393 | power=29.999939 | r_p=0.000000 | r_c=0.000000 | r_s=0.010138 | status=running
[UL Convergence] | phase=optimize | user=1 | block=2 | n_kl=60 | epoch=7/1000 | objective=-14.451097 | rate=14.443321 | power=29.999939 | r_p=0.000000 | r_c=0.000000 | r_s=0.010075 | status=running
[UL Convergence] | phase=optimize | user=1 | block=2 | n_kl=60 | epoch=8/1000 | objective=-14.532267 | rate=14.524409 | power=29.999945 | r_p=0.000000 | r_c=0.000000 | r_s=0.009993 | status=running
[UL Convergence] | phase=optimize | user=1 | block=2 | n_kl=60 | epoch=9/1000 | objective=-14.610620 | rate=14.602683 | power=29.999939 | r_p=0.000000 | r_c=0.000000 | r_s=0.009892 | status=running
[UL Convergence] | phase=optimize | user=1 | block=2 | n_kl=60 | epoch=10/1000 | objective=-14.686230 | rate=14.678218 | power=29.999945 | r_p=0.000000 | r_c=0.000000 | r_s=0.009772 | status=running
[UL Convergence] | phase=optimize | user=1 | block=2 | n_kl=60 | epoch=11/1000 | objective=-14.759153 | rate=14.751069 | power=29.999935 | r_p=0.000000 | r_c=0.000000 | r_s=0.009637 | status=running
[UL Convergence] | phase=optimize | user=1 | block=2 | n_kl=60 | epoch=12/1000 | objective=-14.829483 | rate=14.821328 | power=29.999939 | r_p=0.000000 | r_c=0.000000 | r_s=0.009490 | status=running
[UL Convergence] | phase=optimize | user=1 | block=2 | n_kl=60 | epoch=13/1000 | objective=-14.897289 | rate=14.889067 | power=29.999945 | r_p=0.000000 | r_c=0.000000 | r_s=0.009337 | status=running
[UL Convergence] | phase=optimize | user=1 | block=2 | n_kl=60 | epoch=14/1000 | objective=-14.962689 | rate=14.954402 | power=29.999939 | r_p=0.000000 | r_c=0.000000 | r_s=0.009179 | status=running
[UL Convergence] | phase=optimize | user=1 | block=2 | n_kl=60 | epoch=15/1000 | objective=-15.025784 | rate=15.017433 | power=29.999939 | r_p=0.000000 | r_c=0.000000 | r_s=0.009021 | status=running
[UL Convergence] | phase=optimize | user=1 | block=2 | n_kl=60 | epoch=16/1000 | objective=-15.086640 | rate=15.078229 | power=29.999939 | r_p=0.000000 | r_c=0.000000 | r_s=0.008863 | status=running
[UL Convergence] | phase=optimize | user=1 | block=2 | n_kl=60 | epoch=17/1000 | objective=-15.145383 | rate=15.136912 | power=29.999939 | r_p=0.000000 | r_c=0.000000 | r_s=0.008707 | status=running
[UL Convergence] | phase=optimize | user=1 | block=2 | n_kl=60 | epoch=18/1000 | objective=-15.202077 | rate=15.193550 | power=29.999939 | r_p=0.000000 | r_c=0.000000 | r_s=0.008552 | status=running
[UL Convergence] | phase=optimize | user=1 | block=2 | n_kl=60 | epoch=19/1000 | objective=-15.256835 | rate=15.248254 | power=29.999935 | r_p=0.000000 | r_c=0.000000 | r_s=0.008398 | status=running
[UL Convergence] | phase=optimize | user=1 | block=2 | n_kl=60 | epoch=20/1000 | objective=-15.309723 | rate=15.301088 | power=29.999935 | r_p=0.000000 | r_c=0.000000 | r_s=0.008246 | status=running
[UL Convergence] | phase=optimize | user=1 | block=2 | n_kl=60 | epoch=21/1000 | objective=-15.356452 | rate=15.347768 | power=29.975290 | r_p=0.000000 | r_c=0.000000 | r_s=0.008108 | status=running
[UL Convergence] | phase=optimize | user=1 | block=2 | n_kl=60 | epoch=22/1000 | objective=-15.408330 | rate=15.399597 | power=29.999939 | r_p=0.000000 | r_c=0.000000 | r_s=0.007230 | status=running
[UL Convergence] | phase=optimize | user=1 | block=2 | n_kl=60 | epoch=23/1000 | objective=-15.454226 | rate=15.445447 | power=29.999939 | r_p=0.000000 | r_c=0.000000 | r_s=0.007070 | status=running
[UL Convergence] | phase=optimize | user=1 | block=2 | n_kl=60 | epoch=24/1000 | objective=-15.498599 | rate=15.489776 | power=29.999939 | r_p=0.000000 | r_c=0.000000 | r_s=0.006937 | status=running
[UL Convergence] | phase=optimize | user=1 | block=2 | n_kl=60 | epoch=25/1000 | objective=-15.541497 | rate=15.532631 | power=29.999945 | r_p=0.000000 | r_c=0.000000 | r_s=0.006818 | status=running
[UL Convergence] | phase=optimize | user=1 | block=2 | n_kl=60 | epoch=26/1000 | objective=-15.583004 | rate=15.574097 | power=29.999945 | r_p=0.000000 | r_c=0.000000 | r_s=0.006711 | status=running
[UL Convergence] | phase=optimize | user=1 | block=2 | n_kl=60 | epoch=27/1000 | objective=-15.623155 | rate=15.614207 | power=29.999945 | r_p=0.000000 | r_c=0.000000 | r_s=0.006614 | status=running
[UL Convergence] | phase=optimize | user=1 | block=2 | n_kl=60 | epoch=28/1000 | objective=-15.662022 | rate=15.653035 | power=29.999939 | r_p=0.000000 | r_c=0.000000 | r_s=0.006528 | status=running
[UL Convergence] | phase=optimize | user=1 | block=2 | n_kl=60 | epoch=29/1000 | objective=-15.699648 | rate=15.690624 | power=29.999945 | r_p=0.000000 | r_c=0.000000 | r_s=0.006449 | status=running
[UL Convergence] | phase=optimize | user=1 | block=2 | n_kl=60 | epoch=30/1000 | objective=-15.736052 | rate=15.726992 | power=29.999939 | r_p=0.000000 | r_c=0.000000 | r_s=0.006379 | status=running
[UL Convergence] | phase=optimize | user=1 | block=2 | n_kl=60 | epoch=31/1000 | objective=-15.771316 | rate=15.762220 | power=29.999939 | r_p=0.000000 | r_c=0.000000 | r_s=0.006314 | status=running
[UL Convergence] | phase=optimize | user=1 | block=2 | n_kl=60 | epoch=32/1000 | objective=-15.805446 | rate=15.796316 | power=29.999939 | r_p=0.000000 | r_c=0.000000 | r_s=0.006255 | status=running
[UL Convergence] | phase=optimize | user=1 | block=2 | n_kl=60 | epoch=33/1000 | objective=-15.838484 | rate=15.829321 | power=29.999939 | r_p=0.000000 | r_c=0.000000 | r_s=0.006200 | status=running
[UL Convergence] | phase=optimize | user=1 | block=2 | n_kl=60 | epoch=34/1000 | objective=-15.870456 | rate=15.861261 | power=29.999945 | r_p=0.000000 | r_c=0.000000 | r_s=0.006148 | status=running
[UL Convergence] | phase=optimize | user=1 | block=2 | n_kl=60 | epoch=35/1000 | objective=-15.901386 | rate=15.892160 | power=29.999939 | r_p=0.000000 | r_c=0.000000 | r_s=0.006099 | status=running
[UL Convergence] | phase=optimize | user=1 | block=2 | n_kl=60 | epoch=36/1000 | objective=-15.931328 | rate=15.922072 | power=29.999935 | r_p=0.000000 | r_c=0.000000 | r_s=0.006052 | status=running
[UL Convergence] | phase=optimize | user=1 | block=2 | n_kl=60 | epoch=37/1000 | objective=-15.960273 | rate=15.950989 | power=29.999939 | r_p=0.000000 | r_c=0.000000 | r_s=0.006007 | status=running
[UL Convergence] | phase=optimize | user=1 | block=2 | n_kl=60 | epoch=38/1000 | objective=-15.988275 | rate=15.978962 | power=29.999939 | r_p=0.000000 | r_c=0.000000 | r_s=0.005962 | status=running
[UL Convergence] | phase=optimize | user=1 | block=2 | n_kl=60 | epoch=39/1000 | objective=-16.015343 | rate=16.006002 | power=29.999939 | r_p=0.000000 | r_c=0.000000 | r_s=0.005918 | status=running
[UL Convergence] | phase=optimize | user=1 | block=2 | n_kl=60 | epoch=40/1000 | objective=-16.041489 | rate=16.032124 | power=29.999935 | r_p=0.000000 | r_c=0.000000 | r_s=0.005873 | status=running
[UL Convergence] | phase=optimize | user=1 | block=2 | n_kl=60 | epoch=41/1000 | objective=-16.066763 | rate=16.057373 | power=29.999939 | r_p=0.000000 | r_c=0.000000 | r_s=0.005828 | status=running
[UL Convergence] | phase=optimize | user=1 | block=2 | n_kl=60 | epoch=42/1000 | objective=-16.091160 | rate=16.081745 | power=29.999939 | r_p=0.000000 | r_c=0.000000 | r_s=0.005782 | status=running
[UL Convergence] | phase=optimize | user=1 | block=2 | n_kl=60 | epoch=43/1000 | objective=-16.114714 | rate=16.105274 | power=29.999935 | r_p=0.000000 | r_c=0.000000 | r_s=0.005735 | status=running
[UL Convergence] | phase=optimize | user=1 | block=2 | n_kl=60 | epoch=44/1000 | objective=-16.137440 | rate=16.127979 | power=29.999939 | r_p=0.000000 | r_c=0.000000 | r_s=0.005686 | status=running
[UL Convergence] | phase=optimize | user=1 | block=2 | n_kl=60 | epoch=45/1000 | objective=-16.159357 | rate=16.149874 | power=29.999939 | r_p=0.000000 | r_c=0.000000 | r_s=0.005636 | status=running
[UL Convergence] | phase=optimize | user=1 | block=2 | n_kl=60 | epoch=46/1000 | objective=-16.180490 | rate=16.170986 | power=29.999939 | r_p=0.000000 | r_c=0.000000 | r_s=0.005585 | status=running
[UL Convergence] | phase=optimize | user=1 | block=2 | n_kl=60 | epoch=47/1000 | objective=-16.200855 | rate=16.191330 | power=29.999945 | r_p=0.000000 | r_c=0.000000 | r_s=0.005532 | status=running
[UL Convergence] | phase=optimize | user=1 | block=2 | n_kl=60 | epoch=48/1000 | objective=-16.220480 | rate=16.210936 | power=29.999939 | r_p=0.000000 | r_c=0.000000 | r_s=0.005477 | status=running
[UL Convergence] | phase=optimize | user=1 | block=2 | n_kl=60 | epoch=49/1000 | objective=-16.239372 | rate=16.229809 | power=29.999939 | r_p=0.000000 | r_c=0.000000 | r_s=0.005420 | status=running
[UL Convergence] | phase=optimize | user=1 | block=2 | n_kl=60 | epoch=50/1000 | objective=-16.257544 | rate=16.247963 | power=29.999939 | r_p=0.000000 | r_c=0.000000 | r_s=0.005361 | status=running
[UL Convergence] | phase=optimize | user=1 | block=2 | n_kl=60 | epoch=51/1000 | objective=-16.275034 | rate=16.265434 | power=29.999939 | r_p=0.000000 | r_c=0.000000 | r_s=0.005301 | status=running
[UL Convergence] | phase=optimize | user=1 | block=2 | n_kl=60 | epoch=52/1000 | objective=-16.291851 | rate=16.282236 | power=29.999939 | r_p=0.000000 | r_c=0.000000 | r_s=0.005238 | status=running
[UL Convergence] | phase=optimize | user=1 | block=2 | n_kl=60 | epoch=53/1000 | objective=-16.308012 | rate=16.298380 | power=29.999939 | r_p=0.000000 | r_c=0.000000 | r_s=0.005174 | status=running
[UL Convergence] | phase=optimize | user=1 | block=2 | n_kl=60 | epoch=54/1000 | objective=-16.323540 | rate=16.313892 | power=29.999939 | r_p=0.000000 | r_c=0.000000 | r_s=0.005109 | status=running
[UL Convergence] | phase=optimize | user=1 | block=2 | n_kl=60 | epoch=55/1000 | objective=-16.338457 | rate=16.328794 | power=29.999939 | r_p=0.000000 | r_c=0.000000 | r_s=0.005042 | status=running
[UL Convergence] | phase=optimize | user=1 | block=2 | n_kl=60 | epoch=56/1000 | objective=-16.352766 | rate=16.343090 | power=29.999939 | r_p=0.000000 | r_c=0.000000 | r_s=0.004974 | status=running
[UL Convergence] | phase=optimize | user=1 | block=2 | n_kl=60 | epoch=57/1000 | objective=-16.366497 | rate=16.356808 | power=29.999939 | r_p=0.000000 | r_c=0.000000 | r_s=0.004904 | status=running
[UL Convergence] | phase=optimize | user=1 | block=2 | n_kl=60 | epoch=58/1000 | objective=-16.379671 | rate=16.369968 | power=29.999939 | r_p=0.000000 | r_c=0.000000 | r_s=0.004833 | status=running
[UL Convergence] | phase=optimize | user=1 | block=2 | n_kl=60 | epoch=59/1000 | objective=-16.392292 | rate=16.382576 | power=29.999935 | r_p=0.000000 | r_c=0.000000 | r_s=0.004761 | status=running
[UL Convergence] | phase=optimize | user=1 | block=2 | n_kl=60 | epoch=60/1000 | objective=-16.404388 | rate=16.394661 | power=29.999939 | r_p=0.000000 | r_c=0.000000 | r_s=0.004688 | status=running
[UL Convergence] | phase=optimize | user=1 | block=2 | n_kl=60 | epoch=61/1000 | objective=-16.415972 | rate=16.406233 | power=29.999945 | r_p=0.000000 | r_c=0.000000 | r_s=0.004614 | status=running
[UL Convergence] | phase=optimize | user=1 | block=2 | n_kl=60 | epoch=62/1000 | objective=-16.427074 | rate=16.417324 | power=29.999939 | r_p=0.000000 | r_c=0.000000 | r_s=0.004539 | status=running
[UL Convergence] | phase=optimize | user=1 | block=2 | n_kl=60 | epoch=63/1000 | objective=-16.437687 | rate=16.427925 | power=29.999935 | r_p=0.000000 | r_c=0.000000 | r_s=0.004464 | status=running
[UL Convergence] | phase=optimize | user=1 | block=2 | n_kl=60 | epoch=64/1000 | objective=-16.447836 | rate=16.438065 | power=29.999939 | r_p=0.000000 | r_c=0.000000 | r_s=0.004388 | status=running
[UL Convergence] | phase=optimize | user=1 | block=2 | n_kl=60 | epoch=65/1000 | objective=-16.457556 | rate=16.447775 | power=29.999939 | r_p=0.000000 | r_c=0.000000 | r_s=0.004312 | status=running
[UL Convergence] | phase=optimize | user=1 | block=2 | n_kl=60 | epoch=66/1000 | objective=-16.466812 | rate=16.457022 | power=29.999939 | r_p=0.000000 | r_c=0.000000 | r_s=0.004235 | status=running
[UL Convergence] | phase=optimize | user=1 | block=2 | n_kl=60 | epoch=67/1000 | objective=-16.475691 | rate=16.465891 | power=29.999945 | r_p=0.000000 | r_c=0.000000 | r_s=0.004158 | status=running
[UL Convergence] | phase=optimize | user=1 | block=2 | n_kl=60 | epoch=68/1000 | objective=-16.484148 | rate=16.474340 | power=29.999935 | r_p=0.000000 | r_c=0.000000 | r_s=0.004082 | status=running
[UL Convergence] | phase=optimize | user=1 | block=2 | n_kl=60 | epoch=69/1000 | objective=-16.492231 | rate=16.482416 | power=29.999935 | r_p=0.000000 | r_c=0.000000 | r_s=0.004005 | status=running
[UL Convergence] | phase=optimize | user=1 | block=2 | n_kl=60 | epoch=70/1000 | objective=-16.499949 | rate=16.490126 | power=29.999939 | r_p=0.000000 | r_c=0.000000 | r_s=0.003928 | status=running
[UL Convergence] | phase=optimize | user=1 | block=2 | n_kl=60 | epoch=71/1000 | objective=-16.507294 | rate=16.497463 | power=29.999939 | r_p=0.000000 | r_c=0.000000 | r_s=0.003851 | status=running
[UL Convergence] | phase=optimize | user=1 | block=2 | n_kl=60 | epoch=72/1000 | objective=-16.514307 | rate=16.504469 | power=29.999935 | r_p=0.000000 | r_c=0.000000 | r_s=0.003775 | status=running
[UL Convergence] | phase=optimize | user=1 | block=2 | n_kl=60 | epoch=73/1000 | objective=-16.521004 | rate=16.511160 | power=29.999939 | r_p=0.000000 | r_c=0.000000 | r_s=0.003699 | status=running
[UL Convergence] | phase=optimize | user=1 | block=2 | n_kl=60 | epoch=74/1000 | objective=-16.527374 | rate=16.517523 | power=29.999939 | r_p=0.000000 | r_c=0.000000 | r_s=0.003623 | status=running
[UL Convergence] | phase=optimize | user=1 | block=2 | n_kl=60 | epoch=75/1000 | objective=-16.533440 | rate=16.523582 | power=29.999935 | r_p=0.000000 | r_c=0.000000 | r_s=0.003548 | status=running
[UL Convergence] | phase=optimize | user=1 | block=2 | n_kl=60 | epoch=76/1000 | objective=-16.539219 | rate=16.529356 | power=29.999935 | r_p=0.000000 | r_c=0.000000 | r_s=0.003474 | status=running
[UL Convergence] | phase=optimize | user=1 | block=2 | n_kl=60 | epoch=77/1000 | objective=-16.544714 | rate=16.534845 | power=29.999939 | r_p=0.000000 | r_c=0.000000 | r_s=0.003400 | status=running
[UL Convergence] | phase=optimize | user=1 | block=2 | n_kl=60 | epoch=78/1000 | objective=-16.549950 | rate=16.540075 | power=29.999945 | r_p=0.000000 | r_c=0.000000 | r_s=0.003326 | status=running
[UL Convergence] | phase=optimize | user=1 | block=2 | n_kl=60 | epoch=79/1000 | objective=-16.554922 | rate=16.545044 | power=29.999945 | r_p=0.000000 | r_c=0.000000 | r_s=0.003253 | status=running
[UL Convergence] | phase=optimize | user=1 | block=2 | n_kl=60 | epoch=80/1000 | objective=-16.559643 | rate=16.549759 | power=29.999939 | r_p=0.000000 | r_c=0.000000 | r_s=0.003181 | status=running
[UL Convergence] | phase=optimize | user=1 | block=2 | n_kl=60 | epoch=81/1000 | objective=-16.564140 | rate=16.554253 | power=29.999939 | r_p=0.000000 | r_c=0.000000 | r_s=0.003110 | status=running
[UL Convergence] | phase=optimize | user=1 | block=2 | n_kl=60 | epoch=82/1000 | objective=-16.568411 | rate=16.558519 | power=29.999939 | r_p=0.000000 | r_c=0.000000 | r_s=0.003039 | status=running
[UL Convergence] | phase=optimize | user=1 | block=2 | n_kl=60 | epoch=83/1000 | objective=-16.572466 | rate=16.562571 | power=29.999945 | r_p=0.000000 | r_c=0.000000 | r_s=0.002970 | status=running
[UL Convergence] | phase=optimize | user=1 | block=2 | n_kl=60 | epoch=84/1000 | objective=-16.576311 | rate=16.566412 | power=29.999939 | r_p=0.000000 | r_c=0.000000 | r_s=0.002901 | status=running
[UL Convergence] | phase=optimize | user=1 | block=2 | n_kl=60 | epoch=85/1000 | objective=-16.579966 | rate=16.570063 | power=29.999939 | r_p=0.000000 | r_c=0.000000 | r_s=0.002833 | status=running
[UL Convergence] | phase=optimize | user=1 | block=2 | n_kl=60 | epoch=86/1000 | objective=-16.583429 | rate=16.573523 | power=29.999935 | r_p=0.000000 | r_c=0.000000 | r_s=0.002766 | status=running
[UL Convergence] | phase=optimize | user=1 | block=2 | n_kl=60 | epoch=87/1000 | objective=-16.586712 | rate=16.576801 | power=29.999939 | r_p=0.000000 | r_c=0.000000 | r_s=0.002699 | status=running
[UL Convergence] | phase=optimize | user=1 | block=2 | n_kl=60 | epoch=88/1000 | objective=-16.589827 | rate=16.579914 | power=29.999935 | r_p=0.000000 | r_c=0.000000 | r_s=0.002634 | status=running
[UL Convergence] | phase=optimize | user=1 | block=2 | n_kl=60 | epoch=89/1000 | objective=-16.592789 | rate=16.582872 | power=29.999939 | r_p=0.000000 | r_c=0.000000 | r_s=0.002570 | status=running
[UL Convergence] | phase=optimize | user=1 | block=2 | n_kl=60 | epoch=90/1000 | objective=-16.595566 | rate=16.585648 | power=29.999939 | r_p=0.000000 | r_c=0.000000 | r_s=0.002507 | status=running
[UL Convergence] | phase=optimize | user=1 | block=2 | n_kl=60 | epoch=91/1000 | objective=-16.598223 | rate=16.588301 | power=29.999939 | r_p=0.000000 | r_c=0.000000 | r_s=0.002444 | status=running
[UL Convergence] | phase=optimize | user=1 | block=2 | n_kl=60 | epoch=92/1000 | objective=-16.600725 | rate=16.590801 | power=29.999939 | r_p=0.000000 | r_c=0.000000 | r_s=0.002383 | status=running
[UL Convergence] | phase=optimize | user=1 | block=2 | n_kl=60 | epoch=93/1000 | objective=-16.603102 | rate=16.593176 | power=29.999935 | r_p=0.000000 | r_c=0.000000 | r_s=0.002323 | status=running
[UL Convergence] | phase=optimize | user=1 | block=2 | n_kl=60 | epoch=94/1000 | objective=-16.605339 | rate=16.595409 | power=29.999935 | r_p=0.000000 | r_c=0.000000 | r_s=0.002263 | status=running
[UL Convergence] | phase=optimize | user=1 | block=2 | n_kl=60 | epoch=95/1000 | objective=-16.607466 | rate=16.597534 | power=29.999935 | r_p=0.000000 | r_c=0.000000 | r_s=0.002205 | status=running
[UL Convergence] | phase=optimize | user=1 | block=2 | n_kl=60 | epoch=96/1000 | objective=-16.609470 | rate=16.599537 | power=29.999939 | r_p=0.000000 | r_c=0.000000 | r_s=0.002148 | status=running
[UL Convergence] | phase=optimize | user=1 | block=2 | n_kl=60 | epoch=97/1000 | objective=-16.611364 | rate=16.601429 | power=29.999945 | r_p=0.000000 | r_c=0.000000 | r_s=0.002092 | status=running
[UL Convergence] | phase=optimize | user=1 | block=2 | n_kl=60 | epoch=98/1000 | objective=-16.613144 | rate=16.603207 | power=29.999939 | r_p=0.000000 | r_c=0.000000 | r_s=0.002036 | status=running
[UL Convergence] | phase=optimize | user=1 | block=2 | n_kl=60 | epoch=99/1000 | objective=-16.614830 | rate=16.604893 | power=29.999935 | r_p=0.000000 | r_c=0.000000 | r_s=0.001982 | status=running
[UL Convergence] | phase=optimize | user=1 | block=2 | n_kl=60 | epoch=100/1000 | objective=-16.616426 | rate=16.606487 | power=29.999939 | r_p=0.000000 | r_c=0.000000 | r_s=0.001929 | status=running
[UL Convergence] | phase=optimize | user=1 | block=2 | n_kl=60 | epoch=101/1000 | objective=-16.617929 | rate=16.607988 | power=29.999939 | r_p=0.000000 | r_c=0.000000 | r_s=0.001877 | status=running
[UL Convergence] | phase=optimize | user=1 | block=2 | n_kl=60 | epoch=102/1000 | objective=-16.619347 | rate=16.609404 | power=29.999935 | r_p=0.000000 | r_c=0.000000 | r_s=0.001826 | status=running
[UL Convergence] | phase=optimize | user=1 | block=2 | n_kl=60 | epoch=103/1000 | objective=-16.620670 | rate=16.610725 | power=29.999939 | r_p=0.000000 | r_c=0.000000 | r_s=0.001776 | status=running
[UL Convergence] | phase=optimize | user=1 | block=2 | n_kl=60 | epoch=104/1000 | objective=-16.621937 | rate=16.611992 | power=29.999945 | r_p=0.000000 | r_c=0.000000 | r_s=0.001727 | status=running
[UL Convergence] | phase=optimize | user=1 | block=2 | n_kl=60 | epoch=105/1000 | objective=-16.623117 | rate=16.613171 | power=29.999929 | r_p=0.000000 | r_c=0.000000 | r_s=0.001679 | status=running
[UL Convergence] | phase=optimize | user=1 | block=2 | n_kl=60 | epoch=106/1000 | objective=-16.624228 | rate=16.614281 | power=29.999939 | r_p=0.000000 | r_c=0.000000 | r_s=0.001632 | status=running
[UL Convergence] | phase=optimize | user=1 | block=2 | n_kl=60 | epoch=107/1000 | objective=-16.625278 | rate=16.615330 | power=29.999939 | r_p=0.000000 | r_c=0.000000 | r_s=0.001586 | status=running
[UL Convergence] | phase=optimize | user=1 | block=2 | n_kl=60 | epoch=108/1000 | objective=-16.626259 | rate=16.616310 | power=29.999939 | r_p=0.000000 | r_c=0.000000 | r_s=0.001540 | status=running
[UL Convergence] | phase=optimize | user=1 | block=2 | n_kl=60 | epoch=109/1000 | objective=-16.627192 | rate=16.617241 | power=29.999935 | r_p=0.000000 | r_c=0.000000 | r_s=0.001496 | status=running
[UL Convergence] | phase=optimize | user=1 | block=2 | n_kl=60 | epoch=110/1000 | objective=-16.628059 | rate=16.618109 | power=29.999939 | r_p=0.000000 | r_c=0.000000 | r_s=0.001453 | status=running
[UL Convergence] | phase=optimize | user=1 | block=2 | n_kl=60 | epoch=111/1000 | objective=-16.628883 | rate=16.618931 | power=29.999935 | r_p=0.000000 | r_c=0.000000 | r_s=0.001411 | status=running
[UL Convergence] | phase=optimize | user=1 | block=2 | n_kl=60 | epoch=112/1000 | objective=-16.629644 | rate=16.619692 | power=29.999939 | r_p=0.000000 | r_c=0.000000 | r_s=0.001370 | status=running
[UL Convergence] | phase=optimize | user=1 | block=2 | n_kl=60 | epoch=113/1000 | objective=-16.630365 | rate=16.620411 | power=29.999935 | r_p=0.000000 | r_c=0.000000 | r_s=0.001330 | status=running
[UL Convergence] | phase=optimize | user=1 | block=2 | n_kl=60 | epoch=114/1000 | objective=-16.631042 | rate=16.621088 | power=29.999935 | r_p=0.000000 | r_c=0.000000 | r_s=0.001291 | status=running
[UL Convergence] | phase=optimize | user=1 | block=2 | n_kl=60 | epoch=115/1000 | objective=-16.631683 | rate=16.621729 | power=29.999935 | r_p=0.000000 | r_c=0.000000 | r_s=0.001253 | status=running
[UL Convergence] | phase=optimize | user=1 | block=2 | n_kl=60 | epoch=116/1000 | objective=-16.632278 | rate=16.622322 | power=29.999945 | r_p=0.000000 | r_c=0.000000 | r_s=0.001215 | status=running
[UL Convergence] | phase=optimize | user=1 | block=2 | n_kl=60 | epoch=117/1000 | objective=-16.632837 | rate=16.622881 | power=29.999939 | r_p=0.000000 | r_c=0.000000 | r_s=0.001179 | status=running
[UL Convergence] | phase=optimize | user=1 | block=2 | n_kl=60 | epoch=118/1000 | objective=-16.633350 | rate=16.623394 | power=29.999935 | r_p=0.000000 | r_c=0.000000 | r_s=0.001143 | status=running
[UL Convergence] | phase=optimize | user=1 | block=2 | n_kl=60 | epoch=119/1000 | objective=-16.633841 | rate=16.623884 | power=29.999935 | r_p=0.000000 | r_c=0.000000 | r_s=0.001109 | status=running
[UL Convergence] | phase=optimize | user=1 | block=2 | n_kl=60 | epoch=120/1000 | objective=-16.634296 | rate=16.624338 | power=29.999939 | r_p=0.000000 | r_c=0.000000 | r_s=0.001075 | status=running
[UL Convergence] | phase=optimize | user=1 | block=2 | n_kl=60 | epoch=121/1000 | objective=-16.634722 | rate=16.624763 | power=29.999939 | r_p=0.000000 | r_c=0.000000 | r_s=0.001042 | status=running
[UL Convergence] | phase=optimize | user=1 | block=2 | n_kl=60 | epoch=122/1000 | objective=-16.635122 | rate=16.625164 | power=29.999939 | r_p=0.000000 | r_c=0.000000 | r_s=0.001010 | status=running
[UL Convergence] | phase=optimize | user=1 | block=2 | n_kl=60 | epoch=123/1000 | objective=-16.635492 | rate=16.625534 | power=29.999939 | r_p=0.000000 | r_c=0.000000 | r_s=9.786349e-04 | status=running
[UL Convergence] | phase=optimize | user=1 | block=2 | n_kl=60 | epoch=124/1000 | objective=-16.635836 | rate=16.625877 | power=29.999939 | r_p=0.000000 | r_c=0.000000 | r_s=9.481639e-04 | status=running
[UL Convergence] | phase=optimize | user=1 | block=2 | n_kl=60 | epoch=125/1000 | objective=-16.636169 | rate=16.626209 | power=29.999935 | r_p=0.000000 | r_c=0.000000 | r_s=9.184419e-04 | status=running
[UL Convergence] | phase=optimize | user=1 | block=2 | n_kl=60 | epoch=126/1000 | objective=-16.636473 | rate=16.626513 | power=29.999945 | r_p=0.000000 | r_c=0.000000 | r_s=8.894870e-04 | status=running
[UL Convergence] | phase=optimize | user=1 | block=2 | n_kl=60 | epoch=127/1000 | objective=-16.636753 | rate=16.626793 | power=29.999939 | r_p=0.000000 | r_c=0.000000 | r_s=8.613127e-04 | status=running
[UL Convergence] | phase=optimize | user=1 | block=2 | n_kl=60 | epoch=128/1000 | objective=-16.637020 | rate=16.627060 | power=29.999939 | r_p=0.000000 | r_c=0.000000 | r_s=8.338257e-04 | status=running
[UL Convergence] | phase=optimize | user=1 | block=2 | n_kl=60 | epoch=129/1000 | objective=-16.637257 | rate=16.627296 | power=29.999945 | r_p=0.000000 | r_c=0.000000 | r_s=8.070973e-04 | status=running
[UL Convergence] | phase=optimize | user=1 | block=2 | n_kl=60 | epoch=130/1000 | objective=-16.637495 | rate=16.627535 | power=29.999939 | r_p=0.000000 | r_c=0.000000 | r_s=7.810181e-04 | status=running
[UL Convergence] | phase=optimize | user=1 | block=2 | n_kl=60 | epoch=131/1000 | objective=-16.637703 | rate=16.627743 | power=29.999939 | r_p=0.000000 | r_c=0.000000 | r_s=7.556420e-04 | status=running
[UL Convergence] | phase=optimize | user=1 | block=2 | n_kl=60 | epoch=132/1000 | objective=-16.637905 | rate=16.627943 | power=29.999935 | r_p=0.000000 | r_c=0.000000 | r_s=7.309329e-04 | status=running
[UL Convergence] | phase=optimize | user=1 | block=2 | n_kl=60 | epoch=133/1000 | objective=-16.638079 | rate=16.628117 | power=29.999935 | r_p=0.000000 | r_c=0.000000 | r_s=7.068866e-04 | status=running
[UL Convergence] | phase=optimize | user=1 | block=2 | n_kl=60 | epoch=134/1000 | objective=-16.638258 | rate=16.628296 | power=29.999939 | r_p=0.000000 | r_c=0.000000 | r_s=6.834599e-04 | status=running
[UL Convergence] | phase=optimize | user=1 | block=2 | n_kl=60 | epoch=135/1000 | objective=-16.638426 | rate=16.628464 | power=29.999935 | r_p=0.000000 | r_c=0.000000 | r_s=6.606375e-04 | status=running
[UL Convergence] | phase=optimize | user=1 | block=2 | n_kl=60 | epoch=136/1000 | objective=-16.638565 | rate=16.628603 | power=29.999939 | r_p=0.000000 | r_c=0.000000 | r_s=6.384526e-04 | status=running
[UL Convergence] | phase=optimize | user=1 | block=2 | n_kl=60 | epoch=137/1000 | objective=-16.638704 | rate=16.628742 | power=29.999935 | r_p=0.000000 | r_c=0.000000 | r_s=6.168165e-04 | status=running
[UL Convergence] | phase=optimize | user=1 | block=2 | n_kl=60 | epoch=138/1000 | objective=-16.638826 | rate=16.628864 | power=29.999939 | r_p=0.000000 | r_c=0.000000 | r_s=5.957934e-04 | status=kkt_converged
[UL Convergence Result] | user=1 | block=2 | n_kl=60 | achieved_rate=16.628864 | power=29.999939 | rate_gap=-9.962198 | power_gap=-6.103516e-05 | solve_status=kkt_converged
[UL Convergence Allocation] | user=1 | block=2 | n_kl=60 | requested_bits=400 | served_bits=400 | full_service=true
[UL Convergence Block] | user=1 | block=2 | stage=post_T | served_bits=400 | unserved_bits=0
[UL Convergence Reduction] | user=1 | block=2 | served_bits=400 | n_start=59 | n_min=1
[UL Convergence Solve] | user=1 | block=2 | stage=reduced_n | n_kl=59 | served_bits=400
[UL Convergence] | phase=optimize | user=1 | block=2 | n_kl=59 | epoch=1/1000 | objective=-16.618721 | rate=16.608892 | power=29.999939 | r_p=0.000000 | r_c=0.000000 | r_s=inf | status=running
[UL Convergence] | phase=optimize | user=1 | block=2 | n_kl=59 | epoch=2/1000 | objective=-16.618849 | rate=16.609020 | power=29.999945 | r_p=0.000000 | r_c=0.000000 | r_s=5.753281e-04 | status=kkt_converged
[UL Convergence Candidate] | user=1 | block=2 | n_kl=59 | achieved_rate=16.609020 | rate_gap=-9.829359 | power_gap=-5.531311e-05 | status=accepted
[UL Convergence Solve] | user=1 | block=2 | stage=reduced_n | n_kl=50 | served_bits=400
[UL Convergence] | phase=optimize | user=1 | block=2 | n_kl=50 | epoch=1/1000 | objective=-16.412176 | rate=16.403772 | power=29.999939 | r_p=0.000000 | r_c=0.000000 | r_s=inf | status=running
[UL Convergence] | phase=optimize | user=1 | block=2 | n_kl=50 | epoch=2/1000 | objective=-16.412231 | rate=16.403828 | power=29.999939 | r_p=0.000000 | r_c=0.000000 | r_s=4.145477e-04 | status=kkt_converged
[UL Convergence Candidate] | user=1 | block=2 | n_kl=50 | achieved_rate=16.403828 | rate_gap=-8.403828 | power_gap=-6.103516e-05 | status=accepted
[UL Convergence Solve] | user=1 | block=2 | stage=reduced_n | n_kl=40 | served_bits=400
[UL Convergence] | phase=optimize | user=1 | block=2 | n_kl=40 | epoch=1/1000 | objective=-16.104269 | rate=16.098171 | power=29.999939 | r_p=0.000000 | r_c=0.000000 | r_s=inf | status=running
[UL Convergence] | phase=optimize | user=1 | block=2 | n_kl=40 | epoch=2/1000 | objective=-16.104280 | rate=16.098183 | power=29.999935 | r_p=0.000000 | r_c=0.000000 | r_s=2.791872e-04 | status=kkt_converged
[UL Convergence Candidate] | user=1 | block=2 | n_kl=40 | achieved_rate=16.098183 | rate_gap=-6.098183 | power_gap=-6.484985e-05 | status=accepted
[UL Convergence Solve] | user=1 | block=2 | stage=reduced_n | n_kl=30 | served_bits=400
[UL Convergence] | phase=optimize | user=1 | block=2 | n_kl=30 | epoch=1/1000 | objective=-15.652243 | rate=15.649926 | power=29.999939 | r_p=0.000000 | r_c=0.000000 | r_s=inf | status=running
[UL Convergence] | phase=optimize | user=1 | block=2 | n_kl=30 | epoch=2/1000 | objective=-15.652246 | rate=15.649930 | power=29.999939 | r_p=0.000000 | r_c=0.000000 | r_s=1.809730e-04 | status=kkt_converged
[UL Convergence Candidate] | user=1 | block=2 | n_kl=30 | achieved_rate=15.649930 | rate_gap=-2.316597 | power_gap=-6.103516e-05 | status=accepted
[UL Convergence Reduction] | user=1 | block=2 | n_kl=25 | status=stop_infeasible
[UL Convergence Final] | user=1 | block=2 | feasible_points=35 | chosen_n_kl=26 | served_bits=400 | achieved_rate=15.401701 | power=29.999939 | solve_status=kkt_converged
[UL Convergence Allocation] | user=1 | block=2 | chosen_n_kl=26 | served_bits=400 | unserved_bits=0 | mode=fixed_block_targets
[UL Convergence Train] | user=1 | block=3 | target_bits=400 | mode=fixed_block_targets
[UL Convergence Block] | user=1 | block=3 | budget_mode=target_bits | requested_bits=400
[UL Convergence Solve] | user=1 | block=3 | stage=n=T | n_kl=60 | requested_bits=400
[UL Convergence] | phase=optimize | user=1 | block=3 | n_kl=60 | epoch=1/1000 | objective=-14.648939 | rate=14.640965 | power=29.999935 | r_p=0.000000 | r_c=0.000000 | r_s=inf | status=running
[UL Convergence] | phase=optimize | user=1 | block=3 | n_kl=60 | epoch=2/1000 | objective=-14.739498 | rate=14.731428 | power=29.951857 | r_p=0.000000 | r_c=0.000000 | r_s=0.010328 | status=running
[UL Convergence] | phase=optimize | user=1 | block=3 | n_kl=60 | epoch=3/1000 | objective=-14.831389 | rate=14.823233 | power=29.999939 | r_p=0.000000 | r_c=0.000000 | r_s=0.008118 | status=running
[UL Convergence] | phase=optimize | user=1 | block=3 | n_kl=60 | epoch=4/1000 | objective=-14.914667 | rate=14.906427 | power=29.999939 | r_p=0.000000 | r_c=0.000000 | r_s=0.008260 | status=running
[UL Convergence] | phase=optimize | user=1 | block=3 | n_kl=60 | epoch=5/1000 | objective=-14.996736 | rate=14.988414 | power=29.999935 | r_p=0.000000 | r_c=0.000000 | r_s=0.008395 | status=running
[UL Convergence] | phase=optimize | user=1 | block=3 | n_kl=60 | epoch=6/1000 | objective=-15.077060 | rate=15.068658 | power=29.999939 | r_p=0.000000 | r_c=0.000000 | r_s=0.008480 | status=running
[UL Convergence] | phase=optimize | user=1 | block=3 | n_kl=60 | epoch=7/1000 | objective=-15.155384 | rate=15.146904 | power=29.999945 | r_p=0.000000 | r_c=0.000000 | r_s=0.008528 | status=running
[UL Convergence] | phase=optimize | user=1 | block=3 | n_kl=60 | epoch=8/1000 | objective=-15.231514 | rate=15.222958 | power=29.999935 | r_p=0.000000 | r_c=0.000000 | r_s=0.008546 | status=running
[UL Convergence] | phase=optimize | user=1 | block=3 | n_kl=60 | epoch=9/1000 | objective=-15.305377 | rate=15.296747 | power=29.999939 | r_p=0.000000 | r_c=0.000000 | r_s=0.008543 | status=running
[UL Convergence] | phase=optimize | user=1 | block=3 | n_kl=60 | epoch=10/1000 | objective=-15.376907 | rate=15.368206 | power=29.999939 | r_p=0.000000 | r_c=0.000000 | r_s=0.008521 | status=running
[UL Convergence] | phase=optimize | user=1 | block=3 | n_kl=60 | epoch=11/1000 | objective=-15.446115 | rate=15.437344 | power=29.999939 | r_p=0.000000 | r_c=0.000000 | r_s=0.008484 | status=running
[UL Convergence] | phase=optimize | user=1 | block=3 | n_kl=60 | epoch=12/1000 | objective=-15.512973 | rate=15.504135 | power=29.999939 | r_p=0.000000 | r_c=0.000000 | r_s=0.008433 | status=running
[UL Convergence] | phase=optimize | user=1 | block=3 | n_kl=60 | epoch=13/1000 | objective=-15.577518 | rate=15.568616 | power=29.999945 | r_p=0.000000 | r_c=0.000000 | r_s=0.008372 | status=running
[UL Convergence] | phase=optimize | user=1 | block=3 | n_kl=60 | epoch=14/1000 | objective=-15.639771 | rate=15.630807 | power=29.999935 | r_p=0.000000 | r_c=0.000000 | r_s=0.008301 | status=running
[UL Convergence] | phase=optimize | user=1 | block=3 | n_kl=60 | epoch=15/1000 | objective=-15.699796 | rate=15.690772 | power=29.999935 | r_p=0.000000 | r_c=0.000000 | r_s=0.008223 | status=running
[UL Convergence] | phase=optimize | user=1 | block=3 | n_kl=60 | epoch=16/1000 | objective=-15.757621 | rate=15.748539 | power=29.999939 | r_p=0.000000 | r_c=0.000000 | r_s=0.008139 | status=running
[UL Convergence] | phase=optimize | user=1 | block=3 | n_kl=60 | epoch=17/1000 | objective=-15.813321 | rate=15.804184 | power=29.999939 | r_p=0.000000 | r_c=0.000000 | r_s=0.008052 | status=running
[UL Convergence] | phase=optimize | user=1 | block=3 | n_kl=60 | epoch=18/1000 | objective=-15.866956 | rate=15.857764 | power=29.999939 | r_p=0.000000 | r_c=0.000000 | r_s=0.007963 | status=running
[UL Convergence] | phase=optimize | user=1 | block=3 | n_kl=60 | epoch=19/1000 | objective=-15.918582 | rate=15.909339 | power=29.999939 | r_p=0.000000 | r_c=0.000000 | r_s=0.007873 | status=running
[UL Convergence] | phase=optimize | user=1 | block=3 | n_kl=60 | epoch=20/1000 | objective=-15.968274 | rate=15.958982 | power=29.999939 | r_p=0.000000 | r_c=0.000000 | r_s=0.007784 | status=running
[UL Convergence] | phase=optimize | user=1 | block=3 | n_kl=60 | epoch=21/1000 | objective=-16.016083 | rate=16.006742 | power=29.999935 | r_p=0.000000 | r_c=0.000000 | r_s=0.007695 | status=running
[UL Convergence] | phase=optimize | user=1 | block=3 | n_kl=60 | epoch=22/1000 | objective=-16.062080 | rate=16.052694 | power=29.999939 | r_p=0.000000 | r_c=0.000000 | r_s=0.007606 | status=running
[UL Convergence] | phase=optimize | user=1 | block=3 | n_kl=60 | epoch=23/1000 | objective=-16.106342 | rate=16.096912 | power=29.999939 | r_p=0.000000 | r_c=0.000000 | r_s=0.007518 | status=running
[UL Convergence] | phase=optimize | user=1 | block=3 | n_kl=60 | epoch=24/1000 | objective=-16.148895 | rate=16.139423 | power=29.999939 | r_p=0.000000 | r_c=0.000000 | r_s=0.007430 | status=running
[UL Convergence] | phase=optimize | user=1 | block=3 | n_kl=60 | epoch=25/1000 | objective=-16.189831 | rate=16.180317 | power=29.999939 | r_p=0.000000 | r_c=0.000000 | r_s=0.007343 | status=running
[UL Convergence] | phase=optimize | user=1 | block=3 | n_kl=60 | epoch=26/1000 | objective=-16.229187 | rate=16.219633 | power=29.999935 | r_p=0.000000 | r_c=0.000000 | r_s=0.007258 | status=running
[UL Convergence] | phase=optimize | user=1 | block=3 | n_kl=60 | epoch=27/1000 | objective=-16.267033 | rate=16.257442 | power=29.999939 | r_p=0.000000 | r_c=0.000000 | r_s=0.007175 | status=running
[UL Convergence] | phase=optimize | user=1 | block=3 | n_kl=60 | epoch=28/1000 | objective=-16.303408 | rate=16.293781 | power=29.999939 | r_p=0.000000 | r_c=0.000000 | r_s=0.007094 | status=running
[UL Convergence] | phase=optimize | user=1 | block=3 | n_kl=60 | epoch=29/1000 | objective=-16.338379 | rate=16.328716 | power=29.999939 | r_p=0.000000 | r_c=0.000000 | r_s=0.007015 | status=running
[UL Convergence] | phase=optimize | user=1 | block=3 | n_kl=60 | epoch=30/1000 | objective=-16.371981 | rate=16.362286 | power=29.999939 | r_p=0.000000 | r_c=0.000000 | r_s=0.006938 | status=running
[UL Convergence] | phase=optimize | user=1 | block=3 | n_kl=60 | epoch=31/1000 | objective=-16.404278 | rate=16.394550 | power=29.999939 | r_p=0.000000 | r_c=0.000000 | r_s=0.006862 | status=running
[UL Convergence] | phase=optimize | user=1 | block=3 | n_kl=60 | epoch=32/1000 | objective=-16.435293 | rate=16.425535 | power=29.999939 | r_p=0.000000 | r_c=0.000000 | r_s=0.006787 | status=running
[UL Convergence] | phase=optimize | user=1 | block=3 | n_kl=60 | epoch=33/1000 | objective=-16.465088 | rate=16.455299 | power=29.999929 | r_p=0.000000 | r_c=0.000000 | r_s=0.006712 | status=running
[UL Convergence] | phase=optimize | user=1 | block=3 | n_kl=60 | epoch=34/1000 | objective=-16.493687 | rate=16.483870 | power=29.999935 | r_p=0.000000 | r_c=0.000000 | r_s=0.006636 | status=running
[UL Convergence] | phase=optimize | user=1 | block=3 | n_kl=60 | epoch=35/1000 | objective=-16.521141 | rate=16.511297 | power=29.999939 | r_p=0.000000 | r_c=0.000000 | r_s=0.006558 | status=running
[UL Convergence] | phase=optimize | user=1 | block=3 | n_kl=60 | epoch=36/1000 | objective=-16.547508 | rate=16.537638 | power=29.999939 | r_p=0.000000 | r_c=0.000000 | r_s=0.006479 | status=running
[UL Convergence] | phase=optimize | user=1 | block=3 | n_kl=60 | epoch=37/1000 | objective=-16.572779 | rate=16.562883 | power=29.999935 | r_p=0.000000 | r_c=0.000000 | r_s=0.006398 | status=running
[UL Convergence] | phase=optimize | user=1 | block=3 | n_kl=60 | epoch=38/1000 | objective=-16.597013 | rate=16.587093 | power=29.999929 | r_p=0.000000 | r_c=0.000000 | r_s=0.006315 | status=running
[UL Convergence] | phase=optimize | user=1 | block=3 | n_kl=60 | epoch=39/1000 | objective=-16.620251 | rate=16.610308 | power=29.999939 | r_p=0.000000 | r_c=0.000000 | r_s=0.006230 | status=running
[UL Convergence] | phase=optimize | user=1 | block=3 | n_kl=60 | epoch=40/1000 | objective=-16.642529 | rate=16.632563 | power=29.999939 | r_p=0.000000 | r_c=0.000000 | r_s=0.006144 | status=running
[UL Convergence] | phase=optimize | user=1 | block=3 | n_kl=60 | epoch=41/1000 | objective=-16.663881 | rate=16.653894 | power=29.999939 | r_p=0.000000 | r_c=0.000000 | r_s=0.006057 | status=running
[UL Convergence] | phase=optimize | user=1 | block=3 | n_kl=60 | epoch=42/1000 | objective=-16.684340 | rate=16.674332 | power=29.999939 | r_p=0.000000 | r_c=0.000000 | r_s=0.005969 | status=running
[UL Convergence] | phase=optimize | user=1 | block=3 | n_kl=60 | epoch=43/1000 | objective=-16.703936 | rate=16.693909 | power=29.999939 | r_p=0.000000 | r_c=0.000000 | r_s=0.005881 | status=running
[UL Convergence] | phase=optimize | user=1 | block=3 | n_kl=60 | epoch=44/1000 | objective=-16.722696 | rate=16.712650 | power=29.999935 | r_p=0.000000 | r_c=0.000000 | r_s=0.005794 | status=running
[UL Convergence] | phase=optimize | user=1 | block=3 | n_kl=60 | epoch=45/1000 | objective=-16.740679 | rate=16.730616 | power=29.999939 | r_p=0.000000 | r_c=0.000000 | r_s=0.005706 | status=running
[UL Convergence] | phase=optimize | user=1 | block=3 | n_kl=60 | epoch=46/1000 | objective=-16.757868 | rate=16.747787 | power=29.999935 | r_p=0.000000 | r_c=0.000000 | r_s=0.005618 | status=running
[UL Convergence] | phase=optimize | user=1 | block=3 | n_kl=60 | epoch=47/1000 | objective=-16.774338 | rate=16.764240 | power=29.999935 | r_p=0.000000 | r_c=0.000000 | r_s=0.005530 | status=running
[UL Convergence] | phase=optimize | user=1 | block=3 | n_kl=60 | epoch=48/1000 | objective=-16.790071 | rate=16.779959 | power=29.999935 | r_p=0.000000 | r_c=0.000000 | r_s=0.005442 | status=running
[UL Convergence] | phase=optimize | user=1 | block=3 | n_kl=60 | epoch=49/1000 | objective=-16.805149 | rate=16.795021 | power=29.999939 | r_p=0.000000 | r_c=0.000000 | r_s=0.005353 | status=running
[UL Convergence] | phase=optimize | user=1 | block=3 | n_kl=60 | epoch=50/1000 | objective=-16.819559 | rate=16.809416 | power=29.999935 | r_p=0.000000 | r_c=0.000000 | r_s=0.005264 | status=running
[UL Convergence] | phase=optimize | user=1 | block=3 | n_kl=60 | epoch=51/1000 | objective=-16.833349 | rate=16.823193 | power=29.999939 | r_p=0.000000 | r_c=0.000000 | r_s=0.005175 | status=running
[UL Convergence] | phase=optimize | user=1 | block=3 | n_kl=60 | epoch=52/1000 | objective=-16.846529 | rate=16.836359 | power=29.999939 | r_p=0.000000 | r_c=0.000000 | r_s=0.005085 | status=running
[UL Convergence] | phase=optimize | user=1 | block=3 | n_kl=60 | epoch=53/1000 | objective=-16.859133 | rate=16.848951 | power=29.999945 | r_p=0.000000 | r_c=0.000000 | r_s=0.004994 | status=running
[UL Convergence] | phase=optimize | user=1 | block=3 | n_kl=60 | epoch=54/1000 | objective=-16.871185 | rate=16.860991 | power=29.999939 | r_p=0.000000 | r_c=0.000000 | r_s=0.004904 | status=running
[UL Convergence] | phase=optimize | user=1 | block=3 | n_kl=60 | epoch=55/1000 | objective=-16.882689 | rate=16.872482 | power=29.999935 | r_p=0.000000 | r_c=0.000000 | r_s=0.004813 | status=running
[UL Convergence] | phase=optimize | user=1 | block=3 | n_kl=60 | epoch=56/1000 | objective=-16.893692 | rate=16.883474 | power=29.999945 | r_p=0.000000 | r_c=0.000000 | r_s=0.004723 | status=running
[UL Convergence] | phase=optimize | user=1 | block=3 | n_kl=60 | epoch=57/1000 | objective=-16.904209 | rate=16.893982 | power=29.999935 | r_p=0.000000 | r_c=0.000000 | r_s=0.004634 | status=running
[UL Convergence] | phase=optimize | user=1 | block=3 | n_kl=60 | epoch=58/1000 | objective=-16.914244 | rate=16.904007 | power=29.999945 | r_p=0.000000 | r_c=0.000000 | r_s=0.004545 | status=running
[UL Convergence] | phase=optimize | user=1 | block=3 | n_kl=60 | epoch=59/1000 | objective=-16.923828 | rate=16.913582 | power=29.999945 | r_p=0.000000 | r_c=0.000000 | r_s=0.004457 | status=running
[UL Convergence] | phase=optimize | user=1 | block=3 | n_kl=60 | epoch=60/1000 | objective=-16.932985 | rate=16.922729 | power=29.999939 | r_p=0.000000 | r_c=0.000000 | r_s=0.004370 | status=running
[UL Convergence] | phase=optimize | user=1 | block=3 | n_kl=60 | epoch=61/1000 | objective=-16.941727 | rate=16.931461 | power=29.999945 | r_p=0.000000 | r_c=0.000000 | r_s=0.004284 | status=running
[UL Convergence] | phase=optimize | user=1 | block=3 | n_kl=60 | epoch=62/1000 | objective=-16.950058 | rate=16.939785 | power=29.999939 | r_p=0.000000 | r_c=0.000000 | r_s=0.004200 | status=running
[UL Convergence] | phase=optimize | user=1 | block=3 | n_kl=60 | epoch=63/1000 | objective=-16.958004 | rate=16.947723 | power=29.999945 | r_p=0.000000 | r_c=0.000000 | r_s=0.004116 | status=running
[UL Convergence] | phase=optimize | user=1 | block=3 | n_kl=60 | epoch=64/1000 | objective=-16.965582 | rate=16.955294 | power=29.999939 | r_p=0.000000 | r_c=0.000000 | r_s=0.004033 | status=running
[UL Convergence] | phase=optimize | user=1 | block=3 | n_kl=60 | epoch=65/1000 | objective=-16.972811 | rate=16.962515 | power=29.999939 | r_p=0.000000 | r_c=0.000000 | r_s=0.003951 | status=running
[UL Convergence] | phase=optimize | user=1 | block=3 | n_kl=60 | epoch=66/1000 | objective=-16.979698 | rate=16.969395 | power=29.999945 | r_p=0.000000 | r_c=0.000000 | r_s=0.003870 | status=running
[UL Convergence] | phase=optimize | user=1 | block=3 | n_kl=60 | epoch=67/1000 | objective=-16.986244 | rate=16.975935 | power=29.999939 | r_p=0.000000 | r_c=0.000000 | r_s=0.003789 | status=running
[UL Convergence] | phase=optimize | user=1 | block=3 | n_kl=60 | epoch=68/1000 | objective=-16.992474 | rate=16.982159 | power=29.999945 | r_p=0.000000 | r_c=0.000000 | r_s=0.003710 | status=running
[UL Convergence] | phase=optimize | user=1 | block=3 | n_kl=60 | epoch=69/1000 | objective=-16.998402 | rate=16.988081 | power=29.999939 | r_p=0.000000 | r_c=0.000000 | r_s=0.003631 | status=running
[UL Convergence] | phase=optimize | user=1 | block=3 | n_kl=60 | epoch=70/1000 | objective=-17.004049 | rate=16.993723 | power=29.999939 | r_p=0.000000 | r_c=0.000000 | r_s=0.003554 | status=running
[UL Convergence] | phase=optimize | user=1 | block=3 | n_kl=60 | epoch=71/1000 | objective=-17.009407 | rate=16.999075 | power=29.999935 | r_p=0.000000 | r_c=0.000000 | r_s=0.003477 | status=running
[UL Convergence] | phase=optimize | user=1 | block=3 | n_kl=60 | epoch=72/1000 | objective=-17.014490 | rate=17.004152 | power=29.999945 | r_p=0.000000 | r_c=0.000000 | r_s=0.003401 | status=running
[UL Convergence] | phase=optimize | user=1 | block=3 | n_kl=60 | epoch=73/1000 | objective=-17.019321 | rate=17.008980 | power=29.999945 | r_p=0.000000 | r_c=0.000000 | r_s=0.003326 | status=running
[UL Convergence] | phase=optimize | user=1 | block=3 | n_kl=60 | epoch=74/1000 | objective=-17.023905 | rate=17.013557 | power=29.999939 | r_p=0.000000 | r_c=0.000000 | r_s=0.003251 | status=running
[UL Convergence] | phase=optimize | user=1 | block=3 | n_kl=60 | epoch=75/1000 | objective=-17.028248 | rate=17.017897 | power=29.999945 | r_p=0.000000 | r_c=0.000000 | r_s=0.003178 | status=running
[UL Convergence] | phase=optimize | user=1 | block=3 | n_kl=60 | epoch=76/1000 | objective=-17.032366 | rate=17.022011 | power=29.999945 | r_p=0.000000 | r_c=0.000000 | r_s=0.003104 | status=running
[UL Convergence] | phase=optimize | user=1 | block=3 | n_kl=60 | epoch=77/1000 | objective=-17.036259 | rate=17.025900 | power=29.999939 | r_p=0.000000 | r_c=0.000000 | r_s=0.003032 | status=running
[UL Convergence] | phase=optimize | user=1 | block=3 | n_kl=60 | epoch=78/1000 | objective=-17.039944 | rate=17.029581 | power=29.999945 | r_p=0.000000 | r_c=0.000000 | r_s=0.002960 | status=running
[UL Convergence] | phase=optimize | user=1 | block=3 | n_kl=60 | epoch=79/1000 | objective=-17.043434 | rate=17.033068 | power=29.999945 | r_p=0.000000 | r_c=0.000000 | r_s=0.002889 | status=running
[UL Convergence] | phase=optimize | user=1 | block=3 | n_kl=60 | epoch=80/1000 | objective=-17.046717 | rate=17.036346 | power=29.999939 | r_p=0.000000 | r_c=0.000000 | r_s=0.002819 | status=running
[UL Convergence] | phase=optimize | user=1 | block=3 | n_kl=60 | epoch=81/1000 | objective=-17.049831 | rate=17.039459 | power=29.999945 | r_p=0.000000 | r_c=0.000000 | r_s=0.002750 | status=running
[UL Convergence] | phase=optimize | user=1 | block=3 | n_kl=60 | epoch=82/1000 | objective=-17.052773 | rate=17.042397 | power=29.999939 | r_p=0.000000 | r_c=0.000000 | r_s=0.002682 | status=running
[UL Convergence] | phase=optimize | user=1 | block=3 | n_kl=60 | epoch=83/1000 | objective=-17.055540 | rate=17.045162 | power=29.999939 | r_p=0.000000 | r_c=0.000000 | r_s=0.002615 | status=running
[UL Convergence] | phase=optimize | user=1 | block=3 | n_kl=60 | epoch=84/1000 | objective=-17.058149 | rate=17.047768 | power=29.999939 | r_p=0.000000 | r_c=0.000000 | r_s=0.002549 | status=running
[UL Convergence] | phase=optimize | user=1 | block=3 | n_kl=60 | epoch=85/1000 | objective=-17.060602 | rate=17.050219 | power=29.999939 | r_p=0.000000 | r_c=0.000000 | r_s=0.002484 | status=running
[UL Convergence] | phase=optimize | user=1 | block=3 | n_kl=60 | epoch=86/1000 | objective=-17.062912 | rate=17.052526 | power=29.999945 | r_p=0.000000 | r_c=0.000000 | r_s=0.002420 | status=running
[UL Convergence] | phase=optimize | user=1 | block=3 | n_kl=60 | epoch=87/1000 | objective=-17.065094 | rate=17.054707 | power=29.999939 | r_p=0.000000 | r_c=0.000000 | r_s=0.002358 | status=running
[UL Convergence] | phase=optimize | user=1 | block=3 | n_kl=60 | epoch=88/1000 | objective=-17.067131 | rate=17.056742 | power=29.999945 | r_p=0.000000 | r_c=0.000000 | r_s=0.002296 | status=running
[UL Convergence] | phase=optimize | user=1 | block=3 | n_kl=60 | epoch=89/1000 | objective=-17.069054 | rate=17.058662 | power=29.999945 | r_p=0.000000 | r_c=0.000000 | r_s=0.002235 | status=running
[UL Convergence] | phase=optimize | user=1 | block=3 | n_kl=60 | epoch=90/1000 | objective=-17.070862 | rate=17.060469 | power=29.999939 | r_p=0.000000 | r_c=0.000000 | r_s=0.002175 | status=running
[UL Convergence] | phase=optimize | user=1 | block=3 | n_kl=60 | epoch=91/1000 | objective=-17.072544 | rate=17.062149 | power=29.999939 | r_p=0.000000 | r_c=0.000000 | r_s=0.002116 | status=running
[UL Convergence] | phase=optimize | user=1 | block=3 | n_kl=60 | epoch=92/1000 | objective=-17.074125 | rate=17.063728 | power=29.999950 | r_p=0.000000 | r_c=0.000000 | r_s=0.002058 | status=running
[UL Convergence] | phase=optimize | user=1 | block=3 | n_kl=60 | epoch=93/1000 | objective=-17.075603 | rate=17.065205 | power=29.999950 | r_p=0.000000 | r_c=0.000000 | r_s=0.002001 | status=running
[UL Convergence] | phase=optimize | user=1 | block=3 | n_kl=60 | epoch=94/1000 | objective=-17.076984 | rate=17.066584 | power=29.999939 | r_p=0.000000 | r_c=0.000000 | r_s=0.001945 | status=running
[UL Convergence] | phase=optimize | user=1 | block=3 | n_kl=60 | epoch=95/1000 | objective=-17.078295 | rate=17.067894 | power=29.999945 | r_p=0.000000 | r_c=0.000000 | r_s=0.001890 | status=running
[UL Convergence] | phase=optimize | user=1 | block=3 | n_kl=60 | epoch=96/1000 | objective=-17.079491 | rate=17.069088 | power=29.999945 | r_p=0.000000 | r_c=0.000000 | r_s=0.001835 | status=running
[UL Convergence] | phase=optimize | user=1 | block=3 | n_kl=60 | epoch=97/1000 | objective=-17.080612 | rate=17.070210 | power=29.999939 | r_p=0.000000 | r_c=0.000000 | r_s=0.001782 | status=running
[UL Convergence] | phase=optimize | user=1 | block=3 | n_kl=60 | epoch=98/1000 | objective=-17.081669 | rate=17.071264 | power=29.999945 | r_p=0.000000 | r_c=0.000000 | r_s=0.001729 | status=running
[UL Convergence] | phase=optimize | user=1 | block=3 | n_kl=60 | epoch=99/1000 | objective=-17.082645 | rate=17.072239 | power=29.999945 | r_p=0.000000 | r_c=0.000000 | r_s=0.001677 | status=running
[UL Convergence] | phase=optimize | user=1 | block=3 | n_kl=60 | epoch=100/1000 | objective=-17.083557 | rate=17.073151 | power=29.999945 | r_p=0.000000 | r_c=0.000000 | r_s=0.001626 | status=running
[UL Convergence] | phase=optimize | user=1 | block=3 | n_kl=60 | epoch=101/1000 | objective=-17.084402 | rate=17.073996 | power=29.999939 | r_p=0.000000 | r_c=0.000000 | r_s=0.001575 | status=running
[UL Convergence] | phase=optimize | user=1 | block=3 | n_kl=60 | epoch=102/1000 | objective=-17.085188 | rate=17.074780 | power=29.999939 | r_p=0.000000 | r_c=0.000000 | r_s=0.001526 | status=running
[UL Convergence] | phase=optimize | user=1 | block=3 | n_kl=60 | epoch=103/1000 | objective=-17.085918 | rate=17.075510 | power=29.999939 | r_p=0.000000 | r_c=0.000000 | r_s=0.001477 | status=running
[UL Convergence] | phase=optimize | user=1 | block=3 | n_kl=60 | epoch=104/1000 | objective=-17.086588 | rate=17.076178 | power=29.999939 | r_p=0.000000 | r_c=0.000000 | r_s=0.001430 | status=running
[UL Convergence] | phase=optimize | user=1 | block=3 | n_kl=60 | epoch=105/1000 | objective=-17.087227 | rate=17.076817 | power=29.999945 | r_p=0.000000 | r_c=0.000000 | r_s=0.001383 | status=running
[UL Convergence] | phase=optimize | user=1 | block=3 | n_kl=60 | epoch=106/1000 | objective=-17.087807 | rate=17.077396 | power=29.999945 | r_p=0.000000 | r_c=0.000000 | r_s=0.001337 | status=running
[UL Convergence] | phase=optimize | user=1 | block=3 | n_kl=60 | epoch=107/1000 | objective=-17.088343 | rate=17.077930 | power=29.999945 | r_p=0.000000 | r_c=0.000000 | r_s=0.001292 | status=running
[UL Convergence] | phase=optimize | user=1 | block=3 | n_kl=60 | epoch=108/1000 | objective=-17.088835 | rate=17.078423 | power=29.999945 | r_p=0.000000 | r_c=0.000000 | r_s=0.001248 | status=running
[UL Convergence] | phase=optimize | user=1 | block=3 | n_kl=60 | epoch=109/1000 | objective=-17.089293 | rate=17.078880 | power=29.999945 | r_p=0.000000 | r_c=0.000000 | r_s=0.001205 | status=running
[UL Convergence] | phase=optimize | user=1 | block=3 | n_kl=60 | epoch=110/1000 | objective=-17.089705 | rate=17.079292 | power=29.999939 | r_p=0.000000 | r_c=0.000000 | r_s=0.001163 | status=running
[UL Convergence] | phase=optimize | user=1 | block=3 | n_kl=60 | epoch=111/1000 | objective=-17.090101 | rate=17.079689 | power=29.999939 | r_p=0.000000 | r_c=0.000000 | r_s=0.001122 | status=running
[UL Convergence] | phase=optimize | user=1 | block=3 | n_kl=60 | epoch=112/1000 | objective=-17.090454 | rate=17.080040 | power=29.999945 | r_p=0.000000 | r_c=0.000000 | r_s=0.001082 | status=running
[UL Convergence] | phase=optimize | user=1 | block=3 | n_kl=60 | epoch=113/1000 | objective=-17.090788 | rate=17.080374 | power=29.999945 | r_p=0.000000 | r_c=0.000000 | r_s=0.001043 | status=running
[UL Convergence] | phase=optimize | user=1 | block=3 | n_kl=60 | epoch=114/1000 | objective=-17.091085 | rate=17.080671 | power=29.999945 | r_p=0.000000 | r_c=0.000000 | r_s=0.001005 | status=running
[UL Convergence] | phase=optimize | user=1 | block=3 | n_kl=60 | epoch=115/1000 | objective=-17.091360 | rate=17.080946 | power=29.999945 | r_p=0.000000 | r_c=0.000000 | r_s=9.682163e-04 | status=running
[UL Convergence] | phase=optimize | user=1 | block=3 | n_kl=60 | epoch=116/1000 | objective=-17.091619 | rate=17.081205 | power=29.999945 | r_p=0.000000 | r_c=0.000000 | r_s=9.321211e-04 | status=running
[UL Convergence] | phase=optimize | user=1 | block=3 | n_kl=60 | epoch=117/1000 | objective=-17.091852 | rate=17.081438 | power=29.999945 | r_p=0.000000 | r_c=0.000000 | r_s=8.969631e-04 | status=running
[UL Convergence] | phase=optimize | user=1 | block=3 | n_kl=60 | epoch=118/1000 | objective=-17.092060 | rate=17.081646 | power=29.999935 | r_p=0.000000 | r_c=0.000000 | r_s=8.627541e-04 | status=running
[UL Convergence] | phase=optimize | user=1 | block=3 | n_kl=60 | epoch=119/1000 | objective=-17.092257 | rate=17.081841 | power=29.999939 | r_p=0.000000 | r_c=0.000000 | r_s=8.294551e-04 | status=running
[UL Convergence] | phase=optimize | user=1 | block=3 | n_kl=60 | epoch=120/1000 | objective=-17.092440 | rate=17.082024 | power=29.999939 | r_p=0.000000 | r_c=0.000000 | r_s=7.970724e-04 | status=running
[UL Convergence] | phase=optimize | user=1 | block=3 | n_kl=60 | epoch=121/1000 | objective=-17.092596 | rate=17.082180 | power=29.999939 | r_p=0.000000 | r_c=0.000000 | r_s=7.655617e-04 | status=running
[UL Convergence] | phase=optimize | user=1 | block=3 | n_kl=60 | epoch=122/1000 | objective=-17.092745 | rate=17.082329 | power=29.999939 | r_p=0.000000 | r_c=0.000000 | r_s=7.348974e-04 | status=running
[UL Convergence] | phase=optimize | user=1 | block=3 | n_kl=60 | epoch=123/1000 | objective=-17.092873 | rate=17.082457 | power=29.999939 | r_p=0.000000 | r_c=0.000000 | r_s=7.051109e-04 | status=running
[UL Convergence] | phase=optimize | user=1 | block=3 | n_kl=60 | epoch=124/1000 | objective=-17.092991 | rate=17.082575 | power=29.999945 | r_p=0.000000 | r_c=0.000000 | r_s=6.761583e-04 | status=running
[UL Convergence] | phase=optimize | user=1 | block=3 | n_kl=60 | epoch=125/1000 | objective=-17.093102 | rate=17.082685 | power=29.999945 | r_p=0.000000 | r_c=0.000000 | r_s=6.479990e-04 | status=running
[UL Convergence] | phase=optimize | user=1 | block=3 | n_kl=60 | epoch=126/1000 | objective=-17.093195 | rate=17.082779 | power=29.999939 | r_p=0.000000 | r_c=0.000000 | r_s=6.206800e-04 | status=running
[UL Convergence] | phase=optimize | user=1 | block=3 | n_kl=60 | epoch=127/1000 | objective=-17.093290 | rate=17.082874 | power=29.999939 | r_p=0.000000 | r_c=0.000000 | r_s=5.941560e-04 | status=kkt_converged
[UL Convergence Result] | user=1 | block=3 | n_kl=60 | achieved_rate=17.082874 | power=29.999939 | rate_gap=-10.416208 | power_gap=-6.103516e-05 | solve_status=kkt_converged
[UL Convergence Allocation] | user=1 | block=3 | n_kl=60 | requested_bits=400 | served_bits=400 | full_service=true
[UL Convergence Block] | user=1 | block=3 | stage=post_T | served_bits=400 | unserved_bits=0
[UL Convergence Reduction] | user=1 | block=3 | served_bits=400 | n_start=59 | n_min=1
[UL Convergence Solve] | user=1 | block=3 | stage=reduced_n | n_kl=59 | served_bits=400
[UL Convergence] | phase=optimize | user=1 | block=3 | n_kl=59 | epoch=1/1000 | objective=-17.073179 | rate=17.062897 | power=29.999939 | r_p=0.000000 | r_c=0.000000 | r_s=inf | status=running
[UL Convergence] | phase=optimize | user=1 | block=3 | n_kl=59 | epoch=2/1000 | objective=-17.073257 | rate=17.062975 | power=29.999945 | r_p=0.000000 | r_c=0.000000 | r_s=5.684358e-04 | status=kkt_converged
[UL Convergence Candidate] | user=1 | block=3 | n_kl=59 | achieved_rate=17.062975 | rate_gap=-10.283314 | power_gap=-5.531311e-05 | status=accepted
[UL Convergence Solve] | user=1 | block=3 | stage=reduced_n | n_kl=50 | served_bits=400
[UL Convergence] | phase=optimize | user=1 | block=3 | n_kl=50 | epoch=1/1000 | objective=-16.866249 | rate=16.857391 | power=29.999945 | r_p=0.000000 | r_c=0.000000 | r_s=inf | status=running
[UL Convergence] | phase=optimize | user=1 | block=3 | n_kl=50 | epoch=2/1000 | objective=-16.866282 | rate=16.857424 | power=29.999945 | r_p=0.000000 | r_c=0.000000 | r_s=3.708397e-04 | status=kkt_converged
[UL Convergence Candidate] | user=1 | block=3 | n_kl=50 | achieved_rate=16.857424 | rate_gap=-8.857424 | power_gap=-5.531311e-05 | status=accepted
[UL Convergence Solve] | user=1 | block=3 | stage=reduced_n | n_kl=40 | served_bits=400
[UL Convergence] | phase=optimize | user=1 | block=3 | n_kl=40 | epoch=1/1000 | objective=-16.558022 | rate=16.551470 | power=29.999935 | r_p=0.000000 | r_c=0.000000 | r_s=inf | status=running
[UL Convergence] | phase=optimize | user=1 | block=3 | n_kl=40 | epoch=2/1000 | objective=-16.558033 | rate=16.551481 | power=29.999945 | r_p=0.000000 | r_c=0.000000 | r_s=2.147007e-04 | status=kkt_converged
[UL Convergence Candidate] | user=1 | block=3 | n_kl=40 | achieved_rate=16.551481 | rate_gap=-6.551481 | power_gap=-5.531311e-05 | status=accepted
[UL Convergence Solve] | user=1 | block=3 | stage=reduced_n | n_kl=30 | served_bits=400
[UL Convergence] | phase=optimize | user=1 | block=3 | n_kl=30 | epoch=1/1000 | objective=-16.105742 | rate=16.102972 | power=29.999939 | r_p=0.000000 | r_c=0.000000 | r_s=inf | status=running
[UL Convergence] | phase=optimize | user=1 | block=3 | n_kl=30 | epoch=2/1000 | objective=-16.105743 | rate=16.102974 | power=29.999939 | r_p=0.000000 | r_c=0.000000 | r_s=1.303268e-04 | status=kkt_converged
[UL Convergence Candidate] | user=1 | block=3 | n_kl=30 | achieved_rate=16.102974 | rate_gap=-2.769641 | power_gap=-6.103516e-05 | status=accepted
[UL Convergence Reduction] | user=1 | block=3 | n_kl=25 | status=stop_infeasible
[UL Convergence Final] | user=1 | block=3 | feasible_points=35 | chosen_n_kl=26 | served_bits=400 | achieved_rate=15.854654 | power=29.999939 | solve_status=kkt_converged
[UL Convergence Allocation] | user=1 | block=3 | chosen_n_kl=26 | served_bits=400 | unserved_bits=0 | mode=fixed_block_targets
[UL Convergence Train] | user=1 | block=4 | target_bits=400 | mode=fixed_block_targets
[UL Convergence Block] | user=1 | block=4 | budget_mode=target_bits | requested_bits=400
[UL Convergence Solve] | user=1 | block=4 | stage=n=T | n_kl=60 | requested_bits=400
[UL Convergence] | phase=optimize | user=1 | block=4 | n_kl=60 | epoch=1/1000 | objective=-13.314316 | rate=13.307674 | power=29.999996 | r_p=0.000000 | r_c=0.000000 | r_s=inf | status=running
[UL Convergence] | phase=optimize | user=1 | block=4 | n_kl=60 | epoch=2/1000 | objective=-13.392510 | rate=13.385791 | power=29.999939 | r_p=0.000000 | r_c=0.000000 | r_s=0.008765 | status=running
[UL Convergence] | phase=optimize | user=1 | block=4 | n_kl=60 | epoch=3/1000 | objective=-13.474224 | rate=13.467423 | power=29.999939 | r_p=0.000000 | r_c=0.000000 | r_s=0.007993 | status=running
[UL Convergence] | phase=optimize | user=1 | block=4 | n_kl=60 | epoch=4/1000 | objective=-13.558585 | rate=13.551701 | power=29.999939 | r_p=0.000000 | r_c=0.000000 | r_s=0.008278 | status=running
[UL Convergence] | phase=optimize | user=1 | block=4 | n_kl=60 | epoch=5/1000 | objective=-13.644037 | rate=13.637067 | power=29.999939 | r_p=0.000000 | r_c=0.000000 | r_s=0.008477 | status=running
[UL Convergence] | phase=optimize | user=1 | block=4 | n_kl=60 | epoch=6/1000 | objective=-13.729730 | rate=13.722673 | power=29.999939 | r_p=0.000000 | r_c=0.000000 | r_s=0.008617 | status=running
[UL Convergence] | phase=optimize | user=1 | block=4 | n_kl=60 | epoch=7/1000 | objective=-13.815104 | rate=13.807962 | power=29.999939 | r_p=0.000000 | r_c=0.000000 | r_s=0.008717 | status=running
[UL Convergence] | phase=optimize | user=1 | block=4 | n_kl=60 | epoch=8/1000 | objective=-13.899732 | rate=13.892506 | power=29.999939 | r_p=0.000000 | r_c=0.000000 | r_s=0.008788 | status=running
[UL Convergence] | phase=optimize | user=1 | block=4 | n_kl=60 | epoch=9/1000 | objective=-13.983286 | rate=13.975977 | power=29.999939 | r_p=0.000000 | r_c=0.000000 | r_s=0.008835 | status=running
[UL Convergence] | phase=optimize | user=1 | block=4 | n_kl=60 | epoch=10/1000 | objective=-14.065502 | rate=14.058111 | power=29.999939 | r_p=0.000000 | r_c=0.000000 | r_s=0.008864 | status=running
[UL Convergence] | phase=optimize | user=1 | block=4 | n_kl=60 | epoch=11/1000 | objective=-14.146202 | rate=14.138730 | power=29.999935 | r_p=0.000000 | r_c=0.000000 | r_s=0.008876 | status=running
[UL Convergence] | phase=optimize | user=1 | block=4 | n_kl=60 | epoch=12/1000 | objective=-14.225159 | rate=14.217607 | power=29.999939 | r_p=0.000000 | r_c=0.000000 | r_s=0.008872 | status=running
[UL Convergence] | phase=optimize | user=1 | block=4 | n_kl=60 | epoch=13/1000 | objective=-14.302277 | rate=14.294648 | power=29.999939 | r_p=0.000000 | r_c=0.000000 | r_s=0.008855 | status=running
[UL Convergence] | phase=optimize | user=1 | block=4 | n_kl=60 | epoch=14/1000 | objective=-14.377435 | rate=14.369732 | power=29.999939 | r_p=0.000000 | r_c=0.000000 | r_s=0.008824 | status=running
[UL Convergence] | phase=optimize | user=1 | block=4 | n_kl=60 | epoch=15/1000 | objective=-14.450565 | rate=14.442789 | power=29.999939 | r_p=0.000000 | r_c=0.000000 | r_s=0.008781 | status=running
[UL Convergence] | phase=optimize | user=1 | block=4 | n_kl=60 | epoch=16/1000 | objective=-14.521597 | rate=14.513750 | power=29.999939 | r_p=0.000000 | r_c=0.000000 | r_s=0.008726 | status=running
[UL Convergence] | phase=optimize | user=1 | block=4 | n_kl=60 | epoch=17/1000 | objective=-14.590494 | rate=14.582579 | power=29.999935 | r_p=0.000000 | r_c=0.000000 | r_s=0.008660 | status=running
[UL Convergence] | phase=optimize | user=1 | block=4 | n_kl=60 | epoch=18/1000 | objective=-14.657267 | rate=14.649284 | power=29.999935 | r_p=0.000000 | r_c=0.000000 | r_s=0.008584 | status=running
[UL Convergence] | phase=optimize | user=1 | block=4 | n_kl=60 | epoch=19/1000 | objective=-14.721898 | rate=14.713851 | power=29.999935 | r_p=0.000000 | r_c=0.000000 | r_s=0.008498 | status=running
[UL Convergence] | phase=optimize | user=1 | block=4 | n_kl=60 | epoch=20/1000 | objective=-14.784393 | rate=14.776283 | power=29.999939 | r_p=0.000000 | r_c=0.000000 | r_s=0.008404 | status=running
[UL Convergence] | phase=optimize | user=1 | block=4 | n_kl=60 | epoch=21/1000 | objective=-14.844790 | rate=14.836619 | power=29.999939 | r_p=0.000000 | r_c=0.000000 | r_s=0.008303 | status=running
[UL Convergence] | phase=optimize | user=1 | block=4 | n_kl=60 | epoch=22/1000 | objective=-14.903112 | rate=14.894884 | power=29.999939 | r_p=0.000000 | r_c=0.000000 | r_s=0.008195 | status=running
[UL Convergence] | phase=optimize | user=1 | block=4 | n_kl=60 | epoch=23/1000 | objective=-14.959394 | rate=14.951109 | power=29.999935 | r_p=0.000000 | r_c=0.000000 | r_s=0.008082 | status=running
[UL Convergence] | phase=optimize | user=1 | block=4 | n_kl=60 | epoch=24/1000 | objective=-15.013704 | rate=15.005365 | power=29.999929 | r_p=0.000000 | r_c=0.000000 | r_s=0.007965 | status=running
[UL Convergence] | phase=optimize | user=1 | block=4 | n_kl=60 | epoch=25/1000 | objective=-15.066077 | rate=15.057686 | power=29.999939 | r_p=0.000000 | r_c=0.000000 | r_s=0.007846 | status=running
[UL Convergence] | phase=optimize | user=1 | block=4 | n_kl=60 | epoch=26/1000 | objective=-15.116578 | rate=15.108136 | power=29.999935 | r_p=0.000000 | r_c=0.000000 | r_s=0.007725 | status=running
[UL Convergence] | phase=optimize | user=1 | block=4 | n_kl=60 | epoch=27/1000 | objective=-15.165269 | rate=15.156778 | power=29.999935 | r_p=0.000000 | r_c=0.000000 | r_s=0.007603 | status=running
[UL Convergence] | phase=optimize | user=1 | block=4 | n_kl=60 | epoch=28/1000 | objective=-15.212210 | rate=15.203672 | power=29.999939 | r_p=0.000000 | r_c=0.000000 | r_s=0.007482 | status=running
[UL Convergence] | phase=optimize | user=1 | block=4 | n_kl=60 | epoch=29/1000 | objective=-15.257454 | rate=15.248872 | power=29.999939 | r_p=0.000000 | r_c=0.000000 | r_s=0.007362 | status=running
[UL Convergence] | phase=optimize | user=1 | block=4 | n_kl=60 | epoch=30/1000 | objective=-15.301061 | rate=15.292435 | power=29.999935 | r_p=0.000000 | r_c=0.000000 | r_s=0.007244 | status=running
[UL Convergence] | phase=optimize | user=1 | block=4 | n_kl=60 | epoch=31/1000 | objective=-15.343083 | rate=15.334415 | power=29.999939 | r_p=0.000000 | r_c=0.000000 | r_s=0.007129 | status=running
[UL Convergence] | phase=optimize | user=1 | block=4 | n_kl=60 | epoch=32/1000 | objective=-15.383607 | rate=15.374899 | power=29.999939 | r_p=0.000000 | r_c=0.000000 | r_s=0.007016 | status=running
[UL Convergence] | phase=optimize | user=1 | block=4 | n_kl=60 | epoch=33/1000 | objective=-15.422653 | rate=15.413906 | power=29.999939 | r_p=0.000000 | r_c=0.000000 | r_s=0.006905 | status=running
[UL Convergence] | phase=optimize | user=1 | block=4 | n_kl=60 | epoch=34/1000 | objective=-15.460303 | rate=15.451518 | power=29.999935 | r_p=0.000000 | r_c=0.000000 | r_s=0.006798 | status=running
[UL Convergence] | phase=optimize | user=1 | block=4 | n_kl=60 | epoch=35/1000 | objective=-15.496604 | rate=15.487782 | power=29.999945 | r_p=0.000000 | r_c=0.000000 | r_s=0.006694 | status=running
[UL Convergence] | phase=optimize | user=1 | block=4 | n_kl=60 | epoch=36/1000 | objective=-15.531577 | rate=15.522721 | power=29.999935 | r_p=0.000000 | r_c=0.000000 | r_s=0.006593 | status=running
[UL Convergence] | phase=optimize | user=1 | block=4 | n_kl=60 | epoch=37/1000 | objective=-15.565337 | rate=15.556447 | power=29.999939 | r_p=0.000000 | r_c=0.000000 | r_s=0.006494 | status=running
[UL Convergence] | phase=optimize | user=1 | block=4 | n_kl=60 | epoch=38/1000 | objective=-15.597860 | rate=15.588938 | power=29.999945 | r_p=0.000000 | r_c=0.000000 | r_s=0.006398 | status=running
[UL Convergence] | phase=optimize | user=1 | block=4 | n_kl=60 | epoch=39/1000 | objective=-15.629220 | rate=15.620266 | power=29.999939 | r_p=0.000000 | r_c=0.000000 | r_s=0.006305 | status=running
[UL Convergence] | phase=optimize | user=1 | block=4 | n_kl=60 | epoch=40/1000 | objective=-15.659468 | rate=15.650484 | power=29.999939 | r_p=0.000000 | r_c=0.000000 | r_s=0.006214 | status=running
[UL Convergence] | phase=optimize | user=1 | block=4 | n_kl=60 | epoch=41/1000 | objective=-15.688631 | rate=15.679618 | power=29.999939 | r_p=0.000000 | r_c=0.000000 | r_s=0.006125 | status=running
[UL Convergence] | phase=optimize | user=1 | block=4 | n_kl=60 | epoch=42/1000 | objective=-15.716757 | rate=15.707716 | power=29.999939 | r_p=0.000000 | r_c=0.000000 | r_s=0.006039 | status=running
[UL Convergence] | phase=optimize | user=1 | block=4 | n_kl=60 | epoch=43/1000 | objective=-15.743875 | rate=15.734806 | power=29.999939 | r_p=0.000000 | r_c=0.000000 | r_s=0.005956 | status=running
[UL Convergence] | phase=optimize | user=1 | block=4 | n_kl=60 | epoch=44/1000 | objective=-15.770036 | rate=15.760942 | power=29.999935 | r_p=0.000000 | r_c=0.000000 | r_s=0.005875 | status=running
[UL Convergence] | phase=optimize | user=1 | block=4 | n_kl=60 | epoch=45/1000 | objective=-15.795268 | rate=15.786149 | power=29.999939 | r_p=0.000000 | r_c=0.000000 | r_s=0.005796 | status=running
[UL Convergence] | phase=optimize | user=1 | block=4 | n_kl=60 | epoch=46/1000 | objective=-15.819592 | rate=15.810449 | power=29.999939 | r_p=0.000000 | r_c=0.000000 | r_s=0.005719 | status=running
[UL Convergence] | phase=optimize | user=1 | block=4 | n_kl=60 | epoch=47/1000 | objective=-15.843049 | rate=15.833881 | power=29.999935 | r_p=0.000000 | r_c=0.000000 | r_s=0.005645 | status=running
[UL Convergence] | phase=optimize | user=1 | block=4 | n_kl=60 | epoch=48/1000 | objective=-15.865685 | rate=15.856495 | power=29.999945 | r_p=0.000000 | r_c=0.000000 | r_s=0.005573 | status=running
[UL Convergence] | phase=optimize | user=1 | block=4 | n_kl=60 | epoch=49/1000 | objective=-15.887507 | rate=15.878296 | power=29.999939 | r_p=0.000000 | r_c=0.000000 | r_s=0.005502 | status=running
[UL Convergence] | phase=optimize | user=1 | block=4 | n_kl=60 | epoch=50/1000 | objective=-15.908548 | rate=15.899316 | power=29.999939 | r_p=0.000000 | r_c=0.000000 | r_s=0.005434 | status=running
[UL Convergence] | phase=optimize | user=1 | block=4 | n_kl=60 | epoch=51/1000 | objective=-15.928827 | rate=15.919575 | power=29.999935 | r_p=0.000000 | r_c=0.000000 | r_s=0.005368 | status=running
[UL Convergence] | phase=optimize | user=1 | block=4 | n_kl=60 | epoch=52/1000 | objective=-15.948402 | rate=15.939130 | power=29.999939 | r_p=0.000000 | r_c=0.000000 | r_s=0.005303 | status=running
[UL Convergence] | phase=optimize | user=1 | block=4 | n_kl=60 | epoch=53/1000 | objective=-15.967257 | rate=15.957965 | power=29.999939 | r_p=0.000000 | r_c=0.000000 | r_s=0.005239 | status=running
[UL Convergence] | phase=optimize | user=1 | block=4 | n_kl=60 | epoch=54/1000 | objective=-15.985445 | rate=15.976135 | power=29.999939 | r_p=0.000000 | r_c=0.000000 | r_s=0.005177 | status=running
[UL Convergence] | phase=optimize | user=1 | block=4 | n_kl=60 | epoch=55/1000 | objective=-16.002968 | rate=15.993640 | power=29.999935 | r_p=0.000000 | r_c=0.000000 | r_s=0.005115 | status=running
[UL Convergence] | phase=optimize | user=1 | block=4 | n_kl=60 | epoch=56/1000 | objective=-16.019861 | rate=16.010517 | power=29.999939 | r_p=0.000000 | r_c=0.000000 | r_s=0.005054 | status=running
[UL Convergence] | phase=optimize | user=1 | block=4 | n_kl=60 | epoch=57/1000 | objective=-16.036123 | rate=16.026764 | power=29.999939 | r_p=0.000000 | r_c=0.000000 | r_s=0.004993 | status=running
[UL Convergence] | phase=optimize | user=1 | block=4 | n_kl=60 | epoch=58/1000 | objective=-16.051792 | rate=16.042416 | power=29.999929 | r_p=0.000000 | r_c=0.000000 | r_s=0.004932 | status=running
[UL Convergence] | phase=optimize | user=1 | block=4 | n_kl=60 | epoch=59/1000 | objective=-16.066893 | rate=16.057501 | power=29.999935 | r_p=0.000000 | r_c=0.000000 | r_s=0.004872 | status=running
[UL Convergence] | phase=optimize | user=1 | block=4 | n_kl=60 | epoch=60/1000 | objective=-16.081430 | rate=16.072025 | power=29.999939 | r_p=0.000000 | r_c=0.000000 | r_s=0.004811 | status=running
[UL Convergence] | phase=optimize | user=1 | block=4 | n_kl=60 | epoch=61/1000 | objective=-16.095421 | rate=16.086002 | power=29.999935 | r_p=0.000000 | r_c=0.000000 | r_s=0.004751 | status=running
[UL Convergence] | phase=optimize | user=1 | block=4 | n_kl=60 | epoch=62/1000 | objective=-16.108896 | rate=16.099463 | power=29.999939 | r_p=0.000000 | r_c=0.000000 | r_s=0.004690 | status=running
[UL Convergence] | phase=optimize | user=1 | block=4 | n_kl=60 | epoch=63/1000 | objective=-16.121851 | rate=16.112406 | power=29.999939 | r_p=0.000000 | r_c=0.000000 | r_s=0.004628 | status=running
[UL Convergence] | phase=optimize | user=1 | block=4 | n_kl=60 | epoch=64/1000 | objective=-16.134312 | rate=16.124853 | power=29.999935 | r_p=0.000000 | r_c=0.000000 | r_s=0.004567 | status=running
[UL Convergence] | phase=optimize | user=1 | block=4 | n_kl=60 | epoch=65/1000 | objective=-16.146303 | rate=16.136833 | power=29.999939 | r_p=0.000000 | r_c=0.000000 | r_s=0.004504 | status=running
[UL Convergence] | phase=optimize | user=1 | block=4 | n_kl=60 | epoch=66/1000 | objective=-16.157843 | rate=16.148361 | power=29.999939 | r_p=0.000000 | r_c=0.000000 | r_s=0.004442 | status=running
[UL Convergence] | phase=optimize | user=1 | block=4 | n_kl=60 | epoch=67/1000 | objective=-16.168915 | rate=16.159422 | power=29.999939 | r_p=0.000000 | r_c=0.000000 | r_s=0.004379 | status=running
[UL Convergence] | phase=optimize | user=1 | block=4 | n_kl=60 | epoch=68/1000 | objective=-16.179562 | rate=16.170057 | power=29.999939 | r_p=0.000000 | r_c=0.000000 | r_s=0.004315 | status=running
[UL Convergence] | phase=optimize | user=1 | block=4 | n_kl=60 | epoch=69/1000 | objective=-16.189779 | rate=16.180265 | power=29.999939 | r_p=0.000000 | r_c=0.000000 | r_s=0.004250 | status=running
[UL Convergence] | phase=optimize | user=1 | block=4 | n_kl=60 | epoch=70/1000 | objective=-16.199593 | rate=16.190069 | power=29.999939 | r_p=0.000000 | r_c=0.000000 | r_s=0.004186 | status=running
[UL Convergence] | phase=optimize | user=1 | block=4 | n_kl=60 | epoch=71/1000 | objective=-16.209021 | rate=16.199488 | power=29.999939 | r_p=0.000000 | r_c=0.000000 | r_s=0.004120 | status=running
[UL Convergence] | phase=optimize | user=1 | block=4 | n_kl=60 | epoch=72/1000 | objective=-16.218054 | rate=16.208511 | power=29.999945 | r_p=0.000000 | r_c=0.000000 | r_s=0.004054 | status=running
[UL Convergence] | phase=optimize | user=1 | block=4 | n_kl=60 | epoch=73/1000 | objective=-16.226727 | rate=16.217176 | power=29.999935 | r_p=0.000000 | r_c=0.000000 | r_s=0.003988 | status=running
[UL Convergence] | phase=optimize | user=1 | block=4 | n_kl=60 | epoch=74/1000 | objective=-16.235054 | rate=16.225494 | power=29.999945 | r_p=0.000000 | r_c=0.000000 | r_s=0.003922 | status=running
[UL Convergence] | phase=optimize | user=1 | block=4 | n_kl=60 | epoch=75/1000 | objective=-16.243017 | rate=16.233450 | power=29.999935 | r_p=0.000000 | r_c=0.000000 | r_s=0.003855 | status=running
[UL Convergence] | phase=optimize | user=1 | block=4 | n_kl=60 | epoch=76/1000 | objective=-16.250647 | rate=16.241072 | power=29.999939 | r_p=0.000000 | r_c=0.000000 | r_s=0.003788 | status=running
[UL Convergence] | phase=optimize | user=1 | block=4 | n_kl=60 | epoch=77/1000 | objective=-16.257969 | rate=16.248386 | power=29.999935 | r_p=0.000000 | r_c=0.000000 | r_s=0.003721 | status=running
[UL Convergence] | phase=optimize | user=1 | block=4 | n_kl=60 | epoch=78/1000 | objective=-16.264967 | rate=16.255379 | power=29.999939 | r_p=0.000000 | r_c=0.000000 | r_s=0.003654 | status=running
[UL Convergence] | phase=optimize | user=1 | block=4 | n_kl=60 | epoch=79/1000 | objective=-16.271669 | rate=16.262074 | power=29.999935 | r_p=0.000000 | r_c=0.000000 | r_s=0.003588 | status=running
[UL Convergence] | phase=optimize | user=1 | block=4 | n_kl=60 | epoch=80/1000 | objective=-16.278095 | rate=16.268494 | power=29.999939 | r_p=0.000000 | r_c=0.000000 | r_s=0.003522 | status=running
[UL Convergence] | phase=optimize | user=1 | block=4 | n_kl=60 | epoch=81/1000 | objective=-16.284224 | rate=16.274616 | power=29.999939 | r_p=0.000000 | r_c=0.000000 | r_s=0.003456 | status=running
[UL Convergence] | phase=optimize | user=1 | block=4 | n_kl=60 | epoch=82/1000 | objective=-16.290091 | rate=16.280478 | power=29.999939 | r_p=0.000000 | r_c=0.000000 | r_s=0.003390 | status=running
[UL Convergence] | phase=optimize | user=1 | block=4 | n_kl=60 | epoch=83/1000 | objective=-16.295696 | rate=16.286077 | power=29.999939 | r_p=0.000000 | r_c=0.000000 | r_s=0.003325 | status=running
[UL Convergence] | phase=optimize | user=1 | block=4 | n_kl=60 | epoch=84/1000 | objective=-16.301060 | rate=16.291435 | power=29.999939 | r_p=0.000000 | r_c=0.000000 | r_s=0.003260 | status=running
[UL Convergence] | phase=optimize | user=1 | block=4 | n_kl=60 | epoch=85/1000 | objective=-16.306175 | rate=16.296545 | power=29.999939 | r_p=0.000000 | r_c=0.000000 | r_s=0.003196 | status=running
[UL Convergence] | phase=optimize | user=1 | block=4 | n_kl=60 | epoch=86/1000 | objective=-16.311054 | rate=16.301420 | power=29.999945 | r_p=0.000000 | r_c=0.000000 | r_s=0.003133 | status=running
[UL Convergence] | phase=optimize | user=1 | block=4 | n_kl=60 | epoch=87/1000 | objective=-16.315714 | rate=16.306074 | power=29.999939 | r_p=0.000000 | r_c=0.000000 | r_s=0.003069 | status=running
[UL Convergence] | phase=optimize | user=1 | block=4 | n_kl=60 | epoch=88/1000 | objective=-16.320154 | rate=16.310511 | power=29.999935 | r_p=0.000000 | r_c=0.000000 | r_s=0.003007 | status=running
[UL Convergence] | phase=optimize | user=1 | block=4 | n_kl=60 | epoch=89/1000 | objective=-16.324394 | rate=16.314747 | power=29.999935 | r_p=0.000000 | r_c=0.000000 | r_s=0.002945 | status=running
[UL Convergence] | phase=optimize | user=1 | block=4 | n_kl=60 | epoch=90/1000 | objective=-16.328432 | rate=16.318781 | power=29.999939 | r_p=0.000000 | r_c=0.000000 | r_s=0.002883 | status=running
[UL Convergence] | phase=optimize | user=1 | block=4 | n_kl=60 | epoch=91/1000 | objective=-16.332266 | rate=16.322611 | power=29.999935 | r_p=0.000000 | r_c=0.000000 | r_s=0.002822 | status=running
[UL Convergence] | phase=optimize | user=1 | block=4 | n_kl=60 | epoch=92/1000 | objective=-16.335938 | rate=16.326279 | power=29.999939 | r_p=0.000000 | r_c=0.000000 | r_s=0.002761 | status=running
[UL Convergence] | phase=optimize | user=1 | block=4 | n_kl=60 | epoch=93/1000 | objective=-16.339415 | rate=16.329752 | power=29.999939 | r_p=0.000000 | r_c=0.000000 | r_s=0.002702 | status=running
[UL Convergence] | phase=optimize | user=1 | block=4 | n_kl=60 | epoch=94/1000 | objective=-16.342731 | rate=16.333065 | power=29.999939 | r_p=0.000000 | r_c=0.000000 | r_s=0.002642 | status=running
[UL Convergence] | phase=optimize | user=1 | block=4 | n_kl=60 | epoch=95/1000 | objective=-16.345877 | rate=16.336206 | power=29.999939 | r_p=0.000000 | r_c=0.000000 | r_s=0.002584 | status=running
[UL Convergence] | phase=optimize | user=1 | block=4 | n_kl=60 | epoch=96/1000 | objective=-16.348871 | rate=16.339199 | power=29.999939 | r_p=0.000000 | r_c=0.000000 | r_s=0.002526 | status=running
[UL Convergence] | phase=optimize | user=1 | block=4 | n_kl=60 | epoch=97/1000 | objective=-16.351709 | rate=16.342033 | power=29.999939 | r_p=0.000000 | r_c=0.000000 | r_s=0.002468 | status=running
[UL Convergence] | phase=optimize | user=1 | block=4 | n_kl=60 | epoch=98/1000 | objective=-16.354408 | rate=16.344730 | power=29.999939 | r_p=0.000000 | r_c=0.000000 | r_s=0.002412 | status=running
[UL Convergence] | phase=optimize | user=1 | block=4 | n_kl=60 | epoch=99/1000 | objective=-16.356968 | rate=16.347288 | power=29.999939 | r_p=0.000000 | r_c=0.000000 | r_s=0.002356 | status=running
[UL Convergence] | phase=optimize | user=1 | block=4 | n_kl=60 | epoch=100/1000 | objective=-16.359392 | rate=16.349709 | power=29.999935 | r_p=0.000000 | r_c=0.000000 | r_s=0.002301 | status=running
[UL Convergence] | phase=optimize | user=1 | block=4 | n_kl=60 | epoch=101/1000 | objective=-16.361704 | rate=16.352018 | power=29.999945 | r_p=0.000000 | r_c=0.000000 | r_s=0.002247 | status=running
[UL Convergence] | phase=optimize | user=1 | block=4 | n_kl=60 | epoch=102/1000 | objective=-16.363869 | rate=16.354181 | power=29.999939 | r_p=0.000000 | r_c=0.000000 | r_s=0.002193 | status=running
[UL Convergence] | phase=optimize | user=1 | block=4 | n_kl=60 | epoch=103/1000 | objective=-16.365934 | rate=16.356245 | power=29.999939 | r_p=0.000000 | r_c=0.000000 | r_s=0.002140 | status=running
[UL Convergence] | phase=optimize | user=1 | block=4 | n_kl=60 | epoch=104/1000 | objective=-16.367887 | rate=16.358196 | power=29.999939 | r_p=0.000000 | r_c=0.000000 | r_s=0.002088 | status=running
[UL Convergence] | phase=optimize | user=1 | block=4 | n_kl=60 | epoch=105/1000 | objective=-16.369734 | rate=16.360041 | power=29.999939 | r_p=0.000000 | r_c=0.000000 | r_s=0.002037 | status=running
[UL Convergence] | phase=optimize | user=1 | block=4 | n_kl=60 | epoch=106/1000 | objective=-16.371469 | rate=16.361774 | power=29.999939 | r_p=0.000000 | r_c=0.000000 | r_s=0.001986 | status=running
[UL Convergence] | phase=optimize | user=1 | block=4 | n_kl=60 | epoch=107/1000 | objective=-16.373123 | rate=16.363426 | power=29.999939 | r_p=0.000000 | r_c=0.000000 | r_s=0.001937 | status=running
[UL Convergence] | phase=optimize | user=1 | block=4 | n_kl=60 | epoch=108/1000 | objective=-16.374681 | rate=16.364983 | power=29.999939 | r_p=0.000000 | r_c=0.000000 | r_s=0.001888 | status=running
[UL Convergence] | phase=optimize | user=1 | block=4 | n_kl=60 | epoch=109/1000 | objective=-16.376152 | rate=16.366453 | power=29.999935 | r_p=0.000000 | r_c=0.000000 | r_s=0.001839 | status=running
[UL Convergence] | phase=optimize | user=1 | block=4 | n_kl=60 | epoch=110/1000 | objective=-16.377541 | rate=16.367840 | power=29.999939 | r_p=0.000000 | r_c=0.000000 | r_s=0.001792 | status=running
[UL Convergence] | phase=optimize | user=1 | block=4 | n_kl=60 | epoch=111/1000 | objective=-16.378855 | rate=16.369152 | power=29.999939 | r_p=0.000000 | r_c=0.000000 | r_s=0.001745 | status=running
[UL Convergence] | phase=optimize | user=1 | block=4 | n_kl=60 | epoch=112/1000 | objective=-16.380081 | rate=16.370377 | power=29.999939 | r_p=0.000000 | r_c=0.000000 | r_s=0.001699 | status=running
[UL Convergence] | phase=optimize | user=1 | block=4 | n_kl=60 | epoch=113/1000 | objective=-16.381233 | rate=16.371529 | power=29.999939 | r_p=0.000000 | r_c=0.000000 | r_s=0.001653 | status=running
[UL Convergence] | phase=optimize | user=1 | block=4 | n_kl=60 | epoch=114/1000 | objective=-16.382324 | rate=16.372618 | power=29.999935 | r_p=0.000000 | r_c=0.000000 | r_s=0.001609 | status=running
[UL Convergence] | phase=optimize | user=1 | block=4 | n_kl=60 | epoch=115/1000 | objective=-16.383364 | rate=16.373657 | power=29.999939 | r_p=0.000000 | r_c=0.000000 | r_s=0.001565 | status=running
[UL Convergence] | phase=optimize | user=1 | block=4 | n_kl=60 | epoch=116/1000 | objective=-16.384312 | rate=16.374603 | power=29.999939 | r_p=0.000000 | r_c=0.000000 | r_s=0.001521 | status=running
[UL Convergence] | phase=optimize | user=1 | block=4 | n_kl=60 | epoch=117/1000 | objective=-16.385233 | rate=16.375525 | power=29.999945 | r_p=0.000000 | r_c=0.000000 | r_s=0.001479 | status=running
[UL Convergence] | phase=optimize | user=1 | block=4 | n_kl=60 | epoch=118/1000 | objective=-16.386091 | rate=16.376381 | power=29.999935 | r_p=0.000000 | r_c=0.000000 | r_s=0.001437 | status=running
[UL Convergence] | phase=optimize | user=1 | block=4 | n_kl=60 | epoch=119/1000 | objective=-16.386889 | rate=16.377178 | power=29.999939 | r_p=0.000000 | r_c=0.000000 | r_s=0.001396 | status=running
[UL Convergence] | phase=optimize | user=1 | block=4 | n_kl=60 | epoch=120/1000 | objective=-16.387636 | rate=16.377926 | power=29.999939 | r_p=0.000000 | r_c=0.000000 | r_s=0.001355 | status=running
[UL Convergence] | phase=optimize | user=1 | block=4 | n_kl=60 | epoch=121/1000 | objective=-16.388340 | rate=16.378628 | power=29.999935 | r_p=0.000000 | r_c=0.000000 | r_s=0.001316 | status=running
[UL Convergence] | phase=optimize | user=1 | block=4 | n_kl=60 | epoch=122/1000 | objective=-16.389004 | rate=16.379292 | power=29.999945 | r_p=0.000000 | r_c=0.000000 | r_s=0.001277 | status=running
[UL Convergence] | phase=optimize | user=1 | block=4 | n_kl=60 | epoch=123/1000 | objective=-16.389626 | rate=16.379911 | power=29.999939 | r_p=0.000000 | r_c=0.000000 | r_s=0.001238 | status=running
[UL Convergence] | phase=optimize | user=1 | block=4 | n_kl=60 | epoch=124/1000 | objective=-16.390203 | rate=16.380489 | power=29.999935 | r_p=0.000000 | r_c=0.000000 | r_s=0.001201 | status=running
[UL Convergence] | phase=optimize | user=1 | block=4 | n_kl=60 | epoch=125/1000 | objective=-16.390739 | rate=16.381025 | power=29.999939 | r_p=0.000000 | r_c=0.000000 | r_s=0.001164 | status=running
[UL Convergence] | phase=optimize | user=1 | block=4 | n_kl=60 | epoch=126/1000 | objective=-16.391254 | rate=16.381540 | power=29.999939 | r_p=0.000000 | r_c=0.000000 | r_s=0.001129 | status=running
[UL Convergence] | phase=optimize | user=1 | block=4 | n_kl=60 | epoch=127/1000 | objective=-16.391729 | rate=16.382013 | power=29.999939 | r_p=0.000000 | r_c=0.000000 | r_s=0.001094 | status=running
[UL Convergence] | phase=optimize | user=1 | block=4 | n_kl=60 | epoch=128/1000 | objective=-16.392159 | rate=16.382442 | power=29.999939 | r_p=0.000000 | r_c=0.000000 | r_s=0.001059 | status=running
[UL Convergence] | phase=optimize | user=1 | block=4 | n_kl=60 | epoch=129/1000 | objective=-16.392580 | rate=16.382864 | power=29.999939 | r_p=0.000000 | r_c=0.000000 | r_s=0.001026 | status=running
[UL Convergence] | phase=optimize | user=1 | block=4 | n_kl=60 | epoch=130/1000 | objective=-16.392963 | rate=16.383247 | power=29.999935 | r_p=0.000000 | r_c=0.000000 | r_s=9.933915e-04 | status=running
[UL Convergence] | phase=optimize | user=1 | block=4 | n_kl=60 | epoch=131/1000 | objective=-16.393320 | rate=16.383604 | power=29.999945 | r_p=0.000000 | r_c=0.000000 | r_s=9.615422e-04 | status=running
[UL Convergence] | phase=optimize | user=1 | block=4 | n_kl=60 | epoch=132/1000 | objective=-16.393658 | rate=16.383940 | power=29.999939 | r_p=0.000000 | r_c=0.000000 | r_s=9.305311e-04 | status=running
[UL Convergence] | phase=optimize | user=1 | block=4 | n_kl=60 | epoch=133/1000 | objective=-16.393970 | rate=16.384253 | power=29.999939 | r_p=0.000000 | r_c=0.000000 | r_s=9.002375e-04 | status=running
[UL Convergence] | phase=optimize | user=1 | block=4 | n_kl=60 | epoch=134/1000 | objective=-16.394255 | rate=16.384537 | power=29.999939 | r_p=0.000000 | r_c=0.000000 | r_s=8.707417e-04 | status=running
[UL Convergence] | phase=optimize | user=1 | block=4 | n_kl=60 | epoch=135/1000 | objective=-16.394533 | rate=16.384815 | power=29.999939 | r_p=0.000000 | r_c=0.000000 | r_s=8.419894e-04 | status=running
[UL Convergence] | phase=optimize | user=1 | block=4 | n_kl=60 | epoch=136/1000 | objective=-16.394781 | rate=16.385063 | power=29.999939 | r_p=0.000000 | r_c=0.000000 | r_s=8.139731e-04 | status=running
[UL Convergence] | phase=optimize | user=1 | block=4 | n_kl=60 | epoch=137/1000 | objective=-16.395012 | rate=16.385294 | power=29.999939 | r_p=0.000000 | r_c=0.000000 | r_s=7.866861e-04 | status=running
[UL Convergence] | phase=optimize | user=1 | block=4 | n_kl=60 | epoch=138/1000 | objective=-16.395226 | rate=16.385508 | power=29.999939 | r_p=0.000000 | r_c=0.000000 | r_s=7.600821e-04 | status=running
[UL Convergence] | phase=optimize | user=1 | block=4 | n_kl=60 | epoch=139/1000 | objective=-16.395439 | rate=16.385719 | power=29.999939 | r_p=0.000000 | r_c=0.000000 | r_s=7.342056e-04 | status=running
[UL Convergence] | phase=optimize | user=1 | block=4 | n_kl=60 | epoch=140/1000 | objective=-16.395617 | rate=16.385897 | power=29.999939 | r_p=0.000000 | r_c=0.000000 | r_s=7.089919e-04 | status=running
[UL Convergence] | phase=optimize | user=1 | block=4 | n_kl=60 | epoch=141/1000 | objective=-16.395798 | rate=16.386078 | power=29.999935 | r_p=0.000000 | r_c=0.000000 | r_s=6.844625e-04 | status=running
[UL Convergence] | phase=optimize | user=1 | block=4 | n_kl=60 | epoch=142/1000 | objective=-16.395952 | rate=16.386232 | power=29.999939 | r_p=0.000000 | r_c=0.000000 | r_s=6.605711e-04 | status=running
[UL Convergence] | phase=optimize | user=1 | block=4 | n_kl=60 | epoch=143/1000 | objective=-16.396105 | rate=16.386385 | power=29.999939 | r_p=0.000000 | r_c=0.000000 | r_s=6.373368e-04 | status=running
[UL Convergence] | phase=optimize | user=1 | block=4 | n_kl=60 | epoch=144/1000 | objective=-16.396244 | rate=16.386524 | power=29.999945 | r_p=0.000000 | r_c=0.000000 | r_s=6.147344e-04 | status=running
[UL Convergence] | phase=optimize | user=1 | block=4 | n_kl=60 | epoch=145/1000 | objective=-16.396370 | rate=16.386650 | power=29.999939 | r_p=0.000000 | r_c=0.000000 | r_s=5.927785e-04 | status=kkt_converged
[UL Convergence Result] | user=1 | block=4 | n_kl=60 | achieved_rate=16.386650 | power=29.999939 | rate_gap=-9.719984 | power_gap=-6.103516e-05 | solve_status=kkt_converged
[UL Convergence Allocation] | user=1 | block=4 | n_kl=60 | requested_bits=400 | served_bits=400 | full_service=true
[UL Convergence Block] | user=1 | block=4 | stage=post_T | served_bits=400 | unserved_bits=0
[UL Convergence Reduction] | user=1 | block=4 | served_bits=400 | n_start=59 | n_min=1
[UL Convergence Solve] | user=1 | block=4 | stage=reduced_n | n_kl=59 | served_bits=400
[UL Convergence] | phase=optimize | user=1 | block=4 | n_kl=59 | epoch=1/1000 | objective=-16.376265 | rate=16.366678 | power=29.999939 | r_p=0.000000 | r_c=0.000000 | r_s=inf | status=running
[UL Convergence] | phase=optimize | user=1 | block=4 | n_kl=59 | epoch=2/1000 | objective=-16.376385 | rate=16.366798 | power=29.999939 | r_p=0.000000 | r_c=0.000000 | r_s=5.714184e-04 | status=kkt_converged
[UL Convergence Candidate] | user=1 | block=4 | n_kl=59 | achieved_rate=16.366798 | rate_gap=-9.587137 | power_gap=-6.103516e-05 | status=accepted
[UL Convergence Solve] | user=1 | block=4 | stage=reduced_n | n_kl=50 | served_bits=400
[UL Convergence] | phase=optimize | user=1 | block=4 | n_kl=50 | epoch=1/1000 | objective=-16.169727 | rate=16.161566 | power=29.999939 | r_p=0.000000 | r_c=0.000000 | r_s=inf | status=running
[UL Convergence] | phase=optimize | user=1 | block=4 | n_kl=50 | epoch=2/1000 | objective=-16.169783 | rate=16.161621 | power=29.999939 | r_p=0.000000 | r_c=0.000000 | r_s=4.053904e-04 | status=kkt_converged
[UL Convergence Candidate] | user=1 | block=4 | n_kl=50 | achieved_rate=16.161621 | rate_gap=-8.161621 | power_gap=-6.103516e-05 | status=accepted
[UL Convergence Solve] | user=1 | block=4 | stage=reduced_n | n_kl=40 | served_bits=400
[UL Convergence] | phase=optimize | user=1 | block=4 | n_kl=40 | epoch=1/1000 | objective=-15.861828 | rate=15.855972 | power=29.999939 | r_p=0.000000 | r_c=0.000000 | r_s=inf | status=running
[UL Convergence] | phase=optimize | user=1 | block=4 | n_kl=40 | epoch=2/1000 | objective=-15.861838 | rate=15.855983 | power=29.999939 | r_p=0.000000 | r_c=0.000000 | r_s=2.693383e-04 | status=kkt_converged
[UL Convergence Candidate] | user=1 | block=4 | n_kl=40 | achieved_rate=15.855983 | rate_gap=-5.855983 | power_gap=-6.103516e-05 | status=accepted
[UL Convergence Solve] | user=1 | block=4 | stage=reduced_n | n_kl=30 | served_bits=400
[UL Convergence] | phase=optimize | user=1 | block=4 | n_kl=30 | epoch=1/1000 | objective=-15.409813 | rate=15.407739 | power=29.999939 | r_p=0.000000 | r_c=0.000000 | r_s=inf | status=running
[UL Convergence] | phase=optimize | user=1 | block=4 | n_kl=30 | epoch=2/1000 | objective=-15.409822 | rate=15.407748 | power=29.999939 | r_p=0.000000 | r_c=0.000000 | r_s=1.731118e-04 | status=kkt_converged
[UL Convergence Candidate] | user=1 | block=4 | n_kl=30 | achieved_rate=15.407748 | rate_gap=-2.074415 | power_gap=-6.103516e-05 | status=accepted
[UL Convergence Reduction] | user=1 | block=4 | n_kl=26 | status=stop_infeasible
[UL Convergence Final] | user=1 | block=4 | feasible_points=34 | chosen_n_kl=27 | served_bits=400 | achieved_rate=15.226719 | power=29.999939 | solve_status=kkt_converged
[UL Convergence Allocation] | user=1 | block=4 | chosen_n_kl=27 | served_bits=400 | unserved_bits=0 | mode=fixed_block_targets
[UL Convergence Train] | phase=start | user=2 | mode=fixed_block_targets
[UL Convergence Train] | user=2 | block=0 | target_bits=600 | mode=fixed_block_targets
[UL Convergence Block] | user=2 | block=0 | budget_mode=target_bits | requested_bits=600
[UL Convergence Solve] | user=2 | block=0 | stage=n=T | n_kl=80 | requested_bits=600
[UL Convergence] | phase=optimize | user=2 | block=0 | n_kl=80 | epoch=1/1000 | objective=-13.660503 | rate=13.654349 | power=29.999935 | r_p=0.000000 | r_c=0.000000 | r_s=inf | status=running
[UL Convergence] | phase=optimize | user=2 | block=0 | n_kl=80 | epoch=2/1000 | objective=-13.751077 | rate=13.744829 | power=29.969275 | r_p=0.000000 | r_c=0.000000 | r_s=0.010328 | status=running
[UL Convergence] | phase=optimize | user=2 | block=0 | n_kl=80 | epoch=3/1000 | objective=-13.832083 | rate=13.825757 | power=29.999939 | r_p=0.000000 | r_c=0.000000 | r_s=0.007910 | status=running
[UL Convergence] | phase=optimize | user=2 | block=0 | n_kl=80 | epoch=4/1000 | objective=-13.911427 | rate=13.905023 | power=29.999935 | r_p=0.000000 | r_c=0.000000 | r_s=0.008246 | status=running
[UL Convergence] | phase=optimize | user=2 | block=0 | n_kl=80 | epoch=5/1000 | objective=-13.991601 | rate=13.985116 | power=29.999939 | r_p=0.000000 | r_c=0.000000 | r_s=0.008440 | status=running
[UL Convergence] | phase=optimize | user=2 | block=0 | n_kl=80 | epoch=6/1000 | objective=-14.071539 | rate=14.064974 | power=29.999939 | r_p=0.000000 | r_c=0.000000 | r_s=0.008562 | status=running
[UL Convergence] | phase=optimize | user=2 | block=0 | n_kl=80 | epoch=7/1000 | objective=-14.150661 | rate=14.144017 | power=29.999939 | r_p=0.000000 | r_c=0.000000 | r_s=0.008646 | status=running
[UL Convergence] | phase=optimize | user=2 | block=0 | n_kl=80 | epoch=8/1000 | objective=-14.228657 | rate=14.221935 | power=29.999939 | r_p=0.000000 | r_c=0.000000 | r_s=0.008704 | status=running
[UL Convergence] | phase=optimize | user=2 | block=0 | n_kl=80 | epoch=9/1000 | objective=-14.305245 | rate=14.298447 | power=29.999939 | r_p=0.000000 | r_c=0.000000 | r_s=0.008745 | status=running
[UL Convergence] | phase=optimize | user=2 | block=0 | n_kl=80 | epoch=10/1000 | objective=-14.380280 | rate=14.373407 | power=29.999939 | r_p=0.000000 | r_c=0.000000 | r_s=0.008771 | status=running
[UL Convergence] | phase=optimize | user=2 | block=0 | n_kl=80 | epoch=11/1000 | objective=-14.453628 | rate=14.446681 | power=29.999939 | r_p=0.000000 | r_c=0.000000 | r_s=0.008784 | status=running
[UL Convergence] | phase=optimize | user=2 | block=0 | n_kl=80 | epoch=12/1000 | objective=-14.525182 | rate=14.518164 | power=29.999935 | r_p=0.000000 | r_c=0.000000 | r_s=0.008786 | status=running
[UL Convergence] | phase=optimize | user=2 | block=0 | n_kl=80 | epoch=13/1000 | objective=-14.594873 | rate=14.587786 | power=29.999939 | r_p=0.000000 | r_c=0.000000 | r_s=0.008778 | status=running
[UL Convergence] | phase=optimize | user=2 | block=0 | n_kl=80 | epoch=14/1000 | objective=-14.662639 | rate=14.655483 | power=29.999939 | r_p=0.000000 | r_c=0.000000 | r_s=0.008760 | status=running
[UL Convergence] | phase=optimize | user=2 | block=0 | n_kl=80 | epoch=15/1000 | objective=-14.728442 | rate=14.721221 | power=29.999939 | r_p=0.000000 | r_c=0.000000 | r_s=0.008733 | status=running
[UL Convergence] | phase=optimize | user=2 | block=0 | n_kl=80 | epoch=16/1000 | objective=-14.792239 | rate=14.784954 | power=29.999939 | r_p=0.000000 | r_c=0.000000 | r_s=0.008698 | status=running
[UL Convergence] | phase=optimize | user=2 | block=0 | n_kl=80 | epoch=17/1000 | objective=-14.854038 | rate=14.846691 | power=29.999945 | r_p=0.000000 | r_c=0.000000 | r_s=0.008654 | status=running
[UL Convergence] | phase=optimize | user=2 | block=0 | n_kl=80 | epoch=18/1000 | objective=-14.913815 | rate=14.906408 | power=29.999939 | r_p=0.000000 | r_c=0.000000 | r_s=0.008603 | status=running
[UL Convergence] | phase=optimize | user=2 | block=0 | n_kl=80 | epoch=19/1000 | objective=-14.971576 | rate=14.964111 | power=29.999939 | r_p=0.000000 | r_c=0.000000 | r_s=0.008544 | status=running
[UL Convergence] | phase=optimize | user=2 | block=0 | n_kl=80 | epoch=20/1000 | objective=-15.027342 | rate=15.019822 | power=29.999935 | r_p=0.000000 | r_c=0.000000 | r_s=0.008480 | status=running
[UL Convergence] | phase=optimize | user=2 | block=0 | n_kl=80 | epoch=21/1000 | objective=-15.081127 | rate=15.073554 | power=29.999939 | r_p=0.000000 | r_c=0.000000 | r_s=0.008409 | status=running
[UL Convergence] | phase=optimize | user=2 | block=0 | n_kl=80 | epoch=22/1000 | objective=-15.132948 | rate=15.125322 | power=29.999939 | r_p=0.000000 | r_c=0.000000 | r_s=0.008332 | status=running
[UL Convergence] | phase=optimize | user=2 | block=0 | n_kl=80 | epoch=23/1000 | objective=-15.182858 | rate=15.175182 | power=29.999935 | r_p=0.000000 | r_c=0.000000 | r_s=0.008251 | status=running
[UL Convergence] | phase=optimize | user=2 | block=0 | n_kl=80 | epoch=24/1000 | objective=-15.230856 | rate=15.223133 | power=29.999939 | r_p=0.000000 | r_c=0.000000 | r_s=0.008165 | status=running
[UL Convergence] | phase=optimize | user=2 | block=0 | n_kl=80 | epoch=25/1000 | objective=-15.277008 | rate=15.269238 | power=29.999935 | r_p=0.000000 | r_c=0.000000 | r_s=0.008076 | status=running
[UL Convergence] | phase=optimize | user=2 | block=0 | n_kl=80 | epoch=26/1000 | objective=-15.321339 | rate=15.313525 | power=29.999939 | r_p=0.000000 | r_c=0.000000 | r_s=0.007983 | status=running
[UL Convergence] | phase=optimize | user=2 | block=0 | n_kl=80 | epoch=27/1000 | objective=-15.363896 | rate=15.356040 | power=29.999939 | r_p=0.000000 | r_c=0.000000 | r_s=0.007888 | status=running
[UL Convergence] | phase=optimize | user=2 | block=0 | n_kl=80 | epoch=28/1000 | objective=-15.404737 | rate=15.396840 | power=29.999939 | r_p=0.000000 | r_c=0.000000 | r_s=0.007790 | status=running
[UL Convergence] | phase=optimize | user=2 | block=0 | n_kl=80 | epoch=29/1000 | objective=-15.443880 | rate=15.435945 | power=29.999935 | r_p=0.000000 | r_c=0.000000 | r_s=0.007691 | status=running
[UL Convergence] | phase=optimize | user=2 | block=0 | n_kl=80 | epoch=30/1000 | objective=-15.481393 | rate=15.473419 | power=29.999939 | r_p=0.000000 | r_c=0.000000 | r_s=0.007590 | status=running
[UL Convergence] | phase=optimize | user=2 | block=0 | n_kl=80 | epoch=31/1000 | objective=-15.517319 | rate=15.509310 | power=29.999939 | r_p=0.000000 | r_c=0.000000 | r_s=0.007488 | status=running
[UL Convergence] | phase=optimize | user=2 | block=0 | n_kl=80 | epoch=32/1000 | objective=-15.551702 | rate=15.543659 | power=29.999939 | r_p=0.000000 | r_c=0.000000 | r_s=0.007386 | status=running
[UL Convergence] | phase=optimize | user=2 | block=0 | n_kl=80 | epoch=33/1000 | objective=-15.584582 | rate=15.576506 | power=29.999945 | r_p=0.000000 | r_c=0.000000 | r_s=0.007283 | status=running
[UL Convergence] | phase=optimize | user=2 | block=0 | n_kl=80 | epoch=34/1000 | objective=-15.616019 | rate=15.607911 | power=29.999935 | r_p=0.000000 | r_c=0.000000 | r_s=0.007179 | status=running
[UL Convergence] | phase=optimize | user=2 | block=0 | n_kl=80 | epoch=35/1000 | objective=-15.646049 | rate=15.637911 | power=29.999935 | r_p=0.000000 | r_c=0.000000 | r_s=0.007076 | status=running
[UL Convergence] | phase=optimize | user=2 | block=0 | n_kl=80 | epoch=36/1000 | objective=-15.674721 | rate=15.666554 | power=29.999935 | r_p=0.000000 | r_c=0.000000 | r_s=0.006972 | status=running
[UL Convergence] | phase=optimize | user=2 | block=0 | n_kl=80 | epoch=37/1000 | objective=-15.702085 | rate=15.693892 | power=29.999939 | r_p=0.000000 | r_c=0.000000 | r_s=0.006868 | status=running
[UL Convergence] | phase=optimize | user=2 | block=0 | n_kl=80 | epoch=38/1000 | objective=-15.728171 | rate=15.719952 | power=29.999939 | r_p=0.000000 | r_c=0.000000 | r_s=0.006764 | status=running
[UL Convergence] | phase=optimize | user=2 | block=0 | n_kl=80 | epoch=39/1000 | objective=-15.753032 | rate=15.744787 | power=29.999939 | r_p=0.000000 | r_c=0.000000 | r_s=0.006659 | status=running
[UL Convergence] | phase=optimize | user=2 | block=0 | n_kl=80 | epoch=40/1000 | objective=-15.776709 | rate=15.768440 | power=29.999945 | r_p=0.000000 | r_c=0.000000 | r_s=0.006555 | status=running
[UL Convergence] | phase=optimize | user=2 | block=0 | n_kl=80 | epoch=41/1000 | objective=-15.799237 | rate=15.790946 | power=29.999945 | r_p=0.000000 | r_c=0.000000 | r_s=0.006450 | status=running
[UL Convergence] | phase=optimize | user=2 | block=0 | n_kl=80 | epoch=42/1000 | objective=-15.820658 | rate=15.812346 | power=29.999935 | r_p=0.000000 | r_c=0.000000 | r_s=0.006345 | status=running
[UL Convergence] | phase=optimize | user=2 | block=0 | n_kl=80 | epoch=43/1000 | objective=-15.839590 | rate=15.831258 | power=29.992105 | r_p=0.000000 | r_c=0.000000 | r_s=0.006241 | status=running
[UL Convergence] | phase=optimize | user=2 | block=0 | n_kl=80 | epoch=44/1000 | objective=-15.859121 | rate=15.850771 | power=29.999939 | r_p=0.000000 | r_c=0.000000 | r_s=0.005753 | status=running
[UL Convergence] | phase=optimize | user=2 | block=0 | n_kl=80 | epoch=45/1000 | objective=-15.876339 | rate=15.867971 | power=29.999935 | r_p=0.000000 | r_c=0.000000 | r_s=0.005635 | status=running
[UL Convergence] | phase=optimize | user=2 | block=0 | n_kl=80 | epoch=46/1000 | objective=-15.892703 | rate=15.884318 | power=29.999935 | r_p=0.000000 | r_c=0.000000 | r_s=0.005523 | status=running
[UL Convergence] | phase=optimize | user=2 | block=0 | n_kl=80 | epoch=47/1000 | objective=-15.908254 | rate=15.899854 | power=29.999939 | r_p=0.000000 | r_c=0.000000 | r_s=0.005414 | status=running
[UL Convergence] | phase=optimize | user=2 | block=0 | n_kl=80 | epoch=48/1000 | objective=-15.923014 | rate=15.914599 | power=29.999939 | r_p=0.000000 | r_c=0.000000 | r_s=0.005308 | status=running
[UL Convergence] | phase=optimize | user=2 | block=0 | n_kl=80 | epoch=49/1000 | objective=-15.937030 | rate=15.928601 | power=29.999935 | r_p=0.000000 | r_c=0.000000 | r_s=0.005204 | status=running
[UL Convergence] | phase=optimize | user=2 | block=0 | n_kl=80 | epoch=50/1000 | objective=-15.950325 | rate=15.941883 | power=29.999939 | r_p=0.000000 | r_c=0.000000 | r_s=0.005103 | status=running
[UL Convergence] | phase=optimize | user=2 | block=0 | n_kl=80 | epoch=51/1000 | objective=-15.962933 | rate=15.954478 | power=29.999939 | r_p=0.000000 | r_c=0.000000 | r_s=0.005003 | status=running
[UL Convergence] | phase=optimize | user=2 | block=0 | n_kl=80 | epoch=52/1000 | objective=-15.974880 | rate=15.966413 | power=29.999945 | r_p=0.000000 | r_c=0.000000 | r_s=0.004905 | status=running
[UL Convergence] | phase=optimize | user=2 | block=0 | n_kl=80 | epoch=53/1000 | objective=-15.986189 | rate=15.977711 | power=29.999939 | r_p=0.000000 | r_c=0.000000 | r_s=0.004808 | status=running
[UL Convergence] | phase=optimize | user=2 | block=0 | n_kl=80 | epoch=54/1000 | objective=-15.996895 | rate=15.988406 | power=29.999939 | r_p=0.000000 | r_c=0.000000 | r_s=0.004712 | status=running
[UL Convergence] | phase=optimize | user=2 | block=0 | n_kl=80 | epoch=55/1000 | objective=-16.007025 | rate=15.998527 | power=29.999939 | r_p=0.000000 | r_c=0.000000 | r_s=0.004617 | status=running
[UL Convergence] | phase=optimize | user=2 | block=0 | n_kl=80 | epoch=56/1000 | objective=-16.016598 | rate=16.008089 | power=29.999945 | r_p=0.000000 | r_c=0.000000 | r_s=0.004522 | status=running
[UL Convergence] | phase=optimize | user=2 | block=0 | n_kl=80 | epoch=57/1000 | objective=-16.025633 | rate=16.017117 | power=29.999939 | r_p=0.000000 | r_c=0.000000 | r_s=0.004429 | status=running
[UL Convergence] | phase=optimize | user=2 | block=0 | n_kl=80 | epoch=58/1000 | objective=-16.034157 | rate=16.025631 | power=29.999935 | r_p=0.000000 | r_c=0.000000 | r_s=0.004336 | status=running
[UL Convergence] | phase=optimize | user=2 | block=0 | n_kl=80 | epoch=59/1000 | objective=-16.042192 | rate=16.033659 | power=29.999939 | r_p=0.000000 | r_c=0.000000 | r_s=0.004243 | status=running
[UL Convergence] | phase=optimize | user=2 | block=0 | n_kl=80 | epoch=60/1000 | objective=-16.049776 | rate=16.041235 | power=29.999939 | r_p=0.000000 | r_c=0.000000 | r_s=0.004151 | status=running
[UL Convergence] | phase=optimize | user=2 | block=0 | n_kl=80 | epoch=61/1000 | objective=-16.056904 | rate=16.048355 | power=29.999945 | r_p=0.000000 | r_c=0.000000 | r_s=0.004059 | status=running
[UL Convergence] | phase=optimize | user=2 | block=0 | n_kl=80 | epoch=62/1000 | objective=-16.063608 | rate=16.055054 | power=29.999939 | r_p=0.000000 | r_c=0.000000 | r_s=0.003968 | status=running
[UL Convergence] | phase=optimize | user=2 | block=0 | n_kl=80 | epoch=63/1000 | objective=-16.069914 | rate=16.061352 | power=29.999939 | r_p=0.000000 | r_c=0.000000 | r_s=0.003877 | status=running
[UL Convergence] | phase=optimize | user=2 | block=0 | n_kl=80 | epoch=64/1000 | objective=-16.075829 | rate=16.067261 | power=29.999939 | r_p=0.000000 | r_c=0.000000 | r_s=0.003786 | status=running
[UL Convergence] | phase=optimize | user=2 | block=0 | n_kl=80 | epoch=65/1000 | objective=-16.081387 | rate=16.072813 | power=29.999935 | r_p=0.000000 | r_c=0.000000 | r_s=0.003696 | status=running
[UL Convergence] | phase=optimize | user=2 | block=0 | n_kl=80 | epoch=66/1000 | objective=-16.086588 | rate=16.078011 | power=29.999939 | r_p=0.000000 | r_c=0.000000 | r_s=0.003606 | status=running
[UL Convergence] | phase=optimize | user=2 | block=0 | n_kl=80 | epoch=67/1000 | objective=-16.091465 | rate=16.082882 | power=29.999939 | r_p=0.000000 | r_c=0.000000 | r_s=0.003516 | status=running
[UL Convergence] | phase=optimize | user=2 | block=0 | n_kl=80 | epoch=68/1000 | objective=-16.096027 | rate=16.087440 | power=29.999939 | r_p=0.000000 | r_c=0.000000 | r_s=0.003427 | status=running
[UL Convergence] | phase=optimize | user=2 | block=0 | n_kl=80 | epoch=69/1000 | objective=-16.100288 | rate=16.091696 | power=29.999935 | r_p=0.000000 | r_c=0.000000 | r_s=0.003339 | status=running
[UL Convergence] | phase=optimize | user=2 | block=0 | n_kl=80 | epoch=70/1000 | objective=-16.104275 | rate=16.095678 | power=29.999939 | r_p=0.000000 | r_c=0.000000 | r_s=0.003251 | status=running
[UL Convergence] | phase=optimize | user=2 | block=0 | n_kl=80 | epoch=71/1000 | objective=-16.107988 | rate=16.099388 | power=29.999939 | r_p=0.000000 | r_c=0.000000 | r_s=0.003163 | status=running
[UL Convergence] | phase=optimize | user=2 | block=0 | n_kl=80 | epoch=72/1000 | objective=-16.111448 | rate=16.102846 | power=29.999939 | r_p=0.000000 | r_c=0.000000 | r_s=0.003076 | status=running
[UL Convergence] | phase=optimize | user=2 | block=0 | n_kl=80 | epoch=73/1000 | objective=-16.114668 | rate=16.106062 | power=29.999939 | r_p=0.000000 | r_c=0.000000 | r_s=0.002990 | status=running
[UL Convergence] | phase=optimize | user=2 | block=0 | n_kl=80 | epoch=74/1000 | objective=-16.117666 | rate=16.109056 | power=29.999939 | r_p=0.000000 | r_c=0.000000 | r_s=0.002905 | status=running
[UL Convergence] | phase=optimize | user=2 | block=0 | n_kl=80 | epoch=75/1000 | objective=-16.120462 | rate=16.111851 | power=29.999939 | r_p=0.000000 | r_c=0.000000 | r_s=0.002821 | status=running
[UL Convergence] | phase=optimize | user=2 | block=0 | n_kl=80 | epoch=76/1000 | objective=-16.123051 | rate=16.114437 | power=29.999945 | r_p=0.000000 | r_c=0.000000 | r_s=0.002737 | status=running
[UL Convergence] | phase=optimize | user=2 | block=0 | n_kl=80 | epoch=77/1000 | objective=-16.125452 | rate=16.116835 | power=29.999935 | r_p=0.000000 | r_c=0.000000 | r_s=0.002655 | status=running
[UL Convergence] | phase=optimize | user=2 | block=0 | n_kl=80 | epoch=78/1000 | objective=-16.127678 | rate=16.119059 | power=29.999935 | r_p=0.000000 | r_c=0.000000 | r_s=0.002573 | status=running
[UL Convergence] | phase=optimize | user=2 | block=0 | n_kl=80 | epoch=79/1000 | objective=-16.129745 | rate=16.121124 | power=29.999939 | r_p=0.000000 | r_c=0.000000 | r_s=0.002493 | status=running
[UL Convergence] | phase=optimize | user=2 | block=0 | n_kl=80 | epoch=80/1000 | objective=-16.131647 | rate=16.123024 | power=29.999939 | r_p=0.000000 | r_c=0.000000 | r_s=0.002413 | status=running
[UL Convergence] | phase=optimize | user=2 | block=0 | n_kl=80 | epoch=81/1000 | objective=-16.133410 | rate=16.124784 | power=29.999939 | r_p=0.000000 | r_c=0.000000 | r_s=0.002335 | status=running
[UL Convergence] | phase=optimize | user=2 | block=0 | n_kl=80 | epoch=82/1000 | objective=-16.135035 | rate=16.126408 | power=29.999939 | r_p=0.000000 | r_c=0.000000 | r_s=0.002258 | status=running
[UL Convergence] | phase=optimize | user=2 | block=0 | n_kl=80 | epoch=83/1000 | objective=-16.136530 | rate=16.127901 | power=29.999945 | r_p=0.000000 | r_c=0.000000 | r_s=0.002183 | status=running
[UL Convergence] | phase=optimize | user=2 | block=0 | n_kl=80 | epoch=84/1000 | objective=-16.137917 | rate=16.129288 | power=29.999939 | r_p=0.000000 | r_c=0.000000 | r_s=0.002109 | status=running
[UL Convergence] | phase=optimize | user=2 | block=0 | n_kl=80 | epoch=85/1000 | objective=-16.139185 | rate=16.130554 | power=29.999939 | r_p=0.000000 | r_c=0.000000 | r_s=0.002036 | status=running
[UL Convergence] | phase=optimize | user=2 | block=0 | n_kl=80 | epoch=86/1000 | objective=-16.140350 | rate=16.131718 | power=29.999939 | r_p=0.000000 | r_c=0.000000 | r_s=0.001964 | status=running
[UL Convergence] | phase=optimize | user=2 | block=0 | n_kl=80 | epoch=87/1000 | objective=-16.141428 | rate=16.132795 | power=29.999945 | r_p=0.000000 | r_c=0.000000 | r_s=0.001894 | status=running
[UL Convergence] | phase=optimize | user=2 | block=0 | n_kl=80 | epoch=88/1000 | objective=-16.142412 | rate=16.133778 | power=29.999939 | r_p=0.000000 | r_c=0.000000 | r_s=0.001826 | status=running
[UL Convergence] | phase=optimize | user=2 | block=0 | n_kl=80 | epoch=89/1000 | objective=-16.143320 | rate=16.134686 | power=29.999939 | r_p=0.000000 | r_c=0.000000 | r_s=0.001759 | status=running
[UL Convergence] | phase=optimize | user=2 | block=0 | n_kl=80 | epoch=90/1000 | objective=-16.144142 | rate=16.135508 | power=29.999939 | r_p=0.000000 | r_c=0.000000 | r_s=0.001693 | status=running
[UL Convergence] | phase=optimize | user=2 | block=0 | n_kl=80 | epoch=91/1000 | objective=-16.144897 | rate=16.136261 | power=29.999939 | r_p=0.000000 | r_c=0.000000 | r_s=0.001629 | status=running
[UL Convergence] | phase=optimize | user=2 | block=0 | n_kl=80 | epoch=92/1000 | objective=-16.145584 | rate=16.136948 | power=29.999939 | r_p=0.000000 | r_c=0.000000 | r_s=0.001567 | status=running
[UL Convergence] | phase=optimize | user=2 | block=0 | n_kl=80 | epoch=93/1000 | objective=-16.146221 | rate=16.137583 | power=29.999939 | r_p=0.000000 | r_c=0.000000 | r_s=0.001506 | status=running
[UL Convergence] | phase=optimize | user=2 | block=0 | n_kl=80 | epoch=94/1000 | objective=-16.146797 | rate=16.138159 | power=29.999939 | r_p=0.000000 | r_c=0.000000 | r_s=0.001447 | status=running
[UL Convergence] | phase=optimize | user=2 | block=0 | n_kl=80 | epoch=95/1000 | objective=-16.147314 | rate=16.138676 | power=29.999939 | r_p=0.000000 | r_c=0.000000 | r_s=0.001389 | status=running
[UL Convergence] | phase=optimize | user=2 | block=0 | n_kl=80 | epoch=96/1000 | objective=-16.147783 | rate=16.139145 | power=29.999939 | r_p=0.000000 | r_c=0.000000 | r_s=0.001333 | status=running
[UL Convergence] | phase=optimize | user=2 | block=0 | n_kl=80 | epoch=97/1000 | objective=-16.148224 | rate=16.139584 | power=29.999939 | r_p=0.000000 | r_c=0.000000 | r_s=0.001278 | status=running
[UL Convergence] | phase=optimize | user=2 | block=0 | n_kl=80 | epoch=98/1000 | objective=-16.148617 | rate=16.139977 | power=29.999939 | r_p=0.000000 | r_c=0.000000 | r_s=0.001225 | status=running
[UL Convergence] | phase=optimize | user=2 | block=0 | n_kl=80 | epoch=99/1000 | objective=-16.148970 | rate=16.140329 | power=29.999939 | r_p=0.000000 | r_c=0.000000 | r_s=0.001173 | status=running
[UL Convergence] | phase=optimize | user=2 | block=0 | n_kl=80 | epoch=100/1000 | objective=-16.149284 | rate=16.140644 | power=29.999935 | r_p=0.000000 | r_c=0.000000 | r_s=0.001123 | status=running
[UL Convergence] | phase=optimize | user=2 | block=0 | n_kl=80 | epoch=101/1000 | objective=-16.149574 | rate=16.140934 | power=29.999939 | r_p=0.000000 | r_c=0.000000 | r_s=0.001075 | status=running
[UL Convergence] | phase=optimize | user=2 | block=0 | n_kl=80 | epoch=102/1000 | objective=-16.149841 | rate=16.141201 | power=29.999939 | r_p=0.000000 | r_c=0.000000 | r_s=0.001028 | status=running
[UL Convergence] | phase=optimize | user=2 | block=0 | n_kl=80 | epoch=103/1000 | objective=-16.150080 | rate=16.141438 | power=29.999939 | r_p=0.000000 | r_c=0.000000 | r_s=9.821929e-04 | status=running
[UL Convergence] | phase=optimize | user=2 | block=0 | n_kl=80 | epoch=104/1000 | objective=-16.150291 | rate=16.141649 | power=29.999939 | r_p=0.000000 | r_c=0.000000 | r_s=9.381225e-04 | status=running
[UL Convergence] | phase=optimize | user=2 | block=0 | n_kl=80 | epoch=105/1000 | objective=-16.150480 | rate=16.141838 | power=29.999935 | r_p=0.000000 | r_c=0.000000 | r_s=8.955223e-04 | status=running
[UL Convergence] | phase=optimize | user=2 | block=0 | n_kl=80 | epoch=106/1000 | objective=-16.150654 | rate=16.142012 | power=29.999935 | r_p=0.000000 | r_c=0.000000 | r_s=8.543296e-04 | status=running
[UL Convergence] | phase=optimize | user=2 | block=0 | n_kl=80 | epoch=107/1000 | objective=-16.150805 | rate=16.142162 | power=29.999935 | r_p=0.000000 | r_c=0.000000 | r_s=8.145095e-04 | status=running
[UL Convergence] | phase=optimize | user=2 | block=0 | n_kl=80 | epoch=108/1000 | objective=-16.150938 | rate=16.142296 | power=29.999939 | r_p=0.000000 | r_c=0.000000 | r_s=7.760751e-04 | status=running
[UL Convergence] | phase=optimize | user=2 | block=0 | n_kl=80 | epoch=109/1000 | objective=-16.151060 | rate=16.142418 | power=29.999939 | r_p=0.000000 | r_c=0.000000 | r_s=7.389631e-04 | status=running
[UL Convergence] | phase=optimize | user=2 | block=0 | n_kl=80 | epoch=110/1000 | objective=-16.151173 | rate=16.142530 | power=29.999939 | r_p=0.000000 | r_c=0.000000 | r_s=7.031789e-04 | status=running
[UL Convergence] | phase=optimize | user=2 | block=0 | n_kl=80 | epoch=111/1000 | objective=-16.151272 | rate=16.142630 | power=29.999939 | r_p=0.000000 | r_c=0.000000 | r_s=6.686586e-04 | status=running
[UL Convergence] | phase=optimize | user=2 | block=0 | n_kl=80 | epoch=112/1000 | objective=-16.151350 | rate=16.142708 | power=29.999939 | r_p=0.000000 | r_c=0.000000 | r_s=6.353853e-04 | status=running
[UL Convergence] | phase=optimize | user=2 | block=0 | n_kl=80 | epoch=113/1000 | objective=-16.151430 | rate=16.142788 | power=29.999939 | r_p=0.000000 | r_c=0.000000 | r_s=6.033343e-04 | status=running
[UL Convergence] | phase=optimize | user=2 | block=0 | n_kl=80 | epoch=114/1000 | objective=-16.151501 | rate=16.142859 | power=29.999935 | r_p=0.000000 | r_c=0.000000 | r_s=5.724721e-04 | status=kkt_converged
[UL Convergence Result] | user=2 | block=0 | n_kl=80 | achieved_rate=16.142859 | power=29.999935 | rate_gap=-8.642859 | power_gap=-6.484985e-05 | solve_status=kkt_converged
[UL Convergence Allocation] | user=2 | block=0 | n_kl=80 | requested_bits=600 | served_bits=600 | full_service=true
[UL Convergence Block] | user=2 | block=0 | stage=post_T | served_bits=600 | unserved_bits=0
[UL Convergence Reduction] | user=2 | block=0 | served_bits=600 | n_start=79 | n_min=1
[UL Convergence Solve] | user=2 | block=0 | stage=reduced_n | n_kl=79 | served_bits=600
[UL Convergence] | phase=optimize | user=2 | block=0 | n_kl=79 | epoch=1/1000 | objective=-16.138464 | rate=16.129929 | power=29.999935 | r_p=0.000000 | r_c=0.000000 | r_s=inf | status=running
[UL Convergence] | phase=optimize | user=2 | block=0 | n_kl=79 | epoch=2/1000 | objective=-16.138519 | rate=16.129984 | power=29.999945 | r_p=0.000000 | r_c=0.000000 | r_s=5.427807e-04 | status=kkt_converged
[UL Convergence Candidate] | user=2 | block=0 | n_kl=79 | achieved_rate=16.129984 | rate_gap=-8.535048 | power_gap=-5.531311e-05 | status=accepted
[UL Convergence Solve] | user=2 | block=0 | stage=reduced_n | n_kl=70 | served_bits=600
[UL Convergence] | phase=optimize | user=2 | block=0 | n_kl=70 | epoch=1/1000 | objective=-16.009132 | rate=16.001701 | power=29.999939 | r_p=0.000000 | r_c=0.000000 | r_s=inf | status=running
[UL Convergence] | phase=optimize | user=2 | block=0 | n_kl=70 | epoch=2/1000 | objective=-16.009136 | rate=16.001705 | power=29.999939 | r_p=0.000000 | r_c=0.000000 | r_s=3.230819e-04 | status=kkt_converged
[UL Convergence Candidate] | user=2 | block=0 | n_kl=70 | achieved_rate=16.001705 | rate_gap=-7.430277 | power_gap=-6.103516e-05 | status=accepted
[UL Convergence Solve] | user=2 | block=0 | stage=reduced_n | n_kl=60 | served_bits=600
[UL Convergence] | phase=optimize | user=2 | block=0 | n_kl=60 | epoch=1/1000 | objective=-15.832070 | rate=15.826244 | power=29.999939 | r_p=0.000000 | r_c=0.000000 | r_s=inf | status=running
[UL Convergence] | phase=optimize | user=2 | block=0 | n_kl=60 | epoch=2/1000 | objective=-15.832065 | rate=15.826239 | power=29.999939 | r_p=0.000000 | r_c=0.000000 | r_s=2.033789e-04 | status=kkt_converged
[UL Convergence Candidate] | user=2 | block=0 | n_kl=60 | achieved_rate=15.826244 | rate_gap=-5.826244 | power_gap=-6.103516e-05 | status=accepted
[UL Convergence Solve] | user=2 | block=0 | stage=reduced_n | n_kl=50 | served_bits=600
[UL Convergence] | phase=optimize | user=2 | block=0 | n_kl=50 | epoch=1/1000 | objective=-15.604013 | rate=15.600413 | power=29.999945 | r_p=0.000000 | r_c=0.000000 | r_s=inf | status=running
[UL Convergence] | phase=optimize | user=2 | block=0 | n_kl=50 | epoch=2/1000 | objective=-15.604014 | rate=15.600414 | power=29.999935 | r_p=0.000000 | r_c=0.000000 | r_s=1.296574e-04 | status=kkt_converged
[UL Convergence Candidate] | user=2 | block=0 | n_kl=50 | achieved_rate=15.600414 | rate_gap=-3.600414 | power_gap=-6.484985e-05 | status=accepted
[UL Convergence Solve] | user=2 | block=0 | stage=reduced_n | n_kl=40 | served_bits=600
[UL Convergence] | phase=optimize | user=2 | block=0 | n_kl=40 | epoch=1/1000 | objective=-15.294749 | rate=15.294455 | power=29.999939 | r_p=0.000000 | r_c=0.000000 | r_s=inf | status=running
[UL Convergence] | phase=optimize | user=2 | block=0 | n_kl=40 | epoch=2/1000 | objective=-15.294747 | rate=15.294453 | power=29.999945 | r_p=0.000000 | r_c=0.000000 | r_s=1.100851e-04 | status=kkt_converged
[UL Convergence Candidate] | user=2 | block=0 | n_kl=40 | achieved_rate=15.294455 | rate_gap=-0.294455 | power_gap=-6.103516e-05 | status=accepted
[UL Convergence Reduction] | user=2 | block=0 | n_kl=39 | status=stop_infeasible
[UL Convergence Final] | user=2 | block=0 | feasible_points=41 | chosen_n_kl=40 | served_bits=600 | achieved_rate=15.294455 | power=29.999939 | solve_status=kkt_converged
[UL Convergence Allocation] | user=2 | block=0 | chosen_n_kl=40 | served_bits=600 | unserved_bits=0 | mode=fixed_block_targets
[UL Convergence Train] | user=2 | block=1 | target_bits=600 | mode=fixed_block_targets
[UL Convergence Block] | user=2 | block=1 | budget_mode=target_bits | requested_bits=600
[UL Convergence Solve] | user=2 | block=1 | stage=n=T | n_kl=80 | requested_bits=600
[UL Convergence] | phase=optimize | user=2 | block=1 | n_kl=80 | epoch=1/1000 | objective=-13.785316 | rate=13.779037 | power=29.999935 | r_p=0.000000 | r_c=0.000000 | r_s=inf | status=running
[UL Convergence] | phase=optimize | user=2 | block=1 | n_kl=80 | epoch=2/1000 | objective=-13.890619 | rate=13.884235 | power=29.999935 | r_p=0.000000 | r_c=0.000000 | r_s=0.010322 | status=running
[UL Convergence] | phase=optimize | user=2 | block=1 | n_kl=80 | epoch=3/1000 | objective=-13.993444 | rate=13.986958 | power=29.999939 | r_p=0.000000 | r_c=0.000000 | r_s=0.010305 | status=running
[UL Convergence] | phase=optimize | user=2 | block=1 | n_kl=80 | epoch=4/1000 | objective=-14.093731 | rate=14.087144 | power=29.999939 | r_p=0.000000 | r_c=0.000000 | r_s=0.010280 | status=running
[UL Convergence] | phase=optimize | user=2 | block=1 | n_kl=80 | epoch=5/1000 | objective=-14.191360 | rate=14.184675 | power=29.999939 | r_p=0.000000 | r_c=0.000000 | r_s=0.010246 | status=running
[UL Convergence] | phase=optimize | user=2 | block=1 | n_kl=80 | epoch=6/1000 | objective=-14.286313 | rate=14.279533 | power=29.999935 | r_p=0.000000 | r_c=0.000000 | r_s=0.010201 | status=running
[UL Convergence] | phase=optimize | user=2 | block=1 | n_kl=80 | epoch=7/1000 | objective=-14.378545 | rate=14.371674 | power=29.999939 | r_p=0.000000 | r_c=0.000000 | r_s=0.010146 | status=running
[UL Convergence] | phase=optimize | user=2 | block=1 | n_kl=80 | epoch=8/1000 | objective=-14.468028 | rate=14.461067 | power=29.999939 | r_p=0.000000 | r_c=0.000000 | r_s=0.010081 | status=running
[UL Convergence] | phase=optimize | user=2 | block=1 | n_kl=80 | epoch=9/1000 | objective=-14.554749 | rate=14.547702 | power=29.999939 | r_p=0.000000 | r_c=0.000000 | r_s=0.010005 | status=running
[UL Convergence] | phase=optimize | user=2 | block=1 | n_kl=80 | epoch=10/1000 | objective=-14.638737 | rate=14.631605 | power=29.999939 | r_p=0.000000 | r_c=0.000000 | r_s=0.009919 | status=running
[UL Convergence] | phase=optimize | user=2 | block=1 | n_kl=80 | epoch=11/1000 | objective=-14.719986 | rate=14.712773 | power=29.999939 | r_p=0.000000 | r_c=0.000000 | r_s=0.009824 | status=running
[UL Convergence] | phase=optimize | user=2 | block=1 | n_kl=80 | epoch=12/1000 | objective=-14.798553 | rate=14.791262 | power=29.999939 | r_p=0.000000 | r_c=0.000000 | r_s=0.009721 | status=running
[UL Convergence] | phase=optimize | user=2 | block=1 | n_kl=80 | epoch=13/1000 | objective=-14.874469 | rate=14.867102 | power=29.999935 | r_p=0.000000 | r_c=0.000000 | r_s=0.009611 | status=running
[UL Convergence] | phase=optimize | user=2 | block=1 | n_kl=80 | epoch=14/1000 | objective=-14.947796 | rate=14.940355 | power=29.999935 | r_p=0.000000 | r_c=0.000000 | r_s=0.009495 | status=running
[UL Convergence] | phase=optimize | user=2 | block=1 | n_kl=80 | epoch=15/1000 | objective=-15.018589 | rate=15.011078 | power=29.999935 | r_p=0.000000 | r_c=0.000000 | r_s=0.009375 | status=running
[UL Convergence] | phase=optimize | user=2 | block=1 | n_kl=80 | epoch=16/1000 | objective=-15.086927 | rate=15.079348 | power=29.999939 | r_p=0.000000 | r_c=0.000000 | r_s=0.009252 | status=running
[UL Convergence] | phase=optimize | user=2 | block=1 | n_kl=80 | epoch=17/1000 | objective=-15.152852 | rate=15.145206 | power=29.999939 | r_p=0.000000 | r_c=0.000000 | r_s=0.009129 | status=running
[UL Convergence] | phase=optimize | user=2 | block=1 | n_kl=80 | epoch=18/1000 | objective=-15.216456 | rate=15.208748 | power=29.999929 | r_p=0.000000 | r_c=0.000000 | r_s=0.009005 | status=running
[UL Convergence] | phase=optimize | user=2 | block=1 | n_kl=80 | epoch=19/1000 | objective=-15.277798 | rate=15.270028 | power=29.999939 | r_p=0.000000 | r_c=0.000000 | r_s=0.008881 | status=running
[UL Convergence] | phase=optimize | user=2 | block=1 | n_kl=80 | epoch=20/1000 | objective=-15.336960 | rate=15.329131 | power=29.999935 | r_p=0.000000 | r_c=0.000000 | r_s=0.008758 | status=running
[UL Convergence] | phase=optimize | user=2 | block=1 | n_kl=80 | epoch=21/1000 | objective=-15.393997 | rate=15.386111 | power=29.999939 | r_p=0.000000 | r_c=0.000000 | r_s=0.008637 | status=running
[UL Convergence] | phase=optimize | user=2 | block=1 | n_kl=80 | epoch=22/1000 | objective=-15.448975 | rate=15.441033 | power=29.999945 | r_p=0.000000 | r_c=0.000000 | r_s=0.008516 | status=running
[UL Convergence] | phase=optimize | user=2 | block=1 | n_kl=80 | epoch=23/1000 | objective=-15.501963 | rate=15.493969 | power=29.999939 | r_p=0.000000 | r_c=0.000000 | r_s=0.008396 | status=running
[UL Convergence] | phase=optimize | user=2 | block=1 | n_kl=80 | epoch=24/1000 | objective=-15.553012 | rate=15.544967 | power=29.999939 | r_p=0.000000 | r_c=0.000000 | r_s=0.008276 | status=running
[UL Convergence] | phase=optimize | user=2 | block=1 | n_kl=80 | epoch=25/1000 | objective=-15.602194 | rate=15.594100 | power=29.999935 | r_p=0.000000 | r_c=0.000000 | r_s=0.008158 | status=running
[UL Convergence] | phase=optimize | user=2 | block=1 | n_kl=80 | epoch=26/1000 | objective=-15.649561 | rate=15.641419 | power=29.999935 | r_p=0.000000 | r_c=0.000000 | r_s=0.008041 | status=running
[UL Convergence] | phase=optimize | user=2 | block=1 | n_kl=80 | epoch=27/1000 | objective=-15.695178 | rate=15.686991 | power=29.999939 | r_p=0.000000 | r_c=0.000000 | r_s=0.007924 | status=running
[UL Convergence] | phase=optimize | user=2 | block=1 | n_kl=80 | epoch=28/1000 | objective=-15.739112 | rate=15.730881 | power=29.999939 | r_p=0.000000 | r_c=0.000000 | r_s=0.007809 | status=running
[UL Convergence] | phase=optimize | user=2 | block=1 | n_kl=80 | epoch=29/1000 | objective=-15.781373 | rate=15.773100 | power=29.999939 | r_p=0.000000 | r_c=0.000000 | r_s=0.007695 | status=running
[UL Convergence] | phase=optimize | user=2 | block=1 | n_kl=80 | epoch=30/1000 | objective=-15.822062 | rate=15.813748 | power=29.999935 | r_p=0.000000 | r_c=0.000000 | r_s=0.007582 | status=running
[UL Convergence] | phase=optimize | user=2 | block=1 | n_kl=80 | epoch=31/1000 | objective=-15.861217 | rate=15.852863 | power=29.999939 | r_p=0.000000 | r_c=0.000000 | r_s=0.007471 | status=running
[UL Convergence] | phase=optimize | user=2 | block=1 | n_kl=80 | epoch=32/1000 | objective=-15.898873 | rate=15.890483 | power=29.999935 | r_p=0.000000 | r_c=0.000000 | r_s=0.007362 | status=running
[UL Convergence] | phase=optimize | user=2 | block=1 | n_kl=80 | epoch=33/1000 | objective=-15.935096 | rate=15.926669 | power=29.999939 | r_p=0.000000 | r_c=0.000000 | r_s=0.007255 | status=running
[UL Convergence] | phase=optimize | user=2 | block=1 | n_kl=80 | epoch=34/1000 | objective=-15.969927 | rate=15.961466 | power=29.999939 | r_p=0.000000 | r_c=0.000000 | r_s=0.007149 | status=running
[UL Convergence] | phase=optimize | user=2 | block=1 | n_kl=80 | epoch=35/1000 | objective=-16.003408 | rate=15.994913 | power=29.999939 | r_p=0.000000 | r_c=0.000000 | r_s=0.007045 | status=running
[UL Convergence] | phase=optimize | user=2 | block=1 | n_kl=80 | epoch=36/1000 | objective=-16.035580 | rate=16.027052 | power=29.999935 | r_p=0.000000 | r_c=0.000000 | r_s=0.006943 | status=running
[UL Convergence] | phase=optimize | user=2 | block=1 | n_kl=80 | epoch=37/1000 | objective=-16.066477 | rate=16.057919 | power=29.999929 | r_p=0.000000 | r_c=0.000000 | r_s=0.006842 | status=running
[UL Convergence] | phase=optimize | user=2 | block=1 | n_kl=80 | epoch=38/1000 | objective=-16.096161 | rate=16.087574 | power=29.999945 | r_p=0.000000 | r_c=0.000000 | r_s=0.006743 | status=running
[UL Convergence] | phase=optimize | user=2 | block=1 | n_kl=80 | epoch=39/1000 | objective=-16.124651 | rate=16.116035 | power=29.999939 | r_p=0.000000 | r_c=0.000000 | r_s=0.006645 | status=running
[UL Convergence] | phase=optimize | user=2 | block=1 | n_kl=80 | epoch=40/1000 | objective=-16.151983 | rate=16.143339 | power=29.999939 | r_p=0.000000 | r_c=0.000000 | r_s=0.006548 | status=running
[UL Convergence] | phase=optimize | user=2 | block=1 | n_kl=80 | epoch=41/1000 | objective=-16.177719 | rate=16.169050 | power=29.997307 | r_p=0.000000 | r_c=0.000000 | r_s=0.006451 | status=running
[UL Convergence] | phase=optimize | user=2 | block=1 | n_kl=80 | epoch=42/1000 | objective=-16.201967 | rate=16.193274 | power=29.999939 | r_p=0.000000 | r_c=0.000000 | r_s=0.006033 | status=running
[UL Convergence] | phase=optimize | user=2 | block=1 | n_kl=80 | epoch=43/1000 | objective=-16.224766 | rate=16.216049 | power=29.999939 | r_p=0.000000 | r_c=0.000000 | r_s=0.005904 | status=running
[UL Convergence] | phase=optimize | user=2 | block=1 | n_kl=80 | epoch=44/1000 | objective=-16.246634 | rate=16.237896 | power=29.999939 | r_p=0.000000 | r_c=0.000000 | r_s=0.005784 | status=running
[UL Convergence] | phase=optimize | user=2 | block=1 | n_kl=80 | epoch=45/1000 | objective=-16.267601 | rate=16.258842 | power=29.999935 | r_p=0.000000 | r_c=0.000000 | r_s=0.005672 | status=running
[UL Convergence] | phase=optimize | user=2 | block=1 | n_kl=80 | epoch=46/1000 | objective=-16.287718 | rate=16.278938 | power=29.999939 | r_p=0.000000 | r_c=0.000000 | r_s=0.005566 | status=running
[UL Convergence] | phase=optimize | user=2 | block=1 | n_kl=80 | epoch=47/1000 | objective=-16.306992 | rate=16.298193 | power=29.999939 | r_p=0.000000 | r_c=0.000000 | r_s=0.005466 | status=running
[UL Convergence] | phase=optimize | user=2 | block=1 | n_kl=80 | epoch=48/1000 | objective=-16.325468 | rate=16.316652 | power=29.999939 | r_p=0.000000 | r_c=0.000000 | r_s=0.005370 | status=running
[UL Convergence] | phase=optimize | user=2 | block=1 | n_kl=80 | epoch=49/1000 | objective=-16.343170 | rate=16.334335 | power=29.999935 | r_p=0.000000 | r_c=0.000000 | r_s=0.005278 | status=running
[UL Convergence] | phase=optimize | user=2 | block=1 | n_kl=80 | epoch=50/1000 | objective=-16.360132 | rate=16.351280 | power=29.999939 | r_p=0.000000 | r_c=0.000000 | r_s=0.005188 | status=running
[UL Convergence] | phase=optimize | user=2 | block=1 | n_kl=80 | epoch=51/1000 | objective=-16.376345 | rate=16.367477 | power=29.999939 | r_p=0.000000 | r_c=0.000000 | r_s=0.005101 | status=running
[UL Convergence] | phase=optimize | user=2 | block=1 | n_kl=80 | epoch=52/1000 | objective=-16.391870 | rate=16.382988 | power=29.999939 | r_p=0.000000 | r_c=0.000000 | r_s=0.005016 | status=running
[UL Convergence] | phase=optimize | user=2 | block=1 | n_kl=80 | epoch=53/1000 | objective=-16.406710 | rate=16.397812 | power=29.999935 | r_p=0.000000 | r_c=0.000000 | r_s=0.004931 | status=running
[UL Convergence] | phase=optimize | user=2 | block=1 | n_kl=80 | epoch=54/1000 | objective=-16.420881 | rate=16.411970 | power=29.999945 | r_p=0.000000 | r_c=0.000000 | r_s=0.004847 | status=running
[UL Convergence] | phase=optimize | user=2 | block=1 | n_kl=80 | epoch=55/1000 | objective=-16.434418 | rate=16.425491 | power=29.999939 | r_p=0.000000 | r_c=0.000000 | r_s=0.004764 | status=running
[UL Convergence] | phase=optimize | user=2 | block=1 | n_kl=80 | epoch=56/1000 | objective=-16.447338 | rate=16.438400 | power=29.999945 | r_p=0.000000 | r_c=0.000000 | r_s=0.004681 | status=running
[UL Convergence] | phase=optimize | user=2 | block=1 | n_kl=80 | epoch=57/1000 | objective=-16.459658 | rate=16.450706 | power=29.999939 | r_p=0.000000 | r_c=0.000000 | r_s=0.004597 | status=running
[UL Convergence] | phase=optimize | user=2 | block=1 | n_kl=80 | epoch=58/1000 | objective=-16.471399 | rate=16.462437 | power=29.999939 | r_p=0.000000 | r_c=0.000000 | r_s=0.004514 | status=running
[UL Convergence] | phase=optimize | user=2 | block=1 | n_kl=80 | epoch=59/1000 | objective=-16.482574 | rate=16.473600 | power=29.999929 | r_p=0.000000 | r_c=0.000000 | r_s=0.004430 | status=running
[UL Convergence] | phase=optimize | user=2 | block=1 | n_kl=80 | epoch=60/1000 | objective=-16.493227 | rate=16.484243 | power=29.999939 | r_p=0.000000 | r_c=0.000000 | r_s=0.004346 | status=running
[UL Convergence] | phase=optimize | user=2 | block=1 | n_kl=80 | epoch=61/1000 | objective=-16.503347 | rate=16.494352 | power=29.999939 | r_p=0.000000 | r_c=0.000000 | r_s=0.004262 | status=running
[UL Convergence] | phase=optimize | user=2 | block=1 | n_kl=80 | epoch=62/1000 | objective=-16.512976 | rate=16.503971 | power=29.999935 | r_p=0.000000 | r_c=0.000000 | r_s=0.004177 | status=running
[UL Convergence] | phase=optimize | user=2 | block=1 | n_kl=80 | epoch=63/1000 | objective=-16.522116 | rate=16.513103 | power=29.999939 | r_p=0.000000 | r_c=0.000000 | r_s=0.004093 | status=running
[UL Convergence] | phase=optimize | user=2 | block=1 | n_kl=80 | epoch=64/1000 | objective=-16.530804 | rate=16.521782 | power=29.999945 | r_p=0.000000 | r_c=0.000000 | r_s=0.004008 | status=running
[UL Convergence] | phase=optimize | user=2 | block=1 | n_kl=80 | epoch=65/1000 | objective=-16.539032 | rate=16.530003 | power=29.999939 | r_p=0.000000 | r_c=0.000000 | r_s=0.003924 | status=running
[UL Convergence] | phase=optimize | user=2 | block=1 | n_kl=80 | epoch=66/1000 | objective=-16.546844 | rate=16.537807 | power=29.999945 | r_p=0.000000 | r_c=0.000000 | r_s=0.003840 | status=running
[UL Convergence] | phase=optimize | user=2 | block=1 | n_kl=80 | epoch=67/1000 | objective=-16.554249 | rate=16.545204 | power=29.999945 | r_p=0.000000 | r_c=0.000000 | r_s=0.003756 | status=running
[UL Convergence] | phase=optimize | user=2 | block=1 | n_kl=80 | epoch=68/1000 | objective=-16.561270 | rate=16.552217 | power=29.999939 | r_p=0.000000 | r_c=0.000000 | r_s=0.003673 | status=running
[UL Convergence] | phase=optimize | user=2 | block=1 | n_kl=80 | epoch=69/1000 | objective=-16.567900 | rate=16.558842 | power=29.999939 | r_p=0.000000 | r_c=0.000000 | r_s=0.003590 | status=running
[UL Convergence] | phase=optimize | user=2 | block=1 | n_kl=80 | epoch=70/1000 | objective=-16.574181 | rate=16.565115 | power=29.999939 | r_p=0.000000 | r_c=0.000000 | r_s=0.003509 | status=running
[UL Convergence] | phase=optimize | user=2 | block=1 | n_kl=80 | epoch=71/1000 | objective=-16.580112 | rate=16.571041 | power=29.999935 | r_p=0.000000 | r_c=0.000000 | r_s=0.003428 | status=running
[UL Convergence] | phase=optimize | user=2 | block=1 | n_kl=80 | epoch=72/1000 | objective=-16.585720 | rate=16.576643 | power=29.999939 | r_p=0.000000 | r_c=0.000000 | r_s=0.003348 | status=running
[UL Convergence] | phase=optimize | user=2 | block=1 | n_kl=80 | epoch=73/1000 | objective=-16.591019 | rate=16.581936 | power=29.999939 | r_p=0.000000 | r_c=0.000000 | r_s=0.003270 | status=running
[UL Convergence] | phase=optimize | user=2 | block=1 | n_kl=80 | epoch=74/1000 | objective=-16.596018 | rate=16.586931 | power=29.999945 | r_p=0.000000 | r_c=0.000000 | r_s=0.003192 | status=running
[UL Convergence] | phase=optimize | user=2 | block=1 | n_kl=80 | epoch=75/1000 | objective=-16.600733 | rate=16.591640 | power=29.999939 | r_p=0.000000 | r_c=0.000000 | r_s=0.003115 | status=running
[UL Convergence] | phase=optimize | user=2 | block=1 | n_kl=80 | epoch=76/1000 | objective=-16.605177 | rate=16.596081 | power=29.999939 | r_p=0.000000 | r_c=0.000000 | r_s=0.003040 | status=running
[UL Convergence] | phase=optimize | user=2 | block=1 | n_kl=80 | epoch=77/1000 | objective=-16.609362 | rate=16.600262 | power=29.999945 | r_p=0.000000 | r_c=0.000000 | r_s=0.002966 | status=running
[UL Convergence] | phase=optimize | user=2 | block=1 | n_kl=80 | epoch=78/1000 | objective=-16.613300 | rate=16.604197 | power=29.999939 | r_p=0.000000 | r_c=0.000000 | r_s=0.002893 | status=running
[UL Convergence] | phase=optimize | user=2 | block=1 | n_kl=80 | epoch=79/1000 | objective=-16.617006 | rate=16.607899 | power=29.999939 | r_p=0.000000 | r_c=0.000000 | r_s=0.002821 | status=running
[UL Convergence] | phase=optimize | user=2 | block=1 | n_kl=80 | epoch=80/1000 | objective=-16.620483 | rate=16.611372 | power=29.999935 | r_p=0.000000 | r_c=0.000000 | r_s=0.002750 | status=running
[UL Convergence] | phase=optimize | user=2 | block=1 | n_kl=80 | epoch=81/1000 | objective=-16.623755 | rate=16.614639 | power=29.999935 | r_p=0.000000 | r_c=0.000000 | r_s=0.002680 | status=running
[UL Convergence] | phase=optimize | user=2 | block=1 | n_kl=80 | epoch=82/1000 | objective=-16.626827 | rate=16.617710 | power=29.999935 | r_p=0.000000 | r_c=0.000000 | r_s=0.002612 | status=running
[UL Convergence] | phase=optimize | user=2 | block=1 | n_kl=80 | epoch=83/1000 | objective=-16.629711 | rate=16.620590 | power=29.999945 | r_p=0.000000 | r_c=0.000000 | r_s=0.002544 | status=running
[UL Convergence] | phase=optimize | user=2 | block=1 | n_kl=80 | epoch=84/1000 | objective=-16.632402 | rate=16.623280 | power=29.999939 | r_p=0.000000 | r_c=0.000000 | r_s=0.002477 | status=running
[UL Convergence] | phase=optimize | user=2 | block=1 | n_kl=80 | epoch=85/1000 | objective=-16.634930 | rate=16.625803 | power=29.999939 | r_p=0.000000 | r_c=0.000000 | r_s=0.002411 | status=running
[UL Convergence] | phase=optimize | user=2 | block=1 | n_kl=80 | epoch=86/1000 | objective=-16.637295 | rate=16.628166 | power=29.999935 | r_p=0.000000 | r_c=0.000000 | r_s=0.002346 | status=running
[UL Convergence] | phase=optimize | user=2 | block=1 | n_kl=80 | epoch=87/1000 | objective=-16.639503 | rate=16.630373 | power=29.999939 | r_p=0.000000 | r_c=0.000000 | r_s=0.002282 | status=running
[UL Convergence] | phase=optimize | user=2 | block=1 | n_kl=80 | epoch=88/1000 | objective=-16.641571 | rate=16.632439 | power=29.999939 | r_p=0.000000 | r_c=0.000000 | r_s=0.002218 | status=running
[UL Convergence] | phase=optimize | user=2 | block=1 | n_kl=80 | epoch=89/1000 | objective=-16.643501 | rate=16.634367 | power=29.999939 | r_p=0.000000 | r_c=0.000000 | r_s=0.002156 | status=running
[UL Convergence] | phase=optimize | user=2 | block=1 | n_kl=80 | epoch=90/1000 | objective=-16.645300 | rate=16.636164 | power=29.999939 | r_p=0.000000 | r_c=0.000000 | r_s=0.002094 | status=running
[UL Convergence] | phase=optimize | user=2 | block=1 | n_kl=80 | epoch=91/1000 | objective=-16.646973 | rate=16.637835 | power=29.999935 | r_p=0.000000 | r_c=0.000000 | r_s=0.002034 | status=running
[UL Convergence] | phase=optimize | user=2 | block=1 | n_kl=80 | epoch=92/1000 | objective=-16.648542 | rate=16.639402 | power=29.999939 | r_p=0.000000 | r_c=0.000000 | r_s=0.001974 | status=running
[UL Convergence] | phase=optimize | user=2 | block=1 | n_kl=80 | epoch=93/1000 | objective=-16.649984 | rate=16.640844 | power=29.999939 | r_p=0.000000 | r_c=0.000000 | r_s=0.001915 | status=running
[UL Convergence] | phase=optimize | user=2 | block=1 | n_kl=80 | epoch=94/1000 | objective=-16.651337 | rate=16.642195 | power=29.999939 | r_p=0.000000 | r_c=0.000000 | r_s=0.001857 | status=running
[UL Convergence] | phase=optimize | user=2 | block=1 | n_kl=80 | epoch=95/1000 | objective=-16.652596 | rate=16.643452 | power=29.999939 | r_p=0.000000 | r_c=0.000000 | r_s=0.001800 | status=running
[UL Convergence] | phase=optimize | user=2 | block=1 | n_kl=80 | epoch=96/1000 | objective=-16.653751 | rate=16.644608 | power=29.999935 | r_p=0.000000 | r_c=0.000000 | r_s=0.001744 | status=running
[UL Convergence] | phase=optimize | user=2 | block=1 | n_kl=80 | epoch=97/1000 | objective=-16.654844 | rate=16.645699 | power=29.999945 | r_p=0.000000 | r_c=0.000000 | r_s=0.001689 | status=running
[UL Convergence] | phase=optimize | user=2 | block=1 | n_kl=80 | epoch=98/1000 | objective=-16.655838 | rate=16.646690 | power=29.999939 | r_p=0.000000 | r_c=0.000000 | r_s=0.001635 | status=running
[UL Convergence] | phase=optimize | user=2 | block=1 | n_kl=80 | epoch=99/1000 | objective=-16.656771 | rate=16.647623 | power=29.999945 | r_p=0.000000 | r_c=0.000000 | r_s=0.001582 | status=running
[UL Convergence] | phase=optimize | user=2 | block=1 | n_kl=80 | epoch=100/1000 | objective=-16.657629 | rate=16.648481 | power=29.999939 | r_p=0.000000 | r_c=0.000000 | r_s=0.001530 | status=running
[UL Convergence] | phase=optimize | user=2 | block=1 | n_kl=80 | epoch=101/1000 | objective=-16.658428 | rate=16.649279 | power=29.999939 | r_p=0.000000 | r_c=0.000000 | r_s=0.001480 | status=running
[UL Convergence] | phase=optimize | user=2 | block=1 | n_kl=80 | epoch=102/1000 | objective=-16.659170 | rate=16.650021 | power=29.999939 | r_p=0.000000 | r_c=0.000000 | r_s=0.001430 | status=running
[UL Convergence] | phase=optimize | user=2 | block=1 | n_kl=80 | epoch=103/1000 | objective=-16.659842 | rate=16.650690 | power=29.999939 | r_p=0.000000 | r_c=0.000000 | r_s=0.001382 | status=running
[UL Convergence] | phase=optimize | user=2 | block=1 | n_kl=80 | epoch=104/1000 | objective=-16.660465 | rate=16.651314 | power=29.999939 | r_p=0.000000 | r_c=0.000000 | r_s=0.001334 | status=running
[UL Convergence] | phase=optimize | user=2 | block=1 | n_kl=80 | epoch=105/1000 | objective=-16.661043 | rate=16.651892 | power=29.999935 | r_p=0.000000 | r_c=0.000000 | r_s=0.001288 | status=running
[UL Convergence] | phase=optimize | user=2 | block=1 | n_kl=80 | epoch=106/1000 | objective=-16.661575 | rate=16.652422 | power=29.999939 | r_p=0.000000 | r_c=0.000000 | r_s=0.001243 | status=running
[UL Convergence] | phase=optimize | user=2 | block=1 | n_kl=80 | epoch=107/1000 | objective=-16.662066 | rate=16.652912 | power=29.999939 | r_p=0.000000 | r_c=0.000000 | r_s=0.001200 | status=running
[UL Convergence] | phase=optimize | user=2 | block=1 | n_kl=80 | epoch=108/1000 | objective=-16.662516 | rate=16.653362 | power=29.999939 | r_p=0.000000 | r_c=0.000000 | r_s=0.001157 | status=running
[UL Convergence] | phase=optimize | user=2 | block=1 | n_kl=80 | epoch=109/1000 | objective=-16.662931 | rate=16.653778 | power=29.999935 | r_p=0.000000 | r_c=0.000000 | r_s=0.001115 | status=running
[UL Convergence] | phase=optimize | user=2 | block=1 | n_kl=80 | epoch=110/1000 | objective=-16.663307 | rate=16.654154 | power=29.999945 | r_p=0.000000 | r_c=0.000000 | r_s=0.001075 | status=running
[UL Convergence] | phase=optimize | user=2 | block=1 | n_kl=80 | epoch=111/1000 | objective=-16.663654 | rate=16.654499 | power=29.999939 | r_p=0.000000 | r_c=0.000000 | r_s=0.001035 | status=running
[UL Convergence] | phase=optimize | user=2 | block=1 | n_kl=80 | epoch=112/1000 | objective=-16.663977 | rate=16.654821 | power=29.999939 | r_p=0.000000 | r_c=0.000000 | r_s=9.970915e-04 | status=running
[UL Convergence] | phase=optimize | user=2 | block=1 | n_kl=80 | epoch=113/1000 | objective=-16.664265 | rate=16.655109 | power=29.999935 | r_p=0.000000 | r_c=0.000000 | r_s=9.597770e-04 | status=running
[UL Convergence] | phase=optimize | user=2 | block=1 | n_kl=80 | epoch=114/1000 | objective=-16.664537 | rate=16.655382 | power=29.999945 | r_p=0.000000 | r_c=0.000000 | r_s=9.234770e-04 | status=running
[UL Convergence] | phase=optimize | user=2 | block=1 | n_kl=80 | epoch=115/1000 | objective=-16.664787 | rate=16.655632 | power=29.999935 | r_p=0.000000 | r_c=0.000000 | r_s=8.881449e-04 | status=running
[UL Convergence] | phase=optimize | user=2 | block=1 | n_kl=80 | epoch=116/1000 | objective=-16.665005 | rate=16.655849 | power=29.999939 | r_p=0.000000 | r_c=0.000000 | r_s=8.537975e-04 | status=running
[UL Convergence] | phase=optimize | user=2 | block=1 | n_kl=80 | epoch=117/1000 | objective=-16.665207 | rate=16.656052 | power=29.999939 | r_p=0.000000 | r_c=0.000000 | r_s=8.203833e-04 | status=running
[UL Convergence] | phase=optimize | user=2 | block=1 | n_kl=80 | epoch=118/1000 | objective=-16.665392 | rate=16.656235 | power=29.999939 | r_p=0.000000 | r_c=0.000000 | r_s=7.879116e-04 | status=running
[UL Convergence] | phase=optimize | user=2 | block=1 | n_kl=80 | epoch=119/1000 | objective=-16.665565 | rate=16.656408 | power=29.999945 | r_p=0.000000 | r_c=0.000000 | r_s=7.563534e-04 | status=running
[UL Convergence] | phase=optimize | user=2 | block=1 | n_kl=80 | epoch=120/1000 | objective=-16.665720 | rate=16.656563 | power=29.999935 | r_p=0.000000 | r_c=0.000000 | r_s=7.256999e-04 | status=running
[UL Convergence] | phase=optimize | user=2 | block=1 | n_kl=80 | epoch=121/1000 | objective=-16.665848 | rate=16.656691 | power=29.999939 | r_p=0.000000 | r_c=0.000000 | r_s=6.959359e-04 | status=running
[UL Convergence] | phase=optimize | user=2 | block=1 | n_kl=80 | epoch=122/1000 | objective=-16.665977 | rate=16.656820 | power=29.999939 | r_p=0.000000 | r_c=0.000000 | r_s=6.670406e-04 | status=running
[UL Convergence] | phase=optimize | user=2 | block=1 | n_kl=80 | epoch=123/1000 | objective=-16.666094 | rate=16.656937 | power=29.999935 | r_p=0.000000 | r_c=0.000000 | r_s=6.389973e-04 | status=running
[UL Convergence] | phase=optimize | user=2 | block=1 | n_kl=80 | epoch=124/1000 | objective=-16.666197 | rate=16.657040 | power=29.999939 | r_p=0.000000 | r_c=0.000000 | r_s=6.118325e-04 | status=running
[UL Convergence] | phase=optimize | user=2 | block=1 | n_kl=80 | epoch=125/1000 | objective=-16.666288 | rate=16.657131 | power=29.999939 | r_p=0.000000 | r_c=0.000000 | r_s=5.855016e-04 | status=kkt_converged
[UL Convergence Result] | user=2 | block=1 | n_kl=80 | achieved_rate=16.657131 | power=29.999939 | rate_gap=-9.157131 | power_gap=-6.103516e-05 | solve_status=kkt_converged
[UL Convergence Allocation] | user=2 | block=1 | n_kl=80 | requested_bits=600 | served_bits=600 | full_service=true
[UL Convergence Block] | user=2 | block=1 | stage=post_T | served_bits=600 | unserved_bits=0
[UL Convergence Reduction] | user=2 | block=1 | served_bits=600 | n_start=79 | n_min=1
[UL Convergence Solve] | user=2 | block=1 | stage=reduced_n | n_kl=79 | served_bits=600
[UL Convergence] | phase=optimize | user=2 | block=1 | n_kl=79 | epoch=1/1000 | objective=-16.653246 | rate=16.644197 | power=29.999939 | r_p=0.000000 | r_c=0.000000 | r_s=inf | status=running
[UL Convergence] | phase=optimize | user=2 | block=1 | n_kl=79 | epoch=2/1000 | objective=-16.653324 | rate=16.644276 | power=29.999939 | r_p=0.000000 | r_c=0.000000 | r_s=5.599894e-04 | status=kkt_converged
[UL Convergence Candidate] | user=2 | block=1 | n_kl=79 | achieved_rate=16.644276 | rate_gap=-9.049339 | power_gap=-6.103516e-05 | status=accepted
[UL Convergence Solve] | user=2 | block=1 | stage=reduced_n | n_kl=70 | served_bits=600
[UL Convergence] | phase=optimize | user=2 | block=1 | n_kl=70 | epoch=1/1000 | objective=-16.524050 | rate=16.516106 | power=29.999935 | r_p=0.000000 | r_c=0.000000 | r_s=inf | status=running
[UL Convergence] | phase=optimize | user=2 | block=1 | n_kl=70 | epoch=2/1000 | objective=-16.524092 | rate=16.516148 | power=29.999945 | r_p=0.000000 | r_c=0.000000 | r_s=3.658053e-04 | status=kkt_converged
[UL Convergence Candidate] | user=2 | block=1 | n_kl=70 | achieved_rate=16.516148 | rate_gap=-7.944719 | power_gap=-5.531311e-05 | status=accepted
[UL Convergence Solve] | user=2 | block=1 | stage=reduced_n | n_kl=60 | served_bits=600
[UL Convergence] | phase=optimize | user=2 | block=1 | n_kl=60 | epoch=1/1000 | objective=-16.347048 | rate=16.340708 | power=29.999939 | r_p=0.000000 | r_c=0.000000 | r_s=inf | status=running
[UL Convergence] | phase=optimize | user=2 | block=1 | n_kl=60 | epoch=2/1000 | objective=-16.347059 | rate=16.340719 | power=29.999939 | r_p=0.000000 | r_c=0.000000 | r_s=2.144054e-04 | status=kkt_converged
[UL Convergence Candidate] | user=2 | block=1 | n_kl=60 | achieved_rate=16.340719 | rate_gap=-6.340719 | power_gap=-6.103516e-05 | status=accepted
[UL Convergence Solve] | user=2 | block=1 | stage=reduced_n | n_kl=50 | served_bits=600
[UL Convergence] | phase=optimize | user=2 | block=1 | n_kl=50 | epoch=1/1000 | objective=-16.118950 | rate=16.114836 | power=29.999939 | r_p=0.000000 | r_c=0.000000 | r_s=inf | status=running
[UL Convergence] | phase=optimize | user=2 | block=1 | n_kl=50 | epoch=2/1000 | objective=-16.118952 | rate=16.114838 | power=29.999939 | r_p=0.000000 | r_c=0.000000 | r_s=1.312168e-04 | status=kkt_converged
[UL Convergence Candidate] | user=2 | block=1 | n_kl=50 | achieved_rate=16.114838 | rate_gap=-4.114838 | power_gap=-6.103516e-05 | status=accepted
[UL Convergence Solve] | user=2 | block=1 | stage=reduced_n | n_kl=40 | served_bits=600
[UL Convergence] | phase=optimize | user=2 | block=1 | n_kl=40 | epoch=1/1000 | objective=-15.809616 | rate=15.808807 | power=29.999939 | r_p=0.000000 | r_c=0.000000 | r_s=inf | status=running
[UL Convergence] | phase=optimize | user=2 | block=1 | n_kl=40 | epoch=2/1000 | objective=-15.809608 | rate=15.808800 | power=29.999939 | r_p=0.000000 | r_c=0.000000 | r_s=9.984283e-05 | status=kkt_converged
[UL Convergence Candidate] | user=2 | block=1 | n_kl=40 | achieved_rate=15.808807 | rate_gap=-0.808807 | power_gap=-6.103516e-05 | status=accepted
[UL Convergence Reduction] | user=2 | block=1 | n_kl=38 | status=stop_infeasible
[UL Convergence Final] | user=2 | block=1 | feasible_points=42 | chosen_n_kl=39 | served_bits=600 | achieved_rate=15.771877 | power=29.999939 | solve_status=kkt_converged
[UL Convergence Allocation] | user=2 | block=1 | chosen_n_kl=39 | served_bits=600 | unserved_bits=0 | mode=fixed_block_targets
[UL Convergence Train] | user=2 | block=2 | target_bits=600 | mode=fixed_block_targets
[UL Convergence Block] | user=2 | block=2 | budget_mode=target_bits | requested_bits=600
[UL Convergence Solve] | user=2 | block=2 | stage=n=T | n_kl=80 | requested_bits=600
[UL Convergence] | phase=optimize | user=2 | block=2 | n_kl=80 | epoch=1/1000 | objective=-14.251828 | rate=14.245083 | power=29.999939 | r_p=0.000000 | r_c=0.000000 | r_s=inf | status=running
[UL Convergence] | phase=optimize | user=2 | block=2 | n_kl=80 | epoch=2/1000 | objective=-14.319409 | rate=14.312596 | power=29.999939 | r_p=0.000000 | r_c=0.000000 | r_s=0.010324 | status=running
[UL Convergence] | phase=optimize | user=2 | block=2 | n_kl=80 | epoch=3/1000 | objective=-14.385454 | rate=14.378575 | power=29.999939 | r_p=0.000000 | r_c=0.000000 | r_s=0.010212 | status=running
[UL Convergence] | phase=optimize | user=2 | block=2 | n_kl=80 | epoch=4/1000 | objective=-14.450014 | rate=14.443071 | power=29.999939 | r_p=0.000000 | r_c=0.000000 | r_s=0.010085 | status=running
[UL Convergence] | phase=optimize | user=2 | block=2 | n_kl=80 | epoch=5/1000 | objective=-14.513110 | rate=14.506104 | power=29.999939 | r_p=0.000000 | r_c=0.000000 | r_s=0.010026 | status=running
[UL Convergence] | phase=optimize | user=2 | block=2 | n_kl=80 | epoch=6/1000 | objective=-14.574672 | rate=14.567604 | power=29.999935 | r_p=0.000000 | r_c=0.000000 | r_s=0.009933 | status=running
[UL Convergence] | phase=optimize | user=2 | block=2 | n_kl=80 | epoch=7/1000 | objective=-14.634702 | rate=14.627574 | power=29.999939 | r_p=0.000000 | r_c=0.000000 | r_s=0.009814 | status=running
[UL Convergence] | phase=optimize | user=2 | block=2 | n_kl=80 | epoch=8/1000 | objective=-14.693180 | rate=14.685994 | power=29.999935 | r_p=0.000000 | r_c=0.000000 | r_s=0.009702 | status=running
[UL Convergence] | phase=optimize | user=2 | block=2 | n_kl=80 | epoch=9/1000 | objective=-14.750103 | rate=14.742860 | power=29.999935 | r_p=0.000000 | r_c=0.000000 | r_s=0.009610 | status=running
[UL Convergence] | phase=optimize | user=2 | block=2 | n_kl=80 | epoch=10/1000 | objective=-14.805462 | rate=14.798163 | power=29.999939 | r_p=0.000000 | r_c=0.000000 | r_s=0.009531 | status=running
[UL Convergence] | phase=optimize | user=2 | block=2 | n_kl=80 | epoch=11/1000 | objective=-14.859258 | rate=14.851906 | power=29.999939 | r_p=0.000000 | r_c=0.000000 | r_s=0.009454 | status=running
[UL Convergence] | phase=optimize | user=2 | block=2 | n_kl=80 | epoch=12/1000 | objective=-14.911489 | rate=14.904084 | power=29.999945 | r_p=0.000000 | r_c=0.000000 | r_s=0.009376 | status=running
[UL Convergence] | phase=optimize | user=2 | block=2 | n_kl=80 | epoch=13/1000 | objective=-14.962144 | rate=14.954689 | power=29.999939 | r_p=0.000000 | r_c=0.000000 | r_s=0.009293 | status=running
[UL Convergence] | phase=optimize | user=2 | block=2 | n_kl=80 | epoch=14/1000 | objective=-15.011257 | rate=15.003754 | power=29.999935 | r_p=0.000000 | r_c=0.000000 | r_s=0.009206 | status=running
[UL Convergence] | phase=optimize | user=2 | block=2 | n_kl=80 | epoch=15/1000 | objective=-15.058825 | rate=15.051273 | power=29.999935 | r_p=0.000000 | r_c=0.000000 | r_s=0.009114 | status=running
[UL Convergence] | phase=optimize | user=2 | block=2 | n_kl=80 | epoch=16/1000 | objective=-15.104871 | rate=15.097274 | power=29.999939 | r_p=0.000000 | r_c=0.000000 | r_s=0.009015 | status=running
[UL Convergence] | phase=optimize | user=2 | block=2 | n_kl=80 | epoch=17/1000 | objective=-15.149423 | rate=15.141781 | power=29.999939 | r_p=0.000000 | r_c=0.000000 | r_s=0.008911 | status=running
[UL Convergence] | phase=optimize | user=2 | block=2 | n_kl=80 | epoch=18/1000 | objective=-15.192486 | rate=15.184801 | power=29.999939 | r_p=0.000000 | r_c=0.000000 | r_s=0.008801 | status=running
[UL Convergence] | phase=optimize | user=2 | block=2 | n_kl=80 | epoch=19/1000 | objective=-15.234079 | rate=15.226353 | power=29.999939 | r_p=0.000000 | r_c=0.000000 | r_s=0.008687 | status=running
[UL Convergence] | phase=optimize | user=2 | block=2 | n_kl=80 | epoch=20/1000 | objective=-15.274259 | rate=15.266492 | power=29.999935 | r_p=0.000000 | r_c=0.000000 | r_s=0.008571 | status=running
[UL Convergence] | phase=optimize | user=2 | block=2 | n_kl=80 | epoch=21/1000 | objective=-15.313040 | rate=15.305235 | power=29.999945 | r_p=0.000000 | r_c=0.000000 | r_s=0.008456 | status=running
[UL Convergence] | phase=optimize | user=2 | block=2 | n_kl=80 | epoch=22/1000 | objective=-15.350431 | rate=15.342588 | power=29.999939 | r_p=0.000000 | r_c=0.000000 | r_s=0.008343 | status=running
[UL Convergence] | phase=optimize | user=2 | block=2 | n_kl=80 | epoch=23/1000 | objective=-15.386495 | rate=15.378616 | power=29.999939 | r_p=0.000000 | r_c=0.000000 | r_s=0.008232 | status=running
[UL Convergence] | phase=optimize | user=2 | block=2 | n_kl=80 | epoch=24/1000 | objective=-15.421242 | rate=15.413328 | power=29.999935 | r_p=0.000000 | r_c=0.000000 | r_s=0.008125 | status=running
[UL Convergence] | phase=optimize | user=2 | block=2 | n_kl=80 | epoch=25/1000 | objective=-15.454707 | rate=15.446760 | power=29.999935 | r_p=0.000000 | r_c=0.000000 | r_s=0.008020 | status=running
[UL Convergence] | phase=optimize | user=2 | block=2 | n_kl=80 | epoch=26/1000 | objective=-15.486926 | rate=15.478947 | power=29.999935 | r_p=0.000000 | r_c=0.000000 | r_s=0.007918 | status=running
[UL Convergence] | phase=optimize | user=2 | block=2 | n_kl=80 | epoch=27/1000 | objective=-15.517922 | rate=15.509912 | power=29.999945 | r_p=0.000000 | r_c=0.000000 | r_s=0.007818 | status=running
[UL Convergence] | phase=optimize | user=2 | block=2 | n_kl=80 | epoch=28/1000 | objective=-15.547730 | rate=15.539691 | power=29.999939 | r_p=0.000000 | r_c=0.000000 | r_s=0.007720 | status=running
[UL Convergence] | phase=optimize | user=2 | block=2 | n_kl=80 | epoch=29/1000 | objective=-15.576396 | rate=15.568328 | power=29.999935 | r_p=0.000000 | r_c=0.000000 | r_s=0.007625 | status=running
[UL Convergence] | phase=optimize | user=2 | block=2 | n_kl=80 | epoch=30/1000 | objective=-15.603932 | rate=15.595837 | power=29.999945 | r_p=0.000000 | r_c=0.000000 | r_s=0.007531 | status=running
[UL Convergence] | phase=optimize | user=2 | block=2 | n_kl=80 | epoch=31/1000 | objective=-15.630388 | rate=15.622266 | power=29.999945 | r_p=0.000000 | r_c=0.000000 | r_s=0.007441 | status=running
[UL Convergence] | phase=optimize | user=2 | block=2 | n_kl=80 | epoch=32/1000 | objective=-15.655787 | rate=15.647639 | power=29.999939 | r_p=0.000000 | r_c=0.000000 | r_s=0.007353 | status=running
[UL Convergence] | phase=optimize | user=2 | block=2 | n_kl=80 | epoch=33/1000 | objective=-15.680161 | rate=15.671988 | power=29.999939 | r_p=0.000000 | r_c=0.000000 | r_s=0.007269 | status=running
[UL Convergence] | phase=optimize | user=2 | block=2 | n_kl=80 | epoch=34/1000 | objective=-15.703537 | rate=15.695342 | power=29.999939 | r_p=0.000000 | r_c=0.000000 | r_s=0.007186 | status=running
[UL Convergence] | phase=optimize | user=2 | block=2 | n_kl=80 | epoch=35/1000 | objective=-15.725951 | rate=15.717733 | power=29.999935 | r_p=0.000000 | r_c=0.000000 | r_s=0.007105 | status=running
[UL Convergence] | phase=optimize | user=2 | block=2 | n_kl=80 | epoch=36/1000 | objective=-15.747437 | rate=15.739199 | power=29.999945 | r_p=0.000000 | r_c=0.000000 | r_s=0.007023 | status=running
[UL Convergence] | phase=optimize | user=2 | block=2 | n_kl=80 | epoch=37/1000 | objective=-15.768014 | rate=15.759754 | power=29.999939 | r_p=0.000000 | r_c=0.000000 | r_s=0.006940 | status=running
[UL Convergence] | phase=optimize | user=2 | block=2 | n_kl=80 | epoch=38/1000 | objective=-15.787713 | rate=15.779433 | power=29.999939 | r_p=0.000000 | r_c=0.000000 | r_s=0.006854 | status=running
[UL Convergence] | phase=optimize | user=2 | block=2 | n_kl=80 | epoch=39/1000 | objective=-15.806549 | rate=15.798251 | power=29.999939 | r_p=0.000000 | r_c=0.000000 | r_s=0.006765 | status=running
[UL Convergence] | phase=optimize | user=2 | block=2 | n_kl=80 | epoch=40/1000 | objective=-15.824565 | rate=15.816249 | power=29.999939 | r_p=0.000000 | r_c=0.000000 | r_s=0.006673 | status=running
[UL Convergence] | phase=optimize | user=2 | block=2 | n_kl=80 | epoch=41/1000 | objective=-15.841786 | rate=15.833453 | power=29.999939 | r_p=0.000000 | r_c=0.000000 | r_s=0.006576 | status=running
[UL Convergence] | phase=optimize | user=2 | block=2 | n_kl=80 | epoch=42/1000 | objective=-15.858224 | rate=15.849874 | power=29.999939 | r_p=0.000000 | r_c=0.000000 | r_s=0.006476 | status=running
[UL Convergence] | phase=optimize | user=2 | block=2 | n_kl=80 | epoch=43/1000 | objective=-15.873909 | rate=15.865543 | power=29.999939 | r_p=0.000000 | r_c=0.000000 | r_s=0.006372 | status=running
[UL Convergence] | phase=optimize | user=2 | block=2 | n_kl=80 | epoch=44/1000 | objective=-15.888876 | rate=15.880495 | power=29.999939 | r_p=0.000000 | r_c=0.000000 | r_s=0.006265 | status=running
[UL Convergence] | phase=optimize | user=2 | block=2 | n_kl=80 | epoch=45/1000 | objective=-15.903140 | rate=15.894745 | power=29.999945 | r_p=0.000000 | r_c=0.000000 | r_s=0.006156 | status=running
[UL Convergence] | phase=optimize | user=2 | block=2 | n_kl=80 | epoch=46/1000 | objective=-15.916722 | rate=15.908314 | power=29.999945 | r_p=0.000000 | r_c=0.000000 | r_s=0.006045 | status=running
[UL Convergence] | phase=optimize | user=2 | block=2 | n_kl=80 | epoch=47/1000 | objective=-15.929649 | rate=15.921228 | power=29.999935 | r_p=0.000000 | r_c=0.000000 | r_s=0.005933 | status=running
[UL Convergence] | phase=optimize | user=2 | block=2 | n_kl=80 | epoch=48/1000 | objective=-15.941938 | rate=15.933505 | power=29.999935 | r_p=0.000000 | r_c=0.000000 | r_s=0.005819 | status=running
[UL Convergence] | phase=optimize | user=2 | block=2 | n_kl=80 | epoch=49/1000 | objective=-15.953620 | rate=15.945175 | power=29.999939 | r_p=0.000000 | r_c=0.000000 | r_s=0.005705 | status=running
[UL Convergence] | phase=optimize | user=2 | block=2 | n_kl=80 | epoch=50/1000 | objective=-15.964712 | rate=15.956256 | power=29.999935 | r_p=0.000000 | r_c=0.000000 | r_s=0.005592 | status=running
[UL Convergence] | phase=optimize | user=2 | block=2 | n_kl=80 | epoch=51/1000 | objective=-15.975236 | rate=15.966769 | power=29.999945 | r_p=0.000000 | r_c=0.000000 | r_s=0.005479 | status=running
[UL Convergence] | phase=optimize | user=2 | block=2 | n_kl=80 | epoch=52/1000 | objective=-15.985203 | rate=15.976727 | power=29.999939 | r_p=0.000000 | r_c=0.000000 | r_s=0.005367 | status=running
[UL Convergence] | phase=optimize | user=2 | block=2 | n_kl=80 | epoch=53/1000 | objective=-15.994645 | rate=15.986159 | power=29.999939 | r_p=0.000000 | r_c=0.000000 | r_s=0.005257 | status=running
[UL Convergence] | phase=optimize | user=2 | block=2 | n_kl=80 | epoch=54/1000 | objective=-16.003588 | rate=15.995092 | power=29.999939 | r_p=0.000000 | r_c=0.000000 | r_s=0.005147 | status=running
[UL Convergence] | phase=optimize | user=2 | block=2 | n_kl=80 | epoch=55/1000 | objective=-16.012028 | rate=16.003525 | power=29.999939 | r_p=0.000000 | r_c=0.000000 | r_s=0.005039 | status=running
[UL Convergence] | phase=optimize | user=2 | block=2 | n_kl=80 | epoch=56/1000 | objective=-16.019987 | rate=16.011477 | power=29.999945 | r_p=0.000000 | r_c=0.000000 | r_s=0.004932 | status=running
[UL Convergence] | phase=optimize | user=2 | block=2 | n_kl=80 | epoch=57/1000 | objective=-16.027508 | rate=16.018990 | power=29.999939 | r_p=0.000000 | r_c=0.000000 | r_s=0.004826 | status=running
[UL Convergence] | phase=optimize | user=2 | block=2 | n_kl=80 | epoch=58/1000 | objective=-16.034586 | rate=16.026060 | power=29.999939 | r_p=0.000000 | r_c=0.000000 | r_s=0.004720 | status=running
[UL Convergence] | phase=optimize | user=2 | block=2 | n_kl=80 | epoch=59/1000 | objective=-16.041241 | rate=16.032707 | power=29.999939 | r_p=0.000000 | r_c=0.000000 | r_s=0.004614 | status=running
[UL Convergence] | phase=optimize | user=2 | block=2 | n_kl=80 | epoch=60/1000 | objective=-16.047499 | rate=16.038960 | power=29.999939 | r_p=0.000000 | r_c=0.000000 | r_s=0.004508 | status=running
[UL Convergence] | phase=optimize | user=2 | block=2 | n_kl=80 | epoch=61/1000 | objective=-16.053373 | rate=16.044828 | power=29.999939 | r_p=0.000000 | r_c=0.000000 | r_s=0.004402 | status=running
[UL Convergence] | phase=optimize | user=2 | block=2 | n_kl=80 | epoch=62/1000 | objective=-16.058882 | rate=16.050331 | power=29.999935 | r_p=0.000000 | r_c=0.000000 | r_s=0.004297 | status=running
[UL Convergence] | phase=optimize | user=2 | block=2 | n_kl=80 | epoch=63/1000 | objective=-16.064047 | rate=16.055490 | power=29.999945 | r_p=0.000000 | r_c=0.000000 | r_s=0.004191 | status=running
[UL Convergence] | phase=optimize | user=2 | block=2 | n_kl=80 | epoch=64/1000 | objective=-16.068872 | rate=16.060312 | power=29.999939 | r_p=0.000000 | r_c=0.000000 | r_s=0.004087 | status=running
[UL Convergence] | phase=optimize | user=2 | block=2 | n_kl=80 | epoch=65/1000 | objective=-16.073376 | rate=16.064812 | power=29.999935 | r_p=0.000000 | r_c=0.000000 | r_s=0.003982 | status=running
[UL Convergence] | phase=optimize | user=2 | block=2 | n_kl=80 | epoch=66/1000 | objective=-16.077578 | rate=16.069008 | power=29.999939 | r_p=0.000000 | r_c=0.000000 | r_s=0.003878 | status=running
[UL Convergence] | phase=optimize | user=2 | block=2 | n_kl=80 | epoch=67/1000 | objective=-16.081512 | rate=16.072939 | power=29.999935 | r_p=0.000000 | r_c=0.000000 | r_s=0.003774 | status=running
[UL Convergence] | phase=optimize | user=2 | block=2 | n_kl=80 | epoch=68/1000 | objective=-16.085171 | rate=16.076593 | power=29.999935 | r_p=0.000000 | r_c=0.000000 | r_s=0.003671 | status=running
[UL Convergence] | phase=optimize | user=2 | block=2 | n_kl=80 | epoch=69/1000 | objective=-16.088568 | rate=16.079988 | power=29.999939 | r_p=0.000000 | r_c=0.000000 | r_s=0.003568 | status=running
[UL Convergence] | phase=optimize | user=2 | block=2 | n_kl=80 | epoch=70/1000 | objective=-16.091719 | rate=16.083136 | power=29.999939 | r_p=0.000000 | r_c=0.000000 | r_s=0.003466 | status=running
[UL Convergence] | phase=optimize | user=2 | block=2 | n_kl=80 | epoch=71/1000 | objective=-16.094646 | rate=16.086060 | power=29.999939 | r_p=0.000000 | r_c=0.000000 | r_s=0.003364 | status=running
[UL Convergence] | phase=optimize | user=2 | block=2 | n_kl=80 | epoch=72/1000 | objective=-16.097349 | rate=16.088760 | power=29.999939 | r_p=0.000000 | r_c=0.000000 | r_s=0.003264 | status=running
[UL Convergence] | phase=optimize | user=2 | block=2 | n_kl=80 | epoch=73/1000 | objective=-16.099867 | rate=16.091276 | power=29.999939 | r_p=0.000000 | r_c=0.000000 | r_s=0.003164 | status=running
[UL Convergence] | phase=optimize | user=2 | block=2 | n_kl=80 | epoch=74/1000 | objective=-16.102186 | rate=16.093592 | power=29.999939 | r_p=0.000000 | r_c=0.000000 | r_s=0.003065 | status=running
[UL Convergence] | phase=optimize | user=2 | block=2 | n_kl=80 | epoch=75/1000 | objective=-16.104342 | rate=16.095745 | power=29.999939 | r_p=0.000000 | r_c=0.000000 | r_s=0.002967 | status=running
[UL Convergence] | phase=optimize | user=2 | block=2 | n_kl=80 | epoch=76/1000 | objective=-16.106314 | rate=16.097715 | power=29.999939 | r_p=0.000000 | r_c=0.000000 | r_s=0.002870 | status=running
[UL Convergence] | phase=optimize | user=2 | block=2 | n_kl=80 | epoch=77/1000 | objective=-16.108131 | rate=16.099531 | power=29.999939 | r_p=0.000000 | r_c=0.000000 | r_s=0.002775 | status=running
[UL Convergence] | phase=optimize | user=2 | block=2 | n_kl=80 | epoch=78/1000 | objective=-16.109806 | rate=16.101204 | power=29.999935 | r_p=0.000000 | r_c=0.000000 | r_s=0.002680 | status=running
[UL Convergence] | phase=optimize | user=2 | block=2 | n_kl=80 | epoch=79/1000 | objective=-16.111343 | rate=16.102741 | power=29.999939 | r_p=0.000000 | r_c=0.000000 | r_s=0.002588 | status=running
[UL Convergence] | phase=optimize | user=2 | block=2 | n_kl=80 | epoch=80/1000 | objective=-16.112755 | rate=16.104151 | power=29.999939 | r_p=0.000000 | r_c=0.000000 | r_s=0.002497 | status=running
[UL Convergence] | phase=optimize | user=2 | block=2 | n_kl=80 | epoch=81/1000 | objective=-16.114054 | rate=16.105448 | power=29.999935 | r_p=0.000000 | r_c=0.000000 | r_s=0.002408 | status=running
[UL Convergence] | phase=optimize | user=2 | block=2 | n_kl=80 | epoch=82/1000 | objective=-16.115227 | rate=16.106621 | power=29.999935 | r_p=0.000000 | r_c=0.000000 | r_s=0.002320 | status=running
[UL Convergence] | phase=optimize | user=2 | block=2 | n_kl=80 | epoch=83/1000 | objective=-16.116312 | rate=16.107704 | power=29.999935 | r_p=0.000000 | r_c=0.000000 | r_s=0.002235 | status=running
[UL Convergence] | phase=optimize | user=2 | block=2 | n_kl=80 | epoch=84/1000 | objective=-16.117290 | rate=16.108683 | power=29.999939 | r_p=0.000000 | r_c=0.000000 | r_s=0.002152 | status=running
[UL Convergence] | phase=optimize | user=2 | block=2 | n_kl=80 | epoch=85/1000 | objective=-16.118195 | rate=16.109585 | power=29.999939 | r_p=0.000000 | r_c=0.000000 | r_s=0.002071 | status=running
[UL Convergence] | phase=optimize | user=2 | block=2 | n_kl=80 | epoch=86/1000 | objective=-16.119005 | rate=16.110395 | power=29.999945 | r_p=0.000000 | r_c=0.000000 | r_s=0.001991 | status=running
[UL Convergence] | phase=optimize | user=2 | block=2 | n_kl=80 | epoch=87/1000 | objective=-16.119740 | rate=16.111128 | power=29.999935 | r_p=0.000000 | r_c=0.000000 | r_s=0.001913 | status=running
[UL Convergence] | phase=optimize | user=2 | block=2 | n_kl=80 | epoch=88/1000 | objective=-16.120409 | rate=16.111797 | power=29.999939 | r_p=0.000000 | r_c=0.000000 | r_s=0.001837 | status=running
[UL Convergence] | phase=optimize | user=2 | block=2 | n_kl=80 | epoch=89/1000 | objective=-16.121008 | rate=16.112396 | power=29.999935 | r_p=0.000000 | r_c=0.000000 | r_s=0.001763 | status=running
[UL Convergence] | phase=optimize | user=2 | block=2 | n_kl=80 | epoch=90/1000 | objective=-16.121550 | rate=16.112936 | power=29.999939 | r_p=0.000000 | r_c=0.000000 | r_s=0.001691 | status=running
[UL Convergence] | phase=optimize | user=2 | block=2 | n_kl=80 | epoch=91/1000 | objective=-16.122036 | rate=16.113422 | power=29.999939 | r_p=0.000000 | r_c=0.000000 | r_s=0.001620 | status=running
[UL Convergence] | phase=optimize | user=2 | block=2 | n_kl=80 | epoch=92/1000 | objective=-16.122475 | rate=16.113861 | power=29.999935 | r_p=0.000000 | r_c=0.000000 | r_s=0.001551 | status=running
[UL Convergence] | phase=optimize | user=2 | block=2 | n_kl=80 | epoch=93/1000 | objective=-16.122856 | rate=16.114243 | power=29.999939 | r_p=0.000000 | r_c=0.000000 | r_s=0.001484 | status=running
[UL Convergence] | phase=optimize | user=2 | block=2 | n_kl=80 | epoch=94/1000 | objective=-16.123209 | rate=16.114594 | power=29.999945 | r_p=0.000000 | r_c=0.000000 | r_s=0.001418 | status=running
[UL Convergence] | phase=optimize | user=2 | block=2 | n_kl=80 | epoch=95/1000 | objective=-16.123516 | rate=16.114901 | power=29.999939 | r_p=0.000000 | r_c=0.000000 | r_s=0.001354 | status=running
[UL Convergence] | phase=optimize | user=2 | block=2 | n_kl=80 | epoch=96/1000 | objective=-16.123791 | rate=16.115175 | power=29.999939 | r_p=0.000000 | r_c=0.000000 | r_s=0.001291 | status=running
[UL Convergence] | phase=optimize | user=2 | block=2 | n_kl=80 | epoch=97/1000 | objective=-16.124039 | rate=16.115423 | power=29.999945 | r_p=0.000000 | r_c=0.000000 | r_s=0.001230 | status=running
[UL Convergence] | phase=optimize | user=2 | block=2 | n_kl=80 | epoch=98/1000 | objective=-16.124250 | rate=16.115635 | power=29.999935 | r_p=0.000000 | r_c=0.000000 | r_s=0.001170 | status=running
[UL Convergence] | phase=optimize | user=2 | block=2 | n_kl=80 | epoch=99/1000 | objective=-16.124434 | rate=16.115818 | power=29.999939 | r_p=0.000000 | r_c=0.000000 | r_s=0.001112 | status=running
[UL Convergence] | phase=optimize | user=2 | block=2 | n_kl=80 | epoch=100/1000 | objective=-16.124596 | rate=16.115980 | power=29.999945 | r_p=0.000000 | r_c=0.000000 | r_s=0.001055 | status=running
[UL Convergence] | phase=optimize | user=2 | block=2 | n_kl=80 | epoch=101/1000 | objective=-16.124733 | rate=16.116117 | power=29.999939 | r_p=0.000000 | r_c=0.000000 | r_s=0.001000 | status=running
[UL Convergence] | phase=optimize | user=2 | block=2 | n_kl=80 | epoch=102/1000 | objective=-16.124859 | rate=16.116243 | power=29.999935 | r_p=0.000000 | r_c=0.000000 | r_s=9.465106e-04 | status=running
[UL Convergence] | phase=optimize | user=2 | block=2 | n_kl=80 | epoch=103/1000 | objective=-16.124969 | rate=16.116354 | power=29.999939 | r_p=0.000000 | r_c=0.000000 | r_s=8.944086e-04 | status=running
[UL Convergence] | phase=optimize | user=2 | block=2 | n_kl=80 | epoch=104/1000 | objective=-16.125069 | rate=16.116451 | power=29.999939 | r_p=0.000000 | r_c=0.000000 | r_s=8.438348e-04 | status=running
[UL Convergence] | phase=optimize | user=2 | block=2 | n_kl=80 | epoch=105/1000 | objective=-16.125141 | rate=16.116524 | power=29.999939 | r_p=0.000000 | r_c=0.000000 | r_s=7.947914e-04 | status=running
[UL Convergence] | phase=optimize | user=2 | block=2 | n_kl=80 | epoch=106/1000 | objective=-16.125210 | rate=16.116592 | power=29.999939 | r_p=0.000000 | r_c=0.000000 | r_s=7.473347e-04 | status=running
[UL Convergence] | phase=optimize | user=2 | block=2 | n_kl=80 | epoch=107/1000 | objective=-16.125271 | rate=16.116653 | power=29.999939 | r_p=0.000000 | r_c=0.000000 | r_s=7.014724e-04 | status=running
[UL Convergence] | phase=optimize | user=2 | block=2 | n_kl=80 | epoch=108/1000 | objective=-16.125313 | rate=16.116695 | power=29.999939 | r_p=0.000000 | r_c=0.000000 | r_s=6.572853e-04 | status=running
[UL Convergence] | phase=optimize | user=2 | block=2 | n_kl=80 | epoch=109/1000 | objective=-16.125347 | rate=16.116730 | power=29.999935 | r_p=0.000000 | r_c=0.000000 | r_s=6.147418e-04 | status=running
[UL Convergence] | phase=optimize | user=2 | block=2 | n_kl=80 | epoch=110/1000 | objective=-16.125389 | rate=16.116772 | power=29.999939 | r_p=0.000000 | r_c=0.000000 | r_s=5.738987e-04 | status=kkt_converged
[UL Convergence Result] | user=2 | block=2 | n_kl=80 | achieved_rate=16.116772 | power=29.999939 | rate_gap=-8.616772 | power_gap=-6.103516e-05 | solve_status=kkt_converged
[UL Convergence Allocation] | user=2 | block=2 | n_kl=80 | requested_bits=600 | served_bits=600 | full_service=true
[UL Convergence Block] | user=2 | block=2 | stage=post_T | served_bits=600 | unserved_bits=0
[UL Convergence Reduction] | user=2 | block=2 | served_bits=600 | n_start=79 | n_min=1
[UL Convergence Solve] | user=2 | block=2 | stage=reduced_n | n_kl=79 | served_bits=600
[UL Convergence] | phase=optimize | user=2 | block=2 | n_kl=79 | epoch=1/1000 | objective=-16.112356 | rate=16.103848 | power=29.999939 | r_p=0.000000 | r_c=0.000000 | r_s=inf | status=running
[UL Convergence] | phase=optimize | user=2 | block=2 | n_kl=79 | epoch=2/1000 | objective=-16.112377 | rate=16.103868 | power=29.999935 | r_p=0.000000 | r_c=0.000000 | r_s=5.347771e-04 | status=kkt_converged
[UL Convergence Candidate] | user=2 | block=2 | n_kl=79 | achieved_rate=16.103868 | rate_gap=-8.508932 | power_gap=-6.484985e-05 | status=accepted
[UL Convergence Solve] | user=2 | block=2 | stage=reduced_n | n_kl=70 | served_bits=600
[UL Convergence] | phase=optimize | user=2 | block=2 | n_kl=70 | epoch=1/1000 | objective=-15.982840 | rate=15.975435 | power=29.999939 | r_p=0.000000 | r_c=0.000000 | r_s=inf | status=running
[UL Convergence] | phase=optimize | user=2 | block=2 | n_kl=70 | epoch=2/1000 | objective=-15.982844 | rate=15.975440 | power=29.999939 | r_p=0.000000 | r_c=0.000000 | r_s=3.088199e-04 | status=kkt_converged
[UL Convergence Candidate] | user=2 | block=2 | n_kl=70 | achieved_rate=15.975440 | rate_gap=-7.404012 | power_gap=-6.103516e-05 | status=accepted
[UL Convergence Solve] | user=2 | block=2 | stage=reduced_n | n_kl=60 | served_bits=600
[UL Convergence] | phase=optimize | user=2 | block=2 | n_kl=60 | epoch=1/1000 | objective=-15.805765 | rate=15.799965 | power=29.999945 | r_p=0.000000 | r_c=0.000000 | r_s=inf | status=running
[UL Convergence] | phase=optimize | user=2 | block=2 | n_kl=60 | epoch=2/1000 | objective=-15.805760 | rate=15.799960 | power=29.999939 | r_p=0.000000 | r_c=0.000000 | r_s=2.362619e-04 | status=kkt_converged
[UL Convergence Candidate] | user=2 | block=2 | n_kl=60 | achieved_rate=15.799965 | rate_gap=-5.799965 | power_gap=-5.531311e-05 | status=accepted
[UL Convergence Solve] | user=2 | block=2 | stage=reduced_n | n_kl=50 | served_bits=600
[UL Convergence] | phase=optimize | user=2 | block=2 | n_kl=50 | epoch=1/1000 | objective=-15.577757 | rate=15.574183 | power=29.999939 | r_p=0.000000 | r_c=0.000000 | r_s=inf | status=running
[UL Convergence] | phase=optimize | user=2 | block=2 | n_kl=50 | epoch=2/1000 | objective=-15.577755 | rate=15.574181 | power=29.999939 | r_p=0.000000 | r_c=0.000000 | r_s=1.950638e-04 | status=kkt_converged
[UL Convergence Candidate] | user=2 | block=2 | n_kl=50 | achieved_rate=15.574183 | rate_gap=-3.574183 | power_gap=-6.103516e-05 | status=accepted
[UL Convergence Solve] | user=2 | block=2 | stage=reduced_n | n_kl=40 | served_bits=600
[UL Convergence] | phase=optimize | user=2 | block=2 | n_kl=40 | epoch=1/1000 | objective=-15.268579 | rate=15.268312 | power=29.999939 | r_p=0.000000 | r_c=0.000000 | r_s=inf | status=running
[UL Convergence] | phase=optimize | user=2 | block=2 | n_kl=40 | epoch=2/1000 | objective=-15.268575 | rate=15.268307 | power=29.999939 | r_p=0.000000 | r_c=0.000000 | r_s=1.952192e-04 | status=kkt_converged
[UL Convergence Candidate] | user=2 | block=2 | n_kl=40 | achieved_rate=15.268312 | rate_gap=-0.268312 | power_gap=-6.103516e-05 | status=accepted
[UL Convergence Reduction] | user=2 | block=2 | n_kl=39 | status=stop_infeasible
[UL Convergence Final] | user=2 | block=2 | feasible_points=41 | chosen_n_kl=40 | served_bits=600 | achieved_rate=15.268312 | power=29.999939 | solve_status=kkt_converged
[UL Convergence Allocation] | user=2 | block=2 | chosen_n_kl=40 | served_bits=600 | unserved_bits=0 | mode=fixed_block_targets
[UL Convergence Train] | user=2 | block=3 | target_bits=600 | mode=fixed_block_targets
[UL Convergence Block] | user=2 | block=3 | budget_mode=target_bits | requested_bits=600
[UL Convergence Solve] | user=2 | block=3 | stage=n=T | n_kl=80 | requested_bits=600
[UL Convergence] | phase=optimize | user=2 | block=3 | n_kl=80 | epoch=1/1000 | objective=-12.519137 | rate=12.514123 | power=29.999939 | r_p=0.000000 | r_c=0.000000 | r_s=inf | status=running
[UL Convergence] | phase=optimize | user=2 | block=3 | n_kl=80 | epoch=2/1000 | objective=-12.612911 | rate=12.607803 | power=29.999939 | r_p=0.000000 | r_c=0.000000 | r_s=0.010302 | status=running
[UL Convergence] | phase=optimize | user=2 | block=3 | n_kl=80 | epoch=3/1000 | objective=-12.710409 | rate=12.705204 | power=29.999939 | r_p=0.000000 | r_c=0.000000 | r_s=0.010223 | status=running
[UL Convergence] | phase=optimize | user=2 | block=3 | n_kl=80 | epoch=4/1000 | objective=-12.810990 | rate=12.805685 | power=29.999939 | r_p=0.000000 | r_c=0.000000 | r_s=0.010195 | status=running
[UL Convergence] | phase=optimize | user=2 | block=3 | n_kl=80 | epoch=5/1000 | objective=-12.914012 | rate=12.908604 | power=29.999939 | r_p=0.000000 | r_c=0.000000 | r_s=0.010167 | status=running
[UL Convergence] | phase=optimize | user=2 | block=3 | n_kl=80 | epoch=6/1000 | objective=-13.018863 | rate=13.013350 | power=29.999939 | r_p=0.000000 | r_c=0.000000 | r_s=0.010133 | status=running
[UL Convergence] | phase=optimize | user=2 | block=3 | n_kl=80 | epoch=7/1000 | objective=-13.124949 | rate=13.119329 | power=29.999939 | r_p=0.000000 | r_c=0.000000 | r_s=0.010094 | status=running
[UL Convergence] | phase=optimize | user=2 | block=3 | n_kl=80 | epoch=8/1000 | objective=-13.231705 | rate=13.225979 | power=29.999929 | r_p=0.000000 | r_c=0.000000 | r_s=0.010057 | status=running
[UL Convergence] | phase=optimize | user=2 | block=3 | n_kl=80 | epoch=9/1000 | objective=-13.338600 | rate=13.332767 | power=29.999935 | r_p=0.000000 | r_c=0.000000 | r_s=0.010026 | status=running
[UL Convergence] | phase=optimize | user=2 | block=3 | n_kl=80 | epoch=10/1000 | objective=-13.445140 | rate=13.439200 | power=29.999939 | r_p=0.000000 | r_c=0.000000 | r_s=0.010002 | status=running
[UL Convergence] | phase=optimize | user=2 | block=3 | n_kl=80 | epoch=11/1000 | objective=-13.550841 | rate=13.544797 | power=29.999935 | r_p=0.000000 | r_c=0.000000 | r_s=0.009982 | status=running
[UL Convergence] | phase=optimize | user=2 | block=3 | n_kl=80 | epoch=12/1000 | objective=-13.655297 | rate=13.649148 | power=29.999939 | r_p=0.000000 | r_c=0.000000 | r_s=0.009959 | status=running
[UL Convergence] | phase=optimize | user=2 | block=3 | n_kl=80 | epoch=13/1000 | objective=-13.758139 | rate=13.751886 | power=29.999939 | r_p=0.000000 | r_c=0.000000 | r_s=0.009932 | status=running
[UL Convergence] | phase=optimize | user=2 | block=3 | n_kl=80 | epoch=14/1000 | objective=-13.859003 | rate=13.852651 | power=29.999939 | r_p=0.000000 | r_c=0.000000 | r_s=0.009897 | status=running
[UL Convergence] | phase=optimize | user=2 | block=3 | n_kl=80 | epoch=15/1000 | objective=-13.957665 | rate=13.951214 | power=29.999939 | r_p=0.000000 | r_c=0.000000 | r_s=0.009855 | status=running
[UL Convergence] | phase=optimize | user=2 | block=3 | n_kl=80 | epoch=16/1000 | objective=-14.053897 | rate=14.047350 | power=29.999935 | r_p=0.000000 | r_c=0.000000 | r_s=0.009805 | status=running
[UL Convergence] | phase=optimize | user=2 | block=3 | n_kl=80 | epoch=17/1000 | objective=-14.147540 | rate=14.140900 | power=29.999939 | r_p=0.000000 | r_c=0.000000 | r_s=0.009746 | status=running
[UL Convergence] | phase=optimize | user=2 | block=3 | n_kl=80 | epoch=18/1000 | objective=-14.238452 | rate=14.231720 | power=29.999935 | r_p=0.000000 | r_c=0.000000 | r_s=0.009680 | status=running
[UL Convergence] | phase=optimize | user=2 | block=3 | n_kl=80 | epoch=19/1000 | objective=-14.326562 | rate=14.319742 | power=29.999939 | r_p=0.000000 | r_c=0.000000 | r_s=0.009606 | status=running
[UL Convergence] | phase=optimize | user=2 | block=3 | n_kl=80 | epoch=20/1000 | objective=-14.411820 | rate=14.404916 | power=29.999939 | r_p=0.000000 | r_c=0.000000 | r_s=0.009523 | status=running
[UL Convergence] | phase=optimize | user=2 | block=3 | n_kl=80 | epoch=21/1000 | objective=-14.494197 | rate=14.487209 | power=29.999939 | r_p=0.000000 | r_c=0.000000 | r_s=0.009433 | status=running
[UL Convergence] | phase=optimize | user=2 | block=3 | n_kl=80 | epoch=22/1000 | objective=-14.573689 | rate=14.566623 | power=29.999935 | r_p=0.000000 | r_c=0.000000 | r_s=0.009335 | status=running
[UL Convergence] | phase=optimize | user=2 | block=3 | n_kl=80 | epoch=23/1000 | objective=-14.650322 | rate=14.643179 | power=29.999935 | r_p=0.000000 | r_c=0.000000 | r_s=0.009229 | status=running
[UL Convergence] | phase=optimize | user=2 | block=3 | n_kl=80 | epoch=24/1000 | objective=-14.724149 | rate=14.716931 | power=29.999935 | r_p=0.000000 | r_c=0.000000 | r_s=0.009116 | status=running
[UL Convergence] | phase=optimize | user=2 | block=3 | n_kl=80 | epoch=25/1000 | objective=-14.795214 | rate=14.787926 | power=29.999939 | r_p=0.000000 | r_c=0.000000 | r_s=0.008996 | status=running
[UL Convergence] | phase=optimize | user=2 | block=3 | n_kl=80 | epoch=26/1000 | objective=-14.863585 | rate=14.856229 | power=29.999939 | r_p=0.000000 | r_c=0.000000 | r_s=0.008872 | status=running
[UL Convergence] | phase=optimize | user=2 | block=3 | n_kl=80 | epoch=27/1000 | objective=-14.929342 | rate=14.921921 | power=29.999939 | r_p=0.000000 | r_c=0.000000 | r_s=0.008743 | status=running
[UL Convergence] | phase=optimize | user=2 | block=3 | n_kl=80 | epoch=28/1000 | objective=-14.992562 | rate=14.985077 | power=29.999939 | r_p=0.000000 | r_c=0.000000 | r_s=0.008611 | status=running
[UL Convergence] | phase=optimize | user=2 | block=3 | n_kl=80 | epoch=29/1000 | objective=-15.053347 | rate=15.045801 | power=29.999939 | r_p=0.000000 | r_c=0.000000 | r_s=0.008478 | status=running
[UL Convergence] | phase=optimize | user=2 | block=3 | n_kl=80 | epoch=30/1000 | objective=-15.111777 | rate=15.104173 | power=29.999935 | r_p=0.000000 | r_c=0.000000 | r_s=0.008343 | status=running
[UL Convergence] | phase=optimize | user=2 | block=3 | n_kl=80 | epoch=31/1000 | objective=-15.167934 | rate=15.160275 | power=29.999939 | r_p=0.000000 | r_c=0.000000 | r_s=0.008208 | status=running
[UL Convergence] | phase=optimize | user=2 | block=3 | n_kl=80 | epoch=32/1000 | objective=-15.221913 | rate=15.214199 | power=29.999939 | r_p=0.000000 | r_c=0.000000 | r_s=0.008075 | status=running
[UL Convergence] | phase=optimize | user=2 | block=3 | n_kl=80 | epoch=33/1000 | objective=-15.273808 | rate=15.266042 | power=29.999945 | r_p=0.000000 | r_c=0.000000 | r_s=0.007942 | status=running
[UL Convergence] | phase=optimize | user=2 | block=3 | n_kl=80 | epoch=34/1000 | objective=-15.323685 | rate=15.315868 | power=29.999945 | r_p=0.000000 | r_c=0.000000 | r_s=0.007812 | status=running
[UL Convergence] | phase=optimize | user=2 | block=3 | n_kl=80 | epoch=35/1000 | objective=-15.371622 | rate=15.363758 | power=29.999945 | r_p=0.000000 | r_c=0.000000 | r_s=0.007683 | status=running
[UL Convergence] | phase=optimize | user=2 | block=3 | n_kl=80 | epoch=36/1000 | objective=-15.417729 | rate=15.409820 | power=29.999939 | r_p=0.000000 | r_c=0.000000 | r_s=0.007558 | status=running
[UL Convergence] | phase=optimize | user=2 | block=3 | n_kl=80 | epoch=37/1000 | objective=-15.462044 | rate=15.454090 | power=29.999945 | r_p=0.000000 | r_c=0.000000 | r_s=0.007434 | status=running
[UL Convergence] | phase=optimize | user=2 | block=3 | n_kl=80 | epoch=38/1000 | objective=-15.504647 | rate=15.496651 | power=29.999939 | r_p=0.000000 | r_c=0.000000 | r_s=0.007313 | status=running
[UL Convergence] | phase=optimize | user=2 | block=3 | n_kl=80 | epoch=39/1000 | objective=-15.545599 | rate=15.537561 | power=29.999939 | r_p=0.000000 | r_c=0.000000 | r_s=0.007195 | status=running
[UL Convergence] | phase=optimize | user=2 | block=3 | n_kl=80 | epoch=40/1000 | objective=-15.584977 | rate=15.576900 | power=29.999939 | r_p=0.000000 | r_c=0.000000 | r_s=0.007078 | status=running
[UL Convergence] | phase=optimize | user=2 | block=3 | n_kl=80 | epoch=41/1000 | objective=-15.622822 | rate=15.614707 | power=29.999939 | r_p=0.000000 | r_c=0.000000 | r_s=0.006964 | status=running
[UL Convergence] | phase=optimize | user=2 | block=3 | n_kl=80 | epoch=42/1000 | objective=-15.659209 | rate=15.651058 | power=29.999939 | r_p=0.000000 | r_c=0.000000 | r_s=0.006851 | status=running
[UL Convergence] | phase=optimize | user=2 | block=3 | n_kl=80 | epoch=43/1000 | objective=-15.694187 | rate=15.686001 | power=29.999935 | r_p=0.000000 | r_c=0.000000 | r_s=0.006740 | status=running
[UL Convergence] | phase=optimize | user=2 | block=3 | n_kl=80 | epoch=44/1000 | objective=-15.727786 | rate=15.719566 | power=29.999939 | r_p=0.000000 | r_c=0.000000 | r_s=0.006630 | status=running
[UL Convergence] | phase=optimize | user=2 | block=3 | n_kl=80 | epoch=45/1000 | objective=-15.760084 | rate=15.751832 | power=29.999945 | r_p=0.000000 | r_c=0.000000 | r_s=0.006522 | status=running
[UL Convergence] | phase=optimize | user=2 | block=3 | n_kl=80 | epoch=46/1000 | objective=-15.791109 | rate=15.782826 | power=29.999939 | r_p=0.000000 | r_c=0.000000 | r_s=0.006415 | status=running
[UL Convergence] | phase=optimize | user=2 | block=3 | n_kl=80 | epoch=47/1000 | objective=-15.820917 | rate=15.812605 | power=29.999939 | r_p=0.000000 | r_c=0.000000 | r_s=0.006308 | status=running
[UL Convergence] | phase=optimize | user=2 | block=3 | n_kl=80 | epoch=48/1000 | objective=-15.849557 | rate=15.841216 | power=29.999945 | r_p=0.000000 | r_c=0.000000 | r_s=0.006203 | status=running
[UL Convergence] | phase=optimize | user=2 | block=3 | n_kl=80 | epoch=49/1000 | objective=-15.877053 | rate=15.868685 | power=29.999945 | r_p=0.000000 | r_c=0.000000 | r_s=0.006098 | status=running
[UL Convergence] | phase=optimize | user=2 | block=3 | n_kl=80 | epoch=50/1000 | objective=-15.903471 | rate=15.895076 | power=29.999945 | r_p=0.000000 | r_c=0.000000 | r_s=0.005994 | status=running
[UL Convergence] | phase=optimize | user=2 | block=3 | n_kl=80 | epoch=51/1000 | objective=-15.928818 | rate=15.920398 | power=29.999939 | r_p=0.000000 | r_c=0.000000 | r_s=0.005891 | status=running
[UL Convergence] | phase=optimize | user=2 | block=3 | n_kl=80 | epoch=52/1000 | objective=-15.953158 | rate=15.944714 | power=29.999945 | r_p=0.000000 | r_c=0.000000 | r_s=0.005788 | status=running
[UL Convergence] | phase=optimize | user=2 | block=3 | n_kl=80 | epoch=53/1000 | objective=-15.976533 | rate=15.968065 | power=29.999939 | r_p=0.000000 | r_c=0.000000 | r_s=0.005686 | status=running
[UL Convergence] | phase=optimize | user=2 | block=3 | n_kl=80 | epoch=54/1000 | objective=-15.998955 | rate=15.990464 | power=29.999939 | r_p=0.000000 | r_c=0.000000 | r_s=0.005584 | status=running
[UL Convergence] | phase=optimize | user=2 | block=3 | n_kl=80 | epoch=55/1000 | objective=-16.020477 | rate=16.011965 | power=29.999945 | r_p=0.000000 | r_c=0.000000 | r_s=0.005483 | status=running
[UL Convergence] | phase=optimize | user=2 | block=3 | n_kl=80 | epoch=56/1000 | objective=-16.041130 | rate=16.032597 | power=29.999939 | r_p=0.000000 | r_c=0.000000 | r_s=0.005382 | status=running
[UL Convergence] | phase=optimize | user=2 | block=3 | n_kl=80 | epoch=57/1000 | objective=-16.060944 | rate=16.052391 | power=29.999945 | r_p=0.000000 | r_c=0.000000 | r_s=0.005282 | status=running
[UL Convergence] | phase=optimize | user=2 | block=3 | n_kl=80 | epoch=58/1000 | objective=-16.079958 | rate=16.071386 | power=29.999939 | r_p=0.000000 | r_c=0.000000 | r_s=0.005184 | status=running
[UL Convergence] | phase=optimize | user=2 | block=3 | n_kl=80 | epoch=59/1000 | objective=-16.098196 | rate=16.089607 | power=29.999939 | r_p=0.000000 | r_c=0.000000 | r_s=0.005086 | status=running
[UL Convergence] | phase=optimize | user=2 | block=3 | n_kl=80 | epoch=60/1000 | objective=-16.115675 | rate=16.107067 | power=29.999939 | r_p=0.000000 | r_c=0.000000 | r_s=0.004989 | status=running
[UL Convergence] | phase=optimize | user=2 | block=3 | n_kl=80 | epoch=61/1000 | objective=-16.132467 | rate=16.123844 | power=29.999945 | r_p=0.000000 | r_c=0.000000 | r_s=0.004893 | status=running
[UL Convergence] | phase=optimize | user=2 | block=3 | n_kl=80 | epoch=62/1000 | objective=-16.148556 | rate=16.139915 | power=29.999945 | r_p=0.000000 | r_c=0.000000 | r_s=0.004798 | status=running
[UL Convergence] | phase=optimize | user=2 | block=3 | n_kl=80 | epoch=63/1000 | objective=-16.163990 | rate=16.155334 | power=29.999939 | r_p=0.000000 | r_c=0.000000 | r_s=0.004705 | status=running
[UL Convergence] | phase=optimize | user=2 | block=3 | n_kl=80 | epoch=64/1000 | objective=-16.178791 | rate=16.170120 | power=29.999939 | r_p=0.000000 | r_c=0.000000 | r_s=0.004613 | status=running
[UL Convergence] | phase=optimize | user=2 | block=3 | n_kl=80 | epoch=65/1000 | objective=-16.192986 | rate=16.184301 | power=29.999939 | r_p=0.000000 | r_c=0.000000 | r_s=0.004523 | status=running
[UL Convergence] | phase=optimize | user=2 | block=3 | n_kl=80 | epoch=66/1000 | objective=-16.206602 | rate=16.197905 | power=29.999939 | r_p=0.000000 | r_c=0.000000 | r_s=0.004434 | status=running
[UL Convergence] | phase=optimize | user=2 | block=3 | n_kl=80 | epoch=67/1000 | objective=-16.219650 | rate=16.210939 | power=29.999939 | r_p=0.000000 | r_c=0.000000 | r_s=0.004347 | status=running
[UL Convergence] | phase=optimize | user=2 | block=3 | n_kl=80 | epoch=68/1000 | objective=-16.232176 | rate=16.223452 | power=29.999935 | r_p=0.000000 | r_c=0.000000 | r_s=0.004262 | status=running
[UL Convergence] | phase=optimize | user=2 | block=3 | n_kl=80 | epoch=69/1000 | objective=-16.244177 | rate=16.235441 | power=29.999939 | r_p=0.000000 | r_c=0.000000 | r_s=0.004179 | status=running
[UL Convergence] | phase=optimize | user=2 | block=3 | n_kl=80 | epoch=70/1000 | objective=-16.255684 | rate=16.246937 | power=29.999945 | r_p=0.000000 | r_c=0.000000 | r_s=0.004097 | status=running
[UL Convergence] | phase=optimize | user=2 | block=3 | n_kl=80 | epoch=71/1000 | objective=-16.266722 | rate=16.257963 | power=29.999939 | r_p=0.000000 | r_c=0.000000 | r_s=0.004017 | status=running
[UL Convergence] | phase=optimize | user=2 | block=3 | n_kl=80 | epoch=72/1000 | objective=-16.277300 | rate=16.268532 | power=29.999945 | r_p=0.000000 | r_c=0.000000 | r_s=0.003939 | status=running
[UL Convergence] | phase=optimize | user=2 | block=3 | n_kl=80 | epoch=73/1000 | objective=-16.287441 | rate=16.278662 | power=29.999939 | r_p=0.000000 | r_c=0.000000 | r_s=0.003862 | status=running
[UL Convergence] | phase=optimize | user=2 | block=3 | n_kl=80 | epoch=74/1000 | objective=-16.297167 | rate=16.288378 | power=29.999939 | r_p=0.000000 | r_c=0.000000 | r_s=0.003788 | status=running
[UL Convergence] | phase=optimize | user=2 | block=3 | n_kl=80 | epoch=75/1000 | objective=-16.306475 | rate=16.297676 | power=29.999939 | r_p=0.000000 | r_c=0.000000 | r_s=0.003714 | status=running
[UL Convergence] | phase=optimize | user=2 | block=3 | n_kl=80 | epoch=76/1000 | objective=-16.315420 | rate=16.306614 | power=29.999935 | r_p=0.000000 | r_c=0.000000 | r_s=0.003642 | status=running
[UL Convergence] | phase=optimize | user=2 | block=3 | n_kl=80 | epoch=77/1000 | objective=-16.323967 | rate=16.315151 | power=29.999945 | r_p=0.000000 | r_c=0.000000 | r_s=0.003572 | status=running
[UL Convergence] | phase=optimize | user=2 | block=3 | n_kl=80 | epoch=78/1000 | objective=-16.332155 | rate=16.323332 | power=29.999935 | r_p=0.000000 | r_c=0.000000 | r_s=0.003503 | status=running
[UL Convergence] | phase=optimize | user=2 | block=3 | n_kl=80 | epoch=79/1000 | objective=-16.340023 | rate=16.331192 | power=29.999939 | r_p=0.000000 | r_c=0.000000 | r_s=0.003435 | status=running
[UL Convergence] | phase=optimize | user=2 | block=3 | n_kl=80 | epoch=80/1000 | objective=-16.347544 | rate=16.338705 | power=29.999939 | r_p=0.000000 | r_c=0.000000 | r_s=0.003369 | status=running
[UL Convergence] | phase=optimize | user=2 | block=3 | n_kl=80 | epoch=81/1000 | objective=-16.354748 | rate=16.345901 | power=29.999939 | r_p=0.000000 | r_c=0.000000 | r_s=0.003303 | status=running
[UL Convergence] | phase=optimize | user=2 | block=3 | n_kl=80 | epoch=82/1000 | objective=-16.361652 | rate=16.352800 | power=29.999945 | r_p=0.000000 | r_c=0.000000 | r_s=0.003239 | status=running
[UL Convergence] | phase=optimize | user=2 | block=3 | n_kl=80 | epoch=83/1000 | objective=-16.368250 | rate=16.359390 | power=29.999939 | r_p=0.000000 | r_c=0.000000 | r_s=0.003176 | status=running
[UL Convergence] | phase=optimize | user=2 | block=3 | n_kl=80 | epoch=84/1000 | objective=-16.374573 | rate=16.365707 | power=29.999945 | r_p=0.000000 | r_c=0.000000 | r_s=0.003113 | status=running
[UL Convergence] | phase=optimize | user=2 | block=3 | n_kl=80 | epoch=85/1000 | objective=-16.380615 | rate=16.371744 | power=29.999939 | r_p=0.000000 | r_c=0.000000 | r_s=0.003052 | status=running
[UL Convergence] | phase=optimize | user=2 | block=3 | n_kl=80 | epoch=86/1000 | objective=-16.386410 | rate=16.377533 | power=29.999945 | r_p=0.000000 | r_c=0.000000 | r_s=0.002991 | status=running
[UL Convergence] | phase=optimize | user=2 | block=3 | n_kl=80 | epoch=87/1000 | objective=-16.391945 | rate=16.383062 | power=29.999939 | r_p=0.000000 | r_c=0.000000 | r_s=0.002931 | status=running
[UL Convergence] | phase=optimize | user=2 | block=3 | n_kl=80 | epoch=88/1000 | objective=-16.397249 | rate=16.388361 | power=29.999935 | r_p=0.000000 | r_c=0.000000 | r_s=0.002872 | status=running
[UL Convergence] | phase=optimize | user=2 | block=3 | n_kl=80 | epoch=89/1000 | objective=-16.402308 | rate=16.393414 | power=29.999935 | r_p=0.000000 | r_c=0.000000 | r_s=0.002814 | status=running
[UL Convergence] | phase=optimize | user=2 | block=3 | n_kl=80 | epoch=90/1000 | objective=-16.407156 | rate=16.398258 | power=29.999945 | r_p=0.000000 | r_c=0.000000 | r_s=0.002757 | status=running
[UL Convergence] | phase=optimize | user=2 | block=3 | n_kl=80 | epoch=91/1000 | objective=-16.411785 | rate=16.402882 | power=29.999935 | r_p=0.000000 | r_c=0.000000 | r_s=0.002701 | status=running
[UL Convergence] | phase=optimize | user=2 | block=3 | n_kl=80 | epoch=92/1000 | objective=-16.416214 | rate=16.407307 | power=29.999935 | r_p=0.000000 | r_c=0.000000 | r_s=0.002646 | status=running
[UL Convergence] | phase=optimize | user=2 | block=3 | n_kl=80 | epoch=93/1000 | objective=-16.420441 | rate=16.411530 | power=29.999945 | r_p=0.000000 | r_c=0.000000 | r_s=0.002591 | status=running
[UL Convergence] | phase=optimize | user=2 | block=3 | n_kl=80 | epoch=94/1000 | objective=-16.424494 | rate=16.415579 | power=29.999935 | r_p=0.000000 | r_c=0.000000 | r_s=0.002538 | status=running
[UL Convergence] | phase=optimize | user=2 | block=3 | n_kl=80 | epoch=95/1000 | objective=-16.428356 | rate=16.419437 | power=29.999939 | r_p=0.000000 | r_c=0.000000 | r_s=0.002485 | status=running
[UL Convergence] | phase=optimize | user=2 | block=3 | n_kl=80 | epoch=96/1000 | objective=-16.432037 | rate=16.423115 | power=29.999939 | r_p=0.000000 | r_c=0.000000 | r_s=0.002433 | status=running
[UL Convergence] | phase=optimize | user=2 | block=3 | n_kl=80 | epoch=97/1000 | objective=-16.435564 | rate=16.426638 | power=29.999939 | r_p=0.000000 | r_c=0.000000 | r_s=0.002382 | status=running
[UL Convergence] | phase=optimize | user=2 | block=3 | n_kl=80 | epoch=98/1000 | objective=-16.438923 | rate=16.429993 | power=29.999935 | r_p=0.000000 | r_c=0.000000 | r_s=0.002332 | status=running
[UL Convergence] | phase=optimize | user=2 | block=3 | n_kl=80 | epoch=99/1000 | objective=-16.442141 | rate=16.433207 | power=29.999935 | r_p=0.000000 | r_c=0.000000 | r_s=0.002283 | status=running
[UL Convergence] | phase=optimize | user=2 | block=3 | n_kl=80 | epoch=100/1000 | objective=-16.445213 | rate=16.436277 | power=29.999945 | r_p=0.000000 | r_c=0.000000 | r_s=0.002235 | status=running
[UL Convergence] | phase=optimize | user=2 | block=3 | n_kl=80 | epoch=101/1000 | objective=-16.448133 | rate=16.439194 | power=29.999939 | r_p=0.000000 | r_c=0.000000 | r_s=0.002187 | status=running
[UL Convergence] | phase=optimize | user=2 | block=3 | n_kl=80 | epoch=102/1000 | objective=-16.450932 | rate=16.441990 | power=29.999945 | r_p=0.000000 | r_c=0.000000 | r_s=0.002141 | status=running
[UL Convergence] | phase=optimize | user=2 | block=3 | n_kl=80 | epoch=103/1000 | objective=-16.453594 | rate=16.444649 | power=29.999935 | r_p=0.000000 | r_c=0.000000 | r_s=0.002095 | status=running
[UL Convergence] | phase=optimize | user=2 | block=3 | n_kl=80 | epoch=104/1000 | objective=-16.456137 | rate=16.447189 | power=29.999935 | r_p=0.000000 | r_c=0.000000 | r_s=0.002050 | status=running
[UL Convergence] | phase=optimize | user=2 | block=3 | n_kl=80 | epoch=105/1000 | objective=-16.458565 | rate=16.449615 | power=29.999939 | r_p=0.000000 | r_c=0.000000 | r_s=0.002006 | status=running
[UL Convergence] | phase=optimize | user=2 | block=3 | n_kl=80 | epoch=106/1000 | objective=-16.460871 | rate=16.451920 | power=29.999939 | r_p=0.000000 | r_c=0.000000 | r_s=0.001963 | status=running
[UL Convergence] | phase=optimize | user=2 | block=3 | n_kl=80 | epoch=107/1000 | objective=-16.463079 | rate=16.454124 | power=29.999935 | r_p=0.000000 | r_c=0.000000 | r_s=0.001921 | status=running
[UL Convergence] | phase=optimize | user=2 | block=3 | n_kl=80 | epoch=108/1000 | objective=-16.465178 | rate=16.456221 | power=29.999945 | r_p=0.000000 | r_c=0.000000 | r_s=0.001879 | status=running
[UL Convergence] | phase=optimize | user=2 | block=3 | n_kl=80 | epoch=109/1000 | objective=-16.467184 | rate=16.458225 | power=29.999945 | r_p=0.000000 | r_c=0.000000 | r_s=0.001838 | status=running
[UL Convergence] | phase=optimize | user=2 | block=3 | n_kl=80 | epoch=110/1000 | objective=-16.469086 | rate=16.460125 | power=29.999945 | r_p=0.000000 | r_c=0.000000 | r_s=0.001798 | status=running
[UL Convergence] | phase=optimize | user=2 | block=3 | n_kl=80 | epoch=111/1000 | objective=-16.470909 | rate=16.461946 | power=29.999945 | r_p=0.000000 | r_c=0.000000 | r_s=0.001758 | status=running
[UL Convergence] | phase=optimize | user=2 | block=3 | n_kl=80 | epoch=112/1000 | objective=-16.472637 | rate=16.463673 | power=29.999939 | r_p=0.000000 | r_c=0.000000 | r_s=0.001719 | status=running
[UL Convergence] | phase=optimize | user=2 | block=3 | n_kl=80 | epoch=113/1000 | objective=-16.474277 | rate=16.465313 | power=29.999939 | r_p=0.000000 | r_c=0.000000 | r_s=0.001681 | status=running
[UL Convergence] | phase=optimize | user=2 | block=3 | n_kl=80 | epoch=114/1000 | objective=-16.475857 | rate=16.466890 | power=29.999939 | r_p=0.000000 | r_c=0.000000 | r_s=0.001644 | status=running
[UL Convergence] | phase=optimize | user=2 | block=3 | n_kl=80 | epoch=115/1000 | objective=-16.477352 | rate=16.468384 | power=29.999939 | r_p=0.000000 | r_c=0.000000 | r_s=0.001607 | status=running
[UL Convergence] | phase=optimize | user=2 | block=3 | n_kl=80 | epoch=116/1000 | objective=-16.478769 | rate=16.469799 | power=29.999935 | r_p=0.000000 | r_c=0.000000 | r_s=0.001571 | status=running
[UL Convergence] | phase=optimize | user=2 | block=3 | n_kl=80 | epoch=117/1000 | objective=-16.480118 | rate=16.471148 | power=29.999945 | r_p=0.000000 | r_c=0.000000 | r_s=0.001535 | status=running
[UL Convergence] | phase=optimize | user=2 | block=3 | n_kl=80 | epoch=118/1000 | objective=-16.481407 | rate=16.472435 | power=29.999939 | r_p=0.000000 | r_c=0.000000 | r_s=0.001500 | status=running
[UL Convergence] | phase=optimize | user=2 | block=3 | n_kl=80 | epoch=119/1000 | objective=-16.482628 | rate=16.473654 | power=29.999945 | r_p=0.000000 | r_c=0.000000 | r_s=0.001466 | status=running
[UL Convergence] | phase=optimize | user=2 | block=3 | n_kl=80 | epoch=120/1000 | objective=-16.483805 | rate=16.474831 | power=29.999939 | r_p=0.000000 | r_c=0.000000 | r_s=0.001432 | status=running
[UL Convergence] | phase=optimize | user=2 | block=3 | n_kl=80 | epoch=121/1000 | objective=-16.484901 | rate=16.475925 | power=29.999939 | r_p=0.000000 | r_c=0.000000 | r_s=0.001399 | status=running
[UL Convergence] | phase=optimize | user=2 | block=3 | n_kl=80 | epoch=122/1000 | objective=-16.485958 | rate=16.476980 | power=29.999939 | r_p=0.000000 | r_c=0.000000 | r_s=0.001367 | status=running
[UL Convergence] | phase=optimize | user=2 | block=3 | n_kl=80 | epoch=123/1000 | objective=-16.486958 | rate=16.477980 | power=29.999939 | r_p=0.000000 | r_c=0.000000 | r_s=0.001335 | status=running
[UL Convergence] | phase=optimize | user=2 | block=3 | n_kl=80 | epoch=124/1000 | objective=-16.487909 | rate=16.478930 | power=29.999935 | r_p=0.000000 | r_c=0.000000 | r_s=0.001304 | status=running
[UL Convergence] | phase=optimize | user=2 | block=3 | n_kl=80 | epoch=125/1000 | objective=-16.488810 | rate=16.479830 | power=29.999939 | r_p=0.000000 | r_c=0.000000 | r_s=0.001273 | status=running
[UL Convergence] | phase=optimize | user=2 | block=3 | n_kl=80 | epoch=126/1000 | objective=-16.489670 | rate=16.480690 | power=29.999935 | r_p=0.000000 | r_c=0.000000 | r_s=0.001243 | status=running
[UL Convergence] | phase=optimize | user=2 | block=3 | n_kl=80 | epoch=127/1000 | objective=-16.490492 | rate=16.481510 | power=29.999939 | r_p=0.000000 | r_c=0.000000 | r_s=0.001214 | status=running
[UL Convergence] | phase=optimize | user=2 | block=3 | n_kl=80 | epoch=128/1000 | objective=-16.491259 | rate=16.482277 | power=29.999939 | r_p=0.000000 | r_c=0.000000 | r_s=0.001185 | status=running
[UL Convergence] | phase=optimize | user=2 | block=3 | n_kl=80 | epoch=129/1000 | objective=-16.492001 | rate=16.483017 | power=29.999935 | r_p=0.000000 | r_c=0.000000 | r_s=0.001156 | status=running
[UL Convergence] | phase=optimize | user=2 | block=3 | n_kl=80 | epoch=130/1000 | objective=-16.492695 | rate=16.483711 | power=29.999939 | r_p=0.000000 | r_c=0.000000 | r_s=0.001129 | status=running
[UL Convergence] | phase=optimize | user=2 | block=3 | n_kl=80 | epoch=131/1000 | objective=-16.493351 | rate=16.484367 | power=29.999929 | r_p=0.000000 | r_c=0.000000 | r_s=0.001101 | status=running
[UL Convergence] | phase=optimize | user=2 | block=3 | n_kl=80 | epoch=132/1000 | objective=-16.493982 | rate=16.484997 | power=29.999939 | r_p=0.000000 | r_c=0.000000 | r_s=0.001075 | status=running
[UL Convergence] | phase=optimize | user=2 | block=3 | n_kl=80 | epoch=133/1000 | objective=-16.494577 | rate=16.485592 | power=29.999939 | r_p=0.000000 | r_c=0.000000 | r_s=0.001049 | status=running
[UL Convergence] | phase=optimize | user=2 | block=3 | n_kl=80 | epoch=134/1000 | objective=-16.495146 | rate=16.486160 | power=29.999935 | r_p=0.000000 | r_c=0.000000 | r_s=0.001023 | status=running
[UL Convergence] | phase=optimize | user=2 | block=3 | n_kl=80 | epoch=135/1000 | objective=-16.495678 | rate=16.486691 | power=29.999939 | r_p=0.000000 | r_c=0.000000 | r_s=9.980729e-04 | status=running
[UL Convergence] | phase=optimize | user=2 | block=3 | n_kl=80 | epoch=136/1000 | objective=-16.496185 | rate=16.487198 | power=29.999945 | r_p=0.000000 | r_c=0.000000 | r_s=9.735371e-04 | status=running
[UL Convergence] | phase=optimize | user=2 | block=3 | n_kl=80 | epoch=137/1000 | objective=-16.496666 | rate=16.487679 | power=29.999935 | r_p=0.000000 | r_c=0.000000 | r_s=9.494993e-04 | status=running
[UL Convergence] | phase=optimize | user=2 | block=3 | n_kl=80 | epoch=138/1000 | objective=-16.497128 | rate=16.488140 | power=29.999945 | r_p=0.000000 | r_c=0.000000 | r_s=9.259643e-04 | status=running
[UL Convergence] | phase=optimize | user=2 | block=3 | n_kl=80 | epoch=139/1000 | objective=-16.497562 | rate=16.488573 | power=29.999939 | r_p=0.000000 | r_c=0.000000 | r_s=9.029329e-04 | status=running
[UL Convergence] | phase=optimize | user=2 | block=3 | n_kl=80 | epoch=140/1000 | objective=-16.497971 | rate=16.488981 | power=29.999939 | r_p=0.000000 | r_c=0.000000 | r_s=8.803686e-04 | status=running
[UL Convergence] | phase=optimize | user=2 | block=3 | n_kl=80 | epoch=141/1000 | objective=-16.498354 | rate=16.489365 | power=29.999939 | r_p=0.000000 | r_c=0.000000 | r_s=8.582973e-04 | status=running
[UL Convergence] | phase=optimize | user=2 | block=3 | n_kl=80 | epoch=142/1000 | objective=-16.498730 | rate=16.489740 | power=29.999939 | r_p=0.000000 | r_c=0.000000 | r_s=8.366646e-04 | status=running
[UL Convergence] | phase=optimize | user=2 | block=3 | n_kl=80 | epoch=143/1000 | objective=-16.499073 | rate=16.490084 | power=29.999939 | r_p=0.000000 | r_c=0.000000 | r_s=8.155280e-04 | status=running
[UL Convergence] | phase=optimize | user=2 | block=3 | n_kl=80 | epoch=144/1000 | objective=-16.499409 | rate=16.490417 | power=29.999939 | r_p=0.000000 | r_c=0.000000 | r_s=7.948191e-04 | status=running
[UL Convergence] | phase=optimize | user=2 | block=3 | n_kl=80 | epoch=145/1000 | objective=-16.499720 | rate=16.490728 | power=29.999939 | r_p=0.000000 | r_c=0.000000 | r_s=7.745416e-04 | status=running
[UL Convergence] | phase=optimize | user=2 | block=3 | n_kl=80 | epoch=146/1000 | objective=-16.500017 | rate=16.491026 | power=29.999945 | r_p=0.000000 | r_c=0.000000 | r_s=7.547243e-04 | status=running
[UL Convergence] | phase=optimize | user=2 | block=3 | n_kl=80 | epoch=147/1000 | objective=-16.500292 | rate=16.491301 | power=29.999939 | r_p=0.000000 | r_c=0.000000 | r_s=7.353192e-04 | status=running
[UL Convergence] | phase=optimize | user=2 | block=3 | n_kl=80 | epoch=148/1000 | objective=-16.500559 | rate=16.491568 | power=29.999939 | r_p=0.000000 | r_c=0.000000 | r_s=7.163338e-04 | status=running
[UL Convergence] | phase=optimize | user=2 | block=3 | n_kl=80 | epoch=149/1000 | objective=-16.500813 | rate=16.491821 | power=29.999939 | r_p=0.000000 | r_c=0.000000 | r_s=6.977561e-04 | status=running
[UL Convergence] | phase=optimize | user=2 | block=3 | n_kl=80 | epoch=150/1000 | objective=-16.501049 | rate=16.492058 | power=29.999939 | r_p=0.000000 | r_c=0.000000 | r_s=6.795925e-04 | status=running
[UL Convergence] | phase=optimize | user=2 | block=3 | n_kl=80 | epoch=151/1000 | objective=-16.501268 | rate=16.492275 | power=29.999939 | r_p=0.000000 | r_c=0.000000 | r_s=6.618351e-04 | status=running
[UL Convergence] | phase=optimize | user=2 | block=3 | n_kl=80 | epoch=152/1000 | objective=-16.501480 | rate=16.492487 | power=29.999939 | r_p=0.000000 | r_c=0.000000 | r_s=6.444480e-04 | status=running
[UL Convergence] | phase=optimize | user=2 | block=3 | n_kl=80 | epoch=153/1000 | objective=-16.501677 | rate=16.492683 | power=29.999939 | r_p=0.000000 | r_c=0.000000 | r_s=6.274542e-04 | status=running
[UL Convergence] | phase=optimize | user=2 | block=3 | n_kl=80 | epoch=154/1000 | objective=-16.501867 | rate=16.492874 | power=29.999939 | r_p=0.000000 | r_c=0.000000 | r_s=6.108570e-04 | status=running
[UL Convergence] | phase=optimize | user=2 | block=3 | n_kl=80 | epoch=155/1000 | objective=-16.502041 | rate=16.493048 | power=29.999935 | r_p=0.000000 | r_c=0.000000 | r_s=5.946016e-04 | status=kkt_converged
[UL Convergence Result] | user=2 | block=3 | n_kl=80 | achieved_rate=16.493048 | power=29.999935 | rate_gap=-8.993048 | power_gap=-6.484985e-05 | solve_status=kkt_converged
[UL Convergence Allocation] | user=2 | block=3 | n_kl=80 | requested_bits=600 | served_bits=600 | full_service=true
[UL Convergence Block] | user=2 | block=3 | stage=post_T | served_bits=600 | unserved_bits=0
[UL Convergence Reduction] | user=2 | block=3 | served_bits=600 | n_start=79 | n_min=1
[UL Convergence Solve] | user=2 | block=3 | stage=reduced_n | n_kl=79 | served_bits=600
[UL Convergence] | phase=optimize | user=2 | block=3 | n_kl=79 | epoch=1/1000 | objective=-16.489008 | rate=16.480124 | power=29.999935 | r_p=0.000000 | r_c=0.000000 | r_s=inf | status=running
[UL Convergence] | phase=optimize | user=2 | block=3 | n_kl=79 | epoch=2/1000 | objective=-16.489176 | rate=16.480291 | power=29.999939 | r_p=0.000000 | r_c=0.000000 | r_s=5.787451e-04 | status=kkt_converged
[UL Convergence Candidate] | user=2 | block=3 | n_kl=79 | achieved_rate=16.480291 | rate_gap=-8.885355 | power_gap=-6.103516e-05 | status=accepted
[UL Convergence Solve] | user=2 | block=3 | stage=reduced_n | n_kl=70 | served_bits=600
[UL Convergence] | phase=optimize | user=2 | block=3 | n_kl=70 | epoch=1/1000 | objective=-16.360607 | rate=16.352825 | power=29.999945 | r_p=0.000000 | r_c=0.000000 | r_s=inf | status=running
[UL Convergence] | phase=optimize | user=2 | block=3 | n_kl=70 | epoch=2/1000 | objective=-16.360710 | rate=16.352928 | power=29.999939 | r_p=0.000000 | r_c=0.000000 | r_s=4.514975e-04 | status=kkt_converged
[UL Convergence Candidate] | user=2 | block=3 | n_kl=70 | achieved_rate=16.352928 | rate_gap=-7.781500 | power_gap=-6.103516e-05 | status=accepted
[UL Convergence Solve] | user=2 | block=3 | stage=reduced_n | n_kl=60 | served_bits=600
[UL Convergence] | phase=optimize | user=2 | block=3 | n_kl=60 | epoch=1/1000 | objective=-16.184313 | rate=16.178135 | power=29.999939 | r_p=0.000000 | r_c=0.000000 | r_s=inf | status=running
[UL Convergence] | phase=optimize | user=2 | block=3 | n_kl=60 | epoch=2/1000 | objective=-16.184368 | rate=16.178190 | power=29.999939 | r_p=0.000000 | r_c=0.000000 | r_s=3.392406e-04 | status=kkt_converged
[UL Convergence Candidate] | user=2 | block=3 | n_kl=60 | achieved_rate=16.178190 | rate_gap=-6.178190 | power_gap=-6.103516e-05 | status=accepted
[UL Convergence Solve] | user=2 | block=3 | stage=reduced_n | n_kl=50 | served_bits=600
[UL Convergence] | phase=optimize | user=2 | block=3 | n_kl=50 | epoch=1/1000 | objective=-15.956736 | rate=15.952783 | power=29.999935 | r_p=0.000000 | r_c=0.000000 | r_s=inf | status=running
[UL Convergence] | phase=optimize | user=2 | block=3 | n_kl=50 | epoch=2/1000 | objective=-15.956773 | rate=15.952820 | power=29.999945 | r_p=0.000000 | r_c=0.000000 | r_s=2.519692e-04 | status=kkt_converged
[UL Convergence Candidate] | user=2 | block=3 | n_kl=50 | achieved_rate=15.952820 | rate_gap=-3.952820 | power_gap=-5.531311e-05 | status=accepted
[UL Convergence Solve] | user=2 | block=3 | stage=reduced_n | n_kl=40 | served_bits=600
[UL Convergence] | phase=optimize | user=2 | block=3 | n_kl=40 | epoch=1/1000 | objective=-15.647808 | rate=15.647161 | power=29.999939 | r_p=0.000000 | r_c=0.000000 | r_s=inf | status=running
[UL Convergence] | phase=optimize | user=2 | block=3 | n_kl=40 | epoch=2/1000 | objective=-15.647824 | rate=15.647177 | power=29.999939 | r_p=0.000000 | r_c=0.000000 | r_s=1.847371e-04 | status=kkt_converged
[UL Convergence Candidate] | user=2 | block=3 | n_kl=40 | achieved_rate=15.647177 | rate_gap=-0.647177 | power_gap=-6.103516e-05 | status=accepted
[UL Convergence Reduction] | user=2 | block=3 | n_kl=38 | status=stop_infeasible
[UL Convergence Final] | user=2 | block=3 | feasible_points=42 | chosen_n_kl=39 | served_bits=600 | achieved_rate=15.610287 | power=29.999939 | solve_status=kkt_converged
[UL Convergence Allocation] | user=2 | block=3 | chosen_n_kl=39 | served_bits=600 | unserved_bits=0 | mode=fixed_block_targets
[UL Convergence Train] | user=2 | block=4 | target_bits=600 | mode=fixed_block_targets
[UL Convergence Block] | user=2 | block=4 | budget_mode=target_bits | requested_bits=600
[UL Convergence Solve] | user=2 | block=4 | stage=n=T | n_kl=80 | requested_bits=600
[UL Convergence] | phase=optimize | user=2 | block=4 | n_kl=80 | epoch=1/1000 | objective=-12.244321 | rate=12.239581 | power=29.999935 | r_p=0.000000 | r_c=0.000000 | r_s=inf | status=running
[UL Convergence] | phase=optimize | user=2 | block=4 | n_kl=80 | epoch=2/1000 | objective=-12.299760 | rate=12.294959 | power=29.945953 | r_p=0.000000 | r_c=0.000000 | r_s=0.010328 | status=running
[UL Convergence] | phase=optimize | user=2 | block=4 | n_kl=80 | epoch=3/1000 | objective=-12.361665 | rate=12.356808 | power=29.999939 | r_p=0.000000 | r_c=0.000000 | r_s=0.007962 | status=running
[UL Convergence] | phase=optimize | user=2 | block=4 | n_kl=80 | epoch=4/1000 | objective=-12.417666 | rate=12.412754 | power=29.999939 | r_p=0.000000 | r_c=0.000000 | r_s=0.007964 | status=running
[UL Convergence] | phase=optimize | user=2 | block=4 | n_kl=80 | epoch=5/1000 | objective=-12.474994 | rate=12.470024 | power=29.999939 | r_p=0.000000 | r_c=0.000000 | r_s=0.008030 | status=running
[UL Convergence] | phase=optimize | user=2 | block=4 | n_kl=80 | epoch=6/1000 | objective=-12.533350 | rate=12.528321 | power=29.999935 | r_p=0.000000 | r_c=0.000000 | r_s=0.008091 | status=running
[UL Convergence] | phase=optimize | user=2 | block=4 | n_kl=80 | epoch=7/1000 | objective=-12.592599 | rate=12.587511 | power=29.999939 | r_p=0.000000 | r_c=0.000000 | r_s=0.008143 | status=running
[UL Convergence] | phase=optimize | user=2 | block=4 | n_kl=80 | epoch=8/1000 | objective=-12.652622 | rate=12.647474 | power=29.999935 | r_p=0.000000 | r_c=0.000000 | r_s=0.008188 | status=running
[UL Convergence] | phase=optimize | user=2 | block=4 | n_kl=80 | epoch=9/1000 | objective=-12.713332 | rate=12.708124 | power=29.999935 | r_p=0.000000 | r_c=0.000000 | r_s=0.008228 | status=running
[UL Convergence] | phase=optimize | user=2 | block=4 | n_kl=80 | epoch=10/1000 | objective=-12.774657 | rate=12.769388 | power=29.999939 | r_p=0.000000 | r_c=0.000000 | r_s=0.008264 | status=running
[UL Convergence] | phase=optimize | user=2 | block=4 | n_kl=80 | epoch=11/1000 | objective=-12.836542 | rate=12.831211 | power=29.999939 | r_p=0.000000 | r_c=0.000000 | r_s=0.008297 | status=running
[UL Convergence] | phase=optimize | user=2 | block=4 | n_kl=80 | epoch=12/1000 | objective=-12.898884 | rate=12.893491 | power=29.999939 | r_p=0.000000 | r_c=0.000000 | r_s=0.008328 | status=running
[UL Convergence] | phase=optimize | user=2 | block=4 | n_kl=80 | epoch=13/1000 | objective=-12.961593 | rate=12.956137 | power=29.999939 | r_p=0.000000 | r_c=0.000000 | r_s=0.008355 | status=running
[UL Convergence] | phase=optimize | user=2 | block=4 | n_kl=80 | epoch=14/1000 | objective=-13.024560 | rate=13.019041 | power=29.999939 | r_p=0.000000 | r_c=0.000000 | r_s=0.008380 | status=running
[UL Convergence] | phase=optimize | user=2 | block=4 | n_kl=80 | epoch=15/1000 | objective=-13.087671 | rate=13.082089 | power=29.999935 | r_p=0.000000 | r_c=0.000000 | r_s=0.008401 | status=running
[UL Convergence] | phase=optimize | user=2 | block=4 | n_kl=80 | epoch=16/1000 | objective=-13.150790 | rate=13.145145 | power=29.999945 | r_p=0.000000 | r_c=0.000000 | r_s=0.008418 | status=running
[UL Convergence] | phase=optimize | user=2 | block=4 | n_kl=80 | epoch=17/1000 | objective=-13.213762 | rate=13.208055 | power=29.999935 | r_p=0.000000 | r_c=0.000000 | r_s=0.008430 | status=running
[UL Convergence] | phase=optimize | user=2 | block=4 | n_kl=80 | epoch=18/1000 | objective=-13.276456 | rate=13.270685 | power=29.999939 | r_p=0.000000 | r_c=0.000000 | r_s=0.008439 | status=running
[UL Convergence] | phase=optimize | user=2 | block=4 | n_kl=80 | epoch=19/1000 | objective=-13.338740 | rate=13.332908 | power=29.999935 | r_p=0.000000 | r_c=0.000000 | r_s=0.008443 | status=running
[UL Convergence] | phase=optimize | user=2 | block=4 | n_kl=80 | epoch=20/1000 | objective=-13.400464 | rate=13.394569 | power=29.999935 | r_p=0.000000 | r_c=0.000000 | r_s=0.008442 | status=running
[UL Convergence] | phase=optimize | user=2 | block=4 | n_kl=80 | epoch=21/1000 | objective=-13.461473 | rate=13.455517 | power=29.999939 | r_p=0.000000 | r_c=0.000000 | r_s=0.008436 | status=running
[UL Convergence] | phase=optimize | user=2 | block=4 | n_kl=80 | epoch=22/1000 | objective=-13.521667 | rate=13.515652 | power=29.999939 | r_p=0.000000 | r_c=0.000000 | r_s=0.008425 | status=running
[UL Convergence] | phase=optimize | user=2 | block=4 | n_kl=80 | epoch=23/1000 | objective=-13.580907 | rate=13.574832 | power=29.999939 | r_p=0.000000 | r_c=0.000000 | r_s=0.008408 | status=running
[UL Convergence] | phase=optimize | user=2 | block=4 | n_kl=80 | epoch=24/1000 | objective=-13.639079 | rate=13.632946 | power=29.999935 | r_p=0.000000 | r_c=0.000000 | r_s=0.008385 | status=running
[UL Convergence] | phase=optimize | user=2 | block=4 | n_kl=80 | epoch=25/1000 | objective=-13.696100 | rate=13.689910 | power=29.999939 | r_p=0.000000 | r_c=0.000000 | r_s=0.008355 | status=running
[UL Convergence] | phase=optimize | user=2 | block=4 | n_kl=80 | epoch=26/1000 | objective=-13.751868 | rate=13.745623 | power=29.999939 | r_p=0.000000 | r_c=0.000000 | r_s=0.008320 | status=running
[UL Convergence] | phase=optimize | user=2 | block=4 | n_kl=80 | epoch=27/1000 | objective=-13.806299 | rate=13.799999 | power=29.999945 | r_p=0.000000 | r_c=0.000000 | r_s=0.008277 | status=running
[UL Convergence] | phase=optimize | user=2 | block=4 | n_kl=80 | epoch=28/1000 | objective=-13.859338 | rate=13.852984 | power=29.999939 | r_p=0.000000 | r_c=0.000000 | r_s=0.008228 | status=running
[UL Convergence] | phase=optimize | user=2 | block=4 | n_kl=80 | epoch=29/1000 | objective=-13.910926 | rate=13.904521 | power=29.999939 | r_p=0.000000 | r_c=0.000000 | r_s=0.008172 | status=running
[UL Convergence] | phase=optimize | user=2 | block=4 | n_kl=80 | epoch=30/1000 | objective=-13.961015 | rate=13.954560 | power=29.999935 | r_p=0.000000 | r_c=0.000000 | r_s=0.008109 | status=running
[UL Convergence] | phase=optimize | user=2 | block=4 | n_kl=80 | epoch=31/1000 | objective=-14.009576 | rate=14.003073 | power=29.999945 | r_p=0.000000 | r_c=0.000000 | r_s=0.008039 | status=running
[UL Convergence] | phase=optimize | user=2 | block=4 | n_kl=80 | epoch=32/1000 | objective=-14.056592 | rate=14.050042 | power=29.999939 | r_p=0.000000 | r_c=0.000000 | r_s=0.007964 | status=running
[UL Convergence] | phase=optimize | user=2 | block=4 | n_kl=80 | epoch=33/1000 | objective=-14.102045 | rate=14.095449 | power=29.999939 | r_p=0.000000 | r_c=0.000000 | r_s=0.007882 | status=running
[UL Convergence] | phase=optimize | user=2 | block=4 | n_kl=80 | epoch=34/1000 | objective=-14.145927 | rate=14.139288 | power=29.999945 | r_p=0.000000 | r_c=0.000000 | r_s=0.007794 | status=running
[UL Convergence] | phase=optimize | user=2 | block=4 | n_kl=80 | epoch=35/1000 | objective=-14.188250 | rate=14.181568 | power=29.999945 | r_p=0.000000 | r_c=0.000000 | r_s=0.007701 | status=running
[UL Convergence] | phase=optimize | user=2 | block=4 | n_kl=80 | epoch=36/1000 | objective=-14.229022 | rate=14.222300 | power=29.999945 | r_p=0.000000 | r_c=0.000000 | r_s=0.007603 | status=running
[UL Convergence] | phase=optimize | user=2 | block=4 | n_kl=80 | epoch=37/1000 | objective=-14.268242 | rate=14.261480 | power=29.999939 | r_p=0.000000 | r_c=0.000000 | r_s=0.007500 | status=running
[UL Convergence] | phase=optimize | user=2 | block=4 | n_kl=80 | epoch=38/1000 | objective=-14.305956 | rate=14.299157 | power=29.999945 | r_p=0.000000 | r_c=0.000000 | r_s=0.007394 | status=running
[UL Convergence] | phase=optimize | user=2 | block=4 | n_kl=80 | epoch=39/1000 | objective=-14.342183 | rate=14.335348 | power=29.999939 | r_p=0.000000 | r_c=0.000000 | r_s=0.007284 | status=running
[UL Convergence] | phase=optimize | user=2 | block=4 | n_kl=80 | epoch=40/1000 | objective=-14.376951 | rate=14.370081 | power=29.999935 | r_p=0.000000 | r_c=0.000000 | r_s=0.007172 | status=running
[UL Convergence] | phase=optimize | user=2 | block=4 | n_kl=80 | epoch=41/1000 | objective=-14.410289 | rate=14.403385 | power=29.999939 | r_p=0.000000 | r_c=0.000000 | r_s=0.007057 | status=running
[UL Convergence] | phase=optimize | user=2 | block=4 | n_kl=80 | epoch=42/1000 | objective=-14.442244 | rate=14.435308 | power=29.999939 | r_p=0.000000 | r_c=0.000000 | r_s=0.006940 | status=running
[UL Convergence] | phase=optimize | user=2 | block=4 | n_kl=80 | epoch=43/1000 | objective=-14.472849 | rate=14.465883 | power=29.999939 | r_p=0.000000 | r_c=0.000000 | r_s=0.006822 | status=running
[UL Convergence] | phase=optimize | user=2 | block=4 | n_kl=80 | epoch=44/1000 | objective=-14.502140 | rate=14.495145 | power=29.999945 | r_p=0.000000 | r_c=0.000000 | r_s=0.006704 | status=running
[UL Convergence] | phase=optimize | user=2 | block=4 | n_kl=80 | epoch=45/1000 | objective=-14.530171 | rate=14.523149 | power=29.999945 | r_p=0.000000 | r_c=0.000000 | r_s=0.006585 | status=running
[UL Convergence] | phase=optimize | user=2 | block=4 | n_kl=80 | epoch=46/1000 | objective=-14.556973 | rate=14.549923 | power=29.999939 | r_p=0.000000 | r_c=0.000000 | r_s=0.006467 | status=running
[UL Convergence] | phase=optimize | user=2 | block=4 | n_kl=80 | epoch=47/1000 | objective=-14.582595 | rate=14.575520 | power=29.999945 | r_p=0.000000 | r_c=0.000000 | r_s=0.006349 | status=running
[UL Convergence] | phase=optimize | user=2 | block=4 | n_kl=80 | epoch=48/1000 | objective=-14.607069 | rate=14.599969 | power=29.999939 | r_p=0.000000 | r_c=0.000000 | r_s=0.006232 | status=running
[UL Convergence] | phase=optimize | user=2 | block=4 | n_kl=80 | epoch=49/1000 | objective=-14.630437 | rate=14.623314 | power=29.999939 | r_p=0.000000 | r_c=0.000000 | r_s=0.006117 | status=running
[UL Convergence] | phase=optimize | user=2 | block=4 | n_kl=80 | epoch=50/1000 | objective=-14.652757 | rate=14.645611 | power=29.999939 | r_p=0.000000 | r_c=0.000000 | r_s=0.006003 | status=running
[UL Convergence] | phase=optimize | user=2 | block=4 | n_kl=80 | epoch=51/1000 | objective=-14.674047 | rate=14.666880 | power=29.999939 | r_p=0.000000 | r_c=0.000000 | r_s=0.005890 | status=running
[UL Convergence] | phase=optimize | user=2 | block=4 | n_kl=80 | epoch=52/1000 | objective=-14.694349 | rate=14.687162 | power=29.999939 | r_p=0.000000 | r_c=0.000000 | r_s=0.005779 | status=running
[UL Convergence] | phase=optimize | user=2 | block=4 | n_kl=80 | epoch=53/1000 | objective=-14.713716 | rate=14.706509 | power=29.999939 | r_p=0.000000 | r_c=0.000000 | r_s=0.005670 | status=running
[UL Convergence] | phase=optimize | user=2 | block=4 | n_kl=80 | epoch=54/1000 | objective=-14.732174 | rate=14.724949 | power=29.999945 | r_p=0.000000 | r_c=0.000000 | r_s=0.005562 | status=running
[UL Convergence] | phase=optimize | user=2 | block=4 | n_kl=80 | epoch=55/1000 | objective=-14.749753 | rate=14.742511 | power=29.999945 | r_p=0.000000 | r_c=0.000000 | r_s=0.005456 | status=running
[UL Convergence] | phase=optimize | user=2 | block=4 | n_kl=80 | epoch=56/1000 | objective=-14.766497 | rate=14.759237 | power=29.999939 | r_p=0.000000 | r_c=0.000000 | r_s=0.005352 | status=running
[UL Convergence] | phase=optimize | user=2 | block=4 | n_kl=80 | epoch=57/1000 | objective=-14.782433 | rate=14.775157 | power=29.999939 | r_p=0.000000 | r_c=0.000000 | r_s=0.005250 | status=running
[UL Convergence] | phase=optimize | user=2 | block=4 | n_kl=80 | epoch=58/1000 | objective=-14.797600 | rate=14.790310 | power=29.999939 | r_p=0.000000 | r_c=0.000000 | r_s=0.005148 | status=running
[UL Convergence] | phase=optimize | user=2 | block=4 | n_kl=80 | epoch=59/1000 | objective=-14.812019 | rate=14.804714 | power=29.999945 | r_p=0.000000 | r_c=0.000000 | r_s=0.005049 | status=running
[UL Convergence] | phase=optimize | user=2 | block=4 | n_kl=80 | epoch=60/1000 | objective=-14.825723 | rate=14.818404 | power=29.999935 | r_p=0.000000 | r_c=0.000000 | r_s=0.004950 | status=running
[UL Convergence] | phase=optimize | user=2 | block=4 | n_kl=80 | epoch=61/1000 | objective=-14.838760 | rate=14.831429 | power=29.999945 | r_p=0.000000 | r_c=0.000000 | r_s=0.004852 | status=running
[UL Convergence] | phase=optimize | user=2 | block=4 | n_kl=80 | epoch=62/1000 | objective=-14.851123 | rate=14.843779 | power=29.999939 | r_p=0.000000 | r_c=0.000000 | r_s=0.004756 | status=running
[UL Convergence] | phase=optimize | user=2 | block=4 | n_kl=80 | epoch=63/1000 | objective=-14.862867 | rate=14.855512 | power=29.999939 | r_p=0.000000 | r_c=0.000000 | r_s=0.004660 | status=running
[UL Convergence] | phase=optimize | user=2 | block=4 | n_kl=80 | epoch=64/1000 | objective=-14.874013 | rate=14.866647 | power=29.999935 | r_p=0.000000 | r_c=0.000000 | r_s=0.004566 | status=running
[UL Convergence] | phase=optimize | user=2 | block=4 | n_kl=80 | epoch=65/1000 | objective=-14.884590 | rate=14.877213 | power=29.999945 | r_p=0.000000 | r_c=0.000000 | r_s=0.004472 | status=running
[UL Convergence] | phase=optimize | user=2 | block=4 | n_kl=80 | epoch=66/1000 | objective=-14.894595 | rate=14.887208 | power=29.999939 | r_p=0.000000 | r_c=0.000000 | r_s=0.004379 | status=running
[UL Convergence] | phase=optimize | user=2 | block=4 | n_kl=80 | epoch=67/1000 | objective=-14.904078 | rate=14.896682 | power=29.999939 | r_p=0.000000 | r_c=0.000000 | r_s=0.004287 | status=running
[UL Convergence] | phase=optimize | user=2 | block=4 | n_kl=80 | epoch=68/1000 | objective=-14.913056 | rate=14.905651 | power=29.999935 | r_p=0.000000 | r_c=0.000000 | r_s=0.004195 | status=running
[UL Convergence] | phase=optimize | user=2 | block=4 | n_kl=80 | epoch=69/1000 | objective=-14.921565 | rate=14.914151 | power=29.999939 | r_p=0.000000 | r_c=0.000000 | r_s=0.004104 | status=running
[UL Convergence] | phase=optimize | user=2 | block=4 | n_kl=80 | epoch=70/1000 | objective=-14.929604 | rate=14.922181 | power=29.999945 | r_p=0.000000 | r_c=0.000000 | r_s=0.004014 | status=running
[UL Convergence] | phase=optimize | user=2 | block=4 | n_kl=80 | epoch=71/1000 | objective=-14.937190 | rate=14.929760 | power=29.999945 | r_p=0.000000 | r_c=0.000000 | r_s=0.003925 | status=running
[UL Convergence] | phase=optimize | user=2 | block=4 | n_kl=80 | epoch=72/1000 | objective=-14.944365 | rate=14.936928 | power=29.999939 | r_p=0.000000 | r_c=0.000000 | r_s=0.003837 | status=running
[UL Convergence] | phase=optimize | user=2 | block=4 | n_kl=80 | epoch=73/1000 | objective=-14.951135 | rate=14.943691 | power=29.999939 | r_p=0.000000 | r_c=0.000000 | r_s=0.003749 | status=running
[UL Convergence] | phase=optimize | user=2 | block=4 | n_kl=80 | epoch=74/1000 | objective=-14.957523 | rate=14.950073 | power=29.999939 | r_p=0.000000 | r_c=0.000000 | r_s=0.003662 | status=running
[UL Convergence] | phase=optimize | user=2 | block=4 | n_kl=80 | epoch=75/1000 | objective=-14.963552 | rate=14.956096 | power=29.999945 | r_p=0.000000 | r_c=0.000000 | r_s=0.003576 | status=running
[UL Convergence] | phase=optimize | user=2 | block=4 | n_kl=80 | epoch=76/1000 | objective=-14.969225 | rate=14.961763 | power=29.999939 | r_p=0.000000 | r_c=0.000000 | r_s=0.003492 | status=running
[UL Convergence] | phase=optimize | user=2 | block=4 | n_kl=80 | epoch=77/1000 | objective=-14.974566 | rate=14.967098 | power=29.999945 | r_p=0.000000 | r_c=0.000000 | r_s=0.003408 | status=running
[UL Convergence] | phase=optimize | user=2 | block=4 | n_kl=80 | epoch=78/1000 | objective=-14.979592 | rate=14.972120 | power=29.999939 | r_p=0.000000 | r_c=0.000000 | r_s=0.003325 | status=running
[UL Convergence] | phase=optimize | user=2 | block=4 | n_kl=80 | epoch=79/1000 | objective=-14.984325 | rate=14.976849 | power=29.999939 | r_p=0.000000 | r_c=0.000000 | r_s=0.003243 | status=running
[UL Convergence] | phase=optimize | user=2 | block=4 | n_kl=80 | epoch=80/1000 | objective=-14.988768 | rate=14.981286 | power=29.999945 | r_p=0.000000 | r_c=0.000000 | r_s=0.003162 | status=running
[UL Convergence] | phase=optimize | user=2 | block=4 | n_kl=80 | epoch=81/1000 | objective=-14.992938 | rate=14.985453 | power=29.999939 | r_p=0.000000 | r_c=0.000000 | r_s=0.003082 | status=running
[UL Convergence] | phase=optimize | user=2 | block=4 | n_kl=80 | epoch=82/1000 | objective=-14.996847 | rate=14.989358 | power=29.999935 | r_p=0.000000 | r_c=0.000000 | r_s=0.003004 | status=running
[UL Convergence] | phase=optimize | user=2 | block=4 | n_kl=80 | epoch=83/1000 | objective=-15.000521 | rate=14.993028 | power=29.999935 | r_p=0.000000 | r_c=0.000000 | r_s=0.002926 | status=running
[UL Convergence] | phase=optimize | user=2 | block=4 | n_kl=80 | epoch=84/1000 | objective=-15.003960 | rate=14.996463 | power=29.999939 | r_p=0.000000 | r_c=0.000000 | r_s=0.002850 | status=running
[UL Convergence] | phase=optimize | user=2 | block=4 | n_kl=80 | epoch=85/1000 | objective=-15.007165 | rate=14.999665 | power=29.999939 | r_p=0.000000 | r_c=0.000000 | r_s=0.002775 | status=running
[UL Convergence] | phase=optimize | user=2 | block=4 | n_kl=80 | epoch=86/1000 | objective=-15.010180 | rate=15.002677 | power=29.999945 | r_p=0.000000 | r_c=0.000000 | r_s=0.002700 | status=running
[UL Convergence] | phase=optimize | user=2 | block=4 | n_kl=80 | epoch=87/1000 | objective=-15.013001 | rate=15.005496 | power=29.999939 | r_p=0.000000 | r_c=0.000000 | r_s=0.002627 | status=running
[UL Convergence] | phase=optimize | user=2 | block=4 | n_kl=80 | epoch=88/1000 | objective=-15.015621 | rate=15.008113 | power=29.999939 | r_p=0.000000 | r_c=0.000000 | r_s=0.002555 | status=running
[UL Convergence] | phase=optimize | user=2 | block=4 | n_kl=80 | epoch=89/1000 | objective=-15.018069 | rate=15.010559 | power=29.999939 | r_p=0.000000 | r_c=0.000000 | r_s=0.002484 | status=running
[UL Convergence] | phase=optimize | user=2 | block=4 | n_kl=80 | epoch=90/1000 | objective=-15.020360 | rate=15.012847 | power=29.999950 | r_p=0.000000 | r_c=0.000000 | r_s=0.002414 | status=running
[UL Convergence] | phase=optimize | user=2 | block=4 | n_kl=80 | epoch=91/1000 | objective=-15.022476 | rate=15.014961 | power=29.999935 | r_p=0.000000 | r_c=0.000000 | r_s=0.002344 | status=running
[UL Convergence] | phase=optimize | user=2 | block=4 | n_kl=80 | epoch=92/1000 | objective=-15.024447 | rate=15.016931 | power=29.999939 | r_p=0.000000 | r_c=0.000000 | r_s=0.002276 | status=running
[UL Convergence] | phase=optimize | user=2 | block=4 | n_kl=80 | epoch=93/1000 | objective=-15.026284 | rate=15.018765 | power=29.999939 | r_p=0.000000 | r_c=0.000000 | r_s=0.002209 | status=running
[UL Convergence] | phase=optimize | user=2 | block=4 | n_kl=80 | epoch=94/1000 | objective=-15.027991 | rate=15.020471 | power=29.999945 | r_p=0.000000 | r_c=0.000000 | r_s=0.002143 | status=running
[UL Convergence] | phase=optimize | user=2 | block=4 | n_kl=80 | epoch=95/1000 | objective=-15.029569 | rate=15.022047 | power=29.999939 | r_p=0.000000 | r_c=0.000000 | r_s=0.002078 | status=running
[UL Convergence] | phase=optimize | user=2 | block=4 | n_kl=80 | epoch=96/1000 | objective=-15.031030 | rate=15.023506 | power=29.999945 | r_p=0.000000 | r_c=0.000000 | r_s=0.002014 | status=running
[UL Convergence] | phase=optimize | user=2 | block=4 | n_kl=80 | epoch=97/1000 | objective=-15.032394 | rate=15.024870 | power=29.999939 | r_p=0.000000 | r_c=0.000000 | r_s=0.001951 | status=running
[UL Convergence] | phase=optimize | user=2 | block=4 | n_kl=80 | epoch=98/1000 | objective=-15.033648 | rate=15.026121 | power=29.999939 | r_p=0.000000 | r_c=0.000000 | r_s=0.001888 | status=running
[UL Convergence] | phase=optimize | user=2 | block=4 | n_kl=80 | epoch=99/1000 | objective=-15.034802 | rate=15.027275 | power=29.999939 | r_p=0.000000 | r_c=0.000000 | r_s=0.001827 | status=running
[UL Convergence] | phase=optimize | user=2 | block=4 | n_kl=80 | epoch=100/1000 | objective=-15.035861 | rate=15.028333 | power=29.999945 | r_p=0.000000 | r_c=0.000000 | r_s=0.001767 | status=running
[UL Convergence] | phase=optimize | user=2 | block=4 | n_kl=80 | epoch=101/1000 | objective=-15.036841 | rate=15.029312 | power=29.999939 | r_p=0.000000 | r_c=0.000000 | r_s=0.001708 | status=running
[UL Convergence] | phase=optimize | user=2 | block=4 | n_kl=80 | epoch=102/1000 | objective=-15.037745 | rate=15.030215 | power=29.999939 | r_p=0.000000 | r_c=0.000000 | r_s=0.001650 | status=running
[UL Convergence] | phase=optimize | user=2 | block=4 | n_kl=80 | epoch=103/1000 | objective=-15.038576 | rate=15.031045 | power=29.999945 | r_p=0.000000 | r_c=0.000000 | r_s=0.001593 | status=running
[UL Convergence] | phase=optimize | user=2 | block=4 | n_kl=80 | epoch=104/1000 | objective=-15.039330 | rate=15.031797 | power=29.999935 | r_p=0.000000 | r_c=0.000000 | r_s=0.001537 | status=running
[UL Convergence] | phase=optimize | user=2 | block=4 | n_kl=80 | epoch=105/1000 | objective=-15.040028 | rate=15.032495 | power=29.999945 | r_p=0.000000 | r_c=0.000000 | r_s=0.001482 | status=running
[UL Convergence] | phase=optimize | user=2 | block=4 | n_kl=80 | epoch=106/1000 | objective=-15.040668 | rate=15.033135 | power=29.999945 | r_p=0.000000 | r_c=0.000000 | r_s=0.001428 | status=running
[UL Convergence] | phase=optimize | user=2 | block=4 | n_kl=80 | epoch=107/1000 | objective=-15.041252 | rate=15.033718 | power=29.999935 | r_p=0.000000 | r_c=0.000000 | r_s=0.001375 | status=running
[UL Convergence] | phase=optimize | user=2 | block=4 | n_kl=80 | epoch=108/1000 | objective=-15.041782 | rate=15.034248 | power=29.999939 | r_p=0.000000 | r_c=0.000000 | r_s=0.001324 | status=running
[UL Convergence] | phase=optimize | user=2 | block=4 | n_kl=80 | epoch=109/1000 | objective=-15.042265 | rate=15.034730 | power=29.999935 | r_p=0.000000 | r_c=0.000000 | r_s=0.001273 | status=running
[UL Convergence] | phase=optimize | user=2 | block=4 | n_kl=80 | epoch=110/1000 | objective=-15.042708 | rate=15.035173 | power=29.999935 | r_p=0.000000 | r_c=0.000000 | r_s=0.001224 | status=running
[UL Convergence] | phase=optimize | user=2 | block=4 | n_kl=80 | epoch=111/1000 | objective=-15.043105 | rate=15.035569 | power=29.999939 | r_p=0.000000 | r_c=0.000000 | r_s=0.001176 | status=running
[UL Convergence] | phase=optimize | user=2 | block=4 | n_kl=80 | epoch=112/1000 | objective=-15.043469 | rate=15.035933 | power=29.999939 | r_p=0.000000 | r_c=0.000000 | r_s=0.001129 | status=running
[UL Convergence] | phase=optimize | user=2 | block=4 | n_kl=80 | epoch=113/1000 | objective=-15.043798 | rate=15.036263 | power=29.999939 | r_p=0.000000 | r_c=0.000000 | r_s=0.001083 | status=running
[UL Convergence] | phase=optimize | user=2 | block=4 | n_kl=80 | epoch=114/1000 | objective=-15.044099 | rate=15.036562 | power=29.999939 | r_p=0.000000 | r_c=0.000000 | r_s=0.001039 | status=running
[UL Convergence] | phase=optimize | user=2 | block=4 | n_kl=80 | epoch=115/1000 | objective=-15.044373 | rate=15.036836 | power=29.999939 | r_p=0.000000 | r_c=0.000000 | r_s=9.952598e-04 | status=running
[UL Convergence] | phase=optimize | user=2 | block=4 | n_kl=80 | epoch=116/1000 | objective=-15.044612 | rate=15.037075 | power=29.999935 | r_p=0.000000 | r_c=0.000000 | r_s=9.529937e-04 | status=running
[UL Convergence] | phase=optimize | user=2 | block=4 | n_kl=80 | epoch=117/1000 | objective=-15.044833 | rate=15.037296 | power=29.999939 | r_p=0.000000 | r_c=0.000000 | r_s=9.119093e-04 | status=running
[UL Convergence] | phase=optimize | user=2 | block=4 | n_kl=80 | epoch=118/1000 | objective=-15.045032 | rate=15.037494 | power=29.999945 | r_p=0.000000 | r_c=0.000000 | r_s=8.719923e-04 | status=running
[UL Convergence] | phase=optimize | user=2 | block=4 | n_kl=80 | epoch=119/1000 | objective=-15.045208 | rate=15.037670 | power=29.999945 | r_p=0.000000 | r_c=0.000000 | r_s=8.332446e-04 | status=running
[UL Convergence] | phase=optimize | user=2 | block=4 | n_kl=80 | epoch=120/1000 | objective=-15.045364 | rate=15.037827 | power=29.999939 | r_p=0.000000 | r_c=0.000000 | r_s=7.956586e-04 | status=running
[UL Convergence] | phase=optimize | user=2 | block=4 | n_kl=80 | epoch=121/1000 | objective=-15.045505 | rate=15.037967 | power=29.999935 | r_p=0.000000 | r_c=0.000000 | r_s=7.592414e-04 | status=running
[UL Convergence] | phase=optimize | user=2 | block=4 | n_kl=80 | epoch=122/1000 | objective=-15.045630 | rate=15.038092 | power=29.999939 | r_p=0.000000 | r_c=0.000000 | r_s=7.239700e-04 | status=running
[UL Convergence] | phase=optimize | user=2 | block=4 | n_kl=80 | epoch=123/1000 | objective=-15.045750 | rate=15.038212 | power=29.999945 | r_p=0.000000 | r_c=0.000000 | r_s=6.898381e-04 | status=running
[UL Convergence] | phase=optimize | user=2 | block=4 | n_kl=80 | epoch=124/1000 | objective=-15.045844 | rate=15.038306 | power=29.999939 | r_p=0.000000 | r_c=0.000000 | r_s=6.568326e-04 | status=running
[UL Convergence] | phase=optimize | user=2 | block=4 | n_kl=80 | epoch=125/1000 | objective=-15.045929 | rate=15.038390 | power=29.999945 | r_p=0.000000 | r_c=0.000000 | r_s=6.249377e-04 | status=running
[UL Convergence] | phase=optimize | user=2 | block=4 | n_kl=80 | epoch=126/1000 | objective=-15.046012 | rate=15.038473 | power=29.999945 | r_p=0.000000 | r_c=0.000000 | r_s=5.941428e-04 | status=kkt_converged
[UL Convergence Result] | user=2 | block=4 | n_kl=80 | achieved_rate=15.038473 | power=29.999945 | rate_gap=-7.538473 | power_gap=-5.531311e-05 | solve_status=kkt_converged
[UL Convergence Allocation] | user=2 | block=4 | n_kl=80 | requested_bits=600 | served_bits=600 | full_service=true
[UL Convergence Block] | user=2 | block=4 | stage=post_T | served_bits=600 | unserved_bits=0
[UL Convergence Reduction] | user=2 | block=4 | served_bits=600 | n_start=79 | n_min=1
[UL Convergence Solve] | user=2 | block=4 | stage=reduced_n | n_kl=79 | served_bits=600
[UL Convergence] | phase=optimize | user=2 | block=4 | n_kl=79 | epoch=1/1000 | objective=-15.032985 | rate=15.025554 | power=29.999945 | r_p=0.000000 | r_c=0.000000 | r_s=inf | status=running
[UL Convergence] | phase=optimize | user=2 | block=4 | n_kl=79 | epoch=2/1000 | objective=-15.033054 | rate=15.025623 | power=29.999945 | r_p=0.000000 | r_c=0.000000 | r_s=5.644454e-04 | status=kkt_converged
[UL Convergence Candidate] | user=2 | block=4 | n_kl=79 | achieved_rate=15.025623 | rate_gap=-7.430686 | power_gap=-5.531311e-05 | status=accepted
[UL Convergence Solve] | user=2 | block=4 | stage=reduced_n | n_kl=70 | served_bits=600
[UL Convergence] | phase=optimize | user=2 | block=4 | n_kl=70 | epoch=1/1000 | objective=-14.903811 | rate=14.897486 | power=29.999939 | r_p=0.000000 | r_c=0.000000 | r_s=inf | status=running
[UL Convergence] | phase=optimize | user=2 | block=4 | n_kl=70 | epoch=2/1000 | objective=-14.903834 | rate=14.897509 | power=29.999939 | r_p=0.000000 | r_c=0.000000 | r_s=3.422743e-04 | status=kkt_converged
[UL Convergence Candidate] | user=2 | block=4 | n_kl=70 | achieved_rate=14.897509 | rate_gap=-6.326080 | power_gap=-6.103516e-05 | status=accepted
[UL Convergence Solve] | user=2 | block=4 | stage=reduced_n | n_kl=60 | served_bits=600
[UL Convergence] | phase=optimize | user=2 | block=4 | n_kl=60 | epoch=1/1000 | objective=-14.726921 | rate=14.722198 | power=29.999939 | r_p=0.000000 | r_c=0.000000 | r_s=inf | status=running
[UL Convergence] | phase=optimize | user=2 | block=4 | n_kl=60 | epoch=2/1000 | objective=-14.726926 | rate=14.722203 | power=29.999939 | r_p=0.000000 | r_c=0.000000 | r_s=1.769319e-04 | status=kkt_converged
[UL Convergence Candidate] | user=2 | block=4 | n_kl=60 | achieved_rate=14.722203 | rate_gap=-4.722203 | power_gap=-6.103516e-05 | status=accepted
[UL Convergence Solve] | user=2 | block=4 | stage=reduced_n | n_kl=50 | served_bits=600
[UL Convergence] | phase=optimize | user=2 | block=4 | n_kl=50 | epoch=1/1000 | objective=-14.499044 | rate=14.496548 | power=29.999939 | r_p=0.000000 | r_c=0.000000 | r_s=inf | status=running
[UL Convergence] | phase=optimize | user=2 | block=4 | n_kl=50 | epoch=2/1000 | objective=-14.499035 | rate=14.496538 | power=29.999939 | r_p=0.000000 | r_c=0.000000 | r_s=1.199706e-04 | status=kkt_converged
[UL Convergence Candidate] | user=2 | block=4 | n_kl=50 | achieved_rate=14.496548 | rate_gap=-2.496548 | power_gap=-6.103516e-05 | status=accepted
[UL Convergence Reduction] | user=2 | block=4 | n_kl=42 | status=stop_infeasible
[UL Convergence Final] | user=2 | block=4 | feasible_points=38 | chosen_n_kl=43 | served_bits=600 | achieved_rate=14.293673 | power=29.999939 | solve_status=kkt_converged
[UL Convergence Allocation] | user=2 | block=4 | chosen_n_kl=43 | served_bits=600 | unserved_bits=0 | mode=fixed_block_targets
logging rfbl:  [10.01972384 10.63958963 10.85683243 10.54547219 11.16733275]
logging rfbl:  [11.98300293 11.62666183 12.46949405 13.12993789 11.91705239]
logging rfbl:  [13.41409209 13.53759188 13.90594961 12.42613953 12.05575777]
Test results saved to: C:\All Codes\Taiwan_Internship\UL_UPLINK_DOWNLINK_MONTE_CARLO\Results\Uplink\Method-Convergence per epoch\conv_dir__ul_fixed_block_targets_sweep_20260704_210305_conv_upd_dir_loss_plain_rate_snr__s3\data\convergence_results.txt
Mirrored uplink convergence scenario results to: C:\All Codes\Taiwan_Internship\UL_UPLINK_DOWNLINK_MONTE_CARLO\Results\Uplink\Scenario-Fixed block targets\Convergence per epoch\conv_dir__ul_fixed_block_targets_sweep_20260704_210305_conv_upd_dir_loss_plain_rate_snr__s3
Saved uplink convergence method results to: C:\All Codes\Taiwan_Internship\UL_UPLINK_DOWNLINK_MONTE_CARLO\Results\Uplink\Method-Convergence per epoch\conv_dir__ul_fixed_block_targets_sweep_20260704_210305_conv_upd_dir_loss_plain_rate_snr__s3
