Initialized plotting globals:
train_result_path: C:\All Codes\Taiwan_Internship\UL_UPLINK_DOWNLINK_MONTE_CARLO\Results\Uplink\Method-Convergence per epoch\conv_dir__ul_fixed_block_targets_sweep_20260704_210305_conv_upd_dir_loss_aug_rate_sinr__s3\optimization_history
test_result_path: C:\All Codes\Taiwan_Internship\UL_UPLINK_DOWNLINK_MONTE_CARLO\Results\Uplink\Method-Convergence per epoch\conv_dir__ul_fixed_block_targets_sweep_20260704_210305_conv_upd_dir_loss_aug_rate_sinr__s3\optimization_history
user_cfg_result_path: C:\All Codes\Taiwan_Internship\UL_UPLINK_DOWNLINK_MONTE_CARLO\Results\Uplink\Method-Convergence per epoch\conv_dir__ul_fixed_block_targets_sweep_20260704_210305_conv_upd_dir_loss_aug_rate_sinr__s3\user_config
[UL Initial Baseline] | seed=3 | scenario=fixed_block_targets | method=convergence | users=3 | initial_total_latency=0.041467 | initial_avg_latency=0.013822 | initial_min_latency=0.007867 | initial_max_latency=0.019333
[UL Convergence Train] | phase=start | user=0 | mode=fixed_block_targets
[UL Convergence Train] | user=0 | block=0 | target_bits=200 | mode=fixed_block_targets
[UL Convergence Block] | user=0 | block=0 | budget_mode=target_bits | requested_bits=200
[UL Convergence Solve] | user=0 | block=0 | stage=n=T | n_kl=50 | requested_bits=200
[UL Convergence] | phase=optimize | user=0 | block=0 | n_kl=50 | epoch=1/1000 | objective=-8.864399 | rate=8.864399 | power=29.999939 | r_p=0.000000 | r_c=0.000000 | r_s=inf | status=running
[UL Convergence] | phase=optimize | user=0 | block=0 | n_kl=50 | epoch=2/1000 | objective=-8.926255 | rate=8.926255 | power=29.935579 | r_p=0.000000 | r_c=0.000000 | r_s=0.010328 | status=running
[UL Convergence] | phase=optimize | user=0 | block=0 | n_kl=50 | epoch=3/1000 | objective=-8.996803 | rate=8.996803 | power=29.999939 | r_p=0.000000 | r_c=0.000000 | r_s=0.008474 | status=running
[UL Convergence] | phase=optimize | user=0 | block=0 | n_kl=50 | epoch=4/1000 | objective=-9.060905 | rate=9.060905 | power=29.999939 | r_p=0.000000 | r_c=0.000000 | r_s=0.008465 | status=running
[UL Convergence] | phase=optimize | user=0 | block=0 | n_kl=50 | epoch=5/1000 | objective=-9.125585 | rate=9.125585 | power=29.999939 | r_p=0.000000 | r_c=0.000000 | r_s=0.008556 | status=running
[UL Convergence] | phase=optimize | user=0 | block=0 | n_kl=50 | epoch=6/1000 | objective=-9.190528 | rate=9.190528 | power=29.999945 | r_p=0.000000 | r_c=0.000000 | r_s=0.008639 | status=running
[UL Convergence] | phase=optimize | user=0 | block=0 | n_kl=50 | epoch=7/1000 | objective=-9.255540 | rate=9.255540 | power=29.999935 | r_p=0.000000 | r_c=0.000000 | r_s=0.008704 | status=running
[UL Convergence] | phase=optimize | user=0 | block=0 | n_kl=50 | epoch=8/1000 | objective=-9.320525 | rate=9.320525 | power=29.999939 | r_p=0.000000 | r_c=0.000000 | r_s=0.008752 | status=running
[UL Convergence] | phase=optimize | user=0 | block=0 | n_kl=50 | epoch=9/1000 | objective=-9.385366 | rate=9.385366 | power=29.999939 | r_p=0.000000 | r_c=0.000000 | r_s=0.008785 | status=running
[UL Convergence] | phase=optimize | user=0 | block=0 | n_kl=50 | epoch=10/1000 | objective=-9.450025 | rate=9.450025 | power=29.999939 | r_p=0.000000 | r_c=0.000000 | r_s=0.008807 | status=running
[UL Convergence] | phase=optimize | user=0 | block=0 | n_kl=50 | epoch=11/1000 | objective=-9.514421 | rate=9.514421 | power=29.999935 | r_p=0.000000 | r_c=0.000000 | r_s=0.008822 | status=running
[UL Convergence] | phase=optimize | user=0 | block=0 | n_kl=50 | epoch=12/1000 | objective=-9.578556 | rate=9.578556 | power=29.999945 | r_p=0.000000 | r_c=0.000000 | r_s=0.008833 | status=running
[UL Convergence] | phase=optimize | user=0 | block=0 | n_kl=50 | epoch=13/1000 | objective=-9.642375 | rate=9.642375 | power=29.999929 | r_p=0.000000 | r_c=0.000000 | r_s=0.008841 | status=running
[UL Convergence] | phase=optimize | user=0 | block=0 | n_kl=50 | epoch=14/1000 | objective=-9.705879 | rate=9.705879 | power=29.999939 | r_p=0.000000 | r_c=0.000000 | r_s=0.008849 | status=running
[UL Convergence] | phase=optimize | user=0 | block=0 | n_kl=50 | epoch=15/1000 | objective=-9.769053 | rate=9.769053 | power=29.999945 | r_p=0.000000 | r_c=0.000000 | r_s=0.008859 | status=running
[UL Convergence] | phase=optimize | user=0 | block=0 | n_kl=50 | epoch=16/1000 | objective=-9.831897 | rate=9.831897 | power=29.999945 | r_p=0.000000 | r_c=0.000000 | r_s=0.008873 | status=running
[UL Convergence] | phase=optimize | user=0 | block=0 | n_kl=50 | epoch=17/1000 | objective=-9.894412 | rate=9.894412 | power=29.999939 | r_p=0.000000 | r_c=0.000000 | r_s=0.008890 | status=running
[UL Convergence] | phase=optimize | user=0 | block=0 | n_kl=50 | epoch=18/1000 | objective=-9.956597 | rate=9.956597 | power=29.999939 | r_p=0.000000 | r_c=0.000000 | r_s=0.008913 | status=running
[UL Convergence] | phase=optimize | user=0 | block=0 | n_kl=50 | epoch=19/1000 | objective=-10.018457 | rate=10.018457 | power=29.999939 | r_p=0.000000 | r_c=0.000000 | r_s=0.008941 | status=running
[UL Convergence] | phase=optimize | user=0 | block=0 | n_kl=50 | epoch=20/1000 | objective=-10.079998 | rate=10.079998 | power=29.999935 | r_p=0.000000 | r_c=0.000000 | r_s=0.008974 | status=running
[UL Convergence] | phase=optimize | user=0 | block=0 | n_kl=50 | epoch=21/1000 | objective=-10.141197 | rate=10.141197 | power=29.999935 | r_p=0.000000 | r_c=0.000000 | r_s=0.009010 | status=running
[UL Convergence] | phase=optimize | user=0 | block=0 | n_kl=50 | epoch=22/1000 | objective=-10.202050 | rate=10.202050 | power=29.999939 | r_p=0.000000 | r_c=0.000000 | r_s=0.009048 | status=running
[UL Convergence] | phase=optimize | user=0 | block=0 | n_kl=50 | epoch=23/1000 | objective=-10.262547 | rate=10.262547 | power=29.999939 | r_p=0.000000 | r_c=0.000000 | r_s=0.009088 | status=running
[UL Convergence] | phase=optimize | user=0 | block=0 | n_kl=50 | epoch=24/1000 | objective=-10.322653 | rate=10.322653 | power=29.999929 | r_p=0.000000 | r_c=0.000000 | r_s=0.009126 | status=running
[UL Convergence] | phase=optimize | user=0 | block=0 | n_kl=50 | epoch=25/1000 | objective=-10.382360 | rate=10.382360 | power=29.999939 | r_p=0.000000 | r_c=0.000000 | r_s=0.009163 | status=running
[UL Convergence] | phase=optimize | user=0 | block=0 | n_kl=50 | epoch=26/1000 | objective=-10.441620 | rate=10.441620 | power=29.999939 | r_p=0.000000 | r_c=0.000000 | r_s=0.009197 | status=running
[UL Convergence] | phase=optimize | user=0 | block=0 | n_kl=50 | epoch=27/1000 | objective=-10.500409 | rate=10.500409 | power=29.999939 | r_p=0.000000 | r_c=0.000000 | r_s=0.009226 | status=running
[UL Convergence] | phase=optimize | user=0 | block=0 | n_kl=50 | epoch=28/1000 | objective=-10.558686 | rate=10.558686 | power=29.999935 | r_p=0.000000 | r_c=0.000000 | r_s=0.009251 | status=running
[UL Convergence] | phase=optimize | user=0 | block=0 | n_kl=50 | epoch=29/1000 | objective=-10.616417 | rate=10.616417 | power=29.999939 | r_p=0.000000 | r_c=0.000000 | r_s=0.009271 | status=running
[UL Convergence] | phase=optimize | user=0 | block=0 | n_kl=50 | epoch=30/1000 | objective=-10.673544 | rate=10.673544 | power=29.999935 | r_p=0.000000 | r_c=0.000000 | r_s=0.009286 | status=running
[UL Convergence] | phase=optimize | user=0 | block=0 | n_kl=50 | epoch=31/1000 | objective=-10.730024 | rate=10.730024 | power=29.999945 | r_p=0.000000 | r_c=0.000000 | r_s=0.009295 | status=running
[UL Convergence] | phase=optimize | user=0 | block=0 | n_kl=50 | epoch=32/1000 | objective=-10.785826 | rate=10.785826 | power=29.999939 | r_p=0.000000 | r_c=0.000000 | r_s=0.009298 | status=running
[UL Convergence] | phase=optimize | user=0 | block=0 | n_kl=50 | epoch=33/1000 | objective=-10.840892 | rate=10.840892 | power=29.999939 | r_p=0.000000 | r_c=0.000000 | r_s=0.009294 | status=running
[UL Convergence] | phase=optimize | user=0 | block=0 | n_kl=50 | epoch=34/1000 | objective=-10.895182 | rate=10.895182 | power=29.999939 | r_p=0.000000 | r_c=0.000000 | r_s=0.009285 | status=running
[UL Convergence] | phase=optimize | user=0 | block=0 | n_kl=50 | epoch=35/1000 | objective=-10.948634 | rate=10.948634 | power=29.999939 | r_p=0.000000 | r_c=0.000000 | r_s=0.009270 | status=running
[UL Convergence] | phase=optimize | user=0 | block=0 | n_kl=50 | epoch=36/1000 | objective=-11.001230 | rate=11.001230 | power=29.999945 | r_p=0.000000 | r_c=0.000000 | r_s=0.009249 | status=running
[UL Convergence] | phase=optimize | user=0 | block=0 | n_kl=50 | epoch=37/1000 | objective=-11.052903 | rate=11.052903 | power=29.999935 | r_p=0.000000 | r_c=0.000000 | r_s=0.009222 | status=running
[UL Convergence] | phase=optimize | user=0 | block=0 | n_kl=50 | epoch=38/1000 | objective=-11.103638 | rate=11.103638 | power=29.999939 | r_p=0.000000 | r_c=0.000000 | r_s=0.009190 | status=running
[UL Convergence] | phase=optimize | user=0 | block=0 | n_kl=50 | epoch=39/1000 | objective=-11.153377 | rate=11.153377 | power=29.999935 | r_p=0.000000 | r_c=0.000000 | r_s=0.009151 | status=running
[UL Convergence] | phase=optimize | user=0 | block=0 | n_kl=50 | epoch=40/1000 | objective=-11.202085 | rate=11.202085 | power=29.999935 | r_p=0.000000 | r_c=0.000000 | r_s=0.009107 | status=running
[UL Convergence] | phase=optimize | user=0 | block=0 | n_kl=50 | epoch=41/1000 | objective=-11.249737 | rate=11.249737 | power=29.999939 | r_p=0.000000 | r_c=0.000000 | r_s=0.009057 | status=running
[UL Convergence] | phase=optimize | user=0 | block=0 | n_kl=50 | epoch=42/1000 | objective=-11.296305 | rate=11.296305 | power=29.999935 | r_p=0.000000 | r_c=0.000000 | r_s=0.009001 | status=running
[UL Convergence] | phase=optimize | user=0 | block=0 | n_kl=50 | epoch=43/1000 | objective=-11.341747 | rate=11.341747 | power=29.999945 | r_p=0.000000 | r_c=0.000000 | r_s=0.008940 | status=running
[UL Convergence] | phase=optimize | user=0 | block=0 | n_kl=50 | epoch=44/1000 | objective=-11.386056 | rate=11.386056 | power=29.999939 | r_p=0.000000 | r_c=0.000000 | r_s=0.008874 | status=running
[UL Convergence] | phase=optimize | user=0 | block=0 | n_kl=50 | epoch=45/1000 | objective=-11.429210 | rate=11.429210 | power=29.999939 | r_p=0.000000 | r_c=0.000000 | r_s=0.008802 | status=running
[UL Convergence] | phase=optimize | user=0 | block=0 | n_kl=50 | epoch=46/1000 | objective=-11.471179 | rate=11.471179 | power=29.999939 | r_p=0.000000 | r_c=0.000000 | r_s=0.008726 | status=running
[UL Convergence] | phase=optimize | user=0 | block=0 | n_kl=50 | epoch=47/1000 | objective=-11.511955 | rate=11.511955 | power=29.999939 | r_p=0.000000 | r_c=0.000000 | r_s=0.008644 | status=running
[UL Convergence] | phase=optimize | user=0 | block=0 | n_kl=50 | epoch=48/1000 | objective=-11.551548 | rate=11.551548 | power=29.999939 | r_p=0.000000 | r_c=0.000000 | r_s=0.008558 | status=running
[UL Convergence] | phase=optimize | user=0 | block=0 | n_kl=50 | epoch=49/1000 | objective=-11.589937 | rate=11.589937 | power=29.999939 | r_p=0.000000 | r_c=0.000000 | r_s=0.008467 | status=running
[UL Convergence] | phase=optimize | user=0 | block=0 | n_kl=50 | epoch=50/1000 | objective=-11.627113 | rate=11.627113 | power=29.999935 | r_p=0.000000 | r_c=0.000000 | r_s=0.008372 | status=running
[UL Convergence] | phase=optimize | user=0 | block=0 | n_kl=50 | epoch=51/1000 | objective=-11.663108 | rate=11.663108 | power=29.999939 | r_p=0.000000 | r_c=0.000000 | r_s=0.008273 | status=running
[UL Convergence] | phase=optimize | user=0 | block=0 | n_kl=50 | epoch=52/1000 | objective=-11.697888 | rate=11.697888 | power=29.999939 | r_p=0.000000 | r_c=0.000000 | r_s=0.008169 | status=running
[UL Convergence] | phase=optimize | user=0 | block=0 | n_kl=50 | epoch=53/1000 | objective=-11.731485 | rate=11.731485 | power=29.999939 | r_p=0.000000 | r_c=0.000000 | r_s=0.008062 | status=running
[UL Convergence] | phase=optimize | user=0 | block=0 | n_kl=50 | epoch=54/1000 | objective=-11.763899 | rate=11.763899 | power=29.999939 | r_p=0.000000 | r_c=0.000000 | r_s=0.007952 | status=running
[UL Convergence] | phase=optimize | user=0 | block=0 | n_kl=50 | epoch=55/1000 | objective=-11.795151 | rate=11.795151 | power=29.999939 | r_p=0.000000 | r_c=0.000000 | r_s=0.007839 | status=running
[UL Convergence] | phase=optimize | user=0 | block=0 | n_kl=50 | epoch=56/1000 | objective=-11.825249 | rate=11.825249 | power=29.999939 | r_p=0.000000 | r_c=0.000000 | r_s=0.007723 | status=running
[UL Convergence] | phase=optimize | user=0 | block=0 | n_kl=50 | epoch=57/1000 | objective=-11.854223 | rate=11.854223 | power=29.999939 | r_p=0.000000 | r_c=0.000000 | r_s=0.007604 | status=running
[UL Convergence] | phase=optimize | user=0 | block=0 | n_kl=50 | epoch=58/1000 | objective=-11.882088 | rate=11.882088 | power=29.999945 | r_p=0.000000 | r_c=0.000000 | r_s=0.007483 | status=running
[UL Convergence] | phase=optimize | user=0 | block=0 | n_kl=50 | epoch=59/1000 | objective=-11.908848 | rate=11.908848 | power=29.999939 | r_p=0.000000 | r_c=0.000000 | r_s=0.007361 | status=running
[UL Convergence] | phase=optimize | user=0 | block=0 | n_kl=50 | epoch=60/1000 | objective=-11.934560 | rate=11.934560 | power=29.999945 | r_p=0.000000 | r_c=0.000000 | r_s=0.007237 | status=running
[UL Convergence] | phase=optimize | user=0 | block=0 | n_kl=50 | epoch=61/1000 | objective=-11.959215 | rate=11.959215 | power=29.999939 | r_p=0.000000 | r_c=0.000000 | r_s=0.007111 | status=running
[UL Convergence] | phase=optimize | user=0 | block=0 | n_kl=50 | epoch=62/1000 | objective=-11.979087 | rate=11.979087 | power=29.977650 | r_p=0.000000 | r_c=0.000000 | r_s=0.006994 | status=running
[UL Convergence] | phase=optimize | user=0 | block=0 | n_kl=50 | epoch=63/1000 | objective=-12.003895 | rate=12.003895 | power=29.999939 | r_p=0.000000 | r_c=0.000000 | r_s=0.006574 | status=running
[UL Convergence] | phase=optimize | user=0 | block=0 | n_kl=50 | epoch=64/1000 | objective=-12.024067 | rate=12.024067 | power=29.999939 | r_p=0.000000 | r_c=0.000000 | r_s=0.006410 | status=running
[UL Convergence] | phase=optimize | user=0 | block=0 | n_kl=50 | epoch=65/1000 | objective=-12.043413 | rate=12.043413 | power=29.999935 | r_p=0.000000 | r_c=0.000000 | r_s=0.006264 | status=running
[UL Convergence] | phase=optimize | user=0 | block=0 | n_kl=50 | epoch=66/1000 | objective=-12.061964 | rate=12.061964 | power=29.999939 | r_p=0.000000 | r_c=0.000000 | r_s=0.006123 | status=running
[UL Convergence] | phase=optimize | user=0 | block=0 | n_kl=50 | epoch=67/1000 | objective=-12.079745 | rate=12.079745 | power=29.999939 | r_p=0.000000 | r_c=0.000000 | r_s=0.005987 | status=running
[UL Convergence] | phase=optimize | user=0 | block=0 | n_kl=50 | epoch=68/1000 | objective=-12.096777 | rate=12.096777 | power=29.999939 | r_p=0.000000 | r_c=0.000000 | r_s=0.005855 | status=running
[UL Convergence] | phase=optimize | user=0 | block=0 | n_kl=50 | epoch=69/1000 | objective=-12.113092 | rate=12.113092 | power=29.999939 | r_p=0.000000 | r_c=0.000000 | r_s=0.005728 | status=running
[UL Convergence] | phase=optimize | user=0 | block=0 | n_kl=50 | epoch=70/1000 | objective=-12.128721 | rate=12.128721 | power=29.999939 | r_p=0.000000 | r_c=0.000000 | r_s=0.005606 | status=running
[UL Convergence] | phase=optimize | user=0 | block=0 | n_kl=50 | epoch=71/1000 | objective=-12.143682 | rate=12.143682 | power=29.999939 | r_p=0.000000 | r_c=0.000000 | r_s=0.005487 | status=running
[UL Convergence] | phase=optimize | user=0 | block=0 | n_kl=50 | epoch=72/1000 | objective=-12.157991 | rate=12.157991 | power=29.999945 | r_p=0.000000 | r_c=0.000000 | r_s=0.005372 | status=running
[UL Convergence] | phase=optimize | user=0 | block=0 | n_kl=50 | epoch=73/1000 | objective=-12.171673 | rate=12.171673 | power=29.999945 | r_p=0.000000 | r_c=0.000000 | r_s=0.005260 | status=running
[UL Convergence] | phase=optimize | user=0 | block=0 | n_kl=50 | epoch=74/1000 | objective=-12.184763 | rate=12.184763 | power=29.999945 | r_p=0.000000 | r_c=0.000000 | r_s=0.005152 | status=running
[UL Convergence] | phase=optimize | user=0 | block=0 | n_kl=50 | epoch=75/1000 | objective=-12.197271 | rate=12.197271 | power=29.999945 | r_p=0.000000 | r_c=0.000000 | r_s=0.005047 | status=running
[UL Convergence] | phase=optimize | user=0 | block=0 | n_kl=50 | epoch=76/1000 | objective=-12.209212 | rate=12.209212 | power=29.999939 | r_p=0.000000 | r_c=0.000000 | r_s=0.004944 | status=running
[UL Convergence] | phase=optimize | user=0 | block=0 | n_kl=50 | epoch=77/1000 | objective=-12.220619 | rate=12.220619 | power=29.999939 | r_p=0.000000 | r_c=0.000000 | r_s=0.004844 | status=running
[UL Convergence] | phase=optimize | user=0 | block=0 | n_kl=50 | epoch=78/1000 | objective=-12.231506 | rate=12.231506 | power=29.999939 | r_p=0.000000 | r_c=0.000000 | r_s=0.004746 | status=running
[UL Convergence] | phase=optimize | user=0 | block=0 | n_kl=50 | epoch=79/1000 | objective=-12.241881 | rate=12.241881 | power=29.999939 | r_p=0.000000 | r_c=0.000000 | r_s=0.004650 | status=running
[UL Convergence] | phase=optimize | user=0 | block=0 | n_kl=50 | epoch=80/1000 | objective=-12.251772 | rate=12.251772 | power=29.999939 | r_p=0.000000 | r_c=0.000000 | r_s=0.004557 | status=running
[UL Convergence] | phase=optimize | user=0 | block=0 | n_kl=50 | epoch=81/1000 | objective=-12.261198 | rate=12.261198 | power=29.999939 | r_p=0.000000 | r_c=0.000000 | r_s=0.004465 | status=running
[UL Convergence] | phase=optimize | user=0 | block=0 | n_kl=50 | epoch=82/1000 | objective=-12.270167 | rate=12.270167 | power=29.999939 | r_p=0.000000 | r_c=0.000000 | r_s=0.004374 | status=running
[UL Convergence] | phase=optimize | user=0 | block=0 | n_kl=50 | epoch=83/1000 | objective=-12.278709 | rate=12.278709 | power=29.999939 | r_p=0.000000 | r_c=0.000000 | r_s=0.004285 | status=running
[UL Convergence] | phase=optimize | user=0 | block=0 | n_kl=50 | epoch=84/1000 | objective=-12.286831 | rate=12.286831 | power=29.999939 | r_p=0.000000 | r_c=0.000000 | r_s=0.004197 | status=running
[UL Convergence] | phase=optimize | user=0 | block=0 | n_kl=50 | epoch=85/1000 | objective=-12.294538 | rate=12.294538 | power=29.999939 | r_p=0.000000 | r_c=0.000000 | r_s=0.004110 | status=running
[UL Convergence] | phase=optimize | user=0 | block=0 | n_kl=50 | epoch=86/1000 | objective=-12.301865 | rate=12.301865 | power=29.999945 | r_p=0.000000 | r_c=0.000000 | r_s=0.004025 | status=running
[UL Convergence] | phase=optimize | user=0 | block=0 | n_kl=50 | epoch=87/1000 | objective=-12.308818 | rate=12.308818 | power=29.999945 | r_p=0.000000 | r_c=0.000000 | r_s=0.003940 | status=running
[UL Convergence] | phase=optimize | user=0 | block=0 | n_kl=50 | epoch=88/1000 | objective=-12.315413 | rate=12.315413 | power=29.999945 | r_p=0.000000 | r_c=0.000000 | r_s=0.003856 | status=running
[UL Convergence] | phase=optimize | user=0 | block=0 | n_kl=50 | epoch=89/1000 | objective=-12.321659 | rate=12.321659 | power=29.999939 | r_p=0.000000 | r_c=0.000000 | r_s=0.003773 | status=running
[UL Convergence] | phase=optimize | user=0 | block=0 | n_kl=50 | epoch=90/1000 | objective=-12.327574 | rate=12.327574 | power=29.999945 | r_p=0.000000 | r_c=0.000000 | r_s=0.003690 | status=running
[UL Convergence] | phase=optimize | user=0 | block=0 | n_kl=50 | epoch=91/1000 | objective=-12.333179 | rate=12.333179 | power=29.999945 | r_p=0.000000 | r_c=0.000000 | r_s=0.003608 | status=running
[UL Convergence] | phase=optimize | user=0 | block=0 | n_kl=50 | epoch=92/1000 | objective=-12.338468 | rate=12.338468 | power=29.999939 | r_p=0.000000 | r_c=0.000000 | r_s=0.003527 | status=running
[UL Convergence] | phase=optimize | user=0 | block=0 | n_kl=50 | epoch=93/1000 | objective=-12.343472 | rate=12.343472 | power=29.999939 | r_p=0.000000 | r_c=0.000000 | r_s=0.003446 | status=running
[UL Convergence] | phase=optimize | user=0 | block=0 | n_kl=50 | epoch=94/1000 | objective=-12.348202 | rate=12.348202 | power=29.999939 | r_p=0.000000 | r_c=0.000000 | r_s=0.003366 | status=running
[UL Convergence] | phase=optimize | user=0 | block=0 | n_kl=50 | epoch=95/1000 | objective=-12.352657 | rate=12.352657 | power=29.999939 | r_p=0.000000 | r_c=0.000000 | r_s=0.003287 | status=running
[UL Convergence] | phase=optimize | user=0 | block=0 | n_kl=50 | epoch=96/1000 | objective=-12.356861 | rate=12.356861 | power=29.999935 | r_p=0.000000 | r_c=0.000000 | r_s=0.003208 | status=running
[UL Convergence] | phase=optimize | user=0 | block=0 | n_kl=50 | epoch=97/1000 | objective=-12.360819 | rate=12.360819 | power=29.999939 | r_p=0.000000 | r_c=0.000000 | r_s=0.003130 | status=running
[UL Convergence] | phase=optimize | user=0 | block=0 | n_kl=50 | epoch=98/1000 | objective=-12.364548 | rate=12.364548 | power=29.999939 | r_p=0.000000 | r_c=0.000000 | r_s=0.003053 | status=running
[UL Convergence] | phase=optimize | user=0 | block=0 | n_kl=50 | epoch=99/1000 | objective=-12.368052 | rate=12.368052 | power=29.999945 | r_p=0.000000 | r_c=0.000000 | r_s=0.002977 | status=running
[UL Convergence] | phase=optimize | user=0 | block=0 | n_kl=50 | epoch=100/1000 | objective=-12.371348 | rate=12.371348 | power=29.999939 | r_p=0.000000 | r_c=0.000000 | r_s=0.002901 | status=running
[UL Convergence] | phase=optimize | user=0 | block=0 | n_kl=50 | epoch=101/1000 | objective=-12.374298 | rate=12.374298 | power=29.999130 | r_p=0.000000 | r_c=0.000000 | r_s=0.002826 | status=running
[UL Convergence] | phase=optimize | user=0 | block=0 | n_kl=50 | epoch=102/1000 | objective=-12.376896 | rate=12.376896 | power=29.999935 | r_p=0.000000 | r_c=0.000000 | r_s=0.002564 | status=running
[UL Convergence] | phase=optimize | user=0 | block=0 | n_kl=50 | epoch=103/1000 | objective=-12.379227 | rate=12.379227 | power=29.999935 | r_p=0.000000 | r_c=0.000000 | r_s=0.002473 | status=running
[UL Convergence] | phase=optimize | user=0 | block=0 | n_kl=50 | epoch=104/1000 | objective=-12.381433 | rate=12.381433 | power=29.999939 | r_p=0.000000 | r_c=0.000000 | r_s=0.002389 | status=running
[UL Convergence] | phase=optimize | user=0 | block=0 | n_kl=50 | epoch=105/1000 | objective=-12.383533 | rate=12.383533 | power=29.999939 | r_p=0.000000 | r_c=0.000000 | r_s=0.002311 | status=running
[UL Convergence] | phase=optimize | user=0 | block=0 | n_kl=50 | epoch=106/1000 | objective=-12.385520 | rate=12.385520 | power=29.999939 | r_p=0.000000 | r_c=0.000000 | r_s=0.002238 | status=running
[UL Convergence] | phase=optimize | user=0 | block=0 | n_kl=50 | epoch=107/1000 | objective=-12.387404 | rate=12.387404 | power=29.999945 | r_p=0.000000 | r_c=0.000000 | r_s=0.002170 | status=running
[UL Convergence] | phase=optimize | user=0 | block=0 | n_kl=50 | epoch=108/1000 | objective=-12.389185 | rate=12.389185 | power=29.999935 | r_p=0.000000 | r_c=0.000000 | r_s=0.002106 | status=running
[UL Convergence] | phase=optimize | user=0 | block=0 | n_kl=50 | epoch=109/1000 | objective=-12.390865 | rate=12.390865 | power=29.999939 | r_p=0.000000 | r_c=0.000000 | r_s=0.002045 | status=running
[UL Convergence] | phase=optimize | user=0 | block=0 | n_kl=50 | epoch=110/1000 | objective=-12.392474 | rate=12.392474 | power=29.999939 | r_p=0.000000 | r_c=0.000000 | r_s=0.001988 | status=running
[UL Convergence] | phase=optimize | user=0 | block=0 | n_kl=50 | epoch=111/1000 | objective=-12.393974 | rate=12.393974 | power=29.999939 | r_p=0.000000 | r_c=0.000000 | r_s=0.001934 | status=running
[UL Convergence] | phase=optimize | user=0 | block=0 | n_kl=50 | epoch=112/1000 | objective=-12.395401 | rate=12.395401 | power=29.999939 | r_p=0.000000 | r_c=0.000000 | r_s=0.001882 | status=running
[UL Convergence] | phase=optimize | user=0 | block=0 | n_kl=50 | epoch=113/1000 | objective=-12.396740 | rate=12.396740 | power=29.999939 | r_p=0.000000 | r_c=0.000000 | r_s=0.001831 | status=running
[UL Convergence] | phase=optimize | user=0 | block=0 | n_kl=50 | epoch=114/1000 | objective=-12.398008 | rate=12.398008 | power=29.999939 | r_p=0.000000 | r_c=0.000000 | r_s=0.001783 | status=running
[UL Convergence] | phase=optimize | user=0 | block=0 | n_kl=50 | epoch=115/1000 | objective=-12.399200 | rate=12.399200 | power=29.999939 | r_p=0.000000 | r_c=0.000000 | r_s=0.001736 | status=running
[UL Convergence] | phase=optimize | user=0 | block=0 | n_kl=50 | epoch=116/1000 | objective=-12.400322 | rate=12.400322 | power=29.999945 | r_p=0.000000 | r_c=0.000000 | r_s=0.001690 | status=running
[UL Convergence] | phase=optimize | user=0 | block=0 | n_kl=50 | epoch=117/1000 | objective=-12.401376 | rate=12.401376 | power=29.999945 | r_p=0.000000 | r_c=0.000000 | r_s=0.001646 | status=running
[UL Convergence] | phase=optimize | user=0 | block=0 | n_kl=50 | epoch=118/1000 | objective=-12.402368 | rate=12.402368 | power=29.999939 | r_p=0.000000 | r_c=0.000000 | r_s=0.001602 | status=running
[UL Convergence] | phase=optimize | user=0 | block=0 | n_kl=50 | epoch=119/1000 | objective=-12.403291 | rate=12.403291 | power=29.999939 | r_p=0.000000 | r_c=0.000000 | r_s=0.001560 | status=running
[UL Convergence] | phase=optimize | user=0 | block=0 | n_kl=50 | epoch=120/1000 | objective=-12.404166 | rate=12.404166 | power=29.999939 | r_p=0.000000 | r_c=0.000000 | r_s=0.001518 | status=running
[UL Convergence] | phase=optimize | user=0 | block=0 | n_kl=50 | epoch=121/1000 | objective=-12.404972 | rate=12.404972 | power=29.999939 | r_p=0.000000 | r_c=0.000000 | r_s=0.001477 | status=running
[UL Convergence] | phase=optimize | user=0 | block=0 | n_kl=50 | epoch=122/1000 | objective=-12.405735 | rate=12.405735 | power=29.999939 | r_p=0.000000 | r_c=0.000000 | r_s=0.001436 | status=running
[UL Convergence] | phase=optimize | user=0 | block=0 | n_kl=50 | epoch=123/1000 | objective=-12.406449 | rate=12.406449 | power=29.999935 | r_p=0.000000 | r_c=0.000000 | r_s=0.001396 | status=running
[UL Convergence] | phase=optimize | user=0 | block=0 | n_kl=50 | epoch=124/1000 | objective=-12.407104 | rate=12.407104 | power=29.999939 | r_p=0.000000 | r_c=0.000000 | r_s=0.001356 | status=running
[UL Convergence] | phase=optimize | user=0 | block=0 | n_kl=50 | epoch=125/1000 | objective=-12.407726 | rate=12.407726 | power=29.999945 | r_p=0.000000 | r_c=0.000000 | r_s=0.001317 | status=running
[UL Convergence] | phase=optimize | user=0 | block=0 | n_kl=50 | epoch=126/1000 | objective=-12.408294 | rate=12.408294 | power=29.999935 | r_p=0.000000 | r_c=0.000000 | r_s=0.001278 | status=running
[UL Convergence] | phase=optimize | user=0 | block=0 | n_kl=50 | epoch=127/1000 | objective=-12.408828 | rate=12.408828 | power=29.999939 | r_p=0.000000 | r_c=0.000000 | r_s=0.001240 | status=running
[UL Convergence] | phase=optimize | user=0 | block=0 | n_kl=50 | epoch=128/1000 | objective=-12.409326 | rate=12.409326 | power=29.999939 | r_p=0.000000 | r_c=0.000000 | r_s=0.001202 | status=running
[UL Convergence] | phase=optimize | user=0 | block=0 | n_kl=50 | epoch=129/1000 | objective=-12.409783 | rate=12.409783 | power=29.999939 | r_p=0.000000 | r_c=0.000000 | r_s=0.001165 | status=running
[UL Convergence] | phase=optimize | user=0 | block=0 | n_kl=50 | epoch=130/1000 | objective=-12.410209 | rate=12.410209 | power=29.999939 | r_p=0.000000 | r_c=0.000000 | r_s=0.001128 | status=running
[UL Convergence] | phase=optimize | user=0 | block=0 | n_kl=50 | epoch=131/1000 | objective=-12.410605 | rate=12.410605 | power=29.999935 | r_p=0.000000 | r_c=0.000000 | r_s=0.001092 | status=running
[UL Convergence] | phase=optimize | user=0 | block=0 | n_kl=50 | epoch=132/1000 | objective=-12.410965 | rate=12.410965 | power=29.999939 | r_p=0.000000 | r_c=0.000000 | r_s=0.001057 | status=running
[UL Convergence] | phase=optimize | user=0 | block=0 | n_kl=50 | epoch=133/1000 | objective=-12.411303 | rate=12.411303 | power=29.999935 | r_p=0.000000 | r_c=0.000000 | r_s=0.001021 | status=running
[UL Convergence] | phase=optimize | user=0 | block=0 | n_kl=50 | epoch=134/1000 | objective=-12.411621 | rate=12.411621 | power=29.999945 | r_p=0.000000 | r_c=0.000000 | r_s=9.869361e-04 | status=running
[UL Convergence] | phase=optimize | user=0 | block=0 | n_kl=50 | epoch=135/1000 | objective=-12.411903 | rate=12.411903 | power=29.999939 | r_p=0.000000 | r_c=0.000000 | r_s=9.530338e-04 | status=running
[UL Convergence] | phase=optimize | user=0 | block=0 | n_kl=50 | epoch=136/1000 | objective=-12.412163 | rate=12.412163 | power=29.999939 | r_p=0.000000 | r_c=0.000000 | r_s=9.197454e-04 | status=running
[UL Convergence] | phase=optimize | user=0 | block=0 | n_kl=50 | epoch=137/1000 | objective=-12.412403 | rate=12.412403 | power=29.999939 | r_p=0.000000 | r_c=0.000000 | r_s=8.871233e-04 | status=running
[UL Convergence] | phase=optimize | user=0 | block=0 | n_kl=50 | epoch=138/1000 | objective=-12.412623 | rate=12.412623 | power=29.999939 | r_p=0.000000 | r_c=0.000000 | r_s=8.551787e-04 | status=running
[UL Convergence] | phase=optimize | user=0 | block=0 | n_kl=50 | epoch=139/1000 | objective=-12.412829 | rate=12.412829 | power=29.999939 | r_p=0.000000 | r_c=0.000000 | r_s=8.239208e-04 | status=running
[UL Convergence] | phase=optimize | user=0 | block=0 | n_kl=50 | epoch=140/1000 | objective=-12.413012 | rate=12.413012 | power=29.999939 | r_p=0.000000 | r_c=0.000000 | r_s=7.933459e-04 | status=running
[UL Convergence] | phase=optimize | user=0 | block=0 | n_kl=50 | epoch=141/1000 | objective=-12.413187 | rate=12.413187 | power=29.999939 | r_p=0.000000 | r_c=0.000000 | r_s=7.634808e-04 | status=running
[UL Convergence] | phase=optimize | user=0 | block=0 | n_kl=50 | epoch=142/1000 | objective=-12.413342 | rate=12.413342 | power=29.999939 | r_p=0.000000 | r_c=0.000000 | r_s=7.343593e-04 | status=running
[UL Convergence] | phase=optimize | user=0 | block=0 | n_kl=50 | epoch=143/1000 | objective=-12.413485 | rate=12.413485 | power=29.999939 | r_p=0.000000 | r_c=0.000000 | r_s=7.059638e-04 | status=running
[UL Convergence] | phase=optimize | user=0 | block=0 | n_kl=50 | epoch=144/1000 | objective=-12.413614 | rate=12.413614 | power=29.999939 | r_p=0.000000 | r_c=0.000000 | r_s=6.782867e-04 | status=running
[UL Convergence] | phase=optimize | user=0 | block=0 | n_kl=50 | epoch=145/1000 | objective=-12.413726 | rate=12.413726 | power=29.999939 | r_p=0.000000 | r_c=0.000000 | r_s=6.513433e-04 | status=running
[UL Convergence] | phase=optimize | user=0 | block=0 | n_kl=50 | epoch=146/1000 | objective=-12.413832 | rate=12.413832 | power=29.999939 | r_p=0.000000 | r_c=0.000000 | r_s=6.251435e-04 | status=running
[UL Convergence] | phase=optimize | user=0 | block=0 | n_kl=50 | epoch=147/1000 | objective=-12.413933 | rate=12.413933 | power=29.999935 | r_p=0.000000 | r_c=0.000000 | r_s=5.996829e-04 | status=kkt_converged
[UL Convergence Result] | user=0 | block=0 | n_kl=50 | achieved_rate=12.413933 | power=29.999935 | rate_gap=-8.413933 | power_gap=-6.484985e-05 | solve_status=kkt_converged
[UL Convergence Allocation] | user=0 | block=0 | n_kl=50 | requested_bits=200 | served_bits=200 | full_service=true
[UL Convergence Block] | user=0 | block=0 | stage=post_T | served_bits=200 | unserved_bits=0
[UL Convergence Reduction] | user=0 | block=0 | served_bits=200 | n_start=49 | n_min=1
[UL Convergence Solve] | user=0 | block=0 | stage=reduced_n | n_kl=49 | served_bits=200
[UL Convergence] | phase=optimize | user=0 | block=0 | n_kl=49 | epoch=1/1000 | objective=-12.387714 | rate=12.387714 | power=29.999935 | r_p=0.000000 | r_c=0.000000 | r_s=inf | status=running
[UL Convergence] | phase=optimize | user=0 | block=0 | n_kl=49 | epoch=2/1000 | objective=-12.387803 | rate=12.387803 | power=29.999935 | r_p=0.000000 | r_c=0.000000 | r_s=5.749132e-04 | status=kkt_converged
[UL Convergence Candidate] | user=0 | block=0 | n_kl=49 | achieved_rate=12.387803 | rate_gap=-8.306170 | power_gap=-6.484985e-05 | status=accepted
[UL Convergence Solve] | user=0 | block=0 | stage=reduced_n | n_kl=40 | served_bits=200
[UL Convergence] | phase=optimize | user=0 | block=0 | n_kl=40 | epoch=1/1000 | objective=-12.109665 | rate=12.109665 | power=29.999939 | r_p=0.000000 | r_c=0.000000 | r_s=inf | status=running
[UL Convergence] | phase=optimize | user=0 | block=0 | n_kl=40 | epoch=2/1000 | objective=-12.109698 | rate=12.109698 | power=29.999945 | r_p=0.000000 | r_c=0.000000 | r_s=3.825154e-04 | status=kkt_converged
[UL Convergence Candidate] | user=0 | block=0 | n_kl=40 | achieved_rate=12.109698 | rate_gap=-7.109698 | power_gap=-5.531311e-05 | status=accepted
[UL Convergence Solve] | user=0 | block=0 | stage=reduced_n | n_kl=30 | served_bits=200
[UL Convergence] | phase=optimize | user=0 | block=0 | n_kl=30 | epoch=1/1000 | objective=-11.663214 | rate=11.663214 | power=29.999939 | r_p=0.000000 | r_c=0.000000 | r_s=inf | status=running
[UL Convergence] | phase=optimize | user=0 | block=0 | n_kl=30 | epoch=2/1000 | objective=-11.663220 | rate=11.663220 | power=29.999945 | r_p=0.000000 | r_c=0.000000 | r_s=2.284771e-04 | status=kkt_converged
[UL Convergence Candidate] | user=0 | block=0 | n_kl=30 | achieved_rate=11.663220 | rate_gap=-4.996554 | power_gap=-5.531311e-05 | status=accepted
[UL Convergence Solve] | user=0 | block=0 | stage=reduced_n | n_kl=20 | served_bits=200
[UL Convergence] | phase=optimize | user=0 | block=0 | n_kl=20 | epoch=1/1000 | objective=-10.913975 | rate=10.913975 | power=29.999935 | r_p=0.000000 | r_c=0.000000 | r_s=inf | status=running
[UL Convergence] | phase=optimize | user=0 | block=0 | n_kl=20 | epoch=2/1000 | objective=-10.913979 | rate=10.913979 | power=29.999945 | r_p=0.000000 | r_c=0.000000 | r_s=1.485873e-04 | status=kkt_converged
[UL Convergence Candidate] | user=0 | block=0 | n_kl=20 | achieved_rate=10.913979 | rate_gap=-0.913979 | power_gap=-5.531311e-05 | status=accepted
[UL Convergence Reduction] | user=0 | block=0 | n_kl=18 | status=stop_infeasible
[UL Convergence Final] | user=0 | block=0 | feasible_points=32 | chosen_n_kl=19 | served_bits=200 | achieved_rate=10.807902 | power=29.999939 | solve_status=kkt_converged
[UL Convergence Allocation] | user=0 | block=0 | chosen_n_kl=19 | served_bits=200 | unserved_bits=0 | mode=fixed_block_targets
[UL Convergence Train] | user=0 | block=1 | target_bits=200 | mode=fixed_block_targets
[UL Convergence Block] | user=0 | block=1 | budget_mode=target_bits | requested_bits=200
[UL Convergence Solve] | user=0 | block=1 | stage=n=T | n_kl=50 | requested_bits=200
[UL Convergence] | phase=optimize | user=0 | block=1 | n_kl=50 | epoch=1/1000 | objective=-9.538319 | rate=9.538319 | power=29.999935 | r_p=0.000000 | r_c=0.000000 | r_s=inf | status=running
[UL Convergence] | phase=optimize | user=0 | block=1 | n_kl=50 | epoch=2/1000 | objective=-9.598539 | rate=9.598539 | power=29.999939 | r_p=0.000000 | r_c=0.000000 | r_s=0.010323 | status=running
[UL Convergence] | phase=optimize | user=0 | block=1 | n_kl=50 | epoch=3/1000 | objective=-9.657281 | rate=9.657281 | power=29.999945 | r_p=0.000000 | r_c=0.000000 | r_s=0.010303 | status=running
[UL Convergence] | phase=optimize | user=0 | block=1 | n_kl=50 | epoch=4/1000 | objective=-9.714494 | rate=9.714494 | power=29.999939 | r_p=0.000000 | r_c=0.000000 | r_s=0.010271 | status=running
[UL Convergence] | phase=optimize | user=0 | block=1 | n_kl=50 | epoch=5/1000 | objective=-9.770149 | rate=9.770149 | power=29.999935 | r_p=0.000000 | r_c=0.000000 | r_s=0.010226 | status=running
[UL Convergence] | phase=optimize | user=0 | block=1 | n_kl=50 | epoch=6/1000 | objective=-9.824240 | rate=9.824240 | power=29.999935 | r_p=0.000000 | r_c=0.000000 | r_s=0.010165 | status=running
[UL Convergence] | phase=optimize | user=0 | block=1 | n_kl=50 | epoch=7/1000 | objective=-9.876783 | rate=9.876783 | power=29.999939 | r_p=0.000000 | r_c=0.000000 | r_s=0.010089 | status=running
[UL Convergence] | phase=optimize | user=0 | block=1 | n_kl=50 | epoch=8/1000 | objective=-9.927769 | rate=9.927769 | power=29.999935 | r_p=0.000000 | r_c=0.000000 | r_s=0.009998 | status=running
[UL Convergence] | phase=optimize | user=0 | block=1 | n_kl=50 | epoch=9/1000 | objective=-9.977262 | rate=9.977262 | power=29.999939 | r_p=0.000000 | r_c=0.000000 | r_s=0.009895 | status=running
[UL Convergence] | phase=optimize | user=0 | block=1 | n_kl=50 | epoch=10/1000 | objective=-10.025311 | rate=10.025311 | power=29.999939 | r_p=0.000000 | r_c=0.000000 | r_s=0.009786 | status=running
[UL Convergence] | phase=optimize | user=0 | block=1 | n_kl=50 | epoch=11/1000 | objective=-10.071961 | rate=10.071961 | power=29.999939 | r_p=0.000000 | r_c=0.000000 | r_s=0.009675 | status=running
[UL Convergence] | phase=optimize | user=0 | block=1 | n_kl=50 | epoch=12/1000 | objective=-10.117311 | rate=10.117311 | power=29.999939 | r_p=0.000000 | r_c=0.000000 | r_s=0.009570 | status=running
[UL Convergence] | phase=optimize | user=0 | block=1 | n_kl=50 | epoch=13/1000 | objective=-10.161409 | rate=10.161409 | power=29.999939 | r_p=0.000000 | r_c=0.000000 | r_s=0.009475 | status=running
[UL Convergence] | phase=optimize | user=0 | block=1 | n_kl=50 | epoch=14/1000 | objective=-10.204310 | rate=10.204310 | power=29.999939 | r_p=0.000000 | r_c=0.000000 | r_s=0.009390 | status=running
[UL Convergence] | phase=optimize | user=0 | block=1 | n_kl=50 | epoch=15/1000 | objective=-10.246090 | rate=10.246090 | power=29.999935 | r_p=0.000000 | r_c=0.000000 | r_s=0.009317 | status=running
[UL Convergence] | phase=optimize | user=0 | block=1 | n_kl=50 | epoch=16/1000 | objective=-10.286793 | rate=10.286793 | power=29.999939 | r_p=0.000000 | r_c=0.000000 | r_s=0.009251 | status=running
[UL Convergence] | phase=optimize | user=0 | block=1 | n_kl=50 | epoch=17/1000 | objective=-10.326477 | rate=10.326477 | power=29.999945 | r_p=0.000000 | r_c=0.000000 | r_s=0.009191 | status=running
[UL Convergence] | phase=optimize | user=0 | block=1 | n_kl=50 | epoch=18/1000 | objective=-10.365174 | rate=10.365174 | power=29.999939 | r_p=0.000000 | r_c=0.000000 | r_s=0.009135 | status=running
[UL Convergence] | phase=optimize | user=0 | block=1 | n_kl=50 | epoch=19/1000 | objective=-10.402966 | rate=10.402966 | power=29.999945 | r_p=0.000000 | r_c=0.000000 | r_s=0.009081 | status=running
[UL Convergence] | phase=optimize | user=0 | block=1 | n_kl=50 | epoch=20/1000 | objective=-10.439873 | rate=10.439873 | power=29.999939 | r_p=0.000000 | r_c=0.000000 | r_s=0.009029 | status=running
[UL Convergence] | phase=optimize | user=0 | block=1 | n_kl=50 | epoch=21/1000 | objective=-10.469214 | rate=10.469214 | power=29.950895 | r_p=0.000000 | r_c=0.000000 | r_s=0.009013 | status=running
[UL Convergence] | phase=optimize | user=0 | block=1 | n_kl=50 | epoch=22/1000 | objective=-10.508158 | rate=10.508158 | power=29.999939 | r_p=0.000000 | r_c=0.000000 | r_s=0.007901 | status=running
[UL Convergence] | phase=optimize | user=0 | block=1 | n_kl=50 | epoch=23/1000 | objective=-10.539650 | rate=10.539650 | power=29.999939 | r_p=0.000000 | r_c=0.000000 | r_s=0.007766 | status=running
[UL Convergence] | phase=optimize | user=0 | block=1 | n_kl=50 | epoch=24/1000 | objective=-10.570506 | rate=10.570506 | power=29.999929 | r_p=0.000000 | r_c=0.000000 | r_s=0.007689 | status=running
[UL Convergence] | phase=optimize | user=0 | block=1 | n_kl=50 | epoch=25/1000 | objective=-10.600772 | rate=10.600772 | power=29.999935 | r_p=0.000000 | r_c=0.000000 | r_s=0.007621 | status=running
[UL Convergence] | phase=optimize | user=0 | block=1 | n_kl=50 | epoch=26/1000 | objective=-10.630487 | rate=10.630487 | power=29.999935 | r_p=0.000000 | r_c=0.000000 | r_s=0.007563 | status=running
[UL Convergence] | phase=optimize | user=0 | block=1 | n_kl=50 | epoch=27/1000 | objective=-10.659705 | rate=10.659705 | power=29.999945 | r_p=0.000000 | r_c=0.000000 | r_s=0.007513 | status=running
[UL Convergence] | phase=optimize | user=0 | block=1 | n_kl=50 | epoch=28/1000 | objective=-10.688463 | rate=10.688463 | power=29.999945 | r_p=0.000000 | r_c=0.000000 | r_s=0.007470 | status=running
[UL Convergence] | phase=optimize | user=0 | block=1 | n_kl=50 | epoch=29/1000 | objective=-10.716799 | rate=10.716799 | power=29.999939 | r_p=0.000000 | r_c=0.000000 | r_s=0.007434 | status=running
[UL Convergence] | phase=optimize | user=0 | block=1 | n_kl=50 | epoch=30/1000 | objective=-10.744756 | rate=10.744756 | power=29.999939 | r_p=0.000000 | r_c=0.000000 | r_s=0.007404 | status=running
[UL Convergence] | phase=optimize | user=0 | block=1 | n_kl=50 | epoch=31/1000 | objective=-10.772385 | rate=10.772385 | power=29.999939 | r_p=0.000000 | r_c=0.000000 | r_s=0.007378 | status=running
[UL Convergence] | phase=optimize | user=0 | block=1 | n_kl=50 | epoch=32/1000 | objective=-10.799709 | rate=10.799709 | power=29.999939 | r_p=0.000000 | r_c=0.000000 | r_s=0.007358 | status=running
[UL Convergence] | phase=optimize | user=0 | block=1 | n_kl=50 | epoch=33/1000 | objective=-10.826777 | rate=10.826777 | power=29.999939 | r_p=0.000000 | r_c=0.000000 | r_s=0.007343 | status=running
[UL Convergence] | phase=optimize | user=0 | block=1 | n_kl=50 | epoch=34/1000 | objective=-10.853624 | rate=10.853624 | power=29.999939 | r_p=0.000000 | r_c=0.000000 | r_s=0.007333 | status=running
[UL Convergence] | phase=optimize | user=0 | block=1 | n_kl=50 | epoch=35/1000 | objective=-10.880298 | rate=10.880298 | power=29.999939 | r_p=0.000000 | r_c=0.000000 | r_s=0.007329 | status=running
[UL Convergence] | phase=optimize | user=0 | block=1 | n_kl=50 | epoch=36/1000 | objective=-10.906837 | rate=10.906837 | power=29.999939 | r_p=0.000000 | r_c=0.000000 | r_s=0.007330 | status=running
[UL Convergence] | phase=optimize | user=0 | block=1 | n_kl=50 | epoch=37/1000 | objective=-10.933275 | rate=10.933275 | power=29.999939 | r_p=0.000000 | r_c=0.000000 | r_s=0.007337 | status=running
[UL Convergence] | phase=optimize | user=0 | block=1 | n_kl=50 | epoch=38/1000 | objective=-10.959668 | rate=10.959668 | power=29.999939 | r_p=0.000000 | r_c=0.000000 | r_s=0.007350 | status=running
[UL Convergence] | phase=optimize | user=0 | block=1 | n_kl=50 | epoch=39/1000 | objective=-10.986053 | rate=10.986053 | power=29.999939 | r_p=0.000000 | r_c=0.000000 | r_s=0.007371 | status=running
[UL Convergence] | phase=optimize | user=0 | block=1 | n_kl=50 | epoch=40/1000 | objective=-11.012475 | rate=11.012475 | power=29.999939 | r_p=0.000000 | r_c=0.000000 | r_s=0.007397 | status=running
[UL Convergence] | phase=optimize | user=0 | block=1 | n_kl=50 | epoch=41/1000 | objective=-11.038977 | rate=11.038977 | power=29.999945 | r_p=0.000000 | r_c=0.000000 | r_s=0.007432 | status=running
[UL Convergence] | phase=optimize | user=0 | block=1 | n_kl=50 | epoch=42/1000 | objective=-11.065597 | rate=11.065597 | power=29.999939 | r_p=0.000000 | r_c=0.000000 | r_s=0.007473 | status=running
[UL Convergence] | phase=optimize | user=0 | block=1 | n_kl=50 | epoch=43/1000 | objective=-11.092377 | rate=11.092377 | power=29.999939 | r_p=0.000000 | r_c=0.000000 | r_s=0.007521 | status=running
[UL Convergence] | phase=optimize | user=0 | block=1 | n_kl=50 | epoch=44/1000 | objective=-11.119339 | rate=11.119339 | power=29.999939 | r_p=0.000000 | r_c=0.000000 | r_s=0.007575 | status=running
[UL Convergence] | phase=optimize | user=0 | block=1 | n_kl=50 | epoch=45/1000 | objective=-11.146526 | rate=11.146526 | power=29.999935 | r_p=0.000000 | r_c=0.000000 | r_s=0.007636 | status=running
[UL Convergence] | phase=optimize | user=0 | block=1 | n_kl=50 | epoch=46/1000 | objective=-11.173954 | rate=11.173954 | power=29.999939 | r_p=0.000000 | r_c=0.000000 | r_s=0.007702 | status=running
[UL Convergence] | phase=optimize | user=0 | block=1 | n_kl=50 | epoch=47/1000 | objective=-11.201632 | rate=11.201632 | power=29.999935 | r_p=0.000000 | r_c=0.000000 | r_s=0.007772 | status=running
[UL Convergence] | phase=optimize | user=0 | block=1 | n_kl=50 | epoch=48/1000 | objective=-11.229589 | rate=11.229589 | power=29.999935 | r_p=0.000000 | r_c=0.000000 | r_s=0.007846 | status=running
[UL Convergence] | phase=optimize | user=0 | block=1 | n_kl=50 | epoch=49/1000 | objective=-11.257798 | rate=11.257798 | power=29.999939 | r_p=0.000000 | r_c=0.000000 | r_s=0.007923 | status=running
[UL Convergence] | phase=optimize | user=0 | block=1 | n_kl=50 | epoch=50/1000 | objective=-11.286265 | rate=11.286265 | power=29.999945 | r_p=0.000000 | r_c=0.000000 | r_s=0.008000 | status=running
[UL Convergence] | phase=optimize | user=0 | block=1 | n_kl=50 | epoch=51/1000 | objective=-11.314956 | rate=11.314956 | power=29.999935 | r_p=0.000000 | r_c=0.000000 | r_s=0.008078 | status=running
[UL Convergence] | phase=optimize | user=0 | block=1 | n_kl=50 | epoch=52/1000 | objective=-11.343841 | rate=11.343841 | power=29.999935 | r_p=0.000000 | r_c=0.000000 | r_s=0.008153 | status=running
[UL Convergence] | phase=optimize | user=0 | block=1 | n_kl=50 | epoch=53/1000 | objective=-11.372867 | rate=11.372867 | power=29.999939 | r_p=0.000000 | r_c=0.000000 | r_s=0.008226 | status=running
[UL Convergence] | phase=optimize | user=0 | block=1 | n_kl=50 | epoch=54/1000 | objective=-11.402002 | rate=11.402002 | power=29.999939 | r_p=0.000000 | r_c=0.000000 | r_s=0.008294 | status=running
[UL Convergence] | phase=optimize | user=0 | block=1 | n_kl=50 | epoch=55/1000 | objective=-11.431163 | rate=11.431163 | power=29.999939 | r_p=0.000000 | r_c=0.000000 | r_s=0.008356 | status=running
[UL Convergence] | phase=optimize | user=0 | block=1 | n_kl=50 | epoch=56/1000 | objective=-11.460285 | rate=11.460285 | power=29.999939 | r_p=0.000000 | r_c=0.000000 | r_s=0.008411 | status=running
[UL Convergence] | phase=optimize | user=0 | block=1 | n_kl=50 | epoch=57/1000 | objective=-11.489290 | rate=11.489290 | power=29.999935 | r_p=0.000000 | r_c=0.000000 | r_s=0.008457 | status=running
[UL Convergence] | phase=optimize | user=0 | block=1 | n_kl=50 | epoch=58/1000 | objective=-11.518106 | rate=11.518106 | power=29.999939 | r_p=0.000000 | r_c=0.000000 | r_s=0.008493 | status=running
[UL Convergence] | phase=optimize | user=0 | block=1 | n_kl=50 | epoch=59/1000 | objective=-11.546644 | rate=11.546644 | power=29.999935 | r_p=0.000000 | r_c=0.000000 | r_s=0.008518 | status=running
[UL Convergence] | phase=optimize | user=0 | block=1 | n_kl=50 | epoch=60/1000 | objective=-11.574827 | rate=11.574827 | power=29.999935 | r_p=0.000000 | r_c=0.000000 | r_s=0.008533 | status=running
[UL Convergence] | phase=optimize | user=0 | block=1 | n_kl=50 | epoch=61/1000 | objective=-11.602566 | rate=11.602566 | power=29.999939 | r_p=0.000000 | r_c=0.000000 | r_s=0.008535 | status=running
[UL Convergence] | phase=optimize | user=0 | block=1 | n_kl=50 | epoch=62/1000 | objective=-11.629775 | rate=11.629775 | power=29.999935 | r_p=0.000000 | r_c=0.000000 | r_s=0.008524 | status=running
[UL Convergence] | phase=optimize | user=0 | block=1 | n_kl=50 | epoch=63/1000 | objective=-11.656399 | rate=11.656399 | power=29.999939 | r_p=0.000000 | r_c=0.000000 | r_s=0.008501 | status=running
[UL Convergence] | phase=optimize | user=0 | block=1 | n_kl=50 | epoch=64/1000 | objective=-11.682347 | rate=11.682347 | power=29.999935 | r_p=0.000000 | r_c=0.000000 | r_s=0.008465 | status=running
[UL Convergence] | phase=optimize | user=0 | block=1 | n_kl=50 | epoch=65/1000 | objective=-11.707577 | rate=11.707577 | power=29.999939 | r_p=0.000000 | r_c=0.000000 | r_s=0.008416 | status=running
[UL Convergence] | phase=optimize | user=0 | block=1 | n_kl=50 | epoch=66/1000 | objective=-11.732013 | rate=11.732013 | power=29.999945 | r_p=0.000000 | r_c=0.000000 | r_s=0.008354 | status=running
[UL Convergence] | phase=optimize | user=0 | block=1 | n_kl=50 | epoch=67/1000 | objective=-11.755611 | rate=11.755611 | power=29.999935 | r_p=0.000000 | r_c=0.000000 | r_s=0.008280 | status=running
[UL Convergence] | phase=optimize | user=0 | block=1 | n_kl=50 | epoch=68/1000 | objective=-11.778352 | rate=11.778352 | power=29.999939 | r_p=0.000000 | r_c=0.000000 | r_s=0.008194 | status=running
[UL Convergence] | phase=optimize | user=0 | block=1 | n_kl=50 | epoch=69/1000 | objective=-11.800174 | rate=11.800174 | power=29.999939 | r_p=0.000000 | r_c=0.000000 | r_s=0.008097 | status=running
[UL Convergence] | phase=optimize | user=0 | block=1 | n_kl=50 | epoch=70/1000 | objective=-11.821074 | rate=11.821074 | power=29.999935 | r_p=0.000000 | r_c=0.000000 | r_s=0.007988 | status=running
[UL Convergence] | phase=optimize | user=0 | block=1 | n_kl=50 | epoch=71/1000 | objective=-11.841025 | rate=11.841025 | power=29.999935 | r_p=0.000000 | r_c=0.000000 | r_s=0.007869 | status=running
[UL Convergence] | phase=optimize | user=0 | block=1 | n_kl=50 | epoch=72/1000 | objective=-11.860030 | rate=11.860030 | power=29.999939 | r_p=0.000000 | r_c=0.000000 | r_s=0.007741 | status=running
[UL Convergence] | phase=optimize | user=0 | block=1 | n_kl=50 | epoch=73/1000 | objective=-11.878075 | rate=11.878075 | power=29.999939 | r_p=0.000000 | r_c=0.000000 | r_s=0.007603 | status=running
[UL Convergence] | phase=optimize | user=0 | block=1 | n_kl=50 | epoch=74/1000 | objective=-11.895176 | rate=11.895176 | power=29.999939 | r_p=0.000000 | r_c=0.000000 | r_s=0.007458 | status=running
[UL Convergence] | phase=optimize | user=0 | block=1 | n_kl=50 | epoch=75/1000 | objective=-11.911337 | rate=11.911337 | power=29.999939 | r_p=0.000000 | r_c=0.000000 | r_s=0.007305 | status=running
[UL Convergence] | phase=optimize | user=0 | block=1 | n_kl=50 | epoch=76/1000 | objective=-11.926573 | rate=11.926573 | power=29.999945 | r_p=0.000000 | r_c=0.000000 | r_s=0.007146 | status=running
[UL Convergence] | phase=optimize | user=0 | block=1 | n_kl=50 | epoch=77/1000 | objective=-11.940905 | rate=11.940905 | power=29.999939 | r_p=0.000000 | r_c=0.000000 | r_s=0.006982 | status=running
[UL Convergence] | phase=optimize | user=0 | block=1 | n_kl=50 | epoch=78/1000 | objective=-11.954367 | rate=11.954367 | power=29.999939 | r_p=0.000000 | r_c=0.000000 | r_s=0.006812 | status=running
[UL Convergence] | phase=optimize | user=0 | block=1 | n_kl=50 | epoch=79/1000 | objective=-11.966972 | rate=11.966972 | power=29.999945 | r_p=0.000000 | r_c=0.000000 | r_s=0.006639 | status=running
[UL Convergence] | phase=optimize | user=0 | block=1 | n_kl=50 | epoch=80/1000 | objective=-11.978762 | rate=11.978762 | power=29.999939 | r_p=0.000000 | r_c=0.000000 | r_s=0.006462 | status=running
[UL Convergence] | phase=optimize | user=0 | block=1 | n_kl=50 | epoch=81/1000 | objective=-11.989761 | rate=11.989761 | power=29.999939 | r_p=0.000000 | r_c=0.000000 | r_s=0.006284 | status=running
[UL Convergence] | phase=optimize | user=0 | block=1 | n_kl=50 | epoch=82/1000 | objective=-12.000005 | rate=12.000005 | power=29.999939 | r_p=0.000000 | r_c=0.000000 | r_s=0.006103 | status=running
[UL Convergence] | phase=optimize | user=0 | block=1 | n_kl=50 | epoch=83/1000 | objective=-12.009526 | rate=12.009526 | power=29.999939 | r_p=0.000000 | r_c=0.000000 | r_s=0.005922 | status=running
[UL Convergence] | phase=optimize | user=0 | block=1 | n_kl=50 | epoch=84/1000 | objective=-12.018358 | rate=12.018358 | power=29.999939 | r_p=0.000000 | r_c=0.000000 | r_s=0.005740 | status=running
[UL Convergence] | phase=optimize | user=0 | block=1 | n_kl=50 | epoch=85/1000 | objective=-12.026544 | rate=12.026544 | power=29.999945 | r_p=0.000000 | r_c=0.000000 | r_s=0.005559 | status=running
[UL Convergence] | phase=optimize | user=0 | block=1 | n_kl=50 | epoch=86/1000 | objective=-12.034113 | rate=12.034113 | power=29.999945 | r_p=0.000000 | r_c=0.000000 | r_s=0.005379 | status=running
[UL Convergence] | phase=optimize | user=0 | block=1 | n_kl=50 | epoch=87/1000 | objective=-12.041096 | rate=12.041096 | power=29.999939 | r_p=0.000000 | r_c=0.000000 | r_s=0.005199 | status=running
[UL Convergence] | phase=optimize | user=0 | block=1 | n_kl=50 | epoch=88/1000 | objective=-12.047532 | rate=12.047532 | power=29.999939 | r_p=0.000000 | r_c=0.000000 | r_s=0.005022 | status=running
[UL Convergence] | phase=optimize | user=0 | block=1 | n_kl=50 | epoch=89/1000 | objective=-12.053452 | rate=12.053452 | power=29.999945 | r_p=0.000000 | r_c=0.000000 | r_s=0.004846 | status=running
[UL Convergence] | phase=optimize | user=0 | block=1 | n_kl=50 | epoch=90/1000 | objective=-12.058888 | rate=12.058888 | power=29.999935 | r_p=0.000000 | r_c=0.000000 | r_s=0.004673 | status=running
[UL Convergence] | phase=optimize | user=0 | block=1 | n_kl=50 | epoch=91/1000 | objective=-12.063873 | rate=12.063873 | power=29.999939 | r_p=0.000000 | r_c=0.000000 | r_s=0.004502 | status=running
[UL Convergence] | phase=optimize | user=0 | block=1 | n_kl=50 | epoch=92/1000 | objective=-12.068433 | rate=12.068433 | power=29.999939 | r_p=0.000000 | r_c=0.000000 | r_s=0.004335 | status=running
[UL Convergence] | phase=optimize | user=0 | block=1 | n_kl=50 | epoch=93/1000 | objective=-12.072603 | rate=12.072603 | power=29.999939 | r_p=0.000000 | r_c=0.000000 | r_s=0.004170 | status=running
[UL Convergence] | phase=optimize | user=0 | block=1 | n_kl=50 | epoch=94/1000 | objective=-12.076404 | rate=12.076404 | power=29.999945 | r_p=0.000000 | r_c=0.000000 | r_s=0.004008 | status=running
[UL Convergence] | phase=optimize | user=0 | block=1 | n_kl=50 | epoch=95/1000 | objective=-12.079866 | rate=12.079866 | power=29.999935 | r_p=0.000000 | r_c=0.000000 | r_s=0.003850 | status=running
[UL Convergence] | phase=optimize | user=0 | block=1 | n_kl=50 | epoch=96/1000 | objective=-12.083014 | rate=12.083014 | power=29.999945 | r_p=0.000000 | r_c=0.000000 | r_s=0.003695 | status=running
[UL Convergence] | phase=optimize | user=0 | block=1 | n_kl=50 | epoch=97/1000 | objective=-12.085864 | rate=12.085864 | power=29.999945 | r_p=0.000000 | r_c=0.000000 | r_s=0.003544 | status=running
[UL Convergence] | phase=optimize | user=0 | block=1 | n_kl=50 | epoch=98/1000 | objective=-12.088448 | rate=12.088448 | power=29.999939 | r_p=0.000000 | r_c=0.000000 | r_s=0.003396 | status=running
[UL Convergence] | phase=optimize | user=0 | block=1 | n_kl=50 | epoch=99/1000 | objective=-12.090776 | rate=12.090776 | power=29.999939 | r_p=0.000000 | r_c=0.000000 | r_s=0.003251 | status=running
[UL Convergence] | phase=optimize | user=0 | block=1 | n_kl=50 | epoch=100/1000 | objective=-12.092889 | rate=12.092889 | power=29.999945 | r_p=0.000000 | r_c=0.000000 | r_s=0.003110 | status=running
[UL Convergence] | phase=optimize | user=0 | block=1 | n_kl=50 | epoch=101/1000 | objective=-12.094780 | rate=12.094780 | power=29.999939 | r_p=0.000000 | r_c=0.000000 | r_s=0.002973 | status=running
[UL Convergence] | phase=optimize | user=0 | block=1 | n_kl=50 | epoch=102/1000 | objective=-12.096487 | rate=12.096487 | power=29.999935 | r_p=0.000000 | r_c=0.000000 | r_s=0.002839 | status=running
[UL Convergence] | phase=optimize | user=0 | block=1 | n_kl=50 | epoch=103/1000 | objective=-12.098010 | rate=12.098010 | power=29.999939 | r_p=0.000000 | r_c=0.000000 | r_s=0.002709 | status=running
[UL Convergence] | phase=optimize | user=0 | block=1 | n_kl=50 | epoch=104/1000 | objective=-12.099382 | rate=12.099382 | power=29.999939 | r_p=0.000000 | r_c=0.000000 | r_s=0.002582 | status=running
[UL Convergence] | phase=optimize | user=0 | block=1 | n_kl=50 | epoch=105/1000 | objective=-12.100601 | rate=12.100601 | power=29.999935 | r_p=0.000000 | r_c=0.000000 | r_s=0.002460 | status=running
[UL Convergence] | phase=optimize | user=0 | block=1 | n_kl=50 | epoch=106/1000 | objective=-12.101692 | rate=12.101692 | power=29.999945 | r_p=0.000000 | r_c=0.000000 | r_s=0.002340 | status=running
[UL Convergence] | phase=optimize | user=0 | block=1 | n_kl=50 | epoch=107/1000 | objective=-12.102663 | rate=12.102663 | power=29.999935 | r_p=0.000000 | r_c=0.000000 | r_s=0.002225 | status=running
[UL Convergence] | phase=optimize | user=0 | block=1 | n_kl=50 | epoch=108/1000 | objective=-12.103531 | rate=12.103531 | power=29.999939 | r_p=0.000000 | r_c=0.000000 | r_s=0.002113 | status=running
[UL Convergence] | phase=optimize | user=0 | block=1 | n_kl=50 | epoch=109/1000 | objective=-12.104298 | rate=12.104298 | power=29.999945 | r_p=0.000000 | r_c=0.000000 | r_s=0.002005 | status=running
[UL Convergence] | phase=optimize | user=0 | block=1 | n_kl=50 | epoch=110/1000 | objective=-12.104969 | rate=12.104969 | power=29.999939 | r_p=0.000000 | r_c=0.000000 | r_s=0.001901 | status=running
[UL Convergence] | phase=optimize | user=0 | block=1 | n_kl=50 | epoch=111/1000 | objective=-12.105571 | rate=12.105571 | power=29.999945 | r_p=0.000000 | r_c=0.000000 | r_s=0.001800 | status=running
[UL Convergence] | phase=optimize | user=0 | block=1 | n_kl=50 | epoch=112/1000 | objective=-12.106100 | rate=12.106100 | power=29.999945 | r_p=0.000000 | r_c=0.000000 | r_s=0.001703 | status=running
[UL Convergence] | phase=optimize | user=0 | block=1 | n_kl=50 | epoch=113/1000 | objective=-12.106564 | rate=12.106564 | power=29.999945 | r_p=0.000000 | r_c=0.000000 | r_s=0.001610 | status=running
[UL Convergence] | phase=optimize | user=0 | block=1 | n_kl=50 | epoch=114/1000 | objective=-12.106981 | rate=12.106981 | power=29.999939 | r_p=0.000000 | r_c=0.000000 | r_s=0.001521 | status=running
[UL Convergence] | phase=optimize | user=0 | block=1 | n_kl=50 | epoch=115/1000 | objective=-12.107337 | rate=12.107337 | power=29.999939 | r_p=0.000000 | r_c=0.000000 | r_s=0.001435 | status=running
[UL Convergence] | phase=optimize | user=0 | block=1 | n_kl=50 | epoch=116/1000 | objective=-12.107657 | rate=12.107657 | power=29.999939 | r_p=0.000000 | r_c=0.000000 | r_s=0.001353 | status=running
[UL Convergence] | phase=optimize | user=0 | block=1 | n_kl=50 | epoch=117/1000 | objective=-12.107929 | rate=12.107929 | power=29.999939 | r_p=0.000000 | r_c=0.000000 | r_s=0.001275 | status=running
[UL Convergence] | phase=optimize | user=0 | block=1 | n_kl=50 | epoch=118/1000 | objective=-12.108179 | rate=12.108179 | power=29.999945 | r_p=0.000000 | r_c=0.000000 | r_s=0.001200 | status=running
[UL Convergence] | phase=optimize | user=0 | block=1 | n_kl=50 | epoch=119/1000 | objective=-12.108393 | rate=12.108393 | power=29.999945 | r_p=0.000000 | r_c=0.000000 | r_s=0.001130 | status=running
[UL Convergence] | phase=optimize | user=0 | block=1 | n_kl=50 | epoch=120/1000 | objective=-12.108578 | rate=12.108578 | power=29.999939 | r_p=0.000000 | r_c=0.000000 | r_s=0.001062 | status=running
[UL Convergence] | phase=optimize | user=0 | block=1 | n_kl=50 | epoch=121/1000 | objective=-12.108742 | rate=12.108742 | power=29.999935 | r_p=0.000000 | r_c=0.000000 | r_s=9.984277e-04 | status=running
[UL Convergence] | phase=optimize | user=0 | block=1 | n_kl=50 | epoch=122/1000 | objective=-12.108883 | rate=12.108883 | power=29.999935 | r_p=0.000000 | r_c=0.000000 | r_s=9.380573e-04 | status=running
[UL Convergence] | phase=optimize | user=0 | block=1 | n_kl=50 | epoch=123/1000 | objective=-12.109004 | rate=12.109004 | power=29.999939 | r_p=0.000000 | r_c=0.000000 | r_s=8.810751e-04 | status=running
[UL Convergence] | phase=optimize | user=0 | block=1 | n_kl=50 | epoch=124/1000 | objective=-12.109125 | rate=12.109125 | power=29.999939 | r_p=0.000000 | r_c=0.000000 | r_s=8.273400e-04 | status=running
[UL Convergence] | phase=optimize | user=0 | block=1 | n_kl=50 | epoch=125/1000 | objective=-12.109221 | rate=12.109221 | power=29.999939 | r_p=0.000000 | r_c=0.000000 | r_s=7.767688e-04 | status=running
[UL Convergence] | phase=optimize | user=0 | block=1 | n_kl=50 | epoch=126/1000 | objective=-12.109302 | rate=12.109302 | power=29.999939 | r_p=0.000000 | r_c=0.000000 | r_s=7.292602e-04 | status=running
[UL Convergence] | phase=optimize | user=0 | block=1 | n_kl=50 | epoch=127/1000 | objective=-12.109379 | rate=12.109379 | power=29.999939 | r_p=0.000000 | r_c=0.000000 | r_s=6.847343e-04 | status=running
[UL Convergence] | phase=optimize | user=0 | block=1 | n_kl=50 | epoch=128/1000 | objective=-12.109442 | rate=12.109442 | power=29.999939 | r_p=0.000000 | r_c=0.000000 | r_s=6.430011e-04 | status=running
[UL Convergence] | phase=optimize | user=0 | block=1 | n_kl=50 | epoch=129/1000 | objective=-12.109503 | rate=12.109503 | power=29.999945 | r_p=0.000000 | r_c=0.000000 | r_s=6.040024e-04 | status=running
[UL Convergence] | phase=optimize | user=0 | block=1 | n_kl=50 | epoch=130/1000 | objective=-12.109551 | rate=12.109551 | power=29.999935 | r_p=0.000000 | r_c=0.000000 | r_s=5.675700e-04 | status=kkt_converged
[UL Convergence Result] | user=0 | block=1 | n_kl=50 | achieved_rate=12.109551 | power=29.999935 | rate_gap=-8.109551 | power_gap=-6.484985e-05 | solve_status=kkt_converged
[UL Convergence Allocation] | user=0 | block=1 | n_kl=50 | requested_bits=200 | served_bits=200 | full_service=true
[UL Convergence Block] | user=0 | block=1 | stage=post_T | served_bits=200 | unserved_bits=0
[UL Convergence Reduction] | user=0 | block=1 | served_bits=200 | n_start=49 | n_min=1
[UL Convergence Solve] | user=0 | block=1 | stage=reduced_n | n_kl=49 | served_bits=200
[UL Convergence] | phase=optimize | user=0 | block=1 | n_kl=49 | epoch=1/1000 | objective=-12.083432 | rate=12.083432 | power=29.999935 | r_p=0.000000 | r_c=0.000000 | r_s=inf | status=running
[UL Convergence] | phase=optimize | user=0 | block=1 | n_kl=49 | epoch=2/1000 | objective=-12.083468 | rate=12.083468 | power=29.999939 | r_p=0.000000 | r_c=0.000000 | r_s=5.334926e-04 | status=kkt_converged
[UL Convergence Candidate] | user=0 | block=1 | n_kl=49 | achieved_rate=12.083468 | rate_gap=-8.001836 | power_gap=-6.103516e-05 | status=accepted
[UL Convergence Solve] | user=0 | block=1 | stage=reduced_n | n_kl=40 | served_bits=200
[UL Convergence] | phase=optimize | user=0 | block=1 | n_kl=40 | epoch=1/1000 | objective=-11.806126 | rate=11.806126 | power=29.999939 | r_p=0.000000 | r_c=0.000000 | r_s=inf | status=running
[UL Convergence] | phase=optimize | user=0 | block=1 | n_kl=40 | epoch=2/1000 | objective=-11.806140 | rate=11.806140 | power=29.999945 | r_p=0.000000 | r_c=0.000000 | r_s=3.161307e-04 | status=kkt_converged
[UL Convergence Candidate] | user=0 | block=1 | n_kl=40 | achieved_rate=11.806140 | rate_gap=-6.806140 | power_gap=-5.531311e-05 | status=accepted
[UL Convergence Solve] | user=0 | block=1 | stage=reduced_n | n_kl=30 | served_bits=200
[UL Convergence] | phase=optimize | user=0 | block=1 | n_kl=30 | epoch=1/1000 | objective=-11.361209 | rate=11.361209 | power=29.999939 | r_p=0.000000 | r_c=0.000000 | r_s=inf | status=running
[UL Convergence] | phase=optimize | user=0 | block=1 | n_kl=30 | epoch=2/1000 | objective=-11.361205 | rate=11.361205 | power=29.999939 | r_p=0.000000 | r_c=0.000000 | r_s=2.393379e-04 | status=kkt_converged
[UL Convergence Candidate] | user=0 | block=1 | n_kl=30 | achieved_rate=11.361209 | rate_gap=-4.694542 | power_gap=-6.103516e-05 | status=accepted
[UL Convergence Solve] | user=0 | block=1 | stage=reduced_n | n_kl=20 | served_bits=200
[UL Convergence] | phase=optimize | user=0 | block=1 | n_kl=20 | epoch=1/1000 | objective=-10.614799 | rate=10.614799 | power=29.999939 | r_p=0.000000 | r_c=0.000000 | r_s=inf | status=running
[UL Convergence] | phase=optimize | user=0 | block=1 | n_kl=20 | epoch=2/1000 | objective=-10.614815 | rate=10.614815 | power=29.999939 | r_p=0.000000 | r_c=0.000000 | r_s=2.144179e-04 | status=kkt_converged
[UL Convergence Candidate] | user=0 | block=1 | n_kl=20 | achieved_rate=10.614815 | rate_gap=-0.614815 | power_gap=-6.103516e-05 | status=accepted
[UL Convergence Reduction] | user=0 | block=1 | n_kl=19 | status=stop_infeasible
[UL Convergence Final] | user=0 | block=1 | feasible_points=31 | chosen_n_kl=20 | served_bits=200 | achieved_rate=10.614815 | power=29.999939 | solve_status=kkt_converged
[UL Convergence Allocation] | user=0 | block=1 | chosen_n_kl=20 | served_bits=200 | unserved_bits=0 | mode=fixed_block_targets
[UL Convergence Train] | user=0 | block=2 | target_bits=200 | mode=fixed_block_targets
[UL Convergence Block] | user=0 | block=2 | budget_mode=target_bits | requested_bits=200
[UL Convergence Solve] | user=0 | block=2 | stage=n=T | n_kl=50 | requested_bits=200
[UL Convergence] | phase=optimize | user=0 | block=2 | n_kl=50 | epoch=1/1000 | objective=-9.646526 | rate=9.646526 | power=29.999939 | r_p=0.000000 | r_c=0.000000 | r_s=inf | status=running
[UL Convergence] | phase=optimize | user=0 | block=2 | n_kl=50 | epoch=2/1000 | objective=-9.710295 | rate=9.710295 | power=29.999945 | r_p=0.000000 | r_c=0.000000 | r_s=0.010110 | status=running
[UL Convergence] | phase=optimize | user=0 | block=2 | n_kl=50 | epoch=3/1000 | objective=-9.773575 | rate=9.773575 | power=29.999939 | r_p=0.000000 | r_c=0.000000 | r_s=0.009909 | status=running
[UL Convergence] | phase=optimize | user=0 | block=2 | n_kl=50 | epoch=4/1000 | objective=-9.836500 | rate=9.836500 | power=29.999935 | r_p=0.000000 | r_c=0.000000 | r_s=0.009822 | status=running
[UL Convergence] | phase=optimize | user=0 | block=2 | n_kl=50 | epoch=5/1000 | objective=-9.899151 | rate=9.899151 | power=29.999939 | r_p=0.000000 | r_c=0.000000 | r_s=0.009833 | status=running
[UL Convergence] | phase=optimize | user=0 | block=2 | n_kl=50 | epoch=6/1000 | objective=-9.961505 | rate=9.961505 | power=29.999939 | r_p=0.000000 | r_c=0.000000 | r_s=0.009824 | status=running
[UL Convergence] | phase=optimize | user=0 | block=2 | n_kl=50 | epoch=7/1000 | objective=-10.023516 | rate=10.023516 | power=29.999939 | r_p=0.000000 | r_c=0.000000 | r_s=0.009804 | status=running
[UL Convergence] | phase=optimize | user=0 | block=2 | n_kl=50 | epoch=8/1000 | objective=-10.085207 | rate=10.085207 | power=29.999945 | r_p=0.000000 | r_c=0.000000 | r_s=0.009790 | status=running
[UL Convergence] | phase=optimize | user=0 | block=2 | n_kl=50 | epoch=9/1000 | objective=-10.146535 | rate=10.146535 | power=29.999939 | r_p=0.000000 | r_c=0.000000 | r_s=0.009786 | status=running
[UL Convergence] | phase=optimize | user=0 | block=2 | n_kl=50 | epoch=10/1000 | objective=-10.207478 | rate=10.207478 | power=29.999945 | r_p=0.000000 | r_c=0.000000 | r_s=0.009789 | status=running
[UL Convergence] | phase=optimize | user=0 | block=2 | n_kl=50 | epoch=11/1000 | objective=-10.268004 | rate=10.268004 | power=29.999939 | r_p=0.000000 | r_c=0.000000 | r_s=0.009789 | status=running
[UL Convergence] | phase=optimize | user=0 | block=2 | n_kl=50 | epoch=12/1000 | objective=-10.328051 | rate=10.328051 | power=29.999939 | r_p=0.000000 | r_c=0.000000 | r_s=0.009779 | status=running
[UL Convergence] | phase=optimize | user=0 | block=2 | n_kl=50 | epoch=13/1000 | objective=-10.387574 | rate=10.387574 | power=29.999935 | r_p=0.000000 | r_c=0.000000 | r_s=0.009758 | status=running
[UL Convergence] | phase=optimize | user=0 | block=2 | n_kl=50 | epoch=14/1000 | objective=-10.446513 | rate=10.446513 | power=29.999945 | r_p=0.000000 | r_c=0.000000 | r_s=0.009725 | status=running
[UL Convergence] | phase=optimize | user=0 | block=2 | n_kl=50 | epoch=15/1000 | objective=-10.504836 | rate=10.504836 | power=29.999935 | r_p=0.000000 | r_c=0.000000 | r_s=0.009681 | status=running
[UL Convergence] | phase=optimize | user=0 | block=2 | n_kl=50 | epoch=16/1000 | objective=-10.562479 | rate=10.562479 | power=29.999939 | r_p=0.000000 | r_c=0.000000 | r_s=0.009628 | status=running
[UL Convergence] | phase=optimize | user=0 | block=2 | n_kl=50 | epoch=17/1000 | objective=-10.619411 | rate=10.619411 | power=29.999939 | r_p=0.000000 | r_c=0.000000 | r_s=0.009565 | status=running
[UL Convergence] | phase=optimize | user=0 | block=2 | n_kl=50 | epoch=18/1000 | objective=-10.675601 | rate=10.675601 | power=29.999935 | r_p=0.000000 | r_c=0.000000 | r_s=0.009496 | status=running
[UL Convergence] | phase=optimize | user=0 | block=2 | n_kl=50 | epoch=19/1000 | objective=-10.731016 | rate=10.731016 | power=29.999939 | r_p=0.000000 | r_c=0.000000 | r_s=0.009420 | status=running
[UL Convergence] | phase=optimize | user=0 | block=2 | n_kl=50 | epoch=20/1000 | objective=-10.785630 | rate=10.785630 | power=29.999939 | r_p=0.000000 | r_c=0.000000 | r_s=0.009341 | status=running
[UL Convergence] | phase=optimize | user=0 | block=2 | n_kl=50 | epoch=21/1000 | objective=-10.839409 | rate=10.839409 | power=29.999935 | r_p=0.000000 | r_c=0.000000 | r_s=0.009262 | status=running
[UL Convergence] | phase=optimize | user=0 | block=2 | n_kl=50 | epoch=22/1000 | objective=-10.892326 | rate=10.892326 | power=29.999935 | r_p=0.000000 | r_c=0.000000 | r_s=0.009186 | status=running
[UL Convergence] | phase=optimize | user=0 | block=2 | n_kl=50 | epoch=23/1000 | objective=-10.944369 | rate=10.944369 | power=29.999935 | r_p=0.000000 | r_c=0.000000 | r_s=0.009117 | status=running
[UL Convergence] | phase=optimize | user=0 | block=2 | n_kl=50 | epoch=24/1000 | objective=-10.995518 | rate=10.995518 | power=29.999935 | r_p=0.000000 | r_c=0.000000 | r_s=0.009054 | status=running
[UL Convergence] | phase=optimize | user=0 | block=2 | n_kl=50 | epoch=25/1000 | objective=-11.045739 | rate=11.045739 | power=29.999939 | r_p=0.000000 | r_c=0.000000 | r_s=0.008995 | status=running
[UL Convergence] | phase=optimize | user=0 | block=2 | n_kl=50 | epoch=26/1000 | objective=-11.094990 | rate=11.094990 | power=29.999945 | r_p=0.000000 | r_c=0.000000 | r_s=0.008940 | status=running
[UL Convergence] | phase=optimize | user=0 | block=2 | n_kl=50 | epoch=27/1000 | objective=-11.143264 | rate=11.143264 | power=29.999939 | r_p=0.000000 | r_c=0.000000 | r_s=0.008884 | status=running
[UL Convergence] | phase=optimize | user=0 | block=2 | n_kl=50 | epoch=28/1000 | objective=-11.190538 | rate=11.190538 | power=29.999939 | r_p=0.000000 | r_c=0.000000 | r_s=0.008826 | status=running
[UL Convergence] | phase=optimize | user=0 | block=2 | n_kl=50 | epoch=29/1000 | objective=-11.236792 | rate=11.236792 | power=29.999939 | r_p=0.000000 | r_c=0.000000 | r_s=0.008763 | status=running
[UL Convergence] | phase=optimize | user=0 | block=2 | n_kl=50 | epoch=30/1000 | objective=-11.282010 | rate=11.282010 | power=29.999939 | r_p=0.000000 | r_c=0.000000 | r_s=0.008696 | status=running
[UL Convergence] | phase=optimize | user=0 | block=2 | n_kl=50 | epoch=31/1000 | objective=-11.326162 | rate=11.326162 | power=29.999935 | r_p=0.000000 | r_c=0.000000 | r_s=0.008623 | status=running
[UL Convergence] | phase=optimize | user=0 | block=2 | n_kl=50 | epoch=32/1000 | objective=-11.369267 | rate=11.369267 | power=29.999939 | r_p=0.000000 | r_c=0.000000 | r_s=0.008544 | status=running
[UL Convergence] | phase=optimize | user=0 | block=2 | n_kl=50 | epoch=33/1000 | objective=-11.411300 | rate=11.411300 | power=29.999945 | r_p=0.000000 | r_c=0.000000 | r_s=0.008460 | status=running
[UL Convergence] | phase=optimize | user=0 | block=2 | n_kl=50 | epoch=34/1000 | objective=-11.452262 | rate=11.452262 | power=29.999939 | r_p=0.000000 | r_c=0.000000 | r_s=0.008370 | status=running
[UL Convergence] | phase=optimize | user=0 | block=2 | n_kl=50 | epoch=35/1000 | objective=-11.492177 | rate=11.492177 | power=29.999939 | r_p=0.000000 | r_c=0.000000 | r_s=0.008276 | status=running
[UL Convergence] | phase=optimize | user=0 | block=2 | n_kl=50 | epoch=36/1000 | objective=-11.531022 | rate=11.531022 | power=29.999945 | r_p=0.000000 | r_c=0.000000 | r_s=0.008178 | status=running
[UL Convergence] | phase=optimize | user=0 | block=2 | n_kl=50 | epoch=37/1000 | objective=-11.568825 | rate=11.568825 | power=29.999939 | r_p=0.000000 | r_c=0.000000 | r_s=0.008076 | status=running
[UL Convergence] | phase=optimize | user=0 | block=2 | n_kl=50 | epoch=38/1000 | objective=-11.605594 | rate=11.605594 | power=29.999935 | r_p=0.000000 | r_c=0.000000 | r_s=0.007972 | status=running
[UL Convergence] | phase=optimize | user=0 | block=2 | n_kl=50 | epoch=39/1000 | objective=-11.641340 | rate=11.641340 | power=29.999939 | r_p=0.000000 | r_c=0.000000 | r_s=0.007864 | status=running
[UL Convergence] | phase=optimize | user=0 | block=2 | n_kl=50 | epoch=40/1000 | objective=-11.676086 | rate=11.676086 | power=29.999945 | r_p=0.000000 | r_c=0.000000 | r_s=0.007756 | status=running
[UL Convergence] | phase=optimize | user=0 | block=2 | n_kl=50 | epoch=41/1000 | objective=-11.709849 | rate=11.709849 | power=29.999935 | r_p=0.000000 | r_c=0.000000 | r_s=0.007646 | status=running
[UL Convergence] | phase=optimize | user=0 | block=2 | n_kl=50 | epoch=42/1000 | objective=-11.742643 | rate=11.742643 | power=29.999945 | r_p=0.000000 | r_c=0.000000 | r_s=0.007535 | status=running
[UL Convergence] | phase=optimize | user=0 | block=2 | n_kl=50 | epoch=43/1000 | objective=-11.774483 | rate=11.774483 | power=29.999935 | r_p=0.000000 | r_c=0.000000 | r_s=0.007425 | status=running
[UL Convergence] | phase=optimize | user=0 | block=2 | n_kl=50 | epoch=44/1000 | objective=-11.805397 | rate=11.805397 | power=29.999939 | r_p=0.000000 | r_c=0.000000 | r_s=0.007316 | status=running
[UL Convergence] | phase=optimize | user=0 | block=2 | n_kl=50 | epoch=45/1000 | objective=-11.835401 | rate=11.835401 | power=29.999945 | r_p=0.000000 | r_c=0.000000 | r_s=0.007208 | status=running
[UL Convergence] | phase=optimize | user=0 | block=2 | n_kl=50 | epoch=46/1000 | objective=-11.864513 | rate=11.864513 | power=29.999945 | r_p=0.000000 | r_c=0.000000 | r_s=0.007102 | status=running
[UL Convergence] | phase=optimize | user=0 | block=2 | n_kl=50 | epoch=47/1000 | objective=-11.892746 | rate=11.892746 | power=29.999939 | r_p=0.000000 | r_c=0.000000 | r_s=0.006998 | status=running
[UL Convergence] | phase=optimize | user=0 | block=2 | n_kl=50 | epoch=48/1000 | objective=-11.920120 | rate=11.920120 | power=29.999945 | r_p=0.000000 | r_c=0.000000 | r_s=0.006897 | status=running
[UL Convergence] | phase=optimize | user=0 | block=2 | n_kl=50 | epoch=49/1000 | objective=-11.946648 | rate=11.946648 | power=29.999939 | r_p=0.000000 | r_c=0.000000 | r_s=0.006799 | status=running
[UL Convergence] | phase=optimize | user=0 | block=2 | n_kl=50 | epoch=50/1000 | objective=-11.972346 | rate=11.972346 | power=29.999939 | r_p=0.000000 | r_c=0.000000 | r_s=0.006703 | status=running
[UL Convergence] | phase=optimize | user=0 | block=2 | n_kl=50 | epoch=51/1000 | objective=-11.997227 | rate=11.997227 | power=29.999945 | r_p=0.000000 | r_c=0.000000 | r_s=0.006611 | status=running
[UL Convergence] | phase=optimize | user=0 | block=2 | n_kl=50 | epoch=52/1000 | objective=-12.021305 | rate=12.021305 | power=29.999939 | r_p=0.000000 | r_c=0.000000 | r_s=0.006521 | status=running
[UL Convergence] | phase=optimize | user=0 | block=2 | n_kl=50 | epoch=53/1000 | objective=-12.044593 | rate=12.044593 | power=29.999945 | r_p=0.000000 | r_c=0.000000 | r_s=0.006434 | status=running
[UL Convergence] | phase=optimize | user=0 | block=2 | n_kl=50 | epoch=54/1000 | objective=-12.067102 | rate=12.067102 | power=29.999939 | r_p=0.000000 | r_c=0.000000 | r_s=0.006348 | status=running
[UL Convergence] | phase=optimize | user=0 | block=2 | n_kl=50 | epoch=55/1000 | objective=-12.088855 | rate=12.088855 | power=29.999945 | r_p=0.000000 | r_c=0.000000 | r_s=0.006265 | status=running
[UL Convergence] | phase=optimize | user=0 | block=2 | n_kl=50 | epoch=56/1000 | objective=-12.109843 | rate=12.109843 | power=29.999945 | r_p=0.000000 | r_c=0.000000 | r_s=0.006182 | status=running
[UL Convergence] | phase=optimize | user=0 | block=2 | n_kl=50 | epoch=57/1000 | objective=-12.130096 | rate=12.130096 | power=29.999945 | r_p=0.000000 | r_c=0.000000 | r_s=0.006101 | status=running
[UL Convergence] | phase=optimize | user=0 | block=2 | n_kl=50 | epoch=58/1000 | objective=-12.149620 | rate=12.149620 | power=29.999945 | r_p=0.000000 | r_c=0.000000 | r_s=0.006020 | status=running
[UL Convergence] | phase=optimize | user=0 | block=2 | n_kl=50 | epoch=59/1000 | objective=-12.168431 | rate=12.168431 | power=29.999939 | r_p=0.000000 | r_c=0.000000 | r_s=0.005939 | status=running
[UL Convergence] | phase=optimize | user=0 | block=2 | n_kl=50 | epoch=60/1000 | objective=-12.186547 | rate=12.186547 | power=29.999939 | r_p=0.000000 | r_c=0.000000 | r_s=0.005858 | status=running
[UL Convergence] | phase=optimize | user=0 | block=2 | n_kl=50 | epoch=61/1000 | objective=-12.203980 | rate=12.203980 | power=29.999939 | r_p=0.000000 | r_c=0.000000 | r_s=0.005776 | status=running
[UL Convergence] | phase=optimize | user=0 | block=2 | n_kl=50 | epoch=62/1000 | objective=-12.220747 | rate=12.220747 | power=29.999945 | r_p=0.000000 | r_c=0.000000 | r_s=0.005695 | status=running
[UL Convergence] | phase=optimize | user=0 | block=2 | n_kl=50 | epoch=63/1000 | objective=-12.236858 | rate=12.236858 | power=29.999939 | r_p=0.000000 | r_c=0.000000 | r_s=0.005613 | status=running
[UL Convergence] | phase=optimize | user=0 | block=2 | n_kl=50 | epoch=64/1000 | objective=-12.252328 | rate=12.252328 | power=29.999939 | r_p=0.000000 | r_c=0.000000 | r_s=0.005530 | status=running
[UL Convergence] | phase=optimize | user=0 | block=2 | n_kl=50 | epoch=65/1000 | objective=-12.267185 | rate=12.267185 | power=29.999939 | r_p=0.000000 | r_c=0.000000 | r_s=0.005447 | status=running
[UL Convergence] | phase=optimize | user=0 | block=2 | n_kl=50 | epoch=66/1000 | objective=-12.281437 | rate=12.281437 | power=29.999935 | r_p=0.000000 | r_c=0.000000 | r_s=0.005364 | status=running
[UL Convergence] | phase=optimize | user=0 | block=2 | n_kl=50 | epoch=67/1000 | objective=-12.295104 | rate=12.295104 | power=29.999945 | r_p=0.000000 | r_c=0.000000 | r_s=0.005281 | status=running
[UL Convergence] | phase=optimize | user=0 | block=2 | n_kl=50 | epoch=68/1000 | objective=-12.308191 | rate=12.308191 | power=29.999939 | r_p=0.000000 | r_c=0.000000 | r_s=0.005198 | status=running
[UL Convergence] | phase=optimize | user=0 | block=2 | n_kl=50 | epoch=69/1000 | objective=-12.320734 | rate=12.320734 | power=29.999939 | r_p=0.000000 | r_c=0.000000 | r_s=0.005114 | status=running
[UL Convergence] | phase=optimize | user=0 | block=2 | n_kl=50 | epoch=70/1000 | objective=-12.332732 | rate=12.332732 | power=29.999945 | r_p=0.000000 | r_c=0.000000 | r_s=0.005031 | status=running
[UL Convergence] | phase=optimize | user=0 | block=2 | n_kl=50 | epoch=71/1000 | objective=-12.344213 | rate=12.344213 | power=29.999939 | r_p=0.000000 | r_c=0.000000 | r_s=0.004948 | status=running
[UL Convergence] | phase=optimize | user=0 | block=2 | n_kl=50 | epoch=72/1000 | objective=-12.355182 | rate=12.355182 | power=29.999945 | r_p=0.000000 | r_c=0.000000 | r_s=0.004865 | status=running
[UL Convergence] | phase=optimize | user=0 | block=2 | n_kl=50 | epoch=73/1000 | objective=-12.365664 | rate=12.365664 | power=29.999945 | r_p=0.000000 | r_c=0.000000 | r_s=0.004782 | status=running
[UL Convergence] | phase=optimize | user=0 | block=2 | n_kl=50 | epoch=74/1000 | objective=-12.375664 | rate=12.375664 | power=29.999939 | r_p=0.000000 | r_c=0.000000 | r_s=0.004699 | status=running
[UL Convergence] | phase=optimize | user=0 | block=2 | n_kl=50 | epoch=75/1000 | objective=-12.385204 | rate=12.385204 | power=29.999939 | r_p=0.000000 | r_c=0.000000 | r_s=0.004616 | status=running
[UL Convergence] | phase=optimize | user=0 | block=2 | n_kl=50 | epoch=76/1000 | objective=-12.394308 | rate=12.394308 | power=29.999939 | r_p=0.000000 | r_c=0.000000 | r_s=0.004533 | status=running
[UL Convergence] | phase=optimize | user=0 | block=2 | n_kl=50 | epoch=77/1000 | objective=-12.402969 | rate=12.402969 | power=29.999939 | r_p=0.000000 | r_c=0.000000 | r_s=0.004450 | status=running
[UL Convergence] | phase=optimize | user=0 | block=2 | n_kl=50 | epoch=78/1000 | objective=-12.411212 | rate=12.411212 | power=29.999945 | r_p=0.000000 | r_c=0.000000 | r_s=0.004367 | status=running
[UL Convergence] | phase=optimize | user=0 | block=2 | n_kl=50 | epoch=79/1000 | objective=-12.419056 | rate=12.419056 | power=29.999945 | r_p=0.000000 | r_c=0.000000 | r_s=0.004284 | status=running
[UL Convergence] | phase=optimize | user=0 | block=2 | n_kl=50 | epoch=80/1000 | objective=-12.426505 | rate=12.426505 | power=29.999929 | r_p=0.000000 | r_c=0.000000 | r_s=0.004201 | status=running
[UL Convergence] | phase=optimize | user=0 | block=2 | n_kl=50 | epoch=81/1000 | objective=-12.433578 | rate=12.433578 | power=29.999939 | r_p=0.000000 | r_c=0.000000 | r_s=0.004118 | status=running
[UL Convergence] | phase=optimize | user=0 | block=2 | n_kl=50 | epoch=82/1000 | objective=-12.440291 | rate=12.440291 | power=29.999939 | r_p=0.000000 | r_c=0.000000 | r_s=0.004035 | status=running
[UL Convergence] | phase=optimize | user=0 | block=2 | n_kl=50 | epoch=83/1000 | objective=-12.446648 | rate=12.446648 | power=29.999939 | r_p=0.000000 | r_c=0.000000 | r_s=0.003952 | status=running
[UL Convergence] | phase=optimize | user=0 | block=2 | n_kl=50 | epoch=84/1000 | objective=-12.452665 | rate=12.452665 | power=29.999935 | r_p=0.000000 | r_c=0.000000 | r_s=0.003870 | status=running
[UL Convergence] | phase=optimize | user=0 | block=2 | n_kl=50 | epoch=85/1000 | objective=-12.458363 | rate=12.458363 | power=29.999939 | r_p=0.000000 | r_c=0.000000 | r_s=0.003788 | status=running
[UL Convergence] | phase=optimize | user=0 | block=2 | n_kl=50 | epoch=86/1000 | objective=-12.463742 | rate=12.463742 | power=29.999929 | r_p=0.000000 | r_c=0.000000 | r_s=0.003707 | status=running
[UL Convergence] | phase=optimize | user=0 | block=2 | n_kl=50 | epoch=87/1000 | objective=-12.468825 | rate=12.468825 | power=29.999939 | r_p=0.000000 | r_c=0.000000 | r_s=0.003626 | status=running
[UL Convergence] | phase=optimize | user=0 | block=2 | n_kl=50 | epoch=88/1000 | objective=-12.473612 | rate=12.473612 | power=29.999935 | r_p=0.000000 | r_c=0.000000 | r_s=0.003546 | status=running
[UL Convergence] | phase=optimize | user=0 | block=2 | n_kl=50 | epoch=89/1000 | objective=-12.478128 | rate=12.478128 | power=29.999939 | r_p=0.000000 | r_c=0.000000 | r_s=0.003466 | status=running
[UL Convergence] | phase=optimize | user=0 | block=2 | n_kl=50 | epoch=90/1000 | objective=-12.482374 | rate=12.482374 | power=29.999939 | r_p=0.000000 | r_c=0.000000 | r_s=0.003386 | status=running
[UL Convergence] | phase=optimize | user=0 | block=2 | n_kl=50 | epoch=91/1000 | objective=-12.486362 | rate=12.486362 | power=29.999939 | r_p=0.000000 | r_c=0.000000 | r_s=0.003307 | status=running
[UL Convergence] | phase=optimize | user=0 | block=2 | n_kl=50 | epoch=92/1000 | objective=-12.490109 | rate=12.490109 | power=29.999935 | r_p=0.000000 | r_c=0.000000 | r_s=0.003228 | status=running
[UL Convergence] | phase=optimize | user=0 | block=2 | n_kl=50 | epoch=93/1000 | objective=-12.493624 | rate=12.493624 | power=29.999935 | r_p=0.000000 | r_c=0.000000 | r_s=0.003149 | status=running
[UL Convergence] | phase=optimize | user=0 | block=2 | n_kl=50 | epoch=94/1000 | objective=-12.496921 | rate=12.496921 | power=29.999939 | r_p=0.000000 | r_c=0.000000 | r_s=0.003070 | status=running
[UL Convergence] | phase=optimize | user=0 | block=2 | n_kl=50 | epoch=95/1000 | objective=-12.500002 | rate=12.500002 | power=29.999939 | r_p=0.000000 | r_c=0.000000 | r_s=0.002992 | status=running
[UL Convergence] | phase=optimize | user=0 | block=2 | n_kl=50 | epoch=96/1000 | objective=-12.502882 | rate=12.502882 | power=29.999939 | r_p=0.000000 | r_c=0.000000 | r_s=0.002913 | status=running
[UL Convergence] | phase=optimize | user=0 | block=2 | n_kl=50 | epoch=97/1000 | objective=-12.505562 | rate=12.505562 | power=29.999935 | r_p=0.000000 | r_c=0.000000 | r_s=0.002836 | status=running
[UL Convergence] | phase=optimize | user=0 | block=2 | n_kl=50 | epoch=98/1000 | objective=-12.508068 | rate=12.508068 | power=29.999935 | r_p=0.000000 | r_c=0.000000 | r_s=0.002758 | status=running
[UL Convergence] | phase=optimize | user=0 | block=2 | n_kl=50 | epoch=99/1000 | objective=-12.510405 | rate=12.510405 | power=29.999935 | r_p=0.000000 | r_c=0.000000 | r_s=0.002681 | status=running
[UL Convergence] | phase=optimize | user=0 | block=2 | n_kl=50 | epoch=100/1000 | objective=-12.512569 | rate=12.512569 | power=29.999939 | r_p=0.000000 | r_c=0.000000 | r_s=0.002605 | status=running
[UL Convergence] | phase=optimize | user=0 | block=2 | n_kl=50 | epoch=101/1000 | objective=-12.514587 | rate=12.514587 | power=29.999939 | r_p=0.000000 | r_c=0.000000 | r_s=0.002529 | status=running
[UL Convergence] | phase=optimize | user=0 | block=2 | n_kl=50 | epoch=102/1000 | objective=-12.516459 | rate=12.516459 | power=29.999935 | r_p=0.000000 | r_c=0.000000 | r_s=0.002454 | status=running
[UL Convergence] | phase=optimize | user=0 | block=2 | n_kl=50 | epoch=103/1000 | objective=-12.518183 | rate=12.518183 | power=29.999935 | r_p=0.000000 | r_c=0.000000 | r_s=0.002379 | status=running
[UL Convergence] | phase=optimize | user=0 | block=2 | n_kl=50 | epoch=104/1000 | objective=-12.519789 | rate=12.519789 | power=29.999935 | r_p=0.000000 | r_c=0.000000 | r_s=0.002306 | status=running
[UL Convergence] | phase=optimize | user=0 | block=2 | n_kl=50 | epoch=105/1000 | objective=-12.521274 | rate=12.521274 | power=29.999935 | r_p=0.000000 | r_c=0.000000 | r_s=0.002233 | status=running
[UL Convergence] | phase=optimize | user=0 | block=2 | n_kl=50 | epoch=106/1000 | objective=-12.522637 | rate=12.522637 | power=29.999935 | r_p=0.000000 | r_c=0.000000 | r_s=0.002162 | status=running
[UL Convergence] | phase=optimize | user=0 | block=2 | n_kl=50 | epoch=107/1000 | objective=-12.523901 | rate=12.523901 | power=29.999935 | r_p=0.000000 | r_c=0.000000 | r_s=0.002091 | status=running
[UL Convergence] | phase=optimize | user=0 | block=2 | n_kl=50 | epoch=108/1000 | objective=-12.525061 | rate=12.525061 | power=29.999939 | r_p=0.000000 | r_c=0.000000 | r_s=0.002021 | status=running
[UL Convergence] | phase=optimize | user=0 | block=2 | n_kl=50 | epoch=109/1000 | objective=-12.526131 | rate=12.526131 | power=29.999939 | r_p=0.000000 | r_c=0.000000 | r_s=0.001953 | status=running
[UL Convergence] | phase=optimize | user=0 | block=2 | n_kl=50 | epoch=110/1000 | objective=-12.527104 | rate=12.527104 | power=29.999939 | r_p=0.000000 | r_c=0.000000 | r_s=0.001885 | status=running
[UL Convergence] | phase=optimize | user=0 | block=2 | n_kl=50 | epoch=111/1000 | objective=-12.528003 | rate=12.528003 | power=29.999939 | r_p=0.000000 | r_c=0.000000 | r_s=0.001819 | status=running
[UL Convergence] | phase=optimize | user=0 | block=2 | n_kl=50 | epoch=112/1000 | objective=-12.528824 | rate=12.528824 | power=29.999939 | r_p=0.000000 | r_c=0.000000 | r_s=0.001754 | status=running
[UL Convergence] | phase=optimize | user=0 | block=2 | n_kl=50 | epoch=113/1000 | objective=-12.529583 | rate=12.529583 | power=29.999939 | r_p=0.000000 | r_c=0.000000 | r_s=0.001690 | status=running
[UL Convergence] | phase=optimize | user=0 | block=2 | n_kl=50 | epoch=114/1000 | objective=-12.530266 | rate=12.530266 | power=29.999939 | r_p=0.000000 | r_c=0.000000 | r_s=0.001627 | status=running
[UL Convergence] | phase=optimize | user=0 | block=2 | n_kl=50 | epoch=115/1000 | objective=-12.530892 | rate=12.530892 | power=29.999939 | r_p=0.000000 | r_c=0.000000 | r_s=0.001566 | status=running
[UL Convergence] | phase=optimize | user=0 | block=2 | n_kl=50 | epoch=116/1000 | objective=-12.531465 | rate=12.531465 | power=29.999939 | r_p=0.000000 | r_c=0.000000 | r_s=0.001506 | status=running
[UL Convergence] | phase=optimize | user=0 | block=2 | n_kl=50 | epoch=117/1000 | objective=-12.531983 | rate=12.531983 | power=29.999939 | r_p=0.000000 | r_c=0.000000 | r_s=0.001447 | status=running
[UL Convergence] | phase=optimize | user=0 | block=2 | n_kl=50 | epoch=118/1000 | objective=-12.532449 | rate=12.532449 | power=29.999939 | r_p=0.000000 | r_c=0.000000 | r_s=0.001390 | status=running
[UL Convergence] | phase=optimize | user=0 | block=2 | n_kl=50 | epoch=119/1000 | objective=-12.532877 | rate=12.532877 | power=29.999939 | r_p=0.000000 | r_c=0.000000 | r_s=0.001333 | status=running
[UL Convergence] | phase=optimize | user=0 | block=2 | n_kl=50 | epoch=120/1000 | objective=-12.533254 | rate=12.533254 | power=29.999929 | r_p=0.000000 | r_c=0.000000 | r_s=0.001279 | status=running
[UL Convergence] | phase=optimize | user=0 | block=2 | n_kl=50 | epoch=121/1000 | objective=-12.533602 | rate=12.533602 | power=29.999939 | r_p=0.000000 | r_c=0.000000 | r_s=0.001225 | status=running
[UL Convergence] | phase=optimize | user=0 | block=2 | n_kl=50 | epoch=122/1000 | objective=-12.533920 | rate=12.533920 | power=29.999939 | r_p=0.000000 | r_c=0.000000 | r_s=0.001173 | status=running
[UL Convergence] | phase=optimize | user=0 | block=2 | n_kl=50 | epoch=123/1000 | objective=-12.534202 | rate=12.534202 | power=29.999945 | r_p=0.000000 | r_c=0.000000 | r_s=0.001122 | status=running
[UL Convergence] | phase=optimize | user=0 | block=2 | n_kl=50 | epoch=124/1000 | objective=-12.534453 | rate=12.534453 | power=29.999945 | r_p=0.000000 | r_c=0.000000 | r_s=0.001073 | status=running
[UL Convergence] | phase=optimize | user=0 | block=2 | n_kl=50 | epoch=125/1000 | objective=-12.534687 | rate=12.534687 | power=29.999939 | r_p=0.000000 | r_c=0.000000 | r_s=0.001025 | status=running
[UL Convergence] | phase=optimize | user=0 | block=2 | n_kl=50 | epoch=126/1000 | objective=-12.534882 | rate=12.534882 | power=29.999939 | r_p=0.000000 | r_c=0.000000 | r_s=9.781160e-04 | status=running
[UL Convergence] | phase=optimize | user=0 | block=2 | n_kl=50 | epoch=127/1000 | objective=-12.535069 | rate=12.535069 | power=29.999939 | r_p=0.000000 | r_c=0.000000 | r_s=9.327216e-04 | status=running
[UL Convergence] | phase=optimize | user=0 | block=2 | n_kl=50 | epoch=128/1000 | objective=-12.535219 | rate=12.535219 | power=29.999939 | r_p=0.000000 | r_c=0.000000 | r_s=8.886976e-04 | status=running
[UL Convergence] | phase=optimize | user=0 | block=2 | n_kl=50 | epoch=129/1000 | objective=-12.535374 | rate=12.535374 | power=29.999939 | r_p=0.000000 | r_c=0.000000 | r_s=8.459705e-04 | status=running
[UL Convergence] | phase=optimize | user=0 | block=2 | n_kl=50 | epoch=130/1000 | objective=-12.535492 | rate=12.535492 | power=29.999939 | r_p=0.000000 | r_c=0.000000 | r_s=8.045908e-04 | status=running
[UL Convergence] | phase=optimize | user=0 | block=2 | n_kl=50 | epoch=131/1000 | objective=-12.535608 | rate=12.535608 | power=29.999935 | r_p=0.000000 | r_c=0.000000 | r_s=7.645429e-04 | status=running
[UL Convergence] | phase=optimize | user=0 | block=2 | n_kl=50 | epoch=132/1000 | objective=-12.535708 | rate=12.535708 | power=29.999945 | r_p=0.000000 | r_c=0.000000 | r_s=7.258147e-04 | status=running
[UL Convergence] | phase=optimize | user=0 | block=2 | n_kl=50 | epoch=133/1000 | objective=-12.535794 | rate=12.535794 | power=29.999939 | r_p=0.000000 | r_c=0.000000 | r_s=6.883512e-04 | status=running
[UL Convergence] | phase=optimize | user=0 | block=2 | n_kl=50 | epoch=134/1000 | objective=-12.535870 | rate=12.535870 | power=29.999939 | r_p=0.000000 | r_c=0.000000 | r_s=6.522282e-04 | status=running
[UL Convergence] | phase=optimize | user=0 | block=2 | n_kl=50 | epoch=135/1000 | objective=-12.535938 | rate=12.535938 | power=29.999939 | r_p=0.000000 | r_c=0.000000 | r_s=6.173525e-04 | status=running
[UL Convergence] | phase=optimize | user=0 | block=2 | n_kl=50 | epoch=136/1000 | objective=-12.535992 | rate=12.535992 | power=29.999939 | r_p=0.000000 | r_c=0.000000 | r_s=5.837394e-04 | status=kkt_converged
[UL Convergence Result] | user=0 | block=2 | n_kl=50 | achieved_rate=12.535992 | power=29.999939 | rate_gap=-8.535992 | power_gap=-6.103516e-05 | solve_status=kkt_converged
[UL Convergence Allocation] | user=0 | block=2 | n_kl=50 | requested_bits=200 | served_bits=200 | full_service=true
[UL Convergence Block] | user=0 | block=2 | stage=post_T | served_bits=200 | unserved_bits=0
[UL Convergence Reduction] | user=0 | block=2 | served_bits=200 | n_start=49 | n_min=1
[UL Convergence Solve] | user=0 | block=2 | stage=reduced_n | n_kl=49 | served_bits=200
[UL Convergence] | phase=optimize | user=0 | block=2 | n_kl=49 | epoch=1/1000 | objective=-12.509807 | rate=12.509807 | power=29.999939 | r_p=0.000000 | r_c=0.000000 | r_s=inf | status=running
[UL Convergence] | phase=optimize | user=0 | block=2 | n_kl=49 | epoch=2/1000 | objective=-12.509857 | rate=12.509857 | power=29.999939 | r_p=0.000000 | r_c=0.000000 | r_s=5.512664e-04 | status=kkt_converged
[UL Convergence Candidate] | user=0 | block=2 | n_kl=49 | achieved_rate=12.509857 | rate_gap=-8.428225 | power_gap=-6.103516e-05 | status=accepted
[UL Convergence Solve] | user=0 | block=2 | stage=reduced_n | n_kl=40 | served_bits=200
[UL Convergence] | phase=optimize | user=0 | block=2 | n_kl=40 | epoch=1/1000 | objective=-12.231830 | rate=12.231830 | power=29.999939 | r_p=0.000000 | r_c=0.000000 | r_s=inf | status=running
[UL Convergence] | phase=optimize | user=0 | block=2 | n_kl=40 | epoch=2/1000 | objective=-12.231844 | rate=12.231844 | power=29.999935 | r_p=0.000000 | r_c=0.000000 | r_s=3.131242e-04 | status=kkt_converged
[UL Convergence Candidate] | user=0 | block=2 | n_kl=40 | achieved_rate=12.231844 | rate_gap=-7.231844 | power_gap=-6.484985e-05 | status=accepted
[UL Convergence Solve] | user=0 | block=2 | stage=reduced_n | n_kl=30 | served_bits=200
[UL Convergence] | phase=optimize | user=0 | block=2 | n_kl=30 | epoch=1/1000 | objective=-11.785782 | rate=11.785782 | power=29.999935 | r_p=0.000000 | r_c=0.000000 | r_s=inf | status=running
[UL Convergence] | phase=optimize | user=0 | block=2 | n_kl=30 | epoch=2/1000 | objective=-11.785776 | rate=11.785776 | power=29.999935 | r_p=0.000000 | r_c=0.000000 | r_s=2.000770e-04 | status=kkt_converged
[UL Convergence Candidate] | user=0 | block=2 | n_kl=30 | achieved_rate=11.785782 | rate_gap=-5.119115 | power_gap=-6.484985e-05 | status=accepted
[UL Convergence Solve] | user=0 | block=2 | stage=reduced_n | n_kl=20 | served_bits=200
[UL Convergence] | phase=optimize | user=0 | block=2 | n_kl=20 | epoch=1/1000 | objective=-11.037452 | rate=11.037452 | power=29.999939 | r_p=0.000000 | r_c=0.000000 | r_s=inf | status=running
[UL Convergence] | phase=optimize | user=0 | block=2 | n_kl=20 | epoch=2/1000 | objective=-11.037457 | rate=11.037457 | power=29.999939 | r_p=0.000000 | r_c=0.000000 | r_s=1.954427e-04 | status=kkt_converged
[UL Convergence Candidate] | user=0 | block=2 | n_kl=20 | achieved_rate=11.037457 | rate_gap=-1.037457 | power_gap=-6.103516e-05 | status=accepted
[UL Convergence Reduction] | user=0 | block=2 | n_kl=18 | status=stop_infeasible
[UL Convergence Final] | user=0 | block=2 | feasible_points=32 | chosen_n_kl=19 | served_bits=200 | achieved_rate=10.931519 | power=29.999939 | solve_status=kkt_converged
[UL Convergence Allocation] | user=0 | block=2 | chosen_n_kl=19 | served_bits=200 | unserved_bits=0 | mode=fixed_block_targets
[UL Convergence Train] | user=0 | block=3 | target_bits=200 | mode=fixed_block_targets
[UL Convergence Block] | user=0 | block=3 | budget_mode=target_bits | requested_bits=200
[UL Convergence Solve] | user=0 | block=3 | stage=n=T | n_kl=50 | requested_bits=200
[UL Convergence] | phase=optimize | user=0 | block=3 | n_kl=50 | epoch=1/1000 | objective=-9.316521 | rate=9.316521 | power=29.999935 | r_p=0.000000 | r_c=0.000000 | r_s=inf | status=running
[UL Convergence] | phase=optimize | user=0 | block=3 | n_kl=50 | epoch=2/1000 | objective=-9.395144 | rate=9.395144 | power=29.999939 | r_p=0.000000 | r_c=0.000000 | r_s=0.010321 | status=running
[UL Convergence] | phase=optimize | user=0 | block=3 | n_kl=50 | epoch=3/1000 | objective=-9.472364 | rate=9.472364 | power=29.999939 | r_p=0.000000 | r_c=0.000000 | r_s=0.010245 | status=running
[UL Convergence] | phase=optimize | user=0 | block=3 | n_kl=50 | epoch=4/1000 | objective=-9.548192 | rate=9.548192 | power=29.999939 | r_p=0.000000 | r_c=0.000000 | r_s=0.010088 | status=running
[UL Convergence] | phase=optimize | user=0 | block=3 | n_kl=50 | epoch=5/1000 | objective=-9.622749 | rate=9.622749 | power=29.999939 | r_p=0.000000 | r_c=0.000000 | r_s=0.009938 | status=running
[UL Convergence] | phase=optimize | user=0 | block=3 | n_kl=50 | epoch=6/1000 | objective=-9.696170 | rate=9.696170 | power=29.999939 | r_p=0.000000 | r_c=0.000000 | r_s=0.009859 | status=running
[UL Convergence] | phase=optimize | user=0 | block=3 | n_kl=50 | epoch=7/1000 | objective=-9.768526 | rate=9.768526 | power=29.999939 | r_p=0.000000 | r_c=0.000000 | r_s=0.009834 | status=running
[UL Convergence] | phase=optimize | user=0 | block=3 | n_kl=50 | epoch=8/1000 | objective=-9.839832 | rate=9.839832 | power=29.999939 | r_p=0.000000 | r_c=0.000000 | r_s=0.009821 | status=running
[UL Convergence] | phase=optimize | user=0 | block=3 | n_kl=50 | epoch=9/1000 | objective=-9.910043 | rate=9.910043 | power=29.999935 | r_p=0.000000 | r_c=0.000000 | r_s=0.009809 | status=running
[UL Convergence] | phase=optimize | user=0 | block=3 | n_kl=50 | epoch=10/1000 | objective=-9.979101 | rate=9.979101 | power=29.999939 | r_p=0.000000 | r_c=0.000000 | r_s=0.009797 | status=running
[UL Convergence] | phase=optimize | user=0 | block=3 | n_kl=50 | epoch=11/1000 | objective=-10.046936 | rate=10.046936 | power=29.999939 | r_p=0.000000 | r_c=0.000000 | r_s=0.009781 | status=running
[UL Convergence] | phase=optimize | user=0 | block=3 | n_kl=50 | epoch=12/1000 | objective=-10.113466 | rate=10.113466 | power=29.999945 | r_p=0.000000 | r_c=0.000000 | r_s=0.009759 | status=running
[UL Convergence] | phase=optimize | user=0 | block=3 | n_kl=50 | epoch=13/1000 | objective=-10.178629 | rate=10.178629 | power=29.999939 | r_p=0.000000 | r_c=0.000000 | r_s=0.009728 | status=running
[UL Convergence] | phase=optimize | user=0 | block=3 | n_kl=50 | epoch=14/1000 | objective=-10.242346 | rate=10.242346 | power=29.999939 | r_p=0.000000 | r_c=0.000000 | r_s=0.009688 | status=running
[UL Convergence] | phase=optimize | user=0 | block=3 | n_kl=50 | epoch=15/1000 | objective=-10.304567 | rate=10.304567 | power=29.999939 | r_p=0.000000 | r_c=0.000000 | r_s=0.009637 | status=running
[UL Convergence] | phase=optimize | user=0 | block=3 | n_kl=50 | epoch=16/1000 | objective=-10.365229 | rate=10.365229 | power=29.999935 | r_p=0.000000 | r_c=0.000000 | r_s=0.009577 | status=running
[UL Convergence] | phase=optimize | user=0 | block=3 | n_kl=50 | epoch=17/1000 | objective=-10.424293 | rate=10.424293 | power=29.999939 | r_p=0.000000 | r_c=0.000000 | r_s=0.009507 | status=running
[UL Convergence] | phase=optimize | user=0 | block=3 | n_kl=50 | epoch=18/1000 | objective=-10.481726 | rate=10.481726 | power=29.999939 | r_p=0.000000 | r_c=0.000000 | r_s=0.009427 | status=running
[UL Convergence] | phase=optimize | user=0 | block=3 | n_kl=50 | epoch=19/1000 | objective=-10.537516 | rate=10.537516 | power=29.999945 | r_p=0.000000 | r_c=0.000000 | r_s=0.009338 | status=running
[UL Convergence] | phase=optimize | user=0 | block=3 | n_kl=50 | epoch=20/1000 | objective=-10.591626 | rate=10.591626 | power=29.999939 | r_p=0.000000 | r_c=0.000000 | r_s=0.009240 | status=running
[UL Convergence] | phase=optimize | user=0 | block=3 | n_kl=50 | epoch=21/1000 | objective=-10.644073 | rate=10.644073 | power=29.999939 | r_p=0.000000 | r_c=0.000000 | r_s=0.009135 | status=running
[UL Convergence] | phase=optimize | user=0 | block=3 | n_kl=50 | epoch=22/1000 | objective=-10.694856 | rate=10.694856 | power=29.999939 | r_p=0.000000 | r_c=0.000000 | r_s=0.009022 | status=running
[UL Convergence] | phase=optimize | user=0 | block=3 | n_kl=50 | epoch=23/1000 | objective=-10.743987 | rate=10.743987 | power=29.999939 | r_p=0.000000 | r_c=0.000000 | r_s=0.008903 | status=running
[UL Convergence] | phase=optimize | user=0 | block=3 | n_kl=50 | epoch=24/1000 | objective=-10.791492 | rate=10.791492 | power=29.999939 | r_p=0.000000 | r_c=0.000000 | r_s=0.008779 | status=running
[UL Convergence] | phase=optimize | user=0 | block=3 | n_kl=50 | epoch=25/1000 | objective=-10.837387 | rate=10.837387 | power=29.999939 | r_p=0.000000 | r_c=0.000000 | r_s=0.008651 | status=running
[UL Convergence] | phase=optimize | user=0 | block=3 | n_kl=50 | epoch=26/1000 | objective=-10.881720 | rate=10.881720 | power=29.999939 | r_p=0.000000 | r_c=0.000000 | r_s=0.008520 | status=running
[UL Convergence] | phase=optimize | user=0 | block=3 | n_kl=50 | epoch=27/1000 | objective=-10.924500 | rate=10.924500 | power=29.999939 | r_p=0.000000 | r_c=0.000000 | r_s=0.008388 | status=running
[UL Convergence] | phase=optimize | user=0 | block=3 | n_kl=50 | epoch=28/1000 | objective=-10.965784 | rate=10.965784 | power=29.999945 | r_p=0.000000 | r_c=0.000000 | r_s=0.008256 | status=running
[UL Convergence] | phase=optimize | user=0 | block=3 | n_kl=50 | epoch=29/1000 | objective=-11.005601 | rate=11.005601 | power=29.999939 | r_p=0.000000 | r_c=0.000000 | r_s=0.008125 | status=running
[UL Convergence] | phase=optimize | user=0 | block=3 | n_kl=50 | epoch=30/1000 | objective=-11.043992 | rate=11.043992 | power=29.999939 | r_p=0.000000 | r_c=0.000000 | r_s=0.007995 | status=running
[UL Convergence] | phase=optimize | user=0 | block=3 | n_kl=50 | epoch=31/1000 | objective=-11.080995 | rate=11.080995 | power=29.999935 | r_p=0.000000 | r_c=0.000000 | r_s=0.007867 | status=running
[UL Convergence] | phase=optimize | user=0 | block=3 | n_kl=50 | epoch=32/1000 | objective=-11.116639 | rate=11.116639 | power=29.999939 | r_p=0.000000 | r_c=0.000000 | r_s=0.007743 | status=running
[UL Convergence] | phase=optimize | user=0 | block=3 | n_kl=50 | epoch=33/1000 | objective=-11.150970 | rate=11.150970 | power=29.999939 | r_p=0.000000 | r_c=0.000000 | r_s=0.007621 | status=running
[UL Convergence] | phase=optimize | user=0 | block=3 | n_kl=50 | epoch=34/1000 | objective=-11.184028 | rate=11.184028 | power=29.999945 | r_p=0.000000 | r_c=0.000000 | r_s=0.007502 | status=running
[UL Convergence] | phase=optimize | user=0 | block=3 | n_kl=50 | epoch=35/1000 | objective=-11.215849 | rate=11.215849 | power=29.999935 | r_p=0.000000 | r_c=0.000000 | r_s=0.007386 | status=running
[UL Convergence] | phase=optimize | user=0 | block=3 | n_kl=50 | epoch=36/1000 | objective=-11.246454 | rate=11.246454 | power=29.999939 | r_p=0.000000 | r_c=0.000000 | r_s=0.007274 | status=running
[UL Convergence] | phase=optimize | user=0 | block=3 | n_kl=50 | epoch=37/1000 | objective=-11.275887 | rate=11.275887 | power=29.999939 | r_p=0.000000 | r_c=0.000000 | r_s=0.007163 | status=running
[UL Convergence] | phase=optimize | user=0 | block=3 | n_kl=50 | epoch=38/1000 | objective=-11.304186 | rate=11.304186 | power=29.999939 | r_p=0.000000 | r_c=0.000000 | r_s=0.007056 | status=running
[UL Convergence] | phase=optimize | user=0 | block=3 | n_kl=50 | epoch=39/1000 | objective=-11.331373 | rate=11.331373 | power=29.999945 | r_p=0.000000 | r_c=0.000000 | r_s=0.006950 | status=running
[UL Convergence] | phase=optimize | user=0 | block=3 | n_kl=50 | epoch=40/1000 | objective=-11.357478 | rate=11.357478 | power=29.999939 | r_p=0.000000 | r_c=0.000000 | r_s=0.006847 | status=running
[UL Convergence] | phase=optimize | user=0 | block=3 | n_kl=50 | epoch=41/1000 | objective=-11.382540 | rate=11.382540 | power=29.999939 | r_p=0.000000 | r_c=0.000000 | r_s=0.006745 | status=running
[UL Convergence] | phase=optimize | user=0 | block=3 | n_kl=50 | epoch=42/1000 | objective=-11.406584 | rate=11.406584 | power=29.999935 | r_p=0.000000 | r_c=0.000000 | r_s=0.006645 | status=running
[UL Convergence] | phase=optimize | user=0 | block=3 | n_kl=50 | epoch=43/1000 | objective=-11.429638 | rate=11.429638 | power=29.999939 | r_p=0.000000 | r_c=0.000000 | r_s=0.006546 | status=running
[UL Convergence] | phase=optimize | user=0 | block=3 | n_kl=50 | epoch=44/1000 | objective=-11.451738 | rate=11.451738 | power=29.999939 | r_p=0.000000 | r_c=0.000000 | r_s=0.006448 | status=running
[UL Convergence] | phase=optimize | user=0 | block=3 | n_kl=50 | epoch=45/1000 | objective=-11.472902 | rate=11.472902 | power=29.999939 | r_p=0.000000 | r_c=0.000000 | r_s=0.006351 | status=running
[UL Convergence] | phase=optimize | user=0 | block=3 | n_kl=50 | epoch=46/1000 | objective=-11.493159 | rate=11.493159 | power=29.999939 | r_p=0.000000 | r_c=0.000000 | r_s=0.006254 | status=running
[UL Convergence] | phase=optimize | user=0 | block=3 | n_kl=50 | epoch=47/1000 | objective=-11.512541 | rate=11.512541 | power=29.999935 | r_p=0.000000 | r_c=0.000000 | r_s=0.006158 | status=running
[UL Convergence] | phase=optimize | user=0 | block=3 | n_kl=50 | epoch=48/1000 | objective=-11.531073 | rate=11.531073 | power=29.999945 | r_p=0.000000 | r_c=0.000000 | r_s=0.006062 | status=running
[UL Convergence] | phase=optimize | user=0 | block=3 | n_kl=50 | epoch=49/1000 | objective=-11.548774 | rate=11.548774 | power=29.999939 | r_p=0.000000 | r_c=0.000000 | r_s=0.005966 | status=running
[UL Convergence] | phase=optimize | user=0 | block=3 | n_kl=50 | epoch=50/1000 | objective=-11.565683 | rate=11.565683 | power=29.999939 | r_p=0.000000 | r_c=0.000000 | r_s=0.005869 | status=running
[UL Convergence] | phase=optimize | user=0 | block=3 | n_kl=50 | epoch=51/1000 | objective=-11.581818 | rate=11.581818 | power=29.999939 | r_p=0.000000 | r_c=0.000000 | r_s=0.005771 | status=running
[UL Convergence] | phase=optimize | user=0 | block=3 | n_kl=50 | epoch=52/1000 | objective=-11.597198 | rate=11.597198 | power=29.999935 | r_p=0.000000 | r_c=0.000000 | r_s=0.005673 | status=running
[UL Convergence] | phase=optimize | user=0 | block=3 | n_kl=50 | epoch=53/1000 | objective=-11.611852 | rate=11.611852 | power=29.999939 | r_p=0.000000 | r_c=0.000000 | r_s=0.005573 | status=running
[UL Convergence] | phase=optimize | user=0 | block=3 | n_kl=50 | epoch=54/1000 | objective=-11.625804 | rate=11.625804 | power=29.999939 | r_p=0.000000 | r_c=0.000000 | r_s=0.005473 | status=running
[UL Convergence] | phase=optimize | user=0 | block=3 | n_kl=50 | epoch=55/1000 | objective=-11.639082 | rate=11.639082 | power=29.999939 | r_p=0.000000 | r_c=0.000000 | r_s=0.005371 | status=running
[UL Convergence] | phase=optimize | user=0 | block=3 | n_kl=50 | epoch=56/1000 | objective=-11.651709 | rate=11.651709 | power=29.999939 | r_p=0.000000 | r_c=0.000000 | r_s=0.005267 | status=running
[UL Convergence] | phase=optimize | user=0 | block=3 | n_kl=50 | epoch=57/1000 | objective=-11.663703 | rate=11.663703 | power=29.999939 | r_p=0.000000 | r_c=0.000000 | r_s=0.005163 | status=running
[UL Convergence] | phase=optimize | user=0 | block=3 | n_kl=50 | epoch=58/1000 | objective=-11.675096 | rate=11.675096 | power=29.999939 | r_p=0.000000 | r_c=0.000000 | r_s=0.005057 | status=running
[UL Convergence] | phase=optimize | user=0 | block=3 | n_kl=50 | epoch=59/1000 | objective=-11.685908 | rate=11.685908 | power=29.999939 | r_p=0.000000 | r_c=0.000000 | r_s=0.004951 | status=running
[UL Convergence] | phase=optimize | user=0 | block=3 | n_kl=50 | epoch=60/1000 | objective=-11.696159 | rate=11.696159 | power=29.999939 | r_p=0.000000 | r_c=0.000000 | r_s=0.004844 | status=running
[UL Convergence] | phase=optimize | user=0 | block=3 | n_kl=50 | epoch=61/1000 | objective=-11.705881 | rate=11.705881 | power=29.999939 | r_p=0.000000 | r_c=0.000000 | r_s=0.004737 | status=running
[UL Convergence] | phase=optimize | user=0 | block=3 | n_kl=50 | epoch=62/1000 | objective=-11.715085 | rate=11.715085 | power=29.999935 | r_p=0.000000 | r_c=0.000000 | r_s=0.004630 | status=running
[UL Convergence] | phase=optimize | user=0 | block=3 | n_kl=50 | epoch=63/1000 | objective=-11.723793 | rate=11.723793 | power=29.999939 | r_p=0.000000 | r_c=0.000000 | r_s=0.004523 | status=running
[UL Convergence] | phase=optimize | user=0 | block=3 | n_kl=50 | epoch=64/1000 | objective=-11.732033 | rate=11.732033 | power=29.999935 | r_p=0.000000 | r_c=0.000000 | r_s=0.004417 | status=running
[UL Convergence] | phase=optimize | user=0 | block=3 | n_kl=50 | epoch=65/1000 | objective=-11.739826 | rate=11.739826 | power=29.999939 | r_p=0.000000 | r_c=0.000000 | r_s=0.004312 | status=running
[UL Convergence] | phase=optimize | user=0 | block=3 | n_kl=50 | epoch=66/1000 | objective=-11.747191 | rate=11.747191 | power=29.999939 | r_p=0.000000 | r_c=0.000000 | r_s=0.004209 | status=running
[UL Convergence] | phase=optimize | user=0 | block=3 | n_kl=50 | epoch=67/1000 | objective=-11.754143 | rate=11.754143 | power=29.999935 | r_p=0.000000 | r_c=0.000000 | r_s=0.004107 | status=running
[UL Convergence] | phase=optimize | user=0 | block=3 | n_kl=50 | epoch=68/1000 | objective=-11.760701 | rate=11.760701 | power=29.999935 | r_p=0.000000 | r_c=0.000000 | r_s=0.004007 | status=running
[UL Convergence] | phase=optimize | user=0 | block=3 | n_kl=50 | epoch=69/1000 | objective=-11.766888 | rate=11.766888 | power=29.999939 | r_p=0.000000 | r_c=0.000000 | r_s=0.003908 | status=running
[UL Convergence] | phase=optimize | user=0 | block=3 | n_kl=50 | epoch=70/1000 | objective=-11.772717 | rate=11.772717 | power=29.999945 | r_p=0.000000 | r_c=0.000000 | r_s=0.003811 | status=running
[UL Convergence] | phase=optimize | user=0 | block=3 | n_kl=50 | epoch=71/1000 | objective=-11.778205 | rate=11.778205 | power=29.999935 | r_p=0.000000 | r_c=0.000000 | r_s=0.003716 | status=running
[UL Convergence] | phase=optimize | user=0 | block=3 | n_kl=50 | epoch=72/1000 | objective=-11.783371 | rate=11.783371 | power=29.999939 | r_p=0.000000 | r_c=0.000000 | r_s=0.003623 | status=running
[UL Convergence] | phase=optimize | user=0 | block=3 | n_kl=50 | epoch=73/1000 | objective=-11.788231 | rate=11.788231 | power=29.999939 | r_p=0.000000 | r_c=0.000000 | r_s=0.003531 | status=running
[UL Convergence] | phase=optimize | user=0 | block=3 | n_kl=50 | epoch=74/1000 | objective=-11.792790 | rate=11.792790 | power=29.999939 | r_p=0.000000 | r_c=0.000000 | r_s=0.003441 | status=running
[UL Convergence] | phase=optimize | user=0 | block=3 | n_kl=50 | epoch=75/1000 | objective=-11.797081 | rate=11.797081 | power=29.999939 | r_p=0.000000 | r_c=0.000000 | r_s=0.003353 | status=running
[UL Convergence] | phase=optimize | user=0 | block=3 | n_kl=50 | epoch=76/1000 | objective=-11.801094 | rate=11.801094 | power=29.999939 | r_p=0.000000 | r_c=0.000000 | r_s=0.003265 | status=running
[UL Convergence] | phase=optimize | user=0 | block=3 | n_kl=50 | epoch=77/1000 | objective=-11.804861 | rate=11.804861 | power=29.999939 | r_p=0.000000 | r_c=0.000000 | r_s=0.003179 | status=running
[UL Convergence] | phase=optimize | user=0 | block=3 | n_kl=50 | epoch=78/1000 | objective=-11.808392 | rate=11.808392 | power=29.999939 | r_p=0.000000 | r_c=0.000000 | r_s=0.003095 | status=running
[UL Convergence] | phase=optimize | user=0 | block=3 | n_kl=50 | epoch=79/1000 | objective=-11.811688 | rate=11.811688 | power=29.999939 | r_p=0.000000 | r_c=0.000000 | r_s=0.003011 | status=running
[UL Convergence] | phase=optimize | user=0 | block=3 | n_kl=50 | epoch=80/1000 | objective=-11.814776 | rate=11.814776 | power=29.999939 | r_p=0.000000 | r_c=0.000000 | r_s=0.002929 | status=running
[UL Convergence] | phase=optimize | user=0 | block=3 | n_kl=50 | epoch=81/1000 | objective=-11.817664 | rate=11.817664 | power=29.999939 | r_p=0.000000 | r_c=0.000000 | r_s=0.002847 | status=running
[UL Convergence] | phase=optimize | user=0 | block=3 | n_kl=50 | epoch=82/1000 | objective=-11.820352 | rate=11.820352 | power=29.999939 | r_p=0.000000 | r_c=0.000000 | r_s=0.002767 | status=running
[UL Convergence] | phase=optimize | user=0 | block=3 | n_kl=50 | epoch=83/1000 | objective=-11.822862 | rate=11.822862 | power=29.999939 | r_p=0.000000 | r_c=0.000000 | r_s=0.002688 | status=running
[UL Convergence] | phase=optimize | user=0 | block=3 | n_kl=50 | epoch=84/1000 | objective=-11.825198 | rate=11.825198 | power=29.999939 | r_p=0.000000 | r_c=0.000000 | r_s=0.002610 | status=running
[UL Convergence] | phase=optimize | user=0 | block=3 | n_kl=50 | epoch=85/1000 | objective=-11.827376 | rate=11.827376 | power=29.999939 | r_p=0.000000 | r_c=0.000000 | r_s=0.002534 | status=running
[UL Convergence] | phase=optimize | user=0 | block=3 | n_kl=50 | epoch=86/1000 | objective=-11.829407 | rate=11.829407 | power=29.999939 | r_p=0.000000 | r_c=0.000000 | r_s=0.002458 | status=running
[UL Convergence] | phase=optimize | user=0 | block=3 | n_kl=50 | epoch=87/1000 | objective=-11.831284 | rate=11.831284 | power=29.999935 | r_p=0.000000 | r_c=0.000000 | r_s=0.002384 | status=running
[UL Convergence] | phase=optimize | user=0 | block=3 | n_kl=50 | epoch=88/1000 | objective=-11.833033 | rate=11.833033 | power=29.999939 | r_p=0.000000 | r_c=0.000000 | r_s=0.002310 | status=running
[UL Convergence] | phase=optimize | user=0 | block=3 | n_kl=50 | epoch=89/1000 | objective=-11.834651 | rate=11.834651 | power=29.999939 | r_p=0.000000 | r_c=0.000000 | r_s=0.002238 | status=running
[UL Convergence] | phase=optimize | user=0 | block=3 | n_kl=50 | epoch=90/1000 | objective=-11.836160 | rate=11.836160 | power=29.999939 | r_p=0.000000 | r_c=0.000000 | r_s=0.002167 | status=running
[UL Convergence] | phase=optimize | user=0 | block=3 | n_kl=50 | epoch=91/1000 | objective=-11.837545 | rate=11.837545 | power=29.999929 | r_p=0.000000 | r_c=0.000000 | r_s=0.002098 | status=running
[UL Convergence] | phase=optimize | user=0 | block=3 | n_kl=50 | epoch=92/1000 | objective=-11.838835 | rate=11.838835 | power=29.999939 | r_p=0.000000 | r_c=0.000000 | r_s=0.002029 | status=running
[UL Convergence] | phase=optimize | user=0 | block=3 | n_kl=50 | epoch=93/1000 | objective=-11.840025 | rate=11.840025 | power=29.999939 | r_p=0.000000 | r_c=0.000000 | r_s=0.001962 | status=running
[UL Convergence] | phase=optimize | user=0 | block=3 | n_kl=50 | epoch=94/1000 | objective=-11.841124 | rate=11.841124 | power=29.999939 | r_p=0.000000 | r_c=0.000000 | r_s=0.001895 | status=running
[UL Convergence] | phase=optimize | user=0 | block=3 | n_kl=50 | epoch=95/1000 | objective=-11.842135 | rate=11.842135 | power=29.999939 | r_p=0.000000 | r_c=0.000000 | r_s=0.001831 | status=running
[UL Convergence] | phase=optimize | user=0 | block=3 | n_kl=50 | epoch=96/1000 | objective=-11.843069 | rate=11.843069 | power=29.999935 | r_p=0.000000 | r_c=0.000000 | r_s=0.001767 | status=running
[UL Convergence] | phase=optimize | user=0 | block=3 | n_kl=50 | epoch=97/1000 | objective=-11.843931 | rate=11.843931 | power=29.999939 | r_p=0.000000 | r_c=0.000000 | r_s=0.001705 | status=running
[UL Convergence] | phase=optimize | user=0 | block=3 | n_kl=50 | epoch=98/1000 | objective=-11.844720 | rate=11.844720 | power=29.999939 | r_p=0.000000 | r_c=0.000000 | r_s=0.001644 | status=running
[UL Convergence] | phase=optimize | user=0 | block=3 | n_kl=50 | epoch=99/1000 | objective=-11.845448 | rate=11.845448 | power=29.999939 | r_p=0.000000 | r_c=0.000000 | r_s=0.001585 | status=running
[UL Convergence] | phase=optimize | user=0 | block=3 | n_kl=50 | epoch=100/1000 | objective=-11.846109 | rate=11.846109 | power=29.999939 | r_p=0.000000 | r_c=0.000000 | r_s=0.001527 | status=running
[UL Convergence] | phase=optimize | user=0 | block=3 | n_kl=50 | epoch=101/1000 | objective=-11.846719 | rate=11.846719 | power=29.999939 | r_p=0.000000 | r_c=0.000000 | r_s=0.001470 | status=running
[UL Convergence] | phase=optimize | user=0 | block=3 | n_kl=50 | epoch=102/1000 | objective=-11.847276 | rate=11.847276 | power=29.999935 | r_p=0.000000 | r_c=0.000000 | r_s=0.001415 | status=running
[UL Convergence] | phase=optimize | user=0 | block=3 | n_kl=50 | epoch=103/1000 | objective=-11.847788 | rate=11.847788 | power=29.999935 | r_p=0.000000 | r_c=0.000000 | r_s=0.001361 | status=running
[UL Convergence] | phase=optimize | user=0 | block=3 | n_kl=50 | epoch=104/1000 | objective=-11.848257 | rate=11.848257 | power=29.999939 | r_p=0.000000 | r_c=0.000000 | r_s=0.001308 | status=running
[UL Convergence] | phase=optimize | user=0 | block=3 | n_kl=50 | epoch=105/1000 | objective=-11.848685 | rate=11.848685 | power=29.999939 | r_p=0.000000 | r_c=0.000000 | r_s=0.001257 | status=running
[UL Convergence] | phase=optimize | user=0 | block=3 | n_kl=50 | epoch=106/1000 | objective=-11.849072 | rate=11.849072 | power=29.999939 | r_p=0.000000 | r_c=0.000000 | r_s=0.001208 | status=running
[UL Convergence] | phase=optimize | user=0 | block=3 | n_kl=50 | epoch=107/1000 | objective=-11.849420 | rate=11.849420 | power=29.999935 | r_p=0.000000 | r_c=0.000000 | r_s=0.001159 | status=running
[UL Convergence] | phase=optimize | user=0 | block=3 | n_kl=50 | epoch=108/1000 | objective=-11.849743 | rate=11.849743 | power=29.999939 | r_p=0.000000 | r_c=0.000000 | r_s=0.001112 | status=running
[UL Convergence] | phase=optimize | user=0 | block=3 | n_kl=50 | epoch=109/1000 | objective=-11.850036 | rate=11.850036 | power=29.999939 | r_p=0.000000 | r_c=0.000000 | r_s=0.001067 | status=running
[UL Convergence] | phase=optimize | user=0 | block=3 | n_kl=50 | epoch=110/1000 | objective=-11.850302 | rate=11.850302 | power=29.999939 | r_p=0.000000 | r_c=0.000000 | r_s=0.001022 | status=running
[UL Convergence] | phase=optimize | user=0 | block=3 | n_kl=50 | epoch=111/1000 | objective=-11.850539 | rate=11.850539 | power=29.999945 | r_p=0.000000 | r_c=0.000000 | r_s=9.792965e-04 | status=running
[UL Convergence] | phase=optimize | user=0 | block=3 | n_kl=50 | epoch=112/1000 | objective=-11.850760 | rate=11.850760 | power=29.999939 | r_p=0.000000 | r_c=0.000000 | r_s=9.376052e-04 | status=running
[UL Convergence] | phase=optimize | user=0 | block=3 | n_kl=50 | epoch=113/1000 | objective=-11.850948 | rate=11.850948 | power=29.999939 | r_p=0.000000 | r_c=0.000000 | r_s=8.971818e-04 | status=running
[UL Convergence] | phase=optimize | user=0 | block=3 | n_kl=50 | epoch=114/1000 | objective=-11.851129 | rate=11.851129 | power=29.999939 | r_p=0.000000 | r_c=0.000000 | r_s=8.580488e-04 | status=running
[UL Convergence] | phase=optimize | user=0 | block=3 | n_kl=50 | epoch=115/1000 | objective=-11.851287 | rate=11.851287 | power=29.999939 | r_p=0.000000 | r_c=0.000000 | r_s=8.201477e-04 | status=running
[UL Convergence] | phase=optimize | user=0 | block=3 | n_kl=50 | epoch=116/1000 | objective=-11.851428 | rate=11.851428 | power=29.999935 | r_p=0.000000 | r_c=0.000000 | r_s=7.834645e-04 | status=running
[UL Convergence] | phase=optimize | user=0 | block=3 | n_kl=50 | epoch=117/1000 | objective=-11.851556 | rate=11.851556 | power=29.999935 | r_p=0.000000 | r_c=0.000000 | r_s=7.479978e-04 | status=running
[UL Convergence] | phase=optimize | user=0 | block=3 | n_kl=50 | epoch=118/1000 | objective=-11.851673 | rate=11.851673 | power=29.999939 | r_p=0.000000 | r_c=0.000000 | r_s=7.136814e-04 | status=running
[UL Convergence] | phase=optimize | user=0 | block=3 | n_kl=50 | epoch=119/1000 | objective=-11.851771 | rate=11.851771 | power=29.999939 | r_p=0.000000 | r_c=0.000000 | r_s=6.804878e-04 | status=running
[UL Convergence] | phase=optimize | user=0 | block=3 | n_kl=50 | epoch=120/1000 | objective=-11.851864 | rate=11.851864 | power=29.999939 | r_p=0.000000 | r_c=0.000000 | r_s=6.484307e-04 | status=running
[UL Convergence] | phase=optimize | user=0 | block=3 | n_kl=50 | epoch=121/1000 | objective=-11.851948 | rate=11.851948 | power=29.999945 | r_p=0.000000 | r_c=0.000000 | r_s=6.174374e-04 | status=running
[UL Convergence] | phase=optimize | user=0 | block=3 | n_kl=50 | epoch=122/1000 | objective=-11.852020 | rate=11.852020 | power=29.999939 | r_p=0.000000 | r_c=0.000000 | r_s=5.875236e-04 | status=kkt_converged
[UL Convergence Result] | user=0 | block=3 | n_kl=50 | achieved_rate=11.852020 | power=29.999939 | rate_gap=-7.852020 | power_gap=-6.103516e-05 | solve_status=kkt_converged
[UL Convergence Allocation] | user=0 | block=3 | n_kl=50 | requested_bits=200 | served_bits=200 | full_service=true
[UL Convergence Block] | user=0 | block=3 | stage=post_T | served_bits=200 | unserved_bits=0
[UL Convergence Reduction] | user=0 | block=3 | served_bits=200 | n_start=49 | n_min=1
[UL Convergence Solve] | user=0 | block=3 | stage=reduced_n | n_kl=49 | served_bits=200
[UL Convergence] | phase=optimize | user=0 | block=3 | n_kl=49 | epoch=1/1000 | objective=-11.825827 | rate=11.825827 | power=29.999939 | r_p=0.000000 | r_c=0.000000 | r_s=inf | status=running
[UL Convergence] | phase=optimize | user=0 | block=3 | n_kl=49 | epoch=2/1000 | objective=-11.825891 | rate=11.825891 | power=29.999935 | r_p=0.000000 | r_c=0.000000 | r_s=5.586774e-04 | status=kkt_converged
[UL Convergence Candidate] | user=0 | block=3 | n_kl=49 | achieved_rate=11.825891 | rate_gap=-7.744258 | power_gap=-6.484985e-05 | status=accepted
[UL Convergence Solve] | user=0 | block=3 | stage=reduced_n | n_kl=40 | served_bits=200
[UL Convergence] | phase=optimize | user=0 | block=3 | n_kl=40 | epoch=1/1000 | objective=-11.547884 | rate=11.547884 | power=29.999939 | r_p=0.000000 | r_c=0.000000 | r_s=inf | status=running
[UL Convergence] | phase=optimize | user=0 | block=3 | n_kl=40 | epoch=2/1000 | objective=-11.547902 | rate=11.547902 | power=29.999939 | r_p=0.000000 | r_c=0.000000 | r_s=3.461834e-04 | status=kkt_converged
[UL Convergence Candidate] | user=0 | block=3 | n_kl=40 | achieved_rate=11.547902 | rate_gap=-6.547902 | power_gap=-6.103516e-05 | status=accepted
[UL Convergence Solve] | user=0 | block=3 | stage=reduced_n | n_kl=30 | served_bits=200
[UL Convergence] | phase=optimize | user=0 | block=3 | n_kl=30 | epoch=1/1000 | objective=-11.101802 | rate=11.101802 | power=29.999939 | r_p=0.000000 | r_c=0.000000 | r_s=inf | status=running
[UL Convergence] | phase=optimize | user=0 | block=3 | n_kl=30 | epoch=2/1000 | objective=-11.101809 | rate=11.101809 | power=29.999935 | r_p=0.000000 | r_c=0.000000 | r_s=2.010965e-04 | status=kkt_converged
[UL Convergence Candidate] | user=0 | block=3 | n_kl=30 | achieved_rate=11.101809 | rate_gap=-4.435142 | power_gap=-6.484985e-05 | status=accepted
[UL Convergence Solve] | user=0 | block=3 | stage=reduced_n | n_kl=20 | served_bits=200
[UL Convergence] | phase=optimize | user=0 | block=3 | n_kl=20 | epoch=1/1000 | objective=-10.353336 | rate=10.353336 | power=29.999939 | r_p=0.000000 | r_c=0.000000 | r_s=inf | status=running
[UL Convergence] | phase=optimize | user=0 | block=3 | n_kl=20 | epoch=2/1000 | objective=-10.353338 | rate=10.353338 | power=29.999939 | r_p=0.000000 | r_c=0.000000 | r_s=1.518111e-04 | status=kkt_converged
[UL Convergence Candidate] | user=0 | block=3 | n_kl=20 | achieved_rate=10.353338 | rate_gap=-0.353338 | power_gap=-6.103516e-05 | status=accepted
[UL Convergence Reduction] | user=0 | block=3 | n_kl=19 | status=stop_infeasible
[UL Convergence Final] | user=0 | block=3 | feasible_points=31 | chosen_n_kl=20 | served_bits=200 | achieved_rate=10.353338 | power=29.999939 | solve_status=kkt_converged
[UL Convergence Allocation] | user=0 | block=3 | chosen_n_kl=20 | served_bits=200 | unserved_bits=0 | mode=fixed_block_targets
[UL Convergence Train] | user=0 | block=4 | target_bits=200 | mode=fixed_block_targets
[UL Convergence Block] | user=0 | block=4 | budget_mode=target_bits | requested_bits=200
[UL Convergence Solve] | user=0 | block=4 | stage=n=T | n_kl=50 | requested_bits=200
[UL Convergence] | phase=optimize | user=0 | block=4 | n_kl=50 | epoch=1/1000 | objective=-9.915976 | rate=9.915976 | power=29.999939 | r_p=0.000000 | r_c=0.000000 | r_s=inf | status=running
[UL Convergence] | phase=optimize | user=0 | block=4 | n_kl=50 | epoch=2/1000 | objective=-9.982991 | rate=9.982991 | power=29.999945 | r_p=0.000000 | r_c=0.000000 | r_s=0.010313 | status=running
[UL Convergence] | phase=optimize | user=0 | block=4 | n_kl=50 | epoch=3/1000 | objective=-10.049184 | rate=10.049184 | power=29.999945 | r_p=0.000000 | r_c=0.000000 | r_s=0.010159 | status=running
[UL Convergence] | phase=optimize | user=0 | block=4 | n_kl=50 | epoch=4/1000 | objective=-10.114489 | rate=10.114489 | power=29.999945 | r_p=0.000000 | r_c=0.000000 | r_s=0.010043 | status=running
[UL Convergence] | phase=optimize | user=0 | block=4 | n_kl=50 | epoch=5/1000 | objective=-10.178815 | rate=10.178815 | power=29.999939 | r_p=0.000000 | r_c=0.000000 | r_s=0.009957 | status=running
[UL Convergence] | phase=optimize | user=0 | block=4 | n_kl=50 | epoch=6/1000 | objective=-10.242124 | rate=10.242124 | power=29.999939 | r_p=0.000000 | r_c=0.000000 | r_s=0.009868 | status=running
[UL Convergence] | phase=optimize | user=0 | block=4 | n_kl=50 | epoch=7/1000 | objective=-10.304384 | rate=10.304384 | power=29.999945 | r_p=0.000000 | r_c=0.000000 | r_s=0.009791 | status=running
[UL Convergence] | phase=optimize | user=0 | block=4 | n_kl=50 | epoch=8/1000 | objective=-10.365551 | rate=10.365551 | power=29.999939 | r_p=0.000000 | r_c=0.000000 | r_s=0.009722 | status=running
[UL Convergence] | phase=optimize | user=0 | block=4 | n_kl=50 | epoch=9/1000 | objective=-10.425581 | rate=10.425581 | power=29.999939 | r_p=0.000000 | r_c=0.000000 | r_s=0.009659 | status=running
[UL Convergence] | phase=optimize | user=0 | block=4 | n_kl=50 | epoch=10/1000 | objective=-10.484428 | rate=10.484428 | power=29.999935 | r_p=0.000000 | r_c=0.000000 | r_s=0.009608 | status=running
[UL Convergence] | phase=optimize | user=0 | block=4 | n_kl=50 | epoch=11/1000 | objective=-10.542034 | rate=10.542034 | power=29.999939 | r_p=0.000000 | r_c=0.000000 | r_s=0.009567 | status=running
[UL Convergence] | phase=optimize | user=0 | block=4 | n_kl=50 | epoch=12/1000 | objective=-10.598330 | rate=10.598330 | power=29.999939 | r_p=0.000000 | r_c=0.000000 | r_s=0.009527 | status=running
[UL Convergence] | phase=optimize | user=0 | block=4 | n_kl=50 | epoch=13/1000 | objective=-10.653275 | rate=10.653275 | power=29.999939 | r_p=0.000000 | r_c=0.000000 | r_s=0.009483 | status=running
[UL Convergence] | phase=optimize | user=0 | block=4 | n_kl=50 | epoch=14/1000 | objective=-10.706814 | rate=10.706814 | power=29.999939 | r_p=0.000000 | r_c=0.000000 | r_s=0.009430 | status=running
[UL Convergence] | phase=optimize | user=0 | block=4 | n_kl=50 | epoch=15/1000 | objective=-10.758907 | rate=10.758907 | power=29.999935 | r_p=0.000000 | r_c=0.000000 | r_s=0.009373 | status=running
[UL Convergence] | phase=optimize | user=0 | block=4 | n_kl=50 | epoch=16/1000 | objective=-10.809529 | rate=10.809529 | power=29.999939 | r_p=0.000000 | r_c=0.000000 | r_s=0.009313 | status=running
[UL Convergence] | phase=optimize | user=0 | block=4 | n_kl=50 | epoch=17/1000 | objective=-10.858642 | rate=10.858642 | power=29.999939 | r_p=0.000000 | r_c=0.000000 | r_s=0.009256 | status=running
[UL Convergence] | phase=optimize | user=0 | block=4 | n_kl=50 | epoch=18/1000 | objective=-10.906230 | rate=10.906230 | power=29.999939 | r_p=0.000000 | r_c=0.000000 | r_s=0.009198 | status=running
[UL Convergence] | phase=optimize | user=0 | block=4 | n_kl=50 | epoch=19/1000 | objective=-10.952261 | rate=10.952261 | power=29.999939 | r_p=0.000000 | r_c=0.000000 | r_s=0.009137 | status=running
[UL Convergence] | phase=optimize | user=0 | block=4 | n_kl=50 | epoch=20/1000 | objective=-10.996737 | rate=10.996737 | power=29.999939 | r_p=0.000000 | r_c=0.000000 | r_s=0.009068 | status=running
[UL Convergence] | phase=optimize | user=0 | block=4 | n_kl=50 | epoch=21/1000 | objective=-11.039642 | rate=11.039642 | power=29.999939 | r_p=0.000000 | r_c=0.000000 | r_s=0.008988 | status=running
[UL Convergence] | phase=optimize | user=0 | block=4 | n_kl=50 | epoch=22/1000 | objective=-11.080980 | rate=11.080980 | power=29.999935 | r_p=0.000000 | r_c=0.000000 | r_s=0.008896 | status=running
[UL Convergence] | phase=optimize | user=0 | block=4 | n_kl=50 | epoch=23/1000 | objective=-11.120749 | rate=11.120749 | power=29.999939 | r_p=0.000000 | r_c=0.000000 | r_s=0.008793 | status=running
[UL Convergence] | phase=optimize | user=0 | block=4 | n_kl=50 | epoch=24/1000 | objective=-11.158973 | rate=11.158973 | power=29.999939 | r_p=0.000000 | r_c=0.000000 | r_s=0.008684 | status=running
[UL Convergence] | phase=optimize | user=0 | block=4 | n_kl=50 | epoch=25/1000 | objective=-11.195655 | rate=11.195655 | power=29.999939 | r_p=0.000000 | r_c=0.000000 | r_s=0.008570 | status=running
[UL Convergence] | phase=optimize | user=0 | block=4 | n_kl=50 | epoch=26/1000 | objective=-11.230822 | rate=11.230822 | power=29.999939 | r_p=0.000000 | r_c=0.000000 | r_s=0.008453 | status=running
[UL Convergence] | phase=optimize | user=0 | block=4 | n_kl=50 | epoch=27/1000 | objective=-11.264496 | rate=11.264496 | power=29.999939 | r_p=0.000000 | r_c=0.000000 | r_s=0.008332 | status=running
[UL Convergence] | phase=optimize | user=0 | block=4 | n_kl=50 | epoch=28/1000 | objective=-11.296712 | rate=11.296712 | power=29.999945 | r_p=0.000000 | r_c=0.000000 | r_s=0.008207 | status=running
[UL Convergence] | phase=optimize | user=0 | block=4 | n_kl=50 | epoch=29/1000 | objective=-11.327484 | rate=11.327484 | power=29.999939 | r_p=0.000000 | r_c=0.000000 | r_s=0.008077 | status=running
[UL Convergence] | phase=optimize | user=0 | block=4 | n_kl=50 | epoch=30/1000 | objective=-11.356856 | rate=11.356856 | power=29.999939 | r_p=0.000000 | r_c=0.000000 | r_s=0.007944 | status=running
[UL Convergence] | phase=optimize | user=0 | block=4 | n_kl=50 | epoch=31/1000 | objective=-11.384864 | rate=11.384864 | power=29.999939 | r_p=0.000000 | r_c=0.000000 | r_s=0.007809 | status=running
[UL Convergence] | phase=optimize | user=0 | block=4 | n_kl=50 | epoch=32/1000 | objective=-11.411535 | rate=11.411535 | power=29.999935 | r_p=0.000000 | r_c=0.000000 | r_s=0.007674 | status=running
[UL Convergence] | phase=optimize | user=0 | block=4 | n_kl=50 | epoch=33/1000 | objective=-11.436915 | rate=11.436915 | power=29.999939 | r_p=0.000000 | r_c=0.000000 | r_s=0.007539 | status=running
[UL Convergence] | phase=optimize | user=0 | block=4 | n_kl=50 | epoch=34/1000 | objective=-11.461034 | rate=11.461034 | power=29.999939 | r_p=0.000000 | r_c=0.000000 | r_s=0.007402 | status=running
[UL Convergence] | phase=optimize | user=0 | block=4 | n_kl=50 | epoch=35/1000 | objective=-11.483922 | rate=11.483922 | power=29.999935 | r_p=0.000000 | r_c=0.000000 | r_s=0.007262 | status=running
[UL Convergence] | phase=optimize | user=0 | block=4 | n_kl=50 | epoch=36/1000 | objective=-11.505630 | rate=11.505630 | power=29.999935 | r_p=0.000000 | r_c=0.000000 | r_s=0.007118 | status=running
[UL Convergence] | phase=optimize | user=0 | block=4 | n_kl=50 | epoch=37/1000 | objective=-11.526184 | rate=11.526184 | power=29.999939 | r_p=0.000000 | r_c=0.000000 | r_s=0.006973 | status=running
[UL Convergence] | phase=optimize | user=0 | block=4 | n_kl=50 | epoch=38/1000 | objective=-11.545628 | rate=11.545628 | power=29.999935 | r_p=0.000000 | r_c=0.000000 | r_s=0.006826 | status=running
[UL Convergence] | phase=optimize | user=0 | block=4 | n_kl=50 | epoch=39/1000 | objective=-11.564002 | rate=11.564002 | power=29.999935 | r_p=0.000000 | r_c=0.000000 | r_s=0.006679 | status=running
[UL Convergence] | phase=optimize | user=0 | block=4 | n_kl=50 | epoch=40/1000 | objective=-11.581332 | rate=11.581332 | power=29.999939 | r_p=0.000000 | r_c=0.000000 | r_s=0.006532 | status=running
[UL Convergence] | phase=optimize | user=0 | block=4 | n_kl=50 | epoch=41/1000 | objective=-11.597666 | rate=11.597666 | power=29.999939 | r_p=0.000000 | r_c=0.000000 | r_s=0.006383 | status=running
[UL Convergence] | phase=optimize | user=0 | block=4 | n_kl=50 | epoch=42/1000 | objective=-11.613037 | rate=11.613037 | power=29.999935 | r_p=0.000000 | r_c=0.000000 | r_s=0.006233 | status=running
[UL Convergence] | phase=optimize | user=0 | block=4 | n_kl=50 | epoch=43/1000 | objective=-11.627492 | rate=11.627492 | power=29.999935 | r_p=0.000000 | r_c=0.000000 | r_s=0.006083 | status=running
[UL Convergence] | phase=optimize | user=0 | block=4 | n_kl=50 | epoch=44/1000 | objective=-11.641054 | rate=11.641054 | power=29.999939 | r_p=0.000000 | r_c=0.000000 | r_s=0.005932 | status=running
[UL Convergence] | phase=optimize | user=0 | block=4 | n_kl=50 | epoch=45/1000 | objective=-11.653778 | rate=11.653778 | power=29.999939 | r_p=0.000000 | r_c=0.000000 | r_s=0.005781 | status=running
[UL Convergence] | phase=optimize | user=0 | block=4 | n_kl=50 | epoch=46/1000 | objective=-11.665691 | rate=11.665691 | power=29.999939 | r_p=0.000000 | r_c=0.000000 | r_s=0.005631 | status=running
[UL Convergence] | phase=optimize | user=0 | block=4 | n_kl=50 | epoch=47/1000 | objective=-11.676844 | rate=11.676844 | power=29.999935 | r_p=0.000000 | r_c=0.000000 | r_s=0.005480 | status=running
[UL Convergence] | phase=optimize | user=0 | block=4 | n_kl=50 | epoch=48/1000 | objective=-11.687256 | rate=11.687256 | power=29.999939 | r_p=0.000000 | r_c=0.000000 | r_s=0.005329 | status=running
[UL Convergence] | phase=optimize | user=0 | block=4 | n_kl=50 | epoch=49/1000 | objective=-11.696983 | rate=11.696983 | power=29.999945 | r_p=0.000000 | r_c=0.000000 | r_s=0.005176 | status=running
[UL Convergence] | phase=optimize | user=0 | block=4 | n_kl=50 | epoch=50/1000 | objective=-11.706048 | rate=11.706048 | power=29.999939 | r_p=0.000000 | r_c=0.000000 | r_s=0.005024 | status=running
[UL Convergence] | phase=optimize | user=0 | block=4 | n_kl=50 | epoch=51/1000 | objective=-11.714500 | rate=11.714500 | power=29.999939 | r_p=0.000000 | r_c=0.000000 | r_s=0.004874 | status=running
[UL Convergence] | phase=optimize | user=0 | block=4 | n_kl=50 | epoch=52/1000 | objective=-11.722354 | rate=11.722354 | power=29.999935 | r_p=0.000000 | r_c=0.000000 | r_s=0.004726 | status=running
[UL Convergence] | phase=optimize | user=0 | block=4 | n_kl=50 | epoch=53/1000 | objective=-11.729670 | rate=11.729670 | power=29.999945 | r_p=0.000000 | r_c=0.000000 | r_s=0.004581 | status=running
[UL Convergence] | phase=optimize | user=0 | block=4 | n_kl=50 | epoch=54/1000 | objective=-11.736459 | rate=11.736459 | power=29.999939 | r_p=0.000000 | r_c=0.000000 | r_s=0.004439 | status=running
[UL Convergence] | phase=optimize | user=0 | block=4 | n_kl=50 | epoch=55/1000 | objective=-11.742756 | rate=11.742756 | power=29.999935 | r_p=0.000000 | r_c=0.000000 | r_s=0.004302 | status=running
[UL Convergence] | phase=optimize | user=0 | block=4 | n_kl=50 | epoch=56/1000 | objective=-11.748596 | rate=11.748596 | power=29.999939 | r_p=0.000000 | r_c=0.000000 | r_s=0.004168 | status=running
[UL Convergence] | phase=optimize | user=0 | block=4 | n_kl=50 | epoch=57/1000 | objective=-11.754001 | rate=11.754001 | power=29.999935 | r_p=0.000000 | r_c=0.000000 | r_s=0.004038 | status=running
[UL Convergence] | phase=optimize | user=0 | block=4 | n_kl=50 | epoch=58/1000 | objective=-11.758999 | rate=11.758999 | power=29.999939 | r_p=0.000000 | r_c=0.000000 | r_s=0.003911 | status=running
[UL Convergence] | phase=optimize | user=0 | block=4 | n_kl=50 | epoch=59/1000 | objective=-11.763621 | rate=11.763621 | power=29.999945 | r_p=0.000000 | r_c=0.000000 | r_s=0.003787 | status=running
[UL Convergence] | phase=optimize | user=0 | block=4 | n_kl=50 | epoch=60/1000 | objective=-11.767883 | rate=11.767883 | power=29.999935 | r_p=0.000000 | r_c=0.000000 | r_s=0.003665 | status=running
[UL Convergence] | phase=optimize | user=0 | block=4 | n_kl=50 | epoch=61/1000 | objective=-11.771811 | rate=11.771811 | power=29.999939 | r_p=0.000000 | r_c=0.000000 | r_s=0.003543 | status=running
[UL Convergence] | phase=optimize | user=0 | block=4 | n_kl=50 | epoch=62/1000 | objective=-11.775427 | rate=11.775427 | power=29.999939 | r_p=0.000000 | r_c=0.000000 | r_s=0.003423 | status=running
[UL Convergence] | phase=optimize | user=0 | block=4 | n_kl=50 | epoch=63/1000 | objective=-11.778747 | rate=11.778747 | power=29.999939 | r_p=0.000000 | r_c=0.000000 | r_s=0.003305 | status=running
[UL Convergence] | phase=optimize | user=0 | block=4 | n_kl=50 | epoch=64/1000 | objective=-11.781795 | rate=11.781795 | power=29.999939 | r_p=0.000000 | r_c=0.000000 | r_s=0.003190 | status=running
[UL Convergence] | phase=optimize | user=0 | block=4 | n_kl=50 | epoch=65/1000 | objective=-11.784590 | rate=11.784590 | power=29.999939 | r_p=0.000000 | r_c=0.000000 | r_s=0.003079 | status=running
[UL Convergence] | phase=optimize | user=0 | block=4 | n_kl=50 | epoch=66/1000 | objective=-11.787148 | rate=11.787148 | power=29.999935 | r_p=0.000000 | r_c=0.000000 | r_s=0.002971 | status=running
[UL Convergence] | phase=optimize | user=0 | block=4 | n_kl=50 | epoch=67/1000 | objective=-11.789480 | rate=11.789480 | power=29.999939 | r_p=0.000000 | r_c=0.000000 | r_s=0.002867 | status=running
[UL Convergence] | phase=optimize | user=0 | block=4 | n_kl=50 | epoch=68/1000 | objective=-11.791614 | rate=11.791614 | power=29.999939 | r_p=0.000000 | r_c=0.000000 | r_s=0.002766 | status=running
[UL Convergence] | phase=optimize | user=0 | block=4 | n_kl=50 | epoch=69/1000 | objective=-11.793557 | rate=11.793557 | power=29.999939 | r_p=0.000000 | r_c=0.000000 | r_s=0.002667 | status=running
[UL Convergence] | phase=optimize | user=0 | block=4 | n_kl=50 | epoch=70/1000 | objective=-11.795319 | rate=11.795319 | power=29.999939 | r_p=0.000000 | r_c=0.000000 | r_s=0.002570 | status=running
[UL Convergence] | phase=optimize | user=0 | block=4 | n_kl=50 | epoch=71/1000 | objective=-11.796914 | rate=11.796914 | power=29.999939 | r_p=0.000000 | r_c=0.000000 | r_s=0.002474 | status=running
[UL Convergence] | phase=optimize | user=0 | block=4 | n_kl=50 | epoch=72/1000 | objective=-11.798365 | rate=11.798365 | power=29.999939 | r_p=0.000000 | r_c=0.000000 | r_s=0.002377 | status=running
[UL Convergence] | phase=optimize | user=0 | block=4 | n_kl=50 | epoch=73/1000 | objective=-11.799669 | rate=11.799669 | power=29.999939 | r_p=0.000000 | r_c=0.000000 | r_s=0.002281 | status=running
[UL Convergence] | phase=optimize | user=0 | block=4 | n_kl=50 | epoch=74/1000 | objective=-11.800844 | rate=11.800844 | power=29.999939 | r_p=0.000000 | r_c=0.000000 | r_s=0.002186 | status=running
[UL Convergence] | phase=optimize | user=0 | block=4 | n_kl=50 | epoch=75/1000 | objective=-11.801909 | rate=11.801909 | power=29.999935 | r_p=0.000000 | r_c=0.000000 | r_s=0.002093 | status=running
[UL Convergence] | phase=optimize | user=0 | block=4 | n_kl=50 | epoch=76/1000 | objective=-11.802859 | rate=11.802859 | power=29.999935 | r_p=0.000000 | r_c=0.000000 | r_s=0.002003 | status=running
[UL Convergence] | phase=optimize | user=0 | block=4 | n_kl=50 | epoch=77/1000 | objective=-11.803713 | rate=11.803713 | power=29.999935 | r_p=0.000000 | r_c=0.000000 | r_s=0.001915 | status=running
[UL Convergence] | phase=optimize | user=0 | block=4 | n_kl=50 | epoch=78/1000 | objective=-11.804473 | rate=11.804473 | power=29.999939 | r_p=0.000000 | r_c=0.000000 | r_s=0.001831 | status=running
[UL Convergence] | phase=optimize | user=0 | block=4 | n_kl=50 | epoch=79/1000 | objective=-11.805159 | rate=11.805159 | power=29.999939 | r_p=0.000000 | r_c=0.000000 | r_s=0.001750 | status=running
[UL Convergence] | phase=optimize | user=0 | block=4 | n_kl=50 | epoch=80/1000 | objective=-11.805763 | rate=11.805763 | power=29.999939 | r_p=0.000000 | r_c=0.000000 | r_s=0.001671 | status=running
[UL Convergence] | phase=optimize | user=0 | block=4 | n_kl=50 | epoch=81/1000 | objective=-11.806305 | rate=11.806305 | power=29.999935 | r_p=0.000000 | r_c=0.000000 | r_s=0.001595 | status=running
[UL Convergence] | phase=optimize | user=0 | block=4 | n_kl=50 | epoch=82/1000 | objective=-11.806785 | rate=11.806785 | power=29.999939 | r_p=0.000000 | r_c=0.000000 | r_s=0.001520 | status=running
[UL Convergence] | phase=optimize | user=0 | block=4 | n_kl=50 | epoch=83/1000 | objective=-11.807210 | rate=11.807210 | power=29.999939 | r_p=0.000000 | r_c=0.000000 | r_s=0.001447 | status=running
[UL Convergence] | phase=optimize | user=0 | block=4 | n_kl=50 | epoch=84/1000 | objective=-11.807590 | rate=11.807590 | power=29.999939 | r_p=0.000000 | r_c=0.000000 | r_s=0.001375 | status=running
[UL Convergence] | phase=optimize | user=0 | block=4 | n_kl=50 | epoch=85/1000 | objective=-11.807920 | rate=11.807920 | power=29.999939 | r_p=0.000000 | r_c=0.000000 | r_s=0.001305 | status=running
[UL Convergence] | phase=optimize | user=0 | block=4 | n_kl=50 | epoch=86/1000 | objective=-11.808213 | rate=11.808213 | power=29.999935 | r_p=0.000000 | r_c=0.000000 | r_s=0.001237 | status=running
[UL Convergence] | phase=optimize | user=0 | block=4 | n_kl=50 | epoch=87/1000 | objective=-11.808469 | rate=11.808469 | power=29.999945 | r_p=0.000000 | r_c=0.000000 | r_s=0.001173 | status=running
[UL Convergence] | phase=optimize | user=0 | block=4 | n_kl=50 | epoch=88/1000 | objective=-11.808693 | rate=11.808693 | power=29.999935 | r_p=0.000000 | r_c=0.000000 | r_s=0.001111 | status=running
[UL Convergence] | phase=optimize | user=0 | block=4 | n_kl=50 | epoch=89/1000 | objective=-11.808888 | rate=11.808888 | power=29.999939 | r_p=0.000000 | r_c=0.000000 | r_s=0.001052 | status=running
[UL Convergence] | phase=optimize | user=0 | block=4 | n_kl=50 | epoch=90/1000 | objective=-11.809057 | rate=11.809057 | power=29.999935 | r_p=0.000000 | r_c=0.000000 | r_s=9.954835e-04 | status=running
[UL Convergence] | phase=optimize | user=0 | block=4 | n_kl=50 | epoch=91/1000 | objective=-11.809208 | rate=11.809208 | power=29.999939 | r_p=0.000000 | r_c=0.000000 | r_s=9.411889e-04 | status=running
[UL Convergence] | phase=optimize | user=0 | block=4 | n_kl=50 | epoch=92/1000 | objective=-11.809338 | rate=11.809338 | power=29.999939 | r_p=0.000000 | r_c=0.000000 | r_s=8.886712e-04 | status=running
[UL Convergence] | phase=optimize | user=0 | block=4 | n_kl=50 | epoch=93/1000 | objective=-11.809443 | rate=11.809443 | power=29.999939 | r_p=0.000000 | r_c=0.000000 | r_s=8.376970e-04 | status=running
[UL Convergence] | phase=optimize | user=0 | block=4 | n_kl=50 | epoch=94/1000 | objective=-11.809540 | rate=11.809540 | power=29.999939 | r_p=0.000000 | r_c=0.000000 | r_s=7.882709e-04 | status=running
[UL Convergence] | phase=optimize | user=0 | block=4 | n_kl=50 | epoch=95/1000 | objective=-11.809629 | rate=11.809629 | power=29.999939 | r_p=0.000000 | r_c=0.000000 | r_s=7.405957e-04 | status=running
[UL Convergence] | phase=optimize | user=0 | block=4 | n_kl=50 | epoch=96/1000 | objective=-11.809691 | rate=11.809691 | power=29.999939 | r_p=0.000000 | r_c=0.000000 | r_s=6.951214e-04 | status=running
[UL Convergence] | phase=optimize | user=0 | block=4 | n_kl=50 | epoch=97/1000 | objective=-11.809750 | rate=11.809750 | power=29.999935 | r_p=0.000000 | r_c=0.000000 | r_s=6.521103e-04 | status=running
[UL Convergence] | phase=optimize | user=0 | block=4 | n_kl=50 | epoch=98/1000 | objective=-11.809807 | rate=11.809807 | power=29.999939 | r_p=0.000000 | r_c=0.000000 | r_s=6.117100e-04 | status=running
[UL Convergence] | phase=optimize | user=0 | block=4 | n_kl=50 | epoch=99/1000 | objective=-11.809841 | rate=11.809841 | power=29.999939 | r_p=0.000000 | r_c=0.000000 | r_s=5.737516e-04 | status=kkt_converged
[UL Convergence Result] | user=0 | block=4 | n_kl=50 | achieved_rate=11.809841 | power=29.999939 | rate_gap=-7.809841 | power_gap=-6.103516e-05 | solve_status=kkt_converged
[UL Convergence Allocation] | user=0 | block=4 | n_kl=50 | requested_bits=200 | served_bits=200 | full_service=true
[UL Convergence Block] | user=0 | block=4 | stage=post_T | served_bits=200 | unserved_bits=0
[UL Convergence Reduction] | user=0 | block=4 | served_bits=200 | n_start=49 | n_min=1
[UL Convergence Solve] | user=0 | block=4 | stage=reduced_n | n_kl=49 | served_bits=200
[UL Convergence] | phase=optimize | user=0 | block=4 | n_kl=49 | epoch=1/1000 | objective=-11.783645 | rate=11.783645 | power=29.999939 | r_p=0.000000 | r_c=0.000000 | r_s=inf | status=running
[UL Convergence] | phase=optimize | user=0 | block=4 | n_kl=49 | epoch=2/1000 | objective=-11.783685 | rate=11.783685 | power=29.999939 | r_p=0.000000 | r_c=0.000000 | r_s=5.391685e-04 | status=kkt_converged
[UL Convergence Candidate] | user=0 | block=4 | n_kl=49 | achieved_rate=11.783685 | rate_gap=-7.702052 | power_gap=-6.103516e-05 | status=accepted
[UL Convergence Solve] | user=0 | block=4 | stage=reduced_n | n_kl=40 | served_bits=200
[UL Convergence] | phase=optimize | user=0 | block=4 | n_kl=40 | epoch=1/1000 | objective=-11.505453 | rate=11.505453 | power=29.999939 | r_p=0.000000 | r_c=0.000000 | r_s=inf | status=running
[UL Convergence] | phase=optimize | user=0 | block=4 | n_kl=40 | epoch=2/1000 | objective=-11.505453 | rate=11.505453 | power=29.999935 | r_p=0.000000 | r_c=0.000000 | r_s=2.817495e-04 | status=kkt_converged
[UL Convergence Candidate] | user=0 | block=4 | n_kl=40 | achieved_rate=11.505453 | rate_gap=-6.505453 | power_gap=-6.484985e-05 | status=accepted
[UL Convergence Solve] | user=0 | block=4 | stage=reduced_n | n_kl=30 | served_bits=200
[UL Convergence] | phase=optimize | user=0 | block=4 | n_kl=30 | epoch=1/1000 | objective=-11.059191 | rate=11.059191 | power=29.999939 | r_p=0.000000 | r_c=0.000000 | r_s=inf | status=running
[UL Convergence] | phase=optimize | user=0 | block=4 | n_kl=30 | epoch=2/1000 | objective=-11.059181 | rate=11.059181 | power=29.999939 | r_p=0.000000 | r_c=0.000000 | r_s=2.155625e-04 | status=kkt_converged
[UL Convergence Candidate] | user=0 | block=4 | n_kl=30 | achieved_rate=11.059191 | rate_gap=-4.392524 | power_gap=-6.103516e-05 | status=accepted
[UL Convergence Solve] | user=0 | block=4 | stage=reduced_n | n_kl=20 | served_bits=200
[UL Convergence] | phase=optimize | user=0 | block=4 | n_kl=20 | epoch=1/1000 | objective=-10.310553 | rate=10.310553 | power=29.999939 | r_p=0.000000 | r_c=0.000000 | r_s=inf | status=running
[UL Convergence] | phase=optimize | user=0 | block=4 | n_kl=20 | epoch=2/1000 | objective=-10.310555 | rate=10.310555 | power=29.999939 | r_p=0.000000 | r_c=0.000000 | r_s=3.569415e-04 | status=kkt_converged
[UL Convergence Candidate] | user=0 | block=4 | n_kl=20 | achieved_rate=10.310555 | rate_gap=-0.310555 | power_gap=-6.103516e-05 | status=accepted
[UL Convergence Reduction] | user=0 | block=4 | n_kl=19 | status=stop_infeasible
[UL Convergence Final] | user=0 | block=4 | feasible_points=31 | chosen_n_kl=20 | served_bits=200 | achieved_rate=10.310555 | power=29.999939 | solve_status=kkt_converged
[UL Convergence Allocation] | user=0 | block=4 | chosen_n_kl=20 | served_bits=200 | unserved_bits=0 | mode=fixed_block_targets
[UL Convergence Train] | phase=start | user=1 | mode=fixed_block_targets
[UL Convergence Train] | user=1 | block=0 | target_bits=400 | mode=fixed_block_targets
[UL Convergence Block] | user=1 | block=0 | budget_mode=target_bits | requested_bits=400
[UL Convergence Solve] | user=1 | block=0 | stage=n=T | n_kl=60 | requested_bits=400
[UL Convergence] | phase=optimize | user=1 | block=0 | n_kl=60 | epoch=1/1000 | objective=-10.560587 | rate=10.560587 | power=29.999935 | r_p=0.000000 | r_c=0.000000 | r_s=inf | status=running
[UL Convergence] | phase=optimize | user=1 | block=0 | n_kl=60 | epoch=2/1000 | objective=-10.631415 | rate=10.631415 | power=29.999935 | r_p=0.000000 | r_c=0.000000 | r_s=0.010327 | status=running
[UL Convergence] | phase=optimize | user=1 | block=0 | n_kl=60 | epoch=3/1000 | objective=-10.700391 | rate=10.700391 | power=29.999939 | r_p=0.000000 | r_c=0.000000 | r_s=0.010290 | status=running
[UL Convergence] | phase=optimize | user=1 | block=0 | n_kl=60 | epoch=4/1000 | objective=-10.767489 | rate=10.767489 | power=29.999939 | r_p=0.000000 | r_c=0.000000 | r_s=0.010251 | status=running
[UL Convergence] | phase=optimize | user=1 | block=0 | n_kl=60 | epoch=5/1000 | objective=-10.832670 | rate=10.832670 | power=29.999939 | r_p=0.000000 | r_c=0.000000 | r_s=0.010201 | status=running
[UL Convergence] | phase=optimize | user=1 | block=0 | n_kl=60 | epoch=6/1000 | objective=-10.895924 | rate=10.895924 | power=29.999939 | r_p=0.000000 | r_c=0.000000 | r_s=0.010133 | status=running
[UL Convergence] | phase=optimize | user=1 | block=0 | n_kl=60 | epoch=7/1000 | objective=-10.957264 | rate=10.957264 | power=29.999939 | r_p=0.000000 | r_c=0.000000 | r_s=0.010046 | status=running
[UL Convergence] | phase=optimize | user=1 | block=0 | n_kl=60 | epoch=8/1000 | objective=-11.016701 | rate=11.016701 | power=29.999935 | r_p=0.000000 | r_c=0.000000 | r_s=0.009940 | status=running
[UL Convergence] | phase=optimize | user=1 | block=0 | n_kl=60 | epoch=9/1000 | objective=-11.074285 | rate=11.074285 | power=29.999935 | r_p=0.000000 | r_c=0.000000 | r_s=0.009817 | status=running
[UL Convergence] | phase=optimize | user=1 | block=0 | n_kl=60 | epoch=10/1000 | objective=-11.130073 | rate=11.130073 | power=29.999939 | r_p=0.000000 | r_c=0.000000 | r_s=0.009681 | status=running
[UL Convergence] | phase=optimize | user=1 | block=0 | n_kl=60 | epoch=11/1000 | objective=-11.184138 | rate=11.184138 | power=29.999935 | r_p=0.000000 | r_c=0.000000 | r_s=0.009540 | status=running
[UL Convergence] | phase=optimize | user=1 | block=0 | n_kl=60 | epoch=12/1000 | objective=-11.236566 | rate=11.236566 | power=29.999945 | r_p=0.000000 | r_c=0.000000 | r_s=0.009400 | status=running
[UL Convergence] | phase=optimize | user=1 | block=0 | n_kl=60 | epoch=13/1000 | objective=-11.287437 | rate=11.287437 | power=29.999939 | r_p=0.000000 | r_c=0.000000 | r_s=0.009267 | status=running
[UL Convergence] | phase=optimize | user=1 | block=0 | n_kl=60 | epoch=14/1000 | objective=-11.336863 | rate=11.336863 | power=29.999945 | r_p=0.000000 | r_c=0.000000 | r_s=0.009144 | status=running
[UL Convergence] | phase=optimize | user=1 | block=0 | n_kl=60 | epoch=15/1000 | objective=-11.384916 | rate=11.384916 | power=29.999935 | r_p=0.000000 | r_c=0.000000 | r_s=0.009033 | status=running
[UL Convergence] | phase=optimize | user=1 | block=0 | n_kl=60 | epoch=16/1000 | objective=-11.431694 | rate=11.431694 | power=29.999935 | r_p=0.000000 | r_c=0.000000 | r_s=0.008934 | status=running
[UL Convergence] | phase=optimize | user=1 | block=0 | n_kl=60 | epoch=17/1000 | objective=-11.477280 | rate=11.477280 | power=29.999939 | r_p=0.000000 | r_c=0.000000 | r_s=0.008846 | status=running
[UL Convergence] | phase=optimize | user=1 | block=0 | n_kl=60 | epoch=18/1000 | objective=-11.521758 | rate=11.521758 | power=29.999939 | r_p=0.000000 | r_c=0.000000 | r_s=0.008767 | status=running
[UL Convergence] | phase=optimize | user=1 | block=0 | n_kl=60 | epoch=19/1000 | objective=-11.565193 | rate=11.565193 | power=29.999939 | r_p=0.000000 | r_c=0.000000 | r_s=0.008697 | status=running
[UL Convergence] | phase=optimize | user=1 | block=0 | n_kl=60 | epoch=20/1000 | objective=-11.607650 | rate=11.607650 | power=29.999945 | r_p=0.000000 | r_c=0.000000 | r_s=0.008633 | status=running
[UL Convergence] | phase=optimize | user=1 | block=0 | n_kl=60 | epoch=21/1000 | objective=-11.649195 | rate=11.649195 | power=29.999939 | r_p=0.000000 | r_c=0.000000 | r_s=0.008574 | status=running
[UL Convergence] | phase=optimize | user=1 | block=0 | n_kl=60 | epoch=22/1000 | objective=-11.689875 | rate=11.689875 | power=29.999945 | r_p=0.000000 | r_c=0.000000 | r_s=0.008516 | status=running
[UL Convergence] | phase=optimize | user=1 | block=0 | n_kl=60 | epoch=23/1000 | objective=-11.729755 | rate=11.729755 | power=29.999935 | r_p=0.000000 | r_c=0.000000 | r_s=0.008459 | status=running
[UL Convergence] | phase=optimize | user=1 | block=0 | n_kl=60 | epoch=24/1000 | objective=-11.768876 | rate=11.768876 | power=29.999939 | r_p=0.000000 | r_c=0.000000 | r_s=0.008400 | status=running
[UL Convergence] | phase=optimize | user=1 | block=0 | n_kl=60 | epoch=25/1000 | objective=-11.807293 | rate=11.807293 | power=29.999939 | r_p=0.000000 | r_c=0.000000 | r_s=0.008340 | status=running
[UL Convergence] | phase=optimize | user=1 | block=0 | n_kl=60 | epoch=26/1000 | objective=-11.845043 | rate=11.845043 | power=29.999939 | r_p=0.000000 | r_c=0.000000 | r_s=0.008280 | status=running
[UL Convergence] | phase=optimize | user=1 | block=0 | n_kl=60 | epoch=27/1000 | objective=-11.882195 | rate=11.882195 | power=29.999939 | r_p=0.000000 | r_c=0.000000 | r_s=0.008221 | status=running
[UL Convergence] | phase=optimize | user=1 | block=0 | n_kl=60 | epoch=28/1000 | objective=-11.918792 | rate=11.918792 | power=29.999939 | r_p=0.000000 | r_c=0.000000 | r_s=0.008167 | status=running
[UL Convergence] | phase=optimize | user=1 | block=0 | n_kl=60 | epoch=29/1000 | objective=-11.954870 | rate=11.954870 | power=29.999939 | r_p=0.000000 | r_c=0.000000 | r_s=0.008122 | status=running
[UL Convergence] | phase=optimize | user=1 | block=0 | n_kl=60 | epoch=30/1000 | objective=-11.990482 | rate=11.990482 | power=29.999935 | r_p=0.000000 | r_c=0.000000 | r_s=0.008088 | status=running
[UL Convergence] | phase=optimize | user=1 | block=0 | n_kl=60 | epoch=31/1000 | objective=-12.025666 | rate=12.025666 | power=29.999945 | r_p=0.000000 | r_c=0.000000 | r_s=0.008068 | status=running
[UL Convergence] | phase=optimize | user=1 | block=0 | n_kl=60 | epoch=32/1000 | objective=-12.060460 | rate=12.060460 | power=29.999939 | r_p=0.000000 | r_c=0.000000 | r_s=0.008062 | status=running
[UL Convergence] | phase=optimize | user=1 | block=0 | n_kl=60 | epoch=33/1000 | objective=-12.094866 | rate=12.094866 | power=29.999939 | r_p=0.000000 | r_c=0.000000 | r_s=0.008069 | status=running
[UL Convergence] | phase=optimize | user=1 | block=0 | n_kl=60 | epoch=34/1000 | objective=-12.127350 | rate=12.127350 | power=29.989456 | r_p=0.000000 | r_c=0.000000 | r_s=0.008088 | status=running
[UL Convergence] | phase=optimize | user=1 | block=0 | n_kl=60 | epoch=35/1000 | objective=-12.159981 | rate=12.159981 | power=29.999939 | r_p=0.000000 | r_c=0.000000 | r_s=0.007302 | status=running
[UL Convergence] | phase=optimize | user=1 | block=0 | n_kl=60 | epoch=36/1000 | objective=-12.190648 | rate=12.190648 | power=29.999939 | r_p=0.000000 | r_c=0.000000 | r_s=0.007245 | status=running
[UL Convergence] | phase=optimize | user=1 | block=0 | n_kl=60 | epoch=37/1000 | objective=-12.220943 | rate=12.220943 | power=29.999939 | r_p=0.000000 | r_c=0.000000 | r_s=0.007202 | status=running
[UL Convergence] | phase=optimize | user=1 | block=0 | n_kl=60 | epoch=38/1000 | objective=-12.250869 | rate=12.250869 | power=29.999939 | r_p=0.000000 | r_c=0.000000 | r_s=0.007168 | status=running
[UL Convergence] | phase=optimize | user=1 | block=0 | n_kl=60 | epoch=39/1000 | objective=-12.280418 | rate=12.280418 | power=29.999935 | r_p=0.000000 | r_c=0.000000 | r_s=0.007142 | status=running
[UL Convergence] | phase=optimize | user=1 | block=0 | n_kl=60 | epoch=40/1000 | objective=-12.309603 | rate=12.309603 | power=29.999939 | r_p=0.000000 | r_c=0.000000 | r_s=0.007122 | status=running
[UL Convergence] | phase=optimize | user=1 | block=0 | n_kl=60 | epoch=41/1000 | objective=-12.338404 | rate=12.338404 | power=29.999935 | r_p=0.000000 | r_c=0.000000 | r_s=0.007106 | status=running
[UL Convergence] | phase=optimize | user=1 | block=0 | n_kl=60 | epoch=42/1000 | objective=-12.366808 | rate=12.366808 | power=29.999939 | r_p=0.000000 | r_c=0.000000 | r_s=0.007093 | status=running
[UL Convergence] | phase=optimize | user=1 | block=0 | n_kl=60 | epoch=43/1000 | objective=-12.394815 | rate=12.394815 | power=29.999939 | r_p=0.000000 | r_c=0.000000 | r_s=0.007083 | status=running
[UL Convergence] | phase=optimize | user=1 | block=0 | n_kl=60 | epoch=44/1000 | objective=-12.422402 | rate=12.422402 | power=29.999935 | r_p=0.000000 | r_c=0.000000 | r_s=0.007074 | status=running
[UL Convergence] | phase=optimize | user=1 | block=0 | n_kl=60 | epoch=45/1000 | objective=-12.449558 | rate=12.449558 | power=29.999939 | r_p=0.000000 | r_c=0.000000 | r_s=0.007066 | status=running
[UL Convergence] | phase=optimize | user=1 | block=0 | n_kl=60 | epoch=46/1000 | objective=-12.476254 | rate=12.476254 | power=29.999939 | r_p=0.000000 | r_c=0.000000 | r_s=0.007057 | status=running
[UL Convergence] | phase=optimize | user=1 | block=0 | n_kl=60 | epoch=47/1000 | objective=-12.502499 | rate=12.502499 | power=29.999939 | r_p=0.000000 | r_c=0.000000 | r_s=0.007047 | status=running
[UL Convergence] | phase=optimize | user=1 | block=0 | n_kl=60 | epoch=48/1000 | objective=-12.528250 | rate=12.528250 | power=29.999935 | r_p=0.000000 | r_c=0.000000 | r_s=0.007035 | status=running
[UL Convergence] | phase=optimize | user=1 | block=0 | n_kl=60 | epoch=49/1000 | objective=-12.553487 | rate=12.553487 | power=29.999935 | r_p=0.000000 | r_c=0.000000 | r_s=0.007020 | status=running
[UL Convergence] | phase=optimize | user=1 | block=0 | n_kl=60 | epoch=50/1000 | objective=-12.578197 | rate=12.578197 | power=29.999939 | r_p=0.000000 | r_c=0.000000 | r_s=0.007003 | status=running
[UL Convergence] | phase=optimize | user=1 | block=0 | n_kl=60 | epoch=51/1000 | objective=-12.602355 | rate=12.602355 | power=29.999939 | r_p=0.000000 | r_c=0.000000 | r_s=0.006982 | status=running
[UL Convergence] | phase=optimize | user=1 | block=0 | n_kl=60 | epoch=52/1000 | objective=-12.625954 | rate=12.625954 | power=29.999939 | r_p=0.000000 | r_c=0.000000 | r_s=0.006958 | status=running
[UL Convergence] | phase=optimize | user=1 | block=0 | n_kl=60 | epoch=53/1000 | objective=-12.648958 | rate=12.648958 | power=29.999935 | r_p=0.000000 | r_c=0.000000 | r_s=0.006929 | status=running
[UL Convergence] | phase=optimize | user=1 | block=0 | n_kl=60 | epoch=54/1000 | objective=-12.671358 | rate=12.671358 | power=29.999939 | r_p=0.000000 | r_c=0.000000 | r_s=0.006896 | status=running
[UL Convergence] | phase=optimize | user=1 | block=0 | n_kl=60 | epoch=55/1000 | objective=-12.693139 | rate=12.693139 | power=29.999935 | r_p=0.000000 | r_c=0.000000 | r_s=0.006858 | status=running
[UL Convergence] | phase=optimize | user=1 | block=0 | n_kl=60 | epoch=56/1000 | objective=-12.714291 | rate=12.714291 | power=29.999939 | r_p=0.000000 | r_c=0.000000 | r_s=0.006816 | status=running
[UL Convergence] | phase=optimize | user=1 | block=0 | n_kl=60 | epoch=57/1000 | objective=-12.734793 | rate=12.734793 | power=29.999939 | r_p=0.000000 | r_c=0.000000 | r_s=0.006768 | status=running
[UL Convergence] | phase=optimize | user=1 | block=0 | n_kl=60 | epoch=58/1000 | objective=-12.754630 | rate=12.754630 | power=29.999939 | r_p=0.000000 | r_c=0.000000 | r_s=0.006715 | status=running
[UL Convergence] | phase=optimize | user=1 | block=0 | n_kl=60 | epoch=59/1000 | objective=-12.773809 | rate=12.773809 | power=29.999939 | r_p=0.000000 | r_c=0.000000 | r_s=0.006658 | status=running
[UL Convergence] | phase=optimize | user=1 | block=0 | n_kl=60 | epoch=60/1000 | objective=-12.792311 | rate=12.792311 | power=29.999939 | r_p=0.000000 | r_c=0.000000 | r_s=0.006595 | status=running
[UL Convergence] | phase=optimize | user=1 | block=0 | n_kl=60 | epoch=61/1000 | objective=-12.810141 | rate=12.810141 | power=29.999935 | r_p=0.000000 | r_c=0.000000 | r_s=0.006528 | status=running
[UL Convergence] | phase=optimize | user=1 | block=0 | n_kl=60 | epoch=62/1000 | objective=-12.827288 | rate=12.827288 | power=29.999945 | r_p=0.000000 | r_c=0.000000 | r_s=0.006456 | status=running
[UL Convergence] | phase=optimize | user=1 | block=0 | n_kl=60 | epoch=63/1000 | objective=-12.843755 | rate=12.843755 | power=29.999939 | r_p=0.000000 | r_c=0.000000 | r_s=0.006379 | status=running
[UL Convergence] | phase=optimize | user=1 | block=0 | n_kl=60 | epoch=64/1000 | objective=-12.859554 | rate=12.859554 | power=29.999945 | r_p=0.000000 | r_c=0.000000 | r_s=0.006299 | status=running
[UL Convergence] | phase=optimize | user=1 | block=0 | n_kl=60 | epoch=65/1000 | objective=-12.874207 | rate=12.874207 | power=29.997145 | r_p=0.000000 | r_c=0.000000 | r_s=0.006213 | status=running
[UL Convergence] | phase=optimize | user=1 | block=0 | n_kl=60 | epoch=66/1000 | objective=-12.887610 | rate=12.887610 | power=29.999939 | r_p=0.000000 | r_c=0.000000 | r_s=0.005551 | status=running
[UL Convergence] | phase=optimize | user=1 | block=0 | n_kl=60 | epoch=67/1000 | objective=-12.900012 | rate=12.900012 | power=29.999935 | r_p=0.000000 | r_c=0.000000 | r_s=0.005430 | status=running
[UL Convergence] | phase=optimize | user=1 | block=0 | n_kl=60 | epoch=68/1000 | objective=-12.911907 | rate=12.911907 | power=29.999939 | r_p=0.000000 | r_c=0.000000 | r_s=0.005314 | status=running
[UL Convergence] | phase=optimize | user=1 | block=0 | n_kl=60 | epoch=69/1000 | objective=-12.923283 | rate=12.923283 | power=29.999939 | r_p=0.000000 | r_c=0.000000 | r_s=0.005204 | status=running
[UL Convergence] | phase=optimize | user=1 | block=0 | n_kl=60 | epoch=70/1000 | objective=-12.934168 | rate=12.934168 | power=29.999939 | r_p=0.000000 | r_c=0.000000 | r_s=0.005098 | status=running
[UL Convergence] | phase=optimize | user=1 | block=0 | n_kl=60 | epoch=71/1000 | objective=-12.944567 | rate=12.944567 | power=29.999939 | r_p=0.000000 | r_c=0.000000 | r_s=0.004996 | status=running
[UL Convergence] | phase=optimize | user=1 | block=0 | n_kl=60 | epoch=72/1000 | objective=-12.954493 | rate=12.954493 | power=29.999939 | r_p=0.000000 | r_c=0.000000 | r_s=0.004897 | status=running
[UL Convergence] | phase=optimize | user=1 | block=0 | n_kl=60 | epoch=73/1000 | objective=-12.963949 | rate=12.963949 | power=29.999935 | r_p=0.000000 | r_c=0.000000 | r_s=0.004802 | status=running
[UL Convergence] | phase=optimize | user=1 | block=0 | n_kl=60 | epoch=74/1000 | objective=-12.972961 | rate=12.972961 | power=29.999935 | r_p=0.000000 | r_c=0.000000 | r_s=0.004708 | status=running
[UL Convergence] | phase=optimize | user=1 | block=0 | n_kl=60 | epoch=75/1000 | objective=-12.981526 | rate=12.981526 | power=29.999939 | r_p=0.000000 | r_c=0.000000 | r_s=0.004617 | status=running
[UL Convergence] | phase=optimize | user=1 | block=0 | n_kl=60 | epoch=76/1000 | objective=-12.989682 | rate=12.989682 | power=29.999939 | r_p=0.000000 | r_c=0.000000 | r_s=0.004528 | status=running
[UL Convergence] | phase=optimize | user=1 | block=0 | n_kl=60 | epoch=77/1000 | objective=-12.997400 | rate=12.997400 | power=29.999945 | r_p=0.000000 | r_c=0.000000 | r_s=0.004440 | status=running
[UL Convergence] | phase=optimize | user=1 | block=0 | n_kl=60 | epoch=78/1000 | objective=-13.004715 | rate=13.004715 | power=29.999939 | r_p=0.000000 | r_c=0.000000 | r_s=0.004354 | status=running
[UL Convergence] | phase=optimize | user=1 | block=0 | n_kl=60 | epoch=79/1000 | objective=-13.011647 | rate=13.011647 | power=29.999939 | r_p=0.000000 | r_c=0.000000 | r_s=0.004268 | status=running
[UL Convergence] | phase=optimize | user=1 | block=0 | n_kl=60 | epoch=80/1000 | objective=-13.018192 | rate=13.018192 | power=29.999939 | r_p=0.000000 | r_c=0.000000 | r_s=0.004182 | status=running
[UL Convergence] | phase=optimize | user=1 | block=0 | n_kl=60 | epoch=81/1000 | objective=-13.024368 | rate=13.024368 | power=29.999939 | r_p=0.000000 | r_c=0.000000 | r_s=0.004097 | status=running
[UL Convergence] | phase=optimize | user=1 | block=0 | n_kl=60 | epoch=82/1000 | objective=-13.030198 | rate=13.030198 | power=29.999939 | r_p=0.000000 | r_c=0.000000 | r_s=0.004012 | status=running
[UL Convergence] | phase=optimize | user=1 | block=0 | n_kl=60 | epoch=83/1000 | objective=-13.035673 | rate=13.035673 | power=29.999935 | r_p=0.000000 | r_c=0.000000 | r_s=0.003926 | status=running
[UL Convergence] | phase=optimize | user=1 | block=0 | n_kl=60 | epoch=84/1000 | objective=-13.040820 | rate=13.040820 | power=29.999935 | r_p=0.000000 | r_c=0.000000 | r_s=0.003840 | status=running
[UL Convergence] | phase=optimize | user=1 | block=0 | n_kl=60 | epoch=85/1000 | objective=-13.045650 | rate=13.045650 | power=29.999935 | r_p=0.000000 | r_c=0.000000 | r_s=0.003754 | status=running
[UL Convergence] | phase=optimize | user=1 | block=0 | n_kl=60 | epoch=86/1000 | objective=-13.050172 | rate=13.050172 | power=29.999939 | r_p=0.000000 | r_c=0.000000 | r_s=0.003668 | status=running
[UL Convergence] | phase=optimize | user=1 | block=0 | n_kl=60 | epoch=87/1000 | objective=-13.054398 | rate=13.054398 | power=29.999939 | r_p=0.000000 | r_c=0.000000 | r_s=0.003580 | status=running
[UL Convergence] | phase=optimize | user=1 | block=0 | n_kl=60 | epoch=88/1000 | objective=-13.058344 | rate=13.058344 | power=29.999935 | r_p=0.000000 | r_c=0.000000 | r_s=0.003493 | status=running
[UL Convergence] | phase=optimize | user=1 | block=0 | n_kl=60 | epoch=89/1000 | objective=-13.062029 | rate=13.062029 | power=29.999935 | r_p=0.000000 | r_c=0.000000 | r_s=0.003404 | status=running
[UL Convergence] | phase=optimize | user=1 | block=0 | n_kl=60 | epoch=90/1000 | objective=-13.065451 | rate=13.065451 | power=29.999939 | r_p=0.000000 | r_c=0.000000 | r_s=0.003315 | status=running
[UL Convergence] | phase=optimize | user=1 | block=0 | n_kl=60 | epoch=91/1000 | objective=-13.068626 | rate=13.068626 | power=29.999935 | r_p=0.000000 | r_c=0.000000 | r_s=0.003226 | status=running
[UL Convergence] | phase=optimize | user=1 | block=0 | n_kl=60 | epoch=92/1000 | objective=-13.071582 | rate=13.071582 | power=29.999945 | r_p=0.000000 | r_c=0.000000 | r_s=0.003137 | status=running
[UL Convergence] | phase=optimize | user=1 | block=0 | n_kl=60 | epoch=93/1000 | objective=-13.074310 | rate=13.074310 | power=29.999939 | r_p=0.000000 | r_c=0.000000 | r_s=0.003047 | status=running
[UL Convergence] | phase=optimize | user=1 | block=0 | n_kl=60 | epoch=94/1000 | objective=-13.076834 | rate=13.076834 | power=29.999945 | r_p=0.000000 | r_c=0.000000 | r_s=0.002957 | status=running
[UL Convergence] | phase=optimize | user=1 | block=0 | n_kl=60 | epoch=95/1000 | objective=-13.079161 | rate=13.079161 | power=29.999939 | r_p=0.000000 | r_c=0.000000 | r_s=0.002867 | status=running
[UL Convergence] | phase=optimize | user=1 | block=0 | n_kl=60 | epoch=96/1000 | objective=-13.081302 | rate=13.081302 | power=29.999939 | r_p=0.000000 | r_c=0.000000 | r_s=0.002777 | status=running
[UL Convergence] | phase=optimize | user=1 | block=0 | n_kl=60 | epoch=97/1000 | objective=-13.083266 | rate=13.083266 | power=29.999939 | r_p=0.000000 | r_c=0.000000 | r_s=0.002687 | status=running
[UL Convergence] | phase=optimize | user=1 | block=0 | n_kl=60 | epoch=98/1000 | objective=-13.085080 | rate=13.085080 | power=29.999939 | r_p=0.000000 | r_c=0.000000 | r_s=0.002598 | status=running
[UL Convergence] | phase=optimize | user=1 | block=0 | n_kl=60 | epoch=99/1000 | objective=-13.086729 | rate=13.086729 | power=29.999939 | r_p=0.000000 | r_c=0.000000 | r_s=0.002509 | status=running
[UL Convergence] | phase=optimize | user=1 | block=0 | n_kl=60 | epoch=100/1000 | objective=-13.088239 | rate=13.088239 | power=29.999939 | r_p=0.000000 | r_c=0.000000 | r_s=0.002422 | status=running
[UL Convergence] | phase=optimize | user=1 | block=0 | n_kl=60 | epoch=101/1000 | objective=-13.089621 | rate=13.089621 | power=29.999939 | r_p=0.000000 | r_c=0.000000 | r_s=0.002334 | status=running
[UL Convergence] | phase=optimize | user=1 | block=0 | n_kl=60 | epoch=102/1000 | objective=-13.090883 | rate=13.090883 | power=29.999939 | r_p=0.000000 | r_c=0.000000 | r_s=0.002248 | status=running
[UL Convergence] | phase=optimize | user=1 | block=0 | n_kl=60 | epoch=103/1000 | objective=-13.092019 | rate=13.092019 | power=29.999939 | r_p=0.000000 | r_c=0.000000 | r_s=0.002163 | status=running
[UL Convergence] | phase=optimize | user=1 | block=0 | n_kl=60 | epoch=104/1000 | objective=-13.093052 | rate=13.093052 | power=29.999935 | r_p=0.000000 | r_c=0.000000 | r_s=0.002079 | status=running
[UL Convergence] | phase=optimize | user=1 | block=0 | n_kl=60 | epoch=105/1000 | objective=-13.093993 | rate=13.093993 | power=29.999939 | r_p=0.000000 | r_c=0.000000 | r_s=0.001997 | status=running
[UL Convergence] | phase=optimize | user=1 | block=0 | n_kl=60 | epoch=106/1000 | objective=-13.094843 | rate=13.094843 | power=29.999935 | r_p=0.000000 | r_c=0.000000 | r_s=0.001916 | status=running
[UL Convergence] | phase=optimize | user=1 | block=0 | n_kl=60 | epoch=107/1000 | objective=-13.095604 | rate=13.095604 | power=29.999939 | r_p=0.000000 | r_c=0.000000 | r_s=0.001836 | status=running
[UL Convergence] | phase=optimize | user=1 | block=0 | n_kl=60 | epoch=108/1000 | objective=-13.096286 | rate=13.096286 | power=29.999939 | r_p=0.000000 | r_c=0.000000 | r_s=0.001758 | status=running
[UL Convergence] | phase=optimize | user=1 | block=0 | n_kl=60 | epoch=109/1000 | objective=-13.096904 | rate=13.096904 | power=29.999939 | r_p=0.000000 | r_c=0.000000 | r_s=0.001681 | status=running
[UL Convergence] | phase=optimize | user=1 | block=0 | n_kl=60 | epoch=110/1000 | objective=-13.097460 | rate=13.097460 | power=29.999939 | r_p=0.000000 | r_c=0.000000 | r_s=0.001607 | status=running
[UL Convergence] | phase=optimize | user=1 | block=0 | n_kl=60 | epoch=111/1000 | objective=-13.097954 | rate=13.097954 | power=29.999939 | r_p=0.000000 | r_c=0.000000 | r_s=0.001534 | status=running
[UL Convergence] | phase=optimize | user=1 | block=0 | n_kl=60 | epoch=112/1000 | objective=-13.098398 | rate=13.098398 | power=29.999945 | r_p=0.000000 | r_c=0.000000 | r_s=0.001463 | status=running
[UL Convergence] | phase=optimize | user=1 | block=0 | n_kl=60 | epoch=113/1000 | objective=-13.098795 | rate=13.098795 | power=29.999939 | r_p=0.000000 | r_c=0.000000 | r_s=0.001394 | status=running
[UL Convergence] | phase=optimize | user=1 | block=0 | n_kl=60 | epoch=114/1000 | objective=-13.099140 | rate=13.099140 | power=29.999939 | r_p=0.000000 | r_c=0.000000 | r_s=0.001327 | status=running
[UL Convergence] | phase=optimize | user=1 | block=0 | n_kl=60 | epoch=115/1000 | objective=-13.099457 | rate=13.099457 | power=29.999939 | r_p=0.000000 | r_c=0.000000 | r_s=0.001261 | status=running
[UL Convergence] | phase=optimize | user=1 | block=0 | n_kl=60 | epoch=116/1000 | objective=-13.099728 | rate=13.099728 | power=29.999939 | r_p=0.000000 | r_c=0.000000 | r_s=0.001198 | status=running
[UL Convergence] | phase=optimize | user=1 | block=0 | n_kl=60 | epoch=117/1000 | objective=-13.099971 | rate=13.099971 | power=29.999939 | r_p=0.000000 | r_c=0.000000 | r_s=0.001137 | status=running
[UL Convergence] | phase=optimize | user=1 | block=0 | n_kl=60 | epoch=118/1000 | objective=-13.100184 | rate=13.100184 | power=29.999939 | r_p=0.000000 | r_c=0.000000 | r_s=0.001078 | status=running
[UL Convergence] | phase=optimize | user=1 | block=0 | n_kl=60 | epoch=119/1000 | objective=-13.100365 | rate=13.100365 | power=29.999939 | r_p=0.000000 | r_c=0.000000 | r_s=0.001021 | status=running
[UL Convergence] | phase=optimize | user=1 | block=0 | n_kl=60 | epoch=120/1000 | objective=-13.100536 | rate=13.100536 | power=29.999939 | r_p=0.000000 | r_c=0.000000 | r_s=9.657917e-04 | status=running
[UL Convergence] | phase=optimize | user=1 | block=0 | n_kl=60 | epoch=121/1000 | objective=-13.100676 | rate=13.100676 | power=29.999939 | r_p=0.000000 | r_c=0.000000 | r_s=9.128399e-04 | status=running
[UL Convergence] | phase=optimize | user=1 | block=0 | n_kl=60 | epoch=122/1000 | objective=-13.100798 | rate=13.100798 | power=29.999939 | r_p=0.000000 | r_c=0.000000 | r_s=8.619724e-04 | status=running
[UL Convergence] | phase=optimize | user=1 | block=0 | n_kl=60 | epoch=123/1000 | objective=-13.100907 | rate=13.100907 | power=29.999939 | r_p=0.000000 | r_c=0.000000 | r_s=8.131061e-04 | status=running
[UL Convergence] | phase=optimize | user=1 | block=0 | n_kl=60 | epoch=124/1000 | objective=-13.101005 | rate=13.101005 | power=29.999939 | r_p=0.000000 | r_c=0.000000 | r_s=7.662735e-04 | status=running
[UL Convergence] | phase=optimize | user=1 | block=0 | n_kl=60 | epoch=125/1000 | objective=-13.101089 | rate=13.101089 | power=29.999935 | r_p=0.000000 | r_c=0.000000 | r_s=7.213933e-04 | status=running
[UL Convergence] | phase=optimize | user=1 | block=0 | n_kl=60 | epoch=126/1000 | objective=-13.101160 | rate=13.101160 | power=29.999939 | r_p=0.000000 | r_c=0.000000 | r_s=6.784918e-04 | status=running
[UL Convergence] | phase=optimize | user=1 | block=0 | n_kl=60 | epoch=127/1000 | objective=-13.101217 | rate=13.101217 | power=29.999939 | r_p=0.000000 | r_c=0.000000 | r_s=6.375013e-04 | status=running
[UL Convergence] | phase=optimize | user=1 | block=0 | n_kl=60 | epoch=128/1000 | objective=-13.101273 | rate=13.101273 | power=29.999939 | r_p=0.000000 | r_c=0.000000 | r_s=5.983849e-04 | status=kkt_converged
[UL Convergence Result] | user=1 | block=0 | n_kl=60 | achieved_rate=13.101273 | power=29.999939 | rate_gap=-6.434606 | power_gap=-6.103516e-05 | solve_status=kkt_converged
[UL Convergence Allocation] | user=1 | block=0 | n_kl=60 | requested_bits=400 | served_bits=400 | full_service=true
[UL Convergence Block] | user=1 | block=0 | stage=post_T | served_bits=400 | unserved_bits=0
[UL Convergence Reduction] | user=1 | block=0 | served_bits=400 | n_start=59 | n_min=1
[UL Convergence Solve] | user=1 | block=0 | stage=reduced_n | n_kl=59 | served_bits=400
[UL Convergence] | phase=optimize | user=1 | block=0 | n_kl=59 | epoch=1/1000 | objective=-13.081460 | rate=13.081460 | power=29.999939 | r_p=0.000000 | r_c=0.000000 | r_s=inf | status=running
[UL Convergence] | phase=optimize | user=1 | block=0 | n_kl=59 | epoch=2/1000 | objective=-13.081501 | rate=13.081501 | power=29.999935 | r_p=0.000000 | r_c=0.000000 | r_s=5.610162e-04 | status=kkt_converged
[UL Convergence Candidate] | user=1 | block=0 | n_kl=59 | achieved_rate=13.081501 | rate_gap=-6.301840 | power_gap=-6.484985e-05 | status=accepted
[UL Convergence Solve] | user=1 | block=0 | stage=reduced_n | n_kl=50 | served_bits=400
[UL Convergence] | phase=optimize | user=1 | block=0 | n_kl=50 | epoch=1/1000 | objective=-12.877411 | rate=12.877411 | power=29.999945 | r_p=0.000000 | r_c=0.000000 | r_s=inf | status=running
[UL Convergence] | phase=optimize | user=1 | block=0 | n_kl=50 | epoch=2/1000 | objective=-12.877424 | rate=12.877424 | power=29.999945 | r_p=0.000000 | r_c=0.000000 | r_s=2.968417e-04 | status=kkt_converged
[UL Convergence Candidate] | user=1 | block=0 | n_kl=50 | achieved_rate=12.877424 | rate_gap=-4.877424 | power_gap=-5.531311e-05 | status=accepted
[UL Convergence Solve] | user=1 | block=0 | stage=reduced_n | n_kl=40 | served_bits=400
[UL Convergence] | phase=optimize | user=1 | block=0 | n_kl=40 | epoch=1/1000 | objective=-12.573877 | rate=12.573877 | power=29.999945 | r_p=0.000000 | r_c=0.000000 | r_s=inf | status=running
[UL Convergence] | phase=optimize | user=1 | block=0 | n_kl=40 | epoch=2/1000 | objective=-12.573880 | rate=12.573880 | power=29.999935 | r_p=0.000000 | r_c=0.000000 | r_s=1.467667e-04 | status=kkt_converged
[UL Convergence Candidate] | user=1 | block=0 | n_kl=40 | achieved_rate=12.573880 | rate_gap=-2.573880 | power_gap=-6.484985e-05 | status=accepted
[UL Convergence Reduction] | user=1 | block=0 | n_kl=32 | status=stop_infeasible
[UL Convergence Final] | user=1 | block=0 | feasible_points=28 | chosen_n_kl=33 | served_bits=400 | achieved_rate=12.283573 | power=29.999939 | solve_status=kkt_converged
[UL Convergence Allocation] | user=1 | block=0 | chosen_n_kl=33 | served_bits=400 | unserved_bits=0 | mode=fixed_block_targets
[UL Convergence Train] | user=1 | block=1 | target_bits=400 | mode=fixed_block_targets
[UL Convergence Block] | user=1 | block=1 | budget_mode=target_bits | requested_bits=400
[UL Convergence Solve] | user=1 | block=1 | stage=n=T | n_kl=60 | requested_bits=400
[UL Convergence] | phase=optimize | user=1 | block=1 | n_kl=60 | epoch=1/1000 | objective=-10.444179 | rate=10.444179 | power=29.999939 | r_p=0.000000 | r_c=0.000000 | r_s=inf | status=running
[UL Convergence] | phase=optimize | user=1 | block=1 | n_kl=60 | epoch=2/1000 | objective=-10.513828 | rate=10.513828 | power=29.965918 | r_p=0.000000 | r_c=0.000000 | r_s=0.010328 | status=running
[UL Convergence] | phase=optimize | user=1 | block=1 | n_kl=60 | epoch=3/1000 | objective=-10.580204 | rate=10.580204 | power=29.999939 | r_p=0.000000 | r_c=0.000000 | r_s=0.008451 | status=running
[UL Convergence] | phase=optimize | user=1 | block=1 | n_kl=60 | epoch=4/1000 | objective=-10.645417 | rate=10.645417 | power=29.999939 | r_p=0.000000 | r_c=0.000000 | r_s=0.008714 | status=running
[UL Convergence] | phase=optimize | user=1 | block=1 | n_kl=60 | epoch=5/1000 | objective=-10.712630 | rate=10.712630 | power=29.999945 | r_p=0.000000 | r_c=0.000000 | r_s=0.008913 | status=running
[UL Convergence] | phase=optimize | user=1 | block=1 | n_kl=60 | epoch=6/1000 | objective=-10.781098 | rate=10.781098 | power=29.999939 | r_p=0.000000 | r_c=0.000000 | r_s=0.009054 | status=running
[UL Convergence] | phase=optimize | user=1 | block=1 | n_kl=60 | epoch=7/1000 | objective=-10.850449 | rate=10.850449 | power=29.999939 | r_p=0.000000 | r_c=0.000000 | r_s=0.009155 | status=running
[UL Convergence] | phase=optimize | user=1 | block=1 | n_kl=60 | epoch=8/1000 | objective=-10.920331 | rate=10.920331 | power=29.999935 | r_p=0.000000 | r_c=0.000000 | r_s=0.009228 | status=running
[UL Convergence] | phase=optimize | user=1 | block=1 | n_kl=60 | epoch=9/1000 | objective=-10.990541 | rate=10.990541 | power=29.999945 | r_p=0.000000 | r_c=0.000000 | r_s=0.009278 | status=running
[UL Convergence] | phase=optimize | user=1 | block=1 | n_kl=60 | epoch=10/1000 | objective=-11.060852 | rate=11.060852 | power=29.999945 | r_p=0.000000 | r_c=0.000000 | r_s=0.009309 | status=running
[UL Convergence] | phase=optimize | user=1 | block=1 | n_kl=60 | epoch=11/1000 | objective=-11.131083 | rate=11.131083 | power=29.999939 | r_p=0.000000 | r_c=0.000000 | r_s=0.009322 | status=running
[UL Convergence] | phase=optimize | user=1 | block=1 | n_kl=60 | epoch=12/1000 | objective=-11.201113 | rate=11.201113 | power=29.999935 | r_p=0.000000 | r_c=0.000000 | r_s=0.009321 | status=running
[UL Convergence] | phase=optimize | user=1 | block=1 | n_kl=60 | epoch=13/1000 | objective=-11.270758 | rate=11.270758 | power=29.999935 | r_p=0.000000 | r_c=0.000000 | r_s=0.009305 | status=running
[UL Convergence] | phase=optimize | user=1 | block=1 | n_kl=60 | epoch=14/1000 | objective=-11.339964 | rate=11.339964 | power=29.999939 | r_p=0.000000 | r_c=0.000000 | r_s=0.009278 | status=running
[UL Convergence] | phase=optimize | user=1 | block=1 | n_kl=60 | epoch=15/1000 | objective=-11.408592 | rate=11.408592 | power=29.999945 | r_p=0.000000 | r_c=0.000000 | r_s=0.009243 | status=running
[UL Convergence] | phase=optimize | user=1 | block=1 | n_kl=60 | epoch=16/1000 | objective=-11.476596 | rate=11.476596 | power=29.999939 | r_p=0.000000 | r_c=0.000000 | r_s=0.009203 | status=running
[UL Convergence] | phase=optimize | user=1 | block=1 | n_kl=60 | epoch=17/1000 | objective=-11.543908 | rate=11.543908 | power=29.999935 | r_p=0.000000 | r_c=0.000000 | r_s=0.009162 | status=running
[UL Convergence] | phase=optimize | user=1 | block=1 | n_kl=60 | epoch=18/1000 | objective=-11.610472 | rate=11.610472 | power=29.999939 | r_p=0.000000 | r_c=0.000000 | r_s=0.009124 | status=running
[UL Convergence] | phase=optimize | user=1 | block=1 | n_kl=60 | epoch=19/1000 | objective=-11.676225 | rate=11.676225 | power=29.999945 | r_p=0.000000 | r_c=0.000000 | r_s=0.009088 | status=running
[UL Convergence] | phase=optimize | user=1 | block=1 | n_kl=60 | epoch=20/1000 | objective=-11.741145 | rate=11.741145 | power=29.999945 | r_p=0.000000 | r_c=0.000000 | r_s=0.009054 | status=running
[UL Convergence] | phase=optimize | user=1 | block=1 | n_kl=60 | epoch=21/1000 | objective=-11.805147 | rate=11.805147 | power=29.999945 | r_p=0.000000 | r_c=0.000000 | r_s=0.009020 | status=running
[UL Convergence] | phase=optimize | user=1 | block=1 | n_kl=60 | epoch=22/1000 | objective=-11.868208 | rate=11.868208 | power=29.999939 | r_p=0.000000 | r_c=0.000000 | r_s=0.008985 | status=running
[UL Convergence] | phase=optimize | user=1 | block=1 | n_kl=60 | epoch=23/1000 | objective=-11.930271 | rate=11.930271 | power=29.999939 | r_p=0.000000 | r_c=0.000000 | r_s=0.008946 | status=running
[UL Convergence] | phase=optimize | user=1 | block=1 | n_kl=60 | epoch=24/1000 | objective=-11.991287 | rate=11.991287 | power=29.999939 | r_p=0.000000 | r_c=0.000000 | r_s=0.008904 | status=running
[UL Convergence] | phase=optimize | user=1 | block=1 | n_kl=60 | epoch=25/1000 | objective=-12.051210 | rate=12.051210 | power=29.999939 | r_p=0.000000 | r_c=0.000000 | r_s=0.008858 | status=running
[UL Convergence] | phase=optimize | user=1 | block=1 | n_kl=60 | epoch=26/1000 | objective=-12.110023 | rate=12.110023 | power=29.999945 | r_p=0.000000 | r_c=0.000000 | r_s=0.008808 | status=running
[UL Convergence] | phase=optimize | user=1 | block=1 | n_kl=60 | epoch=27/1000 | objective=-12.167673 | rate=12.167673 | power=29.999939 | r_p=0.000000 | r_c=0.000000 | r_s=0.008756 | status=running
[UL Convergence] | phase=optimize | user=1 | block=1 | n_kl=60 | epoch=28/1000 | objective=-12.224128 | rate=12.224128 | power=29.999939 | r_p=0.000000 | r_c=0.000000 | r_s=0.008700 | status=running
[UL Convergence] | phase=optimize | user=1 | block=1 | n_kl=60 | epoch=29/1000 | objective=-12.279388 | rate=12.279388 | power=29.999939 | r_p=0.000000 | r_c=0.000000 | r_s=0.008642 | status=running
[UL Convergence] | phase=optimize | user=1 | block=1 | n_kl=60 | epoch=30/1000 | objective=-12.333402 | rate=12.333402 | power=29.999939 | r_p=0.000000 | r_c=0.000000 | r_s=0.008581 | status=running
[UL Convergence] | phase=optimize | user=1 | block=1 | n_kl=60 | epoch=31/1000 | objective=-12.386174 | rate=12.386174 | power=29.999939 | r_p=0.000000 | r_c=0.000000 | r_s=0.008519 | status=running
[UL Convergence] | phase=optimize | user=1 | block=1 | n_kl=60 | epoch=32/1000 | objective=-12.437658 | rate=12.437658 | power=29.999935 | r_p=0.000000 | r_c=0.000000 | r_s=0.008455 | status=running
[UL Convergence] | phase=optimize | user=1 | block=1 | n_kl=60 | epoch=33/1000 | objective=-12.487890 | rate=12.487890 | power=29.999935 | r_p=0.000000 | r_c=0.000000 | r_s=0.008390 | status=running
[UL Convergence] | phase=optimize | user=1 | block=1 | n_kl=60 | epoch=34/1000 | objective=-12.536835 | rate=12.536835 | power=29.999935 | r_p=0.000000 | r_c=0.000000 | r_s=0.008323 | status=running
[UL Convergence] | phase=optimize | user=1 | block=1 | n_kl=60 | epoch=35/1000 | objective=-12.584481 | rate=12.584481 | power=29.999935 | r_p=0.000000 | r_c=0.000000 | r_s=0.008254 | status=running
[UL Convergence] | phase=optimize | user=1 | block=1 | n_kl=60 | epoch=36/1000 | objective=-12.630854 | rate=12.630854 | power=29.999939 | r_p=0.000000 | r_c=0.000000 | r_s=0.008185 | status=running
[UL Convergence] | phase=optimize | user=1 | block=1 | n_kl=60 | epoch=37/1000 | objective=-12.675935 | rate=12.675935 | power=29.999939 | r_p=0.000000 | r_c=0.000000 | r_s=0.008114 | status=running
[UL Convergence] | phase=optimize | user=1 | block=1 | n_kl=60 | epoch=38/1000 | objective=-12.719735 | rate=12.719735 | power=29.999939 | r_p=0.000000 | r_c=0.000000 | r_s=0.008042 | status=running
[UL Convergence] | phase=optimize | user=1 | block=1 | n_kl=60 | epoch=39/1000 | objective=-12.762248 | rate=12.762248 | power=29.999939 | r_p=0.000000 | r_c=0.000000 | r_s=0.007969 | status=running
[UL Convergence] | phase=optimize | user=1 | block=1 | n_kl=60 | epoch=40/1000 | objective=-12.803498 | rate=12.803498 | power=29.999939 | r_p=0.000000 | r_c=0.000000 | r_s=0.007894 | status=running
[UL Convergence] | phase=optimize | user=1 | block=1 | n_kl=60 | epoch=41/1000 | objective=-12.843485 | rate=12.843485 | power=29.999939 | r_p=0.000000 | r_c=0.000000 | r_s=0.007819 | status=running
[UL Convergence] | phase=optimize | user=1 | block=1 | n_kl=60 | epoch=42/1000 | objective=-12.882223 | rate=12.882223 | power=29.999939 | r_p=0.000000 | r_c=0.000000 | r_s=0.007742 | status=running
[UL Convergence] | phase=optimize | user=1 | block=1 | n_kl=60 | epoch=43/1000 | objective=-12.919729 | rate=12.919729 | power=29.999945 | r_p=0.000000 | r_c=0.000000 | r_s=0.007664 | status=running
[UL Convergence] | phase=optimize | user=1 | block=1 | n_kl=60 | epoch=44/1000 | objective=-12.956021 | rate=12.956021 | power=29.999939 | r_p=0.000000 | r_c=0.000000 | r_s=0.007585 | status=running
[UL Convergence] | phase=optimize | user=1 | block=1 | n_kl=60 | epoch=45/1000 | objective=-12.991101 | rate=12.991101 | power=29.999939 | r_p=0.000000 | r_c=0.000000 | r_s=0.007505 | status=running
[UL Convergence] | phase=optimize | user=1 | block=1 | n_kl=60 | epoch=46/1000 | objective=-13.024993 | rate=13.024993 | power=29.999935 | r_p=0.000000 | r_c=0.000000 | r_s=0.007424 | status=running
[UL Convergence] | phase=optimize | user=1 | block=1 | n_kl=60 | epoch=47/1000 | objective=-13.057717 | rate=13.057717 | power=29.999939 | r_p=0.000000 | r_c=0.000000 | r_s=0.007341 | status=running
[UL Convergence] | phase=optimize | user=1 | block=1 | n_kl=60 | epoch=48/1000 | objective=-13.089293 | rate=13.089293 | power=29.999939 | r_p=0.000000 | r_c=0.000000 | r_s=0.007258 | status=running
[UL Convergence] | phase=optimize | user=1 | block=1 | n_kl=60 | epoch=49/1000 | objective=-13.119744 | rate=13.119744 | power=29.999939 | r_p=0.000000 | r_c=0.000000 | r_s=0.007173 | status=running
[UL Convergence] | phase=optimize | user=1 | block=1 | n_kl=60 | epoch=50/1000 | objective=-13.149082 | rate=13.149082 | power=29.999939 | r_p=0.000000 | r_c=0.000000 | r_s=0.007088 | status=running
[UL Convergence] | phase=optimize | user=1 | block=1 | n_kl=60 | epoch=51/1000 | objective=-13.177336 | rate=13.177336 | power=29.999935 | r_p=0.000000 | r_c=0.000000 | r_s=0.007001 | status=running
[UL Convergence] | phase=optimize | user=1 | block=1 | n_kl=60 | epoch=52/1000 | objective=-13.204517 | rate=13.204517 | power=29.999935 | r_p=0.000000 | r_c=0.000000 | r_s=0.006913 | status=running
[UL Convergence] | phase=optimize | user=1 | block=1 | n_kl=60 | epoch=53/1000 | objective=-13.230671 | rate=13.230671 | power=29.999939 | r_p=0.000000 | r_c=0.000000 | r_s=0.006824 | status=running
[UL Convergence] | phase=optimize | user=1 | block=1 | n_kl=60 | epoch=54/1000 | objective=-13.255798 | rate=13.255798 | power=29.999939 | r_p=0.000000 | r_c=0.000000 | r_s=0.006735 | status=running
[UL Convergence] | phase=optimize | user=1 | block=1 | n_kl=60 | epoch=55/1000 | objective=-13.279934 | rate=13.279934 | power=29.999939 | r_p=0.000000 | r_c=0.000000 | r_s=0.006644 | status=running
[UL Convergence] | phase=optimize | user=1 | block=1 | n_kl=60 | epoch=56/1000 | objective=-13.303093 | rate=13.303093 | power=29.999939 | r_p=0.000000 | r_c=0.000000 | r_s=0.006553 | status=running
[UL Convergence] | phase=optimize | user=1 | block=1 | n_kl=60 | epoch=57/1000 | objective=-13.325316 | rate=13.325316 | power=29.999935 | r_p=0.000000 | r_c=0.000000 | r_s=0.006460 | status=running
[UL Convergence] | phase=optimize | user=1 | block=1 | n_kl=60 | epoch=58/1000 | objective=-13.346616 | rate=13.346616 | power=29.999939 | r_p=0.000000 | r_c=0.000000 | r_s=0.006367 | status=running
[UL Convergence] | phase=optimize | user=1 | block=1 | n_kl=60 | epoch=59/1000 | objective=-13.367016 | rate=13.367016 | power=29.999939 | r_p=0.000000 | r_c=0.000000 | r_s=0.006274 | status=running
[UL Convergence] | phase=optimize | user=1 | block=1 | n_kl=60 | epoch=60/1000 | objective=-13.386543 | rate=13.386543 | power=29.999939 | r_p=0.000000 | r_c=0.000000 | r_s=0.006179 | status=running
[UL Convergence] | phase=optimize | user=1 | block=1 | n_kl=60 | epoch=61/1000 | objective=-13.405224 | rate=13.405224 | power=29.999939 | r_p=0.000000 | r_c=0.000000 | r_s=0.006084 | status=running
[UL Convergence] | phase=optimize | user=1 | block=1 | n_kl=60 | epoch=62/1000 | objective=-13.423080 | rate=13.423080 | power=29.999939 | r_p=0.000000 | r_c=0.000000 | r_s=0.005989 | status=running
[UL Convergence] | phase=optimize | user=1 | block=1 | n_kl=60 | epoch=63/1000 | objective=-13.440144 | rate=13.440144 | power=29.999939 | r_p=0.000000 | r_c=0.000000 | r_s=0.005892 | status=running
[UL Convergence] | phase=optimize | user=1 | block=1 | n_kl=60 | epoch=64/1000 | objective=-13.456428 | rate=13.456428 | power=29.999945 | r_p=0.000000 | r_c=0.000000 | r_s=0.005796 | status=running
[UL Convergence] | phase=optimize | user=1 | block=1 | n_kl=60 | epoch=65/1000 | objective=-13.471964 | rate=13.471964 | power=29.999939 | r_p=0.000000 | r_c=0.000000 | r_s=0.005699 | status=running
[UL Convergence] | phase=optimize | user=1 | block=1 | n_kl=60 | epoch=66/1000 | objective=-13.486765 | rate=13.486765 | power=29.999935 | r_p=0.000000 | r_c=0.000000 | r_s=0.005602 | status=running
[UL Convergence] | phase=optimize | user=1 | block=1 | n_kl=60 | epoch=67/1000 | objective=-13.500863 | rate=13.500863 | power=29.999939 | r_p=0.000000 | r_c=0.000000 | r_s=0.005504 | status=running
[UL Convergence] | phase=optimize | user=1 | block=1 | n_kl=60 | epoch=68/1000 | objective=-13.514294 | rate=13.514294 | power=29.999939 | r_p=0.000000 | r_c=0.000000 | r_s=0.005406 | status=running
[UL Convergence] | phase=optimize | user=1 | block=1 | n_kl=60 | epoch=69/1000 | objective=-13.527057 | rate=13.527057 | power=29.999939 | r_p=0.000000 | r_c=0.000000 | r_s=0.005308 | status=running
[UL Convergence] | phase=optimize | user=1 | block=1 | n_kl=60 | epoch=70/1000 | objective=-13.539195 | rate=13.539195 | power=29.999939 | r_p=0.000000 | r_c=0.000000 | r_s=0.005210 | status=running
[UL Convergence] | phase=optimize | user=1 | block=1 | n_kl=60 | epoch=71/1000 | objective=-13.550719 | rate=13.550719 | power=29.999939 | r_p=0.000000 | r_c=0.000000 | r_s=0.005111 | status=running
[UL Convergence] | phase=optimize | user=1 | block=1 | n_kl=60 | epoch=72/1000 | objective=-13.561653 | rate=13.561653 | power=29.999935 | r_p=0.000000 | r_c=0.000000 | r_s=0.005013 | status=running
[UL Convergence] | phase=optimize | user=1 | block=1 | n_kl=60 | epoch=73/1000 | objective=-13.572026 | rate=13.572026 | power=29.999939 | r_p=0.000000 | r_c=0.000000 | r_s=0.004914 | status=running
[UL Convergence] | phase=optimize | user=1 | block=1 | n_kl=60 | epoch=74/1000 | objective=-13.581841 | rate=13.581841 | power=29.999939 | r_p=0.000000 | r_c=0.000000 | r_s=0.004816 | status=running
[UL Convergence] | phase=optimize | user=1 | block=1 | n_kl=60 | epoch=75/1000 | objective=-13.591141 | rate=13.591141 | power=29.999939 | r_p=0.000000 | r_c=0.000000 | r_s=0.004718 | status=running
[UL Convergence] | phase=optimize | user=1 | block=1 | n_kl=60 | epoch=76/1000 | objective=-13.599942 | rate=13.599942 | power=29.999945 | r_p=0.000000 | r_c=0.000000 | r_s=0.004619 | status=running
[UL Convergence] | phase=optimize | user=1 | block=1 | n_kl=60 | epoch=77/1000 | objective=-13.608252 | rate=13.608252 | power=29.999939 | r_p=0.000000 | r_c=0.000000 | r_s=0.004521 | status=running
[UL Convergence] | phase=optimize | user=1 | block=1 | n_kl=60 | epoch=78/1000 | objective=-13.616104 | rate=13.616104 | power=29.999935 | r_p=0.000000 | r_c=0.000000 | r_s=0.004424 | status=running
[UL Convergence] | phase=optimize | user=1 | block=1 | n_kl=60 | epoch=79/1000 | objective=-13.623504 | rate=13.623504 | power=29.999945 | r_p=0.000000 | r_c=0.000000 | r_s=0.004326 | status=running
[UL Convergence] | phase=optimize | user=1 | block=1 | n_kl=60 | epoch=80/1000 | objective=-13.630489 | rate=13.630489 | power=29.999939 | r_p=0.000000 | r_c=0.000000 | r_s=0.004229 | status=running
[UL Convergence] | phase=optimize | user=1 | block=1 | n_kl=60 | epoch=81/1000 | objective=-13.637065 | rate=13.637065 | power=29.999935 | r_p=0.000000 | r_c=0.000000 | r_s=0.004132 | status=running
[UL Convergence] | phase=optimize | user=1 | block=1 | n_kl=60 | epoch=82/1000 | objective=-13.643259 | rate=13.643259 | power=29.999945 | r_p=0.000000 | r_c=0.000000 | r_s=0.004035 | status=running
[UL Convergence] | phase=optimize | user=1 | block=1 | n_kl=60 | epoch=83/1000 | objective=-13.649078 | rate=13.649078 | power=29.999939 | r_p=0.000000 | r_c=0.000000 | r_s=0.003939 | status=running
[UL Convergence] | phase=optimize | user=1 | block=1 | n_kl=60 | epoch=84/1000 | objective=-13.654537 | rate=13.654537 | power=29.999935 | r_p=0.000000 | r_c=0.000000 | r_s=0.003844 | status=running
[UL Convergence] | phase=optimize | user=1 | block=1 | n_kl=60 | epoch=85/1000 | objective=-13.659669 | rate=13.659669 | power=29.999939 | r_p=0.000000 | r_c=0.000000 | r_s=0.003749 | status=running
[UL Convergence] | phase=optimize | user=1 | block=1 | n_kl=60 | epoch=86/1000 | objective=-13.664473 | rate=13.664473 | power=29.999939 | r_p=0.000000 | r_c=0.000000 | r_s=0.003655 | status=running
[UL Convergence] | phase=optimize | user=1 | block=1 | n_kl=60 | epoch=87/1000 | objective=-13.668991 | rate=13.668991 | power=29.999939 | r_p=0.000000 | r_c=0.000000 | r_s=0.003562 | status=running
[UL Convergence] | phase=optimize | user=1 | block=1 | n_kl=60 | epoch=88/1000 | objective=-13.673207 | rate=13.673207 | power=29.999945 | r_p=0.000000 | r_c=0.000000 | r_s=0.003469 | status=running
[UL Convergence] | phase=optimize | user=1 | block=1 | n_kl=60 | epoch=89/1000 | objective=-13.677147 | rate=13.677147 | power=29.999939 | r_p=0.000000 | r_c=0.000000 | r_s=0.003377 | status=running
[UL Convergence] | phase=optimize | user=1 | block=1 | n_kl=60 | epoch=90/1000 | objective=-13.680829 | rate=13.680829 | power=29.999939 | r_p=0.000000 | r_c=0.000000 | r_s=0.003286 | status=running
[UL Convergence] | phase=optimize | user=1 | block=1 | n_kl=60 | epoch=91/1000 | objective=-13.684277 | rate=13.684277 | power=29.999945 | r_p=0.000000 | r_c=0.000000 | r_s=0.003195 | status=running
[UL Convergence] | phase=optimize | user=1 | block=1 | n_kl=60 | epoch=92/1000 | objective=-13.687471 | rate=13.687471 | power=29.999945 | r_p=0.000000 | r_c=0.000000 | r_s=0.003106 | status=running
[UL Convergence] | phase=optimize | user=1 | block=1 | n_kl=60 | epoch=93/1000 | objective=-13.690462 | rate=13.690462 | power=29.999939 | r_p=0.000000 | r_c=0.000000 | r_s=0.003018 | status=running
[UL Convergence] | phase=optimize | user=1 | block=1 | n_kl=60 | epoch=94/1000 | objective=-13.693239 | rate=13.693239 | power=29.999939 | r_p=0.000000 | r_c=0.000000 | r_s=0.002930 | status=running
[UL Convergence] | phase=optimize | user=1 | block=1 | n_kl=60 | epoch=95/1000 | objective=-13.695810 | rate=13.695810 | power=29.999935 | r_p=0.000000 | r_c=0.000000 | r_s=0.002844 | status=running
[UL Convergence] | phase=optimize | user=1 | block=1 | n_kl=60 | epoch=96/1000 | objective=-13.698212 | rate=13.698212 | power=29.999945 | r_p=0.000000 | r_c=0.000000 | r_s=0.002759 | status=running
[UL Convergence] | phase=optimize | user=1 | block=1 | n_kl=60 | epoch=97/1000 | objective=-13.700432 | rate=13.700432 | power=29.999939 | r_p=0.000000 | r_c=0.000000 | r_s=0.002675 | status=running
[UL Convergence] | phase=optimize | user=1 | block=1 | n_kl=60 | epoch=98/1000 | objective=-13.702493 | rate=13.702493 | power=29.999939 | r_p=0.000000 | r_c=0.000000 | r_s=0.002592 | status=running
[UL Convergence] | phase=optimize | user=1 | block=1 | n_kl=60 | epoch=99/1000 | objective=-13.704405 | rate=13.704405 | power=29.999939 | r_p=0.000000 | r_c=0.000000 | r_s=0.002510 | status=running
[UL Convergence] | phase=optimize | user=1 | block=1 | n_kl=60 | epoch=100/1000 | objective=-13.706163 | rate=13.706163 | power=29.999939 | r_p=0.000000 | r_c=0.000000 | r_s=0.002430 | status=running
[UL Convergence] | phase=optimize | user=1 | block=1 | n_kl=60 | epoch=101/1000 | objective=-13.707793 | rate=13.707793 | power=29.999945 | r_p=0.000000 | r_c=0.000000 | r_s=0.002350 | status=running
[UL Convergence] | phase=optimize | user=1 | block=1 | n_kl=60 | epoch=102/1000 | objective=-13.709295 | rate=13.709295 | power=29.999939 | r_p=0.000000 | r_c=0.000000 | r_s=0.002273 | status=running
[UL Convergence] | phase=optimize | user=1 | block=1 | n_kl=60 | epoch=103/1000 | objective=-13.710682 | rate=13.710682 | power=29.999935 | r_p=0.000000 | r_c=0.000000 | r_s=0.002196 | status=running
[UL Convergence] | phase=optimize | user=1 | block=1 | n_kl=60 | epoch=104/1000 | objective=-13.711946 | rate=13.711946 | power=29.999939 | r_p=0.000000 | r_c=0.000000 | r_s=0.002121 | status=running
[UL Convergence] | phase=optimize | user=1 | block=1 | n_kl=60 | epoch=105/1000 | objective=-13.713110 | rate=13.713110 | power=29.999935 | r_p=0.000000 | r_c=0.000000 | r_s=0.002047 | status=running
[UL Convergence] | phase=optimize | user=1 | block=1 | n_kl=60 | epoch=106/1000 | objective=-13.714190 | rate=13.714190 | power=29.999939 | r_p=0.000000 | r_c=0.000000 | r_s=0.001975 | status=running
[UL Convergence] | phase=optimize | user=1 | block=1 | n_kl=60 | epoch=107/1000 | objective=-13.715174 | rate=13.715174 | power=29.999939 | r_p=0.000000 | r_c=0.000000 | r_s=0.001904 | status=running
[UL Convergence] | phase=optimize | user=1 | block=1 | n_kl=60 | epoch=108/1000 | objective=-13.716080 | rate=13.716080 | power=29.999939 | r_p=0.000000 | r_c=0.000000 | r_s=0.001834 | status=running
[UL Convergence] | phase=optimize | user=1 | block=1 | n_kl=60 | epoch=109/1000 | objective=-13.716908 | rate=13.716908 | power=29.999935 | r_p=0.000000 | r_c=0.000000 | r_s=0.001766 | status=running
[UL Convergence] | phase=optimize | user=1 | block=1 | n_kl=60 | epoch=110/1000 | objective=-13.717659 | rate=13.717659 | power=29.999939 | r_p=0.000000 | r_c=0.000000 | r_s=0.001700 | status=running
[UL Convergence] | phase=optimize | user=1 | block=1 | n_kl=60 | epoch=111/1000 | objective=-13.718350 | rate=13.718350 | power=29.999945 | r_p=0.000000 | r_c=0.000000 | r_s=0.001635 | status=running
[UL Convergence] | phase=optimize | user=1 | block=1 | n_kl=60 | epoch=112/1000 | objective=-13.718974 | rate=13.718974 | power=29.999945 | r_p=0.000000 | r_c=0.000000 | r_s=0.001571 | status=running
[UL Convergence] | phase=optimize | user=1 | block=1 | n_kl=60 | epoch=113/1000 | objective=-13.719543 | rate=13.719543 | power=29.999939 | r_p=0.000000 | r_c=0.000000 | r_s=0.001510 | status=running
[UL Convergence] | phase=optimize | user=1 | block=1 | n_kl=60 | epoch=114/1000 | objective=-13.720060 | rate=13.720060 | power=29.999939 | r_p=0.000000 | r_c=0.000000 | r_s=0.001449 | status=running
[UL Convergence] | phase=optimize | user=1 | block=1 | n_kl=60 | epoch=115/1000 | objective=-13.720538 | rate=13.720538 | power=29.999939 | r_p=0.000000 | r_c=0.000000 | r_s=0.001390 | status=running
[UL Convergence] | phase=optimize | user=1 | block=1 | n_kl=60 | epoch=116/1000 | objective=-13.720957 | rate=13.720957 | power=29.999939 | r_p=0.000000 | r_c=0.000000 | r_s=0.001333 | status=running
[UL Convergence] | phase=optimize | user=1 | block=1 | n_kl=60 | epoch=117/1000 | objective=-13.721350 | rate=13.721350 | power=29.999939 | r_p=0.000000 | r_c=0.000000 | r_s=0.001277 | status=running
[UL Convergence] | phase=optimize | user=1 | block=1 | n_kl=60 | epoch=118/1000 | objective=-13.721702 | rate=13.721702 | power=29.999945 | r_p=0.000000 | r_c=0.000000 | r_s=0.001223 | status=running
[UL Convergence] | phase=optimize | user=1 | block=1 | n_kl=60 | epoch=119/1000 | objective=-13.722019 | rate=13.722019 | power=29.999939 | r_p=0.000000 | r_c=0.000000 | r_s=0.001171 | status=running
[UL Convergence] | phase=optimize | user=1 | block=1 | n_kl=60 | epoch=120/1000 | objective=-13.722301 | rate=13.722301 | power=29.999935 | r_p=0.000000 | r_c=0.000000 | r_s=0.001120 | status=running
[UL Convergence] | phase=optimize | user=1 | block=1 | n_kl=60 | epoch=121/1000 | objective=-13.722556 | rate=13.722556 | power=29.999939 | r_p=0.000000 | r_c=0.000000 | r_s=0.001070 | status=running
[UL Convergence] | phase=optimize | user=1 | block=1 | n_kl=60 | epoch=122/1000 | objective=-13.722789 | rate=13.722789 | power=29.999939 | r_p=0.000000 | r_c=0.000000 | r_s=0.001022 | status=running
[UL Convergence] | phase=optimize | user=1 | block=1 | n_kl=60 | epoch=123/1000 | objective=-13.722998 | rate=13.722998 | power=29.999945 | r_p=0.000000 | r_c=0.000000 | r_s=9.756839e-04 | status=running
[UL Convergence] | phase=optimize | user=1 | block=1 | n_kl=60 | epoch=124/1000 | objective=-13.723181 | rate=13.723181 | power=29.999945 | r_p=0.000000 | r_c=0.000000 | r_s=9.307246e-04 | status=running
[UL Convergence] | phase=optimize | user=1 | block=1 | n_kl=60 | epoch=125/1000 | objective=-13.723351 | rate=13.723351 | power=29.999935 | r_p=0.000000 | r_c=0.000000 | r_s=8.872148e-04 | status=running
[UL Convergence] | phase=optimize | user=1 | block=1 | n_kl=60 | epoch=126/1000 | objective=-13.723495 | rate=13.723495 | power=29.999939 | r_p=0.000000 | r_c=0.000000 | r_s=8.451907e-04 | status=running
[UL Convergence] | phase=optimize | user=1 | block=1 | n_kl=60 | epoch=127/1000 | objective=-13.723633 | rate=13.723633 | power=29.999939 | r_p=0.000000 | r_c=0.000000 | r_s=8.046195e-04 | status=running
[UL Convergence] | phase=optimize | user=1 | block=1 | n_kl=60 | epoch=128/1000 | objective=-13.723750 | rate=13.723750 | power=29.999935 | r_p=0.000000 | r_c=0.000000 | r_s=7.654409e-04 | status=running
[UL Convergence] | phase=optimize | user=1 | block=1 | n_kl=60 | epoch=129/1000 | objective=-13.723848 | rate=13.723848 | power=29.999935 | r_p=0.000000 | r_c=0.000000 | r_s=7.276834e-04 | status=running
[UL Convergence] | phase=optimize | user=1 | block=1 | n_kl=60 | epoch=130/1000 | objective=-13.723951 | rate=13.723951 | power=29.999939 | r_p=0.000000 | r_c=0.000000 | r_s=6.912905e-04 | status=running
[UL Convergence] | phase=optimize | user=1 | block=1 | n_kl=60 | epoch=131/1000 | objective=-13.724021 | rate=13.724021 | power=29.999939 | r_p=0.000000 | r_c=0.000000 | r_s=6.562496e-04 | status=running
[UL Convergence] | phase=optimize | user=1 | block=1 | n_kl=60 | epoch=132/1000 | objective=-13.724095 | rate=13.724095 | power=29.999939 | r_p=0.000000 | r_c=0.000000 | r_s=6.225260e-04 | status=running
[UL Convergence] | phase=optimize | user=1 | block=1 | n_kl=60 | epoch=133/1000 | objective=-13.724166 | rate=13.724166 | power=29.999939 | r_p=0.000000 | r_c=0.000000 | r_s=5.901016e-04 | status=kkt_converged
[UL Convergence Result] | user=1 | block=1 | n_kl=60 | achieved_rate=13.724166 | power=29.999939 | rate_gap=-7.057499 | power_gap=-6.103516e-05 | solve_status=kkt_converged
[UL Convergence Allocation] | user=1 | block=1 | n_kl=60 | requested_bits=400 | served_bits=400 | full_service=true
[UL Convergence Block] | user=1 | block=1 | stage=post_T | served_bits=400 | unserved_bits=0
[UL Convergence Reduction] | user=1 | block=1 | served_bits=400 | n_start=59 | n_min=1
[UL Convergence Solve] | user=1 | block=1 | stage=reduced_n | n_kl=59 | served_bits=400
[UL Convergence] | phase=optimize | user=1 | block=1 | n_kl=59 | epoch=1/1000 | objective=-13.704256 | rate=13.704256 | power=29.999939 | r_p=0.000000 | r_c=0.000000 | r_s=inf | status=running
[UL Convergence] | phase=optimize | user=1 | block=1 | n_kl=59 | epoch=2/1000 | objective=-13.704313 | rate=13.704313 | power=29.999939 | r_p=0.000000 | r_c=0.000000 | r_s=5.589469e-04 | status=kkt_converged
[UL Convergence Candidate] | user=1 | block=1 | n_kl=59 | achieved_rate=13.704313 | rate_gap=-6.924652 | power_gap=-6.103516e-05 | status=accepted
[UL Convergence Solve] | user=1 | block=1 | stage=reduced_n | n_kl=50 | served_bits=400
[UL Convergence] | phase=optimize | user=1 | block=1 | n_kl=50 | epoch=1/1000 | objective=-13.499300 | rate=13.499300 | power=29.999939 | r_p=0.000000 | r_c=0.000000 | r_s=inf | status=running
[UL Convergence] | phase=optimize | user=1 | block=1 | n_kl=50 | epoch=2/1000 | objective=-13.499320 | rate=13.499320 | power=29.999939 | r_p=0.000000 | r_c=0.000000 | r_s=3.313173e-04 | status=kkt_converged
[UL Convergence Candidate] | user=1 | block=1 | n_kl=50 | achieved_rate=13.499320 | rate_gap=-5.499320 | power_gap=-6.103516e-05 | status=accepted
[UL Convergence Solve] | user=1 | block=1 | stage=reduced_n | n_kl=40 | served_bits=400
[UL Convergence] | phase=optimize | user=1 | block=1 | n_kl=40 | epoch=1/1000 | objective=-13.194351 | rate=13.194351 | power=29.999939 | r_p=0.000000 | r_c=0.000000 | r_s=inf | status=running
[UL Convergence] | phase=optimize | user=1 | block=1 | n_kl=40 | epoch=2/1000 | objective=-13.194347 | rate=13.194347 | power=29.999939 | r_p=0.000000 | r_c=0.000000 | r_s=1.861931e-04 | status=kkt_converged
[UL Convergence Candidate] | user=1 | block=1 | n_kl=40 | achieved_rate=13.194351 | rate_gap=-3.194351 | power_gap=-6.103516e-05 | status=accepted
[UL Convergence Reduction] | user=1 | block=1 | n_kl=31 | status=stop_infeasible
[UL Convergence Final] | user=1 | block=1 | feasible_points=29 | chosen_n_kl=32 | served_bits=400 | achieved_rate=12.853296 | power=29.999939 | solve_status=kkt_converged
[UL Convergence Allocation] | user=1 | block=1 | chosen_n_kl=32 | served_bits=400 | unserved_bits=0 | mode=fixed_block_targets
[UL Convergence Train] | user=1 | block=2 | target_bits=400 | mode=fixed_block_targets
[UL Convergence Block] | user=1 | block=2 | budget_mode=target_bits | requested_bits=400
[UL Convergence Solve] | user=1 | block=2 | stage=n=T | n_kl=60 | requested_bits=400
[UL Convergence] | phase=optimize | user=1 | block=2 | n_kl=60 | epoch=1/1000 | objective=-10.397500 | rate=10.397500 | power=29.999935 | r_p=0.000000 | r_c=0.000000 | r_s=inf | status=running
[UL Convergence] | phase=optimize | user=1 | block=2 | n_kl=60 | epoch=2/1000 | objective=-10.480055 | rate=10.480055 | power=29.987362 | r_p=0.000000 | r_c=0.000000 | r_s=0.010328 | status=running
[UL Convergence] | phase=optimize | user=1 | block=2 | n_kl=60 | epoch=3/1000 | objective=-10.552104 | rate=10.552104 | power=29.999935 | r_p=0.000000 | r_c=0.000000 | r_s=0.008051 | status=running
[UL Convergence] | phase=optimize | user=1 | block=2 | n_kl=60 | epoch=4/1000 | objective=-10.624077 | rate=10.624077 | power=29.999945 | r_p=0.000000 | r_c=0.000000 | r_s=0.008199 | status=running
[UL Convergence] | phase=optimize | user=1 | block=2 | n_kl=60 | epoch=5/1000 | objective=-10.696064 | rate=10.696064 | power=29.999939 | r_p=0.000000 | r_c=0.000000 | r_s=0.008305 | status=running
[UL Convergence] | phase=optimize | user=1 | block=2 | n_kl=60 | epoch=6/1000 | objective=-10.767332 | rate=10.767332 | power=29.999939 | r_p=0.000000 | r_c=0.000000 | r_s=0.008374 | status=running
[UL Convergence] | phase=optimize | user=1 | block=2 | n_kl=60 | epoch=7/1000 | objective=-10.837507 | rate=10.837507 | power=29.999935 | r_p=0.000000 | r_c=0.000000 | r_s=0.008416 | status=running
[UL Convergence] | phase=optimize | user=1 | block=2 | n_kl=60 | epoch=8/1000 | objective=-10.906336 | rate=10.906336 | power=29.999939 | r_p=0.000000 | r_c=0.000000 | r_s=0.008435 | status=running
[UL Convergence] | phase=optimize | user=1 | block=2 | n_kl=60 | epoch=9/1000 | objective=-10.973696 | rate=10.973696 | power=29.999939 | r_p=0.000000 | r_c=0.000000 | r_s=0.008437 | status=running
[UL Convergence] | phase=optimize | user=1 | block=2 | n_kl=60 | epoch=10/1000 | objective=-11.039448 | rate=11.039448 | power=29.999939 | r_p=0.000000 | r_c=0.000000 | r_s=0.008424 | status=running
[UL Convergence] | phase=optimize | user=1 | block=2 | n_kl=60 | epoch=11/1000 | objective=-11.103548 | rate=11.103548 | power=29.999939 | r_p=0.000000 | r_c=0.000000 | r_s=0.008397 | status=running
[UL Convergence] | phase=optimize | user=1 | block=2 | n_kl=60 | epoch=12/1000 | objective=-11.165946 | rate=11.165946 | power=29.999939 | r_p=0.000000 | r_c=0.000000 | r_s=0.008357 | status=running
[UL Convergence] | phase=optimize | user=1 | block=2 | n_kl=60 | epoch=13/1000 | objective=-11.226612 | rate=11.226612 | power=29.999939 | r_p=0.000000 | r_c=0.000000 | r_s=0.008307 | status=running
[UL Convergence] | phase=optimize | user=1 | block=2 | n_kl=60 | epoch=14/1000 | objective=-11.285555 | rate=11.285555 | power=29.999939 | r_p=0.000000 | r_c=0.000000 | r_s=0.008247 | status=running
[UL Convergence] | phase=optimize | user=1 | block=2 | n_kl=60 | epoch=15/1000 | objective=-11.342762 | rate=11.342762 | power=29.999935 | r_p=0.000000 | r_c=0.000000 | r_s=0.008178 | status=running
[UL Convergence] | phase=optimize | user=1 | block=2 | n_kl=60 | epoch=16/1000 | objective=-11.398255 | rate=11.398255 | power=29.999939 | r_p=0.000000 | r_c=0.000000 | r_s=0.008101 | status=running
[UL Convergence] | phase=optimize | user=1 | block=2 | n_kl=60 | epoch=17/1000 | objective=-11.452063 | rate=11.452063 | power=29.999939 | r_p=0.000000 | r_c=0.000000 | r_s=0.008018 | status=running
[UL Convergence] | phase=optimize | user=1 | block=2 | n_kl=60 | epoch=18/1000 | objective=-11.504209 | rate=11.504209 | power=29.999939 | r_p=0.000000 | r_c=0.000000 | r_s=0.007929 | status=running
[UL Convergence] | phase=optimize | user=1 | block=2 | n_kl=60 | epoch=19/1000 | objective=-11.554726 | rate=11.554726 | power=29.999939 | r_p=0.000000 | r_c=0.000000 | r_s=0.007837 | status=running
[UL Convergence] | phase=optimize | user=1 | block=2 | n_kl=60 | epoch=20/1000 | objective=-11.603659 | rate=11.603659 | power=29.999939 | r_p=0.000000 | r_c=0.000000 | r_s=0.007741 | status=running
[UL Convergence] | phase=optimize | user=1 | block=2 | n_kl=60 | epoch=21/1000 | objective=-11.651052 | rate=11.651052 | power=29.999939 | r_p=0.000000 | r_c=0.000000 | r_s=0.007644 | status=running
[UL Convergence] | phase=optimize | user=1 | block=2 | n_kl=60 | epoch=22/1000 | objective=-11.696946 | rate=11.696946 | power=29.999939 | r_p=0.000000 | r_c=0.000000 | r_s=0.007547 | status=running
[UL Convergence] | phase=optimize | user=1 | block=2 | n_kl=60 | epoch=23/1000 | objective=-11.741394 | rate=11.741394 | power=29.999939 | r_p=0.000000 | r_c=0.000000 | r_s=0.007449 | status=running
[UL Convergence] | phase=optimize | user=1 | block=2 | n_kl=60 | epoch=24/1000 | objective=-11.784441 | rate=11.784441 | power=29.999939 | r_p=0.000000 | r_c=0.000000 | r_s=0.007353 | status=running
[UL Convergence] | phase=optimize | user=1 | block=2 | n_kl=60 | epoch=25/1000 | objective=-11.826132 | rate=11.826132 | power=29.999939 | r_p=0.000000 | r_c=0.000000 | r_s=0.007259 | status=running
[UL Convergence] | phase=optimize | user=1 | block=2 | n_kl=60 | epoch=26/1000 | objective=-11.866508 | rate=11.866508 | power=29.999935 | r_p=0.000000 | r_c=0.000000 | r_s=0.007168 | status=running
[UL Convergence] | phase=optimize | user=1 | block=2 | n_kl=60 | epoch=27/1000 | objective=-11.905619 | rate=11.905619 | power=29.999939 | r_p=0.000000 | r_c=0.000000 | r_s=0.007080 | status=running
[UL Convergence] | phase=optimize | user=1 | block=2 | n_kl=60 | epoch=28/1000 | objective=-11.943496 | rate=11.943496 | power=29.999945 | r_p=0.000000 | r_c=0.000000 | r_s=0.006995 | status=running
[UL Convergence] | phase=optimize | user=1 | block=2 | n_kl=60 | epoch=29/1000 | objective=-11.980190 | rate=11.980190 | power=29.999935 | r_p=0.000000 | r_c=0.000000 | r_s=0.006914 | status=running
[UL Convergence] | phase=optimize | user=1 | block=2 | n_kl=60 | epoch=30/1000 | objective=-12.015731 | rate=12.015731 | power=29.999939 | r_p=0.000000 | r_c=0.000000 | r_s=0.006837 | status=running
[UL Convergence] | phase=optimize | user=1 | block=2 | n_kl=60 | epoch=31/1000 | objective=-12.050146 | rate=12.050146 | power=29.999939 | r_p=0.000000 | r_c=0.000000 | r_s=0.006763 | status=running
[UL Convergence] | phase=optimize | user=1 | block=2 | n_kl=60 | epoch=32/1000 | objective=-12.083488 | rate=12.083488 | power=29.999939 | r_p=0.000000 | r_c=0.000000 | r_s=0.006694 | status=running
[UL Convergence] | phase=optimize | user=1 | block=2 | n_kl=60 | epoch=33/1000 | objective=-12.115777 | rate=12.115777 | power=29.999939 | r_p=0.000000 | r_c=0.000000 | r_s=0.006627 | status=running
[UL Convergence] | phase=optimize | user=1 | block=2 | n_kl=60 | epoch=34/1000 | objective=-12.147039 | rate=12.147039 | power=29.999945 | r_p=0.000000 | r_c=0.000000 | r_s=0.006563 | status=running
[UL Convergence] | phase=optimize | user=1 | block=2 | n_kl=60 | epoch=35/1000 | objective=-12.177309 | rate=12.177309 | power=29.999939 | r_p=0.000000 | r_c=0.000000 | r_s=0.006503 | status=running
[UL Convergence] | phase=optimize | user=1 | block=2 | n_kl=60 | epoch=36/1000 | objective=-12.206598 | rate=12.206598 | power=29.999939 | r_p=0.000000 | r_c=0.000000 | r_s=0.006444 | status=running
[UL Convergence] | phase=optimize | user=1 | block=2 | n_kl=60 | epoch=37/1000 | objective=-12.234943 | rate=12.234943 | power=29.999939 | r_p=0.000000 | r_c=0.000000 | r_s=0.006388 | status=running
[UL Convergence] | phase=optimize | user=1 | block=2 | n_kl=60 | epoch=38/1000 | objective=-12.262356 | rate=12.262356 | power=29.999935 | r_p=0.000000 | r_c=0.000000 | r_s=0.006333 | status=running
[UL Convergence] | phase=optimize | user=1 | block=2 | n_kl=60 | epoch=39/1000 | objective=-12.288858 | rate=12.288858 | power=29.999939 | r_p=0.000000 | r_c=0.000000 | r_s=0.006279 | status=running
[UL Convergence] | phase=optimize | user=1 | block=2 | n_kl=60 | epoch=40/1000 | objective=-12.314472 | rate=12.314472 | power=29.999939 | r_p=0.000000 | r_c=0.000000 | r_s=0.006225 | status=running
[UL Convergence] | phase=optimize | user=1 | block=2 | n_kl=60 | epoch=41/1000 | objective=-12.339216 | rate=12.339216 | power=29.999935 | r_p=0.000000 | r_c=0.000000 | r_s=0.006171 | status=running
[UL Convergence] | phase=optimize | user=1 | block=2 | n_kl=60 | epoch=42/1000 | objective=-12.363114 | rate=12.363114 | power=29.999935 | r_p=0.000000 | r_c=0.000000 | r_s=0.006117 | status=running
[UL Convergence] | phase=optimize | user=1 | block=2 | n_kl=60 | epoch=43/1000 | objective=-12.386171 | rate=12.386171 | power=29.999935 | r_p=0.000000 | r_c=0.000000 | r_s=0.006063 | status=running
[UL Convergence] | phase=optimize | user=1 | block=2 | n_kl=60 | epoch=44/1000 | objective=-12.408418 | rate=12.408418 | power=29.999939 | r_p=0.000000 | r_c=0.000000 | r_s=0.006007 | status=running
[UL Convergence] | phase=optimize | user=1 | block=2 | n_kl=60 | epoch=45/1000 | objective=-12.429852 | rate=12.429852 | power=29.999939 | r_p=0.000000 | r_c=0.000000 | r_s=0.005950 | status=running
[UL Convergence] | phase=optimize | user=1 | block=2 | n_kl=60 | epoch=46/1000 | objective=-12.450516 | rate=12.450516 | power=29.999939 | r_p=0.000000 | r_c=0.000000 | r_s=0.005891 | status=running
[UL Convergence] | phase=optimize | user=1 | block=2 | n_kl=60 | epoch=47/1000 | objective=-12.470412 | rate=12.470412 | power=29.999945 | r_p=0.000000 | r_c=0.000000 | r_s=0.005830 | status=running
[UL Convergence] | phase=optimize | user=1 | block=2 | n_kl=60 | epoch=48/1000 | objective=-12.489553 | rate=12.489553 | power=29.999929 | r_p=0.000000 | r_c=0.000000 | r_s=0.005768 | status=running
[UL Convergence] | phase=optimize | user=1 | block=2 | n_kl=60 | epoch=49/1000 | objective=-12.507961 | rate=12.507961 | power=29.999945 | r_p=0.000000 | r_c=0.000000 | r_s=0.005703 | status=running
[UL Convergence] | phase=optimize | user=1 | block=2 | n_kl=60 | epoch=50/1000 | objective=-12.525660 | rate=12.525660 | power=29.999939 | r_p=0.000000 | r_c=0.000000 | r_s=0.005636 | status=running
[UL Convergence] | phase=optimize | user=1 | block=2 | n_kl=60 | epoch=51/1000 | objective=-12.542656 | rate=12.542656 | power=29.999935 | r_p=0.000000 | r_c=0.000000 | r_s=0.005567 | status=running
[UL Convergence] | phase=optimize | user=1 | block=2 | n_kl=60 | epoch=52/1000 | objective=-12.558978 | rate=12.558978 | power=29.999935 | r_p=0.000000 | r_c=0.000000 | r_s=0.005496 | status=running
[UL Convergence] | phase=optimize | user=1 | block=2 | n_kl=60 | epoch=53/1000 | objective=-12.574638 | rate=12.574638 | power=29.999935 | r_p=0.000000 | r_c=0.000000 | r_s=0.005423 | status=running
[UL Convergence] | phase=optimize | user=1 | block=2 | n_kl=60 | epoch=54/1000 | objective=-12.589646 | rate=12.589646 | power=29.999939 | r_p=0.000000 | r_c=0.000000 | r_s=0.005347 | status=running
[UL Convergence] | phase=optimize | user=1 | block=2 | n_kl=60 | epoch=55/1000 | objective=-12.604031 | rate=12.604031 | power=29.999939 | r_p=0.000000 | r_c=0.000000 | r_s=0.005270 | status=running
[UL Convergence] | phase=optimize | user=1 | block=2 | n_kl=60 | epoch=56/1000 | objective=-12.617809 | rate=12.617809 | power=29.999939 | r_p=0.000000 | r_c=0.000000 | r_s=0.005191 | status=running
[UL Convergence] | phase=optimize | user=1 | block=2 | n_kl=60 | epoch=57/1000 | objective=-12.631001 | rate=12.631001 | power=29.999939 | r_p=0.000000 | r_c=0.000000 | r_s=0.005110 | status=running
[UL Convergence] | phase=optimize | user=1 | block=2 | n_kl=60 | epoch=58/1000 | objective=-12.643621 | rate=12.643621 | power=29.999935 | r_p=0.000000 | r_c=0.000000 | r_s=0.005027 | status=running
[UL Convergence] | phase=optimize | user=1 | block=2 | n_kl=60 | epoch=59/1000 | objective=-12.655690 | rate=12.655690 | power=29.999939 | r_p=0.000000 | r_c=0.000000 | r_s=0.004944 | status=running
[UL Convergence] | phase=optimize | user=1 | block=2 | n_kl=60 | epoch=60/1000 | objective=-12.667223 | rate=12.667223 | power=29.999935 | r_p=0.000000 | r_c=0.000000 | r_s=0.004859 | status=running
[UL Convergence] | phase=optimize | user=1 | block=2 | n_kl=60 | epoch=61/1000 | objective=-12.678239 | rate=12.678239 | power=29.999935 | r_p=0.000000 | r_c=0.000000 | r_s=0.004772 | status=running
[UL Convergence] | phase=optimize | user=1 | block=2 | n_kl=60 | epoch=62/1000 | objective=-12.688761 | rate=12.688761 | power=29.999939 | r_p=0.000000 | r_c=0.000000 | r_s=0.004685 | status=running
[UL Convergence] | phase=optimize | user=1 | block=2 | n_kl=60 | epoch=63/1000 | objective=-12.698800 | rate=12.698800 | power=29.999939 | r_p=0.000000 | r_c=0.000000 | r_s=0.004598 | status=running
[UL Convergence] | phase=optimize | user=1 | block=2 | n_kl=60 | epoch=64/1000 | objective=-12.708368 | rate=12.708368 | power=29.999939 | r_p=0.000000 | r_c=0.000000 | r_s=0.004510 | status=running
[UL Convergence] | phase=optimize | user=1 | block=2 | n_kl=60 | epoch=65/1000 | objective=-12.717508 | rate=12.717508 | power=29.999935 | r_p=0.000000 | r_c=0.000000 | r_s=0.004421 | status=running
[UL Convergence] | phase=optimize | user=1 | block=2 | n_kl=60 | epoch=66/1000 | objective=-12.726211 | rate=12.726211 | power=29.999939 | r_p=0.000000 | r_c=0.000000 | r_s=0.004332 | status=running
[UL Convergence] | phase=optimize | user=1 | block=2 | n_kl=60 | epoch=67/1000 | objective=-12.734497 | rate=12.734497 | power=29.999939 | r_p=0.000000 | r_c=0.000000 | r_s=0.004244 | status=running
[UL Convergence] | phase=optimize | user=1 | block=2 | n_kl=60 | epoch=68/1000 | objective=-12.742398 | rate=12.742398 | power=29.999935 | r_p=0.000000 | r_c=0.000000 | r_s=0.004155 | status=running
[UL Convergence] | phase=optimize | user=1 | block=2 | n_kl=60 | epoch=69/1000 | objective=-12.749911 | rate=12.749911 | power=29.999939 | r_p=0.000000 | r_c=0.000000 | r_s=0.004067 | status=running
[UL Convergence] | phase=optimize | user=1 | block=2 | n_kl=60 | epoch=70/1000 | objective=-12.757063 | rate=12.757063 | power=29.999939 | r_p=0.000000 | r_c=0.000000 | r_s=0.003979 | status=running
[UL Convergence] | phase=optimize | user=1 | block=2 | n_kl=60 | epoch=71/1000 | objective=-12.763867 | rate=12.763867 | power=29.999939 | r_p=0.000000 | r_c=0.000000 | r_s=0.003891 | status=running
[UL Convergence] | phase=optimize | user=1 | block=2 | n_kl=60 | epoch=72/1000 | objective=-12.770330 | rate=12.770330 | power=29.999935 | r_p=0.000000 | r_c=0.000000 | r_s=0.003805 | status=running
[UL Convergence] | phase=optimize | user=1 | block=2 | n_kl=60 | epoch=73/1000 | objective=-12.776484 | rate=12.776484 | power=29.999945 | r_p=0.000000 | r_c=0.000000 | r_s=0.003719 | status=running
[UL Convergence] | phase=optimize | user=1 | block=2 | n_kl=60 | epoch=74/1000 | objective=-12.782320 | rate=12.782320 | power=29.999939 | r_p=0.000000 | r_c=0.000000 | r_s=0.003633 | status=running
[UL Convergence] | phase=optimize | user=1 | block=2 | n_kl=60 | epoch=75/1000 | objective=-12.787863 | rate=12.787863 | power=29.999935 | r_p=0.000000 | r_c=0.000000 | r_s=0.003549 | status=running
[UL Convergence] | phase=optimize | user=1 | block=2 | n_kl=60 | epoch=76/1000 | objective=-12.793125 | rate=12.793125 | power=29.999929 | r_p=0.000000 | r_c=0.000000 | r_s=0.003465 | status=running
[UL Convergence] | phase=optimize | user=1 | block=2 | n_kl=60 | epoch=77/1000 | objective=-12.798123 | rate=12.798123 | power=29.999939 | r_p=0.000000 | r_c=0.000000 | r_s=0.003383 | status=running
[UL Convergence] | phase=optimize | user=1 | block=2 | n_kl=60 | epoch=78/1000 | objective=-12.802868 | rate=12.802868 | power=29.999939 | r_p=0.000000 | r_c=0.000000 | r_s=0.003302 | status=running
[UL Convergence] | phase=optimize | user=1 | block=2 | n_kl=60 | epoch=79/1000 | objective=-12.807364 | rate=12.807364 | power=29.999945 | r_p=0.000000 | r_c=0.000000 | r_s=0.003221 | status=running
[UL Convergence] | phase=optimize | user=1 | block=2 | n_kl=60 | epoch=80/1000 | objective=-12.811615 | rate=12.811615 | power=29.999939 | r_p=0.000000 | r_c=0.000000 | r_s=0.003142 | status=running
[UL Convergence] | phase=optimize | user=1 | block=2 | n_kl=60 | epoch=81/1000 | objective=-12.815658 | rate=12.815658 | power=29.999939 | r_p=0.000000 | r_c=0.000000 | r_s=0.003064 | status=running
[UL Convergence] | phase=optimize | user=1 | block=2 | n_kl=60 | epoch=82/1000 | objective=-12.819481 | rate=12.819481 | power=29.999939 | r_p=0.000000 | r_c=0.000000 | r_s=0.002987 | status=running
[UL Convergence] | phase=optimize | user=1 | block=2 | n_kl=60 | epoch=83/1000 | objective=-12.823104 | rate=12.823104 | power=29.999939 | r_p=0.000000 | r_c=0.000000 | r_s=0.002911 | status=running
[UL Convergence] | phase=optimize | user=1 | block=2 | n_kl=60 | epoch=84/1000 | objective=-12.826536 | rate=12.826536 | power=29.999939 | r_p=0.000000 | r_c=0.000000 | r_s=0.002836 | status=running
[UL Convergence] | phase=optimize | user=1 | block=2 | n_kl=60 | epoch=85/1000 | objective=-12.829779 | rate=12.829779 | power=29.999939 | r_p=0.000000 | r_c=0.000000 | r_s=0.002763 | status=running
[UL Convergence] | phase=optimize | user=1 | block=2 | n_kl=60 | epoch=86/1000 | objective=-12.832842 | rate=12.832842 | power=29.999939 | r_p=0.000000 | r_c=0.000000 | r_s=0.002691 | status=running
[UL Convergence] | phase=optimize | user=1 | block=2 | n_kl=60 | epoch=87/1000 | objective=-12.835745 | rate=12.835745 | power=29.999939 | r_p=0.000000 | r_c=0.000000 | r_s=0.002620 | status=running
[UL Convergence] | phase=optimize | user=1 | block=2 | n_kl=60 | epoch=88/1000 | objective=-12.838486 | rate=12.838486 | power=29.999939 | r_p=0.000000 | r_c=0.000000 | r_s=0.002550 | status=running
[UL Convergence] | phase=optimize | user=1 | block=2 | n_kl=60 | epoch=89/1000 | objective=-12.841075 | rate=12.841075 | power=29.999935 | r_p=0.000000 | r_c=0.000000 | r_s=0.002481 | status=running
[UL Convergence] | phase=optimize | user=1 | block=2 | n_kl=60 | epoch=90/1000 | objective=-12.843513 | rate=12.843513 | power=29.999935 | r_p=0.000000 | r_c=0.000000 | r_s=0.002414 | status=running
[UL Convergence] | phase=optimize | user=1 | block=2 | n_kl=60 | epoch=91/1000 | objective=-12.845827 | rate=12.845827 | power=29.999939 | r_p=0.000000 | r_c=0.000000 | r_s=0.002348 | status=running
[UL Convergence] | phase=optimize | user=1 | block=2 | n_kl=60 | epoch=92/1000 | objective=-12.848001 | rate=12.848001 | power=29.999939 | r_p=0.000000 | r_c=0.000000 | r_s=0.002283 | status=running
[UL Convergence] | phase=optimize | user=1 | block=2 | n_kl=60 | epoch=93/1000 | objective=-12.850054 | rate=12.850054 | power=29.999945 | r_p=0.000000 | r_c=0.000000 | r_s=0.002219 | status=running
[UL Convergence] | phase=optimize | user=1 | block=2 | n_kl=60 | epoch=94/1000 | objective=-12.851986 | rate=12.851986 | power=29.999945 | r_p=0.000000 | r_c=0.000000 | r_s=0.002157 | status=running
[UL Convergence] | phase=optimize | user=1 | block=2 | n_kl=60 | epoch=95/1000 | objective=-12.853815 | rate=12.853815 | power=29.999939 | r_p=0.000000 | r_c=0.000000 | r_s=0.002096 | status=running
[UL Convergence] | phase=optimize | user=1 | block=2 | n_kl=60 | epoch=96/1000 | objective=-12.855528 | rate=12.855528 | power=29.999935 | r_p=0.000000 | r_c=0.000000 | r_s=0.002036 | status=running
[UL Convergence] | phase=optimize | user=1 | block=2 | n_kl=60 | epoch=97/1000 | objective=-12.857148 | rate=12.857148 | power=29.999939 | r_p=0.000000 | r_c=0.000000 | r_s=0.001977 | status=running
[UL Convergence] | phase=optimize | user=1 | block=2 | n_kl=60 | epoch=98/1000 | objective=-12.858665 | rate=12.858665 | power=29.999935 | r_p=0.000000 | r_c=0.000000 | r_s=0.001920 | status=running
[UL Convergence] | phase=optimize | user=1 | block=2 | n_kl=60 | epoch=99/1000 | objective=-12.860099 | rate=12.860099 | power=29.999939 | r_p=0.000000 | r_c=0.000000 | r_s=0.001864 | status=running
[UL Convergence] | phase=optimize | user=1 | block=2 | n_kl=60 | epoch=100/1000 | objective=-12.861450 | rate=12.861450 | power=29.999945 | r_p=0.000000 | r_c=0.000000 | r_s=0.001809 | status=running
[UL Convergence] | phase=optimize | user=1 | block=2 | n_kl=60 | epoch=101/1000 | objective=-12.862714 | rate=12.862714 | power=29.999939 | r_p=0.000000 | r_c=0.000000 | r_s=0.001756 | status=running
[UL Convergence] | phase=optimize | user=1 | block=2 | n_kl=60 | epoch=102/1000 | objective=-12.863902 | rate=12.863902 | power=29.999939 | r_p=0.000000 | r_c=0.000000 | r_s=0.001703 | status=running
[UL Convergence] | phase=optimize | user=1 | block=2 | n_kl=60 | epoch=103/1000 | objective=-12.865021 | rate=12.865021 | power=29.999939 | r_p=0.000000 | r_c=0.000000 | r_s=0.001652 | status=running
[UL Convergence] | phase=optimize | user=1 | block=2 | n_kl=60 | epoch=104/1000 | objective=-12.866070 | rate=12.866070 | power=29.999939 | r_p=0.000000 | r_c=0.000000 | r_s=0.001603 | status=running
[UL Convergence] | phase=optimize | user=1 | block=2 | n_kl=60 | epoch=105/1000 | objective=-12.867056 | rate=12.867056 | power=29.999945 | r_p=0.000000 | r_c=0.000000 | r_s=0.001554 | status=running
[UL Convergence] | phase=optimize | user=1 | block=2 | n_kl=60 | epoch=106/1000 | objective=-12.867973 | rate=12.867973 | power=29.999939 | r_p=0.000000 | r_c=0.000000 | r_s=0.001507 | status=running
[UL Convergence] | phase=optimize | user=1 | block=2 | n_kl=60 | epoch=107/1000 | objective=-12.868839 | rate=12.868839 | power=29.999945 | r_p=0.000000 | r_c=0.000000 | r_s=0.001461 | status=running
[UL Convergence] | phase=optimize | user=1 | block=2 | n_kl=60 | epoch=108/1000 | objective=-12.869653 | rate=12.869653 | power=29.999939 | r_p=0.000000 | r_c=0.000000 | r_s=0.001416 | status=running
[UL Convergence] | phase=optimize | user=1 | block=2 | n_kl=60 | epoch=109/1000 | objective=-12.870413 | rate=12.870413 | power=29.999939 | r_p=0.000000 | r_c=0.000000 | r_s=0.001373 | status=running
[UL Convergence] | phase=optimize | user=1 | block=2 | n_kl=60 | epoch=110/1000 | objective=-12.871124 | rate=12.871124 | power=29.999939 | r_p=0.000000 | r_c=0.000000 | r_s=0.001330 | status=running
[UL Convergence] | phase=optimize | user=1 | block=2 | n_kl=60 | epoch=111/1000 | objective=-12.871793 | rate=12.871793 | power=29.999929 | r_p=0.000000 | r_c=0.000000 | r_s=0.001289 | status=running
[UL Convergence] | phase=optimize | user=1 | block=2 | n_kl=60 | epoch=112/1000 | objective=-12.872412 | rate=12.872412 | power=29.999939 | r_p=0.000000 | r_c=0.000000 | r_s=0.001249 | status=running
[UL Convergence] | phase=optimize | user=1 | block=2 | n_kl=60 | epoch=113/1000 | objective=-12.872993 | rate=12.872993 | power=29.999939 | r_p=0.000000 | r_c=0.000000 | r_s=0.001209 | status=running
[UL Convergence] | phase=optimize | user=1 | block=2 | n_kl=60 | epoch=114/1000 | objective=-12.873543 | rate=12.873543 | power=29.999939 | r_p=0.000000 | r_c=0.000000 | r_s=0.001171 | status=running
[UL Convergence] | phase=optimize | user=1 | block=2 | n_kl=60 | epoch=115/1000 | objective=-12.874052 | rate=12.874052 | power=29.999945 | r_p=0.000000 | r_c=0.000000 | r_s=0.001134 | status=running
[UL Convergence] | phase=optimize | user=1 | block=2 | n_kl=60 | epoch=116/1000 | objective=-12.874524 | rate=12.874524 | power=29.999939 | r_p=0.000000 | r_c=0.000000 | r_s=0.001098 | status=running
[UL Convergence] | phase=optimize | user=1 | block=2 | n_kl=60 | epoch=117/1000 | objective=-12.874968 | rate=12.874968 | power=29.999939 | r_p=0.000000 | r_c=0.000000 | r_s=0.001063 | status=running
[UL Convergence] | phase=optimize | user=1 | block=2 | n_kl=60 | epoch=118/1000 | objective=-12.875384 | rate=12.875384 | power=29.999939 | r_p=0.000000 | r_c=0.000000 | r_s=0.001029 | status=running
[UL Convergence] | phase=optimize | user=1 | block=2 | n_kl=60 | epoch=119/1000 | objective=-12.875766 | rate=12.875766 | power=29.999939 | r_p=0.000000 | r_c=0.000000 | r_s=9.962864e-04 | status=running
[UL Convergence] | phase=optimize | user=1 | block=2 | n_kl=60 | epoch=120/1000 | objective=-12.876127 | rate=12.876127 | power=29.999935 | r_p=0.000000 | r_c=0.000000 | r_s=9.641292e-04 | status=running
[UL Convergence] | phase=optimize | user=1 | block=2 | n_kl=60 | epoch=121/1000 | objective=-12.876463 | rate=12.876463 | power=29.999939 | r_p=0.000000 | r_c=0.000000 | r_s=9.328647e-04 | status=running
[UL Convergence] | phase=optimize | user=1 | block=2 | n_kl=60 | epoch=122/1000 | objective=-12.876775 | rate=12.876775 | power=29.999939 | r_p=0.000000 | r_c=0.000000 | r_s=9.024963e-04 | status=running
[UL Convergence] | phase=optimize | user=1 | block=2 | n_kl=60 | epoch=123/1000 | objective=-12.877066 | rate=12.877066 | power=29.999939 | r_p=0.000000 | r_c=0.000000 | r_s=8.729741e-04 | status=running
[UL Convergence] | phase=optimize | user=1 | block=2 | n_kl=60 | epoch=124/1000 | objective=-12.877338 | rate=12.877338 | power=29.999939 | r_p=0.000000 | r_c=0.000000 | r_s=8.442901e-04 | status=running
[UL Convergence] | phase=optimize | user=1 | block=2 | n_kl=60 | epoch=125/1000 | objective=-12.877584 | rate=12.877584 | power=29.999935 | r_p=0.000000 | r_c=0.000000 | r_s=8.164314e-04 | status=running
[UL Convergence] | phase=optimize | user=1 | block=2 | n_kl=60 | epoch=126/1000 | objective=-12.877825 | rate=12.877825 | power=29.999939 | r_p=0.000000 | r_c=0.000000 | r_s=7.893496e-04 | status=running
[UL Convergence] | phase=optimize | user=1 | block=2 | n_kl=60 | epoch=127/1000 | objective=-12.878040 | rate=12.878040 | power=29.999939 | r_p=0.000000 | r_c=0.000000 | r_s=7.630528e-04 | status=running
[UL Convergence] | phase=optimize | user=1 | block=2 | n_kl=60 | epoch=128/1000 | objective=-12.878242 | rate=12.878242 | power=29.999935 | r_p=0.000000 | r_c=0.000000 | r_s=7.375170e-04 | status=running
[UL Convergence] | phase=optimize | user=1 | block=2 | n_kl=60 | epoch=129/1000 | objective=-12.878428 | rate=12.878428 | power=29.999945 | r_p=0.000000 | r_c=0.000000 | r_s=7.126989e-04 | status=running
[UL Convergence] | phase=optimize | user=1 | block=2 | n_kl=60 | epoch=130/1000 | objective=-12.878605 | rate=12.878605 | power=29.999935 | r_p=0.000000 | r_c=0.000000 | r_s=6.886064e-04 | status=running
[UL Convergence] | phase=optimize | user=1 | block=2 | n_kl=60 | epoch=131/1000 | objective=-12.878767 | rate=12.878767 | power=29.999939 | r_p=0.000000 | r_c=0.000000 | r_s=6.651985e-04 | status=running
[UL Convergence] | phase=optimize | user=1 | block=2 | n_kl=60 | epoch=132/1000 | objective=-12.878919 | rate=12.878919 | power=29.999945 | r_p=0.000000 | r_c=0.000000 | r_s=6.424614e-04 | status=running
[UL Convergence] | phase=optimize | user=1 | block=2 | n_kl=60 | epoch=133/1000 | objective=-12.879059 | rate=12.879059 | power=29.999945 | r_p=0.000000 | r_c=0.000000 | r_s=6.203874e-04 | status=running
[UL Convergence] | phase=optimize | user=1 | block=2 | n_kl=60 | epoch=134/1000 | objective=-12.879185 | rate=12.879185 | power=29.999939 | r_p=0.000000 | r_c=0.000000 | r_s=5.989375e-04 | status=kkt_converged
[UL Convergence Result] | user=1 | block=2 | n_kl=60 | achieved_rate=12.879185 | power=29.999939 | rate_gap=-6.212518 | power_gap=-6.103516e-05 | solve_status=kkt_converged
[UL Convergence Allocation] | user=1 | block=2 | n_kl=60 | requested_bits=400 | served_bits=400 | full_service=true
[UL Convergence Block] | user=1 | block=2 | stage=post_T | served_bits=400 | unserved_bits=0
[UL Convergence Reduction] | user=1 | block=2 | served_bits=400 | n_start=59 | n_min=1
[UL Convergence Solve] | user=1 | block=2 | stage=reduced_n | n_kl=59 | served_bits=400
[UL Convergence] | phase=optimize | user=1 | block=2 | n_kl=59 | epoch=1/1000 | objective=-12.859284 | rate=12.859284 | power=29.999939 | r_p=0.000000 | r_c=0.000000 | r_s=inf | status=running
[UL Convergence] | phase=optimize | user=1 | block=2 | n_kl=59 | epoch=2/1000 | objective=-12.859396 | rate=12.859396 | power=29.999939 | r_p=0.000000 | r_c=0.000000 | r_s=5.781091e-04 | status=kkt_converged
[UL Convergence Candidate] | user=1 | block=2 | n_kl=59 | achieved_rate=12.859396 | rate_gap=-6.079735 | power_gap=-6.103516e-05 | status=accepted
[UL Convergence Solve] | user=1 | block=2 | stage=reduced_n | n_kl=50 | served_bits=400
[UL Convergence] | phase=optimize | user=1 | block=2 | n_kl=50 | epoch=1/1000 | objective=-12.654901 | rate=12.654901 | power=29.999939 | r_p=0.000000 | r_c=0.000000 | r_s=inf | status=running
[UL Convergence] | phase=optimize | user=1 | block=2 | n_kl=50 | epoch=2/1000 | objective=-12.654957 | rate=12.654957 | power=29.999939 | r_p=0.000000 | r_c=0.000000 | r_s=4.158678e-04 | status=kkt_converged
[UL Convergence Candidate] | user=1 | block=2 | n_kl=50 | achieved_rate=12.654957 | rate_gap=-4.654957 | power_gap=-6.103516e-05 | status=accepted
[UL Convergence Solve] | user=1 | block=2 | stage=reduced_n | n_kl=40 | served_bits=400
[UL Convergence] | phase=optimize | user=1 | block=2 | n_kl=40 | epoch=1/1000 | objective=-12.350374 | rate=12.350374 | power=29.999939 | r_p=0.000000 | r_c=0.000000 | r_s=inf | status=running
[UL Convergence] | phase=optimize | user=1 | block=2 | n_kl=40 | epoch=2/1000 | objective=-12.350405 | rate=12.350405 | power=29.999939 | r_p=0.000000 | r_c=0.000000 | r_s=2.811024e-04 | status=kkt_converged
[UL Convergence Candidate] | user=1 | block=2 | n_kl=40 | achieved_rate=12.350405 | rate_gap=-2.350405 | power_gap=-6.103516e-05 | status=accepted
[UL Convergence Reduction] | user=1 | block=2 | n_kl=33 | status=stop_infeasible
[UL Convergence Final] | user=1 | block=2 | feasible_points=27 | chosen_n_kl=34 | served_bits=400 | achieved_rate=12.106005 | power=29.999935 | solve_status=kkt_converged
[UL Convergence Allocation] | user=1 | block=2 | chosen_n_kl=34 | served_bits=400 | unserved_bits=0 | mode=fixed_block_targets
[UL Convergence Train] | user=1 | block=3 | target_bits=400 | mode=fixed_block_targets
[UL Convergence Block] | user=1 | block=3 | budget_mode=target_bits | requested_bits=400
[UL Convergence Solve] | user=1 | block=3 | stage=n=T | n_kl=60 | requested_bits=400
[UL Convergence] | phase=optimize | user=1 | block=3 | n_kl=60 | epoch=1/1000 | objective=-10.792941 | rate=10.792941 | power=29.999935 | r_p=0.000000 | r_c=0.000000 | r_s=inf | status=running
[UL Convergence] | phase=optimize | user=1 | block=3 | n_kl=60 | epoch=2/1000 | objective=-10.861163 | rate=10.861163 | power=29.984230 | r_p=0.000000 | r_c=0.000000 | r_s=0.010328 | status=running
[UL Convergence] | phase=optimize | user=1 | block=3 | n_kl=60 | epoch=3/1000 | objective=-10.920742 | rate=10.920742 | power=29.999939 | r_p=0.000000 | r_c=0.000000 | r_s=0.007742 | status=running
[UL Convergence] | phase=optimize | user=1 | block=3 | n_kl=60 | epoch=4/1000 | objective=-10.979498 | rate=10.979498 | power=29.999939 | r_p=0.000000 | r_c=0.000000 | r_s=0.008056 | status=running
[UL Convergence] | phase=optimize | user=1 | block=3 | n_kl=60 | epoch=5/1000 | objective=-11.038518 | rate=11.038518 | power=29.999945 | r_p=0.000000 | r_c=0.000000 | r_s=0.008281 | status=running
[UL Convergence] | phase=optimize | user=1 | block=3 | n_kl=60 | epoch=6/1000 | objective=-11.097207 | rate=11.097207 | power=29.999939 | r_p=0.000000 | r_c=0.000000 | r_s=0.008432 | status=running
[UL Convergence] | phase=optimize | user=1 | block=3 | n_kl=60 | epoch=7/1000 | objective=-11.155226 | rate=11.155226 | power=29.999939 | r_p=0.000000 | r_c=0.000000 | r_s=0.008530 | status=running
[UL Convergence] | phase=optimize | user=1 | block=3 | n_kl=60 | epoch=8/1000 | objective=-11.212374 | rate=11.212374 | power=29.999939 | r_p=0.000000 | r_c=0.000000 | r_s=0.008589 | status=running
[UL Convergence] | phase=optimize | user=1 | block=3 | n_kl=60 | epoch=9/1000 | objective=-11.268487 | rate=11.268487 | power=29.999945 | r_p=0.000000 | r_c=0.000000 | r_s=0.008618 | status=running
[UL Convergence] | phase=optimize | user=1 | block=3 | n_kl=60 | epoch=10/1000 | objective=-11.323475 | rate=11.323475 | power=29.999939 | r_p=0.000000 | r_c=0.000000 | r_s=0.008621 | status=running
[UL Convergence] | phase=optimize | user=1 | block=3 | n_kl=60 | epoch=11/1000 | objective=-11.377254 | rate=11.377254 | power=29.999945 | r_p=0.000000 | r_c=0.000000 | r_s=0.008605 | status=running
[UL Convergence] | phase=optimize | user=1 | block=3 | n_kl=60 | epoch=12/1000 | objective=-11.429781 | rate=11.429781 | power=29.999935 | r_p=0.000000 | r_c=0.000000 | r_s=0.008571 | status=running
[UL Convergence] | phase=optimize | user=1 | block=3 | n_kl=60 | epoch=13/1000 | objective=-11.481015 | rate=11.481015 | power=29.999945 | r_p=0.000000 | r_c=0.000000 | r_s=0.008524 | status=running
[UL Convergence] | phase=optimize | user=1 | block=3 | n_kl=60 | epoch=14/1000 | objective=-11.530937 | rate=11.530937 | power=29.999939 | r_p=0.000000 | r_c=0.000000 | r_s=0.008469 | status=running
[UL Convergence] | phase=optimize | user=1 | block=3 | n_kl=60 | epoch=15/1000 | objective=-11.579544 | rate=11.579544 | power=29.999939 | r_p=0.000000 | r_c=0.000000 | r_s=0.008408 | status=running
[UL Convergence] | phase=optimize | user=1 | block=3 | n_kl=60 | epoch=16/1000 | objective=-11.626831 | rate=11.626831 | power=29.999939 | r_p=0.000000 | r_c=0.000000 | r_s=0.008347 | status=running
[UL Convergence] | phase=optimize | user=1 | block=3 | n_kl=60 | epoch=17/1000 | objective=-11.672785 | rate=11.672785 | power=29.999935 | r_p=0.000000 | r_c=0.000000 | r_s=0.008286 | status=running
[UL Convergence] | phase=optimize | user=1 | block=3 | n_kl=60 | epoch=18/1000 | objective=-11.717432 | rate=11.717432 | power=29.999939 | r_p=0.000000 | r_c=0.000000 | r_s=0.008226 | status=running
[UL Convergence] | phase=optimize | user=1 | block=3 | n_kl=60 | epoch=19/1000 | objective=-11.760760 | rate=11.760760 | power=29.999939 | r_p=0.000000 | r_c=0.000000 | r_s=0.008167 | status=running
[UL Convergence] | phase=optimize | user=1 | block=3 | n_kl=60 | epoch=20/1000 | objective=-11.802778 | rate=11.802778 | power=29.999939 | r_p=0.000000 | r_c=0.000000 | r_s=0.008108 | status=running
[UL Convergence] | phase=optimize | user=1 | block=3 | n_kl=60 | epoch=21/1000 | objective=-11.843501 | rate=11.843501 | power=29.999939 | r_p=0.000000 | r_c=0.000000 | r_s=0.008048 | status=running
[UL Convergence] | phase=optimize | user=1 | block=3 | n_kl=60 | epoch=22/1000 | objective=-11.882923 | rate=11.882923 | power=29.999945 | r_p=0.000000 | r_c=0.000000 | r_s=0.007986 | status=running
[UL Convergence] | phase=optimize | user=1 | block=3 | n_kl=60 | epoch=23/1000 | objective=-11.921068 | rate=11.921068 | power=29.999939 | r_p=0.000000 | r_c=0.000000 | r_s=0.007920 | status=running
[UL Convergence] | phase=optimize | user=1 | block=3 | n_kl=60 | epoch=24/1000 | objective=-11.957942 | rate=11.957942 | power=29.999939 | r_p=0.000000 | r_c=0.000000 | r_s=0.007852 | status=running
[UL Convergence] | phase=optimize | user=1 | block=3 | n_kl=60 | epoch=25/1000 | objective=-11.993561 | rate=11.993561 | power=29.999935 | r_p=0.000000 | r_c=0.000000 | r_s=0.007779 | status=running
[UL Convergence] | phase=optimize | user=1 | block=3 | n_kl=60 | epoch=26/1000 | objective=-12.027946 | rate=12.027946 | power=29.999939 | r_p=0.000000 | r_c=0.000000 | r_s=0.007702 | status=running
[UL Convergence] | phase=optimize | user=1 | block=3 | n_kl=60 | epoch=27/1000 | objective=-12.061118 | rate=12.061118 | power=29.999939 | r_p=0.000000 | r_c=0.000000 | r_s=0.007621 | status=running
[UL Convergence] | phase=optimize | user=1 | block=3 | n_kl=60 | epoch=28/1000 | objective=-12.093093 | rate=12.093093 | power=29.999939 | r_p=0.000000 | r_c=0.000000 | r_s=0.007536 | status=running
[UL Convergence] | phase=optimize | user=1 | block=3 | n_kl=60 | epoch=29/1000 | objective=-12.123904 | rate=12.123904 | power=29.999939 | r_p=0.000000 | r_c=0.000000 | r_s=0.007446 | status=running
[UL Convergence] | phase=optimize | user=1 | block=3 | n_kl=60 | epoch=30/1000 | objective=-12.153570 | rate=12.153570 | power=29.999939 | r_p=0.000000 | r_c=0.000000 | r_s=0.007353 | status=running
[UL Convergence] | phase=optimize | user=1 | block=3 | n_kl=60 | epoch=31/1000 | objective=-12.182119 | rate=12.182119 | power=29.999939 | r_p=0.000000 | r_c=0.000000 | r_s=0.007256 | status=running
[UL Convergence] | phase=optimize | user=1 | block=3 | n_kl=60 | epoch=32/1000 | objective=-12.209578 | rate=12.209578 | power=29.999939 | r_p=0.000000 | r_c=0.000000 | r_s=0.007157 | status=running
[UL Convergence] | phase=optimize | user=1 | block=3 | n_kl=60 | epoch=33/1000 | objective=-12.235984 | rate=12.235984 | power=29.999939 | r_p=0.000000 | r_c=0.000000 | r_s=0.007055 | status=running
[UL Convergence] | phase=optimize | user=1 | block=3 | n_kl=60 | epoch=34/1000 | objective=-12.261360 | rate=12.261360 | power=29.999939 | r_p=0.000000 | r_c=0.000000 | r_s=0.006952 | status=running
[UL Convergence] | phase=optimize | user=1 | block=3 | n_kl=60 | epoch=35/1000 | objective=-12.285739 | rate=12.285739 | power=29.999939 | r_p=0.000000 | r_c=0.000000 | r_s=0.006847 | status=running
[UL Convergence] | phase=optimize | user=1 | block=3 | n_kl=60 | epoch=36/1000 | objective=-12.309160 | rate=12.309160 | power=29.999939 | r_p=0.000000 | r_c=0.000000 | r_s=0.006741 | status=running
[UL Convergence] | phase=optimize | user=1 | block=3 | n_kl=60 | epoch=37/1000 | objective=-12.331648 | rate=12.331648 | power=29.999939 | r_p=0.000000 | r_c=0.000000 | r_s=0.006635 | status=running
[UL Convergence] | phase=optimize | user=1 | block=3 | n_kl=60 | epoch=38/1000 | objective=-12.353221 | rate=12.353221 | power=29.999939 | r_p=0.000000 | r_c=0.000000 | r_s=0.006529 | status=running
[UL Convergence] | phase=optimize | user=1 | block=3 | n_kl=60 | epoch=39/1000 | objective=-12.373930 | rate=12.373930 | power=29.999935 | r_p=0.000000 | r_c=0.000000 | r_s=0.006424 | status=running
[UL Convergence] | phase=optimize | user=1 | block=3 | n_kl=60 | epoch=40/1000 | objective=-12.393789 | rate=12.393789 | power=29.999939 | r_p=0.000000 | r_c=0.000000 | r_s=0.006319 | status=running
[UL Convergence] | phase=optimize | user=1 | block=3 | n_kl=60 | epoch=41/1000 | objective=-12.412841 | rate=12.412841 | power=29.999939 | r_p=0.000000 | r_c=0.000000 | r_s=0.006215 | status=running
[UL Convergence] | phase=optimize | user=1 | block=3 | n_kl=60 | epoch=42/1000 | objective=-12.431102 | rate=12.431102 | power=29.999939 | r_p=0.000000 | r_c=0.000000 | r_s=0.006112 | status=running
[UL Convergence] | phase=optimize | user=1 | block=3 | n_kl=60 | epoch=43/1000 | objective=-12.448608 | rate=12.448608 | power=29.999939 | r_p=0.000000 | r_c=0.000000 | r_s=0.006010 | status=running
[UL Convergence] | phase=optimize | user=1 | block=3 | n_kl=60 | epoch=44/1000 | objective=-12.465373 | rate=12.465373 | power=29.999935 | r_p=0.000000 | r_c=0.000000 | r_s=0.005909 | status=running
[UL Convergence] | phase=optimize | user=1 | block=3 | n_kl=60 | epoch=45/1000 | objective=-12.481442 | rate=12.481442 | power=29.999935 | r_p=0.000000 | r_c=0.000000 | r_s=0.005809 | status=running
[UL Convergence] | phase=optimize | user=1 | block=3 | n_kl=60 | epoch=46/1000 | objective=-12.496828 | rate=12.496828 | power=29.999939 | r_p=0.000000 | r_c=0.000000 | r_s=0.005710 | status=running
[UL Convergence] | phase=optimize | user=1 | block=3 | n_kl=60 | epoch=47/1000 | objective=-12.511561 | rate=12.511561 | power=29.999935 | r_p=0.000000 | r_c=0.000000 | r_s=0.005611 | status=running
[UL Convergence] | phase=optimize | user=1 | block=3 | n_kl=60 | epoch=48/1000 | objective=-12.525651 | rate=12.525651 | power=29.999939 | r_p=0.000000 | r_c=0.000000 | r_s=0.005513 | status=running
[UL Convergence] | phase=optimize | user=1 | block=3 | n_kl=60 | epoch=49/1000 | objective=-12.539140 | rate=12.539140 | power=29.999939 | r_p=0.000000 | r_c=0.000000 | r_s=0.005415 | status=running
[UL Convergence] | phase=optimize | user=1 | block=3 | n_kl=60 | epoch=50/1000 | objective=-12.552044 | rate=12.552044 | power=29.999939 | r_p=0.000000 | r_c=0.000000 | r_s=0.005318 | status=running
[UL Convergence] | phase=optimize | user=1 | block=3 | n_kl=60 | epoch=51/1000 | objective=-12.564378 | rate=12.564378 | power=29.999939 | r_p=0.000000 | r_c=0.000000 | r_s=0.005222 | status=running
[UL Convergence] | phase=optimize | user=1 | block=3 | n_kl=60 | epoch=52/1000 | objective=-12.576170 | rate=12.576170 | power=29.999939 | r_p=0.000000 | r_c=0.000000 | r_s=0.005126 | status=running
[UL Convergence] | phase=optimize | user=1 | block=3 | n_kl=60 | epoch=53/1000 | objective=-12.587429 | rate=12.587429 | power=29.999929 | r_p=0.000000 | r_c=0.000000 | r_s=0.005031 | status=running
[UL Convergence] | phase=optimize | user=1 | block=3 | n_kl=60 | epoch=54/1000 | objective=-12.598195 | rate=12.598195 | power=29.999939 | r_p=0.000000 | r_c=0.000000 | r_s=0.004937 | status=running
[UL Convergence] | phase=optimize | user=1 | block=3 | n_kl=60 | epoch=55/1000 | objective=-12.608473 | rate=12.608473 | power=29.999939 | r_p=0.000000 | r_c=0.000000 | r_s=0.004844 | status=running
[UL Convergence] | phase=optimize | user=1 | block=3 | n_kl=60 | epoch=56/1000 | objective=-12.618278 | rate=12.618278 | power=29.999939 | r_p=0.000000 | r_c=0.000000 | r_s=0.004752 | status=running
[UL Convergence] | phase=optimize | user=1 | block=3 | n_kl=60 | epoch=57/1000 | objective=-12.627633 | rate=12.627633 | power=29.999939 | r_p=0.000000 | r_c=0.000000 | r_s=0.004661 | status=running
[UL Convergence] | phase=optimize | user=1 | block=3 | n_kl=60 | epoch=58/1000 | objective=-12.636565 | rate=12.636565 | power=29.999939 | r_p=0.000000 | r_c=0.000000 | r_s=0.004571 | status=running
[UL Convergence] | phase=optimize | user=1 | block=3 | n_kl=60 | epoch=59/1000 | objective=-12.645064 | rate=12.645064 | power=29.999935 | r_p=0.000000 | r_c=0.000000 | r_s=0.004483 | status=running
[UL Convergence] | phase=optimize | user=1 | block=3 | n_kl=60 | epoch=60/1000 | objective=-12.653178 | rate=12.653178 | power=29.999939 | r_p=0.000000 | r_c=0.000000 | r_s=0.004397 | status=running
[UL Convergence] | phase=optimize | user=1 | block=3 | n_kl=60 | epoch=61/1000 | objective=-12.660894 | rate=12.660894 | power=29.999939 | r_p=0.000000 | r_c=0.000000 | r_s=0.004311 | status=running
[UL Convergence] | phase=optimize | user=1 | block=3 | n_kl=60 | epoch=62/1000 | objective=-12.668241 | rate=12.668241 | power=29.999939 | r_p=0.000000 | r_c=0.000000 | r_s=0.004227 | status=running
[UL Convergence] | phase=optimize | user=1 | block=3 | n_kl=60 | epoch=63/1000 | objective=-12.675235 | rate=12.675235 | power=29.999945 | r_p=0.000000 | r_c=0.000000 | r_s=0.004144 | status=running
[UL Convergence] | phase=optimize | user=1 | block=3 | n_kl=60 | epoch=64/1000 | objective=-12.681876 | rate=12.681876 | power=29.999939 | r_p=0.000000 | r_c=0.000000 | r_s=0.004062 | status=running
[UL Convergence] | phase=optimize | user=1 | block=3 | n_kl=60 | epoch=65/1000 | objective=-12.688191 | rate=12.688191 | power=29.999939 | r_p=0.000000 | r_c=0.000000 | r_s=0.003981 | status=running
[UL Convergence] | phase=optimize | user=1 | block=3 | n_kl=60 | epoch=66/1000 | objective=-12.694186 | rate=12.694186 | power=29.999935 | r_p=0.000000 | r_c=0.000000 | r_s=0.003901 | status=running
[UL Convergence] | phase=optimize | user=1 | block=3 | n_kl=60 | epoch=67/1000 | objective=-12.699873 | rate=12.699873 | power=29.999945 | r_p=0.000000 | r_c=0.000000 | r_s=0.003822 | status=running
[UL Convergence] | phase=optimize | user=1 | block=3 | n_kl=60 | epoch=68/1000 | objective=-12.705265 | rate=12.705265 | power=29.999939 | r_p=0.000000 | r_c=0.000000 | r_s=0.003743 | status=running
[UL Convergence] | phase=optimize | user=1 | block=3 | n_kl=60 | epoch=69/1000 | objective=-12.710375 | rate=12.710375 | power=29.999935 | r_p=0.000000 | r_c=0.000000 | r_s=0.003665 | status=running
[UL Convergence] | phase=optimize | user=1 | block=3 | n_kl=60 | epoch=70/1000 | objective=-12.715206 | rate=12.715206 | power=29.999939 | r_p=0.000000 | r_c=0.000000 | r_s=0.003588 | status=running
[UL Convergence] | phase=optimize | user=1 | block=3 | n_kl=60 | epoch=71/1000 | objective=-12.719788 | rate=12.719788 | power=29.999935 | r_p=0.000000 | r_c=0.000000 | r_s=0.003512 | status=running
[UL Convergence] | phase=optimize | user=1 | block=3 | n_kl=60 | epoch=72/1000 | objective=-12.724115 | rate=12.724115 | power=29.999935 | r_p=0.000000 | r_c=0.000000 | r_s=0.003436 | status=running
[UL Convergence] | phase=optimize | user=1 | block=3 | n_kl=60 | epoch=73/1000 | objective=-12.728202 | rate=12.728202 | power=29.999939 | r_p=0.000000 | r_c=0.000000 | r_s=0.003361 | status=running
[UL Convergence] | phase=optimize | user=1 | block=3 | n_kl=60 | epoch=74/1000 | objective=-12.732059 | rate=12.732059 | power=29.999939 | r_p=0.000000 | r_c=0.000000 | r_s=0.003286 | status=running
[UL Convergence] | phase=optimize | user=1 | block=3 | n_kl=60 | epoch=75/1000 | objective=-12.735697 | rate=12.735697 | power=29.999939 | r_p=0.000000 | r_c=0.000000 | r_s=0.003213 | status=running
[UL Convergence] | phase=optimize | user=1 | block=3 | n_kl=60 | epoch=76/1000 | objective=-12.739123 | rate=12.739123 | power=29.999939 | r_p=0.000000 | r_c=0.000000 | r_s=0.003139 | status=running
[UL Convergence] | phase=optimize | user=1 | block=3 | n_kl=60 | epoch=77/1000 | objective=-12.742350 | rate=12.742350 | power=29.999939 | r_p=0.000000 | r_c=0.000000 | r_s=0.003067 | status=running
[UL Convergence] | phase=optimize | user=1 | block=3 | n_kl=60 | epoch=78/1000 | objective=-12.745385 | rate=12.745385 | power=29.999945 | r_p=0.000000 | r_c=0.000000 | r_s=0.002994 | status=running
[UL Convergence] | phase=optimize | user=1 | block=3 | n_kl=60 | epoch=79/1000 | objective=-12.748236 | rate=12.748236 | power=29.999939 | r_p=0.000000 | r_c=0.000000 | r_s=0.002923 | status=running
[UL Convergence] | phase=optimize | user=1 | block=3 | n_kl=60 | epoch=80/1000 | objective=-12.750913 | rate=12.750913 | power=29.999939 | r_p=0.000000 | r_c=0.000000 | r_s=0.002852 | status=running
[UL Convergence] | phase=optimize | user=1 | block=3 | n_kl=60 | epoch=81/1000 | objective=-12.753419 | rate=12.753419 | power=29.999945 | r_p=0.000000 | r_c=0.000000 | r_s=0.002781 | status=running
[UL Convergence] | phase=optimize | user=1 | block=3 | n_kl=60 | epoch=82/1000 | objective=-12.755777 | rate=12.755777 | power=29.999939 | r_p=0.000000 | r_c=0.000000 | r_s=0.002710 | status=running
[UL Convergence] | phase=optimize | user=1 | block=3 | n_kl=60 | epoch=83/1000 | objective=-12.757977 | rate=12.757977 | power=29.999939 | r_p=0.000000 | r_c=0.000000 | r_s=0.002640 | status=running
[UL Convergence] | phase=optimize | user=1 | block=3 | n_kl=60 | epoch=84/1000 | objective=-12.760037 | rate=12.760037 | power=29.999945 | r_p=0.000000 | r_c=0.000000 | r_s=0.002571 | status=running
[UL Convergence] | phase=optimize | user=1 | block=3 | n_kl=60 | epoch=85/1000 | objective=-12.761962 | rate=12.761962 | power=29.999939 | r_p=0.000000 | r_c=0.000000 | r_s=0.002502 | status=running
[UL Convergence] | phase=optimize | user=1 | block=3 | n_kl=60 | epoch=86/1000 | objective=-12.763759 | rate=12.763759 | power=29.999939 | r_p=0.000000 | r_c=0.000000 | r_s=0.002433 | status=running
[UL Convergence] | phase=optimize | user=1 | block=3 | n_kl=60 | epoch=87/1000 | objective=-12.765430 | rate=12.765430 | power=29.999929 | r_p=0.000000 | r_c=0.000000 | r_s=0.002365 | status=running
[UL Convergence] | phase=optimize | user=1 | block=3 | n_kl=60 | epoch=88/1000 | objective=-12.766989 | rate=12.766989 | power=29.999945 | r_p=0.000000 | r_c=0.000000 | r_s=0.002297 | status=running
[UL Convergence] | phase=optimize | user=1 | block=3 | n_kl=60 | epoch=89/1000 | objective=-12.768437 | rate=12.768437 | power=29.999939 | r_p=0.000000 | r_c=0.000000 | r_s=0.002230 | status=running
[UL Convergence] | phase=optimize | user=1 | block=3 | n_kl=60 | epoch=90/1000 | objective=-12.769787 | rate=12.769787 | power=29.999939 | r_p=0.000000 | r_c=0.000000 | r_s=0.002164 | status=running
[UL Convergence] | phase=optimize | user=1 | block=3 | n_kl=60 | epoch=91/1000 | objective=-12.771032 | rate=12.771032 | power=29.999939 | r_p=0.000000 | r_c=0.000000 | r_s=0.002099 | status=running
[UL Convergence] | phase=optimize | user=1 | block=3 | n_kl=60 | epoch=92/1000 | objective=-12.772195 | rate=12.772195 | power=29.999935 | r_p=0.000000 | r_c=0.000000 | r_s=0.002034 | status=running
[UL Convergence] | phase=optimize | user=1 | block=3 | n_kl=60 | epoch=93/1000 | objective=-12.773271 | rate=12.773271 | power=29.999945 | r_p=0.000000 | r_c=0.000000 | r_s=0.001970 | status=running
[UL Convergence] | phase=optimize | user=1 | block=3 | n_kl=60 | epoch=94/1000 | objective=-12.774268 | rate=12.774268 | power=29.999939 | r_p=0.000000 | r_c=0.000000 | r_s=0.001907 | status=running
[UL Convergence] | phase=optimize | user=1 | block=3 | n_kl=60 | epoch=95/1000 | objective=-12.775183 | rate=12.775183 | power=29.999939 | r_p=0.000000 | r_c=0.000000 | r_s=0.001846 | status=running
[UL Convergence] | phase=optimize | user=1 | block=3 | n_kl=60 | epoch=96/1000 | objective=-12.776028 | rate=12.776028 | power=29.999939 | r_p=0.000000 | r_c=0.000000 | r_s=0.001785 | status=running
[UL Convergence] | phase=optimize | user=1 | block=3 | n_kl=60 | epoch=97/1000 | objective=-12.776814 | rate=12.776814 | power=29.999939 | r_p=0.000000 | r_c=0.000000 | r_s=0.001725 | status=running
[UL Convergence] | phase=optimize | user=1 | block=3 | n_kl=60 | epoch=98/1000 | objective=-12.777534 | rate=12.777534 | power=29.999939 | r_p=0.000000 | r_c=0.000000 | r_s=0.001666 | status=running
[UL Convergence] | phase=optimize | user=1 | block=3 | n_kl=60 | epoch=99/1000 | objective=-12.778193 | rate=12.778193 | power=29.999945 | r_p=0.000000 | r_c=0.000000 | r_s=0.001608 | status=running
[UL Convergence] | phase=optimize | user=1 | block=3 | n_kl=60 | epoch=100/1000 | objective=-12.778797 | rate=12.778797 | power=29.999939 | r_p=0.000000 | r_c=0.000000 | r_s=0.001552 | status=running
[UL Convergence] | phase=optimize | user=1 | block=3 | n_kl=60 | epoch=101/1000 | objective=-12.779360 | rate=12.779360 | power=29.999939 | r_p=0.000000 | r_c=0.000000 | r_s=0.001496 | status=running
[UL Convergence] | phase=optimize | user=1 | block=3 | n_kl=60 | epoch=102/1000 | objective=-12.779871 | rate=12.779871 | power=29.999945 | r_p=0.000000 | r_c=0.000000 | r_s=0.001442 | status=running
[UL Convergence] | phase=optimize | user=1 | block=3 | n_kl=60 | epoch=103/1000 | objective=-12.780338 | rate=12.780338 | power=29.999939 | r_p=0.000000 | r_c=0.000000 | r_s=0.001389 | status=running
[UL Convergence] | phase=optimize | user=1 | block=3 | n_kl=60 | epoch=104/1000 | objective=-12.780766 | rate=12.780766 | power=29.999939 | r_p=0.000000 | r_c=0.000000 | r_s=0.001337 | status=running
[UL Convergence] | phase=optimize | user=1 | block=3 | n_kl=60 | epoch=105/1000 | objective=-12.781158 | rate=12.781158 | power=29.999939 | r_p=0.000000 | r_c=0.000000 | r_s=0.001286 | status=running
[UL Convergence] | phase=optimize | user=1 | block=3 | n_kl=60 | epoch=106/1000 | objective=-12.781509 | rate=12.781509 | power=29.999935 | r_p=0.000000 | r_c=0.000000 | r_s=0.001237 | status=running
[UL Convergence] | phase=optimize | user=1 | block=3 | n_kl=60 | epoch=107/1000 | objective=-12.781835 | rate=12.781835 | power=29.999939 | r_p=0.000000 | r_c=0.000000 | r_s=0.001188 | status=running
[UL Convergence] | phase=optimize | user=1 | block=3 | n_kl=60 | epoch=108/1000 | objective=-12.782130 | rate=12.782130 | power=29.999939 | r_p=0.000000 | r_c=0.000000 | r_s=0.001141 | status=running
[UL Convergence] | phase=optimize | user=1 | block=3 | n_kl=60 | epoch=109/1000 | objective=-12.782399 | rate=12.782399 | power=29.999939 | r_p=0.000000 | r_c=0.000000 | r_s=0.001096 | status=running
[UL Convergence] | phase=optimize | user=1 | block=3 | n_kl=60 | epoch=110/1000 | objective=-12.782636 | rate=12.782636 | power=29.999935 | r_p=0.000000 | r_c=0.000000 | r_s=0.001051 | status=running
[UL Convergence] | phase=optimize | user=1 | block=3 | n_kl=60 | epoch=111/1000 | objective=-12.782856 | rate=12.782856 | power=29.999939 | r_p=0.000000 | r_c=0.000000 | r_s=0.001008 | status=running
[UL Convergence] | phase=optimize | user=1 | block=3 | n_kl=60 | epoch=112/1000 | objective=-12.783061 | rate=12.783061 | power=29.999939 | r_p=0.000000 | r_c=0.000000 | r_s=9.655709e-04 | status=running
[UL Convergence] | phase=optimize | user=1 | block=3 | n_kl=60 | epoch=113/1000 | objective=-12.783238 | rate=12.783238 | power=29.999935 | r_p=0.000000 | r_c=0.000000 | r_s=9.246839e-04 | status=running
[UL Convergence] | phase=optimize | user=1 | block=3 | n_kl=60 | epoch=114/1000 | objective=-12.783401 | rate=12.783401 | power=29.999935 | r_p=0.000000 | r_c=0.000000 | r_s=8.849720e-04 | status=running
[UL Convergence] | phase=optimize | user=1 | block=3 | n_kl=60 | epoch=115/1000 | objective=-12.783549 | rate=12.783549 | power=29.999939 | r_p=0.000000 | r_c=0.000000 | r_s=8.464388e-04 | status=running
[UL Convergence] | phase=optimize | user=1 | block=3 | n_kl=60 | epoch=116/1000 | objective=-12.783670 | rate=12.783670 | power=29.999939 | r_p=0.000000 | r_c=0.000000 | r_s=8.090845e-04 | status=running
[UL Convergence] | phase=optimize | user=1 | block=3 | n_kl=60 | epoch=117/1000 | objective=-12.783791 | rate=12.783791 | power=29.999945 | r_p=0.000000 | r_c=0.000000 | r_s=7.728698e-04 | status=running
[UL Convergence] | phase=optimize | user=1 | block=3 | n_kl=60 | epoch=118/1000 | objective=-12.783897 | rate=12.783897 | power=29.999939 | r_p=0.000000 | r_c=0.000000 | r_s=7.377879e-04 | status=running
[UL Convergence] | phase=optimize | user=1 | block=3 | n_kl=60 | epoch=119/1000 | objective=-12.783990 | rate=12.783990 | power=29.999939 | r_p=0.000000 | r_c=0.000000 | r_s=7.038326e-04 | status=running
[UL Convergence] | phase=optimize | user=1 | block=3 | n_kl=60 | epoch=120/1000 | objective=-12.784077 | rate=12.784077 | power=29.999939 | r_p=0.000000 | r_c=0.000000 | r_s=6.709908e-04 | status=running
[UL Convergence] | phase=optimize | user=1 | block=3 | n_kl=60 | epoch=121/1000 | objective=-12.784153 | rate=12.784153 | power=29.999939 | r_p=0.000000 | r_c=0.000000 | r_s=6.392421e-04 | status=running
[UL Convergence] | phase=optimize | user=1 | block=3 | n_kl=60 | epoch=122/1000 | objective=-12.784223 | rate=12.784223 | power=29.999939 | r_p=0.000000 | r_c=0.000000 | r_s=6.085185e-04 | status=running
[UL Convergence] | phase=optimize | user=1 | block=3 | n_kl=60 | epoch=123/1000 | objective=-12.784273 | rate=12.784273 | power=29.999935 | r_p=0.000000 | r_c=0.000000 | r_s=5.788794e-04 | status=kkt_converged
[UL Convergence Result] | user=1 | block=3 | n_kl=60 | achieved_rate=12.784273 | power=29.999935 | rate_gap=-6.117607 | power_gap=-6.484985e-05 | solve_status=kkt_converged
[UL Convergence Allocation] | user=1 | block=3 | n_kl=60 | requested_bits=400 | served_bits=400 | full_service=true
[UL Convergence Block] | user=1 | block=3 | stage=post_T | served_bits=400 | unserved_bits=0
[UL Convergence Reduction] | user=1 | block=3 | served_bits=400 | n_start=59 | n_min=1
[UL Convergence Solve] | user=1 | block=3 | stage=reduced_n | n_kl=59 | served_bits=400
[UL Convergence] | phase=optimize | user=1 | block=3 | n_kl=59 | epoch=1/1000 | objective=-12.764437 | rate=12.764437 | power=29.999935 | r_p=0.000000 | r_c=0.000000 | r_s=inf | status=running
[UL Convergence] | phase=optimize | user=1 | block=3 | n_kl=59 | epoch=2/1000 | objective=-12.764494 | rate=12.764494 | power=29.999939 | r_p=0.000000 | r_c=0.000000 | r_s=5.503042e-04 | status=kkt_converged
[UL Convergence Candidate] | user=1 | block=3 | n_kl=59 | achieved_rate=12.764494 | rate_gap=-5.984833 | power_gap=-6.103516e-05 | status=accepted
[UL Convergence Solve] | user=1 | block=3 | stage=reduced_n | n_kl=50 | served_bits=400
[UL Convergence] | phase=optimize | user=1 | block=3 | n_kl=50 | epoch=1/1000 | objective=-12.560228 | rate=12.560228 | power=29.999939 | r_p=0.000000 | r_c=0.000000 | r_s=inf | status=running
[UL Convergence] | phase=optimize | user=1 | block=3 | n_kl=50 | epoch=2/1000 | objective=-12.560250 | rate=12.560250 | power=29.999935 | r_p=0.000000 | r_c=0.000000 | r_s=3.377362e-04 | status=kkt_converged
[UL Convergence Candidate] | user=1 | block=3 | n_kl=50 | achieved_rate=12.560250 | rate_gap=-4.560250 | power_gap=-6.484985e-05 | status=accepted
[UL Convergence Solve] | user=1 | block=3 | stage=reduced_n | n_kl=40 | served_bits=400
[UL Convergence] | phase=optimize | user=1 | block=3 | n_kl=40 | epoch=1/1000 | objective=-12.256403 | rate=12.256403 | power=29.999945 | r_p=0.000000 | r_c=0.000000 | r_s=inf | status=running
[UL Convergence] | phase=optimize | user=1 | block=3 | n_kl=40 | epoch=2/1000 | objective=-12.256408 | rate=12.256408 | power=29.999939 | r_p=0.000000 | r_c=0.000000 | r_s=1.901671e-04 | status=kkt_converged
[UL Convergence Candidate] | user=1 | block=3 | n_kl=40 | achieved_rate=12.256408 | rate_gap=-2.256408 | power_gap=-6.103516e-05 | status=accepted
[UL Convergence Reduction] | user=1 | block=3 | n_kl=33 | status=stop_infeasible
[UL Convergence Final] | user=1 | block=3 | feasible_points=27 | chosen_n_kl=34 | served_bits=400 | achieved_rate=12.012735 | power=29.999939 | solve_status=kkt_converged
[UL Convergence Allocation] | user=1 | block=3 | chosen_n_kl=34 | served_bits=400 | unserved_bits=0 | mode=fixed_block_targets
[UL Convergence Train] | user=1 | block=4 | target_bits=400 | mode=fixed_block_targets
[UL Convergence Block] | user=1 | block=4 | budget_mode=target_bits | requested_bits=400
[UL Convergence Solve] | user=1 | block=4 | stage=n=T | n_kl=60 | requested_bits=400
[UL Convergence] | phase=optimize | user=1 | block=4 | n_kl=60 | epoch=1/1000 | objective=-10.474045 | rate=10.474045 | power=29.999996 | r_p=0.000000 | r_c=0.000000 | r_s=inf | status=running
[UL Convergence] | phase=optimize | user=1 | block=4 | n_kl=60 | epoch=2/1000 | objective=-10.509044 | rate=10.509044 | power=29.999939 | r_p=0.000000 | r_c=0.000000 | r_s=0.007431 | status=running
[UL Convergence] | phase=optimize | user=1 | block=4 | n_kl=60 | epoch=3/1000 | objective=-10.554695 | rate=10.554695 | power=29.999939 | r_p=0.000000 | r_c=0.000000 | r_s=0.007329 | status=running
[UL Convergence] | phase=optimize | user=1 | block=4 | n_kl=60 | epoch=4/1000 | objective=-10.604089 | rate=10.604089 | power=29.999939 | r_p=0.000000 | r_c=0.000000 | r_s=0.007731 | status=running
[UL Convergence] | phase=optimize | user=1 | block=4 | n_kl=60 | epoch=5/1000 | objective=-10.655440 | rate=10.655440 | power=29.999939 | r_p=0.000000 | r_c=0.000000 | r_s=0.007972 | status=running
[UL Convergence] | phase=optimize | user=1 | block=4 | n_kl=60 | epoch=6/1000 | objective=-10.707998 | rate=10.707998 | power=29.999935 | r_p=0.000000 | r_c=0.000000 | r_s=0.008137 | status=running
[UL Convergence] | phase=optimize | user=1 | block=4 | n_kl=60 | epoch=7/1000 | objective=-10.761339 | rate=10.761339 | power=29.999939 | r_p=0.000000 | r_c=0.000000 | r_s=0.008261 | status=running
[UL Convergence] | phase=optimize | user=1 | block=4 | n_kl=60 | epoch=8/1000 | objective=-10.815181 | rate=10.815181 | power=29.999939 | r_p=0.000000 | r_c=0.000000 | r_s=0.008359 | status=running
[UL Convergence] | phase=optimize | user=1 | block=4 | n_kl=60 | epoch=9/1000 | objective=-10.869319 | rate=10.869319 | power=29.999935 | r_p=0.000000 | r_c=0.000000 | r_s=0.008436 | status=running
[UL Convergence] | phase=optimize | user=1 | block=4 | n_kl=60 | epoch=10/1000 | objective=-10.923588 | rate=10.923588 | power=29.999929 | r_p=0.000000 | r_c=0.000000 | r_s=0.008499 | status=running
[UL Convergence] | phase=optimize | user=1 | block=4 | n_kl=60 | epoch=11/1000 | objective=-10.977840 | rate=10.977840 | power=29.999939 | r_p=0.000000 | r_c=0.000000 | r_s=0.008549 | status=running
[UL Convergence] | phase=optimize | user=1 | block=4 | n_kl=60 | epoch=12/1000 | objective=-11.031948 | rate=11.031948 | power=29.999935 | r_p=0.000000 | r_c=0.000000 | r_s=0.008587 | status=running
[UL Convergence] | phase=optimize | user=1 | block=4 | n_kl=60 | epoch=13/1000 | objective=-11.085791 | rate=11.085791 | power=29.999939 | r_p=0.000000 | r_c=0.000000 | r_s=0.008613 | status=running
[UL Convergence] | phase=optimize | user=1 | block=4 | n_kl=60 | epoch=14/1000 | objective=-11.139252 | rate=11.139252 | power=29.999939 | r_p=0.000000 | r_c=0.000000 | r_s=0.008630 | status=running
[UL Convergence] | phase=optimize | user=1 | block=4 | n_kl=60 | epoch=15/1000 | objective=-11.192241 | rate=11.192241 | power=29.999935 | r_p=0.000000 | r_c=0.000000 | r_s=0.008637 | status=running
[UL Convergence] | phase=optimize | user=1 | block=4 | n_kl=60 | epoch=16/1000 | objective=-11.244657 | rate=11.244657 | power=29.999935 | r_p=0.000000 | r_c=0.000000 | r_s=0.008634 | status=running
[UL Convergence] | phase=optimize | user=1 | block=4 | n_kl=60 | epoch=17/1000 | objective=-11.296405 | rate=11.296405 | power=29.999939 | r_p=0.000000 | r_c=0.000000 | r_s=0.008623 | status=running
[UL Convergence] | phase=optimize | user=1 | block=4 | n_kl=60 | epoch=18/1000 | objective=-11.347408 | rate=11.347408 | power=29.999939 | r_p=0.000000 | r_c=0.000000 | r_s=0.008603 | status=running
[UL Convergence] | phase=optimize | user=1 | block=4 | n_kl=60 | epoch=19/1000 | objective=-11.397596 | rate=11.397596 | power=29.999939 | r_p=0.000000 | r_c=0.000000 | r_s=0.008576 | status=running
[UL Convergence] | phase=optimize | user=1 | block=4 | n_kl=60 | epoch=20/1000 | objective=-11.446892 | rate=11.446892 | power=29.999939 | r_p=0.000000 | r_c=0.000000 | r_s=0.008541 | status=running
[UL Convergence] | phase=optimize | user=1 | block=4 | n_kl=60 | epoch=21/1000 | objective=-11.495239 | rate=11.495239 | power=29.999939 | r_p=0.000000 | r_c=0.000000 | r_s=0.008498 | status=running
[UL Convergence] | phase=optimize | user=1 | block=4 | n_kl=60 | epoch=22/1000 | objective=-11.542575 | rate=11.542575 | power=29.999939 | r_p=0.000000 | r_c=0.000000 | r_s=0.008450 | status=running
[UL Convergence] | phase=optimize | user=1 | block=4 | n_kl=60 | epoch=23/1000 | objective=-11.588862 | rate=11.588862 | power=29.999939 | r_p=0.000000 | r_c=0.000000 | r_s=0.008395 | status=running
[UL Convergence] | phase=optimize | user=1 | block=4 | n_kl=60 | epoch=24/1000 | objective=-11.634059 | rate=11.634059 | power=29.999939 | r_p=0.000000 | r_c=0.000000 | r_s=0.008335 | status=running
[UL Convergence] | phase=optimize | user=1 | block=4 | n_kl=60 | epoch=25/1000 | objective=-11.678136 | rate=11.678136 | power=29.999945 | r_p=0.000000 | r_c=0.000000 | r_s=0.008269 | status=running
[UL Convergence] | phase=optimize | user=1 | block=4 | n_kl=60 | epoch=26/1000 | objective=-11.721061 | rate=11.721061 | power=29.999939 | r_p=0.000000 | r_c=0.000000 | r_s=0.008198 | status=running
[UL Convergence] | phase=optimize | user=1 | block=4 | n_kl=60 | epoch=27/1000 | objective=-11.762823 | rate=11.762823 | power=29.999939 | r_p=0.000000 | r_c=0.000000 | r_s=0.008123 | status=running
[UL Convergence] | phase=optimize | user=1 | block=4 | n_kl=60 | epoch=28/1000 | objective=-11.803400 | rate=11.803400 | power=29.999939 | r_p=0.000000 | r_c=0.000000 | r_s=0.008043 | status=running
[UL Convergence] | phase=optimize | user=1 | block=4 | n_kl=60 | epoch=29/1000 | objective=-11.842789 | rate=11.842789 | power=29.999945 | r_p=0.000000 | r_c=0.000000 | r_s=0.007960 | status=running
[UL Convergence] | phase=optimize | user=1 | block=4 | n_kl=60 | epoch=30/1000 | objective=-11.880995 | rate=11.880995 | power=29.999945 | r_p=0.000000 | r_c=0.000000 | r_s=0.007872 | status=running
[UL Convergence] | phase=optimize | user=1 | block=4 | n_kl=60 | epoch=31/1000 | objective=-11.918005 | rate=11.918005 | power=29.999939 | r_p=0.000000 | r_c=0.000000 | r_s=0.007782 | status=running
[UL Convergence] | phase=optimize | user=1 | block=4 | n_kl=60 | epoch=32/1000 | objective=-11.953844 | rate=11.953844 | power=29.999939 | r_p=0.000000 | r_c=0.000000 | r_s=0.007689 | status=running
[UL Convergence] | phase=optimize | user=1 | block=4 | n_kl=60 | epoch=33/1000 | objective=-11.988516 | rate=11.988516 | power=29.999945 | r_p=0.000000 | r_c=0.000000 | r_s=0.007593 | status=running
[UL Convergence] | phase=optimize | user=1 | block=4 | n_kl=60 | epoch=34/1000 | objective=-12.022034 | rate=12.022034 | power=29.999945 | r_p=0.000000 | r_c=0.000000 | r_s=0.007495 | status=running
[UL Convergence] | phase=optimize | user=1 | block=4 | n_kl=60 | epoch=35/1000 | objective=-12.054426 | rate=12.054426 | power=29.999939 | r_p=0.000000 | r_c=0.000000 | r_s=0.007395 | status=running
[UL Convergence] | phase=optimize | user=1 | block=4 | n_kl=60 | epoch=36/1000 | objective=-12.085703 | rate=12.085703 | power=29.999939 | r_p=0.000000 | r_c=0.000000 | r_s=0.007294 | status=running
[UL Convergence] | phase=optimize | user=1 | block=4 | n_kl=60 | epoch=37/1000 | objective=-12.115883 | rate=12.115883 | power=29.999945 | r_p=0.000000 | r_c=0.000000 | r_s=0.007192 | status=running
[UL Convergence] | phase=optimize | user=1 | block=4 | n_kl=60 | epoch=38/1000 | objective=-12.145000 | rate=12.145000 | power=29.999945 | r_p=0.000000 | r_c=0.000000 | r_s=0.007089 | status=running
[UL Convergence] | phase=optimize | user=1 | block=4 | n_kl=60 | epoch=39/1000 | objective=-12.173082 | rate=12.173082 | power=29.999935 | r_p=0.000000 | r_c=0.000000 | r_s=0.006986 | status=running
[UL Convergence] | phase=optimize | user=1 | block=4 | n_kl=60 | epoch=40/1000 | objective=-12.200140 | rate=12.200140 | power=29.999939 | r_p=0.000000 | r_c=0.000000 | r_s=0.006882 | status=running
[UL Convergence] | phase=optimize | user=1 | block=4 | n_kl=60 | epoch=41/1000 | objective=-12.226221 | rate=12.226221 | power=29.999939 | r_p=0.000000 | r_c=0.000000 | r_s=0.006780 | status=running
[UL Convergence] | phase=optimize | user=1 | block=4 | n_kl=60 | epoch=42/1000 | objective=-12.251343 | rate=12.251343 | power=29.999945 | r_p=0.000000 | r_c=0.000000 | r_s=0.006678 | status=running
[UL Convergence] | phase=optimize | user=1 | block=4 | n_kl=60 | epoch=43/1000 | objective=-12.275528 | rate=12.275528 | power=29.999935 | r_p=0.000000 | r_c=0.000000 | r_s=0.006577 | status=running
[UL Convergence] | phase=optimize | user=1 | block=4 | n_kl=60 | epoch=44/1000 | objective=-12.298807 | rate=12.298807 | power=29.999945 | r_p=0.000000 | r_c=0.000000 | r_s=0.006477 | status=running
[UL Convergence] | phase=optimize | user=1 | block=4 | n_kl=60 | epoch=45/1000 | objective=-12.321216 | rate=12.321216 | power=29.999939 | r_p=0.000000 | r_c=0.000000 | r_s=0.006379 | status=running
[UL Convergence] | phase=optimize | user=1 | block=4 | n_kl=60 | epoch=46/1000 | objective=-12.342772 | rate=12.342772 | power=29.999945 | r_p=0.000000 | r_c=0.000000 | r_s=0.006282 | status=running
[UL Convergence] | phase=optimize | user=1 | block=4 | n_kl=60 | epoch=47/1000 | objective=-12.363494 | rate=12.363494 | power=29.999939 | r_p=0.000000 | r_c=0.000000 | r_s=0.006187 | status=running
[UL Convergence] | phase=optimize | user=1 | block=4 | n_kl=60 | epoch=48/1000 | objective=-12.383430 | rate=12.383430 | power=29.999939 | r_p=0.000000 | r_c=0.000000 | r_s=0.006094 | status=running
[UL Convergence] | phase=optimize | user=1 | block=4 | n_kl=60 | epoch=49/1000 | objective=-12.402588 | rate=12.402588 | power=29.999939 | r_p=0.000000 | r_c=0.000000 | r_s=0.006003 | status=running
[UL Convergence] | phase=optimize | user=1 | block=4 | n_kl=60 | epoch=50/1000 | objective=-12.420990 | rate=12.420990 | power=29.999939 | r_p=0.000000 | r_c=0.000000 | r_s=0.005913 | status=running
[UL Convergence] | phase=optimize | user=1 | block=4 | n_kl=60 | epoch=51/1000 | objective=-12.438667 | rate=12.438667 | power=29.999939 | r_p=0.000000 | r_c=0.000000 | r_s=0.005825 | status=running
[UL Convergence] | phase=optimize | user=1 | block=4 | n_kl=60 | epoch=52/1000 | objective=-12.455646 | rate=12.455646 | power=29.999939 | r_p=0.000000 | r_c=0.000000 | r_s=0.005738 | status=running
[UL Convergence] | phase=optimize | user=1 | block=4 | n_kl=60 | epoch=53/1000 | objective=-12.471938 | rate=12.471938 | power=29.999939 | r_p=0.000000 | r_c=0.000000 | r_s=0.005652 | status=running
[UL Convergence] | phase=optimize | user=1 | block=4 | n_kl=60 | epoch=54/1000 | objective=-12.487571 | rate=12.487571 | power=29.999945 | r_p=0.000000 | r_c=0.000000 | r_s=0.005566 | status=running
[UL Convergence] | phase=optimize | user=1 | block=4 | n_kl=60 | epoch=55/1000 | objective=-12.502558 | rate=12.502558 | power=29.999939 | r_p=0.000000 | r_c=0.000000 | r_s=0.005481 | status=running
[UL Convergence] | phase=optimize | user=1 | block=4 | n_kl=60 | epoch=56/1000 | objective=-12.516936 | rate=12.516936 | power=29.999945 | r_p=0.000000 | r_c=0.000000 | r_s=0.005397 | status=running
[UL Convergence] | phase=optimize | user=1 | block=4 | n_kl=60 | epoch=57/1000 | objective=-12.530712 | rate=12.530712 | power=29.999939 | r_p=0.000000 | r_c=0.000000 | r_s=0.005312 | status=running
[UL Convergence] | phase=optimize | user=1 | block=4 | n_kl=60 | epoch=58/1000 | objective=-12.543904 | rate=12.543904 | power=29.999945 | r_p=0.000000 | r_c=0.000000 | r_s=0.005227 | status=running
[UL Convergence] | phase=optimize | user=1 | block=4 | n_kl=60 | epoch=59/1000 | objective=-12.556544 | rate=12.556544 | power=29.999939 | r_p=0.000000 | r_c=0.000000 | r_s=0.005142 | status=running
[UL Convergence] | phase=optimize | user=1 | block=4 | n_kl=60 | epoch=60/1000 | objective=-12.568634 | rate=12.568634 | power=29.999935 | r_p=0.000000 | r_c=0.000000 | r_s=0.005057 | status=running
[UL Convergence] | phase=optimize | user=1 | block=4 | n_kl=60 | epoch=61/1000 | objective=-12.580202 | rate=12.580202 | power=29.999939 | r_p=0.000000 | r_c=0.000000 | r_s=0.004972 | status=running
[UL Convergence] | phase=optimize | user=1 | block=4 | n_kl=60 | epoch=62/1000 | objective=-12.591269 | rate=12.591269 | power=29.999939 | r_p=0.000000 | r_c=0.000000 | r_s=0.004887 | status=running
[UL Convergence] | phase=optimize | user=1 | block=4 | n_kl=60 | epoch=63/1000 | objective=-12.601839 | rate=12.601839 | power=29.999929 | r_p=0.000000 | r_c=0.000000 | r_s=0.004801 | status=running
[UL Convergence] | phase=optimize | user=1 | block=4 | n_kl=60 | epoch=64/1000 | objective=-12.611953 | rate=12.611953 | power=29.999939 | r_p=0.000000 | r_c=0.000000 | r_s=0.004716 | status=running
[UL Convergence] | phase=optimize | user=1 | block=4 | n_kl=60 | epoch=65/1000 | objective=-12.621609 | rate=12.621609 | power=29.999939 | r_p=0.000000 | r_c=0.000000 | r_s=0.004631 | status=running
[UL Convergence] | phase=optimize | user=1 | block=4 | n_kl=60 | epoch=66/1000 | objective=-12.630827 | rate=12.630827 | power=29.999939 | r_p=0.000000 | r_c=0.000000 | r_s=0.004546 | status=running
[UL Convergence] | phase=optimize | user=1 | block=4 | n_kl=60 | epoch=67/1000 | objective=-12.639617 | rate=12.639617 | power=29.999939 | r_p=0.000000 | r_c=0.000000 | r_s=0.004461 | status=running
[UL Convergence] | phase=optimize | user=1 | block=4 | n_kl=60 | epoch=68/1000 | objective=-12.648009 | rate=12.648009 | power=29.999945 | r_p=0.000000 | r_c=0.000000 | r_s=0.004377 | status=running
[UL Convergence] | phase=optimize | user=1 | block=4 | n_kl=60 | epoch=69/1000 | objective=-12.656005 | rate=12.656005 | power=29.999939 | r_p=0.000000 | r_c=0.000000 | r_s=0.004294 | status=running
[UL Convergence] | phase=optimize | user=1 | block=4 | n_kl=60 | epoch=70/1000 | objective=-12.663629 | rate=12.663629 | power=29.999945 | r_p=0.000000 | r_c=0.000000 | r_s=0.004211 | status=running
[UL Convergence] | phase=optimize | user=1 | block=4 | n_kl=60 | epoch=71/1000 | objective=-12.670890 | rate=12.670890 | power=29.999939 | r_p=0.000000 | r_c=0.000000 | r_s=0.004129 | status=running
[UL Convergence] | phase=optimize | user=1 | block=4 | n_kl=60 | epoch=72/1000 | objective=-12.677809 | rate=12.677809 | power=29.999939 | r_p=0.000000 | r_c=0.000000 | r_s=0.004048 | status=running
[UL Convergence] | phase=optimize | user=1 | block=4 | n_kl=60 | epoch=73/1000 | objective=-12.684385 | rate=12.684385 | power=29.999945 | r_p=0.000000 | r_c=0.000000 | r_s=0.003968 | status=running
[UL Convergence] | phase=optimize | user=1 | block=4 | n_kl=60 | epoch=74/1000 | objective=-12.690644 | rate=12.690644 | power=29.999939 | r_p=0.000000 | r_c=0.000000 | r_s=0.003889 | status=running
[UL Convergence] | phase=optimize | user=1 | block=4 | n_kl=60 | epoch=75/1000 | objective=-12.696589 | rate=12.696589 | power=29.999939 | r_p=0.000000 | r_c=0.000000 | r_s=0.003810 | status=running
[UL Convergence] | phase=optimize | user=1 | block=4 | n_kl=60 | epoch=76/1000 | objective=-12.702247 | rate=12.702247 | power=29.999939 | r_p=0.000000 | r_c=0.000000 | r_s=0.003732 | status=running
[UL Convergence] | phase=optimize | user=1 | block=4 | n_kl=60 | epoch=77/1000 | objective=-12.707606 | rate=12.707606 | power=29.999939 | r_p=0.000000 | r_c=0.000000 | r_s=0.003655 | status=running
[UL Convergence] | phase=optimize | user=1 | block=4 | n_kl=60 | epoch=78/1000 | objective=-12.712698 | rate=12.712698 | power=29.999939 | r_p=0.000000 | r_c=0.000000 | r_s=0.003578 | status=running
[UL Convergence] | phase=optimize | user=1 | block=4 | n_kl=60 | epoch=79/1000 | objective=-12.717529 | rate=12.717529 | power=29.999945 | r_p=0.000000 | r_c=0.000000 | r_s=0.003502 | status=running
[UL Convergence] | phase=optimize | user=1 | block=4 | n_kl=60 | epoch=80/1000 | objective=-12.722106 | rate=12.722106 | power=29.999945 | r_p=0.000000 | r_c=0.000000 | r_s=0.003426 | status=running
[UL Convergence] | phase=optimize | user=1 | block=4 | n_kl=60 | epoch=81/1000 | objective=-12.726440 | rate=12.726440 | power=29.999935 | r_p=0.000000 | r_c=0.000000 | r_s=0.003351 | status=running
[UL Convergence] | phase=optimize | user=1 | block=4 | n_kl=60 | epoch=82/1000 | objective=-12.730537 | rate=12.730537 | power=29.999935 | r_p=0.000000 | r_c=0.000000 | r_s=0.003276 | status=running
[UL Convergence] | phase=optimize | user=1 | block=4 | n_kl=60 | epoch=83/1000 | objective=-12.734420 | rate=12.734420 | power=29.999945 | r_p=0.000000 | r_c=0.000000 | r_s=0.003202 | status=running
[UL Convergence] | phase=optimize | user=1 | block=4 | n_kl=60 | epoch=84/1000 | objective=-12.738092 | rate=12.738092 | power=29.999939 | r_p=0.000000 | r_c=0.000000 | r_s=0.003128 | status=running
[UL Convergence] | phase=optimize | user=1 | block=4 | n_kl=60 | epoch=85/1000 | objective=-12.741554 | rate=12.741554 | power=29.999945 | r_p=0.000000 | r_c=0.000000 | r_s=0.003055 | status=running
[UL Convergence] | phase=optimize | user=1 | block=4 | n_kl=60 | epoch=86/1000 | objective=-12.744823 | rate=12.744823 | power=29.999939 | r_p=0.000000 | r_c=0.000000 | r_s=0.002983 | status=running
[UL Convergence] | phase=optimize | user=1 | block=4 | n_kl=60 | epoch=87/1000 | objective=-12.747911 | rate=12.747911 | power=29.999939 | r_p=0.000000 | r_c=0.000000 | r_s=0.002911 | status=running
[UL Convergence] | phase=optimize | user=1 | block=4 | n_kl=60 | epoch=88/1000 | objective=-12.750811 | rate=12.750811 | power=29.999939 | r_p=0.000000 | r_c=0.000000 | r_s=0.002840 | status=running
[UL Convergence] | phase=optimize | user=1 | block=4 | n_kl=60 | epoch=89/1000 | objective=-12.753553 | rate=12.753553 | power=29.999939 | r_p=0.000000 | r_c=0.000000 | r_s=0.002770 | status=running
[UL Convergence] | phase=optimize | user=1 | block=4 | n_kl=60 | epoch=90/1000 | objective=-12.756128 | rate=12.756128 | power=29.999945 | r_p=0.000000 | r_c=0.000000 | r_s=0.002700 | status=running
[UL Convergence] | phase=optimize | user=1 | block=4 | n_kl=60 | epoch=91/1000 | objective=-12.758554 | rate=12.758554 | power=29.999945 | r_p=0.000000 | r_c=0.000000 | r_s=0.002632 | status=running
[UL Convergence] | phase=optimize | user=1 | block=4 | n_kl=60 | epoch=92/1000 | objective=-12.760827 | rate=12.760827 | power=29.999939 | r_p=0.000000 | r_c=0.000000 | r_s=0.002564 | status=running
[UL Convergence] | phase=optimize | user=1 | block=4 | n_kl=60 | epoch=93/1000 | objective=-12.762965 | rate=12.762965 | power=29.999939 | r_p=0.000000 | r_c=0.000000 | r_s=0.002497 | status=running
[UL Convergence] | phase=optimize | user=1 | block=4 | n_kl=60 | epoch=94/1000 | objective=-12.764969 | rate=12.764969 | power=29.999945 | r_p=0.000000 | r_c=0.000000 | r_s=0.002431 | status=running
[UL Convergence] | phase=optimize | user=1 | block=4 | n_kl=60 | epoch=95/1000 | objective=-12.766845 | rate=12.766845 | power=29.999945 | r_p=0.000000 | r_c=0.000000 | r_s=0.002365 | status=running
[UL Convergence] | phase=optimize | user=1 | block=4 | n_kl=60 | epoch=96/1000 | objective=-12.768610 | rate=12.768610 | power=29.999939 | r_p=0.000000 | r_c=0.000000 | r_s=0.002301 | status=running
[UL Convergence] | phase=optimize | user=1 | block=4 | n_kl=60 | epoch=97/1000 | objective=-12.770250 | rate=12.770250 | power=29.999939 | r_p=0.000000 | r_c=0.000000 | r_s=0.002237 | status=running
[UL Convergence] | phase=optimize | user=1 | block=4 | n_kl=60 | epoch=98/1000 | objective=-12.771792 | rate=12.771792 | power=29.999939 | r_p=0.000000 | r_c=0.000000 | r_s=0.002175 | status=running
[UL Convergence] | phase=optimize | user=1 | block=4 | n_kl=60 | epoch=99/1000 | objective=-12.773232 | rate=12.773232 | power=29.999945 | r_p=0.000000 | r_c=0.000000 | r_s=0.002113 | status=running
[UL Convergence] | phase=optimize | user=1 | block=4 | n_kl=60 | epoch=100/1000 | objective=-12.774571 | rate=12.774571 | power=29.999945 | r_p=0.000000 | r_c=0.000000 | r_s=0.002052 | status=running
[UL Convergence] | phase=optimize | user=1 | block=4 | n_kl=60 | epoch=101/1000 | objective=-12.775820 | rate=12.775820 | power=29.999939 | r_p=0.000000 | r_c=0.000000 | r_s=0.001992 | status=running
[UL Convergence] | phase=optimize | user=1 | block=4 | n_kl=60 | epoch=102/1000 | objective=-12.776993 | rate=12.776993 | power=29.999939 | r_p=0.000000 | r_c=0.000000 | r_s=0.001933 | status=running
[UL Convergence] | phase=optimize | user=1 | block=4 | n_kl=60 | epoch=103/1000 | objective=-12.778070 | rate=12.778070 | power=29.999935 | r_p=0.000000 | r_c=0.000000 | r_s=0.001875 | status=running
[UL Convergence] | phase=optimize | user=1 | block=4 | n_kl=60 | epoch=104/1000 | objective=-12.779079 | rate=12.779079 | power=29.999945 | r_p=0.000000 | r_c=0.000000 | r_s=0.001818 | status=running
[UL Convergence] | phase=optimize | user=1 | block=4 | n_kl=60 | epoch=105/1000 | objective=-12.780010 | rate=12.780010 | power=29.999945 | r_p=0.000000 | r_c=0.000000 | r_s=0.001762 | status=running
[UL Convergence] | phase=optimize | user=1 | block=4 | n_kl=60 | epoch=106/1000 | objective=-12.780883 | rate=12.780883 | power=29.999939 | r_p=0.000000 | r_c=0.000000 | r_s=0.001706 | status=running
[UL Convergence] | phase=optimize | user=1 | block=4 | n_kl=60 | epoch=107/1000 | objective=-12.781694 | rate=12.781694 | power=29.999945 | r_p=0.000000 | r_c=0.000000 | r_s=0.001652 | status=running
[UL Convergence] | phase=optimize | user=1 | block=4 | n_kl=60 | epoch=108/1000 | objective=-12.782434 | rate=12.782434 | power=29.999945 | r_p=0.000000 | r_c=0.000000 | r_s=0.001598 | status=running
[UL Convergence] | phase=optimize | user=1 | block=4 | n_kl=60 | epoch=109/1000 | objective=-12.783122 | rate=12.783122 | power=29.999939 | r_p=0.000000 | r_c=0.000000 | r_s=0.001546 | status=running
[UL Convergence] | phase=optimize | user=1 | block=4 | n_kl=60 | epoch=110/1000 | objective=-12.783765 | rate=12.783765 | power=29.999939 | r_p=0.000000 | r_c=0.000000 | r_s=0.001494 | status=running
[UL Convergence] | phase=optimize | user=1 | block=4 | n_kl=60 | epoch=111/1000 | objective=-12.784352 | rate=12.784352 | power=29.999939 | r_p=0.000000 | r_c=0.000000 | r_s=0.001443 | status=running
[UL Convergence] | phase=optimize | user=1 | block=4 | n_kl=60 | epoch=112/1000 | objective=-12.784890 | rate=12.784890 | power=29.999945 | r_p=0.000000 | r_c=0.000000 | r_s=0.001393 | status=running
[UL Convergence] | phase=optimize | user=1 | block=4 | n_kl=60 | epoch=113/1000 | objective=-12.785391 | rate=12.785391 | power=29.999939 | r_p=0.000000 | r_c=0.000000 | r_s=0.001345 | status=running
[UL Convergence] | phase=optimize | user=1 | block=4 | n_kl=60 | epoch=114/1000 | objective=-12.785853 | rate=12.785853 | power=29.999939 | r_p=0.000000 | r_c=0.000000 | r_s=0.001297 | status=running
[UL Convergence] | phase=optimize | user=1 | block=4 | n_kl=60 | epoch=115/1000 | objective=-12.786276 | rate=12.786276 | power=29.999939 | r_p=0.000000 | r_c=0.000000 | r_s=0.001250 | status=running
[UL Convergence] | phase=optimize | user=1 | block=4 | n_kl=60 | epoch=116/1000 | objective=-12.786667 | rate=12.786667 | power=29.999939 | r_p=0.000000 | r_c=0.000000 | r_s=0.001204 | status=running
[UL Convergence] | phase=optimize | user=1 | block=4 | n_kl=60 | epoch=117/1000 | objective=-12.787016 | rate=12.787016 | power=29.999939 | r_p=0.000000 | r_c=0.000000 | r_s=0.001158 | status=running
[UL Convergence] | phase=optimize | user=1 | block=4 | n_kl=60 | epoch=118/1000 | objective=-12.787345 | rate=12.787345 | power=29.999939 | r_p=0.000000 | r_c=0.000000 | r_s=0.001115 | status=running
[UL Convergence] | phase=optimize | user=1 | block=4 | n_kl=60 | epoch=119/1000 | objective=-12.787642 | rate=12.787642 | power=29.999935 | r_p=0.000000 | r_c=0.000000 | r_s=0.001072 | status=running
[UL Convergence] | phase=optimize | user=1 | block=4 | n_kl=60 | epoch=120/1000 | objective=-12.787916 | rate=12.787916 | power=29.999939 | r_p=0.000000 | r_c=0.000000 | r_s=0.001030 | status=running
[UL Convergence] | phase=optimize | user=1 | block=4 | n_kl=60 | epoch=121/1000 | objective=-12.788166 | rate=12.788166 | power=29.999945 | r_p=0.000000 | r_c=0.000000 | r_s=9.889351e-04 | status=running
[UL Convergence] | phase=optimize | user=1 | block=4 | n_kl=60 | epoch=122/1000 | objective=-12.788394 | rate=12.788394 | power=29.999945 | r_p=0.000000 | r_c=0.000000 | r_s=9.492874e-04 | status=running
[UL Convergence] | phase=optimize | user=1 | block=4 | n_kl=60 | epoch=123/1000 | objective=-12.788601 | rate=12.788601 | power=29.999939 | r_p=0.000000 | r_c=0.000000 | r_s=9.107250e-04 | status=running
[UL Convergence] | phase=optimize | user=1 | block=4 | n_kl=60 | epoch=124/1000 | objective=-12.788790 | rate=12.788790 | power=29.999945 | r_p=0.000000 | r_c=0.000000 | r_s=8.732772e-04 | status=running
[UL Convergence] | phase=optimize | user=1 | block=4 | n_kl=60 | epoch=125/1000 | objective=-12.788965 | rate=12.788965 | power=29.999945 | r_p=0.000000 | r_c=0.000000 | r_s=8.369295e-04 | status=running
[UL Convergence] | phase=optimize | user=1 | block=4 | n_kl=60 | epoch=126/1000 | objective=-12.789120 | rate=12.789120 | power=29.999945 | r_p=0.000000 | r_c=0.000000 | r_s=8.017120e-04 | status=running
[UL Convergence] | phase=optimize | user=1 | block=4 | n_kl=60 | epoch=127/1000 | objective=-12.789259 | rate=12.789259 | power=29.999945 | r_p=0.000000 | r_c=0.000000 | r_s=7.675869e-04 | status=running
[UL Convergence] | phase=optimize | user=1 | block=4 | n_kl=60 | epoch=128/1000 | objective=-12.789385 | rate=12.789385 | power=29.999945 | r_p=0.000000 | r_c=0.000000 | r_s=7.345464e-04 | status=running
[UL Convergence] | phase=optimize | user=1 | block=4 | n_kl=60 | epoch=129/1000 | objective=-12.789501 | rate=12.789501 | power=29.999939 | r_p=0.000000 | r_c=0.000000 | r_s=7.025929e-04 | status=running
[UL Convergence] | phase=optimize | user=1 | block=4 | n_kl=60 | epoch=130/1000 | objective=-12.789608 | rate=12.789608 | power=29.999945 | r_p=0.000000 | r_c=0.000000 | r_s=6.716760e-04 | status=running
[UL Convergence] | phase=optimize | user=1 | block=4 | n_kl=60 | epoch=131/1000 | objective=-12.789695 | rate=12.789695 | power=29.999935 | r_p=0.000000 | r_c=0.000000 | r_s=6.418258e-04 | status=running
[UL Convergence] | phase=optimize | user=1 | block=4 | n_kl=60 | epoch=132/1000 | objective=-12.789785 | rate=12.789785 | power=29.999945 | r_p=0.000000 | r_c=0.000000 | r_s=6.129733e-04 | status=running
[UL Convergence] | phase=optimize | user=1 | block=4 | n_kl=60 | epoch=133/1000 | objective=-12.789864 | rate=12.789864 | power=29.999945 | r_p=0.000000 | r_c=0.000000 | r_s=5.851327e-04 | status=kkt_converged
[UL Convergence Result] | user=1 | block=4 | n_kl=60 | achieved_rate=12.789864 | power=29.999945 | rate_gap=-6.123197 | power_gap=-5.531311e-05 | solve_status=kkt_converged
[UL Convergence Allocation] | user=1 | block=4 | n_kl=60 | requested_bits=400 | served_bits=400 | full_service=true
[UL Convergence Block] | user=1 | block=4 | stage=post_T | served_bits=400 | unserved_bits=0
[UL Convergence Reduction] | user=1 | block=4 | served_bits=400 | n_start=59 | n_min=1
[UL Convergence Solve] | user=1 | block=4 | stage=reduced_n | n_kl=59 | served_bits=400
[UL Convergence] | phase=optimize | user=1 | block=4 | n_kl=59 | epoch=1/1000 | objective=-12.769967 | rate=12.769967 | power=29.999945 | r_p=0.000000 | r_c=0.000000 | r_s=inf | status=running
[UL Convergence] | phase=optimize | user=1 | block=4 | n_kl=59 | epoch=2/1000 | objective=-12.770033 | rate=12.770033 | power=29.999939 | r_p=0.000000 | r_c=0.000000 | r_s=5.582055e-04 | status=kkt_converged
[UL Convergence Candidate] | user=1 | block=4 | n_kl=59 | achieved_rate=12.770033 | rate_gap=-5.990372 | power_gap=-6.103516e-05 | status=accepted
[UL Convergence Solve] | user=1 | block=4 | stage=reduced_n | n_kl=50 | served_bits=400
[UL Convergence] | phase=optimize | user=1 | block=4 | n_kl=50 | epoch=1/1000 | objective=-12.565233 | rate=12.565233 | power=29.999939 | r_p=0.000000 | r_c=0.000000 | r_s=inf | status=running
[UL Convergence] | phase=optimize | user=1 | block=4 | n_kl=50 | epoch=2/1000 | objective=-12.565258 | rate=12.565258 | power=29.999939 | r_p=0.000000 | r_c=0.000000 | r_s=3.549700e-04 | status=kkt_converged
[UL Convergence Candidate] | user=1 | block=4 | n_kl=50 | achieved_rate=12.565258 | rate_gap=-4.565258 | power_gap=-6.103516e-05 | status=accepted
[UL Convergence Solve] | user=1 | block=4 | stage=reduced_n | n_kl=40 | served_bits=400
[UL Convergence] | phase=optimize | user=1 | block=4 | n_kl=40 | epoch=1/1000 | objective=-12.260516 | rate=12.260516 | power=29.999939 | r_p=0.000000 | r_c=0.000000 | r_s=inf | status=running
[UL Convergence] | phase=optimize | user=1 | block=4 | n_kl=40 | epoch=2/1000 | objective=-12.260519 | rate=12.260519 | power=29.999939 | r_p=0.000000 | r_c=0.000000 | r_s=2.004306e-04 | status=kkt_converged
[UL Convergence Candidate] | user=1 | block=4 | n_kl=40 | achieved_rate=12.260519 | rate_gap=-2.260519 | power_gap=-6.103516e-05 | status=accepted
[UL Convergence Reduction] | user=1 | block=4 | n_kl=33 | status=stop_infeasible
[UL Convergence Final] | user=1 | block=4 | feasible_points=27 | chosen_n_kl=34 | served_bits=400 | achieved_rate=12.016092 | power=29.999939 | solve_status=kkt_converged
[UL Convergence Allocation] | user=1 | block=4 | chosen_n_kl=34 | served_bits=400 | unserved_bits=0 | mode=fixed_block_targets
[UL Convergence Train] | phase=start | user=2 | mode=fixed_block_targets
[UL Convergence Train] | user=2 | block=0 | target_bits=600 | mode=fixed_block_targets
[UL Convergence Block] | user=2 | block=0 | budget_mode=target_bits | requested_bits=600
[UL Convergence Solve] | user=2 | block=0 | stage=n=T | n_kl=80 | requested_bits=600
[UL Convergence] | phase=optimize | user=2 | block=0 | n_kl=80 | epoch=1/1000 | objective=-10.117355 | rate=10.117355 | power=29.999935 | r_p=0.000000 | r_c=0.000000 | r_s=inf | status=running
[UL Convergence] | phase=optimize | user=2 | block=0 | n_kl=80 | epoch=2/1000 | objective=-10.169716 | rate=10.169716 | power=29.999939 | r_p=0.000000 | r_c=0.000000 | r_s=0.010220 | status=running
[UL Convergence] | phase=optimize | user=2 | block=0 | n_kl=80 | epoch=3/1000 | objective=-10.220672 | rate=10.220672 | power=29.999939 | r_p=0.000000 | r_c=0.000000 | r_s=0.010067 | status=running
[UL Convergence] | phase=optimize | user=2 | block=0 | n_kl=80 | epoch=4/1000 | objective=-10.270403 | rate=10.270403 | power=29.999935 | r_p=0.000000 | r_c=0.000000 | r_s=0.009964 | status=running
[UL Convergence] | phase=optimize | user=2 | block=0 | n_kl=80 | epoch=5/1000 | objective=-10.318974 | rate=10.318974 | power=29.999935 | r_p=0.000000 | r_c=0.000000 | r_s=0.009943 | status=running
[UL Convergence] | phase=optimize | user=2 | block=0 | n_kl=80 | epoch=6/1000 | objective=-10.366405 | rate=10.366405 | power=29.999935 | r_p=0.000000 | r_c=0.000000 | r_s=0.009893 | status=running
[UL Convergence] | phase=optimize | user=2 | block=0 | n_kl=80 | epoch=7/1000 | objective=-10.412698 | rate=10.412698 | power=29.999939 | r_p=0.000000 | r_c=0.000000 | r_s=0.009817 | status=running
[UL Convergence] | phase=optimize | user=2 | block=0 | n_kl=80 | epoch=8/1000 | objective=-10.457882 | rate=10.457882 | power=29.999939 | r_p=0.000000 | r_c=0.000000 | r_s=0.009725 | status=running
[UL Convergence] | phase=optimize | user=2 | block=0 | n_kl=80 | epoch=9/1000 | objective=-10.502007 | rate=10.502007 | power=29.999939 | r_p=0.000000 | r_c=0.000000 | r_s=0.009626 | status=running
[UL Convergence] | phase=optimize | user=2 | block=0 | n_kl=80 | epoch=10/1000 | objective=-10.545128 | rate=10.545128 | power=29.999939 | r_p=0.000000 | r_c=0.000000 | r_s=0.009528 | status=running
[UL Convergence] | phase=optimize | user=2 | block=0 | n_kl=80 | epoch=11/1000 | objective=-10.587292 | rate=10.587292 | power=29.999935 | r_p=0.000000 | r_c=0.000000 | r_s=0.009438 | status=running
[UL Convergence] | phase=optimize | user=2 | block=0 | n_kl=80 | epoch=12/1000 | objective=-10.628549 | rate=10.628549 | power=29.999935 | r_p=0.000000 | r_c=0.000000 | r_s=0.009358 | status=running
[UL Convergence] | phase=optimize | user=2 | block=0 | n_kl=80 | epoch=13/1000 | objective=-10.668942 | rate=10.668942 | power=29.999939 | r_p=0.000000 | r_c=0.000000 | r_s=0.009289 | status=running
[UL Convergence] | phase=optimize | user=2 | block=0 | n_kl=80 | epoch=14/1000 | objective=-10.708480 | rate=10.708480 | power=29.999939 | r_p=0.000000 | r_c=0.000000 | r_s=0.009231 | status=running
[UL Convergence] | phase=optimize | user=2 | block=0 | n_kl=80 | epoch=15/1000 | objective=-10.747185 | rate=10.747185 | power=29.999939 | r_p=0.000000 | r_c=0.000000 | r_s=0.009182 | status=running
[UL Convergence] | phase=optimize | user=2 | block=0 | n_kl=80 | epoch=16/1000 | objective=-10.785068 | rate=10.785068 | power=29.999939 | r_p=0.000000 | r_c=0.000000 | r_s=0.009144 | status=running
[UL Convergence] | phase=optimize | user=2 | block=0 | n_kl=80 | epoch=17/1000 | objective=-10.822125 | rate=10.822125 | power=29.999939 | r_p=0.000000 | r_c=0.000000 | r_s=0.009115 | status=running
[UL Convergence] | phase=optimize | user=2 | block=0 | n_kl=80 | epoch=18/1000 | objective=-10.858356 | rate=10.858356 | power=29.999935 | r_p=0.000000 | r_c=0.000000 | r_s=0.009093 | status=running
[UL Convergence] | phase=optimize | user=2 | block=0 | n_kl=80 | epoch=19/1000 | objective=-10.893746 | rate=10.893746 | power=29.999939 | r_p=0.000000 | r_c=0.000000 | r_s=0.009074 | status=running
[UL Convergence] | phase=optimize | user=2 | block=0 | n_kl=80 | epoch=20/1000 | objective=-10.928273 | rate=10.928273 | power=29.999935 | r_p=0.000000 | r_c=0.000000 | r_s=0.009056 | status=running
[UL Convergence] | phase=optimize | user=2 | block=0 | n_kl=80 | epoch=21/1000 | objective=-10.961910 | rate=10.961910 | power=29.999939 | r_p=0.000000 | r_c=0.000000 | r_s=0.009034 | status=running
[UL Convergence] | phase=optimize | user=2 | block=0 | n_kl=80 | epoch=22/1000 | objective=-10.994644 | rate=10.994644 | power=29.999935 | r_p=0.000000 | r_c=0.000000 | r_s=0.009007 | status=running
[UL Convergence] | phase=optimize | user=2 | block=0 | n_kl=80 | epoch=23/1000 | objective=-11.026444 | rate=11.026444 | power=29.999939 | r_p=0.000000 | r_c=0.000000 | r_s=0.008973 | status=running
[UL Convergence] | phase=optimize | user=2 | block=0 | n_kl=80 | epoch=24/1000 | objective=-11.057282 | rate=11.057282 | power=29.999939 | r_p=0.000000 | r_c=0.000000 | r_s=0.008932 | status=running
[UL Convergence] | phase=optimize | user=2 | block=0 | n_kl=80 | epoch=25/1000 | objective=-11.087153 | rate=11.087153 | power=29.999935 | r_p=0.000000 | r_c=0.000000 | r_s=0.008884 | status=running
[UL Convergence] | phase=optimize | user=2 | block=0 | n_kl=80 | epoch=26/1000 | objective=-11.116013 | rate=11.116013 | power=29.999935 | r_p=0.000000 | r_c=0.000000 | r_s=0.008828 | status=running
[UL Convergence] | phase=optimize | user=2 | block=0 | n_kl=80 | epoch=27/1000 | objective=-11.143866 | rate=11.143866 | power=29.999939 | r_p=0.000000 | r_c=0.000000 | r_s=0.008765 | status=running
[UL Convergence] | phase=optimize | user=2 | block=0 | n_kl=80 | epoch=28/1000 | objective=-11.170694 | rate=11.170694 | power=29.999939 | r_p=0.000000 | r_c=0.000000 | r_s=0.008694 | status=running
[UL Convergence] | phase=optimize | user=2 | block=0 | n_kl=80 | epoch=29/1000 | objective=-11.196481 | rate=11.196481 | power=29.999939 | r_p=0.000000 | r_c=0.000000 | r_s=0.008616 | status=running
[UL Convergence] | phase=optimize | user=2 | block=0 | n_kl=80 | epoch=30/1000 | objective=-11.221236 | rate=11.221236 | power=29.999939 | r_p=0.000000 | r_c=0.000000 | r_s=0.008530 | status=running
[UL Convergence] | phase=optimize | user=2 | block=0 | n_kl=80 | epoch=31/1000 | objective=-11.244943 | rate=11.244943 | power=29.999935 | r_p=0.000000 | r_c=0.000000 | r_s=0.008436 | status=running
[UL Convergence] | phase=optimize | user=2 | block=0 | n_kl=80 | epoch=32/1000 | objective=-11.267614 | rate=11.267614 | power=29.999939 | r_p=0.000000 | r_c=0.000000 | r_s=0.008333 | status=running
[UL Convergence] | phase=optimize | user=2 | block=0 | n_kl=80 | epoch=33/1000 | objective=-11.289248 | rate=11.289248 | power=29.999939 | r_p=0.000000 | r_c=0.000000 | r_s=0.008223 | status=running
[UL Convergence] | phase=optimize | user=2 | block=0 | n_kl=80 | epoch=34/1000 | objective=-11.309873 | rate=11.309873 | power=29.999939 | r_p=0.000000 | r_c=0.000000 | r_s=0.008106 | status=running
[UL Convergence] | phase=optimize | user=2 | block=0 | n_kl=80 | epoch=35/1000 | objective=-11.329481 | rate=11.329481 | power=29.999939 | r_p=0.000000 | r_c=0.000000 | r_s=0.007981 | status=running
[UL Convergence] | phase=optimize | user=2 | block=0 | n_kl=80 | epoch=36/1000 | objective=-11.348103 | rate=11.348103 | power=29.999939 | r_p=0.000000 | r_c=0.000000 | r_s=0.007849 | status=running
[UL Convergence] | phase=optimize | user=2 | block=0 | n_kl=80 | epoch=37/1000 | objective=-11.365759 | rate=11.365759 | power=29.999945 | r_p=0.000000 | r_c=0.000000 | r_s=0.007711 | status=running
[UL Convergence] | phase=optimize | user=2 | block=0 | n_kl=80 | epoch=38/1000 | objective=-11.382465 | rate=11.382465 | power=29.999945 | r_p=0.000000 | r_c=0.000000 | r_s=0.007568 | status=running
[UL Convergence] | phase=optimize | user=2 | block=0 | n_kl=80 | epoch=39/1000 | objective=-11.398255 | rate=11.398255 | power=29.999939 | r_p=0.000000 | r_c=0.000000 | r_s=0.007421 | status=running
[UL Convergence] | phase=optimize | user=2 | block=0 | n_kl=80 | epoch=40/1000 | objective=-11.413147 | rate=11.413147 | power=29.999939 | r_p=0.000000 | r_c=0.000000 | r_s=0.007271 | status=running
[UL Convergence] | phase=optimize | user=2 | block=0 | n_kl=80 | epoch=41/1000 | objective=-11.427180 | rate=11.427180 | power=29.999939 | r_p=0.000000 | r_c=0.000000 | r_s=0.007118 | status=running
[UL Convergence] | phase=optimize | user=2 | block=0 | n_kl=80 | epoch=42/1000 | objective=-11.440380 | rate=11.440380 | power=29.999939 | r_p=0.000000 | r_c=0.000000 | r_s=0.006964 | status=running
[UL Convergence] | phase=optimize | user=2 | block=0 | n_kl=80 | epoch=43/1000 | objective=-11.452765 | rate=11.452765 | power=29.999935 | r_p=0.000000 | r_c=0.000000 | r_s=0.006810 | status=running
[UL Convergence] | phase=optimize | user=2 | block=0 | n_kl=80 | epoch=44/1000 | objective=-11.464380 | rate=11.464380 | power=29.999935 | r_p=0.000000 | r_c=0.000000 | r_s=0.006654 | status=running
[UL Convergence] | phase=optimize | user=2 | block=0 | n_kl=80 | epoch=45/1000 | objective=-11.475245 | rate=11.475245 | power=29.999935 | r_p=0.000000 | r_c=0.000000 | r_s=0.006499 | status=running
[UL Convergence] | phase=optimize | user=2 | block=0 | n_kl=80 | epoch=46/1000 | objective=-11.485395 | rate=11.485395 | power=29.999939 | r_p=0.000000 | r_c=0.000000 | r_s=0.006344 | status=running
[UL Convergence] | phase=optimize | user=2 | block=0 | n_kl=80 | epoch=47/1000 | objective=-11.494865 | rate=11.494865 | power=29.999945 | r_p=0.000000 | r_c=0.000000 | r_s=0.006188 | status=running
[UL Convergence] | phase=optimize | user=2 | block=0 | n_kl=80 | epoch=48/1000 | objective=-11.503668 | rate=11.503668 | power=29.999945 | r_p=0.000000 | r_c=0.000000 | r_s=0.006032 | status=running
[UL Convergence] | phase=optimize | user=2 | block=0 | n_kl=80 | epoch=49/1000 | objective=-11.511847 | rate=11.511847 | power=29.999945 | r_p=0.000000 | r_c=0.000000 | r_s=0.005875 | status=running
[UL Convergence] | phase=optimize | user=2 | block=0 | n_kl=80 | epoch=50/1000 | objective=-11.519428 | rate=11.519428 | power=29.999939 | r_p=0.000000 | r_c=0.000000 | r_s=0.005716 | status=running
[UL Convergence] | phase=optimize | user=2 | block=0 | n_kl=80 | epoch=51/1000 | objective=-11.526432 | rate=11.526432 | power=29.999939 | r_p=0.000000 | r_c=0.000000 | r_s=0.005556 | status=running
[UL Convergence] | phase=optimize | user=2 | block=0 | n_kl=80 | epoch=52/1000 | objective=-11.532903 | rate=11.532903 | power=29.999939 | r_p=0.000000 | r_c=0.000000 | r_s=0.005395 | status=running
[UL Convergence] | phase=optimize | user=2 | block=0 | n_kl=80 | epoch=53/1000 | objective=-11.538864 | rate=11.538864 | power=29.999939 | r_p=0.000000 | r_c=0.000000 | r_s=0.005231 | status=running
[UL Convergence] | phase=optimize | user=2 | block=0 | n_kl=80 | epoch=54/1000 | objective=-11.544336 | rate=11.544336 | power=29.999939 | r_p=0.000000 | r_c=0.000000 | r_s=0.005066 | status=running
[UL Convergence] | phase=optimize | user=2 | block=0 | n_kl=80 | epoch=55/1000 | objective=-11.549362 | rate=11.549362 | power=29.999939 | r_p=0.000000 | r_c=0.000000 | r_s=0.004900 | status=running
[UL Convergence] | phase=optimize | user=2 | block=0 | n_kl=80 | epoch=56/1000 | objective=-11.553960 | rate=11.553960 | power=29.999939 | r_p=0.000000 | r_c=0.000000 | r_s=0.004733 | status=running
[UL Convergence] | phase=optimize | user=2 | block=0 | n_kl=80 | epoch=57/1000 | objective=-11.558163 | rate=11.558163 | power=29.999939 | r_p=0.000000 | r_c=0.000000 | r_s=0.004566 | status=running
[UL Convergence] | phase=optimize | user=2 | block=0 | n_kl=80 | epoch=58/1000 | objective=-11.561996 | rate=11.561996 | power=29.999939 | r_p=0.000000 | r_c=0.000000 | r_s=0.004399 | status=running
[UL Convergence] | phase=optimize | user=2 | block=0 | n_kl=80 | epoch=59/1000 | objective=-11.565481 | rate=11.565481 | power=29.999935 | r_p=0.000000 | r_c=0.000000 | r_s=0.004233 | status=running
[UL Convergence] | phase=optimize | user=2 | block=0 | n_kl=80 | epoch=60/1000 | objective=-11.568645 | rate=11.568645 | power=29.999939 | r_p=0.000000 | r_c=0.000000 | r_s=0.004070 | status=running
[UL Convergence] | phase=optimize | user=2 | block=0 | n_kl=80 | epoch=61/1000 | objective=-11.571519 | rate=11.571519 | power=29.999939 | r_p=0.000000 | r_c=0.000000 | r_s=0.003910 | status=running
[UL Convergence] | phase=optimize | user=2 | block=0 | n_kl=80 | epoch=62/1000 | objective=-11.574120 | rate=11.574120 | power=29.999939 | r_p=0.000000 | r_c=0.000000 | r_s=0.003752 | status=running
[UL Convergence] | phase=optimize | user=2 | block=0 | n_kl=80 | epoch=63/1000 | objective=-11.576472 | rate=11.576472 | power=29.999939 | r_p=0.000000 | r_c=0.000000 | r_s=0.003599 | status=running
[UL Convergence] | phase=optimize | user=2 | block=0 | n_kl=80 | epoch=64/1000 | objective=-11.578591 | rate=11.578591 | power=29.999935 | r_p=0.000000 | r_c=0.000000 | r_s=0.003450 | status=running
[UL Convergence] | phase=optimize | user=2 | block=0 | n_kl=80 | epoch=65/1000 | objective=-11.580496 | rate=11.580496 | power=29.999945 | r_p=0.000000 | r_c=0.000000 | r_s=0.003306 | status=running
[UL Convergence] | phase=optimize | user=2 | block=0 | n_kl=80 | epoch=66/1000 | objective=-11.582211 | rate=11.582211 | power=29.999939 | r_p=0.000000 | r_c=0.000000 | r_s=0.003165 | status=running
[UL Convergence] | phase=optimize | user=2 | block=0 | n_kl=80 | epoch=67/1000 | objective=-11.583741 | rate=11.583741 | power=29.999939 | r_p=0.000000 | r_c=0.000000 | r_s=0.003029 | status=running
[UL Convergence] | phase=optimize | user=2 | block=0 | n_kl=80 | epoch=68/1000 | objective=-11.585116 | rate=11.585116 | power=29.999939 | r_p=0.000000 | r_c=0.000000 | r_s=0.002897 | status=running
[UL Convergence] | phase=optimize | user=2 | block=0 | n_kl=80 | epoch=69/1000 | objective=-11.586338 | rate=11.586338 | power=29.999945 | r_p=0.000000 | r_c=0.000000 | r_s=0.002769 | status=running
[UL Convergence] | phase=optimize | user=2 | block=0 | n_kl=80 | epoch=70/1000 | objective=-11.587426 | rate=11.587426 | power=29.999939 | r_p=0.000000 | r_c=0.000000 | r_s=0.002645 | status=running
[UL Convergence] | phase=optimize | user=2 | block=0 | n_kl=80 | epoch=71/1000 | objective=-11.588383 | rate=11.588383 | power=29.999939 | r_p=0.000000 | r_c=0.000000 | r_s=0.002524 | status=running
[UL Convergence] | phase=optimize | user=2 | block=0 | n_kl=80 | epoch=72/1000 | objective=-11.589232 | rate=11.589232 | power=29.999935 | r_p=0.000000 | r_c=0.000000 | r_s=0.002406 | status=running
[UL Convergence] | phase=optimize | user=2 | block=0 | n_kl=80 | epoch=73/1000 | objective=-11.589980 | rate=11.589980 | power=29.999939 | r_p=0.000000 | r_c=0.000000 | r_s=0.002291 | status=running
[UL Convergence] | phase=optimize | user=2 | block=0 | n_kl=80 | epoch=74/1000 | objective=-11.590634 | rate=11.590634 | power=29.999935 | r_p=0.000000 | r_c=0.000000 | r_s=0.002179 | status=running
[UL Convergence] | phase=optimize | user=2 | block=0 | n_kl=80 | epoch=75/1000 | objective=-11.591203 | rate=11.591203 | power=29.999939 | r_p=0.000000 | r_c=0.000000 | r_s=0.002069 | status=running
[UL Convergence] | phase=optimize | user=2 | block=0 | n_kl=80 | epoch=76/1000 | objective=-11.591700 | rate=11.591700 | power=29.999939 | r_p=0.000000 | r_c=0.000000 | r_s=0.001963 | status=running
[UL Convergence] | phase=optimize | user=2 | block=0 | n_kl=80 | epoch=77/1000 | objective=-11.592121 | rate=11.592121 | power=29.999935 | r_p=0.000000 | r_c=0.000000 | r_s=0.001859 | status=running
[UL Convergence] | phase=optimize | user=2 | block=0 | n_kl=80 | epoch=78/1000 | objective=-11.592490 | rate=11.592490 | power=29.999939 | r_p=0.000000 | r_c=0.000000 | r_s=0.001757 | status=running
[UL Convergence] | phase=optimize | user=2 | block=0 | n_kl=80 | epoch=79/1000 | objective=-11.592798 | rate=11.592798 | power=29.999939 | r_p=0.000000 | r_c=0.000000 | r_s=0.001659 | status=running
[UL Convergence] | phase=optimize | user=2 | block=0 | n_kl=80 | epoch=80/1000 | objective=-11.593063 | rate=11.593063 | power=29.999939 | r_p=0.000000 | r_c=0.000000 | r_s=0.001563 | status=running
[UL Convergence] | phase=optimize | user=2 | block=0 | n_kl=80 | epoch=81/1000 | objective=-11.593292 | rate=11.593292 | power=29.999939 | r_p=0.000000 | r_c=0.000000 | r_s=0.001471 | status=running
[UL Convergence] | phase=optimize | user=2 | block=0 | n_kl=80 | epoch=82/1000 | objective=-11.593474 | rate=11.593474 | power=29.999939 | r_p=0.000000 | r_c=0.000000 | r_s=0.001381 | status=running
[UL Convergence] | phase=optimize | user=2 | block=0 | n_kl=80 | epoch=83/1000 | objective=-11.593633 | rate=11.593633 | power=29.999935 | r_p=0.000000 | r_c=0.000000 | r_s=0.001295 | status=running
[UL Convergence] | phase=optimize | user=2 | block=0 | n_kl=80 | epoch=84/1000 | objective=-11.593760 | rate=11.593760 | power=29.999945 | r_p=0.000000 | r_c=0.000000 | r_s=0.001213 | status=running
[UL Convergence] | phase=optimize | user=2 | block=0 | n_kl=80 | epoch=85/1000 | objective=-11.593868 | rate=11.593868 | power=29.999939 | r_p=0.000000 | r_c=0.000000 | r_s=0.001133 | status=running
[UL Convergence] | phase=optimize | user=2 | block=0 | n_kl=80 | epoch=86/1000 | objective=-11.593954 | rate=11.593954 | power=29.999939 | r_p=0.000000 | r_c=0.000000 | r_s=0.001057 | status=running
[UL Convergence] | phase=optimize | user=2 | block=0 | n_kl=80 | epoch=87/1000 | objective=-11.594021 | rate=11.594021 | power=29.999939 | r_p=0.000000 | r_c=0.000000 | r_s=9.847700e-04 | status=running
[UL Convergence] | phase=optimize | user=2 | block=0 | n_kl=80 | epoch=88/1000 | objective=-11.594074 | rate=11.594074 | power=29.999935 | r_p=0.000000 | r_c=0.000000 | r_s=9.158096e-04 | status=running
[UL Convergence] | phase=optimize | user=2 | block=0 | n_kl=80 | epoch=89/1000 | objective=-11.594107 | rate=11.594107 | power=29.999939 | r_p=0.000000 | r_c=0.000000 | r_s=8.503305e-04 | status=running
[UL Convergence] | phase=optimize | user=2 | block=0 | n_kl=80 | epoch=90/1000 | objective=-11.594150 | rate=11.594150 | power=29.999939 | r_p=0.000000 | r_c=0.000000 | r_s=7.882718e-04 | status=running
[UL Convergence] | phase=optimize | user=2 | block=0 | n_kl=80 | epoch=91/1000 | objective=-11.594166 | rate=11.594166 | power=29.999935 | r_p=0.000000 | r_c=0.000000 | r_s=7.295669e-04 | status=running
[UL Convergence] | phase=optimize | user=2 | block=0 | n_kl=80 | epoch=92/1000 | objective=-11.594179 | rate=11.594179 | power=29.999939 | r_p=0.000000 | r_c=0.000000 | r_s=6.741325e-04 | status=running
[UL Convergence] | phase=optimize | user=2 | block=0 | n_kl=80 | epoch=93/1000 | objective=-11.594190 | rate=11.594190 | power=29.999935 | r_p=0.000000 | r_c=0.000000 | r_s=6.218629e-04 | status=running
[UL Convergence] | phase=optimize | user=2 | block=0 | n_kl=80 | epoch=94/1000 | objective=-11.594198 | rate=11.594198 | power=29.999939 | r_p=0.000000 | r_c=0.000000 | r_s=5.726465e-04 | status=kkt_converged
[UL Convergence Result] | user=2 | block=0 | n_kl=80 | achieved_rate=11.594198 | power=29.999939 | rate_gap=-4.094198 | power_gap=-6.103516e-05 | solve_status=kkt_converged
[UL Convergence Allocation] | user=2 | block=0 | n_kl=80 | requested_bits=600 | served_bits=600 | full_service=true
[UL Convergence Block] | user=2 | block=0 | stage=post_T | served_bits=600 | unserved_bits=0
[UL Convergence Reduction] | user=2 | block=0 | served_bits=600 | n_start=79 | n_min=1
[UL Convergence Solve] | user=2 | block=0 | stage=reduced_n | n_kl=79 | served_bits=600
[UL Convergence] | phase=optimize | user=2 | block=0 | n_kl=79 | epoch=1/1000 | objective=-11.581399 | rate=11.581399 | power=29.999939 | r_p=0.000000 | r_c=0.000000 | r_s=inf | status=running
[UL Convergence] | phase=optimize | user=2 | block=0 | n_kl=79 | epoch=2/1000 | objective=-11.581409 | rate=11.581409 | power=29.999939 | r_p=0.000000 | r_c=0.000000 | r_s=5.264526e-04 | status=kkt_converged
[UL Convergence Candidate] | user=2 | block=0 | n_kl=79 | achieved_rate=11.581409 | rate_gap=-3.986472 | power_gap=-6.103516e-05 | status=accepted
[UL Convergence Solve] | user=2 | block=0 | stage=reduced_n | n_kl=70 | served_bits=600
[UL Convergence] | phase=optimize | user=2 | block=0 | n_kl=70 | epoch=1/1000 | objective=-11.454144 | rate=11.454144 | power=29.999939 | r_p=0.000000 | r_c=0.000000 | r_s=inf | status=running
[UL Convergence] | phase=optimize | user=2 | block=0 | n_kl=70 | epoch=2/1000 | objective=-11.454142 | rate=11.454142 | power=29.999939 | r_p=0.000000 | r_c=0.000000 | r_s=3.711377e-04 | status=kkt_converged
[UL Convergence Candidate] | user=2 | block=0 | n_kl=70 | achieved_rate=11.454144 | rate_gap=-2.882715 | power_gap=-6.103516e-05 | status=accepted
[UL Convergence Solve] | user=2 | block=0 | stage=reduced_n | n_kl=60 | served_bits=600
[UL Convergence] | phase=optimize | user=2 | block=0 | n_kl=60 | epoch=1/1000 | objective=-11.280378 | rate=11.280378 | power=29.999939 | r_p=0.000000 | r_c=0.000000 | r_s=inf | status=running
[UL Convergence] | phase=optimize | user=2 | block=0 | n_kl=60 | epoch=2/1000 | objective=-11.280373 | rate=11.280373 | power=29.999939 | r_p=0.000000 | r_c=0.000000 | r_s=3.413967e-04 | status=kkt_converged
[UL Convergence Candidate] | user=2 | block=0 | n_kl=60 | achieved_rate=11.280378 | rate_gap=-1.280378 | power_gap=-6.103516e-05 | status=accepted
[UL Convergence Reduction] | user=2 | block=0 | n_kl=53 | status=stop_infeasible
[UL Convergence Final] | user=2 | block=0 | feasible_points=27 | chosen_n_kl=54 | served_bits=600 | achieved_rate=11.153671 | power=29.999945 | solve_status=kkt_converged
[UL Convergence Allocation] | user=2 | block=0 | chosen_n_kl=54 | served_bits=600 | unserved_bits=0 | mode=fixed_block_targets
[UL Convergence Train] | user=2 | block=1 | target_bits=600 | mode=fixed_block_targets
[UL Convergence Block] | user=2 | block=1 | budget_mode=target_bits | requested_bits=600
[UL Convergence Solve] | user=2 | block=1 | stage=n=T | n_kl=80 | requested_bits=600
[UL Convergence] | phase=optimize | user=2 | block=1 | n_kl=80 | epoch=1/1000 | objective=-10.578684 | rate=10.578684 | power=29.999935 | r_p=0.000000 | r_c=0.000000 | r_s=inf | status=running
[UL Convergence] | phase=optimize | user=2 | block=1 | n_kl=80 | epoch=2/1000 | objective=-10.659167 | rate=10.659167 | power=29.999935 | r_p=0.000000 | r_c=0.000000 | r_s=0.010322 | status=running
[UL Convergence] | phase=optimize | user=2 | block=1 | n_kl=80 | epoch=3/1000 | objective=-10.738478 | rate=10.738478 | power=29.999935 | r_p=0.000000 | r_c=0.000000 | r_s=0.010307 | status=running
[UL Convergence] | phase=optimize | user=2 | block=1 | n_kl=80 | epoch=4/1000 | objective=-10.816483 | rate=10.816483 | power=29.999945 | r_p=0.000000 | r_c=0.000000 | r_s=0.010283 | status=running
[UL Convergence] | phase=optimize | user=2 | block=1 | n_kl=80 | epoch=5/1000 | objective=-10.893068 | rate=10.893068 | power=29.999939 | r_p=0.000000 | r_c=0.000000 | r_s=0.010248 | status=running
[UL Convergence] | phase=optimize | user=2 | block=1 | n_kl=80 | epoch=6/1000 | objective=-10.968140 | rate=10.968140 | power=29.999935 | r_p=0.000000 | r_c=0.000000 | r_s=0.010201 | status=running
[UL Convergence] | phase=optimize | user=2 | block=1 | n_kl=80 | epoch=7/1000 | objective=-11.041630 | rate=11.041630 | power=29.999939 | r_p=0.000000 | r_c=0.000000 | r_s=0.010139 | status=running
[UL Convergence] | phase=optimize | user=2 | block=1 | n_kl=80 | epoch=8/1000 | objective=-11.113456 | rate=11.113456 | power=29.999939 | r_p=0.000000 | r_c=0.000000 | r_s=0.010063 | status=running
[UL Convergence] | phase=optimize | user=2 | block=1 | n_kl=80 | epoch=9/1000 | objective=-11.183566 | rate=11.183566 | power=29.999939 | r_p=0.000000 | r_c=0.000000 | r_s=0.009972 | status=running
[UL Convergence] | phase=optimize | user=2 | block=1 | n_kl=80 | epoch=10/1000 | objective=-11.251936 | rate=11.251936 | power=29.999945 | r_p=0.000000 | r_c=0.000000 | r_s=0.009870 | status=running
[UL Convergence] | phase=optimize | user=2 | block=1 | n_kl=80 | epoch=11/1000 | objective=-11.318520 | rate=11.318520 | power=29.999939 | r_p=0.000000 | r_c=0.000000 | r_s=0.009763 | status=running
[UL Convergence] | phase=optimize | user=2 | block=1 | n_kl=80 | epoch=12/1000 | objective=-11.383321 | rate=11.383321 | power=29.999939 | r_p=0.000000 | r_c=0.000000 | r_s=0.009655 | status=running
[UL Convergence] | phase=optimize | user=2 | block=1 | n_kl=80 | epoch=13/1000 | objective=-11.446332 | rate=11.446332 | power=29.999939 | r_p=0.000000 | r_c=0.000000 | r_s=0.009550 | status=running
[UL Convergence] | phase=optimize | user=2 | block=1 | n_kl=80 | epoch=14/1000 | objective=-11.507555 | rate=11.507555 | power=29.999945 | r_p=0.000000 | r_c=0.000000 | r_s=0.009448 | status=running
[UL Convergence] | phase=optimize | user=2 | block=1 | n_kl=80 | epoch=15/1000 | objective=-11.566993 | rate=11.566993 | power=29.999935 | r_p=0.000000 | r_c=0.000000 | r_s=0.009348 | status=running
[UL Convergence] | phase=optimize | user=2 | block=1 | n_kl=80 | epoch=16/1000 | objective=-11.624659 | rate=11.624659 | power=29.999939 | r_p=0.000000 | r_c=0.000000 | r_s=0.009249 | status=running
[UL Convergence] | phase=optimize | user=2 | block=1 | n_kl=80 | epoch=17/1000 | objective=-11.680575 | rate=11.680575 | power=29.999939 | r_p=0.000000 | r_c=0.000000 | r_s=0.009148 | status=running
[UL Convergence] | phase=optimize | user=2 | block=1 | n_kl=80 | epoch=18/1000 | objective=-11.734754 | rate=11.734754 | power=29.999939 | r_p=0.000000 | r_c=0.000000 | r_s=0.009045 | status=running
[UL Convergence] | phase=optimize | user=2 | block=1 | n_kl=80 | epoch=19/1000 | objective=-11.787231 | rate=11.787231 | power=29.999939 | r_p=0.000000 | r_c=0.000000 | r_s=0.008939 | status=running
[UL Convergence] | phase=optimize | user=2 | block=1 | n_kl=80 | epoch=20/1000 | objective=-11.838026 | rate=11.838026 | power=29.999939 | r_p=0.000000 | r_c=0.000000 | r_s=0.008831 | status=running
[UL Convergence] | phase=optimize | user=2 | block=1 | n_kl=80 | epoch=21/1000 | objective=-11.887178 | rate=11.887178 | power=29.999939 | r_p=0.000000 | r_c=0.000000 | r_s=0.008721 | status=running
[UL Convergence] | phase=optimize | user=2 | block=1 | n_kl=80 | epoch=22/1000 | objective=-11.934731 | rate=11.934731 | power=29.999939 | r_p=0.000000 | r_c=0.000000 | r_s=0.008609 | status=running
[UL Convergence] | phase=optimize | user=2 | block=1 | n_kl=80 | epoch=23/1000 | objective=-11.980706 | rate=11.980706 | power=29.999939 | r_p=0.000000 | r_c=0.000000 | r_s=0.008496 | status=running
[UL Convergence] | phase=optimize | user=2 | block=1 | n_kl=80 | epoch=24/1000 | objective=-12.025149 | rate=12.025149 | power=29.999935 | r_p=0.000000 | r_c=0.000000 | r_s=0.008381 | status=running
[UL Convergence] | phase=optimize | user=2 | block=1 | n_kl=80 | epoch=25/1000 | objective=-12.068100 | rate=12.068100 | power=29.999935 | r_p=0.000000 | r_c=0.000000 | r_s=0.008266 | status=running
[UL Convergence] | phase=optimize | user=2 | block=1 | n_kl=80 | epoch=26/1000 | objective=-12.109598 | rate=12.109598 | power=29.999939 | r_p=0.000000 | r_c=0.000000 | r_s=0.008149 | status=running
[UL Convergence] | phase=optimize | user=2 | block=1 | n_kl=80 | epoch=27/1000 | objective=-12.149687 | rate=12.149687 | power=29.999939 | r_p=0.000000 | r_c=0.000000 | r_s=0.008033 | status=running
[UL Convergence] | phase=optimize | user=2 | block=1 | n_kl=80 | epoch=28/1000 | objective=-12.188404 | rate=12.188404 | power=29.999939 | r_p=0.000000 | r_c=0.000000 | r_s=0.007917 | status=running
[UL Convergence] | phase=optimize | user=2 | block=1 | n_kl=80 | epoch=29/1000 | objective=-12.225794 | rate=12.225794 | power=29.999939 | r_p=0.000000 | r_c=0.000000 | r_s=0.007801 | status=running
[UL Convergence] | phase=optimize | user=2 | block=1 | n_kl=80 | epoch=30/1000 | objective=-12.261889 | rate=12.261889 | power=29.999939 | r_p=0.000000 | r_c=0.000000 | r_s=0.007687 | status=running
[UL Convergence] | phase=optimize | user=2 | block=1 | n_kl=80 | epoch=31/1000 | objective=-12.296734 | rate=12.296734 | power=29.999939 | r_p=0.000000 | r_c=0.000000 | r_s=0.007575 | status=running
[UL Convergence] | phase=optimize | user=2 | block=1 | n_kl=80 | epoch=32/1000 | objective=-12.330359 | rate=12.330359 | power=29.999939 | r_p=0.000000 | r_c=0.000000 | r_s=0.007465 | status=running
[UL Convergence] | phase=optimize | user=2 | block=1 | n_kl=80 | epoch=33/1000 | objective=-12.362801 | rate=12.362801 | power=29.999939 | r_p=0.000000 | r_c=0.000000 | r_s=0.007358 | status=running
[UL Convergence] | phase=optimize | user=2 | block=1 | n_kl=80 | epoch=34/1000 | objective=-12.394090 | rate=12.394090 | power=29.999935 | r_p=0.000000 | r_c=0.000000 | r_s=0.007255 | status=running
[UL Convergence] | phase=optimize | user=2 | block=1 | n_kl=80 | epoch=35/1000 | objective=-12.424270 | rate=12.424270 | power=29.999935 | r_p=0.000000 | r_c=0.000000 | r_s=0.007156 | status=running
[UL Convergence] | phase=optimize | user=2 | block=1 | n_kl=80 | epoch=36/1000 | objective=-12.453361 | rate=12.453361 | power=29.999935 | r_p=0.000000 | r_c=0.000000 | r_s=0.007061 | status=running
[UL Convergence] | phase=optimize | user=2 | block=1 | n_kl=80 | epoch=37/1000 | objective=-12.481380 | rate=12.481380 | power=29.999939 | r_p=0.000000 | r_c=0.000000 | r_s=0.006970 | status=running
[UL Convergence] | phase=optimize | user=2 | block=1 | n_kl=80 | epoch=38/1000 | objective=-12.508366 | rate=12.508366 | power=29.999939 | r_p=0.000000 | r_c=0.000000 | r_s=0.006884 | status=running
[UL Convergence] | phase=optimize | user=2 | block=1 | n_kl=80 | epoch=39/1000 | objective=-12.534348 | rate=12.534348 | power=29.999939 | r_p=0.000000 | r_c=0.000000 | r_s=0.006800 | status=running
[UL Convergence] | phase=optimize | user=2 | block=1 | n_kl=80 | epoch=40/1000 | objective=-12.559332 | rate=12.559332 | power=29.999939 | r_p=0.000000 | r_c=0.000000 | r_s=0.006719 | status=running
[UL Convergence] | phase=optimize | user=2 | block=1 | n_kl=80 | epoch=41/1000 | objective=-12.583349 | rate=12.583349 | power=29.999939 | r_p=0.000000 | r_c=0.000000 | r_s=0.006640 | status=running
[UL Convergence] | phase=optimize | user=2 | block=1 | n_kl=80 | epoch=42/1000 | objective=-12.606427 | rate=12.606427 | power=29.999939 | r_p=0.000000 | r_c=0.000000 | r_s=0.006562 | status=running
[UL Convergence] | phase=optimize | user=2 | block=1 | n_kl=80 | epoch=43/1000 | objective=-12.628571 | rate=12.628571 | power=29.999939 | r_p=0.000000 | r_c=0.000000 | r_s=0.006485 | status=running
[UL Convergence] | phase=optimize | user=2 | block=1 | n_kl=80 | epoch=44/1000 | objective=-12.649808 | rate=12.649808 | power=29.999939 | r_p=0.000000 | r_c=0.000000 | r_s=0.006408 | status=running
[UL Convergence] | phase=optimize | user=2 | block=1 | n_kl=80 | epoch=45/1000 | objective=-12.670158 | rate=12.670158 | power=29.999939 | r_p=0.000000 | r_c=0.000000 | r_s=0.006331 | status=running
[UL Convergence] | phase=optimize | user=2 | block=1 | n_kl=80 | epoch=46/1000 | objective=-12.689638 | rate=12.689638 | power=29.999935 | r_p=0.000000 | r_c=0.000000 | r_s=0.006252 | status=running
[UL Convergence] | phase=optimize | user=2 | block=1 | n_kl=80 | epoch=47/1000 | objective=-12.708281 | rate=12.708281 | power=29.999939 | r_p=0.000000 | r_c=0.000000 | r_s=0.006172 | status=running
[UL Convergence] | phase=optimize | user=2 | block=1 | n_kl=80 | epoch=48/1000 | objective=-12.718345 | rate=12.718345 | power=29.955118 | r_p=0.000000 | r_c=0.000000 | r_s=0.006133 | status=running
[UL Convergence] | phase=optimize | user=2 | block=1 | n_kl=80 | epoch=49/1000 | objective=-12.741737 | rate=12.741737 | power=29.999945 | r_p=0.000000 | r_c=0.000000 | r_s=0.005849 | status=running
[UL Convergence] | phase=optimize | user=2 | block=1 | n_kl=80 | epoch=50/1000 | objective=-12.756680 | rate=12.756680 | power=29.999935 | r_p=0.000000 | r_c=0.000000 | r_s=0.005644 | status=running
[UL Convergence] | phase=optimize | user=2 | block=1 | n_kl=80 | epoch=51/1000 | objective=-12.770939 | rate=12.770939 | power=29.999939 | r_p=0.000000 | r_c=0.000000 | r_s=0.005498 | status=running
[UL Convergence] | phase=optimize | user=2 | block=1 | n_kl=80 | epoch=52/1000 | objective=-12.784547 | rate=12.784547 | power=29.999939 | r_p=0.000000 | r_c=0.000000 | r_s=0.005361 | status=running
[UL Convergence] | phase=optimize | user=2 | block=1 | n_kl=80 | epoch=53/1000 | objective=-12.797529 | rate=12.797529 | power=29.999935 | r_p=0.000000 | r_c=0.000000 | r_s=0.005232 | status=running
[UL Convergence] | phase=optimize | user=2 | block=1 | n_kl=80 | epoch=54/1000 | objective=-12.809922 | rate=12.809922 | power=29.999935 | r_p=0.000000 | r_c=0.000000 | r_s=0.005112 | status=running
[UL Convergence] | phase=optimize | user=2 | block=1 | n_kl=80 | epoch=55/1000 | objective=-12.821733 | rate=12.821733 | power=29.999939 | r_p=0.000000 | r_c=0.000000 | r_s=0.005000 | status=running
[UL Convergence] | phase=optimize | user=2 | block=1 | n_kl=80 | epoch=56/1000 | objective=-12.832985 | rate=12.832985 | power=29.999935 | r_p=0.000000 | r_c=0.000000 | r_s=0.004894 | status=running
[UL Convergence] | phase=optimize | user=2 | block=1 | n_kl=80 | epoch=57/1000 | objective=-12.843711 | rate=12.843711 | power=29.999935 | r_p=0.000000 | r_c=0.000000 | r_s=0.004794 | status=running
[UL Convergence] | phase=optimize | user=2 | block=1 | n_kl=80 | epoch=58/1000 | objective=-12.853916 | rate=12.853916 | power=29.999935 | r_p=0.000000 | r_c=0.000000 | r_s=0.004698 | status=running
[UL Convergence] | phase=optimize | user=2 | block=1 | n_kl=80 | epoch=59/1000 | objective=-12.863626 | rate=12.863626 | power=29.999939 | r_p=0.000000 | r_c=0.000000 | r_s=0.004605 | status=running
[UL Convergence] | phase=optimize | user=2 | block=1 | n_kl=80 | epoch=60/1000 | objective=-12.872851 | rate=12.872851 | power=29.999935 | r_p=0.000000 | r_c=0.000000 | r_s=0.004514 | status=running
[UL Convergence] | phase=optimize | user=2 | block=1 | n_kl=80 | epoch=61/1000 | objective=-12.881603 | rate=12.881603 | power=29.999939 | r_p=0.000000 | r_c=0.000000 | r_s=0.004425 | status=running
[UL Convergence] | phase=optimize | user=2 | block=1 | n_kl=80 | epoch=62/1000 | objective=-12.889918 | rate=12.889918 | power=29.999939 | r_p=0.000000 | r_c=0.000000 | r_s=0.004336 | status=running
[UL Convergence] | phase=optimize | user=2 | block=1 | n_kl=80 | epoch=63/1000 | objective=-12.897794 | rate=12.897794 | power=29.999935 | r_p=0.000000 | r_c=0.000000 | r_s=0.004247 | status=running
[UL Convergence] | phase=optimize | user=2 | block=1 | n_kl=80 | epoch=64/1000 | objective=-12.905253 | rate=12.905253 | power=29.999939 | r_p=0.000000 | r_c=0.000000 | r_s=0.004157 | status=running
[UL Convergence] | phase=optimize | user=2 | block=1 | n_kl=80 | epoch=65/1000 | objective=-12.912316 | rate=12.912316 | power=29.999945 | r_p=0.000000 | r_c=0.000000 | r_s=0.004066 | status=running
[UL Convergence] | phase=optimize | user=2 | block=1 | n_kl=80 | epoch=66/1000 | objective=-12.918983 | rate=12.918983 | power=29.999935 | r_p=0.000000 | r_c=0.000000 | r_s=0.003975 | status=running
[UL Convergence] | phase=optimize | user=2 | block=1 | n_kl=80 | epoch=67/1000 | objective=-12.925284 | rate=12.925284 | power=29.999939 | r_p=0.000000 | r_c=0.000000 | r_s=0.003883 | status=running
[UL Convergence] | phase=optimize | user=2 | block=1 | n_kl=80 | epoch=68/1000 | objective=-12.931232 | rate=12.931232 | power=29.999939 | r_p=0.000000 | r_c=0.000000 | r_s=0.003792 | status=running
[UL Convergence] | phase=optimize | user=2 | block=1 | n_kl=80 | epoch=69/1000 | objective=-12.936832 | rate=12.936832 | power=29.999939 | r_p=0.000000 | r_c=0.000000 | r_s=0.003700 | status=running
[UL Convergence] | phase=optimize | user=2 | block=1 | n_kl=80 | epoch=70/1000 | objective=-12.942114 | rate=12.942114 | power=29.999939 | r_p=0.000000 | r_c=0.000000 | r_s=0.003609 | status=running
[UL Convergence] | phase=optimize | user=2 | block=1 | n_kl=80 | epoch=71/1000 | objective=-12.947077 | rate=12.947077 | power=29.999939 | r_p=0.000000 | r_c=0.000000 | r_s=0.003519 | status=running
[UL Convergence] | phase=optimize | user=2 | block=1 | n_kl=80 | epoch=72/1000 | objective=-12.951748 | rate=12.951748 | power=29.999939 | r_p=0.000000 | r_c=0.000000 | r_s=0.003431 | status=running
[UL Convergence] | phase=optimize | user=2 | block=1 | n_kl=80 | epoch=73/1000 | objective=-12.956134 | rate=12.956134 | power=29.999939 | r_p=0.000000 | r_c=0.000000 | r_s=0.003344 | status=running
[UL Convergence] | phase=optimize | user=2 | block=1 | n_kl=80 | epoch=74/1000 | objective=-12.960245 | rate=12.960245 | power=29.999935 | r_p=0.000000 | r_c=0.000000 | r_s=0.003259 | status=running
[UL Convergence] | phase=optimize | user=2 | block=1 | n_kl=80 | epoch=75/1000 | objective=-12.964108 | rate=12.964108 | power=29.999945 | r_p=0.000000 | r_c=0.000000 | r_s=0.003175 | status=running
[UL Convergence] | phase=optimize | user=2 | block=1 | n_kl=80 | epoch=76/1000 | objective=-12.967718 | rate=12.967718 | power=29.999939 | r_p=0.000000 | r_c=0.000000 | r_s=0.003094 | status=running
[UL Convergence] | phase=optimize | user=2 | block=1 | n_kl=80 | epoch=77/1000 | objective=-12.971102 | rate=12.971102 | power=29.999939 | r_p=0.000000 | r_c=0.000000 | r_s=0.003014 | status=running
[UL Convergence] | phase=optimize | user=2 | block=1 | n_kl=80 | epoch=78/1000 | objective=-12.974262 | rate=12.974262 | power=29.999939 | r_p=0.000000 | r_c=0.000000 | r_s=0.002936 | status=running
[UL Convergence] | phase=optimize | user=2 | block=1 | n_kl=80 | epoch=79/1000 | objective=-12.977219 | rate=12.977219 | power=29.999935 | r_p=0.000000 | r_c=0.000000 | r_s=0.002858 | status=running
[UL Convergence] | phase=optimize | user=2 | block=1 | n_kl=80 | epoch=80/1000 | objective=-12.979971 | rate=12.979971 | power=29.999935 | r_p=0.000000 | r_c=0.000000 | r_s=0.002782 | status=running
[UL Convergence] | phase=optimize | user=2 | block=1 | n_kl=80 | epoch=81/1000 | objective=-12.982532 | rate=12.982532 | power=29.999945 | r_p=0.000000 | r_c=0.000000 | r_s=0.002707 | status=running
[UL Convergence] | phase=optimize | user=2 | block=1 | n_kl=80 | epoch=82/1000 | objective=-12.984924 | rate=12.984924 | power=29.999935 | r_p=0.000000 | r_c=0.000000 | r_s=0.002633 | status=running
[UL Convergence] | phase=optimize | user=2 | block=1 | n_kl=80 | epoch=83/1000 | objective=-12.987145 | rate=12.987145 | power=29.999939 | r_p=0.000000 | r_c=0.000000 | r_s=0.002559 | status=running
[UL Convergence] | phase=optimize | user=2 | block=1 | n_kl=80 | epoch=84/1000 | objective=-12.989207 | rate=12.989207 | power=29.999939 | r_p=0.000000 | r_c=0.000000 | r_s=0.002486 | status=running
[UL Convergence] | phase=optimize | user=2 | block=1 | n_kl=80 | epoch=85/1000 | objective=-12.991125 | rate=12.991125 | power=29.999939 | r_p=0.000000 | r_c=0.000000 | r_s=0.002413 | status=running
[UL Convergence] | phase=optimize | user=2 | block=1 | n_kl=80 | epoch=86/1000 | objective=-12.992903 | rate=12.992903 | power=29.999939 | r_p=0.000000 | r_c=0.000000 | r_s=0.002341 | status=running
[UL Convergence] | phase=optimize | user=2 | block=1 | n_kl=80 | epoch=87/1000 | objective=-12.994547 | rate=12.994547 | power=29.999939 | r_p=0.000000 | r_c=0.000000 | r_s=0.002269 | status=running
[UL Convergence] | phase=optimize | user=2 | block=1 | n_kl=80 | epoch=88/1000 | objective=-12.996075 | rate=12.996075 | power=29.999945 | r_p=0.000000 | r_c=0.000000 | r_s=0.002199 | status=running
[UL Convergence] | phase=optimize | user=2 | block=1 | n_kl=80 | epoch=89/1000 | objective=-12.997482 | rate=12.997482 | power=29.999935 | r_p=0.000000 | r_c=0.000000 | r_s=0.002129 | status=running
[UL Convergence] | phase=optimize | user=2 | block=1 | n_kl=80 | epoch=90/1000 | objective=-12.998786 | rate=12.998786 | power=29.999939 | r_p=0.000000 | r_c=0.000000 | r_s=0.002061 | status=running
[UL Convergence] | phase=optimize | user=2 | block=1 | n_kl=80 | epoch=91/1000 | objective=-12.999983 | rate=12.999983 | power=29.999939 | r_p=0.000000 | r_c=0.000000 | r_s=0.001993 | status=running
[UL Convergence] | phase=optimize | user=2 | block=1 | n_kl=80 | epoch=92/1000 | objective=-13.001095 | rate=13.001095 | power=29.999939 | r_p=0.000000 | r_c=0.000000 | r_s=0.001927 | status=running
[UL Convergence] | phase=optimize | user=2 | block=1 | n_kl=80 | epoch=93/1000 | objective=-13.002110 | rate=13.002110 | power=29.999935 | r_p=0.000000 | r_c=0.000000 | r_s=0.001862 | status=running
[UL Convergence] | phase=optimize | user=2 | block=1 | n_kl=80 | epoch=94/1000 | objective=-13.003048 | rate=13.003048 | power=29.999939 | r_p=0.000000 | r_c=0.000000 | r_s=0.001799 | status=running
[UL Convergence] | phase=optimize | user=2 | block=1 | n_kl=80 | epoch=95/1000 | objective=-13.003912 | rate=13.003912 | power=29.999939 | r_p=0.000000 | r_c=0.000000 | r_s=0.001736 | status=running
[UL Convergence] | phase=optimize | user=2 | block=1 | n_kl=80 | epoch=96/1000 | objective=-13.004703 | rate=13.004703 | power=29.999935 | r_p=0.000000 | r_c=0.000000 | r_s=0.001675 | status=running
[UL Convergence] | phase=optimize | user=2 | block=1 | n_kl=80 | epoch=97/1000 | objective=-13.005434 | rate=13.005434 | power=29.999939 | r_p=0.000000 | r_c=0.000000 | r_s=0.001615 | status=running
[UL Convergence] | phase=optimize | user=2 | block=1 | n_kl=80 | epoch=98/1000 | objective=-13.006100 | rate=13.006100 | power=29.999939 | r_p=0.000000 | r_c=0.000000 | r_s=0.001557 | status=running
[UL Convergence] | phase=optimize | user=2 | block=1 | n_kl=80 | epoch=99/1000 | objective=-13.006710 | rate=13.006710 | power=29.999939 | r_p=0.000000 | r_c=0.000000 | r_s=0.001499 | status=running
[UL Convergence] | phase=optimize | user=2 | block=1 | n_kl=80 | epoch=100/1000 | objective=-13.007264 | rate=13.007264 | power=29.999939 | r_p=0.000000 | r_c=0.000000 | r_s=0.001443 | status=running
[UL Convergence] | phase=optimize | user=2 | block=1 | n_kl=80 | epoch=101/1000 | objective=-13.007775 | rate=13.007775 | power=29.999939 | r_p=0.000000 | r_c=0.000000 | r_s=0.001388 | status=running
[UL Convergence] | phase=optimize | user=2 | block=1 | n_kl=80 | epoch=102/1000 | objective=-13.008242 | rate=13.008242 | power=29.999935 | r_p=0.000000 | r_c=0.000000 | r_s=0.001334 | status=running
[UL Convergence] | phase=optimize | user=2 | block=1 | n_kl=80 | epoch=103/1000 | objective=-13.008664 | rate=13.008664 | power=29.999945 | r_p=0.000000 | r_c=0.000000 | r_s=0.001282 | status=running
[UL Convergence] | phase=optimize | user=2 | block=1 | n_kl=80 | epoch=104/1000 | objective=-13.009050 | rate=13.009050 | power=29.999939 | r_p=0.000000 | r_c=0.000000 | r_s=0.001231 | status=running
[UL Convergence] | phase=optimize | user=2 | block=1 | n_kl=80 | epoch=105/1000 | objective=-13.009403 | rate=13.009403 | power=29.999939 | r_p=0.000000 | r_c=0.000000 | r_s=0.001181 | status=running
[UL Convergence] | phase=optimize | user=2 | block=1 | n_kl=80 | epoch=106/1000 | objective=-13.009726 | rate=13.009726 | power=29.999939 | r_p=0.000000 | r_c=0.000000 | r_s=0.001133 | status=running
[UL Convergence] | phase=optimize | user=2 | block=1 | n_kl=80 | epoch=107/1000 | objective=-13.010013 | rate=13.010013 | power=29.999939 | r_p=0.000000 | r_c=0.000000 | r_s=0.001086 | status=running
[UL Convergence] | phase=optimize | user=2 | block=1 | n_kl=80 | epoch=108/1000 | objective=-13.010276 | rate=13.010276 | power=29.999939 | r_p=0.000000 | r_c=0.000000 | r_s=0.001040 | status=running
[UL Convergence] | phase=optimize | user=2 | block=1 | n_kl=80 | epoch=109/1000 | objective=-13.010517 | rate=13.010517 | power=29.999939 | r_p=0.000000 | r_c=0.000000 | r_s=9.964039e-04 | status=running
[UL Convergence] | phase=optimize | user=2 | block=1 | n_kl=80 | epoch=110/1000 | objective=-13.010728 | rate=13.010728 | power=29.999939 | r_p=0.000000 | r_c=0.000000 | r_s=9.540420e-04 | status=running
[UL Convergence] | phase=optimize | user=2 | block=1 | n_kl=80 | epoch=111/1000 | objective=-13.010925 | rate=13.010925 | power=29.999939 | r_p=0.000000 | r_c=0.000000 | r_s=9.131583e-04 | status=running
[UL Convergence] | phase=optimize | user=2 | block=1 | n_kl=80 | epoch=112/1000 | objective=-13.011103 | rate=13.011103 | power=29.999939 | r_p=0.000000 | r_c=0.000000 | r_s=8.737180e-04 | status=running
[UL Convergence] | phase=optimize | user=2 | block=1 | n_kl=80 | epoch=113/1000 | objective=-13.011263 | rate=13.011263 | power=29.999939 | r_p=0.000000 | r_c=0.000000 | r_s=8.356758e-04 | status=running
[UL Convergence] | phase=optimize | user=2 | block=1 | n_kl=80 | epoch=114/1000 | objective=-13.011401 | rate=13.011401 | power=29.999939 | r_p=0.000000 | r_c=0.000000 | r_s=7.989293e-04 | status=running
[UL Convergence] | phase=optimize | user=2 | block=1 | n_kl=80 | epoch=115/1000 | objective=-13.011528 | rate=13.011528 | power=29.999939 | r_p=0.000000 | r_c=0.000000 | r_s=7.634600e-04 | status=running
[UL Convergence] | phase=optimize | user=2 | block=1 | n_kl=80 | epoch=116/1000 | objective=-13.011642 | rate=13.011642 | power=29.999935 | r_p=0.000000 | r_c=0.000000 | r_s=7.291373e-04 | status=running
[UL Convergence] | phase=optimize | user=2 | block=1 | n_kl=80 | epoch=117/1000 | objective=-13.011749 | rate=13.011749 | power=29.999939 | r_p=0.000000 | r_c=0.000000 | r_s=6.959553e-04 | status=running
[UL Convergence] | phase=optimize | user=2 | block=1 | n_kl=80 | epoch=118/1000 | objective=-13.011843 | rate=13.011843 | power=29.999939 | r_p=0.000000 | r_c=0.000000 | r_s=6.638257e-04 | status=running
[UL Convergence] | phase=optimize | user=2 | block=1 | n_kl=80 | epoch=119/1000 | objective=-13.011925 | rate=13.011925 | power=29.999935 | r_p=0.000000 | r_c=0.000000 | r_s=6.327272e-04 | status=running
[UL Convergence] | phase=optimize | user=2 | block=1 | n_kl=80 | epoch=120/1000 | objective=-13.012000 | rate=13.012000 | power=29.999939 | r_p=0.000000 | r_c=0.000000 | r_s=6.026186e-04 | status=running
[UL Convergence] | phase=optimize | user=2 | block=1 | n_kl=80 | epoch=121/1000 | objective=-13.012064 | rate=13.012064 | power=29.999939 | r_p=0.000000 | r_c=0.000000 | r_s=5.735015e-04 | status=kkt_converged
[UL Convergence Result] | user=2 | block=1 | n_kl=80 | achieved_rate=13.012064 | power=29.999939 | rate_gap=-5.512064 | power_gap=-6.103516e-05 | solve_status=kkt_converged
[UL Convergence Allocation] | user=2 | block=1 | n_kl=80 | requested_bits=600 | served_bits=600 | full_service=true
[UL Convergence Block] | user=2 | block=1 | stage=post_T | served_bits=600 | unserved_bits=0
[UL Convergence Reduction] | user=2 | block=1 | served_bits=600 | n_start=79 | n_min=1
[UL Convergence Solve] | user=2 | block=1 | stage=reduced_n | n_kl=79 | served_bits=600
[UL Convergence] | phase=optimize | user=2 | block=1 | n_kl=79 | epoch=1/1000 | objective=-12.999201 | rate=12.999201 | power=29.999939 | r_p=0.000000 | r_c=0.000000 | r_s=inf | status=running
[UL Convergence] | phase=optimize | user=2 | block=1 | n_kl=79 | epoch=2/1000 | objective=-12.999261 | rate=12.999261 | power=29.999939 | r_p=0.000000 | r_c=0.000000 | r_s=5.453683e-04 | status=kkt_converged
[UL Convergence Candidate] | user=2 | block=1 | n_kl=79 | achieved_rate=12.999261 | rate_gap=-5.404324 | power_gap=-6.103516e-05 | status=accepted
[UL Convergence Solve] | user=2 | block=1 | stage=reduced_n | n_kl=70 | served_bits=600
[UL Convergence] | phase=optimize | user=2 | block=1 | n_kl=70 | epoch=1/1000 | objective=-12.871641 | rate=12.871641 | power=29.999939 | r_p=0.000000 | r_c=0.000000 | r_s=inf | status=running
[UL Convergence] | phase=optimize | user=2 | block=1 | n_kl=70 | epoch=2/1000 | objective=-12.871661 | rate=12.871661 | power=29.999939 | r_p=0.000000 | r_c=0.000000 | r_s=3.373996e-04 | status=kkt_converged
[UL Convergence Candidate] | user=2 | block=1 | n_kl=70 | achieved_rate=12.871661 | rate_gap=-4.300233 | power_gap=-6.103516e-05 | status=accepted
[UL Convergence Solve] | user=2 | block=1 | stage=reduced_n | n_kl=60 | served_bits=600
[UL Convergence] | phase=optimize | user=2 | block=1 | n_kl=60 | epoch=1/1000 | objective=-12.697124 | rate=12.697124 | power=29.999939 | r_p=0.000000 | r_c=0.000000 | r_s=inf | status=running
[UL Convergence] | phase=optimize | user=2 | block=1 | n_kl=60 | epoch=2/1000 | objective=-12.697130 | rate=12.697130 | power=29.999939 | r_p=0.000000 | r_c=0.000000 | r_s=1.888983e-04 | status=kkt_converged
[UL Convergence Candidate] | user=2 | block=1 | n_kl=60 | achieved_rate=12.697130 | rate_gap=-2.697130 | power_gap=-6.103516e-05 | status=accepted
[UL Convergence Solve] | user=2 | block=1 | stage=reduced_n | n_kl=50 | served_bits=600
[UL Convergence] | phase=optimize | user=2 | block=1 | n_kl=50 | epoch=1/1000 | objective=-12.472456 | rate=12.472456 | power=29.999939 | r_p=0.000000 | r_c=0.000000 | r_s=inf | status=running
[UL Convergence] | phase=optimize | user=2 | block=1 | n_kl=50 | epoch=2/1000 | objective=-12.472457 | rate=12.472457 | power=29.999939 | r_p=0.000000 | r_c=0.000000 | r_s=1.206212e-04 | status=kkt_converged
[UL Convergence Candidate] | user=2 | block=1 | n_kl=50 | achieved_rate=12.472457 | rate_gap=-0.472457 | power_gap=-6.103516e-05 | status=accepted
[UL Convergence Reduction] | user=2 | block=1 | n_kl=48 | status=stop_infeasible
[UL Convergence Final] | user=2 | block=1 | feasible_points=32 | chosen_n_kl=49 | served_bits=600 | achieved_rate=12.446278 | power=29.999939 | solve_status=kkt_converged
[UL Convergence Allocation] | user=2 | block=1 | chosen_n_kl=49 | served_bits=600 | unserved_bits=0 | mode=fixed_block_targets
[UL Convergence Train] | user=2 | block=2 | target_bits=600 | mode=fixed_block_targets
[UL Convergence Block] | user=2 | block=2 | budget_mode=target_bits | requested_bits=600
[UL Convergence Solve] | user=2 | block=2 | stage=n=T | n_kl=80 | requested_bits=600
[UL Convergence] | phase=optimize | user=2 | block=2 | n_kl=80 | epoch=1/1000 | objective=-10.713396 | rate=10.713396 | power=29.999939 | r_p=0.000000 | r_c=0.000000 | r_s=inf | status=running
[UL Convergence] | phase=optimize | user=2 | block=2 | n_kl=80 | epoch=2/1000 | objective=-10.767651 | rate=10.767651 | power=29.999935 | r_p=0.000000 | r_c=0.000000 | r_s=0.010324 | status=running
[UL Convergence] | phase=optimize | user=2 | block=2 | n_kl=80 | epoch=3/1000 | objective=-10.820700 | rate=10.820700 | power=29.999939 | r_p=0.000000 | r_c=0.000000 | r_s=0.010158 | status=running
[UL Convergence] | phase=optimize | user=2 | block=2 | n_kl=80 | epoch=4/1000 | objective=-10.872509 | rate=10.872509 | power=29.999939 | r_p=0.000000 | r_c=0.000000 | r_s=0.010139 | status=running
[UL Convergence] | phase=optimize | user=2 | block=2 | n_kl=80 | epoch=5/1000 | objective=-10.923065 | rate=10.923065 | power=29.999935 | r_p=0.000000 | r_c=0.000000 | r_s=0.010069 | status=running
[UL Convergence] | phase=optimize | user=2 | block=2 | n_kl=80 | epoch=6/1000 | objective=-10.972373 | rate=10.972373 | power=29.999945 | r_p=0.000000 | r_c=0.000000 | r_s=0.009965 | status=running
[UL Convergence] | phase=optimize | user=2 | block=2 | n_kl=80 | epoch=7/1000 | objective=-11.020470 | rate=11.020470 | power=29.999939 | r_p=0.000000 | r_c=0.000000 | r_s=0.009852 | status=running
[UL Convergence] | phase=optimize | user=2 | block=2 | n_kl=80 | epoch=8/1000 | objective=-11.067396 | rate=11.067396 | power=29.999939 | r_p=0.000000 | r_c=0.000000 | r_s=0.009761 | status=running
[UL Convergence] | phase=optimize | user=2 | block=2 | n_kl=80 | epoch=9/1000 | objective=-11.113187 | rate=11.113187 | power=29.999939 | r_p=0.000000 | r_c=0.000000 | r_s=0.009697 | status=running
[UL Convergence] | phase=optimize | user=2 | block=2 | n_kl=80 | epoch=10/1000 | objective=-11.157852 | rate=11.157852 | power=29.999939 | r_p=0.000000 | r_c=0.000000 | r_s=0.009652 | status=running
[UL Convergence] | phase=optimize | user=2 | block=2 | n_kl=80 | epoch=11/1000 | objective=-11.201367 | rate=11.201367 | power=29.999945 | r_p=0.000000 | r_c=0.000000 | r_s=0.009612 | status=running
[UL Convergence] | phase=optimize | user=2 | block=2 | n_kl=80 | epoch=12/1000 | objective=-11.243736 | rate=11.243736 | power=29.999945 | r_p=0.000000 | r_c=0.000000 | r_s=0.009566 | status=running
[UL Convergence] | phase=optimize | user=2 | block=2 | n_kl=80 | epoch=13/1000 | objective=-11.284942 | rate=11.284942 | power=29.999939 | r_p=0.000000 | r_c=0.000000 | r_s=0.009510 | status=running
[UL Convergence] | phase=optimize | user=2 | block=2 | n_kl=80 | epoch=14/1000 | objective=-11.324968 | rate=11.324968 | power=29.999945 | r_p=0.000000 | r_c=0.000000 | r_s=0.009444 | status=running
[UL Convergence] | phase=optimize | user=2 | block=2 | n_kl=80 | epoch=15/1000 | objective=-11.363817 | rate=11.363817 | power=29.999939 | r_p=0.000000 | r_c=0.000000 | r_s=0.009367 | status=running
[UL Convergence] | phase=optimize | user=2 | block=2 | n_kl=80 | epoch=16/1000 | objective=-11.401493 | rate=11.401493 | power=29.999939 | r_p=0.000000 | r_c=0.000000 | r_s=0.009281 | status=running
[UL Convergence] | phase=optimize | user=2 | block=2 | n_kl=80 | epoch=17/1000 | objective=-11.437987 | rate=11.437987 | power=29.999939 | r_p=0.000000 | r_c=0.000000 | r_s=0.009187 | status=running
[UL Convergence] | phase=optimize | user=2 | block=2 | n_kl=80 | epoch=18/1000 | objective=-11.473314 | rate=11.473314 | power=29.999945 | r_p=0.000000 | r_c=0.000000 | r_s=0.009088 | status=running
[UL Convergence] | phase=optimize | user=2 | block=2 | n_kl=80 | epoch=19/1000 | objective=-11.507493 | rate=11.507493 | power=29.999939 | r_p=0.000000 | r_c=0.000000 | r_s=0.008985 | status=running
[UL Convergence] | phase=optimize | user=2 | block=2 | n_kl=80 | epoch=20/1000 | objective=-11.540518 | rate=11.540518 | power=29.999939 | r_p=0.000000 | r_c=0.000000 | r_s=0.008879 | status=running
[UL Convergence] | phase=optimize | user=2 | block=2 | n_kl=80 | epoch=21/1000 | objective=-11.572430 | rate=11.572430 | power=29.999935 | r_p=0.000000 | r_c=0.000000 | r_s=0.008771 | status=running
[UL Convergence] | phase=optimize | user=2 | block=2 | n_kl=80 | epoch=22/1000 | objective=-11.603222 | rate=11.603222 | power=29.999939 | r_p=0.000000 | r_c=0.000000 | r_s=0.008661 | status=running
[UL Convergence] | phase=optimize | user=2 | block=2 | n_kl=80 | epoch=23/1000 | objective=-11.632918 | rate=11.632918 | power=29.999939 | r_p=0.000000 | r_c=0.000000 | r_s=0.008549 | status=running
[UL Convergence] | phase=optimize | user=2 | block=2 | n_kl=80 | epoch=24/1000 | objective=-11.661537 | rate=11.661537 | power=29.999935 | r_p=0.000000 | r_c=0.000000 | r_s=0.008436 | status=running
[UL Convergence] | phase=optimize | user=2 | block=2 | n_kl=80 | epoch=25/1000 | objective=-11.689095 | rate=11.689095 | power=29.999939 | r_p=0.000000 | r_c=0.000000 | r_s=0.008320 | status=running
[UL Convergence] | phase=optimize | user=2 | block=2 | n_kl=80 | epoch=26/1000 | objective=-11.715616 | rate=11.715616 | power=29.999939 | r_p=0.000000 | r_c=0.000000 | r_s=0.008202 | status=running
[UL Convergence] | phase=optimize | user=2 | block=2 | n_kl=80 | epoch=27/1000 | objective=-11.741113 | rate=11.741113 | power=29.999945 | r_p=0.000000 | r_c=0.000000 | r_s=0.008081 | status=running
[UL Convergence] | phase=optimize | user=2 | block=2 | n_kl=80 | epoch=28/1000 | objective=-11.765608 | rate=11.765608 | power=29.999945 | r_p=0.000000 | r_c=0.000000 | r_s=0.007957 | status=running
[UL Convergence] | phase=optimize | user=2 | block=2 | n_kl=80 | epoch=29/1000 | objective=-11.789134 | rate=11.789134 | power=29.999939 | r_p=0.000000 | r_c=0.000000 | r_s=0.007830 | status=running
[UL Convergence] | phase=optimize | user=2 | block=2 | n_kl=80 | epoch=30/1000 | objective=-11.811700 | rate=11.811700 | power=29.999945 | r_p=0.000000 | r_c=0.000000 | r_s=0.007701 | status=running
[UL Convergence] | phase=optimize | user=2 | block=2 | n_kl=80 | epoch=31/1000 | objective=-11.833342 | rate=11.833342 | power=29.999935 | r_p=0.000000 | r_c=0.000000 | r_s=0.007571 | status=running
[UL Convergence] | phase=optimize | user=2 | block=2 | n_kl=80 | epoch=32/1000 | objective=-11.854074 | rate=11.854074 | power=29.999939 | r_p=0.000000 | r_c=0.000000 | r_s=0.007439 | status=running
[UL Convergence] | phase=optimize | user=2 | block=2 | n_kl=80 | epoch=33/1000 | objective=-11.873938 | rate=11.873938 | power=29.999939 | r_p=0.000000 | r_c=0.000000 | r_s=0.007306 | status=running
[UL Convergence] | phase=optimize | user=2 | block=2 | n_kl=80 | epoch=34/1000 | objective=-11.892941 | rate=11.892941 | power=29.999939 | r_p=0.000000 | r_c=0.000000 | r_s=0.007173 | status=running
[UL Convergence] | phase=optimize | user=2 | block=2 | n_kl=80 | epoch=35/1000 | objective=-11.911113 | rate=11.911113 | power=29.999935 | r_p=0.000000 | r_c=0.000000 | r_s=0.007040 | status=running
[UL Convergence] | phase=optimize | user=2 | block=2 | n_kl=80 | epoch=36/1000 | objective=-11.928484 | rate=11.928484 | power=29.999939 | r_p=0.000000 | r_c=0.000000 | r_s=0.006907 | status=running
[UL Convergence] | phase=optimize | user=2 | block=2 | n_kl=80 | epoch=37/1000 | objective=-11.945082 | rate=11.945082 | power=29.999939 | r_p=0.000000 | r_c=0.000000 | r_s=0.006775 | status=running
[UL Convergence] | phase=optimize | user=2 | block=2 | n_kl=80 | epoch=38/1000 | objective=-11.960934 | rate=11.960934 | power=29.999939 | r_p=0.000000 | r_c=0.000000 | r_s=0.006643 | status=running
[UL Convergence] | phase=optimize | user=2 | block=2 | n_kl=80 | epoch=39/1000 | objective=-11.976061 | rate=11.976061 | power=29.999935 | r_p=0.000000 | r_c=0.000000 | r_s=0.006513 | status=running
[UL Convergence] | phase=optimize | user=2 | block=2 | n_kl=80 | epoch=40/1000 | objective=-11.990492 | rate=11.990492 | power=29.999939 | r_p=0.000000 | r_c=0.000000 | r_s=0.006383 | status=running
[UL Convergence] | phase=optimize | user=2 | block=2 | n_kl=80 | epoch=41/1000 | objective=-12.004251 | rate=12.004251 | power=29.999939 | r_p=0.000000 | r_c=0.000000 | r_s=0.006254 | status=running
[UL Convergence] | phase=optimize | user=2 | block=2 | n_kl=80 | epoch=42/1000 | objective=-12.017361 | rate=12.017361 | power=29.999935 | r_p=0.000000 | r_c=0.000000 | r_s=0.006126 | status=running
[UL Convergence] | phase=optimize | user=2 | block=2 | n_kl=80 | epoch=43/1000 | objective=-12.029857 | rate=12.029857 | power=29.999939 | r_p=0.000000 | r_c=0.000000 | r_s=0.005999 | status=running
[UL Convergence] | phase=optimize | user=2 | block=2 | n_kl=80 | epoch=44/1000 | objective=-12.041755 | rate=12.041755 | power=29.999935 | r_p=0.000000 | r_c=0.000000 | r_s=0.005874 | status=running
[UL Convergence] | phase=optimize | user=2 | block=2 | n_kl=80 | epoch=45/1000 | objective=-12.053078 | rate=12.053078 | power=29.999939 | r_p=0.000000 | r_c=0.000000 | r_s=0.005750 | status=running
[UL Convergence] | phase=optimize | user=2 | block=2 | n_kl=80 | epoch=46/1000 | objective=-12.063866 | rate=12.063866 | power=29.999939 | r_p=0.000000 | r_c=0.000000 | r_s=0.005628 | status=running
[UL Convergence] | phase=optimize | user=2 | block=2 | n_kl=80 | epoch=47/1000 | objective=-12.074120 | rate=12.074120 | power=29.999939 | r_p=0.000000 | r_c=0.000000 | r_s=0.005508 | status=running
[UL Convergence] | phase=optimize | user=2 | block=2 | n_kl=80 | epoch=48/1000 | objective=-12.083889 | rate=12.083889 | power=29.999939 | r_p=0.000000 | r_c=0.000000 | r_s=0.005390 | status=running
[UL Convergence] | phase=optimize | user=2 | block=2 | n_kl=80 | epoch=49/1000 | objective=-12.093166 | rate=12.093166 | power=29.999939 | r_p=0.000000 | r_c=0.000000 | r_s=0.005275 | status=running
[UL Convergence] | phase=optimize | user=2 | block=2 | n_kl=80 | epoch=50/1000 | objective=-12.101999 | rate=12.101999 | power=29.999939 | r_p=0.000000 | r_c=0.000000 | r_s=0.005163 | status=running
[UL Convergence] | phase=optimize | user=2 | block=2 | n_kl=80 | epoch=51/1000 | objective=-12.110385 | rate=12.110385 | power=29.999939 | r_p=0.000000 | r_c=0.000000 | r_s=0.005055 | status=running
[UL Convergence] | phase=optimize | user=2 | block=2 | n_kl=80 | epoch=52/1000 | objective=-12.118363 | rate=12.118363 | power=29.999935 | r_p=0.000000 | r_c=0.000000 | r_s=0.004949 | status=running
[UL Convergence] | phase=optimize | user=2 | block=2 | n_kl=80 | epoch=53/1000 | objective=-12.125938 | rate=12.125938 | power=29.999945 | r_p=0.000000 | r_c=0.000000 | r_s=0.004847 | status=running
[UL Convergence] | phase=optimize | user=2 | block=2 | n_kl=80 | epoch=54/1000 | objective=-12.133135 | rate=12.133135 | power=29.999935 | r_p=0.000000 | r_c=0.000000 | r_s=0.004748 | status=running
[UL Convergence] | phase=optimize | user=2 | block=2 | n_kl=80 | epoch=55/1000 | objective=-12.139960 | rate=12.139960 | power=29.999935 | r_p=0.000000 | r_c=0.000000 | r_s=0.004652 | status=running
[UL Convergence] | phase=optimize | user=2 | block=2 | n_kl=80 | epoch=56/1000 | objective=-12.146441 | rate=12.146441 | power=29.999939 | r_p=0.000000 | r_c=0.000000 | r_s=0.004559 | status=running
[UL Convergence] | phase=optimize | user=2 | block=2 | n_kl=80 | epoch=57/1000 | objective=-12.152580 | rate=12.152580 | power=29.999939 | r_p=0.000000 | r_c=0.000000 | r_s=0.004468 | status=running
[UL Convergence] | phase=optimize | user=2 | block=2 | n_kl=80 | epoch=58/1000 | objective=-12.158401 | rate=12.158401 | power=29.999939 | r_p=0.000000 | r_c=0.000000 | r_s=0.004380 | status=running
[UL Convergence] | phase=optimize | user=2 | block=2 | n_kl=80 | epoch=59/1000 | objective=-12.163916 | rate=12.163916 | power=29.999939 | r_p=0.000000 | r_c=0.000000 | r_s=0.004292 | status=running
[UL Convergence] | phase=optimize | user=2 | block=2 | n_kl=80 | epoch=60/1000 | objective=-12.169135 | rate=12.169135 | power=29.999939 | r_p=0.000000 | r_c=0.000000 | r_s=0.004207 | status=running
[UL Convergence] | phase=optimize | user=2 | block=2 | n_kl=80 | epoch=61/1000 | objective=-12.174059 | rate=12.174059 | power=29.999935 | r_p=0.000000 | r_c=0.000000 | r_s=0.004122 | status=running
[UL Convergence] | phase=optimize | user=2 | block=2 | n_kl=80 | epoch=62/1000 | objective=-12.178720 | rate=12.178720 | power=29.999939 | r_p=0.000000 | r_c=0.000000 | r_s=0.004038 | status=running
[UL Convergence] | phase=optimize | user=2 | block=2 | n_kl=80 | epoch=63/1000 | objective=-12.183121 | rate=12.183121 | power=29.999939 | r_p=0.000000 | r_c=0.000000 | r_s=0.003954 | status=running
[UL Convergence] | phase=optimize | user=2 | block=2 | n_kl=80 | epoch=64/1000 | objective=-12.187274 | rate=12.187274 | power=29.999935 | r_p=0.000000 | r_c=0.000000 | r_s=0.003870 | status=running
[UL Convergence] | phase=optimize | user=2 | block=2 | n_kl=80 | epoch=65/1000 | objective=-12.191185 | rate=12.191185 | power=29.999939 | r_p=0.000000 | r_c=0.000000 | r_s=0.003786 | status=running
[UL Convergence] | phase=optimize | user=2 | block=2 | n_kl=80 | epoch=66/1000 | objective=-12.194866 | rate=12.194866 | power=29.999939 | r_p=0.000000 | r_c=0.000000 | r_s=0.003703 | status=running
[UL Convergence] | phase=optimize | user=2 | block=2 | n_kl=80 | epoch=67/1000 | objective=-12.198326 | rate=12.198326 | power=29.999935 | r_p=0.000000 | r_c=0.000000 | r_s=0.003619 | status=running
[UL Convergence] | phase=optimize | user=2 | block=2 | n_kl=80 | epoch=68/1000 | objective=-12.201588 | rate=12.201588 | power=29.999939 | r_p=0.000000 | r_c=0.000000 | r_s=0.003536 | status=running
[UL Convergence] | phase=optimize | user=2 | block=2 | n_kl=80 | epoch=69/1000 | objective=-12.204643 | rate=12.204643 | power=29.999935 | r_p=0.000000 | r_c=0.000000 | r_s=0.003452 | status=running
[UL Convergence] | phase=optimize | user=2 | block=2 | n_kl=80 | epoch=70/1000 | objective=-12.207514 | rate=12.207514 | power=29.999935 | r_p=0.000000 | r_c=0.000000 | r_s=0.003369 | status=running
[UL Convergence] | phase=optimize | user=2 | block=2 | n_kl=80 | epoch=71/1000 | objective=-12.210207 | rate=12.210207 | power=29.999939 | r_p=0.000000 | r_c=0.000000 | r_s=0.003286 | status=running
[UL Convergence] | phase=optimize | user=2 | block=2 | n_kl=80 | epoch=72/1000 | objective=-12.212726 | rate=12.212726 | power=29.999939 | r_p=0.000000 | r_c=0.000000 | r_s=0.003203 | status=running
[UL Convergence] | phase=optimize | user=2 | block=2 | n_kl=80 | epoch=73/1000 | objective=-12.215083 | rate=12.215083 | power=29.999939 | r_p=0.000000 | r_c=0.000000 | r_s=0.003121 | status=running
[UL Convergence] | phase=optimize | user=2 | block=2 | n_kl=80 | epoch=74/1000 | objective=-12.217298 | rate=12.217298 | power=29.999939 | r_p=0.000000 | r_c=0.000000 | r_s=0.003039 | status=running
[UL Convergence] | phase=optimize | user=2 | block=2 | n_kl=80 | epoch=75/1000 | objective=-12.219346 | rate=12.219346 | power=29.999935 | r_p=0.000000 | r_c=0.000000 | r_s=0.002958 | status=running
[UL Convergence] | phase=optimize | user=2 | block=2 | n_kl=80 | epoch=76/1000 | objective=-12.221268 | rate=12.221268 | power=29.999939 | r_p=0.000000 | r_c=0.000000 | r_s=0.002878 | status=running
[UL Convergence] | phase=optimize | user=2 | block=2 | n_kl=80 | epoch=77/1000 | objective=-12.223055 | rate=12.223055 | power=29.999939 | r_p=0.000000 | r_c=0.000000 | r_s=0.002798 | status=running
[UL Convergence] | phase=optimize | user=2 | block=2 | n_kl=80 | epoch=78/1000 | objective=-12.224718 | rate=12.224718 | power=29.999939 | r_p=0.000000 | r_c=0.000000 | r_s=0.002719 | status=running
[UL Convergence] | phase=optimize | user=2 | block=2 | n_kl=80 | epoch=79/1000 | objective=-12.226270 | rate=12.226270 | power=29.999939 | r_p=0.000000 | r_c=0.000000 | r_s=0.002640 | status=running
[UL Convergence] | phase=optimize | user=2 | block=2 | n_kl=80 | epoch=80/1000 | objective=-12.227712 | rate=12.227712 | power=29.999939 | r_p=0.000000 | r_c=0.000000 | r_s=0.002563 | status=running
[UL Convergence] | phase=optimize | user=2 | block=2 | n_kl=80 | epoch=81/1000 | objective=-12.229038 | rate=12.229038 | power=29.999935 | r_p=0.000000 | r_c=0.000000 | r_s=0.002486 | status=running
[UL Convergence] | phase=optimize | user=2 | block=2 | n_kl=80 | epoch=82/1000 | objective=-12.230276 | rate=12.230276 | power=29.999939 | r_p=0.000000 | r_c=0.000000 | r_s=0.002411 | status=running
[UL Convergence] | phase=optimize | user=2 | block=2 | n_kl=80 | epoch=83/1000 | objective=-12.231421 | rate=12.231421 | power=29.999939 | r_p=0.000000 | r_c=0.000000 | r_s=0.002336 | status=running
[UL Convergence] | phase=optimize | user=2 | block=2 | n_kl=80 | epoch=84/1000 | objective=-12.232472 | rate=12.232472 | power=29.999939 | r_p=0.000000 | r_c=0.000000 | r_s=0.002263 | status=running
[UL Convergence] | phase=optimize | user=2 | block=2 | n_kl=80 | epoch=85/1000 | objective=-12.233453 | rate=12.233453 | power=29.999939 | r_p=0.000000 | r_c=0.000000 | r_s=0.002190 | status=running
[UL Convergence] | phase=optimize | user=2 | block=2 | n_kl=80 | epoch=86/1000 | objective=-12.234349 | rate=12.234349 | power=29.999939 | r_p=0.000000 | r_c=0.000000 | r_s=0.002119 | status=running
[UL Convergence] | phase=optimize | user=2 | block=2 | n_kl=80 | epoch=87/1000 | objective=-12.235175 | rate=12.235175 | power=29.999939 | r_p=0.000000 | r_c=0.000000 | r_s=0.002049 | status=running
[UL Convergence] | phase=optimize | user=2 | block=2 | n_kl=80 | epoch=88/1000 | objective=-12.235939 | rate=12.235939 | power=29.999939 | r_p=0.000000 | r_c=0.000000 | r_s=0.001981 | status=running
[UL Convergence] | phase=optimize | user=2 | block=2 | n_kl=80 | epoch=89/1000 | objective=-12.236638 | rate=12.236638 | power=29.999929 | r_p=0.000000 | r_c=0.000000 | r_s=0.001913 | status=running
[UL Convergence] | phase=optimize | user=2 | block=2 | n_kl=80 | epoch=90/1000 | objective=-12.237280 | rate=12.237280 | power=29.999939 | r_p=0.000000 | r_c=0.000000 | r_s=0.001847 | status=running
[UL Convergence] | phase=optimize | user=2 | block=2 | n_kl=80 | epoch=91/1000 | objective=-12.237865 | rate=12.237865 | power=29.999935 | r_p=0.000000 | r_c=0.000000 | r_s=0.001782 | status=running
[UL Convergence] | phase=optimize | user=2 | block=2 | n_kl=80 | epoch=92/1000 | objective=-12.238402 | rate=12.238402 | power=29.999939 | r_p=0.000000 | r_c=0.000000 | r_s=0.001718 | status=running
[UL Convergence] | phase=optimize | user=2 | block=2 | n_kl=80 | epoch=93/1000 | objective=-12.238892 | rate=12.238892 | power=29.999939 | r_p=0.000000 | r_c=0.000000 | r_s=0.001656 | status=running
[UL Convergence] | phase=optimize | user=2 | block=2 | n_kl=80 | epoch=94/1000 | objective=-12.239339 | rate=12.239339 | power=29.999939 | r_p=0.000000 | r_c=0.000000 | r_s=0.001595 | status=running
[UL Convergence] | phase=optimize | user=2 | block=2 | n_kl=80 | epoch=95/1000 | objective=-12.239741 | rate=12.239741 | power=29.999939 | r_p=0.000000 | r_c=0.000000 | r_s=0.001535 | status=running
[UL Convergence] | phase=optimize | user=2 | block=2 | n_kl=80 | epoch=96/1000 | objective=-12.240116 | rate=12.240116 | power=29.999939 | r_p=0.000000 | r_c=0.000000 | r_s=0.001476 | status=running
[UL Convergence] | phase=optimize | user=2 | block=2 | n_kl=80 | epoch=97/1000 | objective=-12.240448 | rate=12.240448 | power=29.999939 | r_p=0.000000 | r_c=0.000000 | r_s=0.001418 | status=running
[UL Convergence] | phase=optimize | user=2 | block=2 | n_kl=80 | epoch=98/1000 | objective=-12.240748 | rate=12.240748 | power=29.999935 | r_p=0.000000 | r_c=0.000000 | r_s=0.001362 | status=running
[UL Convergence] | phase=optimize | user=2 | block=2 | n_kl=80 | epoch=99/1000 | objective=-12.241028 | rate=12.241028 | power=29.999935 | r_p=0.000000 | r_c=0.000000 | r_s=0.001307 | status=running
[UL Convergence] | phase=optimize | user=2 | block=2 | n_kl=80 | epoch=100/1000 | objective=-12.241272 | rate=12.241272 | power=29.999935 | r_p=0.000000 | r_c=0.000000 | r_s=0.001253 | status=running
[UL Convergence] | phase=optimize | user=2 | block=2 | n_kl=80 | epoch=101/1000 | objective=-12.241490 | rate=12.241490 | power=29.999939 | r_p=0.000000 | r_c=0.000000 | r_s=0.001200 | status=running
[UL Convergence] | phase=optimize | user=2 | block=2 | n_kl=80 | epoch=102/1000 | objective=-12.241686 | rate=12.241686 | power=29.999935 | r_p=0.000000 | r_c=0.000000 | r_s=0.001148 | status=running
[UL Convergence] | phase=optimize | user=2 | block=2 | n_kl=80 | epoch=103/1000 | objective=-12.241871 | rate=12.241871 | power=29.999939 | r_p=0.000000 | r_c=0.000000 | r_s=0.001098 | status=running
[UL Convergence] | phase=optimize | user=2 | block=2 | n_kl=80 | epoch=104/1000 | objective=-12.242027 | rate=12.242027 | power=29.999939 | r_p=0.000000 | r_c=0.000000 | r_s=0.001049 | status=running
[UL Convergence] | phase=optimize | user=2 | block=2 | n_kl=80 | epoch=105/1000 | objective=-12.242168 | rate=12.242168 | power=29.999935 | r_p=0.000000 | r_c=0.000000 | r_s=0.001001 | status=running
[UL Convergence] | phase=optimize | user=2 | block=2 | n_kl=80 | epoch=106/1000 | objective=-12.242300 | rate=12.242300 | power=29.999939 | r_p=0.000000 | r_c=0.000000 | r_s=9.551231e-04 | status=running
[UL Convergence] | phase=optimize | user=2 | block=2 | n_kl=80 | epoch=107/1000 | objective=-12.242413 | rate=12.242413 | power=29.999939 | r_p=0.000000 | r_c=0.000000 | r_s=9.101814e-04 | status=running
[UL Convergence] | phase=optimize | user=2 | block=2 | n_kl=80 | epoch=108/1000 | objective=-12.242517 | rate=12.242517 | power=29.999939 | r_p=0.000000 | r_c=0.000000 | r_s=8.665644e-04 | status=running
[UL Convergence] | phase=optimize | user=2 | block=2 | n_kl=80 | epoch=109/1000 | objective=-12.242603 | rate=12.242603 | power=29.999939 | r_p=0.000000 | r_c=0.000000 | r_s=8.243066e-04 | status=running
[UL Convergence] | phase=optimize | user=2 | block=2 | n_kl=80 | epoch=110/1000 | objective=-12.242679 | rate=12.242679 | power=29.999939 | r_p=0.000000 | r_c=0.000000 | r_s=7.833531e-04 | status=running
[UL Convergence] | phase=optimize | user=2 | block=2 | n_kl=80 | epoch=111/1000 | objective=-12.242750 | rate=12.242750 | power=29.999939 | r_p=0.000000 | r_c=0.000000 | r_s=7.437498e-04 | status=running
[UL Convergence] | phase=optimize | user=2 | block=2 | n_kl=80 | epoch=112/1000 | objective=-12.242807 | rate=12.242807 | power=29.999939 | r_p=0.000000 | r_c=0.000000 | r_s=7.054470e-04 | status=running
[UL Convergence] | phase=optimize | user=2 | block=2 | n_kl=80 | epoch=113/1000 | objective=-12.242864 | rate=12.242864 | power=29.999939 | r_p=0.000000 | r_c=0.000000 | r_s=6.684476e-04 | status=running
[UL Convergence] | phase=optimize | user=2 | block=2 | n_kl=80 | epoch=114/1000 | objective=-12.242907 | rate=12.242907 | power=29.999935 | r_p=0.000000 | r_c=0.000000 | r_s=6.327264e-04 | status=running
[UL Convergence] | phase=optimize | user=2 | block=2 | n_kl=80 | epoch=115/1000 | objective=-12.242946 | rate=12.242946 | power=29.999939 | r_p=0.000000 | r_c=0.000000 | r_s=5.983098e-04 | status=kkt_converged
[UL Convergence Result] | user=2 | block=2 | n_kl=80 | achieved_rate=12.242946 | power=29.999939 | rate_gap=-4.742946 | power_gap=-6.103516e-05 | solve_status=kkt_converged
[UL Convergence Allocation] | user=2 | block=2 | n_kl=80 | requested_bits=600 | served_bits=600 | full_service=true
[UL Convergence Block] | user=2 | block=2 | stage=post_T | served_bits=600 | unserved_bits=0
[UL Convergence Reduction] | user=2 | block=2 | served_bits=600 | n_start=79 | n_min=1
[UL Convergence Solve] | user=2 | block=2 | stage=reduced_n | n_kl=79 | served_bits=600
[UL Convergence] | phase=optimize | user=2 | block=2 | n_kl=79 | epoch=1/1000 | objective=-12.230145 | rate=12.230145 | power=29.999939 | r_p=0.000000 | r_c=0.000000 | r_s=inf | status=running
[UL Convergence] | phase=optimize | user=2 | block=2 | n_kl=79 | epoch=2/1000 | objective=-12.230185 | rate=12.230185 | power=29.999935 | r_p=0.000000 | r_c=0.000000 | r_s=5.650781e-04 | status=kkt_converged
[UL Convergence Candidate] | user=2 | block=2 | n_kl=79 | achieved_rate=12.230185 | rate_gap=-4.635248 | power_gap=-6.484985e-05 | status=accepted
[UL Convergence Solve] | user=2 | block=2 | stage=reduced_n | n_kl=70 | served_bits=600
[UL Convergence] | phase=optimize | user=2 | block=2 | n_kl=70 | epoch=1/1000 | objective=-12.103035 | rate=12.103035 | power=29.999939 | r_p=0.000000 | r_c=0.000000 | r_s=inf | status=running
[UL Convergence] | phase=optimize | user=2 | block=2 | n_kl=70 | epoch=2/1000 | objective=-12.103043 | rate=12.103043 | power=29.999939 | r_p=0.000000 | r_c=0.000000 | r_s=3.180014e-04 | status=kkt_converged
[UL Convergence Candidate] | user=2 | block=2 | n_kl=70 | achieved_rate=12.103043 | rate_gap=-3.531614 | power_gap=-6.103516e-05 | status=accepted
[UL Convergence Solve] | user=2 | block=2 | stage=reduced_n | n_kl=60 | served_bits=600
[UL Convergence] | phase=optimize | user=2 | block=2 | n_kl=60 | epoch=1/1000 | objective=-11.929270 | rate=11.929270 | power=29.999939 | r_p=0.000000 | r_c=0.000000 | r_s=inf | status=running
[UL Convergence] | phase=optimize | user=2 | block=2 | n_kl=60 | epoch=2/1000 | objective=-11.929267 | rate=11.929267 | power=29.999939 | r_p=0.000000 | r_c=0.000000 | r_s=1.496923e-04 | status=kkt_converged
[UL Convergence Candidate] | user=2 | block=2 | n_kl=60 | achieved_rate=11.929270 | rate_gap=-1.929270 | power_gap=-6.103516e-05 | status=accepted
[UL Convergence Reduction] | user=2 | block=2 | n_kl=51 | status=stop_infeasible
[UL Convergence Final] | user=2 | block=2 | feasible_points=29 | chosen_n_kl=52 | served_bits=600 | achieved_rate=11.755493 | power=29.999939 | solve_status=kkt_converged
[UL Convergence Allocation] | user=2 | block=2 | chosen_n_kl=52 | served_bits=600 | unserved_bits=0 | mode=fixed_block_targets
[UL Convergence Train] | user=2 | block=3 | target_bits=600 | mode=fixed_block_targets
[UL Convergence Block] | user=2 | block=3 | budget_mode=target_bits | requested_bits=600
[UL Convergence Solve] | user=2 | block=3 | stage=n=T | n_kl=80 | requested_bits=600
[UL Convergence] | phase=optimize | user=2 | block=3 | n_kl=80 | epoch=1/1000 | objective=-8.981584 | rate=8.981584 | power=29.999939 | r_p=0.000000 | r_c=0.000000 | r_s=inf | status=running
[UL Convergence] | phase=optimize | user=2 | block=3 | n_kl=80 | epoch=2/1000 | objective=-9.040237 | rate=9.040237 | power=29.999939 | r_p=0.000000 | r_c=0.000000 | r_s=0.010267 | status=running
[UL Convergence] | phase=optimize | user=2 | block=3 | n_kl=80 | epoch=3/1000 | objective=-9.098819 | rate=9.098819 | power=29.999939 | r_p=0.000000 | r_c=0.000000 | r_s=0.010225 | status=running
[UL Convergence] | phase=optimize | user=2 | block=3 | n_kl=80 | epoch=4/1000 | objective=-9.157248 | rate=9.157248 | power=29.999945 | r_p=0.000000 | r_c=0.000000 | r_s=0.010179 | status=running
[UL Convergence] | phase=optimize | user=2 | block=3 | n_kl=80 | epoch=5/1000 | objective=-9.215454 | rate=9.215454 | power=29.999945 | r_p=0.000000 | r_c=0.000000 | r_s=0.010123 | status=running
[UL Convergence] | phase=optimize | user=2 | block=3 | n_kl=80 | epoch=6/1000 | objective=-9.273356 | rate=9.273356 | power=29.999939 | r_p=0.000000 | r_c=0.000000 | r_s=0.010052 | status=running
[UL Convergence] | phase=optimize | user=2 | block=3 | n_kl=80 | epoch=7/1000 | objective=-9.330907 | rate=9.330907 | power=29.999945 | r_p=0.000000 | r_c=0.000000 | r_s=0.009964 | status=running
[UL Convergence] | phase=optimize | user=2 | block=3 | n_kl=80 | epoch=8/1000 | objective=-9.388103 | rate=9.388103 | power=29.999939 | r_p=0.000000 | r_c=0.000000 | r_s=0.009858 | status=running
[UL Convergence] | phase=optimize | user=2 | block=3 | n_kl=80 | epoch=9/1000 | objective=-9.444924 | rate=9.444924 | power=29.999939 | r_p=0.000000 | r_c=0.000000 | r_s=0.009741 | status=running
[UL Convergence] | phase=optimize | user=2 | block=3 | n_kl=80 | epoch=10/1000 | objective=-9.501415 | rate=9.501415 | power=29.999939 | r_p=0.000000 | r_c=0.000000 | r_s=0.009620 | status=running
[UL Convergence] | phase=optimize | user=2 | block=3 | n_kl=80 | epoch=11/1000 | objective=-9.557624 | rate=9.557624 | power=29.999939 | r_p=0.000000 | r_c=0.000000 | r_s=0.009507 | status=running
[UL Convergence] | phase=optimize | user=2 | block=3 | n_kl=80 | epoch=12/1000 | objective=-9.613603 | rate=9.613603 | power=29.999939 | r_p=0.000000 | r_c=0.000000 | r_s=0.009408 | status=running
[UL Convergence] | phase=optimize | user=2 | block=3 | n_kl=80 | epoch=13/1000 | objective=-9.669450 | rate=9.669450 | power=29.999939 | r_p=0.000000 | r_c=0.000000 | r_s=0.009323 | status=running
[UL Convergence] | phase=optimize | user=2 | block=3 | n_kl=80 | epoch=14/1000 | objective=-9.725237 | rate=9.725237 | power=29.999939 | r_p=0.000000 | r_c=0.000000 | r_s=0.009253 | status=running
[UL Convergence] | phase=optimize | user=2 | block=3 | n_kl=80 | epoch=15/1000 | objective=-9.781061 | rate=9.781061 | power=29.999939 | r_p=0.000000 | r_c=0.000000 | r_s=0.009199 | status=running
[UL Convergence] | phase=optimize | user=2 | block=3 | n_kl=80 | epoch=16/1000 | objective=-9.837024 | rate=9.837024 | power=29.999935 | r_p=0.000000 | r_c=0.000000 | r_s=0.009164 | status=running
[UL Convergence] | phase=optimize | user=2 | block=3 | n_kl=80 | epoch=17/1000 | objective=-9.893187 | rate=9.893187 | power=29.999935 | r_p=0.000000 | r_c=0.000000 | r_s=0.009152 | status=running
[UL Convergence] | phase=optimize | user=2 | block=3 | n_kl=80 | epoch=18/1000 | objective=-9.949626 | rate=9.949626 | power=29.999939 | r_p=0.000000 | r_c=0.000000 | r_s=0.009163 | status=running
[UL Convergence] | phase=optimize | user=2 | block=3 | n_kl=80 | epoch=19/1000 | objective=-10.006378 | rate=10.006378 | power=29.999945 | r_p=0.000000 | r_c=0.000000 | r_s=0.009196 | status=running
[UL Convergence] | phase=optimize | user=2 | block=3 | n_kl=80 | epoch=20/1000 | objective=-10.063448 | rate=10.063448 | power=29.999939 | r_p=0.000000 | r_c=0.000000 | r_s=0.009248 | status=running
[UL Convergence] | phase=optimize | user=2 | block=3 | n_kl=80 | epoch=21/1000 | objective=-10.120792 | rate=10.120792 | power=29.999945 | r_p=0.000000 | r_c=0.000000 | r_s=0.009311 | status=running
[UL Convergence] | phase=optimize | user=2 | block=3 | n_kl=80 | epoch=22/1000 | objective=-10.178370 | rate=10.178370 | power=29.999939 | r_p=0.000000 | r_c=0.000000 | r_s=0.009381 | status=running
[UL Convergence] | phase=optimize | user=2 | block=3 | n_kl=80 | epoch=23/1000 | objective=-10.236084 | rate=10.236084 | power=29.999939 | r_p=0.000000 | r_c=0.000000 | r_s=0.009450 | status=running
[UL Convergence] | phase=optimize | user=2 | block=3 | n_kl=80 | epoch=24/1000 | objective=-10.293818 | rate=10.293818 | power=29.999939 | r_p=0.000000 | r_c=0.000000 | r_s=0.009516 | status=running
[UL Convergence] | phase=optimize | user=2 | block=3 | n_kl=80 | epoch=25/1000 | objective=-10.351469 | rate=10.351469 | power=29.999935 | r_p=0.000000 | r_c=0.000000 | r_s=0.009575 | status=running
[UL Convergence] | phase=optimize | user=2 | block=3 | n_kl=80 | epoch=26/1000 | objective=-10.408883 | rate=10.408883 | power=29.999939 | r_p=0.000000 | r_c=0.000000 | r_s=0.009625 | status=running
[UL Convergence] | phase=optimize | user=2 | block=3 | n_kl=80 | epoch=27/1000 | objective=-10.465942 | rate=10.465942 | power=29.999939 | r_p=0.000000 | r_c=0.000000 | r_s=0.009666 | status=running
[UL Convergence] | phase=optimize | user=2 | block=3 | n_kl=80 | epoch=28/1000 | objective=-10.522491 | rate=10.522491 | power=29.999939 | r_p=0.000000 | r_c=0.000000 | r_s=0.009696 | status=running
[UL Convergence] | phase=optimize | user=2 | block=3 | n_kl=80 | epoch=29/1000 | objective=-10.578403 | rate=10.578403 | power=29.999939 | r_p=0.000000 | r_c=0.000000 | r_s=0.009716 | status=running
[UL Convergence] | phase=optimize | user=2 | block=3 | n_kl=80 | epoch=30/1000 | objective=-10.633533 | rate=10.633533 | power=29.999939 | r_p=0.000000 | r_c=0.000000 | r_s=0.009725 | status=running
[UL Convergence] | phase=optimize | user=2 | block=3 | n_kl=80 | epoch=31/1000 | objective=-10.687774 | rate=10.687774 | power=29.999939 | r_p=0.000000 | r_c=0.000000 | r_s=0.009723 | status=running
[UL Convergence] | phase=optimize | user=2 | block=3 | n_kl=80 | epoch=32/1000 | objective=-10.740987 | rate=10.740987 | power=29.999939 | r_p=0.000000 | r_c=0.000000 | r_s=0.009710 | status=running
[UL Convergence] | phase=optimize | user=2 | block=3 | n_kl=80 | epoch=33/1000 | objective=-10.793079 | rate=10.793079 | power=29.999939 | r_p=0.000000 | r_c=0.000000 | r_s=0.009685 | status=running
[UL Convergence] | phase=optimize | user=2 | block=3 | n_kl=80 | epoch=34/1000 | objective=-10.843958 | rate=10.843958 | power=29.999939 | r_p=0.000000 | r_c=0.000000 | r_s=0.009650 | status=running
[UL Convergence] | phase=optimize | user=2 | block=3 | n_kl=80 | epoch=35/1000 | objective=-10.893544 | rate=10.893544 | power=29.999939 | r_p=0.000000 | r_c=0.000000 | r_s=0.009603 | status=running
[UL Convergence] | phase=optimize | user=2 | block=3 | n_kl=80 | epoch=36/1000 | objective=-10.941753 | rate=10.941753 | power=29.999939 | r_p=0.000000 | r_c=0.000000 | r_s=0.009546 | status=running
[UL Convergence] | phase=optimize | user=2 | block=3 | n_kl=80 | epoch=37/1000 | objective=-10.988543 | rate=10.988543 | power=29.999939 | r_p=0.000000 | r_c=0.000000 | r_s=0.009477 | status=running
[UL Convergence] | phase=optimize | user=2 | block=3 | n_kl=80 | epoch=38/1000 | objective=-11.033854 | rate=11.033854 | power=29.999939 | r_p=0.000000 | r_c=0.000000 | r_s=0.009398 | status=running
[UL Convergence] | phase=optimize | user=2 | block=3 | n_kl=80 | epoch=39/1000 | objective=-11.077673 | rate=11.077673 | power=29.999939 | r_p=0.000000 | r_c=0.000000 | r_s=0.009308 | status=running
[UL Convergence] | phase=optimize | user=2 | block=3 | n_kl=80 | epoch=40/1000 | objective=-11.119959 | rate=11.119959 | power=29.999939 | r_p=0.000000 | r_c=0.000000 | r_s=0.009209 | status=running
[UL Convergence] | phase=optimize | user=2 | block=3 | n_kl=80 | epoch=41/1000 | objective=-11.160709 | rate=11.160709 | power=29.999935 | r_p=0.000000 | r_c=0.000000 | r_s=0.009101 | status=running
[UL Convergence] | phase=optimize | user=2 | block=3 | n_kl=80 | epoch=42/1000 | objective=-11.199921 | rate=11.199921 | power=29.999939 | r_p=0.000000 | r_c=0.000000 | r_s=0.008984 | status=running
[UL Convergence] | phase=optimize | user=2 | block=3 | n_kl=80 | epoch=43/1000 | objective=-11.237595 | rate=11.237595 | power=29.999939 | r_p=0.000000 | r_c=0.000000 | r_s=0.008859 | status=running
[UL Convergence] | phase=optimize | user=2 | block=3 | n_kl=80 | epoch=44/1000 | objective=-11.273747 | rate=11.273747 | power=29.999939 | r_p=0.000000 | r_c=0.000000 | r_s=0.008726 | status=running
[UL Convergence] | phase=optimize | user=2 | block=3 | n_kl=80 | epoch=45/1000 | objective=-11.308410 | rate=11.308410 | power=29.999935 | r_p=0.000000 | r_c=0.000000 | r_s=0.008588 | status=running
[UL Convergence] | phase=optimize | user=2 | block=3 | n_kl=80 | epoch=46/1000 | objective=-11.341589 | rate=11.341589 | power=29.999939 | r_p=0.000000 | r_c=0.000000 | r_s=0.008443 | status=running
[UL Convergence] | phase=optimize | user=2 | block=3 | n_kl=80 | epoch=47/1000 | objective=-11.373325 | rate=11.373325 | power=29.999929 | r_p=0.000000 | r_c=0.000000 | r_s=0.008294 | status=running
[UL Convergence] | phase=optimize | user=2 | block=3 | n_kl=80 | epoch=48/1000 | objective=-11.403663 | rate=11.403663 | power=29.999935 | r_p=0.000000 | r_c=0.000000 | r_s=0.008141 | status=running
[UL Convergence] | phase=optimize | user=2 | block=3 | n_kl=80 | epoch=49/1000 | objective=-11.432628 | rate=11.432628 | power=29.999935 | r_p=0.000000 | r_c=0.000000 | r_s=0.007984 | status=running
[UL Convergence] | phase=optimize | user=2 | block=3 | n_kl=80 | epoch=50/1000 | objective=-11.460268 | rate=11.460268 | power=29.999939 | r_p=0.000000 | r_c=0.000000 | r_s=0.007824 | status=running
[UL Convergence] | phase=optimize | user=2 | block=3 | n_kl=80 | epoch=51/1000 | objective=-11.486612 | rate=11.486612 | power=29.999935 | r_p=0.000000 | r_c=0.000000 | r_s=0.007662 | status=running
[UL Convergence] | phase=optimize | user=2 | block=3 | n_kl=80 | epoch=52/1000 | objective=-11.511722 | rate=11.511722 | power=29.999939 | r_p=0.000000 | r_c=0.000000 | r_s=0.007498 | status=running
[UL Convergence] | phase=optimize | user=2 | block=3 | n_kl=80 | epoch=53/1000 | objective=-11.535637 | rate=11.535637 | power=29.999935 | r_p=0.000000 | r_c=0.000000 | r_s=0.007333 | status=running
[UL Convergence] | phase=optimize | user=2 | block=3 | n_kl=80 | epoch=54/1000 | objective=-11.558402 | rate=11.558402 | power=29.999939 | r_p=0.000000 | r_c=0.000000 | r_s=0.007168 | status=running
[UL Convergence] | phase=optimize | user=2 | block=3 | n_kl=80 | epoch=55/1000 | objective=-11.580062 | rate=11.580062 | power=29.999935 | r_p=0.000000 | r_c=0.000000 | r_s=0.007002 | status=running
[UL Convergence] | phase=optimize | user=2 | block=3 | n_kl=80 | epoch=56/1000 | objective=-11.600665 | rate=11.600665 | power=29.999939 | r_p=0.000000 | r_c=0.000000 | r_s=0.006837 | status=running
[UL Convergence] | phase=optimize | user=2 | block=3 | n_kl=80 | epoch=57/1000 | objective=-11.620252 | rate=11.620252 | power=29.999939 | r_p=0.000000 | r_c=0.000000 | r_s=0.006672 | status=running
[UL Convergence] | phase=optimize | user=2 | block=3 | n_kl=80 | epoch=58/1000 | objective=-11.638879 | rate=11.638879 | power=29.999939 | r_p=0.000000 | r_c=0.000000 | r_s=0.006509 | status=running
[UL Convergence] | phase=optimize | user=2 | block=3 | n_kl=80 | epoch=59/1000 | objective=-11.656572 | rate=11.656572 | power=29.999939 | r_p=0.000000 | r_c=0.000000 | r_s=0.006348 | status=running
[UL Convergence] | phase=optimize | user=2 | block=3 | n_kl=80 | epoch=60/1000 | objective=-11.673389 | rate=11.673389 | power=29.999939 | r_p=0.000000 | r_c=0.000000 | r_s=0.006188 | status=running
[UL Convergence] | phase=optimize | user=2 | block=3 | n_kl=80 | epoch=61/1000 | objective=-11.689361 | rate=11.689361 | power=29.999939 | r_p=0.000000 | r_c=0.000000 | r_s=0.006031 | status=running
[UL Convergence] | phase=optimize | user=2 | block=3 | n_kl=80 | epoch=62/1000 | objective=-11.704538 | rate=11.704538 | power=29.999939 | r_p=0.000000 | r_c=0.000000 | r_s=0.005877 | status=running
[UL Convergence] | phase=optimize | user=2 | block=3 | n_kl=80 | epoch=63/1000 | objective=-11.718957 | rate=11.718957 | power=29.999935 | r_p=0.000000 | r_c=0.000000 | r_s=0.005725 | status=running
[UL Convergence] | phase=optimize | user=2 | block=3 | n_kl=80 | epoch=64/1000 | objective=-11.732641 | rate=11.732641 | power=29.999939 | r_p=0.000000 | r_c=0.000000 | r_s=0.005578 | status=running
[UL Convergence] | phase=optimize | user=2 | block=3 | n_kl=80 | epoch=65/1000 | objective=-11.745645 | rate=11.745645 | power=29.999935 | r_p=0.000000 | r_c=0.000000 | r_s=0.005434 | status=running
[UL Convergence] | phase=optimize | user=2 | block=3 | n_kl=80 | epoch=66/1000 | objective=-11.757996 | rate=11.757996 | power=29.999939 | r_p=0.000000 | r_c=0.000000 | r_s=0.005294 | status=running
[UL Convergence] | phase=optimize | user=2 | block=3 | n_kl=80 | epoch=67/1000 | objective=-11.769721 | rate=11.769721 | power=29.999939 | r_p=0.000000 | r_c=0.000000 | r_s=0.005159 | status=running
[UL Convergence] | phase=optimize | user=2 | block=3 | n_kl=80 | epoch=68/1000 | objective=-11.780854 | rate=11.780854 | power=29.999939 | r_p=0.000000 | r_c=0.000000 | r_s=0.005028 | status=running
[UL Convergence] | phase=optimize | user=2 | block=3 | n_kl=80 | epoch=69/1000 | objective=-11.791430 | rate=11.791430 | power=29.999939 | r_p=0.000000 | r_c=0.000000 | r_s=0.004901 | status=running
[UL Convergence] | phase=optimize | user=2 | block=3 | n_kl=80 | epoch=70/1000 | objective=-11.801462 | rate=11.801462 | power=29.999939 | r_p=0.000000 | r_c=0.000000 | r_s=0.004779 | status=running
[UL Convergence] | phase=optimize | user=2 | block=3 | n_kl=80 | epoch=71/1000 | objective=-11.810987 | rate=11.810987 | power=29.999945 | r_p=0.000000 | r_c=0.000000 | r_s=0.004662 | status=running
[UL Convergence] | phase=optimize | user=2 | block=3 | n_kl=80 | epoch=72/1000 | objective=-11.820028 | rate=11.820028 | power=29.999935 | r_p=0.000000 | r_c=0.000000 | r_s=0.004548 | status=running
[UL Convergence] | phase=optimize | user=2 | block=3 | n_kl=80 | epoch=73/1000 | objective=-11.828608 | rate=11.828608 | power=29.999945 | r_p=0.000000 | r_c=0.000000 | r_s=0.004439 | status=running
[UL Convergence] | phase=optimize | user=2 | block=3 | n_kl=80 | epoch=74/1000 | objective=-11.836744 | rate=11.836744 | power=29.999935 | r_p=0.000000 | r_c=0.000000 | r_s=0.004334 | status=running
[UL Convergence] | phase=optimize | user=2 | block=3 | n_kl=80 | epoch=75/1000 | objective=-11.844458 | rate=11.844458 | power=29.999939 | r_p=0.000000 | r_c=0.000000 | r_s=0.004232 | status=running
[UL Convergence] | phase=optimize | user=2 | block=3 | n_kl=80 | epoch=76/1000 | objective=-11.851770 | rate=11.851770 | power=29.999935 | r_p=0.000000 | r_c=0.000000 | r_s=0.004134 | status=running
[UL Convergence] | phase=optimize | user=2 | block=3 | n_kl=80 | epoch=77/1000 | objective=-11.858699 | rate=11.858699 | power=29.999935 | r_p=0.000000 | r_c=0.000000 | r_s=0.004038 | status=running
[UL Convergence] | phase=optimize | user=2 | block=3 | n_kl=80 | epoch=78/1000 | objective=-11.865262 | rate=11.865262 | power=29.999935 | r_p=0.000000 | r_c=0.000000 | r_s=0.003946 | status=running
[UL Convergence] | phase=optimize | user=2 | block=3 | n_kl=80 | epoch=79/1000 | objective=-11.871472 | rate=11.871472 | power=29.999935 | r_p=0.000000 | r_c=0.000000 | r_s=0.003856 | status=running
[UL Convergence] | phase=optimize | user=2 | block=3 | n_kl=80 | epoch=80/1000 | objective=-11.877352 | rate=11.877352 | power=29.999935 | r_p=0.000000 | r_c=0.000000 | r_s=0.003767 | status=running
[UL Convergence] | phase=optimize | user=2 | block=3 | n_kl=80 | epoch=81/1000 | objective=-11.882904 | rate=11.882904 | power=29.999939 | r_p=0.000000 | r_c=0.000000 | r_s=0.003681 | status=running
[UL Convergence] | phase=optimize | user=2 | block=3 | n_kl=80 | epoch=82/1000 | objective=-11.888149 | rate=11.888149 | power=29.999939 | r_p=0.000000 | r_c=0.000000 | r_s=0.003596 | status=running
[UL Convergence] | phase=optimize | user=2 | block=3 | n_kl=80 | epoch=83/1000 | objective=-11.893106 | rate=11.893106 | power=29.999945 | r_p=0.000000 | r_c=0.000000 | r_s=0.003513 | status=running
[UL Convergence] | phase=optimize | user=2 | block=3 | n_kl=80 | epoch=84/1000 | objective=-11.897788 | rate=11.897788 | power=29.999945 | r_p=0.000000 | r_c=0.000000 | r_s=0.003430 | status=running
[UL Convergence] | phase=optimize | user=2 | block=3 | n_kl=80 | epoch=85/1000 | objective=-11.902195 | rate=11.902195 | power=29.999945 | r_p=0.000000 | r_c=0.000000 | r_s=0.003349 | status=running
[UL Convergence] | phase=optimize | user=2 | block=3 | n_kl=80 | epoch=86/1000 | objective=-11.906355 | rate=11.906355 | power=29.999939 | r_p=0.000000 | r_c=0.000000 | r_s=0.003268 | status=running
[UL Convergence] | phase=optimize | user=2 | block=3 | n_kl=80 | epoch=87/1000 | objective=-11.910276 | rate=11.910276 | power=29.999945 | r_p=0.000000 | r_c=0.000000 | r_s=0.003188 | status=running
[UL Convergence] | phase=optimize | user=2 | block=3 | n_kl=80 | epoch=88/1000 | objective=-11.913961 | rate=11.913961 | power=29.999945 | r_p=0.000000 | r_c=0.000000 | r_s=0.003109 | status=running
[UL Convergence] | phase=optimize | user=2 | block=3 | n_kl=80 | epoch=89/1000 | objective=-11.917430 | rate=11.917430 | power=29.999945 | r_p=0.000000 | r_c=0.000000 | r_s=0.003030 | status=running
[UL Convergence] | phase=optimize | user=2 | block=3 | n_kl=80 | epoch=90/1000 | objective=-11.920693 | rate=11.920693 | power=29.999939 | r_p=0.000000 | r_c=0.000000 | r_s=0.002952 | status=running
[UL Convergence] | phase=optimize | user=2 | block=3 | n_kl=80 | epoch=91/1000 | objective=-11.923759 | rate=11.923759 | power=29.999945 | r_p=0.000000 | r_c=0.000000 | r_s=0.002875 | status=running
[UL Convergence] | phase=optimize | user=2 | block=3 | n_kl=80 | epoch=92/1000 | objective=-11.926643 | rate=11.926643 | power=29.999939 | r_p=0.000000 | r_c=0.000000 | r_s=0.002799 | status=running
[UL Convergence] | phase=optimize | user=2 | block=3 | n_kl=80 | epoch=93/1000 | objective=-11.929346 | rate=11.929346 | power=29.999945 | r_p=0.000000 | r_c=0.000000 | r_s=0.002723 | status=running
[UL Convergence] | phase=optimize | user=2 | block=3 | n_kl=80 | epoch=94/1000 | objective=-11.931882 | rate=11.931882 | power=29.999939 | r_p=0.000000 | r_c=0.000000 | r_s=0.002649 | status=running
[UL Convergence] | phase=optimize | user=2 | block=3 | n_kl=80 | epoch=95/1000 | objective=-11.934259 | rate=11.934259 | power=29.999945 | r_p=0.000000 | r_c=0.000000 | r_s=0.002575 | status=running
[UL Convergence] | phase=optimize | user=2 | block=3 | n_kl=80 | epoch=96/1000 | objective=-11.936491 | rate=11.936491 | power=29.999939 | r_p=0.000000 | r_c=0.000000 | r_s=0.002503 | status=running
[UL Convergence] | phase=optimize | user=2 | block=3 | n_kl=80 | epoch=97/1000 | objective=-11.938582 | rate=11.938582 | power=29.999945 | r_p=0.000000 | r_c=0.000000 | r_s=0.002432 | status=running
[UL Convergence] | phase=optimize | user=2 | block=3 | n_kl=80 | epoch=98/1000 | objective=-11.940537 | rate=11.940537 | power=29.999939 | r_p=0.000000 | r_c=0.000000 | r_s=0.002363 | status=running
[UL Convergence] | phase=optimize | user=2 | block=3 | n_kl=80 | epoch=99/1000 | objective=-11.942370 | rate=11.942370 | power=29.999945 | r_p=0.000000 | r_c=0.000000 | r_s=0.002295 | status=running
[UL Convergence] | phase=optimize | user=2 | block=3 | n_kl=80 | epoch=100/1000 | objective=-11.944086 | rate=11.944086 | power=29.999945 | r_p=0.000000 | r_c=0.000000 | r_s=0.002228 | status=running
[UL Convergence] | phase=optimize | user=2 | block=3 | n_kl=80 | epoch=101/1000 | objective=-11.945690 | rate=11.945690 | power=29.999939 | r_p=0.000000 | r_c=0.000000 | r_s=0.002163 | status=running
[UL Convergence] | phase=optimize | user=2 | block=3 | n_kl=80 | epoch=102/1000 | objective=-11.947188 | rate=11.947188 | power=29.999935 | r_p=0.000000 | r_c=0.000000 | r_s=0.002100 | status=running
[UL Convergence] | phase=optimize | user=2 | block=3 | n_kl=80 | epoch=103/1000 | objective=-11.948591 | rate=11.948591 | power=29.999945 | r_p=0.000000 | r_c=0.000000 | r_s=0.002038 | status=running
[UL Convergence] | phase=optimize | user=2 | block=3 | n_kl=80 | epoch=104/1000 | objective=-11.949896 | rate=11.949896 | power=29.999945 | r_p=0.000000 | r_c=0.000000 | r_s=0.001978 | status=running
[UL Convergence] | phase=optimize | user=2 | block=3 | n_kl=80 | epoch=105/1000 | objective=-11.951121 | rate=11.951121 | power=29.999939 | r_p=0.000000 | r_c=0.000000 | r_s=0.001919 | status=running
[UL Convergence] | phase=optimize | user=2 | block=3 | n_kl=80 | epoch=106/1000 | objective=-11.952255 | rate=11.952255 | power=29.999945 | r_p=0.000000 | r_c=0.000000 | r_s=0.001861 | status=running
[UL Convergence] | phase=optimize | user=2 | block=3 | n_kl=80 | epoch=107/1000 | objective=-11.953321 | rate=11.953321 | power=29.999939 | r_p=0.000000 | r_c=0.000000 | r_s=0.001805 | status=running
[UL Convergence] | phase=optimize | user=2 | block=3 | n_kl=80 | epoch=108/1000 | objective=-11.954310 | rate=11.954310 | power=29.999945 | r_p=0.000000 | r_c=0.000000 | r_s=0.001751 | status=running
[UL Convergence] | phase=optimize | user=2 | block=3 | n_kl=80 | epoch=109/1000 | objective=-11.955235 | rate=11.955235 | power=29.999939 | r_p=0.000000 | r_c=0.000000 | r_s=0.001698 | status=running
[UL Convergence] | phase=optimize | user=2 | block=3 | n_kl=80 | epoch=110/1000 | objective=-11.956100 | rate=11.956100 | power=29.999939 | r_p=0.000000 | r_c=0.000000 | r_s=0.001646 | status=running
[UL Convergence] | phase=optimize | user=2 | block=3 | n_kl=80 | epoch=111/1000 | objective=-11.956895 | rate=11.956895 | power=29.999945 | r_p=0.000000 | r_c=0.000000 | r_s=0.001595 | status=running
[UL Convergence] | phase=optimize | user=2 | block=3 | n_kl=80 | epoch=112/1000 | objective=-11.957634 | rate=11.957634 | power=29.999945 | r_p=0.000000 | r_c=0.000000 | r_s=0.001545 | status=running
[UL Convergence] | phase=optimize | user=2 | block=3 | n_kl=80 | epoch=113/1000 | objective=-11.958327 | rate=11.958327 | power=29.999950 | r_p=0.000000 | r_c=0.000000 | r_s=0.001497 | status=running
[UL Convergence] | phase=optimize | user=2 | block=3 | n_kl=80 | epoch=114/1000 | objective=-11.958963 | rate=11.958963 | power=29.999939 | r_p=0.000000 | r_c=0.000000 | r_s=0.001450 | status=running
[UL Convergence] | phase=optimize | user=2 | block=3 | n_kl=80 | epoch=115/1000 | objective=-11.959557 | rate=11.959557 | power=29.999945 | r_p=0.000000 | r_c=0.000000 | r_s=0.001404 | status=running
[UL Convergence] | phase=optimize | user=2 | block=3 | n_kl=80 | epoch=116/1000 | objective=-11.960110 | rate=11.960110 | power=29.999939 | r_p=0.000000 | r_c=0.000000 | r_s=0.001359 | status=running
[UL Convergence] | phase=optimize | user=2 | block=3 | n_kl=80 | epoch=117/1000 | objective=-11.960624 | rate=11.960624 | power=29.999939 | r_p=0.000000 | r_c=0.000000 | r_s=0.001315 | status=running
[UL Convergence] | phase=optimize | user=2 | block=3 | n_kl=80 | epoch=118/1000 | objective=-11.961090 | rate=11.961090 | power=29.999945 | r_p=0.000000 | r_c=0.000000 | r_s=0.001272 | status=running
[UL Convergence] | phase=optimize | user=2 | block=3 | n_kl=80 | epoch=119/1000 | objective=-11.961529 | rate=11.961529 | power=29.999945 | r_p=0.000000 | r_c=0.000000 | r_s=0.001229 | status=running
[UL Convergence] | phase=optimize | user=2 | block=3 | n_kl=80 | epoch=120/1000 | objective=-11.961934 | rate=11.961934 | power=29.999939 | r_p=0.000000 | r_c=0.000000 | r_s=0.001188 | status=running
[UL Convergence] | phase=optimize | user=2 | block=3 | n_kl=80 | epoch=121/1000 | objective=-11.962307 | rate=11.962307 | power=29.999939 | r_p=0.000000 | r_c=0.000000 | r_s=0.001148 | status=running
[UL Convergence] | phase=optimize | user=2 | block=3 | n_kl=80 | epoch=122/1000 | objective=-11.962647 | rate=11.962647 | power=29.999939 | r_p=0.000000 | r_c=0.000000 | r_s=0.001109 | status=running
[UL Convergence] | phase=optimize | user=2 | block=3 | n_kl=80 | epoch=123/1000 | objective=-11.962968 | rate=11.962968 | power=29.999945 | r_p=0.000000 | r_c=0.000000 | r_s=0.001070 | status=running
[UL Convergence] | phase=optimize | user=2 | block=3 | n_kl=80 | epoch=124/1000 | objective=-11.963264 | rate=11.963264 | power=29.999945 | r_p=0.000000 | r_c=0.000000 | r_s=0.001033 | status=running
[UL Convergence] | phase=optimize | user=2 | block=3 | n_kl=80 | epoch=125/1000 | objective=-11.963531 | rate=11.963531 | power=29.999935 | r_p=0.000000 | r_c=0.000000 | r_s=9.964573e-04 | status=running
[UL Convergence] | phase=optimize | user=2 | block=3 | n_kl=80 | epoch=126/1000 | objective=-11.963785 | rate=11.963785 | power=29.999939 | r_p=0.000000 | r_c=0.000000 | r_s=9.607931e-04 | status=running
[UL Convergence] | phase=optimize | user=2 | block=3 | n_kl=80 | epoch=127/1000 | objective=-11.964007 | rate=11.964007 | power=29.999945 | r_p=0.000000 | r_c=0.000000 | r_s=9.259993e-04 | status=running
[UL Convergence] | phase=optimize | user=2 | block=3 | n_kl=80 | epoch=128/1000 | objective=-11.964221 | rate=11.964221 | power=29.999945 | r_p=0.000000 | r_c=0.000000 | r_s=8.921006e-04 | status=running
[UL Convergence] | phase=optimize | user=2 | block=3 | n_kl=80 | epoch=129/1000 | objective=-11.964413 | rate=11.964413 | power=29.999939 | r_p=0.000000 | r_c=0.000000 | r_s=8.590464e-04 | status=running
[UL Convergence] | phase=optimize | user=2 | block=3 | n_kl=80 | epoch=130/1000 | objective=-11.964584 | rate=11.964584 | power=29.999939 | r_p=0.000000 | r_c=0.000000 | r_s=8.268417e-04 | status=running
[UL Convergence] | phase=optimize | user=2 | block=3 | n_kl=80 | epoch=131/1000 | objective=-11.964748 | rate=11.964748 | power=29.999939 | r_p=0.000000 | r_c=0.000000 | r_s=7.954979e-04 | status=running
[UL Convergence] | phase=optimize | user=2 | block=3 | n_kl=80 | epoch=132/1000 | objective=-11.964896 | rate=11.964896 | power=29.999939 | r_p=0.000000 | r_c=0.000000 | r_s=7.649793e-04 | status=running
[UL Convergence] | phase=optimize | user=2 | block=3 | n_kl=80 | epoch=133/1000 | objective=-11.965038 | rate=11.965038 | power=29.999939 | r_p=0.000000 | r_c=0.000000 | r_s=7.353123e-04 | status=running
[UL Convergence] | phase=optimize | user=2 | block=3 | n_kl=80 | epoch=134/1000 | objective=-11.965158 | rate=11.965158 | power=29.999945 | r_p=0.000000 | r_c=0.000000 | r_s=7.064762e-04 | status=running
[UL Convergence] | phase=optimize | user=2 | block=3 | n_kl=80 | epoch=135/1000 | objective=-11.965277 | rate=11.965277 | power=29.999939 | r_p=0.000000 | r_c=0.000000 | r_s=6.784162e-04 | status=running
[UL Convergence] | phase=optimize | user=2 | block=3 | n_kl=80 | epoch=136/1000 | objective=-11.965377 | rate=11.965377 | power=29.999945 | r_p=0.000000 | r_c=0.000000 | r_s=6.512190e-04 | status=running
[UL Convergence] | phase=optimize | user=2 | block=3 | n_kl=80 | epoch=137/1000 | objective=-11.965471 | rate=11.965471 | power=29.999939 | r_p=0.000000 | r_c=0.000000 | r_s=6.247940e-04 | status=running
[UL Convergence] | phase=optimize | user=2 | block=3 | n_kl=80 | epoch=138/1000 | objective=-11.965562 | rate=11.965562 | power=29.999939 | r_p=0.000000 | r_c=0.000000 | r_s=5.991990e-04 | status=kkt_converged
[UL Convergence Result] | user=2 | block=3 | n_kl=80 | achieved_rate=11.965562 | power=29.999939 | rate_gap=-4.465562 | power_gap=-6.103516e-05 | solve_status=kkt_converged
[UL Convergence Allocation] | user=2 | block=3 | n_kl=80 | requested_bits=600 | served_bits=600 | full_service=true
[UL Convergence Block] | user=2 | block=3 | stage=post_T | served_bits=600 | unserved_bits=0
[UL Convergence Reduction] | user=2 | block=3 | served_bits=600 | n_start=79 | n_min=1
[UL Convergence Solve] | user=2 | block=3 | stage=reduced_n | n_kl=79 | served_bits=600
[UL Convergence] | phase=optimize | user=2 | block=3 | n_kl=79 | epoch=1/1000 | objective=-11.952755 | rate=11.952755 | power=29.999939 | r_p=0.000000 | r_c=0.000000 | r_s=inf | status=running
[UL Convergence] | phase=optimize | user=2 | block=3 | n_kl=79 | epoch=2/1000 | objective=-11.952834 | rate=11.952834 | power=29.999935 | r_p=0.000000 | r_c=0.000000 | r_s=5.744529e-04 | status=kkt_converged
[UL Convergence Candidate] | user=2 | block=3 | n_kl=79 | achieved_rate=11.952834 | rate_gap=-4.357897 | power_gap=-6.484985e-05 | status=accepted
[UL Convergence Solve] | user=2 | block=3 | stage=reduced_n | n_kl=70 | served_bits=600
[UL Convergence] | phase=optimize | user=2 | block=3 | n_kl=70 | epoch=1/1000 | objective=-11.825919 | rate=11.825919 | power=29.999945 | r_p=0.000000 | r_c=0.000000 | r_s=inf | status=running
[UL Convergence] | phase=optimize | user=2 | block=3 | n_kl=70 | epoch=2/1000 | objective=-11.825955 | rate=11.825955 | power=29.999939 | r_p=0.000000 | r_c=0.000000 | r_s=3.885993e-04 | status=kkt_converged
[UL Convergence Candidate] | user=2 | block=3 | n_kl=70 | achieved_rate=11.825955 | rate_gap=-3.254527 | power_gap=-6.103516e-05 | status=accepted
[UL Convergence Solve] | user=2 | block=3 | stage=reduced_n | n_kl=60 | served_bits=600
[UL Convergence] | phase=optimize | user=2 | block=3 | n_kl=60 | epoch=1/1000 | objective=-11.652295 | rate=11.652295 | power=29.999939 | r_p=0.000000 | r_c=0.000000 | r_s=inf | status=running
[UL Convergence] | phase=optimize | user=2 | block=3 | n_kl=60 | epoch=2/1000 | objective=-11.652307 | rate=11.652307 | power=29.999939 | r_p=0.000000 | r_c=0.000000 | r_s=2.505488e-04 | status=kkt_converged
[UL Convergence Candidate] | user=2 | block=3 | n_kl=60 | achieved_rate=11.652307 | rate_gap=-1.652307 | power_gap=-6.103516e-05 | status=accepted
[UL Convergence Reduction] | user=2 | block=3 | n_kl=52 | status=stop_infeasible
[UL Convergence Final] | user=2 | block=3 | feasible_points=28 | chosen_n_kl=53 | served_bits=600 | achieved_rate=11.502405 | power=29.999939 | solve_status=kkt_converged
[UL Convergence Allocation] | user=2 | block=3 | chosen_n_kl=53 | served_bits=600 | unserved_bits=0 | mode=fixed_block_targets
[UL Convergence Train] | user=2 | block=4 | target_bits=600 | mode=fixed_block_targets
[UL Convergence Block] | user=2 | block=4 | budget_mode=target_bits | requested_bits=600
[UL Convergence Solve] | user=2 | block=4 | stage=n=T | n_kl=80 | requested_bits=600
[UL Convergence] | phase=optimize | user=2 | block=4 | n_kl=80 | epoch=1/1000 | objective=-8.696928 | rate=8.696928 | power=29.999935 | r_p=0.000000 | r_c=0.000000 | r_s=inf | status=running
[UL Convergence] | phase=optimize | user=2 | block=4 | n_kl=80 | epoch=2/1000 | objective=-8.744408 | rate=8.744408 | power=29.999939 | r_p=0.000000 | r_c=0.000000 | r_s=0.010033 | status=running
[UL Convergence] | phase=optimize | user=2 | block=4 | n_kl=80 | epoch=3/1000 | objective=-8.791548 | rate=8.791548 | power=29.999939 | r_p=0.000000 | r_c=0.000000 | r_s=0.009956 | status=running
[UL Convergence] | phase=optimize | user=2 | block=4 | n_kl=80 | epoch=4/1000 | objective=-8.838362 | rate=8.838362 | power=29.999939 | r_p=0.000000 | r_c=0.000000 | r_s=0.009919 | status=running
[UL Convergence] | phase=optimize | user=2 | block=4 | n_kl=80 | epoch=5/1000 | objective=-8.884869 | rate=8.884869 | power=29.999939 | r_p=0.000000 | r_c=0.000000 | r_s=0.009958 | status=running
[UL Convergence] | phase=optimize | user=2 | block=4 | n_kl=80 | epoch=6/1000 | objective=-8.931032 | rate=8.931032 | power=29.999935 | r_p=0.000000 | r_c=0.000000 | r_s=0.009975 | status=running
[UL Convergence] | phase=optimize | user=2 | block=4 | n_kl=80 | epoch=7/1000 | objective=-8.976781 | rate=8.976781 | power=29.999939 | r_p=0.000000 | r_c=0.000000 | r_s=0.009961 | status=running
[UL Convergence] | phase=optimize | user=2 | block=4 | n_kl=80 | epoch=8/1000 | objective=-9.022069 | rate=9.022069 | power=29.999935 | r_p=0.000000 | r_c=0.000000 | r_s=0.009924 | status=running
[UL Convergence] | phase=optimize | user=2 | block=4 | n_kl=80 | epoch=9/1000 | objective=-9.066860 | rate=9.066860 | power=29.999939 | r_p=0.000000 | r_c=0.000000 | r_s=0.009870 | status=running
[UL Convergence] | phase=optimize | user=2 | block=4 | n_kl=80 | epoch=10/1000 | objective=-9.111126 | rate=9.111126 | power=29.999939 | r_p=0.000000 | r_c=0.000000 | r_s=0.009800 | status=running
[UL Convergence] | phase=optimize | user=2 | block=4 | n_kl=80 | epoch=11/1000 | objective=-9.154844 | rate=9.154844 | power=29.999939 | r_p=0.000000 | r_c=0.000000 | r_s=0.009717 | status=running
[UL Convergence] | phase=optimize | user=2 | block=4 | n_kl=80 | epoch=12/1000 | objective=-9.198023 | rate=9.198023 | power=29.999935 | r_p=0.000000 | r_c=0.000000 | r_s=0.009625 | status=running
[UL Convergence] | phase=optimize | user=2 | block=4 | n_kl=80 | epoch=13/1000 | objective=-9.240662 | rate=9.240662 | power=29.999935 | r_p=0.000000 | r_c=0.000000 | r_s=0.009527 | status=running
[UL Convergence] | phase=optimize | user=2 | block=4 | n_kl=80 | epoch=14/1000 | objective=-9.282797 | rate=9.282797 | power=29.999939 | r_p=0.000000 | r_c=0.000000 | r_s=0.009428 | status=running
[UL Convergence] | phase=optimize | user=2 | block=4 | n_kl=80 | epoch=15/1000 | objective=-9.324458 | rate=9.324458 | power=29.999939 | r_p=0.000000 | r_c=0.000000 | r_s=0.009333 | status=running
[UL Convergence] | phase=optimize | user=2 | block=4 | n_kl=80 | epoch=16/1000 | objective=-9.365677 | rate=9.365677 | power=29.999935 | r_p=0.000000 | r_c=0.000000 | r_s=0.009245 | status=running
[UL Convergence] | phase=optimize | user=2 | block=4 | n_kl=80 | epoch=17/1000 | objective=-9.406474 | rate=9.406474 | power=29.999939 | r_p=0.000000 | r_c=0.000000 | r_s=0.009166 | status=running
[UL Convergence] | phase=optimize | user=2 | block=4 | n_kl=80 | epoch=18/1000 | objective=-9.446877 | rate=9.446877 | power=29.999935 | r_p=0.000000 | r_c=0.000000 | r_s=0.009097 | status=running
[UL Convergence] | phase=optimize | user=2 | block=4 | n_kl=80 | epoch=19/1000 | objective=-9.486898 | rate=9.486898 | power=29.999939 | r_p=0.000000 | r_c=0.000000 | r_s=0.009036 | status=running
[UL Convergence] | phase=optimize | user=2 | block=4 | n_kl=80 | epoch=20/1000 | objective=-9.526539 | rate=9.526539 | power=29.999939 | r_p=0.000000 | r_c=0.000000 | r_s=0.008982 | status=running
[UL Convergence] | phase=optimize | user=2 | block=4 | n_kl=80 | epoch=21/1000 | objective=-9.565790 | rate=9.565790 | power=29.999939 | r_p=0.000000 | r_c=0.000000 | r_s=0.008932 | status=running
[UL Convergence] | phase=optimize | user=2 | block=4 | n_kl=80 | epoch=22/1000 | objective=-9.604643 | rate=9.604643 | power=29.999939 | r_p=0.000000 | r_c=0.000000 | r_s=0.008884 | status=running
[UL Convergence] | phase=optimize | user=2 | block=4 | n_kl=80 | epoch=23/1000 | objective=-9.643082 | rate=9.643082 | power=29.999939 | r_p=0.000000 | r_c=0.000000 | r_s=0.008837 | status=running
[UL Convergence] | phase=optimize | user=2 | block=4 | n_kl=80 | epoch=24/1000 | objective=-9.681083 | rate=9.681083 | power=29.999939 | r_p=0.000000 | r_c=0.000000 | r_s=0.008791 | status=running
[UL Convergence] | phase=optimize | user=2 | block=4 | n_kl=80 | epoch=25/1000 | objective=-9.718626 | rate=9.718626 | power=29.999945 | r_p=0.000000 | r_c=0.000000 | r_s=0.008743 | status=running
[UL Convergence] | phase=optimize | user=2 | block=4 | n_kl=80 | epoch=26/1000 | objective=-9.755681 | rate=9.755681 | power=29.999939 | r_p=0.000000 | r_c=0.000000 | r_s=0.008696 | status=running
[UL Convergence] | phase=optimize | user=2 | block=4 | n_kl=80 | epoch=27/1000 | objective=-9.792233 | rate=9.792233 | power=29.999945 | r_p=0.000000 | r_c=0.000000 | r_s=0.008649 | status=running
[UL Convergence] | phase=optimize | user=2 | block=4 | n_kl=80 | epoch=28/1000 | objective=-9.828254 | rate=9.828254 | power=29.999945 | r_p=0.000000 | r_c=0.000000 | r_s=0.008602 | status=running
[UL Convergence] | phase=optimize | user=2 | block=4 | n_kl=80 | epoch=29/1000 | objective=-9.863701 | rate=9.863701 | power=29.999939 | r_p=0.000000 | r_c=0.000000 | r_s=0.008556 | status=running
[UL Convergence] | phase=optimize | user=2 | block=4 | n_kl=80 | epoch=30/1000 | objective=-9.898567 | rate=9.898567 | power=29.999945 | r_p=0.000000 | r_c=0.000000 | r_s=0.008511 | status=running
[UL Convergence] | phase=optimize | user=2 | block=4 | n_kl=80 | epoch=31/1000 | objective=-9.932823 | rate=9.932823 | power=29.999939 | r_p=0.000000 | r_c=0.000000 | r_s=0.008467 | status=running
[UL Convergence] | phase=optimize | user=2 | block=4 | n_kl=80 | epoch=32/1000 | objective=-9.966451 | rate=9.966451 | power=29.999939 | r_p=0.000000 | r_c=0.000000 | r_s=0.008424 | status=running
[UL Convergence] | phase=optimize | user=2 | block=4 | n_kl=80 | epoch=33/1000 | objective=-9.999408 | rate=9.999408 | power=29.999939 | r_p=0.000000 | r_c=0.000000 | r_s=0.008382 | status=running
[UL Convergence] | phase=optimize | user=2 | block=4 | n_kl=80 | epoch=34/1000 | objective=-10.031677 | rate=10.031677 | power=29.999939 | r_p=0.000000 | r_c=0.000000 | r_s=0.008340 | status=running
[UL Convergence] | phase=optimize | user=2 | block=4 | n_kl=80 | epoch=35/1000 | objective=-10.063235 | rate=10.063235 | power=29.999945 | r_p=0.000000 | r_c=0.000000 | r_s=0.008298 | status=running
[UL Convergence] | phase=optimize | user=2 | block=4 | n_kl=80 | epoch=36/1000 | objective=-10.094066 | rate=10.094066 | power=29.999939 | r_p=0.000000 | r_c=0.000000 | r_s=0.008254 | status=running
[UL Convergence] | phase=optimize | user=2 | block=4 | n_kl=80 | epoch=37/1000 | objective=-10.124148 | rate=10.124148 | power=29.999945 | r_p=0.000000 | r_c=0.000000 | r_s=0.008208 | status=running
[UL Convergence] | phase=optimize | user=2 | block=4 | n_kl=80 | epoch=38/1000 | objective=-10.153454 | rate=10.153454 | power=29.999939 | r_p=0.000000 | r_c=0.000000 | r_s=0.008160 | status=running
[UL Convergence] | phase=optimize | user=2 | block=4 | n_kl=80 | epoch=39/1000 | objective=-10.181966 | rate=10.181966 | power=29.999939 | r_p=0.000000 | r_c=0.000000 | r_s=0.008108 | status=running
[UL Convergence] | phase=optimize | user=2 | block=4 | n_kl=80 | epoch=40/1000 | objective=-10.209684 | rate=10.209684 | power=29.999939 | r_p=0.000000 | r_c=0.000000 | r_s=0.008054 | status=running
[UL Convergence] | phase=optimize | user=2 | block=4 | n_kl=80 | epoch=41/1000 | objective=-10.236583 | rate=10.236583 | power=29.999939 | r_p=0.000000 | r_c=0.000000 | r_s=0.007995 | status=running
[UL Convergence] | phase=optimize | user=2 | block=4 | n_kl=80 | epoch=42/1000 | objective=-10.262650 | rate=10.262650 | power=29.999939 | r_p=0.000000 | r_c=0.000000 | r_s=0.007933 | status=running
[UL Convergence] | phase=optimize | user=2 | block=4 | n_kl=80 | epoch=43/1000 | objective=-10.287880 | rate=10.287880 | power=29.999939 | r_p=0.000000 | r_c=0.000000 | r_s=0.007867 | status=running
[UL Convergence] | phase=optimize | user=2 | block=4 | n_kl=80 | epoch=44/1000 | objective=-10.312281 | rate=10.312281 | power=29.999939 | r_p=0.000000 | r_c=0.000000 | r_s=0.007796 | status=running
[UL Convergence] | phase=optimize | user=2 | block=4 | n_kl=80 | epoch=45/1000 | objective=-10.335834 | rate=10.335834 | power=29.999939 | r_p=0.000000 | r_c=0.000000 | r_s=0.007722 | status=running
[UL Convergence] | phase=optimize | user=2 | block=4 | n_kl=80 | epoch=46/1000 | objective=-10.358540 | rate=10.358540 | power=29.999939 | r_p=0.000000 | r_c=0.000000 | r_s=0.007645 | status=running
[UL Convergence] | phase=optimize | user=2 | block=4 | n_kl=80 | epoch=47/1000 | objective=-10.380405 | rate=10.380405 | power=29.999945 | r_p=0.000000 | r_c=0.000000 | r_s=0.007564 | status=running
[UL Convergence] | phase=optimize | user=2 | block=4 | n_kl=80 | epoch=48/1000 | objective=-10.401434 | rate=10.401434 | power=29.999939 | r_p=0.000000 | r_c=0.000000 | r_s=0.007479 | status=running
[UL Convergence] | phase=optimize | user=2 | block=4 | n_kl=80 | epoch=49/1000 | objective=-10.421621 | rate=10.421621 | power=29.999945 | r_p=0.000000 | r_c=0.000000 | r_s=0.007391 | status=running
[UL Convergence] | phase=optimize | user=2 | block=4 | n_kl=80 | epoch=50/1000 | objective=-10.440990 | rate=10.440990 | power=29.999945 | r_p=0.000000 | r_c=0.000000 | r_s=0.007300 | status=running
[UL Convergence] | phase=optimize | user=2 | block=4 | n_kl=80 | epoch=51/1000 | objective=-10.459533 | rate=10.459533 | power=29.999945 | r_p=0.000000 | r_c=0.000000 | r_s=0.007205 | status=running
[UL Convergence] | phase=optimize | user=2 | block=4 | n_kl=80 | epoch=52/1000 | objective=-10.477268 | rate=10.477268 | power=29.999939 | r_p=0.000000 | r_c=0.000000 | r_s=0.007108 | status=running
[UL Convergence] | phase=optimize | user=2 | block=4 | n_kl=80 | epoch=53/1000 | objective=-10.494200 | rate=10.494200 | power=29.999945 | r_p=0.000000 | r_c=0.000000 | r_s=0.007008 | status=running
[UL Convergence] | phase=optimize | user=2 | block=4 | n_kl=80 | epoch=54/1000 | objective=-10.510344 | rate=10.510344 | power=29.999939 | r_p=0.000000 | r_c=0.000000 | r_s=0.006905 | status=running
[UL Convergence] | phase=optimize | user=2 | block=4 | n_kl=80 | epoch=55/1000 | objective=-10.525719 | rate=10.525719 | power=29.999935 | r_p=0.000000 | r_c=0.000000 | r_s=0.006799 | status=running
[UL Convergence] | phase=optimize | user=2 | block=4 | n_kl=80 | epoch=56/1000 | objective=-10.540339 | rate=10.540339 | power=29.999939 | r_p=0.000000 | r_c=0.000000 | r_s=0.006690 | status=running
[UL Convergence] | phase=optimize | user=2 | block=4 | n_kl=80 | epoch=57/1000 | objective=-10.554215 | rate=10.554215 | power=29.999935 | r_p=0.000000 | r_c=0.000000 | r_s=0.006578 | status=running
[UL Convergence] | phase=optimize | user=2 | block=4 | n_kl=80 | epoch=58/1000 | objective=-10.567368 | rate=10.567368 | power=29.999939 | r_p=0.000000 | r_c=0.000000 | r_s=0.006463 | status=running
[UL Convergence] | phase=optimize | user=2 | block=4 | n_kl=80 | epoch=59/1000 | objective=-10.579808 | rate=10.579808 | power=29.999939 | r_p=0.000000 | r_c=0.000000 | r_s=0.006345 | status=running
[UL Convergence] | phase=optimize | user=2 | block=4 | n_kl=80 | epoch=60/1000 | objective=-10.591570 | rate=10.591570 | power=29.999939 | r_p=0.000000 | r_c=0.000000 | r_s=0.006225 | status=running
[UL Convergence] | phase=optimize | user=2 | block=4 | n_kl=80 | epoch=61/1000 | objective=-10.602656 | rate=10.602656 | power=29.999939 | r_p=0.000000 | r_c=0.000000 | r_s=0.006102 | status=running
[UL Convergence] | phase=optimize | user=2 | block=4 | n_kl=80 | epoch=62/1000 | objective=-10.613104 | rate=10.613104 | power=29.999945 | r_p=0.000000 | r_c=0.000000 | r_s=0.005976 | status=running
[UL Convergence] | phase=optimize | user=2 | block=4 | n_kl=80 | epoch=63/1000 | objective=-10.622928 | rate=10.622928 | power=29.999945 | r_p=0.000000 | r_c=0.000000 | r_s=0.005848 | status=running
[UL Convergence] | phase=optimize | user=2 | block=4 | n_kl=80 | epoch=64/1000 | objective=-10.632151 | rate=10.632151 | power=29.999945 | r_p=0.000000 | r_c=0.000000 | r_s=0.005718 | status=running
[UL Convergence] | phase=optimize | user=2 | block=4 | n_kl=80 | epoch=65/1000 | objective=-10.640789 | rate=10.640789 | power=29.999939 | r_p=0.000000 | r_c=0.000000 | r_s=0.005585 | status=running
[UL Convergence] | phase=optimize | user=2 | block=4 | n_kl=80 | epoch=66/1000 | objective=-10.648874 | rate=10.648874 | power=29.999939 | r_p=0.000000 | r_c=0.000000 | r_s=0.005451 | status=running
[UL Convergence] | phase=optimize | user=2 | block=4 | n_kl=80 | epoch=67/1000 | objective=-10.656430 | rate=10.656430 | power=29.999939 | r_p=0.000000 | r_c=0.000000 | r_s=0.005315 | status=running
[UL Convergence] | phase=optimize | user=2 | block=4 | n_kl=80 | epoch=68/1000 | objective=-10.663474 | rate=10.663474 | power=29.999939 | r_p=0.000000 | r_c=0.000000 | r_s=0.005178 | status=running
[UL Convergence] | phase=optimize | user=2 | block=4 | n_kl=80 | epoch=69/1000 | objective=-10.670036 | rate=10.670036 | power=29.999939 | r_p=0.000000 | r_c=0.000000 | r_s=0.005039 | status=running
[UL Convergence] | phase=optimize | user=2 | block=4 | n_kl=80 | epoch=70/1000 | objective=-10.676136 | rate=10.676136 | power=29.999935 | r_p=0.000000 | r_c=0.000000 | r_s=0.004899 | status=running
[UL Convergence] | phase=optimize | user=2 | block=4 | n_kl=80 | epoch=71/1000 | objective=-10.681796 | rate=10.681796 | power=29.999939 | r_p=0.000000 | r_c=0.000000 | r_s=0.004759 | status=running
[UL Convergence] | phase=optimize | user=2 | block=4 | n_kl=80 | epoch=72/1000 | objective=-10.687038 | rate=10.687038 | power=29.999939 | r_p=0.000000 | r_c=0.000000 | r_s=0.004618 | status=running
[UL Convergence] | phase=optimize | user=2 | block=4 | n_kl=80 | epoch=73/1000 | objective=-10.691893 | rate=10.691893 | power=29.999935 | r_p=0.000000 | r_c=0.000000 | r_s=0.004477 | status=running
[UL Convergence] | phase=optimize | user=2 | block=4 | n_kl=80 | epoch=74/1000 | objective=-10.696371 | rate=10.696371 | power=29.999935 | r_p=0.000000 | r_c=0.000000 | r_s=0.004336 | status=running
[UL Convergence] | phase=optimize | user=2 | block=4 | n_kl=80 | epoch=75/1000 | objective=-10.700505 | rate=10.700505 | power=29.999945 | r_p=0.000000 | r_c=0.000000 | r_s=0.004195 | status=running
[UL Convergence] | phase=optimize | user=2 | block=4 | n_kl=80 | epoch=76/1000 | objective=-10.704312 | rate=10.704312 | power=29.999935 | r_p=0.000000 | r_c=0.000000 | r_s=0.004055 | status=running
[UL Convergence] | phase=optimize | user=2 | block=4 | n_kl=80 | epoch=77/1000 | objective=-10.707809 | rate=10.707809 | power=29.999939 | r_p=0.000000 | r_c=0.000000 | r_s=0.003915 | status=running
[UL Convergence] | phase=optimize | user=2 | block=4 | n_kl=80 | epoch=78/1000 | objective=-10.711023 | rate=10.711023 | power=29.999939 | r_p=0.000000 | r_c=0.000000 | r_s=0.003776 | status=running
[UL Convergence] | phase=optimize | user=2 | block=4 | n_kl=80 | epoch=79/1000 | objective=-10.713963 | rate=10.713963 | power=29.999939 | r_p=0.000000 | r_c=0.000000 | r_s=0.003639 | status=running
[UL Convergence] | phase=optimize | user=2 | block=4 | n_kl=80 | epoch=80/1000 | objective=-10.716652 | rate=10.716652 | power=29.999945 | r_p=0.000000 | r_c=0.000000 | r_s=0.003502 | status=running
[UL Convergence] | phase=optimize | user=2 | block=4 | n_kl=80 | epoch=81/1000 | objective=-10.719114 | rate=10.719114 | power=29.999945 | r_p=0.000000 | r_c=0.000000 | r_s=0.003368 | status=running
[UL Convergence] | phase=optimize | user=2 | block=4 | n_kl=80 | epoch=82/1000 | objective=-10.721357 | rate=10.721357 | power=29.999939 | r_p=0.000000 | r_c=0.000000 | r_s=0.003236 | status=running
[UL Convergence] | phase=optimize | user=2 | block=4 | n_kl=80 | epoch=83/1000 | objective=-10.723401 | rate=10.723401 | power=29.999945 | r_p=0.000000 | r_c=0.000000 | r_s=0.003105 | status=running
[UL Convergence] | phase=optimize | user=2 | block=4 | n_kl=80 | epoch=84/1000 | objective=-10.725260 | rate=10.725260 | power=29.999939 | r_p=0.000000 | r_c=0.000000 | r_s=0.002977 | status=running
[UL Convergence] | phase=optimize | user=2 | block=4 | n_kl=80 | epoch=85/1000 | objective=-10.726947 | rate=10.726947 | power=29.999945 | r_p=0.000000 | r_c=0.000000 | r_s=0.002852 | status=running
[UL Convergence] | phase=optimize | user=2 | block=4 | n_kl=80 | epoch=86/1000 | objective=-10.728475 | rate=10.728475 | power=29.999939 | r_p=0.000000 | r_c=0.000000 | r_s=0.002730 | status=running
[UL Convergence] | phase=optimize | user=2 | block=4 | n_kl=80 | epoch=87/1000 | objective=-10.729862 | rate=10.729862 | power=29.999945 | r_p=0.000000 | r_c=0.000000 | r_s=0.002611 | status=running
[UL Convergence] | phase=optimize | user=2 | block=4 | n_kl=80 | epoch=88/1000 | objective=-10.731115 | rate=10.731115 | power=29.999939 | r_p=0.000000 | r_c=0.000000 | r_s=0.002495 | status=running
[UL Convergence] | phase=optimize | user=2 | block=4 | n_kl=80 | epoch=89/1000 | objective=-10.732255 | rate=10.732255 | power=29.999945 | r_p=0.000000 | r_c=0.000000 | r_s=0.002382 | status=running
[UL Convergence] | phase=optimize | user=2 | block=4 | n_kl=80 | epoch=90/1000 | objective=-10.733277 | rate=10.733277 | power=29.999945 | r_p=0.000000 | r_c=0.000000 | r_s=0.002273 | status=running
[UL Convergence] | phase=optimize | user=2 | block=4 | n_kl=80 | epoch=91/1000 | objective=-10.734194 | rate=10.734194 | power=29.999945 | r_p=0.000000 | r_c=0.000000 | r_s=0.002168 | status=running
[UL Convergence] | phase=optimize | user=2 | block=4 | n_kl=80 | epoch=92/1000 | objective=-10.735026 | rate=10.735026 | power=29.999945 | r_p=0.000000 | r_c=0.000000 | r_s=0.002066 | status=running
[UL Convergence] | phase=optimize | user=2 | block=4 | n_kl=80 | epoch=93/1000 | objective=-10.735775 | rate=10.735775 | power=29.999939 | r_p=0.000000 | r_c=0.000000 | r_s=0.001968 | status=running
[UL Convergence] | phase=optimize | user=2 | block=4 | n_kl=80 | epoch=94/1000 | objective=-10.736446 | rate=10.736446 | power=29.999945 | r_p=0.000000 | r_c=0.000000 | r_s=0.001873 | status=running
[UL Convergence] | phase=optimize | user=2 | block=4 | n_kl=80 | epoch=95/1000 | objective=-10.737046 | rate=10.737046 | power=29.999935 | r_p=0.000000 | r_c=0.000000 | r_s=0.001782 | status=running
[UL Convergence] | phase=optimize | user=2 | block=4 | n_kl=80 | epoch=96/1000 | objective=-10.737590 | rate=10.737590 | power=29.999939 | r_p=0.000000 | r_c=0.000000 | r_s=0.001695 | status=running
[UL Convergence] | phase=optimize | user=2 | block=4 | n_kl=80 | epoch=97/1000 | objective=-10.738070 | rate=10.738070 | power=29.999939 | r_p=0.000000 | r_c=0.000000 | r_s=0.001611 | status=running
[UL Convergence] | phase=optimize | user=2 | block=4 | n_kl=80 | epoch=98/1000 | objective=-10.738506 | rate=10.738506 | power=29.999935 | r_p=0.000000 | r_c=0.000000 | r_s=0.001531 | status=running
[UL Convergence] | phase=optimize | user=2 | block=4 | n_kl=80 | epoch=99/1000 | objective=-10.738894 | rate=10.738894 | power=29.999939 | r_p=0.000000 | r_c=0.000000 | r_s=0.001454 | status=running
[UL Convergence] | phase=optimize | user=2 | block=4 | n_kl=80 | epoch=100/1000 | objective=-10.739236 | rate=10.739236 | power=29.999935 | r_p=0.000000 | r_c=0.000000 | r_s=0.001380 | status=running
[UL Convergence] | phase=optimize | user=2 | block=4 | n_kl=80 | epoch=101/1000 | objective=-10.739549 | rate=10.739549 | power=29.999935 | r_p=0.000000 | r_c=0.000000 | r_s=0.001310 | status=running
[UL Convergence] | phase=optimize | user=2 | block=4 | n_kl=80 | epoch=102/1000 | objective=-10.739823 | rate=10.739823 | power=29.999929 | r_p=0.000000 | r_c=0.000000 | r_s=0.001243 | status=running
[UL Convergence] | phase=optimize | user=2 | block=4 | n_kl=80 | epoch=103/1000 | objective=-10.740072 | rate=10.740072 | power=29.999935 | r_p=0.000000 | r_c=0.000000 | r_s=0.001179 | status=running
[UL Convergence] | phase=optimize | user=2 | block=4 | n_kl=80 | epoch=104/1000 | objective=-10.740291 | rate=10.740291 | power=29.999935 | r_p=0.000000 | r_c=0.000000 | r_s=0.001117 | status=running
[UL Convergence] | phase=optimize | user=2 | block=4 | n_kl=80 | epoch=105/1000 | objective=-10.740488 | rate=10.740488 | power=29.999935 | r_p=0.000000 | r_c=0.000000 | r_s=0.001059 | status=running
[UL Convergence] | phase=optimize | user=2 | block=4 | n_kl=80 | epoch=106/1000 | objective=-10.740661 | rate=10.740661 | power=29.999939 | r_p=0.000000 | r_c=0.000000 | r_s=0.001004 | status=running
[UL Convergence] | phase=optimize | user=2 | block=4 | n_kl=80 | epoch=107/1000 | objective=-10.740819 | rate=10.740819 | power=29.999935 | r_p=0.000000 | r_c=0.000000 | r_s=9.508256e-04 | status=running
[UL Convergence] | phase=optimize | user=2 | block=4 | n_kl=80 | epoch=108/1000 | objective=-10.740961 | rate=10.740961 | power=29.999935 | r_p=0.000000 | r_c=0.000000 | r_s=9.005798e-04 | status=running
[UL Convergence] | phase=optimize | user=2 | block=4 | n_kl=80 | epoch=109/1000 | objective=-10.741081 | rate=10.741081 | power=29.999939 | r_p=0.000000 | r_c=0.000000 | r_s=8.527877e-04 | status=running
[UL Convergence] | phase=optimize | user=2 | block=4 | n_kl=80 | epoch=110/1000 | objective=-10.741196 | rate=10.741196 | power=29.999939 | r_p=0.000000 | r_c=0.000000 | r_s=8.073685e-04 | status=running
[UL Convergence] | phase=optimize | user=2 | block=4 | n_kl=80 | epoch=111/1000 | objective=-10.741290 | rate=10.741290 | power=29.999935 | r_p=0.000000 | r_c=0.000000 | r_s=7.642712e-04 | status=running
[UL Convergence] | phase=optimize | user=2 | block=4 | n_kl=80 | epoch=112/1000 | objective=-10.741377 | rate=10.741377 | power=29.999939 | r_p=0.000000 | r_c=0.000000 | r_s=7.233325e-04 | status=running
[UL Convergence] | phase=optimize | user=2 | block=4 | n_kl=80 | epoch=113/1000 | objective=-10.741457 | rate=10.741457 | power=29.999935 | r_p=0.000000 | r_c=0.000000 | r_s=6.845711e-04 | status=running
[UL Convergence] | phase=optimize | user=2 | block=4 | n_kl=80 | epoch=114/1000 | objective=-10.741526 | rate=10.741526 | power=29.999939 | r_p=0.000000 | r_c=0.000000 | r_s=6.478088e-04 | status=running
[UL Convergence] | phase=optimize | user=2 | block=4 | n_kl=80 | epoch=115/1000 | objective=-10.741591 | rate=10.741591 | power=29.999939 | r_p=0.000000 | r_c=0.000000 | r_s=6.130702e-04 | status=running
[UL Convergence] | phase=optimize | user=2 | block=4 | n_kl=80 | epoch=116/1000 | objective=-10.741645 | rate=10.741645 | power=29.999939 | r_p=0.000000 | r_c=0.000000 | r_s=5.802098e-04 | status=kkt_converged
[UL Convergence Result] | user=2 | block=4 | n_kl=80 | achieved_rate=10.741645 | power=29.999939 | rate_gap=-3.241645 | power_gap=-6.103516e-05 | solve_status=kkt_converged
[UL Convergence Allocation] | user=2 | block=4 | n_kl=80 | requested_bits=600 | served_bits=600 | full_service=true
[UL Convergence Block] | user=2 | block=4 | stage=post_T | served_bits=600 | unserved_bits=0
[UL Convergence Reduction] | user=2 | block=4 | served_bits=600 | n_start=79 | n_min=1
[UL Convergence Solve] | user=2 | block=4 | stage=reduced_n | n_kl=79 | served_bits=600
[UL Convergence] | phase=optimize | user=2 | block=4 | n_kl=79 | epoch=1/1000 | objective=-10.728880 | rate=10.728880 | power=29.999939 | r_p=0.000000 | r_c=0.000000 | r_s=inf | status=running
[UL Convergence] | phase=optimize | user=2 | block=4 | n_kl=79 | epoch=2/1000 | objective=-10.728929 | rate=10.728929 | power=29.999939 | r_p=0.000000 | r_c=0.000000 | r_s=5.492150e-04 | status=kkt_converged
[UL Convergence Candidate] | user=2 | block=4 | n_kl=79 | achieved_rate=10.728929 | rate_gap=-3.133992 | power_gap=-6.103516e-05 | status=accepted
[UL Convergence Solve] | user=2 | block=4 | stage=reduced_n | n_kl=70 | served_bits=600
[UL Convergence] | phase=optimize | user=2 | block=4 | n_kl=70 | epoch=1/1000 | objective=-10.602245 | rate=10.602245 | power=29.999935 | r_p=0.000000 | r_c=0.000000 | r_s=inf | status=running
[UL Convergence] | phase=optimize | user=2 | block=4 | n_kl=70 | epoch=2/1000 | objective=-10.602268 | rate=10.602268 | power=29.999939 | r_p=0.000000 | r_c=0.000000 | r_s=3.415109e-04 | status=kkt_converged
[UL Convergence Candidate] | user=2 | block=4 | n_kl=70 | achieved_rate=10.602268 | rate_gap=-2.030840 | power_gap=-6.103516e-05 | status=accepted
[UL Convergence Solve] | user=2 | block=4 | stage=reduced_n | n_kl=60 | served_bits=600
[UL Convergence] | phase=optimize | user=2 | block=4 | n_kl=60 | epoch=1/1000 | objective=-10.429074 | rate=10.429074 | power=29.999939 | r_p=0.000000 | r_c=0.000000 | r_s=inf | status=running
[UL Convergence] | phase=optimize | user=2 | block=4 | n_kl=60 | epoch=2/1000 | objective=-10.429078 | rate=10.429078 | power=29.999935 | r_p=0.000000 | r_c=0.000000 | r_s=2.139866e-04 | status=kkt_converged
[UL Convergence Candidate] | user=2 | block=4 | n_kl=60 | achieved_rate=10.429078 | rate_gap=-0.429078 | power_gap=-6.484985e-05 | status=accepted
[UL Convergence Reduction] | user=2 | block=4 | n_kl=57 | status=stop_infeasible
[UL Convergence Final] | user=2 | block=4 | feasible_points=23 | chosen_n_kl=58 | served_bits=600 | achieved_rate=10.389149 | power=29.999935 | solve_status=kkt_converged
[UL Convergence Allocation] | user=2 | block=4 | chosen_n_kl=58 | served_bits=600 | unserved_bits=0 | mode=fixed_block_targets
logging rfbl:  [8.19239232 9.7521073  8.53434038 7.87246376 9.24007068]
logging rfbl:  [10.09698987  9.86880117  9.27468483  9.68442886  8.65163605]
logging rfbl:  [11.1193931  11.55220877 11.40382444  9.3681275   9.26946677]
Test results saved to: C:\All Codes\Taiwan_Internship\UL_UPLINK_DOWNLINK_MONTE_CARLO\Results\Uplink\Method-Convergence per epoch\conv_dir__ul_fixed_block_targets_sweep_20260704_210305_conv_upd_dir_loss_aug_rate_sinr__s3\data\convergence_results.txt
Mirrored uplink convergence scenario results to: C:\All Codes\Taiwan_Internship\UL_UPLINK_DOWNLINK_MONTE_CARLO\Results\Uplink\Scenario-Fixed block targets\Convergence per epoch\conv_dir__ul_fixed_block_targets_sweep_20260704_210305_conv_upd_dir_loss_aug_rate_sinr__s3
Saved uplink convergence method results to: C:\All Codes\Taiwan_Internship\UL_UPLINK_DOWNLINK_MONTE_CARLO\Results\Uplink\Method-Convergence per epoch\conv_dir__ul_fixed_block_targets_sweep_20260704_210305_conv_upd_dir_loss_aug_rate_sinr__s3
