Initialized plotting globals:
train_result_path: C:\All Codes\Taiwan_Internship\UL_UPLINK_DOWNLINK_MONTE_CARLO\Results\Uplink\Method-Convergence per epoch\conv_net__ul_payload_completion_sweep_20260704_210305_conv_upd_net_loss_plain_rate_sinr__s3\optimization_history
test_result_path: C:\All Codes\Taiwan_Internship\UL_UPLINK_DOWNLINK_MONTE_CARLO\Results\Uplink\Method-Convergence per epoch\conv_net__ul_payload_completion_sweep_20260704_210305_conv_upd_net_loss_plain_rate_sinr__s3\optimization_history
user_cfg_result_path: C:\All Codes\Taiwan_Internship\UL_UPLINK_DOWNLINK_MONTE_CARLO\Results\Uplink\Method-Convergence per epoch\conv_net__ul_payload_completion_sweep_20260704_210305_conv_upd_net_loss_plain_rate_sinr__s3\user_config
[UL Initial Baseline] | seed=3 | scenario=payload_completion | method=convergence | users=3 | initial_total_latency=0.037467 | initial_avg_latency=0.012489 | initial_min_latency=0.006667 | initial_max_latency=0.017467
[UL Convergence Train] | phase=start | user=0 | mode=payload_completion
[UL Convergence Train] | user=0 | block=0 | remaining_bits=1000
[UL Convergence Block] | user=0 | block=0 | budget_mode=B_rem | requested_bits=1000
[UL Convergence Solve] | user=0 | block=0 | stage=n=T | n_kl=50 | requested_bits=1000
[UL Convergence] | phase=optimize | user=0 | block=0 | n_kl=50 | epoch=1/1000 | objective=-8.075571 | rate=9.159610 | power=29.999945 | r_p=10.840390 | r_c=1.084039 | r_s=inf | status=running
[UL Convergence] | phase=optimize | user=0 | block=0 | n_kl=50 | epoch=2/1000 | objective=-7.827441 | rate=9.926746 | power=29.999939 | r_p=10.073254 | r_c=2.099305 | r_s=1.340548 | status=running
[UL Convergence] | phase=optimize | user=0 | block=0 | n_kl=50 | epoch=3/1000 | objective=-9.235253 | rate=11.777216 | power=29.999939 | r_p=8.222784 | r_c=2.541962 | r_s=0.429431 | status=running
[UL Convergence] | phase=optimize | user=0 | block=0 | n_kl=50 | epoch=4/1000 | objective=-9.143122 | rate=12.196955 | power=29.999945 | r_p=7.803045 | r_c=3.053833 | r_s=0.240031 | status=running
[UL Convergence] | phase=optimize | user=0 | block=0 | n_kl=50 | epoch=5/1000 | objective=-8.541158 | rate=12.201658 | power=29.999939 | r_p=7.798342 | r_c=3.660501 | r_s=0.140320 | status=running
[UL Convergence] | phase=optimize | user=0 | block=0 | n_kl=50 | epoch=6/1000 | objective=-7.912121 | rate=12.188154 | power=29.999939 | r_p=7.811846 | r_c=4.276034 | r_s=0.088216 | status=running
[UL Convergence] | phase=optimize | user=0 | block=0 | n_kl=50 | epoch=7/1000 | objective=-7.347171 | rate=12.216022 | power=29.999935 | r_p=7.783978 | r_c=4.868852 | r_s=0.062814 | status=running
[UL Convergence] | phase=optimize | user=0 | block=0 | n_kl=50 | epoch=8/1000 | objective=-6.808305 | rate=12.255379 | power=29.999945 | r_p=7.744621 | r_c=5.447074 | r_s=0.053391 | status=running
[UL Convergence] | phase=optimize | user=0 | block=0 | n_kl=50 | epoch=9/1000 | objective=-6.260301 | rate=12.284460 | power=29.999939 | r_p=7.715540 | r_c=6.024159 | r_s=0.049030 | status=running
[UL Convergence] | phase=optimize | user=0 | block=0 | n_kl=50 | epoch=10/1000 | objective=-5.694377 | rate=12.300269 | power=29.999939 | r_p=7.699731 | r_c=6.605892 | r_s=0.044553 | status=running
[UL Convergence] | phase=optimize | user=0 | block=0 | n_kl=50 | epoch=11/1000 | objective=-5.119579 | rate=12.309603 | power=29.999945 | r_p=7.690397 | r_c=7.190024 | r_s=0.039885 | status=running
[UL Convergence] | phase=optimize | user=0 | block=0 | n_kl=50 | epoch=12/1000 | objective=-4.536478 | rate=12.313739 | power=29.999935 | r_p=7.686261 | r_c=7.777261 | r_s=0.035610 | status=running
[UL Convergence] | phase=optimize | user=0 | block=0 | n_kl=50 | epoch=13/1000 | objective=-3.946029 | rate=12.313900 | power=29.999945 | r_p=7.686100 | r_c=8.367872 | r_s=0.030683 | status=running
[UL Convergence] | phase=optimize | user=0 | block=0 | n_kl=50 | epoch=14/1000 | objective=-3.352798 | rate=12.312759 | power=29.999945 | r_p=7.687241 | r_c=8.959962 | r_s=0.025212 | status=running
[UL Convergence] | phase=optimize | user=0 | block=0 | n_kl=50 | epoch=15/1000 | objective=-2.763956 | rate=12.313694 | power=29.999939 | r_p=7.686306 | r_c=9.549738 | r_s=0.020221 | status=running
[UL Convergence] | phase=optimize | user=0 | block=0 | n_kl=50 | epoch=16/1000 | objective=-2.183347 | rate=12.318085 | power=29.999939 | r_p=7.681915 | r_c=10.134738 | r_s=0.017924 | status=running
[UL Convergence] | phase=optimize | user=0 | block=0 | n_kl=50 | epoch=17/1000 | objective=-1.608247 | rate=12.324352 | power=29.999939 | r_p=7.675648 | r_c=10.716106 | r_s=0.018230 | status=running
[UL Convergence] | phase=optimize | user=0 | block=0 | n_kl=50 | epoch=18/1000 | objective=-1.032439 | rate=12.329750 | power=29.999945 | r_p=7.670250 | r_c=11.297312 | r_s=0.018914 | status=running
[UL Convergence] | phase=optimize | user=0 | block=0 | n_kl=50 | epoch=19/1000 | objective=-0.451043 | rate=12.332469 | power=29.999945 | r_p=7.667531 | r_c=11.881426 | r_s=0.018452 | status=running
[UL Convergence] | phase=optimize | user=0 | block=0 | n_kl=50 | epoch=20/1000 | objective=0.136792 | rate=12.332498 | power=29.999935 | r_p=7.667502 | r_c=12.469290 | r_s=0.016582 | status=running
[UL Convergence] | phase=optimize | user=0 | block=0 | n_kl=50 | epoch=21/1000 | objective=0.728367 | rate=12.331141 | power=29.999945 | r_p=7.668859 | r_c=13.059506 | r_s=0.013873 | status=running
[UL Convergence] | phase=optimize | user=0 | block=0 | n_kl=50 | epoch=22/1000 | objective=1.319773 | rate=12.329956 | power=29.999939 | r_p=7.670044 | r_c=13.649728 | r_s=0.011252 | status=running
[UL Convergence] | phase=optimize | user=0 | block=0 | n_kl=50 | epoch=23/1000 | objective=1.908599 | rate=12.329770 | power=29.999939 | r_p=7.670230 | r_c=14.238369 | r_s=0.009588 | status=running
[UL Convergence] | phase=optimize | user=0 | block=0 | n_kl=50 | epoch=24/1000 | objective=2.493576 | rate=12.330912 | power=29.999945 | r_p=7.669088 | r_c=14.824487 | r_s=0.009134 | status=running
[UL Convergence] | phase=optimize | user=0 | block=0 | n_kl=50 | epoch=25/1000 | objective=3.075462 | rate=12.332993 | power=29.999939 | r_p=7.667007 | r_c=15.408454 | r_s=0.009680 | status=running
[UL Convergence] | phase=optimize | user=0 | block=0 | n_kl=50 | epoch=26/1000 | objective=3.656427 | rate=12.335217 | power=29.999945 | r_p=7.664783 | r_c=15.991644 | r_s=0.010605 | status=running
[UL Convergence] | phase=optimize | user=0 | block=0 | n_kl=50 | epoch=27/1000 | objective=4.239305 | rate=12.336675 | power=29.999945 | r_p=7.663325 | r_c=16.575979 | r_s=0.011269 | status=running
[UL Convergence] | phase=optimize | user=0 | block=0 | n_kl=50 | epoch=28/1000 | objective=4.826058 | rate=12.336833 | power=29.999939 | r_p=7.663167 | r_c=17.162890 | r_s=0.011082 | status=running
[UL Convergence] | phase=optimize | user=0 | block=0 | n_kl=50 | epoch=29/1000 | objective=5.416319 | rate=12.335922 | power=29.999939 | r_p=7.664078 | r_c=17.752241 | r_s=0.009710 | status=running
[UL Convergence] | phase=optimize | user=0 | block=0 | n_kl=50 | epoch=30/1000 | objective=6.007354 | rate=12.334846 | power=29.999945 | r_p=7.665154 | r_c=18.342198 | r_s=0.007372 | status=running
[UL Convergence] | phase=optimize | user=0 | block=0 | n_kl=50 | epoch=31/1000 | objective=6.595944 | rate=12.334544 | power=29.999939 | r_p=7.665456 | r_c=18.930488 | r_s=0.005210 | status=running
[UL Convergence] | phase=optimize | user=0 | block=0 | n_kl=50 | epoch=32/1000 | objective=7.181030 | rate=12.335251 | power=29.999945 | r_p=7.664749 | r_c=19.516281 | r_s=0.005142 | status=running
[UL Convergence] | phase=optimize | user=0 | block=0 | n_kl=50 | epoch=33/1000 | objective=7.764139 | rate=12.336458 | power=29.999939 | r_p=7.663542 | r_c=20.100598 | r_s=0.006622 | status=running
[UL Convergence] | phase=optimize | user=0 | block=0 | n_kl=50 | epoch=34/1000 | objective=8.347881 | rate=12.337420 | power=29.999945 | r_p=7.662580 | r_c=20.685302 | r_s=0.007725 | status=running
[UL Convergence] | phase=optimize | user=0 | block=0 | n_kl=50 | epoch=35/1000 | objective=8.933892 | rate=12.337722 | power=29.999939 | r_p=7.662278 | r_c=21.271614 | r_s=0.007828 | status=running
[UL Convergence] | phase=optimize | user=0 | block=0 | n_kl=50 | epoch=36/1000 | objective=9.522138 | rate=12.337426 | power=29.999945 | r_p=7.662574 | r_c=21.859563 | r_s=0.007049 | status=running
[UL Convergence] | phase=optimize | user=0 | block=0 | n_kl=50 | epoch=37/1000 | objective=10.111228 | rate=12.336932 | power=29.999939 | r_p=7.663068 | r_c=22.448160 | r_s=0.005731 | status=running
[UL Convergence] | phase=optimize | user=0 | block=0 | n_kl=50 | epoch=38/1000 | objective=10.699680 | rate=12.336626 | power=29.999945 | r_p=7.663374 | r_c=23.036306 | r_s=0.004297 | status=running
[UL Convergence] | phase=optimize | user=0 | block=0 | n_kl=50 | epoch=39/1000 | objective=11.286397 | rate=12.336762 | power=29.999945 | r_p=7.663238 | r_c=23.623159 | r_s=0.003562 | status=running
[UL Convergence] | phase=optimize | user=0 | block=0 | n_kl=50 | epoch=40/1000 | objective=11.871490 | rate=12.337281 | power=29.999945 | r_p=7.662719 | r_c=24.208772 | r_s=0.004285 | status=running
[UL Convergence] | phase=optimize | user=0 | block=0 | n_kl=50 | epoch=41/1000 | objective=12.456373 | rate=12.337822 | power=29.999945 | r_p=7.662178 | r_c=24.794195 | r_s=0.005488 | status=running
[UL Convergence] | phase=optimize | user=0 | block=0 | n_kl=50 | epoch=42/1000 | objective=13.042648 | rate=12.338011 | power=29.999939 | r_p=7.661989 | r_c=25.380659 | r_s=0.005988 | status=running
[UL Convergence] | phase=optimize | user=0 | block=0 | n_kl=50 | epoch=43/1000 | objective=13.630571 | rate=12.337814 | power=29.999945 | r_p=7.662186 | r_c=25.968386 | r_s=0.005343 | status=running
[UL Convergence] | phase=optimize | user=0 | block=0 | n_kl=50 | epoch=44/1000 | objective=14.218948 | rate=12.337526 | power=29.999939 | r_p=7.662474 | r_c=26.556475 | r_s=0.003858 | status=running
[UL Convergence] | phase=optimize | user=0 | block=0 | n_kl=50 | epoch=45/1000 | objective=14.806399 | rate=12.337457 | power=29.999945 | r_p=7.662543 | r_c=27.143856 | r_s=0.002715 | status=running
[UL Convergence] | phase=optimize | user=0 | block=0 | n_kl=50 | epoch=46/1000 | objective=15.392704 | rate=12.337639 | power=29.999945 | r_p=7.662361 | r_c=27.730343 | r_s=0.003116 | status=running
[UL Convergence] | phase=optimize | user=0 | block=0 | n_kl=50 | epoch=47/1000 | objective=15.978703 | rate=12.337877 | power=29.999939 | r_p=7.662123 | r_c=28.316580 | r_s=0.003909 | status=running
[UL Convergence] | phase=optimize | user=0 | block=0 | n_kl=50 | epoch=48/1000 | objective=16.565128 | rate=12.338015 | power=29.999945 | r_p=7.661985 | r_c=28.903143 | r_s=0.004185 | status=running
[UL Convergence] | phase=optimize | user=0 | block=0 | n_kl=50 | epoch=49/1000 | objective=17.152229 | rate=12.338006 | power=29.999945 | r_p=7.661994 | r_c=29.490236 | r_s=0.003937 | status=running
[UL Convergence] | phase=optimize | user=0 | block=0 | n_kl=50 | epoch=50/1000 | objective=17.739677 | rate=12.337928 | power=29.999939 | r_p=7.662072 | r_c=30.077605 | r_s=0.003349 | status=running
[UL Convergence] | phase=optimize | user=0 | block=0 | n_kl=50 | epoch=51/1000 | objective=18.327026 | rate=12.337873 | power=29.999939 | r_p=7.662127 | r_c=30.664899 | r_s=0.002696 | status=running
[UL Convergence] | phase=optimize | user=0 | block=0 | n_kl=50 | epoch=52/1000 | objective=18.913952 | rate=12.337903 | power=29.999945 | r_p=7.662097 | r_c=31.251857 | r_s=0.002482 | status=running
[UL Convergence] | phase=optimize | user=0 | block=0 | n_kl=50 | epoch=53/1000 | objective=19.500574 | rate=12.337992 | power=29.999939 | r_p=7.662008 | r_c=31.838566 | r_s=0.002790 | status=running
[UL Convergence] | phase=optimize | user=0 | block=0 | n_kl=50 | epoch=54/1000 | objective=20.087254 | rate=12.338065 | power=29.999935 | r_p=7.661935 | r_c=32.425319 | r_s=0.003027 | status=running
[UL Convergence] | phase=optimize | user=0 | block=0 | n_kl=50 | epoch=55/1000 | objective=20.674212 | rate=12.338083 | power=29.999939 | r_p=7.661917 | r_c=33.012293 | r_s=0.002930 | status=running
[UL Convergence] | phase=optimize | user=0 | block=0 | n_kl=50 | epoch=56/1000 | objective=21.261375 | rate=12.338062 | power=29.999945 | r_p=7.661938 | r_c=33.599435 | r_s=0.002646 | status=running
[UL Convergence] | phase=optimize | user=0 | block=0 | n_kl=50 | epoch=57/1000 | objective=21.848539 | rate=12.338041 | power=29.999950 | r_p=7.661959 | r_c=34.186581 | r_s=0.002300 | status=running
[UL Convergence] | phase=optimize | user=0 | block=0 | n_kl=50 | epoch=58/1000 | objective=22.435595 | rate=12.338041 | power=29.999939 | r_p=7.661959 | r_c=34.773637 | r_s=0.001994 | status=running
[UL Convergence] | phase=optimize | user=0 | block=0 | n_kl=50 | epoch=59/1000 | objective=23.022375 | rate=12.338091 | power=29.999939 | r_p=7.661909 | r_c=35.360465 | r_s=0.002055 | status=running
[UL Convergence] | phase=optimize | user=0 | block=0 | n_kl=50 | epoch=60/1000 | objective=23.609241 | rate=12.338122 | power=29.999945 | r_p=7.661878 | r_c=35.947365 | r_s=0.002323 | status=running
[UL Convergence] | phase=optimize | user=0 | block=0 | n_kl=50 | epoch=61/1000 | objective=24.196291 | rate=12.338121 | power=29.999939 | r_p=7.661879 | r_c=36.534414 | r_s=0.002229 | status=running
[UL Convergence] | phase=optimize | user=0 | block=0 | n_kl=50 | epoch=62/1000 | objective=24.783403 | rate=12.338110 | power=29.999945 | r_p=7.661890 | r_c=37.121513 | r_s=0.001804 | status=running
[UL Convergence] | phase=optimize | user=0 | block=0 | n_kl=50 | epoch=63/1000 | objective=25.370350 | rate=12.338127 | power=29.999945 | r_p=7.661873 | r_c=37.708474 | r_s=0.001702 | status=running
[UL Convergence] | phase=optimize | user=0 | block=0 | n_kl=50 | epoch=64/1000 | objective=25.957335 | rate=12.338137 | power=29.999950 | r_p=7.661863 | r_c=38.295469 | r_s=0.001868 | status=running
[UL Convergence] | phase=optimize | user=0 | block=0 | n_kl=50 | epoch=65/1000 | objective=26.544453 | rate=12.338124 | power=29.999939 | r_p=7.661876 | r_c=38.882574 | r_s=0.001695 | status=running
[UL Convergence] | phase=optimize | user=0 | block=0 | n_kl=50 | epoch=66/1000 | objective=27.131405 | rate=12.338139 | power=29.999945 | r_p=7.661861 | r_c=39.469543 | r_s=0.001395 | status=running
[UL Convergence] | phase=optimize | user=0 | block=0 | n_kl=50 | epoch=67/1000 | objective=27.718294 | rate=12.338163 | power=29.999945 | r_p=7.661837 | r_c=40.056455 | r_s=0.001548 | status=running
[UL Convergence] | phase=optimize | user=0 | block=0 | n_kl=50 | epoch=68/1000 | objective=28.305359 | rate=12.338159 | power=29.999939 | r_p=7.661841 | r_c=40.643518 | r_s=0.001722 | status=running
[UL Convergence] | phase=optimize | user=0 | block=0 | n_kl=50 | epoch=69/1000 | objective=28.892466 | rate=12.338148 | power=29.999945 | r_p=7.661852 | r_c=41.230612 | r_s=0.001470 | status=running
[UL Convergence] | phase=optimize | user=0 | block=0 | n_kl=50 | epoch=70/1000 | objective=29.479519 | rate=12.338145 | power=29.999939 | r_p=7.661855 | r_c=41.817668 | r_s=0.001022 | status=running
[UL Convergence] | phase=optimize | user=0 | block=0 | n_kl=50 | epoch=71/1000 | objective=30.066456 | rate=12.338161 | power=29.999945 | r_p=7.661839 | r_c=42.404618 | r_s=0.001065 | status=running
[UL Convergence] | phase=optimize | user=0 | block=0 | n_kl=50 | epoch=72/1000 | objective=30.653393 | rate=12.338177 | power=29.999945 | r_p=7.661823 | r_c=42.991570 | r_s=0.001418 | status=running
[UL Convergence] | phase=optimize | user=0 | block=0 | n_kl=50 | epoch=73/1000 | objective=31.240437 | rate=12.338176 | power=29.999950 | r_p=7.661824 | r_c=43.578611 | r_s=0.001421 | status=running
[UL Convergence] | phase=optimize | user=0 | block=0 | n_kl=50 | epoch=74/1000 | objective=31.827555 | rate=12.338163 | power=29.999945 | r_p=7.661837 | r_c=44.165718 | r_s=0.001006 | status=running
[UL Convergence] | phase=optimize | user=0 | block=0 | n_kl=50 | epoch=75/1000 | objective=32.414604 | rate=12.338161 | power=29.999945 | r_p=7.661839 | r_c=44.752766 | r_s=7.990096e-04 | status=running
[UL Convergence] | phase=optimize | user=0 | block=0 | n_kl=50 | epoch=76/1000 | objective=33.001556 | rate=12.338174 | power=29.999945 | r_p=7.661826 | r_c=45.339731 | r_s=0.001046 | status=running
[UL Convergence] | phase=optimize | user=0 | block=0 | n_kl=50 | epoch=77/1000 | objective=33.588596 | rate=12.338174 | power=29.999945 | r_p=7.661826 | r_c=45.926767 | r_s=0.001112 | status=running
[UL Convergence] | phase=optimize | user=0 | block=0 | n_kl=50 | epoch=78/1000 | objective=34.175568 | rate=12.338182 | power=29.999939 | r_p=7.661818 | r_c=46.513750 | r_s=0.001057 | status=running
[UL Convergence] | phase=optimize | user=0 | block=0 | n_kl=50 | epoch=79/1000 | objective=34.762672 | rate=12.338173 | power=29.999945 | r_p=7.661827 | r_c=47.100843 | r_s=9.090121e-04 | status=running
[UL Convergence] | phase=optimize | user=0 | block=0 | n_kl=50 | epoch=80/1000 | objective=35.349701 | rate=12.338174 | power=29.999945 | r_p=7.661826 | r_c=47.687873 | r_s=6.022279e-04 | status=running
[UL Convergence] | phase=optimize | user=0 | block=0 | n_kl=50 | epoch=81/1000 | objective=35.936710 | rate=12.338178 | power=29.999945 | r_p=7.661822 | r_c=48.274885 | r_s=7.815125e-04 | status=running
[UL Convergence] | phase=optimize | user=0 | block=0 | n_kl=50 | epoch=82/1000 | objective=36.523689 | rate=12.338185 | power=29.999945 | r_p=7.661815 | r_c=48.861872 | r_s=0.001025 | status=running
[UL Convergence] | phase=optimize | user=0 | block=0 | n_kl=50 | epoch=83/1000 | objective=37.110786 | rate=12.338177 | power=29.999945 | r_p=7.661823 | r_c=49.448961 | r_s=8.027904e-04 | status=running
[UL Convergence] | phase=optimize | user=0 | block=0 | n_kl=50 | epoch=84/1000 | objective=37.697819 | rate=12.338177 | power=29.999945 | r_p=7.661823 | r_c=50.035997 | r_s=4.695905e-04 | status=stationary_infeasible
[UL Convergence Result] | user=0 | block=0 | n_kl=50 | achieved_rate=12.338185 | power=29.999945 | rate_gap=7.661815 | power_gap=-5.531311e-05 | solve_status=stationary_infeasible
[UL Convergence Allocation] | user=0 | block=0 | n_kl=50 | requested_bits=1000 | served_bits=616 | full_service=false
[UL Convergence Block] | user=0 | block=0 | stage=post_T | served_bits=616 | remaining_bits=384
[UL Convergence Reduction] | user=0 | block=0 | served_bits=616 | n_start=49 | n_min=1
[UL Convergence Reduction] | user=0 | block=0 | n_kl=49 | status=stop_partial_payload
[UL Convergence Final] | user=0 | block=0 | feasible_points=1 | chosen_n_kl=50 | served_bits=616 | achieved_rate=12.338185 | power=29.999945 | solve_status=stationary_infeasible
[UL Convergence Allocation] | user=0 | block=0 | chosen_n_kl=50 | served_bits=616 | committed_bits=616 | remaining_bits=384
[UL Convergence Train] | user=0 | block=1 | remaining_bits=384
[UL Convergence Block] | user=0 | block=1 | budget_mode=B_rem | requested_bits=384
[UL Convergence Solve] | user=0 | block=1 | stage=n=T | n_kl=50 | requested_bits=384
[UL Convergence] | phase=optimize | user=0 | block=1 | n_kl=50 | epoch=1/1000 | objective=-12.474520 | rate=12.469730 | power=29.999939 | r_p=0.000000 | r_c=0.000000 | r_s=inf | status=running
[UL Convergence] | phase=optimize | user=0 | block=1 | n_kl=50 | epoch=2/1000 | objective=-12.432222 | rate=12.427475 | power=29.999945 | r_p=0.000000 | r_c=0.000000 | r_s=0.172269 | status=running
[UL Convergence] | phase=optimize | user=0 | block=1 | n_kl=50 | epoch=3/1000 | objective=-12.467331 | rate=12.462548 | power=29.999935 | r_p=0.000000 | r_c=0.000000 | r_s=0.078514 | status=running
[UL Convergence] | phase=optimize | user=0 | block=1 | n_kl=50 | epoch=4/1000 | objective=-12.489397 | rate=12.484592 | power=29.999945 | r_p=0.000000 | r_c=0.000000 | r_s=0.061267 | status=running
[UL Convergence] | phase=optimize | user=0 | block=1 | n_kl=50 | epoch=5/1000 | objective=-12.491035 | rate=12.486229 | power=29.999945 | r_p=0.000000 | r_c=0.000000 | r_s=0.053627 | status=running
[UL Convergence] | phase=optimize | user=0 | block=1 | n_kl=50 | epoch=6/1000 | objective=-12.486093 | rate=12.481291 | power=29.999939 | r_p=0.000000 | r_c=0.000000 | r_s=0.037005 | status=running
[UL Convergence] | phase=optimize | user=0 | block=1 | n_kl=50 | epoch=7/1000 | objective=-12.489508 | rate=12.484703 | power=29.999939 | r_p=0.000000 | r_c=0.000000 | r_s=0.029208 | status=running
[UL Convergence] | phase=optimize | user=0 | block=1 | n_kl=50 | epoch=8/1000 | objective=-12.495423 | rate=12.490613 | power=29.999935 | r_p=0.000000 | r_c=0.000000 | r_s=0.027680 | status=running
[UL Convergence] | phase=optimize | user=0 | block=1 | n_kl=50 | epoch=9/1000 | objective=-12.499829 | rate=12.495014 | power=29.999945 | r_p=0.000000 | r_c=0.000000 | r_s=0.026875 | status=running
[UL Convergence] | phase=optimize | user=0 | block=1 | n_kl=50 | epoch=10/1000 | objective=-12.502343 | rate=12.497525 | power=29.999945 | r_p=0.000000 | r_c=0.000000 | r_s=0.025103 | status=running
[UL Convergence] | phase=optimize | user=0 | block=1 | n_kl=50 | epoch=11/1000 | objective=-12.502363 | rate=12.497545 | power=29.999945 | r_p=0.000000 | r_c=0.000000 | r_s=0.022787 | status=running
[UL Convergence] | phase=optimize | user=0 | block=1 | n_kl=50 | epoch=12/1000 | objective=-12.500308 | rate=12.495493 | power=29.999945 | r_p=0.000000 | r_c=0.000000 | r_s=0.018406 | status=running
[UL Convergence] | phase=optimize | user=0 | block=1 | n_kl=50 | epoch=13/1000 | objective=-12.499576 | rate=12.494761 | power=29.999945 | r_p=0.000000 | r_c=0.000000 | r_s=0.013828 | status=running
[UL Convergence] | phase=optimize | user=0 | block=1 | n_kl=50 | epoch=14/1000 | objective=-12.501767 | rate=12.496950 | power=29.999945 | r_p=0.000000 | r_c=0.000000 | r_s=0.013546 | status=running
[UL Convergence] | phase=optimize | user=0 | block=1 | n_kl=50 | epoch=15/1000 | objective=-12.505163 | rate=12.500343 | power=29.999945 | r_p=0.000000 | r_c=0.000000 | r_s=0.016071 | status=running
[UL Convergence] | phase=optimize | user=0 | block=1 | n_kl=50 | epoch=16/1000 | objective=-12.507097 | rate=12.502275 | power=29.999945 | r_p=0.000000 | r_c=0.000000 | r_s=0.017361 | status=running
[UL Convergence] | phase=optimize | user=0 | block=1 | n_kl=50 | epoch=17/1000 | objective=-12.506557 | rate=12.501736 | power=29.999945 | r_p=0.000000 | r_c=0.000000 | r_s=0.016028 | status=running
[UL Convergence] | phase=optimize | user=0 | block=1 | n_kl=50 | epoch=18/1000 | objective=-12.504930 | rate=12.500111 | power=29.999945 | r_p=0.000000 | r_c=0.000000 | r_s=0.012587 | status=running
[UL Convergence] | phase=optimize | user=0 | block=1 | n_kl=50 | epoch=19/1000 | objective=-12.504236 | rate=12.499416 | power=29.999945 | r_p=0.000000 | r_c=0.000000 | r_s=0.009443 | status=running
[UL Convergence] | phase=optimize | user=0 | block=1 | n_kl=50 | epoch=20/1000 | objective=-12.505112 | rate=12.500292 | power=29.999939 | r_p=0.000000 | r_c=0.000000 | r_s=0.009047 | status=running
[UL Convergence] | phase=optimize | user=0 | block=1 | n_kl=50 | epoch=21/1000 | objective=-12.506754 | rate=12.501932 | power=29.999945 | r_p=0.000000 | r_c=0.000000 | r_s=0.010265 | status=running
[UL Convergence] | phase=optimize | user=0 | block=1 | n_kl=50 | epoch=22/1000 | objective=-12.508080 | rate=12.503257 | power=29.999939 | r_p=0.000000 | r_c=0.000000 | r_s=0.011224 | status=running
[UL Convergence] | phase=optimize | user=0 | block=1 | n_kl=50 | epoch=23/1000 | objective=-12.508389 | rate=12.503565 | power=29.999939 | r_p=0.000000 | r_c=0.000000 | r_s=0.011292 | status=running
[UL Convergence] | phase=optimize | user=0 | block=1 | n_kl=50 | epoch=24/1000 | objective=-12.507668 | rate=12.502846 | power=29.999939 | r_p=0.000000 | r_c=0.000000 | r_s=0.010004 | status=running
[UL Convergence] | phase=optimize | user=0 | block=1 | n_kl=50 | epoch=25/1000 | objective=-12.506795 | rate=12.501973 | power=29.999945 | r_p=0.000000 | r_c=0.000000 | r_s=0.007481 | status=running
[UL Convergence] | phase=optimize | user=0 | block=1 | n_kl=50 | epoch=26/1000 | objective=-12.506725 | rate=12.501904 | power=29.999939 | r_p=0.000000 | r_c=0.000000 | r_s=0.005503 | status=running
[UL Convergence] | phase=optimize | user=0 | block=1 | n_kl=50 | epoch=27/1000 | objective=-12.507567 | rate=12.502745 | power=29.999939 | r_p=0.000000 | r_c=0.000000 | r_s=0.006317 | status=running
[UL Convergence] | phase=optimize | user=0 | block=1 | n_kl=50 | epoch=28/1000 | objective=-12.508568 | rate=12.503744 | power=29.999945 | r_p=0.000000 | r_c=0.000000 | r_s=0.007998 | status=running
[UL Convergence] | phase=optimize | user=0 | block=1 | n_kl=50 | epoch=29/1000 | objective=-12.509002 | rate=12.504177 | power=29.999939 | r_p=0.000000 | r_c=0.000000 | r_s=0.008599 | status=running
[UL Convergence] | phase=optimize | user=0 | block=1 | n_kl=50 | epoch=30/1000 | objective=-12.508741 | rate=12.503918 | power=29.999939 | r_p=0.000000 | r_c=0.000000 | r_s=0.007895 | status=running
[UL Convergence] | phase=optimize | user=0 | block=1 | n_kl=50 | epoch=31/1000 | objective=-12.508221 | rate=12.503397 | power=29.999945 | r_p=0.000000 | r_c=0.000000 | r_s=0.006293 | status=running
[UL Convergence] | phase=optimize | user=0 | block=1 | n_kl=50 | epoch=32/1000 | objective=-12.507979 | rate=12.503157 | power=29.999939 | r_p=0.000000 | r_c=0.000000 | r_s=0.004580 | status=running
[UL Convergence] | phase=optimize | user=0 | block=1 | n_kl=50 | epoch=33/1000 | objective=-12.508246 | rate=12.503423 | power=29.999939 | r_p=0.000000 | r_c=0.000000 | r_s=0.004170 | status=running
[UL Convergence] | phase=optimize | user=0 | block=1 | n_kl=50 | epoch=34/1000 | objective=-12.508791 | rate=12.503967 | power=29.999945 | r_p=0.000000 | r_c=0.000000 | r_s=0.005254 | status=running
[UL Convergence] | phase=optimize | user=0 | block=1 | n_kl=50 | epoch=35/1000 | objective=-12.509182 | rate=12.504357 | power=29.999939 | r_p=0.000000 | r_c=0.000000 | r_s=0.006203 | status=running
[UL Convergence] | phase=optimize | user=0 | block=1 | n_kl=50 | epoch=36/1000 | objective=-12.509186 | rate=12.504361 | power=29.999945 | r_p=0.000000 | r_c=0.000000 | r_s=0.006212 | status=running
[UL Convergence] | phase=optimize | user=0 | block=1 | n_kl=50 | epoch=37/1000 | objective=-12.508914 | rate=12.504090 | power=29.999945 | r_p=0.000000 | r_c=0.000000 | r_s=0.005299 | status=running
[UL Convergence] | phase=optimize | user=0 | block=1 | n_kl=50 | epoch=38/1000 | objective=-12.508661 | rate=12.503838 | power=29.999939 | r_p=0.000000 | r_c=0.000000 | r_s=0.003823 | status=running
[UL Convergence] | phase=optimize | user=0 | block=1 | n_kl=50 | epoch=39/1000 | objective=-12.508685 | rate=12.503861 | power=29.999939 | r_p=0.000000 | r_c=0.000000 | r_s=0.002652 | status=running
[UL Convergence] | phase=optimize | user=0 | block=1 | n_kl=50 | epoch=40/1000 | objective=-12.509009 | rate=12.504185 | power=29.999939 | r_p=0.000000 | r_c=0.000000 | r_s=0.003352 | status=running
[UL Convergence] | phase=optimize | user=0 | block=1 | n_kl=50 | epoch=41/1000 | objective=-12.509338 | rate=12.504514 | power=29.999945 | r_p=0.000000 | r_c=0.000000 | r_s=0.004766 | status=running
[UL Convergence] | phase=optimize | user=0 | block=1 | n_kl=50 | epoch=42/1000 | objective=-12.509372 | rate=12.504547 | power=29.999939 | r_p=0.000000 | r_c=0.000000 | r_s=0.005205 | status=running
[UL Convergence] | phase=optimize | user=0 | block=1 | n_kl=50 | epoch=43/1000 | objective=-12.509143 | rate=12.504318 | power=29.999945 | r_p=0.000000 | r_c=0.000000 | r_s=0.004191 | status=running
[UL Convergence] | phase=optimize | user=0 | block=1 | n_kl=50 | epoch=44/1000 | objective=-12.508973 | rate=12.504149 | power=29.999939 | r_p=0.000000 | r_c=0.000000 | r_s=0.002262 | status=running
[UL Convergence] | phase=optimize | user=0 | block=1 | n_kl=50 | epoch=45/1000 | objective=-12.509050 | rate=12.504226 | power=29.999939 | r_p=0.000000 | r_c=0.000000 | r_s=0.001711 | status=running
[UL Convergence] | phase=optimize | user=0 | block=1 | n_kl=50 | epoch=46/1000 | objective=-12.509255 | rate=12.504431 | power=29.999939 | r_p=0.000000 | r_c=0.000000 | r_s=0.003066 | status=running
[UL Convergence] | phase=optimize | user=0 | block=1 | n_kl=50 | epoch=47/1000 | objective=-12.509383 | rate=12.504559 | power=29.999935 | r_p=0.000000 | r_c=0.000000 | r_s=0.003768 | status=running
[UL Convergence] | phase=optimize | user=0 | block=1 | n_kl=50 | epoch=48/1000 | objective=-12.509348 | rate=12.504523 | power=29.999939 | r_p=0.000000 | r_c=0.000000 | r_s=0.003525 | status=running
[UL Convergence] | phase=optimize | user=0 | block=1 | n_kl=50 | epoch=49/1000 | objective=-12.509254 | rate=12.504429 | power=29.999939 | r_p=0.000000 | r_c=0.000000 | r_s=0.002683 | status=running
[UL Convergence] | phase=optimize | user=0 | block=1 | n_kl=50 | epoch=50/1000 | objective=-12.509227 | rate=12.504402 | power=29.999945 | r_p=0.000000 | r_c=0.000000 | r_s=0.001941 | status=running
[UL Convergence] | phase=optimize | user=0 | block=1 | n_kl=50 | epoch=51/1000 | objective=-12.509274 | rate=12.504449 | power=29.999935 | r_p=0.000000 | r_c=0.000000 | r_s=0.002031 | status=running
[UL Convergence] | phase=optimize | user=0 | block=1 | n_kl=50 | epoch=52/1000 | objective=-12.509336 | rate=12.504512 | power=29.999939 | r_p=0.000000 | r_c=0.000000 | r_s=0.002430 | status=running
[UL Convergence] | phase=optimize | user=0 | block=1 | n_kl=50 | epoch=53/1000 | objective=-12.509369 | rate=12.504544 | power=29.999939 | r_p=0.000000 | r_c=0.000000 | r_s=0.002540 | status=running
[UL Convergence] | phase=optimize | user=0 | block=1 | n_kl=50 | epoch=54/1000 | objective=-12.509385 | rate=12.504560 | power=29.999945 | r_p=0.000000 | r_c=0.000000 | r_s=0.002433 | status=running
[UL Convergence] | phase=optimize | user=0 | block=1 | n_kl=50 | epoch=55/1000 | objective=-12.509364 | rate=12.504539 | power=29.999945 | r_p=0.000000 | r_c=0.000000 | r_s=0.002244 | status=running
[UL Convergence] | phase=optimize | user=0 | block=1 | n_kl=50 | epoch=56/1000 | objective=-12.509340 | rate=12.504516 | power=29.999939 | r_p=0.000000 | r_c=0.000000 | r_s=0.001880 | status=running
[UL Convergence] | phase=optimize | user=0 | block=1 | n_kl=50 | epoch=57/1000 | objective=-12.509339 | rate=12.504515 | power=29.999939 | r_p=0.000000 | r_c=0.000000 | r_s=0.001494 | status=running
[UL Convergence] | phase=optimize | user=0 | block=1 | n_kl=50 | epoch=58/1000 | objective=-12.509369 | rate=12.504544 | power=29.999945 | r_p=0.000000 | r_c=0.000000 | r_s=0.001584 | status=running
[UL Convergence] | phase=optimize | user=0 | block=1 | n_kl=50 | epoch=59/1000 | objective=-12.509413 | rate=12.504588 | power=29.999950 | r_p=0.000000 | r_c=0.000000 | r_s=0.001922 | status=running
[UL Convergence] | phase=optimize | user=0 | block=1 | n_kl=50 | epoch=60/1000 | objective=-12.509421 | rate=12.504597 | power=29.999945 | r_p=0.000000 | r_c=0.000000 | r_s=0.001994 | status=running
[UL Convergence] | phase=optimize | user=0 | block=1 | n_kl=50 | epoch=61/1000 | objective=-12.509390 | rate=12.504565 | power=29.999945 | r_p=0.000000 | r_c=0.000000 | r_s=0.001713 | status=running
[UL Convergence] | phase=optimize | user=0 | block=1 | n_kl=50 | epoch=62/1000 | objective=-12.509381 | rate=12.504557 | power=29.999939 | r_p=0.000000 | r_c=0.000000 | r_s=0.001274 | status=running
[UL Convergence] | phase=optimize | user=0 | block=1 | n_kl=50 | epoch=63/1000 | objective=-12.509391 | rate=12.504566 | power=29.999939 | r_p=0.000000 | r_c=0.000000 | r_s=0.001084 | status=running
[UL Convergence] | phase=optimize | user=0 | block=1 | n_kl=50 | epoch=64/1000 | objective=-12.509416 | rate=12.504591 | power=29.999945 | r_p=0.000000 | r_c=0.000000 | r_s=0.001313 | status=running
[UL Convergence] | phase=optimize | user=0 | block=1 | n_kl=50 | epoch=65/1000 | objective=-12.509431 | rate=12.504606 | power=29.999945 | r_p=0.000000 | r_c=0.000000 | r_s=0.001550 | status=running
[UL Convergence] | phase=optimize | user=0 | block=1 | n_kl=50 | epoch=66/1000 | objective=-12.509427 | rate=12.504602 | power=29.999939 | r_p=0.000000 | r_c=0.000000 | r_s=0.001541 | status=running
[UL Convergence] | phase=optimize | user=0 | block=1 | n_kl=50 | epoch=67/1000 | objective=-12.509416 | rate=12.504591 | power=29.999945 | r_p=0.000000 | r_c=0.000000 | r_s=0.001246 | status=running
[UL Convergence] | phase=optimize | user=0 | block=1 | n_kl=50 | epoch=68/1000 | objective=-12.509410 | rate=12.504585 | power=29.999945 | r_p=0.000000 | r_c=0.000000 | r_s=7.987512e-04 | status=running
[UL Convergence] | phase=optimize | user=0 | block=1 | n_kl=50 | epoch=69/1000 | objective=-12.509418 | rate=12.504593 | power=29.999939 | r_p=0.000000 | r_c=0.000000 | r_s=7.758968e-04 | status=running
[UL Convergence] | phase=optimize | user=0 | block=1 | n_kl=50 | epoch=70/1000 | objective=-12.509442 | rate=12.504618 | power=29.999939 | r_p=0.000000 | r_c=0.000000 | r_s=0.001168 | status=running
[UL Convergence] | phase=optimize | user=0 | block=1 | n_kl=50 | epoch=71/1000 | objective=-12.509439 | rate=12.504615 | power=29.999945 | r_p=0.000000 | r_c=0.000000 | r_s=0.001288 | status=running
[UL Convergence] | phase=optimize | user=0 | block=1 | n_kl=50 | epoch=72/1000 | objective=-12.509428 | rate=12.504603 | power=29.999939 | r_p=0.000000 | r_c=0.000000 | r_s=0.001026 | status=running
[UL Convergence] | phase=optimize | user=0 | block=1 | n_kl=50 | epoch=73/1000 | objective=-12.509423 | rate=12.504599 | power=29.999945 | r_p=0.000000 | r_c=0.000000 | r_s=6.783961e-04 | status=running
[UL Convergence] | phase=optimize | user=0 | block=1 | n_kl=50 | epoch=74/1000 | objective=-12.509425 | rate=12.504601 | power=29.999939 | r_p=0.000000 | r_c=0.000000 | r_s=6.430745e-04 | status=running
[UL Convergence] | phase=optimize | user=0 | block=1 | n_kl=50 | epoch=75/1000 | objective=-12.509436 | rate=12.504611 | power=29.999945 | r_p=0.000000 | r_c=0.000000 | r_s=7.985034e-04 | status=running
[UL Convergence] | phase=optimize | user=0 | block=1 | n_kl=50 | epoch=76/1000 | objective=-12.509440 | rate=12.504616 | power=29.999945 | r_p=0.000000 | r_c=0.000000 | r_s=9.284576e-04 | status=running
[UL Convergence] | phase=optimize | user=0 | block=1 | n_kl=50 | epoch=77/1000 | objective=-12.509445 | rate=12.504621 | power=29.999945 | r_p=0.000000 | r_c=0.000000 | r_s=9.092081e-04 | status=running
[UL Convergence] | phase=optimize | user=0 | block=1 | n_kl=50 | epoch=78/1000 | objective=-12.509435 | rate=12.504610 | power=29.999939 | r_p=0.000000 | r_c=0.000000 | r_s=6.728781e-04 | status=running
[UL Convergence] | phase=optimize | user=0 | block=1 | n_kl=50 | epoch=79/1000 | objective=-12.509431 | rate=12.504606 | power=29.999945 | r_p=0.000000 | r_c=0.000000 | r_s=4.163312e-04 | status=kkt_converged
[UL Convergence Result] | user=0 | block=1 | n_kl=50 | achieved_rate=12.504621 | power=29.999945 | rate_gap=-4.824621 | power_gap=-5.531311e-05 | solve_status=kkt_converged
[UL Convergence Allocation] | user=0 | block=1 | n_kl=50 | requested_bits=384 | served_bits=384 | full_service=true
[UL Convergence Block] | user=0 | block=1 | stage=post_T | served_bits=384 | remaining_bits=0
[UL Convergence Reduction] | user=0 | block=1 | served_bits=384 | n_start=49 | n_min=1
[UL Convergence Solve] | user=0 | block=1 | stage=reduced_n | n_kl=49 | served_bits=384
[UL Convergence] | phase=optimize | user=0 | block=1 | n_kl=49 | epoch=1/1000 | objective=-12.483113 | rate=12.478472 | power=29.999950 | r_p=0.000000 | r_c=0.000000 | r_s=inf | status=running
[UL Convergence] | phase=optimize | user=0 | block=1 | n_kl=49 | epoch=2/1000 | objective=-12.483103 | rate=12.478461 | power=29.999945 | r_p=0.000000 | r_c=0.000000 | r_s=6.574585e-04 | status=running
[UL Convergence] | phase=optimize | user=0 | block=1 | n_kl=49 | epoch=3/1000 | objective=-12.483109 | rate=12.478468 | power=29.999945 | r_p=0.000000 | r_c=0.000000 | r_s=4.130045e-04 | status=kkt_converged
[UL Convergence Candidate] | user=0 | block=1 | n_kl=49 | achieved_rate=12.478472 | rate_gap=-4.641737 | power_gap=-4.959106e-05 | status=accepted
[UL Convergence Solve] | user=0 | block=1 | stage=reduced_n | n_kl=40 | served_bits=384
[UL Convergence] | phase=optimize | user=0 | block=1 | n_kl=40 | epoch=1/1000 | objective=-12.203252 | rate=12.200651 | power=29.999945 | r_p=0.000000 | r_c=0.000000 | r_s=inf | status=running
[UL Convergence] | phase=optimize | user=0 | block=1 | n_kl=40 | epoch=2/1000 | objective=-12.203253 | rate=12.200652 | power=29.999945 | r_p=0.000000 | r_c=0.000000 | r_s=5.517362e-04 | status=kkt_converged
[UL Convergence Candidate] | user=0 | block=1 | n_kl=40 | achieved_rate=12.200652 | rate_gap=-2.600652 | power_gap=-5.531311e-05 | status=accepted
[UL Convergence Reduction] | user=0 | block=1 | n_kl=32 | status=stop_infeasible
[UL Convergence Final] | user=0 | block=1 | feasible_points=18 | chosen_n_kl=33 | served_bits=384 | achieved_rate=11.910007 | power=29.999945 | solve_status=kkt_converged
[UL Convergence Allocation] | user=0 | block=1 | chosen_n_kl=33 | served_bits=384 | committed_bits=384 | remaining_bits=0
[UL Convergence Train] | phase=start | user=1 | mode=payload_completion
[UL Convergence Train] | user=1 | block=0 | remaining_bits=2000
[UL Convergence Block] | user=1 | block=0 | budget_mode=B_rem | requested_bits=2000
[UL Convergence Solve] | user=1 | block=0 | stage=n=T | n_kl=60 | requested_bits=2000
[UL Convergence] | phase=optimize | user=1 | block=0 | n_kl=60 | epoch=1/1000 | objective=-8.749145 | rate=10.984071 | power=29.999945 | r_p=22.349262 | r_c=2.234926 | r_s=inf | status=running
[UL Convergence] | phase=optimize | user=1 | block=0 | n_kl=60 | epoch=2/1000 | objective=-1.783138 | rate=9.494745 | power=29.999945 | r_p=23.838587 | r_c=7.711607 | r_s=1.108465 | status=running
[UL Convergence] | phase=optimize | user=1 | block=0 | n_kl=60 | epoch=3/1000 | objective=0.650298 | rate=11.575154 | power=29.999950 | r_p=21.758179 | r_c=12.225453 | r_s=0.449577 | status=running
[UL Convergence] | phase=optimize | user=1 | block=0 | n_kl=60 | epoch=4/1000 | objective=3.444360 | rate=12.665441 | power=29.999945 | r_p=20.667892 | r_c=16.109801 | r_s=0.380786 | status=running
[UL Convergence] | phase=optimize | user=1 | block=0 | n_kl=60 | epoch=5/1000 | objective=7.606684 | rate=12.720469 | power=29.999939 | r_p=20.612864 | r_c=20.327153 | r_s=0.283064 | status=running
[UL Convergence] | phase=optimize | user=1 | block=0 | n_kl=60 | epoch=6/1000 | objective=11.784715 | rate=12.752797 | power=29.999939 | r_p=20.580536 | r_c=24.537511 | r_s=0.114792 | status=running
[UL Convergence] | phase=optimize | user=1 | block=0 | n_kl=60 | epoch=7/1000 | objective=15.745953 | rate=12.867199 | power=29.999945 | r_p=20.466133 | r_c=28.613152 | r_s=0.089204 | status=running
[UL Convergence] | phase=optimize | user=1 | block=0 | n_kl=60 | epoch=8/1000 | objective=19.758961 | rate=12.934674 | power=29.999939 | r_p=20.398659 | r_c=32.693635 | r_s=0.072217 | status=running
[UL Convergence] | phase=optimize | user=1 | block=0 | n_kl=60 | epoch=9/1000 | objective=23.843994 | rate=12.961759 | power=29.999945 | r_p=20.371574 | r_c=36.805754 | r_s=0.057134 | status=running
[UL Convergence] | phase=optimize | user=1 | block=0 | n_kl=60 | epoch=10/1000 | objective=27.968098 | rate=12.970364 | power=29.999939 | r_p=20.362968 | r_c=40.938462 | r_s=0.044091 | status=running
[UL Convergence] | phase=optimize | user=1 | block=0 | n_kl=60 | epoch=11/1000 | objective=32.107002 | rate=12.972728 | power=29.999939 | r_p=20.360603 | r_c=45.079731 | r_s=0.034720 | status=running
[UL Convergence] | phase=optimize | user=1 | block=0 | n_kl=60 | epoch=12/1000 | objective=36.249954 | rate=12.973486 | power=29.999945 | r_p=20.359846 | r_c=49.223442 | r_s=0.029676 | status=running
[UL Convergence] | phase=optimize | user=1 | block=0 | n_kl=60 | epoch=13/1000 | objective=40.389065 | rate=12.975178 | power=29.999939 | r_p=20.358154 | r_c=53.364240 | r_s=0.025123 | status=running
[UL Convergence] | phase=optimize | user=1 | block=0 | n_kl=60 | epoch=14/1000 | objective=44.519165 | rate=12.978952 | power=29.999939 | r_p=20.354380 | r_c=57.498122 | r_s=0.021336 | status=running
[UL Convergence] | phase=optimize | user=1 | block=0 | n_kl=60 | epoch=15/1000 | objective=48.641518 | rate=12.984081 | power=29.999945 | r_p=20.349251 | r_c=61.625597 | r_s=0.019163 | status=running
[UL Convergence] | phase=optimize | user=1 | block=0 | n_kl=60 | epoch=16/1000 | objective=52.760300 | rate=12.989310 | power=29.999939 | r_p=20.344021 | r_c=65.749615 | r_s=0.018296 | status=running
[UL Convergence] | phase=optimize | user=1 | block=0 | n_kl=60 | epoch=17/1000 | objective=56.882553 | rate=12.993041 | power=29.999945 | r_p=20.340290 | r_c=69.875590 | r_s=0.017861 | status=running
[UL Convergence] | phase=optimize | user=1 | block=0 | n_kl=60 | epoch=18/1000 | objective=61.012798 | rate=12.994557 | power=29.999939 | r_p=20.338776 | r_c=74.007354 | r_s=0.017458 | status=running
[UL Convergence] | phase=optimize | user=1 | block=0 | n_kl=60 | epoch=19/1000 | objective=65.151947 | rate=12.994041 | power=29.999945 | r_p=20.339291 | r_c=78.145990 | r_s=0.016125 | status=running
[UL Convergence] | phase=optimize | user=1 | block=0 | n_kl=60 | epoch=20/1000 | objective=69.295990 | rate=12.992619 | power=29.999939 | r_p=20.340714 | r_c=82.288614 | r_s=0.013564 | status=running
[UL Convergence] | phase=optimize | user=1 | block=0 | n_kl=60 | epoch=21/1000 | objective=73.437630 | rate=12.991822 | power=29.999945 | r_p=20.341511 | r_c=86.429448 | r_s=0.010504 | status=running
[UL Convergence] | phase=optimize | user=1 | block=0 | n_kl=60 | epoch=22/1000 | objective=77.571213 | rate=12.992588 | power=29.999939 | r_p=20.340744 | r_c=90.563804 | r_s=0.008637 | status=running
[UL Convergence] | phase=optimize | user=1 | block=0 | n_kl=60 | epoch=23/1000 | objective=81.696747 | rate=12.994696 | power=29.999939 | r_p=20.338636 | r_c=94.691451 | r_s=0.009301 | status=running
[UL Convergence] | phase=optimize | user=1 | block=0 | n_kl=60 | epoch=24/1000 | objective=85.819885 | rate=12.996994 | power=29.999945 | r_p=20.336338 | r_c=98.816884 | r_s=0.011034 | status=running
[UL Convergence] | phase=optimize | user=1 | block=0 | n_kl=60 | epoch=25/1000 | objective=89.947838 | rate=12.998266 | power=29.999939 | r_p=20.335066 | r_c=102.946110 | r_s=0.011918 | status=running
[UL Convergence] | phase=optimize | user=1 | block=0 | n_kl=60 | epoch=26/1000 | objective=94.083656 | rate=12.998161 | power=29.999939 | r_p=20.335171 | r_c=107.081811 | r_s=0.011241 | status=running
[UL Convergence] | phase=optimize | user=1 | block=0 | n_kl=60 | epoch=27/1000 | objective=98.224388 | rate=12.997304 | power=29.999945 | r_p=20.336029 | r_c=111.221697 | r_s=0.009279 | status=running
[UL Convergence] | phase=optimize | user=1 | block=0 | n_kl=60 | epoch=28/1000 | objective=102.364204 | rate=12.996664 | power=29.999939 | r_p=20.336668 | r_c=115.360863 | r_s=0.007038 | status=running
[UL Convergence] | phase=optimize | user=1 | block=0 | n_kl=60 | epoch=29/1000 | objective=106.499023 | rate=12.996805 | power=29.999945 | r_p=20.336527 | r_c=119.495834 | r_s=0.005956 | status=running
[UL Convergence] | phase=optimize | user=1 | block=0 | n_kl=60 | epoch=30/1000 | objective=110.629059 | rate=12.997612 | power=29.999935 | r_p=20.335720 | r_c=123.626672 | r_s=0.006522 | status=running
[UL Convergence] | phase=optimize | user=1 | block=0 | n_kl=60 | epoch=31/1000 | objective=114.757820 | rate=12.998526 | power=29.999939 | r_p=20.334806 | r_c=127.756347 | r_s=0.007523 | status=running
[UL Convergence] | phase=optimize | user=1 | block=0 | n_kl=60 | epoch=32/1000 | objective=118.889236 | rate=12.999010 | power=29.999945 | r_p=20.334322 | r_c=131.888249 | r_s=0.007950 | status=running
[UL Convergence] | phase=optimize | user=1 | block=0 | n_kl=60 | epoch=33/1000 | objective=123.024475 | rate=12.998959 | power=29.999945 | r_p=20.334373 | r_c=136.023440 | r_s=0.007449 | status=running
[UL Convergence] | phase=optimize | user=1 | block=0 | n_kl=60 | epoch=34/1000 | objective=127.161575 | rate=12.998675 | power=29.999945 | r_p=20.334656 | r_c=140.160253 | r_s=0.006225 | status=running
[UL Convergence] | phase=optimize | user=1 | block=0 | n_kl=60 | epoch=35/1000 | objective=131.297638 | rate=12.998543 | power=29.999939 | r_p=20.334789 | r_c=144.296183 | r_s=0.005127 | status=running
[UL Convergence] | phase=optimize | user=1 | block=0 | n_kl=60 | epoch=36/1000 | objective=135.431717 | rate=12.998657 | power=29.999945 | r_p=20.334675 | r_c=148.430384 | r_s=0.004988 | status=running
[UL Convergence] | phase=optimize | user=1 | block=0 | n_kl=60 | epoch=37/1000 | objective=139.564743 | rate=12.998889 | power=29.999945 | r_p=20.334442 | r_c=152.563628 | r_s=0.005270 | status=running
[UL Convergence] | phase=optimize | user=1 | block=0 | n_kl=60 | epoch=38/1000 | objective=143.697647 | rate=12.999119 | power=29.999939 | r_p=20.334213 | r_c=156.696760 | r_s=0.005247 | status=running
[UL Convergence] | phase=optimize | user=1 | block=0 | n_kl=60 | epoch=39/1000 | objective=147.830551 | rate=12.999331 | power=29.999939 | r_p=20.334002 | r_c=160.829887 | r_s=0.005189 | status=running
[UL Convergence] | phase=optimize | user=1 | block=0 | n_kl=60 | epoch=40/1000 | objective=151.964249 | rate=12.999442 | power=29.999945 | r_p=20.333889 | r_c=164.963690 | r_s=0.005371 | status=running
[UL Convergence] | phase=optimize | user=1 | block=0 | n_kl=60 | epoch=41/1000 | objective=156.099777 | rate=12.999351 | power=29.999945 | r_p=20.333981 | r_c=169.099122 | r_s=0.005155 | status=running
[UL Convergence] | phase=optimize | user=1 | block=0 | n_kl=60 | epoch=42/1000 | objective=160.236008 | rate=12.999192 | power=29.999945 | r_p=20.334141 | r_c=173.235195 | r_s=0.004087 | status=running
[UL Convergence] | phase=optimize | user=1 | block=0 | n_kl=60 | epoch=43/1000 | objective=164.370667 | rate=12.999203 | power=29.999945 | r_p=20.334129 | r_c=177.369868 | r_s=0.003090 | status=running
[UL Convergence] | phase=optimize | user=1 | block=0 | n_kl=60 | epoch=44/1000 | objective=168.503296 | rate=12.999418 | power=29.999945 | r_p=20.333914 | r_c=181.502712 | r_s=0.003590 | status=running
[UL Convergence] | phase=optimize | user=1 | block=0 | n_kl=60 | epoch=45/1000 | objective=172.635941 | rate=12.999619 | power=29.999939 | r_p=20.333714 | r_c=185.635564 | r_s=0.004370 | status=running
[UL Convergence] | phase=optimize | user=1 | block=0 | n_kl=60 | epoch=46/1000 | objective=176.770340 | rate=12.999640 | power=29.999945 | r_p=20.333693 | r_c=189.769968 | r_s=0.004348 | status=running
[UL Convergence] | phase=optimize | user=1 | block=0 | n_kl=60 | epoch=47/1000 | objective=180.906082 | rate=12.999529 | power=29.999939 | r_p=20.333803 | r_c=193.905613 | r_s=0.003642 | status=running
[UL Convergence] | phase=optimize | user=1 | block=0 | n_kl=60 | epoch=48/1000 | objective=185.041595 | rate=12.999446 | power=29.999939 | r_p=20.333885 | r_c=198.041047 | r_s=0.002756 | status=running
[UL Convergence] | phase=optimize | user=1 | block=0 | n_kl=60 | epoch=49/1000 | objective=189.175720 | rate=12.999498 | power=29.999935 | r_p=20.333834 | r_c=202.175204 | r_s=0.002462 | status=running
[UL Convergence] | phase=optimize | user=1 | block=0 | n_kl=60 | epoch=50/1000 | objective=193.308716 | rate=12.999644 | power=29.999945 | r_p=20.333687 | r_c=206.308362 | r_s=0.003046 | status=running
[UL Convergence] | phase=optimize | user=1 | block=0 | n_kl=60 | epoch=51/1000 | objective=197.442520 | rate=12.999713 | power=29.999929 | r_p=20.333618 | r_c=210.442240 | r_s=0.003434 | status=running
[UL Convergence] | phase=optimize | user=1 | block=0 | n_kl=60 | epoch=52/1000 | objective=201.577530 | rate=12.999676 | power=29.999939 | r_p=20.333656 | r_c=214.577202 | r_s=0.003114 | status=running
[UL Convergence] | phase=optimize | user=1 | block=0 | n_kl=60 | epoch=53/1000 | objective=205.712738 | rate=12.999622 | power=29.999939 | r_p=20.333710 | r_c=218.712353 | r_s=0.002586 | status=running
[UL Convergence] | phase=optimize | user=1 | block=0 | n_kl=60 | epoch=54/1000 | objective=209.847427 | rate=12.999613 | power=29.999945 | r_p=20.333719 | r_c=222.847055 | r_s=0.002259 | status=running
[UL Convergence] | phase=optimize | user=1 | block=0 | n_kl=60 | epoch=55/1000 | objective=213.981445 | rate=12.999662 | power=29.999945 | r_p=20.333670 | r_c=226.981102 | r_s=0.002064 | status=running
[UL Convergence] | phase=optimize | user=1 | block=0 | n_kl=60 | epoch=56/1000 | objective=218.115021 | rate=12.999745 | power=29.999939 | r_p=20.333588 | r_c=231.114751 | r_s=0.002516 | status=running
[UL Convergence] | phase=optimize | user=1 | block=0 | n_kl=60 | epoch=57/1000 | objective=222.249466 | rate=12.999751 | power=29.999945 | r_p=20.333580 | r_c=235.249211 | r_s=0.002957 | status=running
[UL Convergence] | phase=optimize | user=1 | block=0 | n_kl=60 | epoch=58/1000 | objective=226.384872 | rate=12.999685 | power=29.999945 | r_p=20.333647 | r_c=239.384542 | r_s=0.002387 | status=running
[UL Convergence] | phase=optimize | user=1 | block=0 | n_kl=60 | epoch=59/1000 | objective=230.519592 | rate=12.999673 | power=29.999939 | r_p=20.333660 | r_c=243.519274 | r_s=0.001298 | status=running
[UL Convergence] | phase=optimize | user=1 | block=0 | n_kl=60 | epoch=60/1000 | objective=234.653427 | rate=12.999728 | power=29.999939 | r_p=20.333603 | r_c=247.653154 | r_s=0.001754 | status=running
[UL Convergence] | phase=optimize | user=1 | block=0 | n_kl=60 | epoch=61/1000 | objective=238.787384 | rate=12.999775 | power=29.999939 | r_p=20.333557 | r_c=251.787141 | r_s=0.002465 | status=running
[UL Convergence] | phase=optimize | user=1 | block=0 | n_kl=60 | epoch=62/1000 | objective=242.922226 | rate=12.999750 | power=29.999945 | r_p=20.333582 | r_c=255.921989 | r_s=0.002322 | status=running
[UL Convergence] | phase=optimize | user=1 | block=0 | n_kl=60 | epoch=63/1000 | objective=247.057220 | rate=12.999718 | power=29.999945 | r_p=20.333614 | r_c=260.056949 | r_s=0.001516 | status=running
[UL Convergence] | phase=optimize | user=1 | block=0 | n_kl=60 | epoch=64/1000 | objective=251.191620 | rate=12.999731 | power=29.999939 | r_p=20.333601 | r_c=264.191334 | r_s=0.001267 | status=running
[UL Convergence] | phase=optimize | user=1 | block=0 | n_kl=60 | epoch=65/1000 | objective=255.325638 | rate=12.999766 | power=29.999945 | r_p=20.333565 | r_c=268.325409 | r_s=0.001843 | status=running
[UL Convergence] | phase=optimize | user=1 | block=0 | n_kl=60 | epoch=66/1000 | objective=259.460052 | rate=12.999774 | power=29.999945 | r_p=20.333557 | r_c=272.459846 | r_s=0.001901 | status=running
[UL Convergence] | phase=optimize | user=1 | block=0 | n_kl=60 | epoch=67/1000 | objective=263.594940 | rate=12.999753 | power=29.999939 | r_p=20.333580 | r_c=276.594692 | r_s=0.001579 | status=running
[UL Convergence] | phase=optimize | user=1 | block=0 | n_kl=60 | epoch=68/1000 | objective=267.729523 | rate=12.999748 | power=29.999939 | r_p=20.333584 | r_c=280.729290 | r_s=0.001280 | status=running
[UL Convergence] | phase=optimize | user=1 | block=0 | n_kl=60 | epoch=69/1000 | objective=271.863800 | rate=12.999767 | power=29.999939 | r_p=20.333565 | r_c=284.863569 | r_s=0.001243 | status=running
[UL Convergence] | phase=optimize | user=1 | block=0 | n_kl=60 | epoch=70/1000 | objective=275.998199 | rate=12.999777 | power=29.999945 | r_p=20.333555 | r_c=288.997972 | r_s=0.001505 | status=running
[UL Convergence] | phase=optimize | user=1 | block=0 | n_kl=60 | epoch=71/1000 | objective=280.132751 | rate=12.999774 | power=29.999945 | r_p=20.333557 | r_c=293.132534 | r_s=0.001453 | status=running
[UL Convergence] | phase=optimize | user=1 | block=0 | n_kl=60 | epoch=72/1000 | objective=284.267365 | rate=12.999770 | power=29.999939 | r_p=20.333561 | r_c=297.267125 | r_s=0.001226 | status=running
[UL Convergence] | phase=optimize | user=1 | block=0 | n_kl=60 | epoch=73/1000 | objective=288.401947 | rate=12.999766 | power=29.999945 | r_p=20.333565 | r_c=301.401719 | r_s=9.499938e-04 | status=running
[UL Convergence] | phase=optimize | user=1 | block=0 | n_kl=60 | epoch=74/1000 | objective=292.536285 | rate=12.999780 | power=29.999945 | r_p=20.333553 | r_c=305.536086 | r_s=0.001063 | status=running
[UL Convergence] | phase=optimize | user=1 | block=0 | n_kl=60 | epoch=75/1000 | objective=296.670746 | rate=12.999784 | power=29.999945 | r_p=20.333548 | r_c=309.670532 | r_s=0.001402 | status=running
[UL Convergence] | phase=optimize | user=1 | block=0 | n_kl=60 | epoch=76/1000 | objective=300.805481 | rate=12.999771 | power=29.999945 | r_p=20.333561 | r_c=313.805270 | r_s=9.937296e-04 | status=running
[UL Convergence] | phase=optimize | user=1 | block=0 | n_kl=60 | epoch=77/1000 | objective=304.939880 | rate=12.999779 | power=29.999950 | r_p=20.333553 | r_c=317.939688 | r_s=6.736886e-04 | status=running
[UL Convergence] | phase=optimize | user=1 | block=0 | n_kl=60 | epoch=78/1000 | objective=309.074249 | rate=12.999789 | power=29.999945 | r_p=20.333542 | r_c=322.074040 | r_s=0.001057 | status=running
[UL Convergence] | phase=optimize | user=1 | block=0 | n_kl=60 | epoch=79/1000 | objective=313.208862 | rate=12.999784 | power=29.999945 | r_p=20.333548 | r_c=326.208661 | r_s=0.001105 | status=running
[UL Convergence] | phase=optimize | user=1 | block=0 | n_kl=60 | epoch=80/1000 | objective=317.343506 | rate=12.999780 | power=29.999939 | r_p=20.333553 | r_c=330.343286 | r_s=8.275195e-04 | status=running
[UL Convergence] | phase=optimize | user=1 | block=0 | n_kl=60 | epoch=81/1000 | objective=321.477905 | rate=12.999786 | power=29.999939 | r_p=20.333546 | r_c=334.477694 | r_s=6.851503e-04 | status=running
[UL Convergence] | phase=optimize | user=1 | block=0 | n_kl=60 | epoch=82/1000 | objective=325.612366 | rate=12.999790 | power=29.999945 | r_p=20.333542 | r_c=338.612162 | r_s=8.799502e-04 | status=running
[UL Convergence] | phase=optimize | user=1 | block=0 | n_kl=60 | epoch=83/1000 | objective=329.746979 | rate=12.999787 | power=29.999945 | r_p=20.333546 | r_c=342.746755 | r_s=8.798360e-04 | status=running
[UL Convergence] | phase=optimize | user=1 | block=0 | n_kl=60 | epoch=84/1000 | objective=333.881561 | rate=12.999782 | power=29.999950 | r_p=20.333549 | r_c=346.881351 | r_s=7.086813e-04 | status=running
[UL Convergence] | phase=optimize | user=1 | block=0 | n_kl=60 | epoch=85/1000 | objective=338.016083 | rate=12.999784 | power=29.999945 | r_p=20.333549 | r_c=351.015883 | r_s=5.447076e-04 | status=stationary_infeasible
[UL Convergence Result] | user=1 | block=0 | n_kl=60 | achieved_rate=12.999789 | power=29.999945 | rate_gap=20.333542 | power_gap=-5.531311e-05 | solve_status=stationary_infeasible
[UL Convergence Allocation] | user=1 | block=0 | n_kl=60 | requested_bits=2000 | served_bits=779 | full_service=false
[UL Convergence Block] | user=1 | block=0 | stage=post_T | served_bits=779 | remaining_bits=1221
[UL Convergence Reduction] | user=1 | block=0 | served_bits=779 | n_start=59 | n_min=1
[UL Convergence Reduction] | user=1 | block=0 | n_kl=59 | status=stop_partial_payload
[UL Convergence Final] | user=1 | block=0 | feasible_points=1 | chosen_n_kl=60 | served_bits=779 | achieved_rate=12.999789 | power=29.999945 | solve_status=stationary_infeasible
[UL Convergence Allocation] | user=1 | block=0 | chosen_n_kl=60 | served_bits=779 | committed_bits=779 | remaining_bits=1221
[UL Convergence Train] | user=1 | block=1 | remaining_bits=1221
[UL Convergence Block] | user=1 | block=1 | budget_mode=B_rem | requested_bits=1221
[UL Convergence Solve] | user=1 | block=1 | stage=n=T | n_kl=60 | requested_bits=1221
[UL Convergence] | phase=optimize | user=1 | block=1 | n_kl=60 | epoch=1/1000 | objective=-12.138227 | rate=12.884752 | power=29.999945 | r_p=7.465248 | r_c=0.746525 | r_s=inf | status=running
[UL Convergence] | phase=optimize | user=1 | block=1 | n_kl=60 | epoch=2/1000 | objective=-11.474660 | rate=12.794285 | power=29.999945 | r_p=7.555716 | r_c=1.319624 | r_s=0.169600 | status=running
[UL Convergence] | phase=optimize | user=1 | block=1 | n_kl=60 | epoch=3/1000 | objective=-11.017221 | rate=12.885029 | power=29.999939 | r_p=7.464972 | r_c=1.867808 | r_s=0.090289 | status=running
[UL Convergence] | phase=optimize | user=1 | block=1 | n_kl=60 | epoch=4/1000 | objective=-10.460899 | rate=12.885736 | power=29.999939 | r_p=7.464265 | r_c=2.424836 | r_s=0.080574 | status=running
[UL Convergence] | phase=optimize | user=1 | block=1 | n_kl=60 | epoch=5/1000 | objective=-9.891136 | rate=12.876725 | power=29.999945 | r_p=7.473275 | r_c=2.985588 | r_s=0.048598 | status=running
[UL Convergence] | phase=optimize | user=1 | block=1 | n_kl=60 | epoch=6/1000 | objective=-9.345137 | rate=12.885203 | power=29.999945 | r_p=7.464797 | r_c=3.540066 | r_s=0.036599 | status=running
[UL Convergence] | phase=optimize | user=1 | block=1 | n_kl=60 | epoch=7/1000 | objective=-8.808572 | rate=12.898546 | power=29.999939 | r_p=7.451454 | r_c=4.089974 | r_s=0.035426 | status=running
[UL Convergence] | phase=optimize | user=1 | block=1 | n_kl=60 | epoch=8/1000 | objective=-8.265503 | rate=12.906045 | power=29.999939 | r_p=7.443955 | r_c=4.640541 | r_s=0.035604 | status=running
[UL Convergence] | phase=optimize | user=1 | block=1 | n_kl=60 | epoch=9/1000 | objective=-7.706355 | rate=12.903086 | power=29.999939 | r_p=7.446915 | r_c=5.196731 | r_s=0.032539 | status=running
[UL Convergence] | phase=optimize | user=1 | block=1 | n_kl=60 | epoch=10/1000 | objective=-7.143010 | rate=12.898132 | power=29.999939 | r_p=7.451868 | r_c=5.755122 | r_s=0.022496 | status=running
[UL Convergence] | phase=optimize | user=1 | block=1 | n_kl=60 | epoch=11/1000 | objective=-6.591367 | rate=12.900114 | power=29.999939 | r_p=7.449886 | r_c=6.308747 | r_s=0.016700 | status=running
[UL Convergence] | phase=optimize | user=1 | block=1 | n_kl=60 | epoch=12/1000 | objective=-6.049971 | rate=12.907199 | power=29.999945 | r_p=7.442801 | r_c=6.857228 | r_s=0.019558 | status=running
[UL Convergence] | phase=optimize | user=1 | block=1 | n_kl=60 | epoch=13/1000 | objective=-5.504857 | rate=12.911628 | power=29.999939 | r_p=7.438373 | r_c=7.406771 | r_s=0.023695 | status=running
[UL Convergence] | phase=optimize | user=1 | block=1 | n_kl=60 | epoch=14/1000 | objective=-4.945915 | rate=12.908899 | power=29.999945 | r_p=7.441101 | r_c=7.962985 | r_s=0.022085 | status=running
[UL Convergence] | phase=optimize | user=1 | block=1 | n_kl=60 | epoch=15/1000 | objective=-4.383616 | rate=12.904890 | power=29.999939 | r_p=7.445110 | r_c=8.521273 | r_s=0.013641 | status=running
[UL Convergence] | phase=optimize | user=1 | block=1 | n_kl=60 | epoch=16/1000 | objective=-3.832446 | rate=12.906299 | power=29.999945 | r_p=7.443702 | r_c=9.073853 | r_s=0.008784 | status=running
[UL Convergence] | phase=optimize | user=1 | block=1 | n_kl=60 | epoch=17/1000 | objective=-3.289345 | rate=12.911089 | power=29.999945 | r_p=7.438911 | r_c=9.621744 | r_s=0.014821 | status=running
[UL Convergence] | phase=optimize | user=1 | block=1 | n_kl=60 | epoch=18/1000 | objective=-2.740307 | rate=12.912920 | power=29.999945 | r_p=7.437080 | r_c=10.172613 | r_s=0.018695 | status=running
[UL Convergence] | phase=optimize | user=1 | block=1 | n_kl=60 | epoch=19/1000 | objective=-2.181540 | rate=12.910601 | power=29.999945 | r_p=7.439400 | r_c=10.729060 | r_s=0.015403 | status=running
[UL Convergence] | phase=optimize | user=1 | block=1 | n_kl=60 | epoch=20/1000 | objective=-1.623757 | rate=12.908877 | power=29.999945 | r_p=7.441123 | r_c=11.285120 | r_s=0.008817 | status=running
[UL Convergence] | phase=optimize | user=1 | block=1 | n_kl=60 | epoch=21/1000 | objective=-1.073365 | rate=12.910155 | power=29.999939 | r_p=7.439845 | r_c=11.836790 | r_s=0.008505 | status=running
[UL Convergence] | phase=optimize | user=1 | block=1 | n_kl=60 | epoch=22/1000 | objective=-0.525787 | rate=12.912382 | power=29.999945 | r_p=7.437618 | r_c=12.386594 | r_s=0.012005 | status=running
[UL Convergence] | phase=optimize | user=1 | block=1 | n_kl=60 | epoch=23/1000 | objective=0.025747 | rate=12.912983 | power=29.999939 | r_p=7.437017 | r_c=12.938731 | r_s=0.013406 | status=running
[UL Convergence] | phase=optimize | user=1 | block=1 | n_kl=60 | epoch=24/1000 | objective=0.582028 | rate=12.911850 | power=29.999945 | r_p=7.438150 | r_c=13.493878 | r_s=0.011600 | status=running
[UL Convergence] | phase=optimize | user=1 | block=1 | n_kl=60 | epoch=25/1000 | objective=1.137818 | rate=12.910975 | power=29.999945 | r_p=7.439026 | r_c=14.048793 | r_s=0.007608 | status=running
[UL Convergence] | phase=optimize | user=1 | block=1 | n_kl=60 | epoch=26/1000 | objective=1.688684 | rate=12.911827 | power=29.999939 | r_p=7.438173 | r_c=14.600510 | r_s=0.006028 | status=running
[UL Convergence] | phase=optimize | user=1 | block=1 | n_kl=60 | epoch=27/1000 | objective=2.237474 | rate=12.913300 | power=29.999939 | r_p=7.436701 | r_c=15.150774 | r_s=0.010093 | status=running
[UL Convergence] | phase=optimize | user=1 | block=1 | n_kl=60 | epoch=28/1000 | objective=2.790888 | rate=12.913181 | power=29.999945 | r_p=7.436819 | r_c=15.704069 | r_s=0.011481 | status=running
[UL Convergence] | phase=optimize | user=1 | block=1 | n_kl=60 | epoch=29/1000 | objective=3.347558 | rate=12.912049 | power=29.999945 | r_p=7.437951 | r_c=16.259607 | r_s=0.007872 | status=running
[UL Convergence] | phase=optimize | user=1 | block=1 | n_kl=60 | epoch=30/1000 | objective=3.900472 | rate=12.912147 | power=29.999945 | r_p=7.437854 | r_c=16.812618 | r_s=0.002771 | status=running
[UL Convergence] | phase=optimize | user=1 | block=1 | n_kl=60 | epoch=31/1000 | objective=4.449875 | rate=12.913290 | power=29.999939 | r_p=7.436710 | r_c=17.363165 | r_s=0.007663 | status=running
[UL Convergence] | phase=optimize | user=1 | block=1 | n_kl=60 | epoch=32/1000 | objective=5.002372 | rate=12.913451 | power=29.999945 | r_p=7.436549 | r_c=17.915823 | r_s=0.009733 | status=running
[UL Convergence] | phase=optimize | user=1 | block=1 | n_kl=60 | epoch=33/1000 | objective=5.557823 | rate=12.912754 | power=29.999939 | r_p=7.437246 | r_c=18.470577 | r_s=0.006827 | status=running
[UL Convergence] | phase=optimize | user=1 | block=1 | n_kl=60 | epoch=34/1000 | objective=6.111105 | rate=12.912710 | power=29.999939 | r_p=7.437290 | r_c=19.023816 | r_s=0.003599 | status=running
[UL Convergence] | phase=optimize | user=1 | block=1 | n_kl=60 | epoch=35/1000 | objective=6.662153 | rate=12.913284 | power=29.999945 | r_p=7.436716 | r_c=19.575437 | r_s=0.006313 | status=running
[UL Convergence] | phase=optimize | user=1 | block=1 | n_kl=60 | epoch=36/1000 | objective=7.214500 | rate=12.913473 | power=29.999945 | r_p=7.436527 | r_c=20.127974 | r_s=0.007446 | status=running
[UL Convergence] | phase=optimize | user=1 | block=1 | n_kl=60 | epoch=37/1000 | objective=7.768685 | rate=12.913165 | power=29.999939 | r_p=7.436835 | r_c=20.681850 | r_s=0.006341 | status=running
[UL Convergence] | phase=optimize | user=1 | block=1 | n_kl=60 | epoch=38/1000 | objective=8.322254 | rate=12.913034 | power=29.999945 | r_p=7.436966 | r_c=21.235288 | r_s=0.004055 | status=running
[UL Convergence] | phase=optimize | user=1 | block=1 | n_kl=60 | epoch=39/1000 | objective=8.873997 | rate=12.913376 | power=29.999939 | r_p=7.436625 | r_c=21.787373 | r_s=0.004480 | status=running
[UL Convergence] | phase=optimize | user=1 | block=1 | n_kl=60 | epoch=40/1000 | objective=9.426316 | rate=12.913554 | power=29.999939 | r_p=7.436446 | r_c=22.339871 | r_s=0.006616 | status=running
[UL Convergence] | phase=optimize | user=1 | block=1 | n_kl=60 | epoch=41/1000 | objective=9.980425 | rate=12.913284 | power=29.999939 | r_p=7.436716 | r_c=22.893709 | r_s=0.005357 | status=running
[UL Convergence] | phase=optimize | user=1 | block=1 | n_kl=60 | epoch=42/1000 | objective=10.533563 | rate=12.913262 | power=29.999939 | r_p=7.436738 | r_c=23.446825 | r_s=0.002632 | status=running
[UL Convergence] | phase=optimize | user=1 | block=1 | n_kl=60 | epoch=43/1000 | objective=11.085462 | rate=12.913535 | power=29.999945 | r_p=7.436465 | r_c=23.998996 | r_s=0.004641 | status=running
[UL Convergence] | phase=optimize | user=1 | block=1 | n_kl=60 | epoch=44/1000 | objective=11.638545 | rate=12.913518 | power=29.999939 | r_p=7.436482 | r_c=24.552063 | r_s=0.005498 | status=running
[UL Convergence] | phase=optimize | user=1 | block=1 | n_kl=60 | epoch=45/1000 | objective=12.192179 | rate=12.913376 | power=29.999939 | r_p=7.436625 | r_c=25.105555 | r_s=0.003638 | status=running
[UL Convergence] | phase=optimize | user=1 | block=1 | n_kl=60 | epoch=46/1000 | objective=12.744873 | rate=12.913452 | power=29.999945 | r_p=7.436548 | r_c=25.658326 | r_s=0.003179 | status=running
[UL Convergence] | phase=optimize | user=1 | block=1 | n_kl=60 | epoch=47/1000 | objective=13.297352 | rate=12.913572 | power=29.999939 | r_p=7.436428 | r_c=26.210925 | r_s=0.004261 | status=running
[UL Convergence] | phase=optimize | user=1 | block=1 | n_kl=60 | epoch=48/1000 | objective=13.850594 | rate=12.913521 | power=29.999945 | r_p=7.436480 | r_c=26.764115 | r_s=0.004331 | status=running
[UL Convergence] | phase=optimize | user=1 | block=1 | n_kl=60 | epoch=49/1000 | objective=14.403944 | rate=12.913448 | power=29.999939 | r_p=7.436552 | r_c=27.317393 | r_s=0.003014 | status=running
[UL Convergence] | phase=optimize | user=1 | block=1 | n_kl=60 | epoch=50/1000 | objective=14.956403 | rate=12.913568 | power=29.999939 | r_p=7.436433 | r_c=27.869970 | r_s=0.002705 | status=running
[UL Convergence] | phase=optimize | user=1 | block=1 | n_kl=60 | epoch=51/1000 | objective=15.509271 | rate=12.913596 | power=29.999939 | r_p=7.436404 | r_c=28.422865 | r_s=0.004374 | status=running
[UL Convergence] | phase=optimize | user=1 | block=1 | n_kl=60 | epoch=52/1000 | objective=16.062820 | rate=12.913484 | power=29.999939 | r_p=7.436517 | r_c=28.976305 | r_s=0.002857 | status=running
[UL Convergence] | phase=optimize | user=1 | block=1 | n_kl=60 | epoch=53/1000 | objective=16.615440 | rate=12.913564 | power=29.999939 | r_p=7.436437 | r_c=29.529005 | r_s=0.002718 | status=running
[UL Convergence] | phase=optimize | user=1 | block=1 | n_kl=60 | epoch=54/1000 | objective=17.168289 | rate=12.913595 | power=29.999935 | r_p=7.436405 | r_c=30.081883 | r_s=0.004097 | status=running
[UL Convergence] | phase=optimize | user=1 | block=1 | n_kl=60 | epoch=55/1000 | objective=17.721701 | rate=12.913515 | power=29.999939 | r_p=7.436485 | r_c=30.635215 | r_s=0.004185 | status=running
[UL Convergence] | phase=optimize | user=1 | block=1 | n_kl=60 | epoch=56/1000 | objective=18.274921 | rate=12.913475 | power=29.999939 | r_p=7.436525 | r_c=31.188396 | r_s=0.005533 | status=running
[UL Convergence] | phase=optimize | user=1 | block=1 | n_kl=60 | epoch=57/1000 | objective=18.828119 | rate=12.913441 | power=29.999939 | r_p=7.436560 | r_c=31.741561 | r_s=0.008176 | status=running
[UL Convergence] | phase=optimize | user=1 | block=1 | n_kl=60 | epoch=58/1000 | objective=19.381624 | rate=12.913351 | power=29.999935 | r_p=7.436649 | r_c=32.294975 | r_s=0.009850 | status=running
[UL Convergence] | phase=optimize | user=1 | block=1 | n_kl=60 | epoch=59/1000 | objective=19.933949 | rate=12.913483 | power=29.999939 | r_p=7.436518 | r_c=32.847431 | r_s=0.008228 | status=running
[UL Convergence] | phase=optimize | user=1 | block=1 | n_kl=60 | epoch=60/1000 | objective=20.486401 | rate=12.913586 | power=29.999939 | r_p=7.436415 | r_c=33.399986 | r_s=0.005209 | status=running
[UL Convergence] | phase=optimize | user=1 | block=1 | n_kl=60 | epoch=61/1000 | objective=21.040192 | rate=12.913444 | power=29.999939 | r_p=7.436557 | r_c=33.953638 | r_s=0.006421 | status=running
[UL Convergence] | phase=optimize | user=1 | block=1 | n_kl=60 | epoch=62/1000 | objective=21.593197 | rate=12.913447 | power=29.999939 | r_p=7.436553 | r_c=34.506644 | r_s=0.007977 | status=running
[UL Convergence] | phase=optimize | user=1 | block=1 | n_kl=60 | epoch=63/1000 | objective=22.145594 | rate=12.913557 | power=29.999945 | r_p=7.436443 | r_c=35.059150 | r_s=0.006893 | status=running
[UL Convergence] | phase=optimize | user=1 | block=1 | n_kl=60 | epoch=64/1000 | objective=22.698917 | rate=12.913502 | power=29.999945 | r_p=7.436499 | r_c=35.612422 | r_s=0.005861 | status=running
[UL Convergence] | phase=optimize | user=1 | block=1 | n_kl=60 | epoch=65/1000 | objective=23.251957 | rate=12.913498 | power=29.999945 | r_p=7.436502 | r_c=36.165456 | r_s=0.006696 | status=running
[UL Convergence] | phase=optimize | user=1 | block=1 | n_kl=60 | epoch=66/1000 | objective=23.804409 | rate=12.913593 | power=29.999939 | r_p=7.436407 | r_c=36.718000 | r_s=0.005568 | status=running
[UL Convergence] | phase=optimize | user=1 | block=1 | n_kl=60 | epoch=67/1000 | objective=24.357590 | rate=12.913564 | power=29.999945 | r_p=7.436437 | r_c=37.271150 | r_s=0.003563 | status=running
[UL Convergence] | phase=optimize | user=1 | block=1 | n_kl=60 | epoch=68/1000 | objective=24.910736 | rate=12.913540 | power=29.999945 | r_p=7.436460 | r_c=37.824277 | r_s=0.005199 | status=running
[UL Convergence] | phase=optimize | user=1 | block=1 | n_kl=60 | epoch=69/1000 | objective=25.463617 | rate=12.913561 | power=29.999945 | r_p=7.436440 | r_c=38.377178 | r_s=0.005898 | status=running
[UL Convergence] | phase=optimize | user=1 | block=1 | n_kl=60 | epoch=70/1000 | objective=26.016586 | rate=12.913567 | power=29.999945 | r_p=7.436434 | r_c=38.930155 | r_s=0.004691 | status=running
[UL Convergence] | phase=optimize | user=1 | block=1 | n_kl=60 | epoch=71/1000 | objective=26.569523 | rate=12.913578 | power=29.999945 | r_p=7.436422 | r_c=39.483099 | r_s=0.004575 | status=running
[UL Convergence] | phase=optimize | user=1 | block=1 | n_kl=60 | epoch=72/1000 | objective=27.122442 | rate=12.913591 | power=29.999945 | r_p=7.436409 | r_c=40.036031 | r_s=0.004373 | status=running
[UL Convergence] | phase=optimize | user=1 | block=1 | n_kl=60 | epoch=73/1000 | objective=27.675434 | rate=12.913592 | power=29.999939 | r_p=7.436408 | r_c=40.589028 | r_s=0.003485 | status=running
[UL Convergence] | phase=optimize | user=1 | block=1 | n_kl=60 | epoch=74/1000 | objective=28.228392 | rate=12.913599 | power=29.999945 | r_p=7.436401 | r_c=41.141993 | r_s=0.003780 | status=running
[UL Convergence] | phase=optimize | user=1 | block=1 | n_kl=60 | epoch=75/1000 | objective=28.781425 | rate=12.913594 | power=29.999945 | r_p=7.436406 | r_c=41.695020 | r_s=0.003595 | status=running
[UL Convergence] | phase=optimize | user=1 | block=1 | n_kl=60 | epoch=76/1000 | objective=29.334377 | rate=12.913602 | power=29.999945 | r_p=7.436399 | r_c=42.247978 | r_s=0.003326 | status=running
[UL Convergence] | phase=optimize | user=1 | block=1 | n_kl=60 | epoch=77/1000 | objective=29.887592 | rate=12.913569 | power=29.999945 | r_p=7.436431 | r_c=42.801165 | r_s=0.004549 | status=running
[UL Convergence] | phase=optimize | user=1 | block=1 | n_kl=60 | epoch=78/1000 | objective=30.440969 | rate=12.913515 | power=29.999945 | r_p=7.436485 | r_c=43.354487 | r_s=0.006201 | status=running
[UL Convergence] | phase=optimize | user=1 | block=1 | n_kl=60 | epoch=79/1000 | objective=30.994406 | rate=12.913454 | power=29.999950 | r_p=7.436546 | r_c=43.907860 | r_s=0.007918 | status=running
[UL Convergence] | phase=optimize | user=1 | block=1 | n_kl=60 | epoch=80/1000 | objective=31.547977 | rate=12.913376 | power=29.999945 | r_p=7.436625 | r_c=44.461350 | r_s=0.009408 | status=running
[UL Convergence] | phase=optimize | user=1 | block=1 | n_kl=60 | epoch=81/1000 | objective=32.101055 | rate=12.913369 | power=29.999945 | r_p=7.436631 | r_c=45.014424 | r_s=0.010019 | status=running
[UL Convergence] | phase=optimize | user=1 | block=1 | n_kl=60 | epoch=82/1000 | objective=32.655060 | rate=12.913233 | power=29.999945 | r_p=7.436768 | r_c=45.568295 | r_s=0.011181 | status=running
[UL Convergence] | phase=optimize | user=1 | block=1 | n_kl=60 | epoch=83/1000 | objective=33.209423 | rate=12.913052 | power=29.999945 | r_p=7.436949 | r_c=46.122474 | r_s=0.014112 | status=running
[UL Convergence] | phase=optimize | user=1 | block=1 | n_kl=60 | epoch=84/1000 | objective=33.760868 | rate=12.913277 | power=29.999945 | r_p=7.436724 | r_c=46.674143 | r_s=0.013936 | status=running
[UL Convergence] | phase=optimize | user=1 | block=1 | n_kl=60 | epoch=85/1000 | objective=34.312115 | rate=12.913522 | power=29.999939 | r_p=7.436479 | r_c=47.225635 | r_s=0.008241 | status=running
[UL Convergence] | phase=optimize | user=1 | block=1 | n_kl=60 | epoch=86/1000 | objective=34.866241 | rate=12.913371 | power=29.999939 | r_p=7.436629 | r_c=47.779616 | r_s=0.007351 | status=running
[UL Convergence] | phase=optimize | user=1 | block=1 | n_kl=60 | epoch=87/1000 | objective=35.419800 | rate=12.913301 | power=29.999939 | r_p=7.436699 | r_c=48.333103 | r_s=0.011048 | status=running
[UL Convergence] | phase=optimize | user=1 | block=1 | n_kl=60 | epoch=88/1000 | objective=35.971329 | rate=12.913502 | power=29.999945 | r_p=7.436499 | r_c=48.884831 | r_s=0.009073 | status=running
[UL Convergence] | phase=optimize | user=1 | block=1 | n_kl=60 | epoch=89/1000 | objective=36.524506 | rate=12.913481 | power=29.999945 | r_p=7.436520 | r_c=49.437986 | r_s=0.006046 | status=running
[UL Convergence] | phase=optimize | user=1 | block=1 | n_kl=60 | epoch=90/1000 | objective=37.078270 | rate=12.913384 | power=29.999939 | r_p=7.436616 | r_c=49.991651 | r_s=0.008850 | status=running
[UL Convergence] | phase=optimize | user=1 | block=1 | n_kl=60 | epoch=91/1000 | objective=37.630268 | rate=12.913517 | power=29.999945 | r_p=7.436483 | r_c=50.543783 | r_s=0.008372 | status=running
[UL Convergence] | phase=optimize | user=1 | block=1 | n_kl=60 | epoch=92/1000 | objective=38.183064 | rate=12.913545 | power=29.999939 | r_p=7.436456 | r_c=51.096606 | r_s=0.004950 | status=running
[UL Convergence] | phase=optimize | user=1 | block=1 | n_kl=60 | epoch=93/1000 | objective=38.736938 | rate=12.913435 | power=29.999945 | r_p=7.436565 | r_c=51.650376 | r_s=0.007354 | status=running
[UL Convergence] | phase=optimize | user=1 | block=1 | n_kl=60 | epoch=94/1000 | objective=39.289364 | rate=12.913510 | power=29.999939 | r_p=7.436490 | r_c=52.202872 | r_s=0.008004 | status=running
[UL Convergence] | phase=optimize | user=1 | block=1 | n_kl=60 | epoch=95/1000 | objective=39.841740 | rate=12.913589 | power=29.999945 | r_p=7.436412 | r_c=52.755331 | r_s=0.004638 | status=running
[UL Convergence] | phase=optimize | user=1 | block=1 | n_kl=60 | epoch=96/1000 | objective=40.395351 | rate=12.913514 | power=29.999939 | r_p=7.436486 | r_c=53.308867 | r_s=0.005288 | status=running
[UL Convergence] | phase=optimize | user=1 | block=1 | n_kl=60 | epoch=97/1000 | objective=40.948368 | rate=12.913514 | power=29.999945 | r_p=7.436486 | r_c=53.861880 | r_s=0.007215 | status=running
[UL Convergence] | phase=optimize | user=1 | block=1 | n_kl=60 | epoch=98/1000 | objective=41.500751 | rate=12.913589 | power=29.999945 | r_p=7.436411 | r_c=54.414342 | r_s=0.005495 | status=running
[UL Convergence] | phase=optimize | user=1 | block=1 | n_kl=60 | epoch=99/1000 | objective=42.053917 | rate=12.913570 | power=29.999945 | r_p=7.436430 | r_c=54.967485 | r_s=0.003947 | status=running
[UL Convergence] | phase=optimize | user=1 | block=1 | n_kl=60 | epoch=100/1000 | objective=42.607208 | rate=12.913536 | power=29.999939 | r_p=7.436464 | r_c=55.520746 | r_s=0.005735 | status=running
[UL Convergence] | phase=optimize | user=1 | block=1 | n_kl=60 | epoch=101/1000 | objective=43.159882 | rate=12.913576 | power=29.999945 | r_p=7.436424 | r_c=56.073454 | r_s=0.005683 | status=running
[UL Convergence] | phase=optimize | user=1 | block=1 | n_kl=60 | epoch=102/1000 | objective=43.712669 | rate=12.913601 | power=29.999945 | r_p=7.436399 | r_c=56.626270 | r_s=0.003849 | status=running
[UL Convergence] | phase=optimize | user=1 | block=1 | n_kl=60 | epoch=103/1000 | objective=44.266052 | rate=12.913557 | power=29.999939 | r_p=7.436443 | r_c=57.179607 | r_s=0.004371 | status=running
[UL Convergence] | phase=optimize | user=1 | block=1 | n_kl=60 | epoch=104/1000 | objective=44.819206 | rate=12.913540 | power=29.999939 | r_p=7.436460 | r_c=57.732748 | r_s=0.005976 | status=running
[UL Convergence] | phase=optimize | user=1 | block=1 | n_kl=60 | epoch=105/1000 | objective=45.371838 | rate=12.913583 | power=29.999945 | r_p=7.436418 | r_c=58.285421 | r_s=0.005517 | status=running
[UL Convergence] | phase=optimize | user=1 | block=1 | n_kl=60 | epoch=106/1000 | objective=45.924686 | rate=12.913600 | power=29.999939 | r_p=7.436400 | r_c=58.838288 | r_s=0.003841 | status=running
[UL Convergence] | phase=optimize | user=1 | block=1 | n_kl=60 | epoch=107/1000 | objective=46.478092 | rate=12.913555 | power=29.999939 | r_p=7.436445 | r_c=59.391646 | r_s=0.004444 | status=running
[UL Convergence] | phase=optimize | user=1 | block=1 | n_kl=60 | epoch=108/1000 | objective=47.031494 | rate=12.913511 | power=29.999939 | r_p=7.436489 | r_c=59.945007 | r_s=0.006490 | status=running
[UL Convergence] | phase=optimize | user=1 | block=1 | n_kl=60 | epoch=109/1000 | objective=47.584785 | rate=12.913481 | power=29.999939 | r_p=7.436520 | r_c=60.498269 | r_s=0.007644 | status=running
[UL Convergence] | phase=optimize | user=1 | block=1 | n_kl=60 | epoch=110/1000 | objective=48.138184 | rate=12.913440 | power=29.999945 | r_p=7.436561 | r_c=61.051624 | r_s=0.008429 | status=running
[UL Convergence] | phase=optimize | user=1 | block=1 | n_kl=60 | epoch=111/1000 | objective=48.692101 | rate=12.913343 | power=29.999939 | r_p=7.436657 | r_c=61.605446 | r_s=0.010081 | status=running
[UL Convergence] | phase=optimize | user=1 | block=1 | n_kl=60 | epoch=112/1000 | objective=49.245430 | rate=12.913313 | power=29.999939 | r_p=7.436687 | r_c=62.158740 | r_s=0.011513 | status=running
[UL Convergence] | phase=optimize | user=1 | block=1 | n_kl=60 | epoch=113/1000 | objective=49.796947 | rate=12.913474 | power=29.999939 | r_p=7.436526 | r_c=62.710424 | r_s=0.010010 | status=running
[UL Convergence] | phase=optimize | user=1 | block=1 | n_kl=60 | epoch=114/1000 | objective=50.349380 | rate=12.913536 | power=29.999939 | r_p=7.436464 | r_c=63.262916 | r_s=0.006331 | status=running
[UL Convergence] | phase=optimize | user=1 | block=1 | n_kl=60 | epoch=115/1000 | objective=50.903778 | rate=12.913391 | power=29.999939 | r_p=7.436609 | r_c=63.817170 | r_s=0.007840 | status=running
[UL Convergence] | phase=optimize | user=1 | block=1 | n_kl=60 | epoch=116/1000 | objective=51.457558 | rate=12.913313 | power=29.999939 | r_p=7.436687 | r_c=64.370878 | r_s=0.010845 | status=running
[UL Convergence] | phase=optimize | user=1 | block=1 | n_kl=60 | epoch=117/1000 | objective=52.010071 | rate=12.913368 | power=29.999939 | r_p=7.436632 | r_c=64.923439 | r_s=0.010771 | status=running
[UL Convergence] | phase=optimize | user=1 | block=1 | n_kl=60 | epoch=118/1000 | objective=52.564232 | rate=12.913253 | power=29.999939 | r_p=7.436748 | r_c=65.477490 | r_s=0.011037 | status=running
[UL Convergence] | phase=optimize | user=1 | block=1 | n_kl=60 | epoch=119/1000 | objective=53.120369 | rate=12.912941 | power=29.999945 | r_p=7.437059 | r_c=66.033311 | r_s=0.014596 | status=running
[UL Convergence] | phase=optimize | user=1 | block=1 | n_kl=60 | epoch=120/1000 | objective=53.675495 | rate=12.912738 | power=29.999945 | r_p=7.437263 | r_c=66.588228 | r_s=0.017944 | status=running
[UL Convergence] | phase=optimize | user=1 | block=1 | n_kl=60 | epoch=121/1000 | objective=54.227127 | rate=12.912887 | power=29.999939 | r_p=7.437114 | r_c=67.140014 | r_s=0.018172 | status=running
[UL Convergence] | phase=optimize | user=1 | block=1 | n_kl=60 | epoch=122/1000 | objective=54.776443 | rate=12.913262 | power=29.999939 | r_p=7.436738 | r_c=67.689700 | r_s=0.014571 | status=running
[UL Convergence] | phase=optimize | user=1 | block=1 | n_kl=60 | epoch=123/1000 | objective=55.327957 | rate=12.913413 | power=29.999939 | r_p=7.436587 | r_c=68.241368 | r_s=0.009764 | status=running
[UL Convergence] | phase=optimize | user=1 | block=1 | n_kl=60 | epoch=124/1000 | objective=55.882530 | rate=12.913262 | power=29.999939 | r_p=7.436738 | r_c=68.795790 | r_s=0.010102 | status=running
[UL Convergence] | phase=optimize | user=1 | block=1 | n_kl=60 | epoch=125/1000 | objective=56.435856 | rate=12.913236 | power=29.999939 | r_p=7.436765 | r_c=69.349090 | r_s=0.012221 | status=running
[UL Convergence] | phase=optimize | user=1 | block=1 | n_kl=60 | epoch=126/1000 | objective=56.987171 | rate=12.913403 | power=29.999945 | r_p=7.436598 | r_c=69.900576 | r_s=0.010705 | status=running
[UL Convergence] | phase=optimize | user=1 | block=1 | n_kl=60 | epoch=127/1000 | objective=57.540146 | rate=12.913408 | power=29.999935 | r_p=7.436592 | r_c=70.453552 | r_s=0.008697 | status=running
[UL Convergence] | phase=optimize | user=1 | block=1 | n_kl=60 | epoch=128/1000 | objective=58.093758 | rate=12.913353 | power=29.999945 | r_p=7.436647 | r_c=71.007109 | r_s=0.009751 | status=running
[UL Convergence] | phase=optimize | user=1 | block=1 | n_kl=60 | epoch=129/1000 | objective=58.645821 | rate=12.913445 | power=29.999945 | r_p=7.436556 | r_c=71.559265 | r_s=0.009431 | status=running
[UL Convergence] | phase=optimize | user=1 | block=1 | n_kl=60 | epoch=130/1000 | objective=59.198273 | rate=12.913498 | power=29.999939 | r_p=7.436502 | r_c=72.111771 | r_s=0.007331 | status=running
[UL Convergence] | phase=optimize | user=1 | block=1 | n_kl=60 | epoch=131/1000 | objective=59.752071 | rate=12.913425 | power=29.999945 | r_p=7.436575 | r_c=72.665495 | r_s=0.007727 | status=running
[UL Convergence] | phase=optimize | user=1 | block=1 | n_kl=60 | epoch=132/1000 | objective=60.304859 | rate=12.913447 | power=29.999939 | r_p=7.436553 | r_c=73.218305 | r_s=0.008785 | status=running
[UL Convergence] | phase=optimize | user=1 | block=1 | n_kl=60 | epoch=133/1000 | objective=60.856728 | rate=12.913553 | power=29.999945 | r_p=7.436447 | r_c=73.770279 | r_s=0.007010 | status=running
[UL Convergence] | phase=optimize | user=1 | block=1 | n_kl=60 | epoch=134/1000 | objective=61.409885 | rate=12.913540 | power=29.999939 | r_p=7.436460 | r_c=74.323419 | r_s=0.004873 | status=running
[UL Convergence] | phase=optimize | user=1 | block=1 | n_kl=60 | epoch=135/1000 | objective=61.963734 | rate=12.913464 | power=29.999945 | r_p=7.436537 | r_c=74.877197 | r_s=0.006992 | status=running
[UL Convergence] | phase=optimize | user=1 | block=1 | n_kl=60 | epoch=136/1000 | objective=62.516281 | rate=12.913506 | power=29.999945 | r_p=7.436495 | r_c=75.429792 | r_s=0.007854 | status=running
[UL Convergence] | phase=optimize | user=1 | block=1 | n_kl=60 | epoch=137/1000 | objective=63.068233 | rate=12.913601 | power=29.999945 | r_p=7.436399 | r_c=75.981832 | r_s=0.005146 | status=running
[UL Convergence] | phase=optimize | user=1 | block=1 | n_kl=60 | epoch=138/1000 | objective=63.621597 | rate=12.913568 | power=29.999945 | r_p=7.436432 | r_c=76.535166 | r_s=0.003329 | status=running
[UL Convergence] | phase=optimize | user=1 | block=1 | n_kl=60 | epoch=139/1000 | objective=64.175232 | rate=12.913513 | power=29.999945 | r_p=7.436487 | r_c=77.088745 | r_s=0.005950 | status=running
[UL Convergence] | phase=optimize | user=1 | block=1 | n_kl=60 | epoch=140/1000 | objective=64.727829 | rate=12.913549 | power=29.999945 | r_p=7.436451 | r_c=77.641380 | r_s=0.006419 | status=running
[UL Convergence] | phase=optimize | user=1 | block=1 | n_kl=60 | epoch=141/1000 | objective=65.280273 | rate=12.913599 | power=29.999945 | r_p=7.436401 | r_c=78.193867 | r_s=0.004487 | status=running
[UL Convergence] | phase=optimize | user=1 | block=1 | n_kl=60 | epoch=142/1000 | objective=65.833511 | rate=12.913578 | power=29.999945 | r_p=7.436422 | r_c=78.747090 | r_s=0.003846 | status=running
[UL Convergence] | phase=optimize | user=1 | block=1 | n_kl=60 | epoch=143/1000 | objective=66.386734 | rate=12.913559 | power=29.999939 | r_p=7.436441 | r_c=79.300297 | r_s=0.005099 | status=running
[UL Convergence] | phase=optimize | user=1 | block=1 | n_kl=60 | epoch=144/1000 | objective=66.939545 | rate=12.913576 | power=29.999945 | r_p=7.436424 | r_c=79.853119 | r_s=0.005102 | status=running
[UL Convergence] | phase=optimize | user=1 | block=1 | n_kl=60 | epoch=145/1000 | objective=67.492569 | rate=12.913574 | power=29.999945 | r_p=7.436426 | r_c=80.406144 | r_s=0.004510 | status=running
[UL Convergence] | phase=optimize | user=1 | block=1 | n_kl=60 | epoch=146/1000 | objective=68.046158 | rate=12.913525 | power=29.999939 | r_p=7.436476 | r_c=80.959688 | r_s=0.005629 | status=running
[UL Convergence] | phase=optimize | user=1 | block=1 | n_kl=60 | epoch=147/1000 | objective=68.600159 | rate=12.913442 | power=29.999945 | r_p=7.436559 | r_c=81.513609 | r_s=0.007861 | status=running
[UL Convergence] | phase=optimize | user=1 | block=1 | n_kl=60 | epoch=148/1000 | objective=69.155174 | rate=12.913277 | power=29.999939 | r_p=7.436724 | r_c=82.068454 | r_s=0.010611 | status=running
[UL Convergence] | phase=optimize | user=1 | block=1 | n_kl=60 | epoch=149/1000 | objective=69.711700 | rate=12.912990 | power=29.999945 | r_p=7.437011 | r_c=82.624692 | r_s=0.014355 | status=running
[UL Convergence] | phase=optimize | user=1 | block=1 | n_kl=60 | epoch=150/1000 | objective=70.266319 | rate=12.912865 | power=29.999945 | r_p=7.437136 | r_c=83.179180 | r_s=0.017172 | status=running
[UL Convergence] | phase=optimize | user=1 | block=1 | n_kl=60 | epoch=151/1000 | objective=70.816849 | rate=12.913074 | power=29.999945 | r_p=7.436926 | r_c=83.729928 | r_s=0.016332 | status=running
[UL Convergence] | phase=optimize | user=1 | block=1 | n_kl=60 | epoch=152/1000 | objective=71.367783 | rate=12.913249 | power=29.999939 | r_p=7.436751 | r_c=84.281029 | r_s=0.013290 | status=running
[UL Convergence] | phase=optimize | user=1 | block=1 | n_kl=60 | epoch=153/1000 | objective=71.920219 | rate=12.913299 | power=29.999939 | r_p=7.436702 | r_c=84.833516 | r_s=0.011495 | status=running
[UL Convergence] | phase=optimize | user=1 | block=1 | n_kl=60 | epoch=154/1000 | objective=72.473854 | rate=12.913251 | power=29.999939 | r_p=7.436749 | r_c=85.387108 | r_s=0.011422 | status=running
[UL Convergence] | phase=optimize | user=1 | block=1 | n_kl=60 | epoch=155/1000 | objective=73.028664 | rate=12.913112 | power=29.999939 | r_p=7.436889 | r_c=85.941770 | r_s=0.013328 | status=running
[UL Convergence] | phase=optimize | user=1 | block=1 | n_kl=60 | epoch=156/1000 | objective=73.580711 | rate=12.913193 | power=29.999939 | r_p=7.436808 | r_c=86.493900 | r_s=0.014002 | status=running
[UL Convergence] | phase=optimize | user=1 | block=1 | n_kl=60 | epoch=157/1000 | objective=74.130936 | rate=12.913416 | power=29.999939 | r_p=7.436584 | r_c=87.044349 | r_s=0.010814 | status=running
[UL Convergence] | phase=optimize | user=1 | block=1 | n_kl=60 | epoch=158/1000 | objective=74.684311 | rate=12.913388 | power=29.999935 | r_p=7.436612 | r_c=87.597703 | r_s=0.008423 | status=running
[UL Convergence] | phase=optimize | user=1 | block=1 | n_kl=60 | epoch=159/1000 | objective=75.237801 | rate=12.913353 | power=29.999945 | r_p=7.436647 | r_c=88.151153 | r_s=0.010026 | status=running
[UL Convergence] | phase=optimize | user=1 | block=1 | n_kl=60 | epoch=160/1000 | objective=75.789413 | rate=12.913464 | power=29.999939 | r_p=7.436537 | r_c=88.702871 | r_s=0.009027 | status=running
[UL Convergence] | phase=optimize | user=1 | block=1 | n_kl=60 | epoch=161/1000 | objective=76.342804 | rate=12.913435 | power=29.999945 | r_p=7.436565 | r_c=89.256235 | r_s=0.007443 | status=running
[UL Convergence] | phase=optimize | user=1 | block=1 | n_kl=60 | epoch=162/1000 | objective=76.896393 | rate=12.913392 | power=29.999939 | r_p=7.436608 | r_c=89.809778 | r_s=0.009106 | status=running
[UL Convergence] | phase=optimize | user=1 | block=1 | n_kl=60 | epoch=163/1000 | objective=77.448074 | rate=12.913494 | power=29.999939 | r_p=7.436506 | r_c=90.361570 | r_s=0.008372 | status=running
[UL Convergence] | phase=optimize | user=1 | block=1 | n_kl=60 | epoch=164/1000 | objective=78.001175 | rate=12.913487 | power=29.999939 | r_p=7.436513 | r_c=90.914668 | r_s=0.006751 | status=running
[UL Convergence] | phase=optimize | user=1 | block=1 | n_kl=60 | epoch=165/1000 | objective=78.554359 | rate=12.913475 | power=29.999939 | r_p=7.436525 | r_c=91.467838 | r_s=0.007704 | status=running
[UL Convergence] | phase=optimize | user=1 | block=1 | n_kl=60 | epoch=166/1000 | objective=79.106262 | rate=12.913559 | power=29.999939 | r_p=7.436441 | r_c=92.019818 | r_s=0.006373 | status=running
[UL Convergence] | phase=optimize | user=1 | block=1 | n_kl=60 | epoch=167/1000 | objective=79.659798 | rate=12.913519 | power=29.999945 | r_p=7.436481 | r_c=92.573323 | r_s=0.005146 | status=running
[UL Convergence] | phase=optimize | user=1 | block=1 | n_kl=60 | epoch=168/1000 | objective=80.212936 | rate=12.913510 | power=29.999939 | r_p=7.436490 | r_c=93.126443 | r_s=0.006793 | status=running
[UL Convergence] | phase=optimize | user=1 | block=1 | n_kl=60 | epoch=169/1000 | objective=80.764938 | rate=12.913585 | power=29.999939 | r_p=7.436416 | r_c=93.678520 | r_s=0.005511 | status=running
[UL Convergence] | phase=optimize | user=1 | block=1 | n_kl=60 | epoch=170/1000 | objective=81.318459 | rate=12.913547 | power=29.999939 | r_p=7.436454 | r_c=94.232006 | r_s=0.004454 | status=running
[UL Convergence] | phase=optimize | user=1 | block=1 | n_kl=60 | epoch=171/1000 | objective=81.871994 | rate=12.913508 | power=29.999939 | r_p=7.436492 | r_c=94.785501 | r_s=0.006550 | status=running
[UL Convergence] | phase=optimize | user=1 | block=1 | n_kl=60 | epoch=172/1000 | objective=82.424255 | rate=12.913563 | power=29.999935 | r_p=7.436438 | r_c=95.337818 | r_s=0.006151 | status=running
[UL Convergence] | phase=optimize | user=1 | block=1 | n_kl=60 | epoch=173/1000 | objective=82.977074 | rate=12.913576 | power=29.999939 | r_p=7.436424 | r_c=95.890652 | r_s=0.004686 | status=running
[UL Convergence] | phase=optimize | user=1 | block=1 | n_kl=60 | epoch=174/1000 | objective=83.530350 | rate=12.913557 | power=29.999939 | r_p=7.436443 | r_c=96.443904 | r_s=0.005124 | status=running
[UL Convergence] | phase=optimize | user=1 | block=1 | n_kl=60 | epoch=175/1000 | objective=84.083138 | rate=12.913572 | power=29.999939 | r_p=7.436428 | r_c=96.996711 | r_s=0.005173 | status=running
[UL Convergence] | phase=optimize | user=1 | block=1 | n_kl=60 | epoch=176/1000 | objective=84.636726 | rate=12.913531 | power=29.999939 | r_p=7.436469 | r_c=97.550254 | r_s=0.005661 | status=running
[UL Convergence] | phase=optimize | user=1 | block=1 | n_kl=60 | epoch=177/1000 | objective=85.190529 | rate=12.913475 | power=29.999939 | r_p=7.436525 | r_c=98.104007 | r_s=0.007421 | status=running
[UL Convergence] | phase=optimize | user=1 | block=1 | n_kl=60 | epoch=178/1000 | objective=85.744370 | rate=12.913418 | power=29.999945 | r_p=7.436583 | r_c=98.657785 | r_s=0.008798 | status=running
[UL Convergence] | phase=optimize | user=1 | block=1 | n_kl=60 | epoch=179/1000 | objective=86.299202 | rate=12.913292 | power=29.999945 | r_p=7.436708 | r_c=99.212492 | r_s=0.010605 | status=running
[UL Convergence] | phase=optimize | user=1 | block=1 | n_kl=60 | epoch=180/1000 | objective=86.855339 | rate=12.913077 | power=29.999935 | r_p=7.436923 | r_c=99.768417 | r_s=0.013686 | status=running
[UL Convergence] | phase=optimize | user=1 | block=1 | n_kl=60 | epoch=181/1000 | objective=87.410751 | rate=12.912916 | power=29.999939 | r_p=7.437084 | r_c=100.323670 | r_s=0.016475 | status=running
[UL Convergence] | phase=optimize | user=1 | block=1 | n_kl=60 | epoch=182/1000 | objective=87.962456 | rate=12.913013 | power=29.999939 | r_p=7.436988 | r_c=100.875465 | r_s=0.016858 | status=running
[UL Convergence] | phase=optimize | user=1 | block=1 | n_kl=60 | epoch=183/1000 | objective=88.511421 | rate=12.913294 | power=29.999950 | r_p=7.436707 | r_c=101.424716 | r_s=0.013947 | status=running
[UL Convergence] | phase=optimize | user=1 | block=1 | n_kl=60 | epoch=184/1000 | objective=89.062531 | rate=12.913425 | power=29.999945 | r_p=7.436575 | r_c=101.975958 | r_s=0.009772 | status=running
[UL Convergence] | phase=optimize | user=1 | block=1 | n_kl=60 | epoch=185/1000 | objective=89.618111 | rate=12.913253 | power=29.999945 | r_p=7.436748 | r_c=102.531364 | r_s=0.010301 | status=running
[UL Convergence] | phase=optimize | user=1 | block=1 | n_kl=60 | epoch=186/1000 | objective=90.174095 | rate=12.913055 | power=29.999950 | r_p=7.436945 | r_c=103.087152 | r_s=0.013983 | status=running
[UL Convergence] | phase=optimize | user=1 | block=1 | n_kl=60 | epoch=187/1000 | objective=90.726837 | rate=12.913078 | power=29.999945 | r_p=7.436922 | r_c=103.639915 | r_s=0.015332 | status=running
[UL Convergence] | phase=optimize | user=1 | block=1 | n_kl=60 | epoch=188/1000 | objective=91.277344 | rate=12.913250 | power=29.999939 | r_p=7.436750 | r_c=104.190588 | r_s=0.013519 | status=running
[UL Convergence] | phase=optimize | user=1 | block=1 | n_kl=60 | epoch=189/1000 | objective=91.829758 | rate=12.913292 | power=29.999939 | r_p=7.436708 | r_c=104.743050 | r_s=0.011600 | status=running
[UL Convergence] | phase=optimize | user=1 | block=1 | n_kl=60 | epoch=190/1000 | objective=92.383293 | rate=12.913260 | power=29.999945 | r_p=7.436741 | r_c=105.296555 | r_s=0.011939 | status=running
[UL Convergence] | phase=optimize | user=1 | block=1 | n_kl=60 | epoch=191/1000 | objective=92.934189 | rate=12.913402 | power=29.999939 | r_p=7.436599 | r_c=105.847584 | r_s=0.011051 | status=running
[UL Convergence] | phase=optimize | user=1 | block=1 | n_kl=60 | epoch=192/1000 | objective=93.484818 | rate=12.913558 | power=29.999945 | r_p=7.436442 | r_c=106.398376 | r_s=0.007105 | status=running
[UL Convergence] | phase=optimize | user=1 | block=1 | n_kl=60 | epoch=193/1000 | objective=94.038841 | rate=12.913492 | power=29.999939 | r_p=7.436508 | r_c=106.952329 | r_s=0.005411 | status=running
[UL Convergence] | phase=optimize | user=1 | block=1 | n_kl=60 | epoch=194/1000 | objective=94.593613 | rate=12.913379 | power=29.999945 | r_p=7.436622 | r_c=107.506986 | r_s=0.008751 | status=running
[UL Convergence] | phase=optimize | user=1 | block=1 | n_kl=60 | epoch=195/1000 | objective=95.145798 | rate=12.913433 | power=29.999939 | r_p=7.436567 | r_c=108.059230 | r_s=0.009595 | status=running
[UL Convergence] | phase=optimize | user=1 | block=1 | n_kl=60 | epoch=196/1000 | objective=95.697266 | rate=12.913532 | power=29.999945 | r_p=7.436468 | r_c=108.610806 | r_s=0.007356 | status=running
[UL Convergence] | phase=optimize | user=1 | block=1 | n_kl=60 | epoch=197/1000 | objective=96.251060 | rate=12.913483 | power=29.999945 | r_p=7.436518 | r_c=109.164545 | r_s=0.006612 | status=running
[UL Convergence] | phase=optimize | user=1 | block=1 | n_kl=60 | epoch=198/1000 | objective=96.804535 | rate=12.913454 | power=29.999945 | r_p=7.436546 | r_c=109.717985 | r_s=0.008177 | status=running
[UL Convergence] | phase=optimize | user=1 | block=1 | n_kl=60 | epoch=199/1000 | objective=97.356079 | rate=12.913548 | power=29.999939 | r_p=7.436453 | r_c=110.269621 | r_s=0.007374 | status=running
[UL Convergence] | phase=optimize | user=1 | block=1 | n_kl=60 | epoch=200/1000 | objective=97.908249 | rate=12.913600 | power=29.999945 | r_p=7.436400 | r_c=110.821848 | r_s=0.004441 | status=running
[UL Convergence] | phase=optimize | user=1 | block=1 | n_kl=60 | epoch=201/1000 | objective=98.462204 | rate=12.913540 | power=29.999939 | r_p=7.436460 | r_c=111.375748 | r_s=0.004631 | status=running
[UL Convergence] | phase=optimize | user=1 | block=1 | n_kl=60 | epoch=202/1000 | objective=99.015388 | rate=12.913529 | power=29.999945 | r_p=7.436471 | r_c=111.928916 | r_s=0.006291 | status=running
[UL Convergence] | phase=optimize | user=1 | block=1 | n_kl=60 | epoch=203/1000 | objective=99.567688 | rate=12.913573 | power=29.999945 | r_p=7.436427 | r_c=112.481263 | r_s=0.005738 | status=running
[UL Convergence] | phase=optimize | user=1 | block=1 | n_kl=60 | epoch=204/1000 | objective=100.120621 | rate=12.913578 | power=29.999950 | r_p=7.436422 | r_c=113.034195 | r_s=0.004668 | status=running
[UL Convergence] | phase=optimize | user=1 | block=1 | n_kl=60 | epoch=205/1000 | objective=100.674316 | rate=12.913535 | power=29.999945 | r_p=7.436465 | r_c=113.587855 | r_s=0.005570 | status=running
[UL Convergence] | phase=optimize | user=1 | block=1 | n_kl=60 | epoch=206/1000 | objective=101.227341 | rate=12.913534 | power=29.999939 | r_p=7.436466 | r_c=114.140879 | r_s=0.006454 | status=running
[UL Convergence] | phase=optimize | user=1 | block=1 | n_kl=60 | epoch=207/1000 | objective=101.779854 | rate=12.913565 | power=29.999939 | r_p=7.436436 | r_c=114.693419 | r_s=0.006020 | status=running
[UL Convergence] | phase=optimize | user=1 | block=1 | n_kl=60 | epoch=208/1000 | objective=102.332581 | rate=12.913582 | power=29.999935 | r_p=7.436419 | r_c=115.246159 | r_s=0.005089 | status=running
[UL Convergence] | phase=optimize | user=1 | block=1 | n_kl=60 | epoch=209/1000 | objective=102.885773 | rate=12.913570 | power=29.999939 | r_p=7.436430 | r_c=115.799340 | r_s=0.004847 | status=running
[UL Convergence] | phase=optimize | user=1 | block=1 | n_kl=60 | epoch=210/1000 | objective=103.438843 | rate=12.913567 | power=29.999939 | r_p=7.436434 | r_c=116.352405 | r_s=0.005082 | status=running
[UL Convergence] | phase=optimize | user=1 | block=1 | n_kl=60 | epoch=211/1000 | objective=103.991684 | rate=12.913576 | power=29.999945 | r_p=7.436424 | r_c=116.905260 | r_s=0.005103 | status=running
[UL Convergence] | phase=optimize | user=1 | block=1 | n_kl=60 | epoch=212/1000 | objective=104.544830 | rate=12.913568 | power=29.999939 | r_p=7.436433 | r_c=117.458400 | r_s=0.004946 | status=running
[UL Convergence] | phase=optimize | user=1 | block=1 | n_kl=60 | epoch=213/1000 | objective=105.097824 | rate=12.913568 | power=29.999939 | r_p=7.436432 | r_c=118.011390 | r_s=0.005133 | status=running
[UL Convergence] | phase=optimize | user=1 | block=1 | n_kl=60 | epoch=214/1000 | objective=105.651161 | rate=12.913548 | power=29.999945 | r_p=7.436452 | r_c=118.564715 | r_s=0.005816 | status=running
[UL Convergence] | phase=optimize | user=1 | block=1 | n_kl=60 | epoch=215/1000 | objective=106.204742 | rate=12.913515 | power=29.999939 | r_p=7.436485 | r_c=119.118257 | r_s=0.006652 | status=running
[UL Convergence] | phase=optimize | user=1 | block=1 | n_kl=60 | epoch=216/1000 | objective=106.758492 | rate=12.913472 | power=29.999939 | r_p=7.436528 | r_c=119.671961 | r_s=0.007579 | status=running
[UL Convergence] | phase=optimize | user=1 | block=1 | n_kl=60 | epoch=217/1000 | objective=107.312851 | rate=12.913394 | power=29.999939 | r_p=7.436606 | r_c=120.226245 | r_s=0.009029 | status=running
[UL Convergence] | phase=optimize | user=1 | block=1 | n_kl=60 | epoch=218/1000 | objective=107.868057 | rate=12.913268 | power=29.999939 | r_p=7.436732 | r_c=120.781321 | r_s=0.011127 | status=running
[UL Convergence] | phase=optimize | user=1 | block=1 | n_kl=60 | epoch=219/1000 | objective=108.423119 | rate=12.913152 | power=29.999939 | r_p=7.436849 | r_c=121.336269 | r_s=0.013295 | status=running
[UL Convergence] | phase=optimize | user=1 | block=1 | n_kl=60 | epoch=220/1000 | objective=108.977524 | rate=12.913074 | power=29.999945 | r_p=7.436926 | r_c=121.890602 | r_s=0.014726 | status=running
[UL Convergence] | phase=optimize | user=1 | block=1 | n_kl=60 | epoch=221/1000 | objective=109.529343 | rate=12.913147 | power=29.999935 | r_p=7.436853 | r_c=122.442487 | r_s=0.014656 | status=running
[UL Convergence] | phase=optimize | user=1 | block=1 | n_kl=60 | epoch=222/1000 | objective=110.078903 | rate=12.913347 | power=29.999945 | r_p=7.436653 | r_c=122.992243 | r_s=0.012501 | status=running
[UL Convergence] | phase=optimize | user=1 | block=1 | n_kl=60 | epoch=223/1000 | objective=110.628677 | rate=12.913532 | power=29.999939 | r_p=7.436468 | r_c=123.542208 | r_s=0.008389 | status=running
[UL Convergence] | phase=optimize | user=1 | block=1 | n_kl=60 | epoch=224/1000 | objective=111.181084 | rate=12.913567 | power=29.999939 | r_p=7.436434 | r_c=124.094645 | r_s=0.004838 | status=running
[UL Convergence] | phase=optimize | user=1 | block=1 | n_kl=60 | epoch=225/1000 | objective=111.736168 | rate=12.913449 | power=29.999935 | r_p=7.436551 | r_c=124.649617 | r_s=0.006827 | status=running
[UL Convergence] | phase=optimize | user=1 | block=1 | n_kl=60 | epoch=226/1000 | objective=112.290810 | rate=12.913359 | power=29.999935 | r_p=7.436642 | r_c=125.204165 | r_s=0.009751 | status=running
[UL Convergence] | phase=optimize | user=1 | block=1 | n_kl=60 | epoch=227/1000 | objective=112.842972 | rate=12.913407 | power=29.999945 | r_p=7.436593 | r_c=125.756379 | r_s=0.010228 | status=running
[UL Convergence] | phase=optimize | user=1 | block=1 | n_kl=60 | epoch=228/1000 | objective=113.393951 | rate=12.913521 | power=29.999939 | r_p=7.436480 | r_c=126.307481 | r_s=0.008286 | status=running
[UL Convergence] | phase=optimize | user=1 | block=1 | n_kl=60 | epoch=229/1000 | objective=113.946388 | rate=12.913553 | power=29.999939 | r_p=7.436447 | r_c=126.859940 | r_s=0.006010 | status=running
[UL Convergence] | phase=optimize | user=1 | block=1 | n_kl=60 | epoch=230/1000 | objective=114.500458 | rate=12.913494 | power=29.999939 | r_p=7.436506 | r_c=127.413960 | r_s=0.006443 | status=running
[UL Convergence] | phase=optimize | user=1 | block=1 | n_kl=60 | epoch=231/1000 | objective=115.055046 | rate=12.913408 | power=29.999935 | r_p=7.436592 | r_c=127.968454 | r_s=0.008509 | status=running
[UL Convergence] | phase=optimize | user=1 | block=1 | n_kl=60 | epoch=232/1000 | objective=115.608627 | rate=12.913378 | power=29.999939 | r_p=7.436623 | r_c=128.522010 | r_s=0.009881 | status=running
[UL Convergence] | phase=optimize | user=1 | block=1 | n_kl=60 | epoch=233/1000 | objective=116.161942 | rate=12.913363 | power=29.999939 | r_p=7.436637 | r_c=129.075292 | r_s=0.010332 | status=running
[UL Convergence] | phase=optimize | user=1 | block=1 | n_kl=60 | epoch=234/1000 | objective=116.715866 | rate=12.913315 | power=29.999939 | r_p=7.436686 | r_c=129.629175 | r_s=0.010944 | status=running
[UL Convergence] | phase=optimize | user=1 | block=1 | n_kl=60 | epoch=235/1000 | objective=117.270729 | rate=12.913217 | power=29.999939 | r_p=7.436784 | r_c=130.183938 | r_s=0.012369 | status=running
[UL Convergence] | phase=optimize | user=1 | block=1 | n_kl=60 | epoch=236/1000 | objective=117.824753 | rate=12.913164 | power=29.999939 | r_p=7.436836 | r_c=130.737917 | r_s=0.013658 | status=running
[UL Convergence] | phase=optimize | user=1 | block=1 | n_kl=60 | epoch=237/1000 | objective=118.376534 | rate=12.913233 | power=29.999939 | r_p=7.436768 | r_c=131.289770 | r_s=0.013472 | status=running
[UL Convergence] | phase=optimize | user=1 | block=1 | n_kl=60 | epoch=238/1000 | objective=118.927231 | rate=12.913359 | power=29.999939 | r_p=7.436642 | r_c=131.840594 | r_s=0.011645 | status=running
[UL Convergence] | phase=optimize | user=1 | block=1 | n_kl=60 | epoch=239/1000 | objective=119.478935 | rate=12.913430 | power=29.999939 | r_p=7.436570 | r_c=132.392357 | r_s=0.009492 | status=running
[UL Convergence] | phase=optimize | user=1 | block=1 | n_kl=60 | epoch=240/1000 | objective=120.032021 | rate=12.913426 | power=29.999939 | r_p=7.436574 | r_c=132.945451 | r_s=0.008712 | status=running
[UL Convergence] | phase=optimize | user=1 | block=1 | n_kl=60 | epoch=241/1000 | objective=120.585434 | rate=12.913406 | power=29.999945 | r_p=7.436594 | r_c=133.498837 | r_s=0.009216 | status=running
[UL Convergence] | phase=optimize | user=1 | block=1 | n_kl=60 | epoch=242/1000 | objective=121.138573 | rate=12.913401 | power=29.999935 | r_p=7.436600 | r_c=134.051969 | r_s=0.009569 | status=running
[UL Convergence] | phase=optimize | user=1 | block=1 | n_kl=60 | epoch=243/1000 | objective=121.691269 | rate=12.913418 | power=29.999945 | r_p=7.436583 | r_c=134.604689 | r_s=0.009373 | status=running
[UL Convergence] | phase=optimize | user=1 | block=1 | n_kl=60 | epoch=244/1000 | objective=122.244293 | rate=12.913418 | power=29.999939 | r_p=7.436583 | r_c=135.157716 | r_s=0.009256 | status=running
[UL Convergence] | phase=optimize | user=1 | block=1 | n_kl=60 | epoch=245/1000 | objective=122.796692 | rate=12.913450 | power=29.999945 | r_p=7.436550 | r_c=135.710152 | r_s=0.009027 | status=running
[UL Convergence] | phase=optimize | user=1 | block=1 | n_kl=60 | epoch=246/1000 | objective=123.348381 | rate=12.913520 | power=29.999939 | r_p=7.436481 | r_c=136.261899 | r_s=0.007746 | status=running
[UL Convergence] | phase=optimize | user=1 | block=1 | n_kl=60 | epoch=247/1000 | objective=123.900391 | rate=12.913571 | power=29.999939 | r_p=7.436429 | r_c=136.813964 | r_s=0.005602 | status=running
[UL Convergence] | phase=optimize | user=1 | block=1 | n_kl=60 | epoch=248/1000 | objective=124.453484 | rate=12.913567 | power=29.999939 | r_p=7.436434 | r_c=137.367057 | r_s=0.004658 | status=running
[UL Convergence] | phase=optimize | user=1 | block=1 | n_kl=60 | epoch=249/1000 | objective=125.007172 | rate=12.913532 | power=29.999939 | r_p=7.436468 | r_c=137.920699 | r_s=0.005835 | status=running
[UL Convergence] | phase=optimize | user=1 | block=1 | n_kl=60 | epoch=250/1000 | objective=125.560547 | rate=12.913513 | power=29.999945 | r_p=7.436487 | r_c=138.474065 | r_s=0.006835 | status=running
[UL Convergence] | phase=optimize | user=1 | block=1 | n_kl=60 | epoch=251/1000 | objective=126.113007 | rate=12.913542 | power=29.999945 | r_p=7.436459 | r_c=139.026544 | r_s=0.006623 | status=running
[UL Convergence] | phase=optimize | user=1 | block=1 | n_kl=60 | epoch=252/1000 | objective=126.665260 | rate=12.913580 | power=29.999945 | r_p=7.436420 | r_c=139.578837 | r_s=0.005423 | status=running
[UL Convergence] | phase=optimize | user=1 | block=1 | n_kl=60 | epoch=253/1000 | objective=127.217918 | rate=12.913597 | power=29.999945 | r_p=7.436403 | r_c=140.131517 | r_s=0.004157 | status=running
[UL Convergence] | phase=optimize | user=1 | block=1 | n_kl=60 | epoch=254/1000 | objective=127.771362 | rate=12.913575 | power=29.999950 | r_p=7.436425 | r_c=140.684933 | r_s=0.004193 | status=running
[UL Convergence] | phase=optimize | user=1 | block=1 | n_kl=60 | epoch=255/1000 | objective=128.324722 | rate=12.913557 | power=29.999945 | r_p=7.436443 | r_c=141.238281 | r_s=0.005080 | status=running
[UL Convergence] | phase=optimize | user=1 | block=1 | n_kl=60 | epoch=256/1000 | objective=128.877579 | rate=12.913565 | power=29.999945 | r_p=7.436436 | r_c=141.791142 | r_s=0.005378 | status=running
[UL Convergence] | phase=optimize | user=1 | block=1 | n_kl=60 | epoch=257/1000 | objective=129.430237 | rate=12.913582 | power=29.999945 | r_p=7.436419 | r_c=142.343820 | r_s=0.004879 | status=running
[UL Convergence] | phase=optimize | user=1 | block=1 | n_kl=60 | epoch=258/1000 | objective=129.983292 | rate=12.913580 | power=29.999945 | r_p=7.436420 | r_c=142.896859 | r_s=0.004415 | status=running
[UL Convergence] | phase=optimize | user=1 | block=1 | n_kl=60 | epoch=259/1000 | objective=130.536392 | rate=12.913574 | power=29.999945 | r_p=7.436426 | r_c=143.449973 | r_s=0.004690 | status=running
[UL Convergence] | phase=optimize | user=1 | block=1 | n_kl=60 | epoch=260/1000 | objective=131.089600 | rate=12.913565 | power=29.999945 | r_p=7.436436 | r_c=144.003162 | r_s=0.005207 | status=running
[UL Convergence] | phase=optimize | user=1 | block=1 | n_kl=60 | epoch=261/1000 | objective=131.642593 | rate=12.913566 | power=29.999939 | r_p=7.436435 | r_c=144.556149 | r_s=0.005367 | status=running
[UL Convergence] | phase=optimize | user=1 | block=1 | n_kl=60 | epoch=262/1000 | objective=132.195618 | rate=12.913565 | power=29.999945 | r_p=7.436436 | r_c=145.109174 | r_s=0.005228 | status=running
[UL Convergence] | phase=optimize | user=1 | block=1 | n_kl=60 | epoch=263/1000 | objective=132.748611 | rate=12.913565 | power=29.999939 | r_p=7.436436 | r_c=145.662179 | r_s=0.005316 | status=running
[UL Convergence] | phase=optimize | user=1 | block=1 | n_kl=60 | epoch=264/1000 | objective=133.302689 | rate=12.913513 | power=29.999939 | r_p=7.436487 | r_c=146.216198 | r_s=0.006149 | status=running
[UL Convergence] | phase=optimize | user=1 | block=1 | n_kl=60 | epoch=265/1000 | objective=133.857040 | rate=12.913448 | power=29.999939 | r_p=7.436552 | r_c=146.770491 | r_s=0.007735 | status=running
[UL Convergence] | phase=optimize | user=1 | block=1 | n_kl=60 | epoch=266/1000 | objective=134.411957 | rate=12.913357 | power=29.999950 | r_p=7.436644 | r_c=147.325328 | r_s=0.009690 | status=running
[UL Convergence] | phase=optimize | user=1 | block=1 | n_kl=60 | epoch=267/1000 | objective=134.967255 | rate=12.913249 | power=29.999945 | r_p=7.436751 | r_c=147.880508 | r_s=0.011696 | status=running
[UL Convergence] | phase=optimize | user=1 | block=1 | n_kl=60 | epoch=268/1000 | objective=135.522537 | rate=12.913143 | power=29.999945 | r_p=7.436857 | r_c=148.435673 | r_s=0.013406 | status=running
[UL Convergence] | phase=optimize | user=1 | block=1 | n_kl=60 | epoch=269/1000 | objective=136.076202 | rate=12.913115 | power=29.999945 | r_p=7.436886 | r_c=148.989315 | r_s=0.014328 | status=running
[UL Convergence] | phase=optimize | user=1 | block=1 | n_kl=60 | epoch=270/1000 | objective=136.627411 | rate=12.913202 | power=29.999939 | r_p=7.436798 | r_c=149.540623 | r_s=0.013906 | status=running
[UL Convergence] | phase=optimize | user=1 | block=1 | n_kl=60 | epoch=271/1000 | objective=137.177612 | rate=12.913338 | power=29.999945 | r_p=7.436663 | r_c=150.090950 | r_s=0.012043 | status=running
[UL Convergence] | phase=optimize | user=1 | block=1 | n_kl=60 | epoch=272/1000 | objective=137.728989 | rate=12.913416 | power=29.999939 | r_p=7.436584 | r_c=150.642405 | r_s=0.009965 | status=running
[UL Convergence] | phase=optimize | user=1 | block=1 | n_kl=60 | epoch=273/1000 | objective=138.282486 | rate=12.913394 | power=29.999945 | r_p=7.436606 | r_c=151.195879 | r_s=0.009448 | status=running
[UL Convergence] | phase=optimize | user=1 | block=1 | n_kl=60 | epoch=274/1000 | objective=138.836273 | rate=12.913359 | power=29.999945 | r_p=7.436642 | r_c=151.749630 | r_s=0.010152 | status=running
[UL Convergence] | phase=optimize | user=1 | block=1 | n_kl=60 | epoch=275/1000 | objective=139.388275 | rate=12.913406 | power=29.999939 | r_p=7.436594 | r_c=152.301690 | r_s=0.010109 | status=running
[UL Convergence] | phase=optimize | user=1 | block=1 | n_kl=60 | epoch=276/1000 | objective=139.939224 | rate=12.913504 | power=29.999945 | r_p=7.436497 | r_c=152.852720 | r_s=0.008375 | status=running
[UL Convergence] | phase=optimize | user=1 | block=1 | n_kl=60 | epoch=277/1000 | objective=140.490906 | rate=12.913565 | power=29.999950 | r_p=7.436436 | r_c=153.404476 | r_s=0.005881 | status=running
[UL Convergence] | phase=optimize | user=1 | block=1 | n_kl=60 | epoch=278/1000 | objective=141.044769 | rate=12.913526 | power=29.999945 | r_p=7.436475 | r_c=153.958291 | r_s=0.005654 | status=running
[UL Convergence] | phase=optimize | user=1 | block=1 | n_kl=60 | epoch=279/1000 | objective=141.599319 | rate=12.913455 | power=29.999945 | r_p=7.436545 | r_c=154.512769 | r_s=0.007679 | status=running
[UL Convergence] | phase=optimize | user=1 | block=1 | n_kl=60 | epoch=280/1000 | objective=142.152145 | rate=12.913464 | power=29.999945 | r_p=7.436537 | r_c=155.065612 | r_s=0.008616 | status=running
[UL Convergence] | phase=optimize | user=1 | block=1 | n_kl=60 | epoch=281/1000 | objective=142.703583 | rate=12.913536 | power=29.999945 | r_p=7.436464 | r_c=155.617116 | r_s=0.007361 | status=running
[UL Convergence] | phase=optimize | user=1 | block=1 | n_kl=60 | epoch=282/1000 | objective=143.255447 | rate=12.913588 | power=29.999945 | r_p=7.436413 | r_c=156.169044 | r_s=0.004988 | status=running
[UL Convergence] | phase=optimize | user=1 | block=1 | n_kl=60 | epoch=283/1000 | objective=143.808990 | rate=12.913564 | power=29.999939 | r_p=7.436437 | r_c=156.722549 | r_s=0.004631 | status=running
[UL Convergence] | phase=optimize | user=1 | block=1 | n_kl=60 | epoch=284/1000 | objective=144.363113 | rate=12.913513 | power=29.999935 | r_p=7.436487 | r_c=157.276624 | r_s=0.006332 | status=running
[UL Convergence] | phase=optimize | user=1 | block=1 | n_kl=60 | epoch=285/1000 | objective=144.916092 | rate=12.913515 | power=29.999945 | r_p=7.436485 | r_c=157.829597 | r_s=0.007139 | status=running
[UL Convergence] | phase=optimize | user=1 | block=1 | n_kl=60 | epoch=286/1000 | objective=145.468307 | rate=12.913550 | power=29.999939 | r_p=7.436450 | r_c=158.381859 | r_s=0.006485 | status=running
[UL Convergence] | phase=optimize | user=1 | block=1 | n_kl=60 | epoch=287/1000 | objective=146.020966 | rate=12.913567 | power=29.999939 | r_p=7.436434 | r_c=158.934520 | r_s=0.005471 | status=running
[UL Convergence] | phase=optimize | user=1 | block=1 | n_kl=60 | epoch=288/1000 | objective=146.574493 | rate=12.913543 | power=29.999945 | r_p=7.436458 | r_c=159.488037 | r_s=0.005620 | status=running
[UL Convergence] | phase=optimize | user=1 | block=1 | n_kl=60 | epoch=289/1000 | objective=147.128510 | rate=12.913498 | power=29.999945 | r_p=7.436502 | r_c=160.042011 | r_s=0.006796 | status=running
[UL Convergence] | phase=optimize | user=1 | block=1 | n_kl=60 | epoch=290/1000 | objective=147.682129 | rate=12.913471 | power=29.999945 | r_p=7.436529 | r_c=160.595603 | r_s=0.007858 | status=running
[UL Convergence] | phase=optimize | user=1 | block=1 | n_kl=60 | epoch=291/1000 | objective=148.235641 | rate=12.913449 | power=29.999939 | r_p=7.436551 | r_c=161.149098 | r_s=0.008470 | status=running
[UL Convergence] | phase=optimize | user=1 | block=1 | n_kl=60 | epoch=292/1000 | objective=148.789200 | rate=12.913426 | power=29.999939 | r_p=7.436574 | r_c=161.702618 | r_s=0.008912 | status=running
[UL Convergence] | phase=optimize | user=1 | block=1 | n_kl=60 | epoch=293/1000 | objective=149.343109 | rate=12.913387 | power=29.999945 | r_p=7.436613 | r_c=162.256498 | r_s=0.009582 | status=running
[UL Convergence] | phase=optimize | user=1 | block=1 | n_kl=60 | epoch=294/1000 | objective=149.897400 | rate=12.913332 | power=29.999945 | r_p=7.436668 | r_c=162.810741 | r_s=0.010549 | status=running
[UL Convergence] | phase=optimize | user=1 | block=1 | n_kl=60 | epoch=295/1000 | objective=150.451385 | rate=12.913292 | power=29.999935 | r_p=7.436708 | r_c=163.364661 | r_s=0.011522 | status=running
[UL Convergence] | phase=optimize | user=1 | block=1 | n_kl=60 | epoch=296/1000 | objective=151.004471 | rate=12.913290 | power=29.999939 | r_p=7.436710 | r_c=163.917750 | r_s=0.012030 | status=running
[UL Convergence] | phase=optimize | user=1 | block=1 | n_kl=60 | epoch=297/1000 | objective=151.556534 | rate=12.913332 | power=29.999939 | r_p=7.436668 | r_c=164.469868 | r_s=0.011614 | status=running
[UL Convergence] | phase=optimize | user=1 | block=1 | n_kl=60 | epoch=298/1000 | objective=152.107330 | rate=12.913429 | power=29.999939 | r_p=7.436571 | r_c=165.020750 | r_s=0.010166 | status=running
[UL Convergence] | phase=optimize | user=1 | block=1 | n_kl=60 | epoch=299/1000 | objective=152.658722 | rate=12.913499 | power=29.999945 | r_p=7.436502 | r_c=165.572226 | r_s=0.008278 | status=running
[UL Convergence] | phase=optimize | user=1 | block=1 | n_kl=60 | epoch=300/1000 | objective=153.211365 | rate=12.913515 | power=29.999945 | r_p=7.436485 | r_c=166.124879 | r_s=0.007131 | status=running
[UL Convergence] | phase=optimize | user=1 | block=1 | n_kl=60 | epoch=301/1000 | objective=153.764862 | rate=12.913494 | power=29.999939 | r_p=7.436506 | r_c=166.678363 | r_s=0.007247 | status=running
[UL Convergence] | phase=optimize | user=1 | block=1 | n_kl=60 | epoch=302/1000 | objective=154.317963 | rate=12.913490 | power=29.999939 | r_p=7.436510 | r_c=167.231465 | r_s=0.007590 | status=running
[UL Convergence] | phase=optimize | user=1 | block=1 | n_kl=60 | epoch=303/1000 | objective=154.870392 | rate=12.913516 | power=29.999939 | r_p=7.436484 | r_c=167.783901 | r_s=0.007313 | status=running
[UL Convergence] | phase=optimize | user=1 | block=1 | n_kl=60 | epoch=304/1000 | objective=155.422943 | rate=12.913535 | power=29.999935 | r_p=7.436465 | r_c=168.336482 | r_s=0.006568 | status=running
[UL Convergence] | phase=optimize | user=1 | block=1 | n_kl=60 | epoch=305/1000 | objective=155.975632 | rate=12.913549 | power=29.999945 | r_p=7.436451 | r_c=168.889167 | r_s=0.005931 | status=running
[UL Convergence] | phase=optimize | user=1 | block=1 | n_kl=60 | epoch=306/1000 | objective=156.528656 | rate=12.913548 | power=29.999945 | r_p=7.436452 | r_c=169.442197 | r_s=0.005735 | status=running
[UL Convergence] | phase=optimize | user=1 | block=1 | n_kl=60 | epoch=307/1000 | objective=157.081543 | rate=12.913553 | power=29.999945 | r_p=7.436447 | r_c=169.995096 | r_s=0.005784 | status=running
[UL Convergence] | phase=optimize | user=1 | block=1 | n_kl=60 | epoch=308/1000 | objective=157.634537 | rate=12.913553 | power=29.999945 | r_p=7.436447 | r_c=170.548103 | r_s=0.005750 | status=running
[UL Convergence] | phase=optimize | user=1 | block=1 | n_kl=60 | epoch=309/1000 | objective=158.187408 | rate=12.913559 | power=29.999939 | r_p=7.436441 | r_c=171.100979 | r_s=0.005549 | status=running
[UL Convergence] | phase=optimize | user=1 | block=1 | n_kl=60 | epoch=310/1000 | objective=158.740112 | rate=12.913572 | power=29.999939 | r_p=7.436428 | r_c=171.653678 | r_s=0.005161 | status=running
[UL Convergence] | phase=optimize | user=1 | block=1 | n_kl=60 | epoch=311/1000 | objective=159.292786 | rate=12.913586 | power=29.999945 | r_p=7.436415 | r_c=172.206373 | r_s=0.004630 | status=running
[UL Convergence] | phase=optimize | user=1 | block=1 | n_kl=60 | epoch=312/1000 | objective=159.845566 | rate=12.913595 | power=29.999939 | r_p=7.436405 | r_c=172.759154 | r_s=0.004135 | status=running
[UL Convergence] | phase=optimize | user=1 | block=1 | n_kl=60 | epoch=313/1000 | objective=160.398727 | rate=12.913589 | power=29.999939 | r_p=7.436412 | r_c=173.312311 | r_s=0.003989 | status=running
[UL Convergence] | phase=optimize | user=1 | block=1 | n_kl=60 | epoch=314/1000 | objective=160.951767 | rate=12.913587 | power=29.999939 | r_p=7.436414 | r_c=173.865358 | r_s=0.004288 | status=running
[UL Convergence] | phase=optimize | user=1 | block=1 | n_kl=60 | epoch=315/1000 | objective=161.505142 | rate=12.913571 | power=29.999935 | r_p=7.436429 | r_c=174.418718 | r_s=0.004722 | status=running
[UL Convergence] | phase=optimize | user=1 | block=1 | n_kl=60 | epoch=316/1000 | objective=162.057983 | rate=12.913578 | power=29.999939 | r_p=7.436422 | r_c=174.971566 | r_s=0.004920 | status=running
[UL Convergence] | phase=optimize | user=1 | block=1 | n_kl=60 | epoch=317/1000 | objective=162.610901 | rate=12.913582 | power=29.999939 | r_p=7.436419 | r_c=175.524480 | r_s=0.004677 | status=running
[UL Convergence] | phase=optimize | user=1 | block=1 | n_kl=60 | epoch=318/1000 | objective=163.163452 | rate=12.913600 | power=29.999939 | r_p=7.436400 | r_c=176.077054 | r_s=0.004045 | status=running
[UL Convergence] | phase=optimize | user=1 | block=1 | n_kl=60 | epoch=319/1000 | objective=163.716125 | rate=12.913613 | power=29.999935 | r_p=7.436387 | r_c=176.629737 | r_s=0.003287 | status=running
[UL Convergence] | phase=optimize | user=1 | block=1 | n_kl=60 | epoch=320/1000 | objective=164.269089 | rate=12.913614 | power=29.999935 | r_p=7.436386 | r_c=177.182713 | r_s=0.002864 | status=running
[UL Convergence] | phase=optimize | user=1 | block=1 | n_kl=60 | epoch=321/1000 | objective=164.822327 | rate=12.913605 | power=29.999939 | r_p=7.436396 | r_c=177.735939 | r_s=0.003134 | status=running
[UL Convergence] | phase=optimize | user=1 | block=1 | n_kl=60 | epoch=322/1000 | objective=165.375763 | rate=12.913588 | power=29.999939 | r_p=7.436413 | r_c=178.289351 | r_s=0.003932 | status=running
[UL Convergence] | phase=optimize | user=1 | block=1 | n_kl=60 | epoch=323/1000 | objective=165.929474 | rate=12.913559 | power=29.999945 | r_p=7.436441 | r_c=178.843041 | r_s=0.005000 | status=running
[UL Convergence] | phase=optimize | user=1 | block=1 | n_kl=60 | epoch=324/1000 | objective=166.483566 | rate=12.913516 | power=29.999939 | r_p=7.436484 | r_c=179.397083 | r_s=0.006280 | status=running
[UL Convergence] | phase=optimize | user=1 | block=1 | n_kl=60 | epoch=325/1000 | objective=167.038223 | rate=12.913450 | power=29.999939 | r_p=7.436550 | r_c=179.951688 | r_s=0.007834 | status=running
[UL Convergence] | phase=optimize | user=1 | block=1 | n_kl=60 | epoch=326/1000 | objective=167.593430 | rate=12.913364 | power=29.999939 | r_p=7.436636 | r_c=180.506794 | r_s=0.009647 | status=running
[UL Convergence] | phase=optimize | user=1 | block=1 | n_kl=60 | epoch=327/1000 | objective=168.149521 | rate=12.913244 | power=29.999945 | r_p=7.436756 | r_c=181.062756 | r_s=0.011638 | status=running
[UL Convergence] | phase=optimize | user=1 | block=1 | n_kl=60 | epoch=328/1000 | objective=168.705719 | rate=12.913120 | power=29.999945 | r_p=7.436880 | r_c=181.618837 | r_s=0.013685 | status=running
[UL Convergence] | phase=optimize | user=1 | block=1 | n_kl=60 | epoch=329/1000 | objective=169.261642 | rate=12.913008 | power=29.999939 | r_p=7.436993 | r_c=182.174665 | r_s=0.015448 | status=running
[UL Convergence] | phase=optimize | user=1 | block=1 | n_kl=60 | epoch=330/1000 | objective=169.815094 | rate=12.912994 | power=29.999939 | r_p=7.437006 | r_c=182.728082 | r_s=0.016245 | status=running
[UL Convergence] | phase=optimize | user=1 | block=1 | n_kl=60 | epoch=331/1000 | objective=170.365997 | rate=12.913079 | power=29.999945 | r_p=7.436921 | r_c=183.279081 | r_s=0.015628 | status=running
[UL Convergence] | phase=optimize | user=1 | block=1 | n_kl=60 | epoch=332/1000 | objective=170.915894 | rate=12.913203 | power=29.999945 | r_p=7.436797 | r_c=183.829094 | r_s=0.013975 | status=running
[UL Convergence] | phase=optimize | user=1 | block=1 | n_kl=60 | epoch=333/1000 | objective=171.465240 | rate=12.913347 | power=29.999945 | r_p=7.436653 | r_c=184.378583 | r_s=0.011743 | status=running
[UL Convergence] | phase=optimize | user=1 | block=1 | n_kl=60 | epoch=334/1000 | objective=172.017334 | rate=12.913383 | power=29.999939 | r_p=7.436617 | r_c=184.930720 | r_s=0.009869 | status=running
[UL Convergence] | phase=optimize | user=1 | block=1 | n_kl=60 | epoch=335/1000 | objective=172.573318 | rate=12.913270 | power=29.999945 | r_p=7.436730 | r_c=185.486583 | r_s=0.010868 | status=running
[UL Convergence] | phase=optimize | user=1 | block=1 | n_kl=60 | epoch=336/1000 | objective=173.129318 | rate=12.913157 | power=29.999939 | r_p=7.436844 | r_c=186.042472 | r_s=0.013290 | status=running
[UL Convergence] | phase=optimize | user=1 | block=1 | n_kl=60 | epoch=337/1000 | objective=173.680466 | rate=12.913230 | power=29.999935 | r_p=7.436770 | r_c=186.593696 | r_s=0.013600 | status=running
[UL Convergence] | phase=optimize | user=1 | block=1 | n_kl=60 | epoch=338/1000 | objective=174.228851 | rate=12.913408 | power=29.999945 | r_p=7.436592 | r_c=187.142264 | r_s=0.011129 | status=running
[UL Convergence] | phase=optimize | user=1 | block=1 | n_kl=60 | epoch=339/1000 | objective=174.779984 | rate=12.913481 | power=29.999939 | r_p=7.436520 | r_c=187.693463 | r_s=0.008208 | status=running
[UL Convergence] | phase=optimize | user=1 | block=1 | n_kl=60 | epoch=340/1000 | objective=175.333694 | rate=12.913454 | power=29.999939 | r_p=7.436546 | r_c=188.247158 | r_s=0.007828 | status=running
[UL Convergence] | phase=optimize | user=1 | block=1 | n_kl=60 | epoch=341/1000 | objective=175.887390 | rate=12.913429 | power=29.999935 | r_p=7.436571 | r_c=188.800809 | r_s=0.008635 | status=running
[UL Convergence] | phase=optimize | user=1 | block=1 | n_kl=60 | epoch=342/1000 | objective=176.439392 | rate=12.913467 | power=29.999945 | r_p=7.436533 | r_c=189.352864 | r_s=0.008421 | status=running
[UL Convergence] | phase=optimize | user=1 | block=1 | n_kl=60 | epoch=343/1000 | objective=176.990768 | rate=12.913529 | power=29.999939 | r_p=7.436471 | r_c=189.904301 | r_s=0.007018 | status=running
[UL Convergence] | phase=optimize | user=1 | block=1 | n_kl=60 | epoch=344/1000 | objective=177.543503 | rate=12.913540 | power=29.999939 | r_p=7.436460 | r_c=190.457043 | r_s=0.005761 | status=running
[UL Convergence] | phase=optimize | user=1 | block=1 | n_kl=60 | epoch=345/1000 | objective=178.097397 | rate=12.913507 | power=29.999939 | r_p=7.436494 | r_c=191.010910 | r_s=0.006341 | status=running
[UL Convergence] | phase=optimize | user=1 | block=1 | n_kl=60 | epoch=346/1000 | objective=178.650955 | rate=12.913486 | power=29.999939 | r_p=7.436514 | r_c=191.564440 | r_s=0.007319 | status=running
[UL Convergence] | phase=optimize | user=1 | block=1 | n_kl=60 | epoch=347/1000 | objective=179.202621 | rate=12.913537 | power=29.999945 | r_p=7.436463 | r_c=192.116152 | r_s=0.006784 | status=running
[UL Convergence] | phase=optimize | user=1 | block=1 | n_kl=60 | epoch=348/1000 | objective=179.754166 | rate=12.913591 | power=29.999939 | r_p=7.436409 | r_c=192.667754 | r_s=0.004901 | status=running
[UL Convergence] | phase=optimize | user=1 | block=1 | n_kl=60 | epoch=349/1000 | objective=180.307495 | rate=12.913579 | power=29.999950 | r_p=7.436421 | r_c=193.221078 | r_s=0.004115 | status=running
[UL Convergence] | phase=optimize | user=1 | block=1 | n_kl=60 | epoch=350/1000 | objective=180.861404 | rate=12.913546 | power=29.999945 | r_p=7.436455 | r_c=193.774951 | r_s=0.005316 | status=running
[UL Convergence] | phase=optimize | user=1 | block=1 | n_kl=60 | epoch=351/1000 | objective=181.414200 | rate=12.913553 | power=29.999945 | r_p=7.436447 | r_c=194.327760 | r_s=0.005810 | status=running
[UL Convergence] | phase=optimize | user=1 | block=1 | n_kl=60 | epoch=352/1000 | objective=181.966171 | rate=12.913591 | power=29.999950 | r_p=7.436409 | r_c=194.879768 | r_s=0.004818 | status=running
[UL Convergence] | phase=optimize | user=1 | block=1 | n_kl=60 | epoch=353/1000 | objective=182.518967 | rate=12.913599 | power=29.999945 | r_p=7.436401 | r_c=195.432569 | r_s=0.003605 | status=running
[UL Convergence] | phase=optimize | user=1 | block=1 | n_kl=60 | epoch=354/1000 | objective=183.072418 | rate=12.913583 | power=29.999945 | r_p=7.436418 | r_c=195.985997 | r_s=0.003891 | status=running
[UL Convergence] | phase=optimize | user=1 | block=1 | n_kl=60 | epoch=355/1000 | objective=183.625458 | rate=12.913582 | power=29.999945 | r_p=7.436419 | r_c=196.539025 | r_s=0.004532 | status=running
[UL Convergence] | phase=optimize | user=1 | block=1 | n_kl=60 | epoch=356/1000 | objective=184.178040 | rate=12.913597 | power=29.999945 | r_p=7.436403 | r_c=197.091624 | r_s=0.004251 | status=running
[UL Convergence] | phase=optimize | user=1 | block=1 | n_kl=60 | epoch=357/1000 | objective=184.730545 | rate=12.913614 | power=29.999945 | r_p=7.436386 | r_c=197.644169 | r_s=0.003350 | status=running
[UL Convergence] | phase=optimize | user=1 | block=1 | n_kl=60 | epoch=358/1000 | objective=185.283630 | rate=12.913611 | power=29.999950 | r_p=7.436389 | r_c=198.197244 | r_s=0.002968 | status=running
[UL Convergence] | phase=optimize | user=1 | block=1 | n_kl=60 | epoch=359/1000 | objective=185.836868 | rate=12.913603 | power=29.999945 | r_p=7.436398 | r_c=198.750472 | r_s=0.003331 | status=running
[UL Convergence] | phase=optimize | user=1 | block=1 | n_kl=60 | epoch=360/1000 | objective=186.389664 | rate=12.913610 | power=29.999945 | r_p=7.436390 | r_c=199.303267 | r_s=0.003468 | status=running
[UL Convergence] | phase=optimize | user=1 | block=1 | n_kl=60 | epoch=361/1000 | objective=186.942596 | rate=12.913612 | power=29.999939 | r_p=7.436388 | r_c=199.856215 | r_s=0.003114 | status=running
[UL Convergence] | phase=optimize | user=1 | block=1 | n_kl=60 | epoch=362/1000 | objective=187.495438 | rate=12.913618 | power=29.999939 | r_p=7.436382 | r_c=200.409059 | r_s=0.002881 | status=running
[UL Convergence] | phase=optimize | user=1 | block=1 | n_kl=60 | epoch=363/1000 | objective=188.048950 | rate=12.913600 | power=29.999939 | r_p=7.436400 | r_c=200.962547 | r_s=0.003258 | status=running
[UL Convergence] | phase=optimize | user=1 | block=1 | n_kl=60 | epoch=364/1000 | objective=188.601868 | rate=12.913603 | power=29.999945 | r_p=7.436398 | r_c=201.515470 | r_s=0.003667 | status=running
[UL Convergence] | phase=optimize | user=1 | block=1 | n_kl=60 | epoch=365/1000 | objective=189.154816 | rate=12.913605 | power=29.999945 | r_p=7.436396 | r_c=202.068418 | r_s=0.003595 | status=running
[UL Convergence] | phase=optimize | user=1 | block=1 | n_kl=60 | epoch=366/1000 | objective=189.707779 | rate=12.913606 | power=29.999945 | r_p=7.436395 | r_c=202.621392 | r_s=0.003425 | status=running
[UL Convergence] | phase=optimize | user=1 | block=1 | n_kl=60 | epoch=367/1000 | objective=190.261398 | rate=12.913584 | power=29.999945 | r_p=7.436417 | r_c=203.174991 | r_s=0.003960 | status=running
[UL Convergence] | phase=optimize | user=1 | block=1 | n_kl=60 | epoch=368/1000 | objective=190.815170 | rate=12.913557 | power=29.999939 | r_p=7.436443 | r_c=203.728725 | r_s=0.005116 | status=running
[UL Convergence] | phase=optimize | user=1 | block=1 | n_kl=60 | epoch=369/1000 | objective=191.369263 | rate=12.913519 | power=29.999939 | r_p=7.436481 | r_c=204.282780 | r_s=0.006397 | status=running
[UL Convergence] | phase=optimize | user=1 | block=1 | n_kl=60 | epoch=370/1000 | objective=191.924271 | rate=12.913449 | power=29.999945 | r_p=7.436551 | r_c=204.837710 | r_s=0.007927 | status=running
[UL Convergence] | phase=optimize | user=1 | block=1 | n_kl=60 | epoch=371/1000 | objective=192.480988 | rate=12.913321 | power=29.999939 | r_p=7.436680 | r_c=205.394289 | r_s=0.010072 | status=running
[UL Convergence] | phase=optimize | user=1 | block=1 | n_kl=60 | epoch=372/1000 | objective=193.039062 | rate=12.913144 | power=29.999945 | r_p=7.436856 | r_c=205.952217 | r_s=0.012809 | status=running
[UL Convergence] | phase=optimize | user=1 | block=1 | n_kl=60 | epoch=373/1000 | objective=193.596786 | rate=12.912983 | power=29.999945 | r_p=7.437017 | r_c=206.509761 | r_s=0.015338 | status=running
[UL Convergence] | phase=optimize | user=1 | block=1 | n_kl=60 | epoch=374/1000 | objective=194.150238 | rate=12.912971 | power=29.999945 | r_p=7.437030 | r_c=207.063198 | r_s=0.016492 | status=running
[UL Convergence] | phase=optimize | user=1 | block=1 | n_kl=60 | epoch=375/1000 | objective=194.697372 | rate=12.913177 | power=29.999939 | r_p=7.436824 | r_c=207.610542 | r_s=0.015123 | status=running
[UL Convergence] | phase=optimize | user=1 | block=1 | n_kl=60 | epoch=376/1000 | objective=195.242859 | rate=12.913438 | power=29.999945 | r_p=7.436563 | r_c=208.156291 | r_s=0.011192 | status=running
[UL Convergence] | phase=optimize | user=1 | block=1 | n_kl=60 | epoch=377/1000 | objective=195.792984 | rate=12.913537 | power=29.999945 | r_p=7.436463 | r_c=208.706532 | r_s=0.006902 | status=running
[UL Convergence] | phase=optimize | user=1 | block=1 | n_kl=60 | epoch=378/1000 | objective=196.348831 | rate=12.913440 | power=29.999939 | r_p=7.436561 | r_c=209.262279 | r_s=0.007031 | status=running
[UL Convergence] | phase=optimize | user=1 | block=1 | n_kl=60 | epoch=379/1000 | objective=196.905243 | rate=12.913323 | power=29.999939 | r_p=7.436677 | r_c=209.818586 | r_s=0.009897 | status=running
[UL Convergence] | phase=optimize | user=1 | block=1 | n_kl=60 | epoch=380/1000 | objective=197.457382 | rate=12.913355 | power=29.999939 | r_p=7.436646 | r_c=210.370738 | r_s=0.010919 | status=running
[UL Convergence] | phase=optimize | user=1 | block=1 | n_kl=60 | epoch=381/1000 | objective=198.006729 | rate=12.913481 | power=29.999945 | r_p=7.436520 | r_c=210.920204 | r_s=0.009229 | status=running
[UL Convergence] | phase=optimize | user=1 | block=1 | n_kl=60 | epoch=382/1000 | objective=198.557541 | rate=12.913555 | power=29.999945 | r_p=7.436445 | r_c=211.471107 | r_s=0.006323 | status=running
[UL Convergence] | phase=optimize | user=1 | block=1 | n_kl=60 | epoch=383/1000 | objective=199.110962 | rate=12.913542 | power=29.999939 | r_p=7.436459 | r_c=212.024495 | r_s=0.005334 | status=running
[UL Convergence] | phase=optimize | user=1 | block=1 | n_kl=60 | epoch=384/1000 | objective=199.665176 | rate=12.913501 | power=29.999939 | r_p=7.436500 | r_c=212.578676 | r_s=0.006492 | status=running
[UL Convergence] | phase=optimize | user=1 | block=1 | n_kl=60 | epoch=385/1000 | objective=200.217712 | rate=12.913517 | power=29.999939 | r_p=7.436483 | r_c=213.131227 | r_s=0.006972 | status=running
[UL Convergence] | phase=optimize | user=1 | block=1 | n_kl=60 | epoch=386/1000 | objective=200.770035 | rate=12.913540 | power=29.999945 | r_p=7.436460 | r_c=213.683582 | r_s=0.006391 | status=running
[UL Convergence] | phase=optimize | user=1 | block=1 | n_kl=60 | epoch=387/1000 | objective=201.322937 | rate=12.913544 | power=29.999939 | r_p=7.436457 | r_c=214.236482 | r_s=0.005821 | status=running
[UL Convergence] | phase=optimize | user=1 | block=1 | n_kl=60 | epoch=388/1000 | objective=201.875595 | rate=12.913555 | power=29.999945 | r_p=7.436445 | r_c=214.789160 | r_s=0.005702 | status=running
[UL Convergence] | phase=optimize | user=1 | block=1 | n_kl=60 | epoch=389/1000 | objective=202.428040 | rate=12.913574 | power=29.999945 | r_p=7.436426 | r_c=215.341615 | r_s=0.005323 | status=running
[UL Convergence] | phase=optimize | user=1 | block=1 | n_kl=60 | epoch=390/1000 | objective=202.980637 | rate=12.913588 | power=29.999945 | r_p=7.436413 | r_c=215.894232 | r_s=0.004541 | status=running
[UL Convergence] | phase=optimize | user=1 | block=1 | n_kl=60 | epoch=391/1000 | objective=203.533752 | rate=12.913584 | power=29.999935 | r_p=7.436417 | r_c=216.447345 | r_s=0.004364 | status=running
[UL Convergence] | phase=optimize | user=1 | block=1 | n_kl=60 | epoch=392/1000 | objective=204.087158 | rate=12.913570 | power=29.999939 | r_p=7.436430 | r_c=217.000738 | r_s=0.004797 | status=running
[UL Convergence] | phase=optimize | user=1 | block=1 | n_kl=60 | epoch=393/1000 | objective=204.639679 | rate=12.913587 | power=29.999939 | r_p=7.436414 | r_c=217.553268 | r_s=0.004715 | status=running
[UL Convergence] | phase=optimize | user=1 | block=1 | n_kl=60 | epoch=394/1000 | objective=205.192276 | rate=12.913600 | power=29.999945 | r_p=7.436400 | r_c=218.105879 | r_s=0.004041 | status=running
[UL Convergence] | phase=optimize | user=1 | block=1 | n_kl=60 | epoch=395/1000 | objective=205.745407 | rate=12.913596 | power=29.999939 | r_p=7.436404 | r_c=218.658992 | r_s=0.003701 | status=running
[UL Convergence] | phase=optimize | user=1 | block=1 | n_kl=60 | epoch=396/1000 | objective=206.298477 | rate=12.913593 | power=29.999935 | r_p=7.436407 | r_c=219.212077 | r_s=0.003966 | status=running
[UL Convergence] | phase=optimize | user=1 | block=1 | n_kl=60 | epoch=397/1000 | objective=206.851410 | rate=12.913596 | power=29.999935 | r_p=7.436404 | r_c=219.764994 | r_s=0.003993 | status=running
[UL Convergence] | phase=optimize | user=1 | block=1 | n_kl=60 | epoch=398/1000 | objective=207.404022 | rate=12.913609 | power=29.999939 | r_p=7.436392 | r_c=220.317628 | r_s=0.003505 | status=running
[UL Convergence] | phase=optimize | user=1 | block=1 | n_kl=60 | epoch=399/1000 | objective=207.956818 | rate=12.913615 | power=29.999939 | r_p=7.436385 | r_c=220.870429 | r_s=0.003041 | status=running
[UL Convergence] | phase=optimize | user=1 | block=1 | n_kl=60 | epoch=400/1000 | objective=208.510056 | rate=12.913608 | power=29.999935 | r_p=7.436393 | r_c=221.423654 | r_s=0.003137 | status=running
[UL Convergence] | phase=optimize | user=1 | block=1 | n_kl=60 | epoch=401/1000 | objective=209.063141 | rate=12.913605 | power=29.999939 | r_p=7.436396 | r_c=221.976739 | r_s=0.003434 | status=running
[UL Convergence] | phase=optimize | user=1 | block=1 | n_kl=60 | epoch=402/1000 | objective=209.616013 | rate=12.913609 | power=29.999945 | r_p=7.436392 | r_c=222.529625 | r_s=0.003386 | status=running
[UL Convergence] | phase=optimize | user=1 | block=1 | n_kl=60 | epoch=403/1000 | objective=210.168884 | rate=12.913612 | power=29.999945 | r_p=7.436388 | r_c=223.082509 | r_s=0.003048 | status=running
[UL Convergence] | phase=optimize | user=1 | block=1 | n_kl=60 | epoch=404/1000 | objective=210.722046 | rate=12.913608 | power=29.999939 | r_p=7.436393 | r_c=223.635652 | r_s=0.003054 | status=running
[UL Convergence] | phase=optimize | user=1 | block=1 | n_kl=60 | epoch=405/1000 | objective=211.275604 | rate=12.913589 | power=29.999945 | r_p=7.436411 | r_c=224.189197 | r_s=0.003767 | status=running
[UL Convergence] | phase=optimize | user=1 | block=1 | n_kl=60 | epoch=406/1000 | objective=211.829239 | rate=12.913569 | power=29.999939 | r_p=7.436431 | r_c=224.742804 | r_s=0.004774 | status=running
[UL Convergence] | phase=optimize | user=1 | block=1 | n_kl=60 | epoch=407/1000 | objective=212.383255 | rate=12.913537 | power=29.999939 | r_p=7.436463 | r_c=225.296792 | r_s=0.005872 | status=running
[UL Convergence] | phase=optimize | user=1 | block=1 | n_kl=60 | epoch=408/1000 | objective=212.938232 | rate=12.913474 | power=29.999935 | r_p=7.436526 | r_c=225.851713 | r_s=0.007361 | status=running
[UL Convergence] | phase=optimize | user=1 | block=1 | n_kl=60 | epoch=409/1000 | objective=213.495132 | rate=12.913351 | power=29.999939 | r_p=7.436649 | r_c=226.408478 | r_s=0.009666 | status=running
[UL Convergence] | phase=optimize | user=1 | block=1 | n_kl=60 | epoch=410/1000 | objective=214.054718 | rate=12.913143 | power=29.999939 | r_p=7.436857 | r_c=226.967861 | r_s=0.012824 | status=running
[UL Convergence] | phase=optimize | user=1 | block=1 | n_kl=60 | epoch=411/1000 | objective=214.616058 | rate=12.912881 | power=29.999939 | r_p=7.437119 | r_c=227.528953 | r_s=0.016305 | status=running
[UL Convergence] | phase=optimize | user=1 | block=1 | n_kl=60 | epoch=412/1000 | objective=215.174042 | rate=12.912727 | power=29.999939 | r_p=7.437273 | r_c=228.086769 | r_s=0.018861 | status=running
[UL Convergence] | phase=optimize | user=1 | block=1 | n_kl=60 | epoch=413/1000 | objective=215.721802 | rate=12.912896 | power=29.999939 | r_p=7.437104 | r_c=228.634710 | r_s=0.018687 | status=running
[UL Convergence] | phase=optimize | user=1 | block=1 | n_kl=60 | epoch=414/1000 | objective=216.261780 | rate=12.913309 | power=29.999939 | r_p=7.436691 | r_c=229.175089 | r_s=0.014627 | status=running
[UL Convergence] | phase=optimize | user=1 | block=1 | n_kl=60 | epoch=415/1000 | objective=216.807770 | rate=12.913530 | power=29.999939 | r_p=7.436470 | r_c=229.721299 | r_s=0.008211 | status=running
[UL Convergence] | phase=optimize | user=1 | block=1 | n_kl=60 | epoch=416/1000 | objective=217.364502 | rate=12.913414 | power=29.999939 | r_p=7.436586 | r_c=230.277912 | r_s=0.007081 | status=running
[UL Convergence] | phase=optimize | user=1 | block=1 | n_kl=60 | epoch=417/1000 | objective=217.923355 | rate=12.913232 | power=29.999939 | r_p=7.436769 | r_c=230.836594 | r_s=0.011330 | status=running
[UL Convergence] | phase=optimize | user=1 | block=1 | n_kl=60 | epoch=418/1000 | objective=218.474731 | rate=12.913284 | power=29.999945 | r_p=7.436716 | r_c=231.388018 | r_s=0.012612 | status=running
[UL Convergence] | phase=optimize | user=1 | block=1 | n_kl=60 | epoch=419/1000 | objective=219.021484 | rate=12.913480 | power=29.999929 | r_p=7.436521 | r_c=231.934968 | r_s=0.009763 | status=running
[UL Convergence] | phase=optimize | user=1 | block=1 | n_kl=60 | epoch=420/1000 | objective=219.572357 | rate=12.913547 | power=29.999939 | r_p=7.436454 | r_c=232.485899 | r_s=0.005846 | status=running
[UL Convergence] | phase=optimize | user=1 | block=1 | n_kl=60 | epoch=421/1000 | objective=220.128723 | rate=12.913443 | power=29.999929 | r_p=7.436558 | r_c=233.042165 | r_s=0.007058 | status=running
[UL Convergence] | phase=optimize | user=1 | block=1 | n_kl=60 | epoch=422/1000 | objective=220.682632 | rate=12.913415 | power=29.999935 | r_p=7.436585 | r_c=233.596058 | r_s=0.009274 | status=running
[UL Convergence] | phase=optimize | user=1 | block=1 | n_kl=60 | epoch=423/1000 | objective=221.232559 | rate=12.913510 | power=29.999939 | r_p=7.436490 | r_c=234.146083 | r_s=0.008318 | status=running
[UL Convergence] | phase=optimize | user=1 | block=1 | n_kl=60 | epoch=424/1000 | objective=221.783264 | rate=12.913582 | power=29.999935 | r_p=7.436419 | r_c=234.696839 | r_s=0.005122 | status=running
[UL Convergence] | phase=optimize | user=1 | block=1 | n_kl=60 | epoch=425/1000 | objective=222.337677 | rate=12.913538 | power=29.999935 | r_p=7.436462 | r_c=235.251230 | r_s=0.004694 | status=running
[UL Convergence] | phase=optimize | user=1 | block=1 | n_kl=60 | epoch=426/1000 | objective=222.892075 | rate=12.913496 | power=29.999935 | r_p=7.436504 | r_c=235.805571 | r_s=0.006874 | status=running
[UL Convergence] | phase=optimize | user=1 | block=1 | n_kl=60 | epoch=427/1000 | objective=223.443787 | rate=12.913536 | power=29.999939 | r_p=7.436464 | r_c=236.357313 | r_s=0.006927 | status=running
[UL Convergence] | phase=optimize | user=1 | block=1 | n_kl=60 | epoch=428/1000 | objective=223.995163 | rate=12.913586 | power=29.999945 | r_p=7.436415 | r_c=236.908744 | r_s=0.004836 | status=running
[UL Convergence] | phase=optimize | user=1 | block=1 | n_kl=60 | epoch=429/1000 | objective=224.548660 | rate=12.913570 | power=29.999935 | r_p=7.436430 | r_c=237.462234 | r_s=0.004053 | status=running
[UL Convergence] | phase=optimize | user=1 | block=1 | n_kl=60 | epoch=430/1000 | objective=225.102539 | rate=12.913544 | power=29.999945 | r_p=7.436457 | r_c=238.016093 | r_s=0.005591 | status=running
[UL Convergence] | phase=optimize | user=1 | block=1 | n_kl=60 | epoch=431/1000 | objective=225.654694 | rate=12.913569 | power=29.999939 | r_p=7.436431 | r_c=238.568276 | r_s=0.005693 | status=running
[UL Convergence] | phase=optimize | user=1 | block=1 | n_kl=60 | epoch=432/1000 | objective=226.206497 | rate=12.913607 | power=29.999935 | r_p=7.436394 | r_c=239.120085 | r_s=0.003883 | status=running
[UL Convergence] | phase=optimize | user=1 | block=1 | n_kl=60 | epoch=433/1000 | objective=226.759796 | rate=12.913597 | power=29.999935 | r_p=7.436403 | r_c=239.673392 | r_s=0.003082 | status=running
[UL Convergence] | phase=optimize | user=1 | block=1 | n_kl=60 | epoch=434/1000 | objective=227.313690 | rate=12.913570 | power=29.999939 | r_p=7.436430 | r_c=240.227255 | r_s=0.004497 | status=running
[UL Convergence] | phase=optimize | user=1 | block=1 | n_kl=60 | epoch=435/1000 | objective=227.866119 | rate=12.913588 | power=29.999939 | r_p=7.436413 | r_c=240.779705 | r_s=0.004677 | status=running
[UL Convergence] | phase=optimize | user=1 | block=1 | n_kl=60 | epoch=436/1000 | objective=228.418060 | rate=12.913619 | power=29.999945 | r_p=7.436381 | r_c=241.331686 | r_s=0.003246 | status=running
[UL Convergence] | phase=optimize | user=1 | block=1 | n_kl=60 | epoch=437/1000 | objective=228.971359 | rate=12.913610 | power=29.999939 | r_p=7.436390 | r_c=241.884962 | r_s=0.002601 | status=running
[UL Convergence] | phase=optimize | user=1 | block=1 | n_kl=60 | epoch=438/1000 | objective=229.524902 | rate=12.913594 | power=29.999945 | r_p=7.436406 | r_c=242.438490 | r_s=0.003682 | status=running
[UL Convergence] | phase=optimize | user=1 | block=1 | n_kl=60 | epoch=439/1000 | objective=230.077667 | rate=12.913601 | power=29.999935 | r_p=7.436399 | r_c=242.991273 | r_s=0.003791 | status=running
[UL Convergence] | phase=optimize | user=1 | block=1 | n_kl=60 | epoch=440/1000 | objective=230.629898 | rate=12.913624 | power=29.999939 | r_p=7.436377 | r_c=243.543524 | r_s=0.002556 | status=running
[UL Convergence] | phase=optimize | user=1 | block=1 | n_kl=60 | epoch=441/1000 | objective=231.183075 | rate=12.913618 | power=29.999939 | r_p=7.436382 | r_c=244.096709 | r_s=0.001890 | status=running
[UL Convergence] | phase=optimize | user=1 | block=1 | n_kl=60 | epoch=442/1000 | objective=231.736343 | rate=12.913610 | power=29.999939 | r_p=7.436390 | r_c=244.649958 | r_s=0.002926 | status=running
[UL Convergence] | phase=optimize | user=1 | block=1 | n_kl=60 | epoch=443/1000 | objective=232.289658 | rate=12.913601 | power=29.999935 | r_p=7.436399 | r_c=245.203271 | r_s=0.003308 | status=running
[UL Convergence] | phase=optimize | user=1 | block=1 | n_kl=60 | epoch=444/1000 | objective=232.842010 | rate=12.913620 | power=29.999939 | r_p=7.436380 | r_c=245.755641 | r_s=0.002627 | status=running
[UL Convergence] | phase=optimize | user=1 | block=1 | n_kl=60 | epoch=445/1000 | objective=233.394943 | rate=12.913622 | power=29.999939 | r_p=7.436378 | r_c=246.308575 | r_s=0.001978 | status=running
[UL Convergence] | phase=optimize | user=1 | block=1 | n_kl=60 | epoch=446/1000 | objective=233.948273 | rate=12.913612 | power=29.999939 | r_p=7.436388 | r_c=246.861889 | r_s=0.002438 | status=running
[UL Convergence] | phase=optimize | user=1 | block=1 | n_kl=60 | epoch=447/1000 | objective=234.501190 | rate=12.913615 | power=29.999939 | r_p=7.436385 | r_c=247.414793 | r_s=0.002836 | status=running
[UL Convergence] | phase=optimize | user=1 | block=1 | n_kl=60 | epoch=448/1000 | objective=235.053894 | rate=12.913624 | power=29.999935 | r_p=7.436377 | r_c=247.967505 | r_s=0.002557 | status=running
[UL Convergence] | phase=optimize | user=1 | block=1 | n_kl=60 | epoch=449/1000 | objective=235.606888 | rate=12.913624 | power=29.999939 | r_p=7.436377 | r_c=248.520502 | r_s=0.002208 | status=running
[UL Convergence] | phase=optimize | user=1 | block=1 | n_kl=60 | epoch=450/1000 | objective=236.160278 | rate=12.913612 | power=29.999939 | r_p=7.436388 | r_c=249.073882 | r_s=0.002610 | status=running
[UL Convergence] | phase=optimize | user=1 | block=1 | n_kl=60 | epoch=451/1000 | objective=236.713669 | rate=12.913601 | power=29.999939 | r_p=7.436399 | r_c=249.627265 | r_s=0.003301 | status=running
[UL Convergence] | phase=optimize | user=1 | block=1 | n_kl=60 | epoch=452/1000 | objective=237.266907 | rate=12.913594 | power=29.999945 | r_p=7.436406 | r_c=250.180490 | r_s=0.003850 | status=running
[UL Convergence] | phase=optimize | user=1 | block=1 | n_kl=60 | epoch=453/1000 | objective=237.820755 | rate=12.913569 | power=29.999935 | r_p=7.436431 | r_c=250.734327 | r_s=0.004581 | status=running
[UL Convergence] | phase=optimize | user=1 | block=1 | n_kl=60 | epoch=454/1000 | objective=238.375381 | rate=12.913523 | power=29.999945 | r_p=7.436478 | r_c=251.288911 | r_s=0.005886 | status=running
[UL Convergence] | phase=optimize | user=1 | block=1 | n_kl=60 | epoch=455/1000 | objective=238.930756 | rate=12.913455 | power=29.999935 | r_p=7.436545 | r_c=251.844216 | r_s=0.007698 | status=running
[UL Convergence] | phase=optimize | user=1 | block=1 | n_kl=60 | epoch=456/1000 | objective=239.487595 | rate=12.913346 | power=29.999939 | r_p=7.436654 | r_c=252.400928 | r_s=0.009809 | status=running
[UL Convergence] | phase=optimize | user=1 | block=1 | n_kl=60 | epoch=457/1000 | objective=240.045456 | rate=12.913208 | power=29.999939 | r_p=7.436792 | r_c=252.958670 | r_s=0.012053 | status=running
[UL Convergence] | phase=optimize | user=1 | block=1 | n_kl=60 | epoch=458/1000 | objective=240.603012 | rate=12.913080 | power=29.999939 | r_p=7.436920 | r_c=253.516085 | r_s=0.014169 | status=running
[UL Convergence] | phase=optimize | user=1 | block=1 | n_kl=60 | epoch=459/1000 | objective=241.158340 | rate=12.913016 | power=29.999945 | r_p=7.436984 | r_c=254.071346 | r_s=0.015578 | status=running
[UL Convergence] | phase=optimize | user=1 | block=1 | n_kl=60 | epoch=460/1000 | objective=241.708496 | rate=12.913099 | power=29.999939 | r_p=7.436901 | r_c=254.621593 | r_s=0.015446 | status=running
[UL Convergence] | phase=optimize | user=1 | block=1 | n_kl=60 | epoch=461/1000 | objective=242.254181 | rate=12.913308 | power=29.999939 | r_p=7.436692 | r_c=255.167501 | r_s=0.013159 | status=running
[UL Convergence] | phase=optimize | user=1 | block=1 | n_kl=60 | epoch=462/1000 | objective=242.802017 | rate=12.913456 | power=29.999939 | r_p=7.436544 | r_c=255.715462 | r_s=0.009599 | status=running
[UL Convergence] | phase=optimize | user=1 | block=1 | n_kl=60 | epoch=463/1000 | objective=243.356918 | rate=12.913403 | power=29.999939 | r_p=7.436598 | r_c=256.270325 | r_s=0.008565 | status=running
[UL Convergence] | phase=optimize | user=1 | block=1 | n_kl=60 | epoch=464/1000 | objective=243.914581 | rate=12.913273 | power=29.999939 | r_p=7.436728 | r_c=256.827834 | r_s=0.010897 | status=running
[UL Convergence] | phase=optimize | user=1 | block=1 | n_kl=60 | epoch=465/1000 | objective=244.468369 | rate=12.913252 | power=29.999939 | r_p=7.436749 | r_c=257.381609 | r_s=0.012339 | status=running
[UL Convergence] | phase=optimize | user=1 | block=1 | n_kl=60 | epoch=466/1000 | objective=245.018021 | rate=12.913347 | power=29.999935 | r_p=7.436653 | r_c=257.931354 | r_s=0.011567 | status=running
[UL Convergence] | phase=optimize | user=1 | block=1 | n_kl=60 | epoch=467/1000 | objective=245.568665 | rate=12.913414 | power=29.999939 | r_p=7.436586 | r_c=258.482071 | r_s=0.009891 | status=running
[UL Convergence] | phase=optimize | user=1 | block=1 | n_kl=60 | epoch=468/1000 | objective=246.121109 | rate=12.913430 | power=29.999939 | r_p=7.436570 | r_c=259.034535 | r_s=0.008923 | status=running
[UL Convergence] | phase=optimize | user=1 | block=1 | n_kl=60 | epoch=469/1000 | objective=246.673660 | rate=12.913444 | power=29.999939 | r_p=7.436557 | r_c=259.587094 | r_s=0.008672 | status=running
[UL Convergence] | phase=optimize | user=1 | block=1 | n_kl=60 | epoch=470/1000 | objective=247.226105 | rate=12.913460 | power=29.999939 | r_p=7.436541 | r_c=260.139551 | r_s=0.008351 | status=running
[UL Convergence] | phase=optimize | user=1 | block=1 | n_kl=60 | epoch=471/1000 | objective=247.777313 | rate=12.913510 | power=29.999945 | r_p=7.436490 | r_c=260.690801 | r_s=0.007459 | status=running
[UL Convergence] | phase=optimize | user=1 | block=1 | n_kl=60 | epoch=472/1000 | objective=248.329727 | rate=12.913527 | power=29.999939 | r_p=7.436474 | r_c=261.243245 | r_s=0.006390 | status=running
[UL Convergence] | phase=optimize | user=1 | block=1 | n_kl=60 | epoch=473/1000 | objective=248.883423 | rate=12.913507 | power=29.999939 | r_p=7.436493 | r_c=261.796928 | r_s=0.006468 | status=running
[UL Convergence] | phase=optimize | user=1 | block=1 | n_kl=60 | epoch=474/1000 | objective=249.437195 | rate=12.913486 | power=29.999939 | r_p=7.436514 | r_c=262.350682 | r_s=0.007327 | status=running
[UL Convergence] | phase=optimize | user=1 | block=1 | n_kl=60 | epoch=475/1000 | objective=249.988510 | rate=12.913533 | power=29.999939 | r_p=7.436467 | r_c=262.902048 | r_s=0.007003 | status=running
[UL Convergence] | phase=optimize | user=1 | block=1 | n_kl=60 | epoch=476/1000 | objective=250.539474 | rate=12.913589 | power=29.999939 | r_p=7.436411 | r_c=263.453065 | r_s=0.004988 | status=running
[UL Convergence] | phase=optimize | user=1 | block=1 | n_kl=60 | epoch=477/1000 | objective=251.092773 | rate=12.913582 | power=29.999939 | r_p=7.436419 | r_c=264.006338 | r_s=0.003690 | status=running
[UL Convergence] | phase=optimize | user=1 | block=1 | n_kl=60 | epoch=478/1000 | objective=251.647186 | rate=12.913543 | power=29.999939 | r_p=7.436458 | r_c=264.560732 | r_s=0.005284 | status=running
[UL Convergence] | phase=optimize | user=1 | block=1 | n_kl=60 | epoch=479/1000 | objective=252.200165 | rate=12.913544 | power=29.999939 | r_p=7.436457 | r_c=265.113707 | r_s=0.006287 | status=running
[UL Convergence] | phase=optimize | user=1 | block=1 | n_kl=60 | epoch=480/1000 | objective=252.751602 | rate=12.913587 | power=29.999939 | r_p=7.436414 | r_c=265.665183 | r_s=0.005286 | status=running
[UL Convergence] | phase=optimize | user=1 | block=1 | n_kl=60 | epoch=481/1000 | objective=253.303482 | rate=12.913617 | power=29.999935 | r_p=7.436383 | r_c=266.217093 | r_s=0.003336 | status=running
[UL Convergence] | phase=optimize | user=1 | block=1 | n_kl=60 | epoch=482/1000 | objective=253.857178 | rate=12.913598 | power=29.999939 | r_p=7.436402 | r_c=266.770775 | r_s=0.003479 | status=running
[UL Convergence] | phase=optimize | user=1 | block=1 | n_kl=60 | epoch=483/1000 | objective=254.411423 | rate=12.913565 | power=29.999939 | r_p=7.436436 | r_c=267.324975 | r_s=0.004801 | status=running
[UL Convergence] | phase=optimize | user=1 | block=1 | n_kl=60 | epoch=484/1000 | objective=254.963516 | rate=12.913589 | power=29.999939 | r_p=7.436412 | r_c=267.877122 | r_s=0.004742 | status=running
[UL Convergence] | phase=optimize | user=1 | block=1 | n_kl=60 | epoch=485/1000 | objective=255.515488 | rate=12.913616 | power=29.999945 | r_p=7.436384 | r_c=268.429126 | r_s=0.003250 | status=running
[UL Convergence] | phase=optimize | user=1 | block=1 | n_kl=60 | epoch=486/1000 | objective=256.068451 | rate=12.913618 | power=29.999935 | r_p=7.436382 | r_c=268.982055 | r_s=0.002331 | status=running
[UL Convergence] | phase=optimize | user=1 | block=1 | n_kl=60 | epoch=487/1000 | objective=256.622345 | rate=12.913593 | power=29.999945 | r_p=7.436407 | r_c=269.535952 | r_s=0.003395 | status=running
[UL Convergence] | phase=optimize | user=1 | block=1 | n_kl=60 | epoch=488/1000 | objective=257.175079 | rate=12.913600 | power=29.999939 | r_p=7.436400 | r_c=270.088711 | r_s=0.003888 | status=running
[UL Convergence] | phase=optimize | user=1 | block=1 | n_kl=60 | epoch=489/1000 | objective=257.727203 | rate=12.913624 | power=29.999945 | r_p=7.436377 | r_c=270.640844 | r_s=0.003150 | status=running
[UL Convergence] | phase=optimize | user=1 | block=1 | n_kl=60 | epoch=490/1000 | objective=258.280457 | rate=12.913618 | power=29.999939 | r_p=7.436382 | r_c=271.194049 | r_s=0.002289 | status=running
[UL Convergence] | phase=optimize | user=1 | block=1 | n_kl=60 | epoch=491/1000 | objective=258.833588 | rate=12.913614 | power=29.999945 | r_p=7.436386 | r_c=271.747187 | r_s=0.002670 | status=running
[UL Convergence] | phase=optimize | user=1 | block=1 | n_kl=60 | epoch=492/1000 | objective=259.386627 | rate=12.913613 | power=29.999945 | r_p=7.436387 | r_c=272.300220 | r_s=0.003078 | status=running
[UL Convergence] | phase=optimize | user=1 | block=1 | n_kl=60 | epoch=493/1000 | objective=259.939270 | rate=12.913622 | power=29.999945 | r_p=7.436378 | r_c=272.852904 | r_s=0.002685 | status=running
[UL Convergence] | phase=optimize | user=1 | block=1 | n_kl=60 | epoch=494/1000 | objective=260.491974 | rate=12.913630 | power=29.999945 | r_p=7.436370 | r_c=273.405585 | r_s=0.002067 | status=running
[UL Convergence] | phase=optimize | user=1 | block=1 | n_kl=60 | epoch=495/1000 | objective=261.045471 | rate=12.913617 | power=29.999945 | r_p=7.436383 | r_c=273.959073 | r_s=0.002282 | status=running
[UL Convergence] | phase=optimize | user=1 | block=1 | n_kl=60 | epoch=496/1000 | objective=261.598572 | rate=12.913614 | power=29.999945 | r_p=7.436386 | r_c=274.512177 | r_s=0.002841 | status=running
[UL Convergence] | phase=optimize | user=1 | block=1 | n_kl=60 | epoch=497/1000 | objective=262.151733 | rate=12.913610 | power=29.999945 | r_p=7.436390 | r_c=275.065316 | r_s=0.002929 | status=running
[UL Convergence] | phase=optimize | user=1 | block=1 | n_kl=60 | epoch=498/1000 | objective=262.703949 | rate=12.913630 | power=29.999939 | r_p=7.436370 | r_c=275.617573 | r_s=0.002551 | status=running
[UL Convergence] | phase=optimize | user=1 | block=1 | n_kl=60 | epoch=499/1000 | objective=263.257263 | rate=12.913622 | power=29.999939 | r_p=7.436378 | r_c=276.170888 | r_s=0.002247 | status=running
[UL Convergence] | phase=optimize | user=1 | block=1 | n_kl=60 | epoch=500/1000 | objective=263.810486 | rate=12.913616 | power=29.999935 | r_p=7.436384 | r_c=276.724098 | r_s=0.002529 | status=running
[UL Convergence] | phase=optimize | user=1 | block=1 | n_kl=60 | epoch=501/1000 | objective=264.363983 | rate=12.913603 | power=29.999945 | r_p=7.436398 | r_c=277.277594 | r_s=0.003150 | status=running
[UL Convergence] | phase=optimize | user=1 | block=1 | n_kl=60 | epoch=502/1000 | objective=264.917358 | rate=12.913593 | power=29.999945 | r_p=7.436407 | r_c=277.830950 | r_s=0.003767 | status=running
[UL Convergence] | phase=optimize | user=1 | block=1 | n_kl=60 | epoch=503/1000 | objective=265.470764 | rate=12.913583 | power=29.999945 | r_p=7.436418 | r_c=278.384344 | r_s=0.004421 | status=running
[UL Convergence] | phase=optimize | user=1 | block=1 | n_kl=60 | epoch=504/1000 | objective=266.024872 | rate=12.913554 | power=29.999945 | r_p=7.436446 | r_c=278.938420 | r_s=0.005313 | status=running
[UL Convergence] | phase=optimize | user=1 | block=1 | n_kl=60 | epoch=505/1000 | objective=266.579407 | rate=12.913514 | power=29.999939 | r_p=7.436486 | r_c=279.492933 | r_s=0.006534 | status=running
[UL Convergence] | phase=optimize | user=1 | block=1 | n_kl=60 | epoch=506/1000 | objective=267.135193 | rate=12.913443 | power=29.999945 | r_p=7.436558 | r_c=280.048640 | r_s=0.007992 | status=running
[UL Convergence] | phase=optimize | user=1 | block=1 | n_kl=60 | epoch=507/1000 | objective=267.690582 | rate=12.913382 | power=29.999945 | r_p=7.436619 | r_c=280.603967 | r_s=0.009433 | status=running
[UL Convergence] | phase=optimize | user=1 | block=1 | n_kl=60 | epoch=508/1000 | objective=268.244934 | rate=12.913347 | power=29.999945 | r_p=7.436653 | r_c=281.158298 | r_s=0.010434 | status=running
[UL Convergence] | phase=optimize | user=1 | block=1 | n_kl=60 | epoch=509/1000 | objective=268.796875 | rate=12.913376 | power=29.999945 | r_p=7.436625 | r_c=281.710252 | r_s=0.010490 | status=running
[UL Convergence] | phase=optimize | user=1 | block=1 | n_kl=60 | epoch=510/1000 | objective=269.346802 | rate=12.913456 | power=29.999945 | r_p=7.436544 | r_c=282.260245 | r_s=0.009339 | status=running
[UL Convergence] | phase=optimize | user=1 | block=1 | n_kl=60 | epoch=511/1000 | objective=269.896790 | rate=12.913533 | power=29.999945 | r_p=7.436467 | r_c=282.810330 | r_s=0.007348 | status=running
[UL Convergence] | phase=optimize | user=1 | block=1 | n_kl=60 | epoch=512/1000 | objective=270.448425 | rate=12.913568 | power=29.999945 | r_p=7.436432 | r_c=283.361996 | r_s=0.005553 | status=running
[UL Convergence] | phase=optimize | user=1 | block=1 | n_kl=60 | epoch=513/1000 | objective=271.002014 | rate=12.913554 | power=29.999939 | r_p=7.436446 | r_c=283.915547 | r_s=0.005284 | status=running
[UL Convergence] | phase=optimize | user=1 | block=1 | n_kl=60 | epoch=514/1000 | objective=271.556793 | rate=12.913508 | power=29.999945 | r_p=7.436492 | r_c=284.470305 | r_s=0.006364 | status=running
[UL Convergence] | phase=optimize | user=1 | block=1 | n_kl=60 | epoch=515/1000 | objective=272.110901 | rate=12.913481 | power=29.999945 | r_p=7.436520 | r_c=285.024379 | r_s=0.007505 | status=running
[UL Convergence] | phase=optimize | user=1 | block=1 | n_kl=60 | epoch=516/1000 | objective=272.663940 | rate=12.913480 | power=29.999939 | r_p=7.436521 | r_c=285.577434 | r_s=0.007941 | status=running
[UL Convergence] | phase=optimize | user=1 | block=1 | n_kl=60 | epoch=517/1000 | objective=273.215607 | rate=12.913514 | power=29.999939 | r_p=7.436486 | r_c=286.129132 | r_s=0.007522 | status=running
[UL Convergence] | phase=optimize | user=1 | block=1 | n_kl=60 | epoch=518/1000 | objective=273.767487 | rate=12.913544 | power=29.999939 | r_p=7.436457 | r_c=286.681005 | r_s=0.006590 | status=running
[UL Convergence] | phase=optimize | user=1 | block=1 | n_kl=60 | epoch=519/1000 | objective=274.319794 | rate=12.913561 | power=29.999939 | r_p=7.436440 | r_c=287.233351 | r_s=0.005761 | status=running
[UL Convergence] | phase=optimize | user=1 | block=1 | n_kl=60 | epoch=520/1000 | objective=274.872864 | rate=12.913559 | power=29.999945 | r_p=7.436441 | r_c=287.786431 | r_s=0.005440 | status=running
[UL Convergence] | phase=optimize | user=1 | block=1 | n_kl=60 | epoch=521/1000 | objective=275.425903 | rate=12.913559 | power=29.999945 | r_p=7.436441 | r_c=288.339438 | r_s=0.005452 | status=running
[UL Convergence] | phase=optimize | user=1 | block=1 | n_kl=60 | epoch=522/1000 | objective=275.978760 | rate=12.913562 | power=29.999945 | r_p=7.436439 | r_c=288.892333 | r_s=0.005350 | status=running
[UL Convergence] | phase=optimize | user=1 | block=1 | n_kl=60 | epoch=523/1000 | objective=276.530914 | rate=12.913584 | power=29.999939 | r_p=7.436417 | r_c=289.444486 | r_s=0.004869 | status=running
[UL Convergence] | phase=optimize | user=1 | block=1 | n_kl=60 | epoch=524/1000 | objective=277.083221 | rate=12.913601 | power=29.999939 | r_p=7.436399 | r_c=289.996819 | r_s=0.004029 | status=running
[UL Convergence] | phase=optimize | user=1 | block=1 | n_kl=60 | epoch=525/1000 | objective=277.635773 | rate=12.913612 | power=29.999939 | r_p=7.436388 | r_c=290.549372 | r_s=0.003226 | status=running
[UL Convergence] | phase=optimize | user=1 | block=1 | n_kl=60 | epoch=526/1000 | objective=278.188812 | rate=12.913611 | power=29.999945 | r_p=7.436389 | r_c=291.102408 | r_s=0.003033 | status=running
[UL Convergence] | phase=optimize | user=1 | block=1 | n_kl=60 | epoch=527/1000 | objective=278.742065 | rate=12.913605 | power=29.999939 | r_p=7.436396 | r_c=291.655669 | r_s=0.003411 | status=running
[UL Convergence] | phase=optimize | user=1 | block=1 | n_kl=60 | epoch=528/1000 | objective=279.295319 | rate=12.913598 | power=29.999939 | r_p=7.436402 | r_c=292.208931 | r_s=0.003747 | status=running
[UL Convergence] | phase=optimize | user=1 | block=1 | n_kl=60 | epoch=529/1000 | objective=279.848145 | rate=12.913603 | power=29.999945 | r_p=7.436398 | r_c=292.761744 | r_s=0.003740 | status=running
[UL Convergence] | phase=optimize | user=1 | block=1 | n_kl=60 | epoch=530/1000 | objective=280.400513 | rate=12.913619 | power=29.999939 | r_p=7.436381 | r_c=293.314105 | r_s=0.003466 | status=running
[UL Convergence] | phase=optimize | user=1 | block=1 | n_kl=60 | epoch=531/1000 | objective=280.953827 | rate=12.913610 | power=29.999945 | r_p=7.436390 | r_c=293.867442 | r_s=0.003166 | status=running
[UL Convergence] | phase=optimize | user=1 | block=1 | n_kl=60 | epoch=532/1000 | objective=281.506531 | rate=12.913618 | power=29.999939 | r_p=7.436382 | r_c=294.420139 | r_s=0.003021 | status=running
[UL Convergence] | phase=optimize | user=1 | block=1 | n_kl=60 | epoch=533/1000 | objective=282.059631 | rate=12.913615 | power=29.999939 | r_p=7.436385 | r_c=294.973250 | r_s=0.003046 | status=running
[UL Convergence] | phase=optimize | user=1 | block=1 | n_kl=60 | epoch=534/1000 | objective=282.612854 | rate=12.913610 | power=29.999939 | r_p=7.436391 | r_c=295.526476 | r_s=0.003202 | status=running
[UL Convergence] | phase=optimize | user=1 | block=1 | n_kl=60 | epoch=535/1000 | objective=283.166229 | rate=12.913600 | power=29.999945 | r_p=7.436400 | r_c=296.079854 | r_s=0.003465 | status=running
[UL Convergence] | phase=optimize | user=1 | block=1 | n_kl=60 | epoch=536/1000 | objective=283.719269 | rate=12.913599 | power=29.999939 | r_p=7.436401 | r_c=296.632893 | r_s=0.003823 | status=running
[UL Convergence] | phase=optimize | user=1 | block=1 | n_kl=60 | epoch=537/1000 | objective=284.272766 | rate=12.913588 | power=29.999939 | r_p=7.436413 | r_c=297.186351 | r_s=0.004240 | status=running
[UL Convergence] | phase=optimize | user=1 | block=1 | n_kl=60 | epoch=538/1000 | objective=284.826324 | rate=12.913574 | power=29.999939 | r_p=7.436426 | r_c=297.739888 | r_s=0.004722 | status=running
[UL Convergence] | phase=optimize | user=1 | block=1 | n_kl=60 | epoch=539/1000 | objective=285.380157 | rate=12.913554 | power=29.999945 | r_p=7.436446 | r_c=298.293696 | r_s=0.005311 | status=running
[UL Convergence] | phase=optimize | user=1 | block=1 | n_kl=60 | epoch=540/1000 | objective=285.933960 | rate=12.913534 | power=29.999945 | r_p=7.436466 | r_c=298.847508 | r_s=0.006064 | status=running
[UL Convergence] | phase=optimize | user=1 | block=1 | n_kl=60 | epoch=541/1000 | objective=286.488220 | rate=12.913504 | power=29.999945 | r_p=7.436497 | r_c=299.401747 | r_s=0.007011 | status=running
[UL Convergence] | phase=optimize | user=1 | block=1 | n_kl=60 | epoch=542/1000 | objective=287.043610 | rate=12.913446 | power=29.999945 | r_p=7.436554 | r_c=299.957070 | r_s=0.008127 | status=running
[UL Convergence] | phase=optimize | user=1 | block=1 | n_kl=60 | epoch=543/1000 | objective=287.599030 | rate=12.913389 | power=29.999945 | r_p=7.436611 | r_c=300.512405 | r_s=0.009346 | status=running
[UL Convergence] | phase=optimize | user=1 | block=1 | n_kl=60 | epoch=544/1000 | objective=288.154083 | rate=12.913341 | power=29.999939 | r_p=7.436660 | r_c=301.067406 | r_s=0.010510 | status=running
[UL Convergence] | phase=optimize | user=1 | block=1 | n_kl=60 | epoch=545/1000 | objective=288.708649 | rate=12.913303 | power=29.999945 | r_p=7.436697 | r_c=301.621954 | r_s=0.011384 | status=running
[UL Convergence] | phase=optimize | user=1 | block=1 | n_kl=60 | epoch=546/1000 | objective=289.261566 | rate=12.913306 | power=29.999939 | r_p=7.436694 | r_c=302.174882 | r_s=0.011665 | status=running
[UL Convergence] | phase=optimize | user=1 | block=1 | n_kl=60 | epoch=547/1000 | objective=289.812775 | rate=12.913350 | power=29.999945 | r_p=7.436650 | r_c=302.726140 | r_s=0.011147 | status=running
[UL Convergence] | phase=optimize | user=1 | block=1 | n_kl=60 | epoch=548/1000 | objective=290.363007 | rate=12.913418 | power=29.999939 | r_p=7.436583 | r_c=303.276417 | r_s=0.010002 | status=running
[UL Convergence] | phase=optimize | user=1 | block=1 | n_kl=60 | epoch=549/1000 | objective=290.914734 | rate=12.913448 | power=29.999945 | r_p=7.436552 | r_c=303.828198 | r_s=0.008937 | status=running
[UL Convergence] | phase=optimize | user=1 | block=1 | n_kl=60 | epoch=550/1000 | objective=291.469055 | rate=12.913418 | power=29.999945 | r_p=7.436583 | r_c=304.382470 | r_s=0.008933 | status=running
[UL Convergence] | phase=optimize | user=1 | block=1 | n_kl=60 | epoch=551/1000 | objective=292.024719 | rate=12.913355 | power=29.999939 | r_p=7.436646 | r_c=304.938078 | r_s=0.009925 | status=running
[UL Convergence] | phase=optimize | user=1 | block=1 | n_kl=60 | epoch=552/1000 | objective=292.578247 | rate=12.913343 | power=29.999945 | r_p=7.436657 | r_c=305.491585 | r_s=0.010788 | status=running
[UL Convergence] | phase=optimize | user=1 | block=1 | n_kl=60 | epoch=553/1000 | objective=293.129150 | rate=12.913394 | power=29.999945 | r_p=7.436606 | r_c=306.042544 | r_s=0.010461 | status=running
[UL Convergence] | phase=optimize | user=1 | block=1 | n_kl=60 | epoch=554/1000 | objective=293.677307 | rate=12.913509 | power=29.999945 | r_p=7.436491 | r_c=306.590818 | r_s=0.008521 | status=running
[UL Convergence] | phase=optimize | user=1 | block=1 | n_kl=60 | epoch=555/1000 | objective=294.226715 | rate=12.913594 | power=29.999935 | r_p=7.436406 | r_c=307.140326 | r_s=0.005439 | status=running
[UL Convergence] | phase=optimize | user=1 | block=1 | n_kl=60 | epoch=556/1000 | objective=294.779755 | rate=12.913593 | power=29.999945 | r_p=7.436407 | r_c=307.693367 | r_s=0.003366 | status=running
[UL Convergence] | phase=optimize | user=1 | block=1 | n_kl=60 | epoch=557/1000 | objective=295.335266 | rate=12.913534 | power=29.999945 | r_p=7.436466 | r_c=308.248819 | r_s=0.005077 | status=running
[UL Convergence] | phase=optimize | user=1 | block=1 | n_kl=60 | epoch=558/1000 | objective=295.890411 | rate=12.913485 | power=29.999945 | r_p=7.436516 | r_c=308.803889 | r_s=0.007125 | status=running
[UL Convergence] | phase=optimize | user=1 | block=1 | n_kl=60 | epoch=559/1000 | objective=296.442535 | rate=12.913506 | power=29.999939 | r_p=7.436495 | r_c=309.356034 | r_s=0.007585 | status=running
[UL Convergence] | phase=optimize | user=1 | block=1 | n_kl=60 | epoch=560/1000 | objective=296.992920 | rate=12.913567 | power=29.999939 | r_p=7.436434 | r_c=309.906505 | r_s=0.006221 | status=running
[UL Convergence] | phase=optimize | user=1 | block=1 | n_kl=60 | epoch=561/1000 | objective=297.543762 | rate=12.913618 | power=29.999939 | r_p=7.436382 | r_c=310.457360 | r_s=0.003690 | status=running
[UL Convergence] | phase=optimize | user=1 | block=1 | n_kl=60 | epoch=562/1000 | objective=298.097198 | rate=12.913608 | power=29.999945 | r_p=7.436393 | r_c=311.010797 | r_s=0.002353 | status=running
[UL Convergence] | phase=optimize | user=1 | block=1 | n_kl=60 | epoch=563/1000 | objective=298.651611 | rate=12.913574 | power=29.999945 | r_p=7.436426 | r_c=311.565194 | r_s=0.004038 | status=running
[UL Convergence] | phase=optimize | user=1 | block=1 | n_kl=60 | epoch=564/1000 | objective=299.205444 | rate=12.913555 | power=29.999939 | r_p=7.436445 | r_c=312.118999 | r_s=0.005342 | status=running
[UL Convergence] | phase=optimize | user=1 | block=1 | n_kl=60 | epoch=565/1000 | objective=299.757172 | rate=12.913585 | power=29.999945 | r_p=7.436416 | r_c=312.670763 | r_s=0.005244 | status=running
[UL Convergence] | phase=optimize | user=1 | block=1 | n_kl=60 | epoch=566/1000 | objective=300.308838 | rate=12.913616 | power=29.999945 | r_p=7.436384 | r_c=313.222441 | r_s=0.003994 | status=running
[UL Convergence] | phase=optimize | user=1 | block=1 | n_kl=60 | epoch=567/1000 | objective=300.861877 | rate=12.913615 | power=29.999945 | r_p=7.436385 | r_c=313.775479 | r_s=0.002741 | status=running
[UL Convergence] | phase=optimize | user=1 | block=1 | n_kl=60 | epoch=568/1000 | objective=301.415253 | rate=12.913607 | power=29.999945 | r_p=7.436394 | r_c=314.328840 | r_s=0.003035 | status=running
[UL Convergence] | phase=optimize | user=1 | block=1 | n_kl=60 | epoch=569/1000 | objective=301.968842 | rate=12.913592 | power=29.999945 | r_p=7.436408 | r_c=314.882445 | r_s=0.003919 | status=running
[UL Convergence] | phase=optimize | user=1 | block=1 | n_kl=60 | epoch=570/1000 | objective=302.521637 | rate=12.913597 | power=29.999945 | r_p=7.436403 | r_c=315.435245 | r_s=0.004096 | status=running
[UL Convergence] | phase=optimize | user=1 | block=1 | n_kl=60 | epoch=571/1000 | objective=303.074005 | rate=12.913612 | power=29.999939 | r_p=7.436388 | r_c=315.987597 | r_s=0.003407 | status=running
[UL Convergence] | phase=optimize | user=1 | block=1 | n_kl=60 | epoch=572/1000 | objective=303.626648 | rate=12.913620 | power=29.999939 | r_p=7.436380 | r_c=316.540271 | r_s=0.002385 | status=running
[UL Convergence] | phase=optimize | user=1 | block=1 | n_kl=60 | epoch=573/1000 | objective=304.179504 | rate=12.913623 | power=29.999945 | r_p=7.436378 | r_c=317.093147 | r_s=0.002137 | status=running
[UL Convergence] | phase=optimize | user=1 | block=1 | n_kl=60 | epoch=574/1000 | objective=304.733185 | rate=12.913608 | power=29.999945 | r_p=7.436393 | r_c=317.646796 | r_s=0.002764 | status=running
[UL Convergence] | phase=optimize | user=1 | block=1 | n_kl=60 | epoch=575/1000 | objective=305.286011 | rate=12.913611 | power=29.999945 | r_p=7.436389 | r_c=318.199632 | r_s=0.003177 | status=running
[UL Convergence] | phase=optimize | user=1 | block=1 | n_kl=60 | epoch=576/1000 | objective=305.838684 | rate=12.913619 | power=29.999945 | r_p=7.436381 | r_c=318.752304 | r_s=0.002966 | status=running
[UL Convergence] | phase=optimize | user=1 | block=1 | n_kl=60 | epoch=577/1000 | objective=306.391174 | rate=12.913630 | power=29.999945 | r_p=7.436370 | r_c=319.304810 | r_s=0.002258 | status=running
[UL Convergence] | phase=optimize | user=1 | block=1 | n_kl=60 | epoch=578/1000 | objective=306.944153 | rate=12.913630 | power=29.999945 | r_p=7.436370 | r_c=319.857806 | r_s=0.001618 | status=running
[UL Convergence] | phase=optimize | user=1 | block=1 | n_kl=60 | epoch=579/1000 | objective=307.497375 | rate=12.913626 | power=29.999939 | r_p=7.436375 | r_c=320.411007 | r_s=0.001823 | status=running
[UL Convergence] | phase=optimize | user=1 | block=1 | n_kl=60 | epoch=580/1000 | objective=308.050964 | rate=12.913612 | power=29.999939 | r_p=7.436388 | r_c=320.964580 | r_s=0.002450 | status=running
[UL Convergence] | phase=optimize | user=1 | block=1 | n_kl=60 | epoch=581/1000 | objective=308.603851 | rate=12.913615 | power=29.999945 | r_p=7.436385 | r_c=321.517455 | r_s=0.002830 | status=running
[UL Convergence] | phase=optimize | user=1 | block=1 | n_kl=60 | epoch=582/1000 | objective=309.156799 | rate=12.913616 | power=29.999945 | r_p=7.436384 | r_c=322.070412 | r_s=0.002812 | status=running
[UL Convergence] | phase=optimize | user=1 | block=1 | n_kl=60 | epoch=583/1000 | objective=309.709534 | rate=12.913622 | power=29.999945 | r_p=7.436378 | r_c=322.623162 | r_s=0.002549 | status=running
[UL Convergence] | phase=optimize | user=1 | block=1 | n_kl=60 | epoch=584/1000 | objective=310.262756 | rate=12.913617 | power=29.999945 | r_p=7.436383 | r_c=323.176366 | r_s=0.002411 | status=running
[UL Convergence] | phase=optimize | user=1 | block=1 | n_kl=60 | epoch=585/1000 | objective=310.816132 | rate=12.913609 | power=29.999945 | r_p=7.436392 | r_c=323.729738 | r_s=0.002741 | status=running
[UL Convergence] | phase=optimize | user=1 | block=1 | n_kl=60 | epoch=586/1000 | objective=311.369568 | rate=12.913598 | power=29.999939 | r_p=7.436402 | r_c=324.283195 | r_s=0.003494 | status=running
[UL Convergence] | phase=optimize | user=1 | block=1 | n_kl=60 | epoch=587/1000 | objective=311.923767 | rate=12.913571 | power=29.999939 | r_p=7.436429 | r_c=324.837362 | r_s=0.004485 | status=running
[UL Convergence] | phase=optimize | user=1 | block=1 | n_kl=60 | epoch=588/1000 | objective=312.478363 | rate=12.913536 | power=29.999939 | r_p=7.436464 | r_c=325.391911 | r_s=0.005704 | status=running
[UL Convergence] | phase=optimize | user=1 | block=1 | n_kl=60 | epoch=589/1000 | objective=313.034149 | rate=12.913474 | power=29.999945 | r_p=7.436526 | r_c=325.947638 | r_s=0.007269 | status=running
[UL Convergence] | phase=optimize | user=1 | block=1 | n_kl=60 | epoch=590/1000 | objective=313.591644 | rate=12.913375 | power=29.999945 | r_p=7.436625 | r_c=326.505012 | r_s=0.009272 | status=running
[UL Convergence] | phase=optimize | user=1 | block=1 | n_kl=60 | epoch=591/1000 | objective=314.150879 | rate=12.913237 | power=29.999939 | r_p=7.436764 | r_c=327.064127 | r_s=0.011608 | status=running
[UL Convergence] | phase=optimize | user=1 | block=1 | n_kl=60 | epoch=592/1000 | objective=314.709778 | rate=12.913107 | power=29.999945 | r_p=7.436893 | r_c=327.622895 | r_s=0.013811 | status=running
[UL Convergence] | phase=optimize | user=1 | block=1 | n_kl=60 | epoch=593/1000 | objective=315.265106 | rate=12.913057 | power=29.999939 | r_p=7.436943 | r_c=328.178158 | r_s=0.015146 | status=running
[UL Convergence] | phase=optimize | user=1 | block=1 | n_kl=60 | epoch=594/1000 | objective=315.815094 | rate=12.913126 | power=29.999945 | r_p=7.436874 | r_c=328.728204 | r_s=0.014941 | status=running
[UL Convergence] | phase=optimize | user=1 | block=1 | n_kl=60 | epoch=595/1000 | objective=316.362244 | rate=12.913256 | power=29.999939 | r_p=7.436745 | r_c=329.275532 | r_s=0.013272 | status=running
[UL Convergence] | phase=optimize | user=1 | block=1 | n_kl=60 | epoch=596/1000 | objective=316.911255 | rate=12.913345 | power=29.999945 | r_p=7.436655 | r_c=329.824608 | r_s=0.011295 | status=running
[UL Convergence] | phase=optimize | user=1 | block=1 | n_kl=60 | epoch=597/1000 | objective=317.464874 | rate=12.913333 | power=29.999945 | r_p=7.436667 | r_c=330.378197 | r_s=0.010647 | status=running
[UL Convergence] | phase=optimize | user=1 | block=1 | n_kl=60 | epoch=598/1000 | objective=318.019104 | rate=12.913307 | power=29.999945 | r_p=7.436693 | r_c=330.932383 | r_s=0.011182 | status=running
[UL Convergence] | phase=optimize | user=1 | block=1 | n_kl=60 | epoch=599/1000 | objective=318.570129 | rate=12.913350 | power=29.999939 | r_p=7.436650 | r_c=331.483514 | r_s=0.011048 | status=running
[UL Convergence] | phase=optimize | user=1 | block=1 | n_kl=60 | epoch=600/1000 | objective=319.119385 | rate=12.913434 | power=29.999945 | r_p=7.436566 | r_c=332.032805 | r_s=0.009659 | status=running
[UL Convergence] | phase=optimize | user=1 | block=1 | n_kl=60 | epoch=601/1000 | objective=319.671417 | rate=12.913456 | power=29.999939 | r_p=7.436544 | r_c=332.584849 | r_s=0.008390 | status=running
[UL Convergence] | phase=optimize | user=1 | block=1 | n_kl=60 | epoch=602/1000 | objective=320.226624 | rate=12.913407 | power=29.999939 | r_p=7.436593 | r_c=333.140050 | r_s=0.008693 | status=running
[UL Convergence] | phase=optimize | user=1 | block=1 | n_kl=60 | epoch=603/1000 | objective=320.779144 | rate=12.913419 | power=29.999939 | r_p=7.436582 | r_c=333.692565 | r_s=0.009248 | status=running
[UL Convergence] | phase=optimize | user=1 | block=1 | n_kl=60 | epoch=604/1000 | objective=321.328461 | rate=12.913499 | power=29.999945 | r_p=7.436502 | r_c=334.241992 | r_s=0.008324 | status=running
[UL Convergence] | phase=optimize | user=1 | block=1 | n_kl=60 | epoch=605/1000 | objective=321.879272 | rate=12.913548 | power=29.999945 | r_p=7.436453 | r_c=334.792818 | r_s=0.006385 | status=running
[UL Convergence] | phase=optimize | user=1 | block=1 | n_kl=60 | epoch=606/1000 | objective=322.432709 | rate=12.913538 | power=29.999945 | r_p=7.436462 | r_c=335.346257 | r_s=0.005628 | status=running
[UL Convergence] | phase=optimize | user=1 | block=1 | n_kl=60 | epoch=607/1000 | objective=322.986359 | rate=12.913525 | power=29.999939 | r_p=7.436476 | r_c=335.899869 | r_s=0.006294 | status=running
[UL Convergence] | phase=optimize | user=1 | block=1 | n_kl=60 | epoch=608/1000 | objective=323.538757 | rate=12.913537 | power=29.999939 | r_p=7.436463 | r_c=336.452320 | r_s=0.006457 | status=running
[UL Convergence] | phase=optimize | user=1 | block=1 | n_kl=60 | epoch=609/1000 | objective=324.090637 | rate=12.913562 | power=29.999939 | r_p=7.436439 | r_c=337.004206 | r_s=0.005755 | status=running
[UL Convergence] | phase=optimize | user=1 | block=1 | n_kl=60 | epoch=610/1000 | objective=324.643555 | rate=12.913564 | power=29.999945 | r_p=7.436437 | r_c=337.557126 | r_s=0.005147 | status=running
[UL Convergence] | phase=optimize | user=1 | block=1 | n_kl=60 | epoch=611/1000 | objective=325.196503 | rate=12.913565 | power=29.999939 | r_p=7.436436 | r_c=338.110088 | r_s=0.005105 | status=running
[UL Convergence] | phase=optimize | user=1 | block=1 | n_kl=60 | epoch=612/1000 | objective=325.748779 | rate=12.913581 | power=29.999939 | r_p=7.436419 | r_c=338.662356 | r_s=0.005043 | status=running
[UL Convergence] | phase=optimize | user=1 | block=1 | n_kl=60 | epoch=613/1000 | objective=326.301544 | rate=12.913586 | power=29.999939 | r_p=7.436415 | r_c=339.215142 | r_s=0.004620 | status=running
[UL Convergence] | phase=optimize | user=1 | block=1 | n_kl=60 | epoch=614/1000 | objective=326.854187 | rate=12.913593 | power=29.999939 | r_p=7.436407 | r_c=339.767796 | r_s=0.004145 | status=running
[UL Convergence] | phase=optimize | user=1 | block=1 | n_kl=60 | epoch=615/1000 | objective=327.407318 | rate=12.913590 | power=29.999945 | r_p=7.436410 | r_c=340.320928 | r_s=0.004132 | status=running
[UL Convergence] | phase=optimize | user=1 | block=1 | n_kl=60 | epoch=616/1000 | objective=327.960754 | rate=12.913582 | power=29.999945 | r_p=7.436419 | r_c=340.874324 | r_s=0.004394 | status=running
[UL Convergence] | phase=optimize | user=1 | block=1 | n_kl=60 | epoch=617/1000 | objective=328.513000 | rate=12.913598 | power=29.999945 | r_p=7.436402 | r_c=341.426582 | r_s=0.004178 | status=running
[UL Convergence] | phase=optimize | user=1 | block=1 | n_kl=60 | epoch=618/1000 | objective=329.065186 | rate=12.913615 | power=29.999945 | r_p=7.436385 | r_c=341.978794 | r_s=0.003186 | status=running
[UL Convergence] | phase=optimize | user=1 | block=1 | n_kl=60 | epoch=619/1000 | objective=329.617981 | rate=12.913620 | power=29.999939 | r_p=7.436380 | r_c=342.531572 | r_s=0.002339 | status=running
[UL Convergence] | phase=optimize | user=1 | block=1 | n_kl=60 | epoch=620/1000 | objective=330.171661 | rate=12.913605 | power=29.999939 | r_p=7.436396 | r_c=343.085274 | r_s=0.002980 | status=running
[UL Convergence] | phase=optimize | user=1 | block=1 | n_kl=60 | epoch=621/1000 | objective=330.725067 | rate=12.913596 | power=29.999939 | r_p=7.436404 | r_c=343.638670 | r_s=0.003714 | status=running
[UL Convergence] | phase=optimize | user=1 | block=1 | n_kl=60 | epoch=622/1000 | objective=331.277588 | rate=12.913607 | power=29.999939 | r_p=7.436394 | r_c=344.191186 | r_s=0.003497 | status=running
[UL Convergence] | phase=optimize | user=1 | block=1 | n_kl=60 | epoch=623/1000 | objective=331.829803 | rate=12.913623 | power=29.999945 | r_p=7.436378 | r_c=344.743434 | r_s=0.002690 | status=running
[UL Convergence] | phase=optimize | user=1 | block=1 | n_kl=60 | epoch=624/1000 | objective=332.383301 | rate=12.913612 | power=29.999939 | r_p=7.436388 | r_c=345.296918 | r_s=0.002487 | status=running
[UL Convergence] | phase=optimize | user=1 | block=1 | n_kl=60 | epoch=625/1000 | objective=332.936127 | rate=12.913616 | power=29.999945 | r_p=7.436384 | r_c=345.849739 | r_s=0.002900 | status=running
[UL Convergence] | phase=optimize | user=1 | block=1 | n_kl=60 | epoch=626/1000 | objective=333.488953 | rate=12.913620 | power=29.999939 | r_p=7.436380 | r_c=346.402560 | r_s=0.002896 | status=running
[UL Convergence] | phase=optimize | user=1 | block=1 | n_kl=60 | epoch=627/1000 | objective=334.041840 | rate=12.913622 | power=29.999939 | r_p=7.436378 | r_c=346.955468 | r_s=0.002358 | status=running
[UL Convergence] | phase=optimize | user=1 | block=1 | n_kl=60 | epoch=628/1000 | objective=334.594543 | rate=12.913628 | power=29.999945 | r_p=7.436373 | r_c=347.508198 | r_s=0.001959 | status=running
[UL Convergence] | phase=optimize | user=1 | block=1 | n_kl=60 | epoch=629/1000 | objective=335.147552 | rate=12.913628 | power=29.999939 | r_p=7.436373 | r_c=348.061194 | r_s=0.002112 | status=running
[UL Convergence] | phase=optimize | user=1 | block=1 | n_kl=60 | epoch=630/1000 | objective=335.700806 | rate=12.913622 | power=29.999939 | r_p=7.436378 | r_c=348.614459 | r_s=0.002304 | status=running
[UL Convergence] | phase=optimize | user=1 | block=1 | n_kl=60 | epoch=631/1000 | objective=336.254028 | rate=12.913618 | power=29.999939 | r_p=7.436382 | r_c=349.167635 | r_s=0.002283 | status=running
[UL Convergence] | phase=optimize | user=1 | block=1 | n_kl=60 | epoch=632/1000 | objective=336.806976 | rate=12.913619 | power=29.999939 | r_p=7.436381 | r_c=349.720588 | r_s=0.002214 | status=running
[UL Convergence] | phase=optimize | user=1 | block=1 | n_kl=60 | epoch=633/1000 | objective=337.359985 | rate=12.913619 | power=29.999939 | r_p=7.436381 | r_c=350.273586 | r_s=0.002201 | status=running
[UL Convergence] | phase=optimize | user=1 | block=1 | n_kl=60 | epoch=634/1000 | objective=337.912659 | rate=12.913625 | power=29.999939 | r_p=7.436376 | r_c=350.826314 | r_s=0.002205 | status=running
[UL Convergence] | phase=optimize | user=1 | block=1 | n_kl=60 | epoch=635/1000 | objective=338.465881 | rate=12.913620 | power=29.999939 | r_p=7.436380 | r_c=351.379536 | r_s=0.002309 | status=running
[UL Convergence] | phase=optimize | user=1 | block=1 | n_kl=60 | epoch=636/1000 | objective=339.019012 | rate=12.913618 | power=29.999945 | r_p=7.436382 | r_c=351.932624 | r_s=0.002613 | status=running
[UL Convergence] | phase=optimize | user=1 | block=1 | n_kl=60 | epoch=637/1000 | objective=339.572418 | rate=12.913610 | power=29.999939 | r_p=7.436391 | r_c=352.486028 | r_s=0.003022 | status=running
[UL Convergence] | phase=optimize | user=1 | block=1 | n_kl=60 | epoch=638/1000 | objective=340.125732 | rate=12.913603 | power=29.999939 | r_p=7.436398 | r_c=353.039344 | r_s=0.003453 | status=running
[UL Convergence] | phase=optimize | user=1 | block=1 | n_kl=60 | epoch=639/1000 | objective=340.679291 | rate=12.913591 | power=29.999939 | r_p=7.436409 | r_c=353.592889 | r_s=0.004013 | status=running
[UL Convergence] | phase=optimize | user=1 | block=1 | n_kl=60 | epoch=640/1000 | objective=341.233154 | rate=12.913574 | power=29.999939 | r_p=7.436426 | r_c=354.146708 | r_s=0.004840 | status=running
[UL Convergence] | phase=optimize | user=1 | block=1 | n_kl=60 | epoch=641/1000 | objective=341.787872 | rate=12.913539 | power=29.999939 | r_p=7.436461 | r_c=354.701395 | r_s=0.005870 | status=running
[UL Convergence] | phase=optimize | user=1 | block=1 | n_kl=60 | epoch=642/1000 | objective=342.342499 | rate=12.913506 | power=29.999939 | r_p=7.436495 | r_c=355.256000 | r_s=0.006915 | status=running
[UL Convergence] | phase=optimize | user=1 | block=1 | n_kl=60 | epoch=643/1000 | objective=342.896484 | rate=12.913486 | power=29.999939 | r_p=7.436515 | r_c=355.809972 | r_s=0.007767 | status=running
[UL Convergence] | phase=optimize | user=1 | block=1 | n_kl=60 | epoch=644/1000 | objective=343.450378 | rate=12.913467 | power=29.999945 | r_p=7.436533 | r_c=356.363858 | r_s=0.008273 | status=running
[UL Convergence] | phase=optimize | user=1 | block=1 | n_kl=60 | epoch=645/1000 | objective=344.003418 | rate=12.913467 | power=29.999935 | r_p=7.436533 | r_c=356.916878 | r_s=0.008393 | status=running
[UL Convergence] | phase=optimize | user=1 | block=1 | n_kl=60 | epoch=646/1000 | objective=344.556549 | rate=12.913465 | power=29.999945 | r_p=7.436535 | r_c=357.469990 | r_s=0.008375 | status=running
[UL Convergence] | phase=optimize | user=1 | block=1 | n_kl=60 | epoch=647/1000 | objective=345.111206 | rate=12.913432 | power=29.999939 | r_p=7.436568 | r_c=358.024618 | r_s=0.008794 | status=running
[UL Convergence] | phase=optimize | user=1 | block=1 | n_kl=60 | epoch=648/1000 | objective=345.668335 | rate=12.913348 | power=29.999945 | r_p=7.436652 | r_c=358.581690 | r_s=0.010013 | status=running
[UL Convergence] | phase=optimize | user=1 | block=1 | n_kl=60 | epoch=649/1000 | objective=346.225952 | rate=12.913255 | power=29.999945 | r_p=7.436746 | r_c=359.139241 | r_s=0.011683 | status=running
[UL Convergence] | phase=optimize | user=1 | block=1 | n_kl=60 | epoch=650/1000 | objective=346.781281 | rate=12.913209 | power=29.999945 | r_p=7.436791 | r_c=359.694507 | r_s=0.012884 | status=running
[UL Convergence] | phase=optimize | user=1 | block=1 | n_kl=60 | epoch=651/1000 | objective=347.331146 | rate=12.913274 | power=29.999939 | r_p=7.436727 | r_c=360.244424 | r_s=0.012671 | status=running
[UL Convergence] | phase=optimize | user=1 | block=1 | n_kl=60 | epoch=652/1000 | objective=347.876373 | rate=12.913432 | power=29.999945 | r_p=7.436568 | r_c=360.789793 | r_s=0.010562 | status=running
[UL Convergence] | phase=optimize | user=1 | block=1 | n_kl=60 | epoch=653/1000 | objective=348.423401 | rate=12.913553 | power=29.999939 | r_p=7.436447 | r_c=361.336933 | r_s=0.007217 | status=running
[UL Convergence] | phase=optimize | user=1 | block=1 | n_kl=60 | epoch=654/1000 | objective=348.975891 | rate=12.913563 | power=29.999939 | r_p=7.436438 | r_c=361.889477 | r_s=0.005004 | status=running
[UL Convergence] | phase=optimize | user=1 | block=1 | n_kl=60 | epoch=655/1000 | objective=349.530975 | rate=12.913522 | power=29.999945 | r_p=7.436479 | r_c=362.444481 | r_s=0.005870 | status=running
[UL Convergence] | phase=optimize | user=1 | block=1 | n_kl=60 | epoch=656/1000 | objective=350.084747 | rate=12.913506 | power=29.999939 | r_p=7.436495 | r_c=362.998285 | r_s=0.007059 | status=running
[UL Convergence] | phase=optimize | user=1 | block=1 | n_kl=60 | epoch=657/1000 | objective=350.637054 | rate=12.913521 | power=29.999935 | r_p=7.436480 | r_c=363.550554 | r_s=0.006905 | status=running
[UL Convergence] | phase=optimize | user=1 | block=1 | n_kl=60 | epoch=658/1000 | objective=351.188629 | rate=12.913549 | power=29.999939 | r_p=7.436451 | r_c=364.102165 | r_s=0.005940 | status=running
[UL Convergence] | phase=optimize | user=1 | block=1 | n_kl=60 | epoch=659/1000 | objective=351.741516 | rate=12.913551 | power=29.999939 | r_p=7.436449 | r_c=364.655080 | r_s=0.005607 | status=running
[UL Convergence] | phase=optimize | user=1 | block=1 | n_kl=60 | epoch=660/1000 | objective=352.294800 | rate=12.913546 | power=29.999945 | r_p=7.436455 | r_c=365.208368 | r_s=0.005947 | status=running
[UL Convergence] | phase=optimize | user=1 | block=1 | n_kl=60 | epoch=661/1000 | objective=352.846680 | rate=12.913568 | power=29.999939 | r_p=7.436432 | r_c=365.760251 | r_s=0.005633 | status=running
[UL Convergence] | phase=optimize | user=1 | block=1 | n_kl=60 | epoch=662/1000 | objective=353.397858 | rate=12.913605 | power=29.999939 | r_p=7.436396 | r_c=366.311471 | r_s=0.004243 | status=running
[UL Convergence] | phase=optimize | user=1 | block=1 | n_kl=60 | epoch=663/1000 | objective=353.950684 | rate=12.913609 | power=29.999939 | r_p=7.436392 | r_c=366.864283 | r_s=0.003037 | status=running
[UL Convergence] | phase=optimize | user=1 | block=1 | n_kl=60 | epoch=664/1000 | objective=354.505219 | rate=12.913578 | power=29.999945 | r_p=7.436422 | r_c=367.418790 | r_s=0.003844 | status=running
[UL Convergence] | phase=optimize | user=1 | block=1 | n_kl=60 | epoch=665/1000 | objective=355.059021 | rate=12.913562 | power=29.999939 | r_p=7.436439 | r_c=367.972596 | r_s=0.004967 | status=running
[UL Convergence] | phase=optimize | user=1 | block=1 | n_kl=60 | epoch=666/1000 | objective=355.611206 | rate=12.913578 | power=29.999939 | r_p=7.436422 | r_c=368.524799 | r_s=0.004962 | status=running
[UL Convergence] | phase=optimize | user=1 | block=1 | n_kl=60 | epoch=667/1000 | objective=356.162903 | rate=12.913604 | power=29.999939 | r_p=7.436397 | r_c=369.076524 | r_s=0.003842 | status=running
[UL Convergence] | phase=optimize | user=1 | block=1 | n_kl=60 | epoch=668/1000 | objective=356.715240 | rate=12.913617 | power=29.999939 | r_p=7.436383 | r_c=369.628861 | r_s=0.002645 | status=running
[UL Convergence] | phase=optimize | user=1 | block=1 | n_kl=60 | epoch=669/1000 | objective=357.268402 | rate=12.913614 | power=29.999945 | r_p=7.436386 | r_c=370.182001 | r_s=0.002831 | status=running
[UL Convergence] | phase=optimize | user=1 | block=1 | n_kl=60 | epoch=670/1000 | objective=357.822357 | rate=12.913595 | power=29.999939 | r_p=7.436405 | r_c=370.735950 | r_s=0.003564 | status=running
[UL Convergence] | phase=optimize | user=1 | block=1 | n_kl=60 | epoch=671/1000 | objective=358.375153 | rate=12.913599 | power=29.999939 | r_p=7.436401 | r_c=371.288761 | r_s=0.003667 | status=running
[UL Convergence] | phase=optimize | user=1 | block=1 | n_kl=60 | epoch=672/1000 | objective=358.927307 | rate=12.913616 | power=29.999939 | r_p=7.436384 | r_c=371.840903 | r_s=0.003105 | status=running
[UL Convergence] | phase=optimize | user=1 | block=1 | n_kl=60 | epoch=673/1000 | objective=359.479858 | rate=12.913625 | power=29.999945 | r_p=7.436376 | r_c=372.393472 | r_s=0.002512 | status=running
[UL Convergence] | phase=optimize | user=1 | block=1 | n_kl=60 | epoch=674/1000 | objective=360.033447 | rate=12.913613 | power=29.999945 | r_p=7.436387 | r_c=372.947042 | r_s=0.002541 | status=running
[UL Convergence] | phase=optimize | user=1 | block=1 | n_kl=60 | epoch=675/1000 | objective=360.586578 | rate=12.913610 | power=29.999939 | r_p=7.436390 | r_c=373.500185 | r_s=0.002811 | status=running
[UL Convergence] | phase=optimize | user=1 | block=1 | n_kl=60 | epoch=676/1000 | objective=361.139282 | rate=12.913616 | power=29.999945 | r_p=7.436384 | r_c=374.052896 | r_s=0.002717 | status=running
[UL Convergence] | phase=optimize | user=1 | block=1 | n_kl=60 | epoch=677/1000 | objective=361.691864 | rate=12.913624 | power=29.999945 | r_p=7.436377 | r_c=374.605510 | r_s=0.002205 | status=running
[UL Convergence] | phase=optimize | user=1 | block=1 | n_kl=60 | epoch=678/1000 | objective=362.244690 | rate=12.913628 | power=29.999945 | r_p=7.436373 | r_c=375.158314 | r_s=0.001745 | status=running
[UL Convergence] | phase=optimize | user=1 | block=1 | n_kl=60 | epoch=679/1000 | objective=362.798157 | rate=12.913619 | power=29.999945 | r_p=7.436381 | r_c=375.711744 | r_s=0.001876 | status=running
[UL Convergence] | phase=optimize | user=1 | block=1 | n_kl=60 | epoch=680/1000 | objective=363.350922 | rate=12.913623 | power=29.999935 | r_p=7.436378 | r_c=376.264549 | r_s=0.002234 | status=running
[UL Convergence] | phase=optimize | user=1 | block=1 | n_kl=60 | epoch=681/1000 | objective=363.904022 | rate=12.913621 | power=29.999945 | r_p=7.436379 | r_c=376.817643 | r_s=0.002325 | status=running
[UL Convergence] | phase=optimize | user=1 | block=1 | n_kl=60 | epoch=682/1000 | objective=364.456573 | rate=12.913630 | power=29.999945 | r_p=7.436371 | r_c=377.370204 | r_s=0.002104 | status=running
[UL Convergence] | phase=optimize | user=1 | block=1 | n_kl=60 | epoch=683/1000 | objective=365.009857 | rate=12.913624 | power=29.999945 | r_p=7.436377 | r_c=377.923491 | r_s=0.001843 | status=running
[UL Convergence] | phase=optimize | user=1 | block=1 | n_kl=60 | epoch=684/1000 | objective=365.562866 | rate=12.913624 | power=29.999945 | r_p=7.436377 | r_c=378.476488 | r_s=0.001834 | status=running
[UL Convergence] | phase=optimize | user=1 | block=1 | n_kl=60 | epoch=685/1000 | objective=366.115906 | rate=12.913623 | power=29.999939 | r_p=7.436378 | r_c=379.029534 | r_s=0.002008 | status=running
[UL Convergence] | phase=optimize | user=1 | block=1 | n_kl=60 | epoch=686/1000 | objective=366.668762 | rate=12.913626 | power=29.999939 | r_p=7.436375 | r_c=379.582385 | r_s=0.002143 | status=running
[UL Convergence] | phase=optimize | user=1 | block=1 | n_kl=60 | epoch=687/1000 | objective=367.221649 | rate=12.913628 | power=29.999945 | r_p=7.436373 | r_c=380.135284 | r_s=0.002234 | status=running
[UL Convergence] | phase=optimize | user=1 | block=1 | n_kl=60 | epoch=688/1000 | objective=367.774902 | rate=12.913623 | power=29.999945 | r_p=7.436378 | r_c=380.688525 | r_s=0.002478 | status=running
[UL Convergence] | phase=optimize | user=1 | block=1 | n_kl=60 | epoch=689/1000 | objective=368.328491 | rate=12.913611 | power=29.999945 | r_p=7.436389 | r_c=381.242108 | r_s=0.003027 | status=running
[UL Convergence] | phase=optimize | user=1 | block=1 | n_kl=60 | epoch=690/1000 | objective=368.882629 | rate=12.913589 | power=29.999945 | r_p=7.436411 | r_c=381.796233 | r_s=0.003856 | status=running
[UL Convergence] | phase=optimize | user=1 | block=1 | n_kl=60 | epoch=691/1000 | objective=369.436920 | rate=12.913565 | power=29.999945 | r_p=7.436436 | r_c=382.350510 | r_s=0.004922 | status=running
[UL Convergence] | phase=optimize | user=1 | block=1 | n_kl=60 | epoch=692/1000 | objective=369.992584 | rate=12.913514 | power=29.999945 | r_p=7.436486 | r_c=382.906119 | r_s=0.006277 | status=running
[UL Convergence] | phase=optimize | user=1 | block=1 | n_kl=60 | epoch=693/1000 | objective=370.549744 | rate=12.913436 | power=29.999945 | r_p=7.436564 | r_c=383.463164 | r_s=0.008004 | status=running
[UL Convergence] | phase=optimize | user=1 | block=1 | n_kl=60 | epoch=694/1000 | objective=371.108704 | rate=12.913322 | power=29.999939 | r_p=7.436678 | r_c=384.022050 | r_s=0.010121 | status=running
[UL Convergence] | phase=optimize | user=1 | block=1 | n_kl=60 | epoch=695/1000 | objective=371.669006 | rate=12.913185 | power=29.999945 | r_p=7.436815 | r_c=384.582193 | r_s=0.012392 | status=running
[UL Convergence] | phase=optimize | user=1 | block=1 | n_kl=60 | epoch=696/1000 | objective=372.227661 | rate=12.913079 | power=29.999945 | r_p=7.436921 | r_c=385.140737 | r_s=0.014273 | status=running
[UL Convergence] | phase=optimize | user=1 | block=1 | n_kl=60 | epoch=697/1000 | objective=372.779663 | rate=12.913100 | power=29.999945 | r_p=7.436900 | r_c=385.692727 | r_s=0.014891 | status=running
[UL Convergence] | phase=optimize | user=1 | block=1 | n_kl=60 | epoch=698/1000 | objective=373.324219 | rate=12.913260 | power=29.999950 | r_p=7.436740 | r_c=386.237481 | r_s=0.013508 | status=running
[UL Convergence] | phase=optimize | user=1 | block=1 | n_kl=60 | epoch=699/1000 | objective=373.866089 | rate=12.913471 | power=29.999939 | r_p=7.436529 | r_c=386.779570 | r_s=0.010144 | status=running
[UL Convergence] | phase=optimize | user=1 | block=1 | n_kl=60 | epoch=700/1000 | objective=374.414185 | rate=12.913564 | power=29.999939 | r_p=7.436437 | r_c=387.327772 | r_s=0.006196 | status=running
[UL Convergence] | phase=optimize | user=1 | block=1 | n_kl=60 | epoch=701/1000 | objective=374.969666 | rate=12.913518 | power=29.999945 | r_p=7.436482 | r_c=387.883165 | r_s=0.005487 | status=running
[UL Convergence] | phase=optimize | user=1 | block=1 | n_kl=60 | epoch=702/1000 | objective=375.527588 | rate=12.913425 | power=29.999945 | r_p=7.436575 | r_c=388.441010 | r_s=0.007962 | status=running
[UL Convergence] | phase=optimize | user=1 | block=1 | n_kl=60 | epoch=703/1000 | objective=376.081696 | rate=12.913405 | power=29.999945 | r_p=7.436595 | r_c=388.995084 | r_s=0.009469 | status=running
[UL Convergence] | phase=optimize | user=1 | block=1 | n_kl=60 | epoch=704/1000 | objective=376.630676 | rate=12.913481 | power=29.999945 | r_p=7.436520 | r_c=389.544167 | r_s=0.008788 | status=running
[UL Convergence] | phase=optimize | user=1 | block=1 | n_kl=60 | epoch=705/1000 | objective=377.178894 | rate=12.913570 | power=29.999939 | r_p=7.436430 | r_c=390.092483 | r_s=0.006347 | status=running
[UL Convergence] | phase=optimize | user=1 | block=1 | n_kl=60 | epoch=706/1000 | objective=377.731018 | rate=12.913588 | power=29.999939 | r_p=7.436413 | r_c=390.644586 | r_s=0.004128 | status=running
[UL Convergence] | phase=optimize | user=1 | block=1 | n_kl=60 | epoch=707/1000 | objective=378.286072 | rate=12.913549 | power=29.999939 | r_p=7.436451 | r_c=391.199595 | r_s=0.004807 | status=running
[UL Convergence] | phase=optimize | user=1 | block=1 | n_kl=60 | epoch=708/1000 | objective=378.840607 | rate=12.913521 | power=29.999945 | r_p=7.436480 | r_c=391.754110 | r_s=0.006272 | status=running
[UL Convergence] | phase=optimize | user=1 | block=1 | n_kl=60 | epoch=709/1000 | objective=379.392365 | rate=12.913544 | power=29.999945 | r_p=7.436457 | r_c=392.305915 | r_s=0.006417 | status=running
[UL Convergence] | phase=optimize | user=1 | block=1 | n_kl=60 | epoch=710/1000 | objective=379.943024 | rate=12.913588 | power=29.999945 | r_p=7.436413 | r_c=392.856606 | r_s=0.005220 | status=running
[UL Convergence] | phase=optimize | user=1 | block=1 | n_kl=60 | epoch=711/1000 | objective=380.495331 | rate=12.913600 | power=29.999945 | r_p=7.436400 | r_c=393.408953 | r_s=0.003829 | status=running
[UL Convergence] | phase=optimize | user=1 | block=1 | n_kl=60 | epoch=712/1000 | objective=381.049438 | rate=12.913580 | power=29.999939 | r_p=7.436420 | r_c=393.963014 | r_s=0.003860 | status=running
[UL Convergence] | phase=optimize | user=1 | block=1 | n_kl=60 | epoch=713/1000 | objective=381.602844 | rate=12.913572 | power=29.999945 | r_p=7.436428 | r_c=394.516422 | r_s=0.004713 | status=running
[UL Convergence] | phase=optimize | user=1 | block=1 | n_kl=60 | epoch=714/1000 | objective=382.155548 | rate=12.913578 | power=29.999939 | r_p=7.436422 | r_c=395.069123 | r_s=0.004892 | status=running
[UL Convergence] | phase=optimize | user=1 | block=1 | n_kl=60 | epoch=715/1000 | objective=382.706757 | rate=12.913611 | power=29.999945 | r_p=7.436389 | r_c=395.620351 | r_s=0.004108 | status=running
[UL Convergence] | phase=optimize | user=1 | block=1 | n_kl=60 | epoch=716/1000 | objective=383.259583 | rate=12.913614 | power=29.999939 | r_p=7.436386 | r_c=396.173197 | r_s=0.003023 | status=running
[UL Convergence] | phase=optimize | user=1 | block=1 | n_kl=60 | epoch=717/1000 | objective=383.812836 | rate=12.913610 | power=29.999945 | r_p=7.436391 | r_c=396.726450 | r_s=0.002893 | status=running
[UL Convergence] | phase=optimize | user=1 | block=1 | n_kl=60 | epoch=718/1000 | objective=384.366455 | rate=12.913598 | power=29.999945 | r_p=7.436402 | r_c=397.280061 | r_s=0.003527 | status=running
[UL Convergence] | phase=optimize | user=1 | block=1 | n_kl=60 | epoch=719/1000 | objective=384.918945 | rate=12.913608 | power=29.999939 | r_p=7.436393 | r_c=397.832551 | r_s=0.003713 | status=running
[UL Convergence] | phase=optimize | user=1 | block=1 | n_kl=60 | epoch=720/1000 | objective=385.471466 | rate=12.913616 | power=29.999945 | r_p=7.436384 | r_c=398.385091 | r_s=0.003147 | status=running
[UL Convergence] | phase=optimize | user=1 | block=1 | n_kl=60 | epoch=721/1000 | objective=386.024139 | rate=12.913622 | power=29.999935 | r_p=7.436378 | r_c=398.937782 | r_s=0.002378 | status=running
[UL Convergence] | phase=optimize | user=1 | block=1 | n_kl=60 | epoch=722/1000 | objective=386.577484 | rate=12.913616 | power=29.999945 | r_p=7.436384 | r_c=399.491087 | r_s=0.002405 | status=running
[UL Convergence] | phase=optimize | user=1 | block=1 | n_kl=60 | epoch=723/1000 | objective=387.130768 | rate=12.913610 | power=29.999939 | r_p=7.436390 | r_c=400.044393 | r_s=0.002946 | status=running
[UL Convergence] | phase=optimize | user=1 | block=1 | n_kl=60 | epoch=724/1000 | objective=387.683777 | rate=12.913610 | power=29.999939 | r_p=7.436390 | r_c=400.597392 | r_s=0.003064 | status=running
[UL Convergence] | phase=optimize | user=1 | block=1 | n_kl=60 | epoch=725/1000 | objective=388.236115 | rate=12.913622 | power=29.999939 | r_p=7.436378 | r_c=401.149773 | r_s=0.002569 | status=running
[UL Convergence] | phase=optimize | user=1 | block=1 | n_kl=60 | epoch=726/1000 | objective=388.788605 | rate=12.913631 | power=29.999939 | r_p=7.436369 | r_c=401.702255 | r_s=0.001913 | status=running
[UL Convergence] | phase=optimize | user=1 | block=1 | n_kl=60 | epoch=727/1000 | objective=389.342224 | rate=12.913620 | power=29.999939 | r_p=7.436380 | r_c=402.255870 | r_s=0.001886 | status=running
[UL Convergence] | phase=optimize | user=1 | block=1 | n_kl=60 | epoch=728/1000 | objective=389.895355 | rate=12.913618 | power=29.999945 | r_p=7.436382 | r_c=402.808971 | r_s=0.002322 | status=running
[UL Convergence] | phase=optimize | user=1 | block=1 | n_kl=60 | epoch=729/1000 | objective=390.448242 | rate=12.913620 | power=29.999945 | r_p=7.436380 | r_c=403.361865 | r_s=0.002533 | status=running
[UL Convergence] | phase=optimize | user=1 | block=1 | n_kl=60 | epoch=730/1000 | objective=391.001129 | rate=12.913622 | power=29.999945 | r_p=7.436378 | r_c=403.914759 | r_s=0.002376 | status=running
[UL Convergence] | phase=optimize | user=1 | block=1 | n_kl=60 | epoch=731/1000 | objective=391.554382 | rate=12.913618 | power=29.999945 | r_p=7.436382 | r_c=404.467964 | r_s=0.002090 | status=running
[UL Convergence] | phase=optimize | user=1 | block=1 | n_kl=60 | epoch=732/1000 | objective=392.107086 | rate=12.913623 | power=29.999945 | r_p=7.436378 | r_c=405.020702 | r_s=0.002051 | status=running
[UL Convergence] | phase=optimize | user=1 | block=1 | n_kl=60 | epoch=733/1000 | objective=392.660217 | rate=12.913620 | power=29.999939 | r_p=7.436380 | r_c=405.573855 | r_s=0.002364 | status=running
[UL Convergence] | phase=optimize | user=1 | block=1 | n_kl=60 | epoch=734/1000 | objective=393.213684 | rate=12.913612 | power=29.999939 | r_p=7.436388 | r_c=406.127269 | r_s=0.002836 | status=running
[UL Convergence] | phase=optimize | user=1 | block=1 | n_kl=60 | epoch=735/1000 | objective=393.766815 | rate=12.913610 | power=29.999939 | r_p=7.436391 | r_c=406.680425 | r_s=0.003347 | status=running
[UL Convergence] | phase=optimize | user=1 | block=1 | n_kl=60 | epoch=736/1000 | objective=394.320709 | rate=12.913593 | power=29.999945 | r_p=7.436407 | r_c=407.234311 | r_s=0.003939 | status=running
[UL Convergence] | phase=optimize | user=1 | block=1 | n_kl=60 | epoch=737/1000 | objective=394.875000 | rate=12.913570 | power=29.999939 | r_p=7.436430 | r_c=407.788568 | r_s=0.004734 | status=running
[UL Convergence] | phase=optimize | user=1 | block=1 | n_kl=60 | epoch=738/1000 | objective=395.429901 | rate=12.913536 | power=29.999945 | r_p=7.436464 | r_c=408.343458 | r_s=0.005815 | status=running
[UL Convergence] | phase=optimize | user=1 | block=1 | n_kl=60 | epoch=739/1000 | objective=395.985809 | rate=12.913485 | power=29.999945 | r_p=7.436516 | r_c=408.899300 | r_s=0.007152 | status=running
[UL Convergence] | phase=optimize | user=1 | block=1 | n_kl=60 | epoch=740/1000 | objective=396.542267 | rate=12.913424 | power=29.999939 | r_p=7.436577 | r_c=409.455678 | r_s=0.008574 | status=running
[UL Convergence] | phase=optimize | user=1 | block=1 | n_kl=60 | epoch=741/1000 | objective=397.097839 | rate=12.913378 | power=29.999945 | r_p=7.436623 | r_c=410.011229 | r_s=0.009815 | status=running
[UL Convergence] | phase=optimize | user=1 | block=1 | n_kl=60 | epoch=742/1000 | objective=397.652832 | rate=12.913343 | power=29.999939 | r_p=7.436657 | r_c=410.566158 | r_s=0.010628 | status=running
[UL Convergence] | phase=optimize | user=1 | block=1 | n_kl=60 | epoch=743/1000 | objective=398.205627 | rate=12.913347 | power=29.999945 | r_p=7.436653 | r_c=411.118985 | r_s=0.010884 | status=running
[UL Convergence] | phase=optimize | user=1 | block=1 | n_kl=60 | epoch=744/1000 | objective=398.756683 | rate=12.913383 | power=29.999939 | r_p=7.436618 | r_c=411.670070 | r_s=0.010524 | status=running
[UL Convergence] | phase=optimize | user=1 | block=1 | n_kl=60 | epoch=745/1000 | objective=399.306000 | rate=12.913448 | power=29.999945 | r_p=7.436552 | r_c=412.219456 | r_s=0.009432 | status=running
[UL Convergence] | phase=optimize | user=1 | block=1 | n_kl=60 | epoch=746/1000 | objective=399.855560 | rate=12.913509 | power=29.999945 | r_p=7.436491 | r_c=412.769091 | r_s=0.007796 | status=running
[UL Convergence] | phase=optimize | user=1 | block=1 | n_kl=60 | epoch=747/1000 | objective=400.407806 | rate=12.913524 | power=29.999945 | r_p=7.436477 | r_c=413.321310 | r_s=0.006683 | status=running
[UL Convergence] | phase=optimize | user=1 | block=1 | n_kl=60 | epoch=748/1000 | objective=400.963226 | rate=12.913481 | power=29.999945 | r_p=7.436520 | r_c=413.876710 | r_s=0.007324 | status=running
[UL Convergence] | phase=optimize | user=1 | block=1 | n_kl=60 | epoch=749/1000 | objective=401.518951 | rate=12.913433 | power=29.999939 | r_p=7.436567 | r_c=414.432386 | r_s=0.008678 | status=running
[UL Convergence] | phase=optimize | user=1 | block=1 | n_kl=60 | epoch=750/1000 | objective=402.070831 | rate=12.913453 | power=29.999945 | r_p=7.436547 | r_c=414.984293 | r_s=0.009077 | status=running
[UL Convergence] | phase=optimize | user=1 | block=1 | n_kl=60 | epoch=751/1000 | objective=402.619995 | rate=12.913521 | power=29.999945 | r_p=7.436480 | r_c=415.533532 | r_s=0.007893 | status=running
[UL Convergence] | phase=optimize | user=1 | block=1 | n_kl=60 | epoch=752/1000 | objective=403.169128 | rate=12.913589 | power=29.999945 | r_p=7.436411 | r_c=416.082703 | r_s=0.005559 | status=running
[UL Convergence] | phase=optimize | user=1 | block=1 | n_kl=60 | epoch=753/1000 | objective=403.721252 | rate=12.913605 | power=29.999945 | r_p=7.436396 | r_c=416.634850 | r_s=0.003636 | status=running
[UL Convergence] | phase=optimize | user=1 | block=1 | n_kl=60 | epoch=754/1000 | objective=404.275787 | rate=12.913578 | power=29.999939 | r_p=7.436422 | r_c=417.189348 | r_s=0.004007 | status=running
[UL Convergence] | phase=optimize | user=1 | block=1 | n_kl=60 | epoch=755/1000 | objective=404.830109 | rate=12.913555 | power=29.999945 | r_p=7.436445 | r_c=417.743637 | r_s=0.005272 | status=running
[UL Convergence] | phase=optimize | user=1 | block=1 | n_kl=60 | epoch=756/1000 | objective=405.383728 | rate=12.913544 | power=29.999945 | r_p=7.436457 | r_c=418.297288 | r_s=0.005929 | status=running
[UL Convergence] | phase=optimize | user=1 | block=1 | n_kl=60 | epoch=757/1000 | objective=405.935486 | rate=12.913566 | power=29.999945 | r_p=7.436435 | r_c=418.849061 | r_s=0.005742 | status=running
[UL Convergence] | phase=optimize | user=1 | block=1 | n_kl=60 | epoch=758/1000 | objective=406.487030 | rate=12.913591 | power=29.999950 | r_p=7.436409 | r_c=419.400615 | r_s=0.004878 | status=running
[UL Convergence] | phase=optimize | user=1 | block=1 | n_kl=60 | epoch=759/1000 | objective=407.039154 | rate=12.913607 | power=29.999945 | r_p=7.436394 | r_c=419.952755 | r_s=0.003778 | status=running
[UL Convergence] | phase=optimize | user=1 | block=1 | n_kl=60 | epoch=760/1000 | objective=407.592102 | rate=12.913608 | power=29.999950 | r_p=7.436393 | r_c=420.505700 | r_s=0.003343 | status=running
[UL Convergence] | phase=optimize | user=1 | block=1 | n_kl=60 | epoch=761/1000 | objective=408.146118 | rate=12.913589 | power=29.999945 | r_p=7.436411 | r_c=421.059726 | r_s=0.003990 | status=running
[UL Convergence] | phase=optimize | user=1 | block=1 | n_kl=60 | epoch=762/1000 | objective=408.699799 | rate=12.913578 | power=29.999945 | r_p=7.436422 | r_c=421.613377 | r_s=0.004693 | status=running
[UL Convergence] | phase=optimize | user=1 | block=1 | n_kl=60 | epoch=763/1000 | objective=409.252258 | rate=12.913588 | power=29.999945 | r_p=7.436413 | r_c=422.165839 | r_s=0.004663 | status=running
[UL Convergence] | phase=optimize | user=1 | block=1 | n_kl=60 | epoch=764/1000 | objective=409.803925 | rate=12.913610 | power=29.999945 | r_p=7.436390 | r_c=422.717540 | r_s=0.003877 | status=running
[UL Convergence] | phase=optimize | user=1 | block=1 | n_kl=60 | epoch=765/1000 | objective=410.356812 | rate=12.913612 | power=29.999945 | r_p=7.436388 | r_c=423.270431 | r_s=0.003068 | status=running
[UL Convergence] | phase=optimize | user=1 | block=1 | n_kl=60 | epoch=766/1000 | objective=410.910156 | rate=12.913607 | power=29.999945 | r_p=7.436394 | r_c=423.823756 | r_s=0.003218 | status=running
[UL Convergence] | phase=optimize | user=1 | block=1 | n_kl=60 | epoch=767/1000 | objective=411.463959 | rate=12.913592 | power=29.999945 | r_p=7.436408 | r_c=424.377571 | r_s=0.003955 | status=running
[UL Convergence] | phase=optimize | user=1 | block=1 | n_kl=60 | epoch=768/1000 | objective=412.017151 | rate=12.913589 | power=29.999945 | r_p=7.436411 | r_c=424.930737 | r_s=0.004418 | status=running
[UL Convergence] | phase=optimize | user=1 | block=1 | n_kl=60 | epoch=769/1000 | objective=412.570526 | rate=12.913583 | power=29.999945 | r_p=7.436418 | r_c=425.484121 | r_s=0.004413 | status=running
[UL Convergence] | phase=optimize | user=1 | block=1 | n_kl=60 | epoch=770/1000 | objective=413.123230 | rate=12.913589 | power=29.999945 | r_p=7.436412 | r_c=426.036796 | r_s=0.004240 | status=running
[UL Convergence] | phase=optimize | user=1 | block=1 | n_kl=60 | epoch=771/1000 | objective=413.676239 | rate=12.913589 | power=29.999939 | r_p=7.436412 | r_c=426.589798 | r_s=0.004327 | status=running
[UL Convergence] | phase=optimize | user=1 | block=1 | n_kl=60 | epoch=772/1000 | objective=414.230377 | rate=12.913568 | power=29.999939 | r_p=7.436432 | r_c=427.143951 | r_s=0.004805 | status=running
[UL Convergence] | phase=optimize | user=1 | block=1 | n_kl=60 | epoch=773/1000 | objective=414.784180 | rate=12.913555 | power=29.999945 | r_p=7.436445 | r_c=427.697724 | r_s=0.005437 | status=running
[UL Convergence] | phase=optimize | user=1 | block=1 | n_kl=60 | epoch=774/1000 | objective=415.337830 | rate=12.913544 | power=29.999939 | r_p=7.436457 | r_c=428.251390 | r_s=0.005960 | status=running
[UL Convergence] | phase=optimize | user=1 | block=1 | n_kl=60 | epoch=775/1000 | objective=415.891022 | rate=12.913541 | power=29.999939 | r_p=7.436460 | r_c=428.804564 | r_s=0.006251 | status=running
[UL Convergence] | phase=optimize | user=1 | block=1 | n_kl=60 | epoch=776/1000 | objective=416.444092 | rate=12.913540 | power=29.999945 | r_p=7.436460 | r_c=429.357628 | r_s=0.006297 | status=running
[UL Convergence] | phase=optimize | user=1 | block=1 | n_kl=60 | epoch=777/1000 | objective=416.996704 | rate=12.913547 | power=29.999945 | r_p=7.436454 | r_c=429.910252 | r_s=0.006133 | status=running
[UL Convergence] | phase=optimize | user=1 | block=1 | n_kl=60 | epoch=778/1000 | objective=417.548920 | rate=12.913560 | power=29.999939 | r_p=7.436440 | r_c=430.462487 | r_s=0.005796 | status=running
[UL Convergence] | phase=optimize | user=1 | block=1 | n_kl=60 | epoch=779/1000 | objective=418.101318 | rate=12.913570 | power=29.999939 | r_p=7.436430 | r_c=431.014886 | r_s=0.005317 | status=running
[UL Convergence] | phase=optimize | user=1 | block=1 | n_kl=60 | epoch=780/1000 | objective=418.652954 | rate=12.913593 | power=29.999945 | r_p=7.436407 | r_c=431.566562 | r_s=0.004704 | status=running
[UL Convergence] | phase=optimize | user=1 | block=1 | n_kl=60 | epoch=781/1000 | objective=419.205231 | rate=12.913606 | power=29.999945 | r_p=7.436395 | r_c=432.118843 | r_s=0.003986 | status=running
[UL Convergence] | phase=optimize | user=1 | block=1 | n_kl=60 | epoch=782/1000 | objective=419.757874 | rate=12.913612 | power=29.999939 | r_p=7.436388 | r_c=432.671455 | r_s=0.003262 | status=running
[UL Convergence] | phase=optimize | user=1 | block=1 | n_kl=60 | epoch=783/1000 | objective=420.310516 | rate=12.913618 | power=29.999945 | r_p=7.436382 | r_c=433.224120 | r_s=0.002822 | status=running
[UL Convergence] | phase=optimize | user=1 | block=1 | n_kl=60 | epoch=784/1000 | objective=420.863739 | rate=12.913614 | power=29.999939 | r_p=7.436386 | r_c=433.777340 | r_s=0.002985 | status=running
[UL Convergence] | phase=optimize | user=1 | block=1 | n_kl=60 | epoch=785/1000 | objective=421.417847 | rate=12.913595 | power=29.999939 | r_p=7.436405 | r_c=434.331453 | r_s=0.003618 | status=running
[UL Convergence] | phase=optimize | user=1 | block=1 | n_kl=60 | epoch=786/1000 | objective=421.971558 | rate=12.913584 | power=29.999939 | r_p=7.436417 | r_c=434.885123 | r_s=0.004335 | status=running
[UL Convergence] | phase=optimize | user=1 | block=1 | n_kl=60 | epoch=787/1000 | objective=422.525452 | rate=12.913568 | power=29.999939 | r_p=7.436432 | r_c=435.439020 | r_s=0.004931 | status=running
[UL Convergence] | phase=optimize | user=1 | block=1 | n_kl=60 | epoch=788/1000 | objective=423.079315 | rate=12.913554 | power=29.999939 | r_p=7.436446 | r_c=435.992863 | r_s=0.005383 | status=running
[UL Convergence] | phase=optimize | user=1 | block=1 | n_kl=60 | epoch=789/1000 | objective=423.632477 | rate=12.913551 | power=29.999939 | r_p=7.436449 | r_c=436.546039 | r_s=0.005746 | status=running
[UL Convergence] | phase=optimize | user=1 | block=1 | n_kl=60 | epoch=790/1000 | objective=424.186279 | rate=12.913538 | power=29.999945 | r_p=7.436462 | r_c=437.099831 | r_s=0.006060 | status=running
[UL Convergence] | phase=optimize | user=1 | block=1 | n_kl=60 | epoch=791/1000 | objective=424.739471 | rate=12.913535 | power=29.999945 | r_p=7.436465 | r_c=437.653009 | r_s=0.006335 | status=running
[UL Convergence] | phase=optimize | user=1 | block=1 | n_kl=60 | epoch=792/1000 | objective=425.292908 | rate=12.913528 | power=29.999935 | r_p=7.436472 | r_c=438.206413 | r_s=0.006553 | status=running
[UL Convergence] | phase=optimize | user=1 | block=1 | n_kl=60 | epoch=793/1000 | objective=425.846466 | rate=12.913519 | power=29.999939 | r_p=7.436481 | r_c=438.759987 | r_s=0.006705 | status=running
[UL Convergence] | phase=optimize | user=1 | block=1 | n_kl=60 | epoch=794/1000 | objective=426.399475 | rate=12.913519 | power=29.999939 | r_p=7.436481 | r_c=439.312999 | r_s=0.006774 | status=running
[UL Convergence] | phase=optimize | user=1 | block=1 | n_kl=60 | epoch=795/1000 | objective=426.952179 | rate=12.913525 | power=29.999939 | r_p=7.436476 | r_c=439.865673 | r_s=0.006746 | status=running
[UL Convergence] | phase=optimize | user=1 | block=1 | n_kl=60 | epoch=796/1000 | objective=427.504395 | rate=12.913537 | power=29.999935 | r_p=7.436463 | r_c=440.417951 | r_s=0.006608 | status=running
[UL Convergence] | phase=optimize | user=1 | block=1 | n_kl=60 | epoch=797/1000 | objective=428.057007 | rate=12.913544 | power=29.999939 | r_p=7.436457 | r_c=440.970565 | r_s=0.006374 | status=running
[UL Convergence] | phase=optimize | user=1 | block=1 | n_kl=60 | epoch=798/1000 | objective=428.609589 | rate=12.913551 | power=29.999939 | r_p=7.436449 | r_c=441.523121 | r_s=0.006055 | status=running
[UL Convergence] | phase=optimize | user=1 | block=1 | n_kl=60 | epoch=799/1000 | objective=429.161774 | rate=12.913565 | power=29.999939 | r_p=7.436436 | r_c=442.075335 | r_s=0.005669 | status=running
[UL Convergence] | phase=optimize | user=1 | block=1 | n_kl=60 | epoch=800/1000 | objective=429.713928 | rate=12.913579 | power=29.999939 | r_p=7.436421 | r_c=442.627489 | r_s=0.005197 | status=running
[UL Convergence] | phase=optimize | user=1 | block=1 | n_kl=60 | epoch=801/1000 | objective=430.266022 | rate=12.913593 | power=29.999945 | r_p=7.436407 | r_c=443.179640 | r_s=0.004634 | status=running
[UL Convergence] | phase=optimize | user=1 | block=1 | n_kl=60 | epoch=802/1000 | objective=430.818512 | rate=12.913602 | power=29.999945 | r_p=7.436399 | r_c=443.732130 | r_s=0.003987 | status=running
[UL Convergence] | phase=optimize | user=1 | block=1 | n_kl=60 | epoch=803/1000 | objective=431.371063 | rate=12.913610 | power=29.999935 | r_p=7.436391 | r_c=444.284674 | r_s=0.003319 | status=running
[UL Convergence] | phase=optimize | user=1 | block=1 | n_kl=60 | epoch=804/1000 | objective=431.924011 | rate=12.913610 | power=29.999939 | r_p=7.436390 | r_c=444.837616 | r_s=0.002744 | status=running
[UL Convergence] | phase=optimize | user=1 | block=1 | n_kl=60 | epoch=805/1000 | objective=432.476654 | rate=12.913616 | power=29.999939 | r_p=7.436384 | r_c=445.390272 | r_s=0.002461 | status=running
[UL Convergence] | phase=optimize | user=1 | block=1 | n_kl=60 | epoch=806/1000 | objective=433.029877 | rate=12.913612 | power=29.999945 | r_p=7.436388 | r_c=445.943499 | r_s=0.002610 | status=running
[UL Convergence] | phase=optimize | user=1 | block=1 | n_kl=60 | epoch=807/1000 | objective=433.583282 | rate=12.913606 | power=29.999945 | r_p=7.436395 | r_c=446.496899 | r_s=0.003061 | status=running
[UL Convergence] | phase=optimize | user=1 | block=1 | n_kl=60 | epoch=808/1000 | objective=434.136444 | rate=12.913603 | power=29.999945 | r_p=7.436398 | r_c=447.050070 | r_s=0.003560 | status=running
[UL Convergence] | phase=optimize | user=1 | block=1 | n_kl=60 | epoch=809/1000 | objective=434.690002 | rate=12.913594 | power=29.999939 | r_p=7.436406 | r_c=447.603587 | r_s=0.003926 | status=running
[UL Convergence] | phase=optimize | user=1 | block=1 | n_kl=60 | epoch=810/1000 | objective=435.242828 | rate=12.913597 | power=29.999939 | r_p=7.436403 | r_c=448.156416 | r_s=0.004094 | status=running
[UL Convergence] | phase=optimize | user=1 | block=1 | n_kl=60 | epoch=811/1000 | objective=435.796234 | rate=12.913590 | power=29.999939 | r_p=7.436410 | r_c=448.709820 | r_s=0.004081 | status=running
[UL Convergence] | phase=optimize | user=1 | block=1 | n_kl=60 | epoch=812/1000 | objective=436.348694 | rate=12.913599 | power=29.999939 | r_p=7.436401 | r_c=449.262303 | r_s=0.004000 | status=running
[UL Convergence] | phase=optimize | user=1 | block=1 | n_kl=60 | epoch=813/1000 | objective=436.902039 | rate=12.913593 | power=29.999939 | r_p=7.436407 | r_c=449.815650 | r_s=0.004036 | status=running
[UL Convergence] | phase=optimize | user=1 | block=1 | n_kl=60 | epoch=814/1000 | objective=437.455780 | rate=12.913582 | power=29.999939 | r_p=7.436419 | r_c=450.369344 | r_s=0.004440 | status=running
[UL Convergence] | phase=optimize | user=1 | block=1 | n_kl=60 | epoch=815/1000 | objective=438.010956 | rate=12.913547 | power=29.999945 | r_p=7.436454 | r_c=450.924487 | r_s=0.005391 | status=running
[UL Convergence] | phase=optimize | user=1 | block=1 | n_kl=60 | epoch=816/1000 | objective=438.567078 | rate=12.913496 | power=29.999945 | r_p=7.436504 | r_c=451.480564 | r_s=0.006893 | status=running
[UL Convergence] | phase=optimize | user=1 | block=1 | n_kl=60 | epoch=817/1000 | objective=439.125458 | rate=12.913409 | power=29.999939 | r_p=7.436591 | r_c=452.038856 | r_s=0.008711 | status=running
[UL Convergence] | phase=optimize | user=1 | block=1 | n_kl=60 | epoch=818/1000 | objective=439.682434 | rate=12.913345 | power=29.999945 | r_p=7.436655 | r_c=452.595773 | r_s=0.010348 | status=running
[UL Convergence] | phase=optimize | user=1 | block=1 | n_kl=60 | epoch=819/1000 | objective=440.235992 | rate=12.913337 | power=29.999939 | r_p=7.436664 | r_c=453.149335 | r_s=0.011063 | status=running
[UL Convergence] | phase=optimize | user=1 | block=1 | n_kl=60 | epoch=820/1000 | objective=440.785858 | rate=12.913388 | power=29.999939 | r_p=7.436612 | r_c=453.699232 | r_s=0.010436 | status=running
[UL Convergence] | phase=optimize | user=1 | block=1 | n_kl=60 | epoch=821/1000 | objective=441.336151 | rate=12.913432 | power=29.999939 | r_p=7.436568 | r_c=454.249585 | r_s=0.009232 | status=running
[UL Convergence] | phase=optimize | user=1 | block=1 | n_kl=60 | epoch=822/1000 | objective=441.890656 | rate=12.913408 | power=29.999939 | r_p=7.436592 | r_c=454.804068 | r_s=0.009081 | status=running
[UL Convergence] | phase=optimize | user=1 | block=1 | n_kl=60 | epoch=823/1000 | objective=442.445374 | rate=12.913381 | power=29.999939 | r_p=7.436620 | r_c=455.358791 | r_s=0.009834 | status=running
[UL Convergence] | phase=optimize | user=1 | block=1 | n_kl=60 | epoch=824/1000 | objective=442.994995 | rate=12.913436 | power=29.999939 | r_p=7.436564 | r_c=455.908433 | r_s=0.009652 | status=running
[UL Convergence] | phase=optimize | user=1 | block=1 | n_kl=60 | epoch=825/1000 | objective=443.541779 | rate=12.913536 | power=29.999939 | r_p=7.436464 | r_c=456.455311 | r_s=0.007733 | status=running
[UL Convergence] | phase=optimize | user=1 | block=1 | n_kl=60 | epoch=826/1000 | objective=444.092010 | rate=12.913581 | power=29.999939 | r_p=7.436419 | r_c=457.005567 | r_s=0.005265 | status=running
[UL Convergence] | phase=optimize | user=1 | block=1 | n_kl=60 | epoch=827/1000 | objective=444.647034 | rate=12.913548 | power=29.999939 | r_p=7.436452 | r_c=457.560565 | r_s=0.005060 | status=running
[UL Convergence] | phase=optimize | user=1 | block=1 | n_kl=60 | epoch=828/1000 | objective=445.201416 | rate=12.913527 | power=29.999939 | r_p=7.436474 | r_c=458.114925 | r_s=0.006246 | status=running
[UL Convergence] | phase=optimize | user=1 | block=1 | n_kl=60 | epoch=829/1000 | objective=445.753204 | rate=12.913546 | power=29.999945 | r_p=7.436455 | r_c=458.666760 | r_s=0.006291 | status=running
[UL Convergence] | phase=optimize | user=1 | block=1 | n_kl=60 | epoch=830/1000 | objective=446.304321 | rate=12.913576 | power=29.999939 | r_p=7.436424 | r_c=459.217884 | r_s=0.005215 | status=running
[UL Convergence] | phase=optimize | user=1 | block=1 | n_kl=60 | epoch=831/1000 | objective=446.857391 | rate=12.913575 | power=29.999939 | r_p=7.436425 | r_c=459.770947 | r_s=0.004600 | status=running
[UL Convergence] | phase=optimize | user=1 | block=1 | n_kl=60 | epoch=832/1000 | objective=447.410980 | rate=12.913566 | power=29.999939 | r_p=7.436435 | r_c=460.324541 | r_s=0.005051 | status=running
[UL Convergence] | phase=optimize | user=1 | block=1 | n_kl=60 | epoch=833/1000 | objective=447.963318 | rate=12.913576 | power=29.999939 | r_p=7.436424 | r_c=460.876897 | r_s=0.005159 | status=running
[UL Convergence] | phase=optimize | user=1 | block=1 | n_kl=60 | epoch=834/1000 | objective=448.515289 | rate=12.913592 | power=29.999939 | r_p=7.436408 | r_c=461.428895 | r_s=0.004369 | status=running
[UL Convergence] | phase=optimize | user=1 | block=1 | n_kl=60 | epoch=835/1000 | objective=449.067627 | rate=12.913603 | power=29.999939 | r_p=7.436398 | r_c=461.981245 | r_s=0.003562 | status=running
[UL Convergence] | phase=optimize | user=1 | block=1 | n_kl=60 | epoch=836/1000 | objective=449.620758 | rate=12.913601 | power=29.999945 | r_p=7.436399 | r_c=462.534363 | r_s=0.003683 | status=running
[UL Convergence] | phase=optimize | user=1 | block=1 | n_kl=60 | epoch=837/1000 | objective=450.174011 | rate=12.913597 | power=29.999945 | r_p=7.436403 | r_c=463.087601 | r_s=0.003992 | status=running
[UL Convergence] | phase=optimize | user=1 | block=1 | n_kl=60 | epoch=838/1000 | objective=450.727020 | rate=12.913597 | power=29.999939 | r_p=7.436403 | r_c=463.640602 | r_s=0.003800 | status=running
[UL Convergence] | phase=optimize | user=1 | block=1 | n_kl=60 | epoch=839/1000 | objective=451.279419 | rate=12.913607 | power=29.999945 | r_p=7.436394 | r_c=464.193008 | r_s=0.003470 | status=running
[UL Convergence] | phase=optimize | user=1 | block=1 | n_kl=60 | epoch=840/1000 | objective=451.832397 | rate=12.913607 | power=29.999945 | r_p=7.436394 | r_c=464.746007 | r_s=0.003474 | status=running
[UL Convergence] | phase=optimize | user=1 | block=1 | n_kl=60 | epoch=841/1000 | objective=452.385529 | rate=12.913605 | power=29.999939 | r_p=7.436396 | r_c=465.299126 | r_s=0.003485 | status=running
[UL Convergence] | phase=optimize | user=1 | block=1 | n_kl=60 | epoch=842/1000 | objective=452.937744 | rate=12.913617 | power=29.999939 | r_p=7.436383 | r_c=465.851349 | r_s=0.003098 | status=running
[UL Convergence] | phase=optimize | user=1 | block=1 | n_kl=60 | epoch=843/1000 | objective=453.490356 | rate=12.913623 | power=29.999939 | r_p=7.436378 | r_c=466.403989 | r_s=0.002574 | status=running
[UL Convergence] | phase=optimize | user=1 | block=1 | n_kl=60 | epoch=844/1000 | objective=454.043427 | rate=12.913622 | power=29.999939 | r_p=7.436378 | r_c=466.957046 | r_s=0.002468 | status=running
[UL Convergence] | phase=optimize | user=1 | block=1 | n_kl=60 | epoch=845/1000 | objective=454.596924 | rate=12.913614 | power=29.999939 | r_p=7.436386 | r_c=467.510522 | r_s=0.002636 | status=running
[UL Convergence] | phase=optimize | user=1 | block=1 | n_kl=60 | epoch=846/1000 | objective=455.149475 | rate=12.913621 | power=29.999939 | r_p=7.436379 | r_c=468.063101 | r_s=0.002607 | status=running
[UL Convergence] | phase=optimize | user=1 | block=1 | n_kl=60 | epoch=847/1000 | objective=455.702271 | rate=12.913624 | power=29.999939 | r_p=7.436377 | r_c=468.615918 | r_s=0.002424 | status=running
[UL Convergence] | phase=optimize | user=1 | block=1 | n_kl=60 | epoch=848/1000 | objective=456.255615 | rate=12.913619 | power=29.999939 | r_p=7.436381 | r_c=469.169216 | r_s=0.002389 | status=running
[UL Convergence] | phase=optimize | user=1 | block=1 | n_kl=60 | epoch=849/1000 | objective=456.808289 | rate=12.913624 | power=29.999939 | r_p=7.436377 | r_c=469.721912 | r_s=0.002410 | status=running
[UL Convergence] | phase=optimize | user=1 | block=1 | n_kl=60 | epoch=850/1000 | objective=457.361664 | rate=12.913618 | power=29.999939 | r_p=7.436382 | r_c=470.275271 | r_s=0.002176 | status=running
[UL Convergence] | phase=optimize | user=1 | block=1 | n_kl=60 | epoch=851/1000 | objective=457.914032 | rate=12.913628 | power=29.999935 | r_p=7.436373 | r_c=470.827665 | r_s=0.001722 | status=running
[UL Convergence] | phase=optimize | user=1 | block=1 | n_kl=60 | epoch=852/1000 | objective=458.466553 | rate=12.913635 | power=29.999939 | r_p=7.436365 | r_c=471.380178 | r_s=0.001549 | status=running
[UL Convergence] | phase=optimize | user=1 | block=1 | n_kl=60 | epoch=853/1000 | objective=459.019958 | rate=12.913629 | power=29.999939 | r_p=7.436372 | r_c=471.933597 | r_s=0.001837 | status=running
[UL Convergence] | phase=optimize | user=1 | block=1 | n_kl=60 | epoch=854/1000 | objective=459.573364 | rate=12.913622 | power=29.999939 | r_p=7.436378 | r_c=472.487017 | r_s=0.002070 | status=running
[UL Convergence] | phase=optimize | user=1 | block=1 | n_kl=60 | epoch=855/1000 | objective=460.126068 | rate=12.913627 | power=29.999939 | r_p=7.436374 | r_c=473.039711 | r_s=0.002053 | status=running
[UL Convergence] | phase=optimize | user=1 | block=1 | n_kl=60 | epoch=856/1000 | objective=460.679443 | rate=12.913621 | power=29.999935 | r_p=7.436379 | r_c=473.593072 | r_s=0.002056 | status=running
[UL Convergence] | phase=optimize | user=1 | block=1 | n_kl=60 | epoch=857/1000 | objective=461.232758 | rate=12.913616 | power=29.999939 | r_p=7.436384 | r_c=474.146373 | r_s=0.002368 | status=running
[UL Convergence] | phase=optimize | user=1 | block=1 | n_kl=60 | epoch=858/1000 | objective=461.786011 | rate=12.913612 | power=29.999939 | r_p=7.436388 | r_c=474.699615 | r_s=0.002858 | status=running
[UL Convergence] | phase=optimize | user=1 | block=1 | n_kl=60 | epoch=859/1000 | objective=462.339355 | rate=12.913607 | power=29.999945 | r_p=7.436394 | r_c=475.252979 | r_s=0.003348 | status=running
[UL Convergence] | phase=optimize | user=1 | block=1 | n_kl=60 | epoch=860/1000 | objective=462.893402 | rate=12.913590 | power=29.999939 | r_p=7.436410 | r_c=475.807016 | r_s=0.003935 | status=running
[UL Convergence] | phase=optimize | user=1 | block=1 | n_kl=60 | epoch=861/1000 | objective=463.448212 | rate=12.913563 | power=29.999945 | r_p=7.436438 | r_c=476.361790 | r_s=0.004824 | status=running
[UL Convergence] | phase=optimize | user=1 | block=1 | n_kl=60 | epoch=862/1000 | objective=464.003540 | rate=12.913527 | power=29.999945 | r_p=7.436473 | r_c=476.917059 | r_s=0.006061 | status=running
[UL Convergence] | phase=optimize | user=1 | block=1 | n_kl=60 | epoch=863/1000 | objective=464.559937 | rate=12.913475 | power=29.999945 | r_p=7.436525 | r_c=477.473438 | r_s=0.007491 | status=running
[UL Convergence] | phase=optimize | user=1 | block=1 | n_kl=60 | epoch=864/1000 | objective=465.116486 | rate=12.913422 | power=29.999945 | r_p=7.436579 | r_c=478.029890 | r_s=0.008873 | status=running
[UL Convergence] | phase=optimize | user=1 | block=1 | n_kl=60 | epoch=865/1000 | objective=465.672363 | rate=12.913378 | power=29.999945 | r_p=7.436623 | r_c=478.585740 | r_s=0.009910 | status=running
[UL Convergence] | phase=optimize | user=1 | block=1 | n_kl=60 | epoch=866/1000 | objective=466.225586 | rate=12.913375 | power=29.999935 | r_p=7.436625 | r_c=479.138958 | r_s=0.010363 | status=running
[UL Convergence] | phase=optimize | user=1 | block=1 | n_kl=60 | epoch=867/1000 | objective=466.778076 | rate=12.913383 | power=29.999939 | r_p=7.436617 | r_c=479.691438 | r_s=0.010305 | status=running
[UL Convergence] | phase=optimize | user=1 | block=1 | n_kl=60 | epoch=868/1000 | objective=467.330780 | rate=12.913388 | power=29.999939 | r_p=7.436612 | r_c=480.244163 | r_s=0.010137 | status=running
[UL Convergence] | phase=optimize | user=1 | block=1 | n_kl=60 | epoch=869/1000 | objective=467.884033 | rate=12.913384 | power=29.999935 | r_p=7.436616 | r_c=480.797442 | r_s=0.010177 | status=running
[UL Convergence] | phase=optimize | user=1 | block=1 | n_kl=60 | epoch=870/1000 | objective=468.437103 | rate=12.913384 | power=29.999939 | r_p=7.436616 | r_c=481.350474 | r_s=0.010293 | status=running
[UL Convergence] | phase=optimize | user=1 | block=1 | n_kl=60 | epoch=871/1000 | objective=468.989319 | rate=12.913397 | power=29.999939 | r_p=7.436604 | r_c=481.902703 | r_s=0.010119 | status=running
[UL Convergence] | phase=optimize | user=1 | block=1 | n_kl=60 | epoch=872/1000 | objective=469.539673 | rate=12.913437 | power=29.999939 | r_p=7.436563 | r_c=482.453136 | r_s=0.009449 | status=running
[UL Convergence] | phase=optimize | user=1 | block=1 | n_kl=60 | epoch=873/1000 | objective=470.089233 | rate=12.913489 | power=29.999939 | r_p=7.436511 | r_c=483.002754 | r_s=0.008367 | status=running
[UL Convergence] | phase=optimize | user=1 | block=1 | n_kl=60 | epoch=874/1000 | objective=470.639648 | rate=12.913529 | power=29.999939 | r_p=7.436471 | r_c=483.553166 | r_s=0.007124 | status=running
[UL Convergence] | phase=optimize | user=1 | block=1 | n_kl=60 | epoch=875/1000 | objective=471.191406 | rate=12.913548 | power=29.999945 | r_p=7.436452 | r_c=484.104935 | r_s=0.006131 | status=running
[UL Convergence] | phase=optimize | user=1 | block=1 | n_kl=60 | epoch=876/1000 | objective=471.744415 | rate=12.913548 | power=29.999939 | r_p=7.436452 | r_c=484.657944 | r_s=0.005737 | status=running
[UL Convergence] | phase=optimize | user=1 | block=1 | n_kl=60 | epoch=877/1000 | objective=472.297607 | rate=12.913546 | power=29.999945 | r_p=7.436455 | r_c=485.211138 | r_s=0.005889 | status=running
[UL Convergence] | phase=optimize | user=1 | block=1 | n_kl=60 | epoch=878/1000 | objective=472.851593 | rate=12.913530 | power=29.999945 | r_p=7.436470 | r_c=485.765144 | r_s=0.006315 | status=running
[UL Convergence] | phase=optimize | user=1 | block=1 | n_kl=60 | epoch=879/1000 | objective=473.405060 | rate=12.913524 | power=29.999939 | r_p=7.436477 | r_c=486.318591 | r_s=0.006730 | status=running
[UL Convergence] | phase=optimize | user=1 | block=1 | n_kl=60 | epoch=880/1000 | objective=473.957611 | rate=12.913530 | power=29.999945 | r_p=7.436470 | r_c=486.871166 | r_s=0.006718 | status=running
[UL Convergence] | phase=optimize | user=1 | block=1 | n_kl=60 | epoch=881/1000 | objective=474.508209 | rate=12.913567 | power=29.999945 | r_p=7.436434 | r_c=487.421801 | r_s=0.005980 | status=running
[UL Convergence] | phase=optimize | user=1 | block=1 | n_kl=60 | epoch=882/1000 | objective=475.059540 | rate=12.913592 | power=29.999939 | r_p=7.436408 | r_c=487.973117 | r_s=0.004757 | status=running
[UL Convergence] | phase=optimize | user=1 | block=1 | n_kl=60 | epoch=883/1000 | objective=475.612732 | rate=12.913589 | power=29.999939 | r_p=7.436411 | r_c=488.526307 | r_s=0.004093 | status=running
[UL Convergence] | phase=optimize | user=1 | block=1 | n_kl=60 | epoch=884/1000 | objective=476.167023 | rate=12.913570 | power=29.999939 | r_p=7.436430 | r_c=489.080563 | r_s=0.004730 | status=running
[UL Convergence] | phase=optimize | user=1 | block=1 | n_kl=60 | epoch=885/1000 | objective=476.721283 | rate=12.913551 | power=29.999939 | r_p=7.436449 | r_c=489.634824 | r_s=0.005521 | status=running
[UL Convergence] | phase=optimize | user=1 | block=1 | n_kl=60 | epoch=886/1000 | objective=477.272827 | rate=12.913573 | power=29.999939 | r_p=7.436427 | r_c=490.186386 | r_s=0.005420 | status=running
[UL Convergence] | phase=optimize | user=1 | block=1 | n_kl=60 | epoch=887/1000 | objective=477.824158 | rate=12.913598 | power=29.999929 | r_p=7.436402 | r_c=490.737754 | r_s=0.004411 | status=running
[UL Convergence] | phase=optimize | user=1 | block=1 | n_kl=60 | epoch=888/1000 | objective=478.376892 | rate=12.913602 | power=29.999945 | r_p=7.436399 | r_c=491.290503 | r_s=0.003517 | status=running
[UL Convergence] | phase=optimize | user=1 | block=1 | n_kl=60 | epoch=889/1000 | objective=478.930878 | rate=12.913588 | power=29.999945 | r_p=7.436413 | r_c=491.844449 | r_s=0.003903 | status=running
[UL Convergence] | phase=optimize | user=1 | block=1 | n_kl=60 | epoch=890/1000 | objective=479.484894 | rate=12.913572 | power=29.999935 | r_p=7.436428 | r_c=492.398462 | r_s=0.004716 | status=running
[UL Convergence] | phase=optimize | user=1 | block=1 | n_kl=60 | epoch=891/1000 | objective=480.037384 | rate=12.913580 | power=29.999945 | r_p=7.436420 | r_c=492.950961 | r_s=0.004952 | status=running
[UL Convergence] | phase=optimize | user=1 | block=1 | n_kl=60 | epoch=892/1000 | objective=480.589996 | rate=12.913586 | power=29.999939 | r_p=7.436415 | r_c=493.503585 | r_s=0.004586 | status=running
[UL Convergence] | phase=optimize | user=1 | block=1 | n_kl=60 | epoch=893/1000 | objective=481.142029 | rate=12.913600 | power=29.999945 | r_p=7.436400 | r_c=494.055637 | r_s=0.004149 | status=running
[UL Convergence] | phase=optimize | user=1 | block=1 | n_kl=60 | epoch=894/1000 | objective=481.695526 | rate=12.913592 | power=29.999939 | r_p=7.436408 | r_c=494.609145 | r_s=0.004071 | status=running
[UL Convergence] | phase=optimize | user=1 | block=1 | n_kl=60 | epoch=895/1000 | objective=482.248718 | rate=12.913589 | power=29.999939 | r_p=7.436411 | r_c=495.162337 | r_s=0.004181 | status=running
[UL Convergence] | phase=optimize | user=1 | block=1 | n_kl=60 | epoch=896/1000 | objective=482.801331 | rate=12.913595 | power=29.999945 | r_p=7.436405 | r_c=495.714958 | r_s=0.004120 | status=running
[UL Convergence] | phase=optimize | user=1 | block=1 | n_kl=60 | epoch=897/1000 | objective=483.354279 | rate=12.913596 | power=29.999939 | r_p=7.436404 | r_c=496.267895 | r_s=0.003809 | status=running
[UL Convergence] | phase=optimize | user=1 | block=1 | n_kl=60 | epoch=898/1000 | objective=483.906433 | rate=12.913609 | power=29.999939 | r_p=7.436392 | r_c=496.820068 | r_s=0.003459 | status=running
[UL Convergence] | phase=optimize | user=1 | block=1 | n_kl=60 | epoch=899/1000 | objective=484.459320 | rate=12.913610 | power=29.999939 | r_p=7.436390 | r_c=497.372940 | r_s=0.003308 | status=running
[UL Convergence] | phase=optimize | user=1 | block=1 | n_kl=60 | epoch=900/1000 | objective=485.012177 | rate=12.913612 | power=29.999939 | r_p=7.436388 | r_c=497.925811 | r_s=0.003300 | status=running
[UL Convergence] | phase=optimize | user=1 | block=1 | n_kl=60 | epoch=901/1000 | objective=485.565094 | rate=12.913614 | power=29.999939 | r_p=7.436386 | r_c=498.478682 | r_s=0.003148 | status=running
[UL Convergence] | phase=optimize | user=1 | block=1 | n_kl=60 | epoch=902/1000 | objective=486.117615 | rate=12.913621 | power=29.999945 | r_p=7.436379 | r_c=499.031232 | r_s=0.002681 | status=running
[UL Convergence] | phase=optimize | user=1 | block=1 | n_kl=60 | epoch=903/1000 | objective=486.670166 | rate=12.913628 | power=29.999939 | r_p=7.436373 | r_c=499.583781 | r_s=0.002034 | status=running
[UL Convergence] | phase=optimize | user=1 | block=1 | n_kl=60 | epoch=904/1000 | objective=487.222778 | rate=12.913633 | power=29.999945 | r_p=7.436367 | r_c=500.136393 | r_s=0.001646 | status=running
[UL Convergence] | phase=optimize | user=1 | block=1 | n_kl=60 | epoch=905/1000 | objective=487.776489 | rate=12.913623 | power=29.999939 | r_p=7.436378 | r_c=500.690095 | r_s=0.001757 | status=running
[UL Convergence] | phase=optimize | user=1 | block=1 | n_kl=60 | epoch=906/1000 | objective=488.329285 | rate=12.913626 | power=29.999945 | r_p=7.436375 | r_c=501.242899 | r_s=0.001920 | status=running
[UL Convergence] | phase=optimize | user=1 | block=1 | n_kl=60 | epoch=907/1000 | objective=488.882080 | rate=12.913629 | power=29.999939 | r_p=7.436372 | r_c=501.795702 | r_s=0.001796 | status=running
[UL Convergence] | phase=optimize | user=1 | block=1 | n_kl=60 | epoch=908/1000 | objective=489.435089 | rate=12.913629 | power=29.999945 | r_p=7.436372 | r_c=502.348699 | r_s=0.001418 | status=running
[UL Convergence] | phase=optimize | user=1 | block=1 | n_kl=60 | epoch=909/1000 | objective=489.988159 | rate=12.913628 | power=29.999945 | r_p=7.436373 | r_c=502.901759 | r_s=0.001083 | status=running
[UL Convergence] | phase=optimize | user=1 | block=1 | n_kl=60 | epoch=910/1000 | objective=490.541016 | rate=12.913630 | power=29.999939 | r_p=7.436371 | r_c=503.454627 | r_s=0.001104 | status=running
[UL Convergence] | phase=optimize | user=1 | block=1 | n_kl=60 | epoch=911/1000 | objective=491.094391 | rate=12.913624 | power=29.999945 | r_p=7.436377 | r_c=504.008011 | r_s=0.001306 | status=running
[UL Convergence] | phase=optimize | user=1 | block=1 | n_kl=60 | epoch=912/1000 | objective=491.646820 | rate=12.913632 | power=29.999945 | r_p=7.436368 | r_c=504.560425 | r_s=0.001414 | status=running
[UL Convergence] | phase=optimize | user=1 | block=1 | n_kl=60 | epoch=913/1000 | objective=492.200134 | rate=12.913628 | power=29.999939 | r_p=7.436373 | r_c=505.113745 | r_s=0.001406 | status=running
[UL Convergence] | phase=optimize | user=1 | block=1 | n_kl=60 | epoch=914/1000 | objective=492.752991 | rate=12.913630 | power=29.999945 | r_p=7.436371 | r_c=505.666611 | r_s=0.001408 | status=running
[UL Convergence] | phase=optimize | user=1 | block=1 | n_kl=60 | epoch=915/1000 | objective=493.305664 | rate=12.913634 | power=29.999945 | r_p=7.436366 | r_c=506.219283 | r_s=0.001525 | status=running
[UL Convergence] | phase=optimize | user=1 | block=1 | n_kl=60 | epoch=916/1000 | objective=493.858856 | rate=12.913631 | power=29.999945 | r_p=7.436369 | r_c=506.772473 | r_s=0.001734 | status=running
[UL Convergence] | phase=optimize | user=1 | block=1 | n_kl=60 | epoch=917/1000 | objective=494.411987 | rate=12.913630 | power=29.999945 | r_p=7.436371 | r_c=507.325599 | r_s=0.001959 | status=running
[UL Convergence] | phase=optimize | user=1 | block=1 | n_kl=60 | epoch=918/1000 | objective=494.965942 | rate=12.913616 | power=29.999939 | r_p=7.436384 | r_c=507.879507 | r_s=0.002200 | status=running
[UL Convergence] | phase=optimize | user=1 | block=1 | n_kl=60 | epoch=919/1000 | objective=495.519043 | rate=12.913614 | power=29.999945 | r_p=7.436386 | r_c=508.432636 | r_s=0.002532 | status=running
[UL Convergence] | phase=optimize | user=1 | block=1 | n_kl=60 | epoch=920/1000 | objective=496.072449 | rate=12.913609 | power=29.999945 | r_p=7.436392 | r_c=508.986026 | r_s=0.003049 | status=running
[UL Convergence] | phase=optimize | user=1 | block=1 | n_kl=60 | epoch=921/1000 | objective=496.626831 | rate=12.913589 | power=29.999939 | r_p=7.436412 | r_c=509.540397 | r_s=0.003803 | status=running
[UL Convergence] | phase=optimize | user=1 | block=1 | n_kl=60 | epoch=922/1000 | objective=497.181549 | rate=12.913564 | power=29.999945 | r_p=7.436437 | r_c=510.095100 | r_s=0.004816 | status=running
[UL Convergence] | phase=optimize | user=1 | block=1 | n_kl=60 | epoch=923/1000 | objective=497.737091 | rate=12.913527 | power=29.999939 | r_p=7.436473 | r_c=510.650595 | r_s=0.006098 | status=running
[UL Convergence] | phase=optimize | user=1 | block=1 | n_kl=60 | epoch=924/1000 | objective=498.294800 | rate=12.913460 | power=29.999945 | r_p=7.436541 | r_c=511.208261 | r_s=0.007663 | status=running
[UL Convergence] | phase=optimize | user=1 | block=1 | n_kl=60 | epoch=925/1000 | objective=498.853271 | rate=12.913382 | power=29.999945 | r_p=7.436619 | r_c=511.766664 | r_s=0.009450 | status=running
[UL Convergence] | phase=optimize | user=1 | block=1 | n_kl=60 | epoch=926/1000 | objective=499.413086 | rate=12.913284 | power=29.999945 | r_p=7.436716 | r_c=512.326398 | r_s=0.011284 | status=running
[UL Convergence] | phase=optimize | user=1 | block=1 | n_kl=60 | epoch=927/1000 | objective=499.971619 | rate=12.913206 | power=29.999939 | r_p=7.436794 | r_c=512.884839 | r_s=0.012751 | status=running
[UL Convergence] | phase=optimize | user=1 | block=1 | n_kl=60 | epoch=928/1000 | objective=500.524780 | rate=12.913204 | power=29.999939 | r_p=7.436796 | r_c=513.438030 | r_s=0.013342 | status=running
[UL Convergence] | phase=optimize | user=1 | block=1 | n_kl=60 | epoch=929/1000 | objective=501.073486 | rate=12.913267 | power=29.999939 | r_p=7.436733 | r_c=513.986739 | r_s=0.012719 | status=running
[UL Convergence] | phase=optimize | user=1 | block=1 | n_kl=60 | epoch=930/1000 | objective=501.619781 | rate=12.913363 | power=29.999935 | r_p=7.436638 | r_c=514.533190 | r_s=0.011161 | status=running
[UL Convergence] | phase=optimize | user=1 | block=1 | n_kl=60 | epoch=931/1000 | objective=502.169586 | rate=12.913409 | power=29.999945 | r_p=7.436591 | r_c=515.082989 | r_s=0.009750 | status=running
[UL Convergence] | phase=optimize | user=1 | block=1 | n_kl=60 | epoch=932/1000 | objective=502.723083 | rate=12.913403 | power=29.999939 | r_p=7.436598 | r_c=515.636481 | r_s=0.009448 | status=running
[UL Convergence] | phase=optimize | user=1 | block=1 | n_kl=60 | epoch=933/1000 | objective=503.277954 | rate=12.913376 | power=29.999945 | r_p=7.436625 | r_c=516.191365 | r_s=0.009965 | status=running
[UL Convergence] | phase=optimize | user=1 | block=1 | n_kl=60 | epoch=934/1000 | objective=503.830078 | rate=12.913389 | power=29.999939 | r_p=7.436611 | r_c=516.743471 | r_s=0.010185 | status=running
[UL Convergence] | phase=optimize | user=1 | block=1 | n_kl=60 | epoch=935/1000 | objective=504.380157 | rate=12.913431 | power=29.999945 | r_p=7.436569 | r_c=517.293584 | r_s=0.009556 | status=running
[UL Convergence] | phase=optimize | user=1 | block=1 | n_kl=60 | epoch=936/1000 | objective=504.929230 | rate=12.913486 | power=29.999939 | r_p=7.436514 | r_c=517.842758 | r_s=0.008279 | status=running
[UL Convergence] | phase=optimize | user=1 | block=1 | n_kl=60 | epoch=937/1000 | objective=505.479370 | rate=12.913528 | power=29.999939 | r_p=7.436472 | r_c=518.392850 | r_s=0.006964 | status=running
[UL Convergence] | phase=optimize | user=1 | block=1 | n_kl=60 | epoch=938/1000 | objective=506.032532 | rate=12.913527 | power=29.999939 | r_p=7.436474 | r_c=518.945994 | r_s=0.006317 | status=running
[UL Convergence] | phase=optimize | user=1 | block=1 | n_kl=60 | epoch=939/1000 | objective=506.586121 | rate=12.913518 | power=29.999945 | r_p=7.436482 | r_c=519.499605 | r_s=0.006532 | status=running
[UL Convergence] | phase=optimize | user=1 | block=1 | n_kl=60 | epoch=940/1000 | objective=507.139709 | rate=12.913509 | power=29.999945 | r_p=7.436491 | r_c=520.053218 | r_s=0.006919 | status=running
[UL Convergence] | phase=optimize | user=1 | block=1 | n_kl=60 | epoch=941/1000 | objective=507.691193 | rate=12.913530 | power=29.999939 | r_p=7.436470 | r_c=520.604763 | r_s=0.006740 | status=running
[UL Convergence] | phase=optimize | user=1 | block=1 | n_kl=60 | epoch=942/1000 | objective=508.241821 | rate=12.913564 | power=29.999935 | r_p=7.436437 | r_c=521.155435 | r_s=0.005888 | status=running
[UL Convergence] | phase=optimize | user=1 | block=1 | n_kl=60 | epoch=943/1000 | objective=508.793457 | rate=12.913584 | power=29.999935 | r_p=7.436417 | r_c=521.707036 | r_s=0.004916 | status=running
[UL Convergence] | phase=optimize | user=1 | block=1 | n_kl=60 | epoch=944/1000 | objective=509.346436 | rate=12.913584 | power=29.999945 | r_p=7.436417 | r_c=522.260039 | r_s=0.004448 | status=running
[UL Convergence] | phase=optimize | user=1 | block=1 | n_kl=60 | epoch=945/1000 | objective=509.899902 | rate=12.913577 | power=29.999939 | r_p=7.436423 | r_c=522.813511 | r_s=0.004441 | status=running
[UL Convergence] | phase=optimize | user=1 | block=1 | n_kl=60 | epoch=946/1000 | objective=510.452332 | rate=12.913586 | power=29.999939 | r_p=7.436415 | r_c=523.365911 | r_s=0.004468 | status=running
[UL Convergence] | phase=optimize | user=1 | block=1 | n_kl=60 | epoch=947/1000 | objective=511.005371 | rate=12.913586 | power=29.999929 | r_p=7.436415 | r_c=523.918913 | r_s=0.004424 | status=running
[UL Convergence] | phase=optimize | user=1 | block=1 | n_kl=60 | epoch=948/1000 | objective=511.557770 | rate=12.913593 | power=29.999939 | r_p=7.436407 | r_c=524.471378 | r_s=0.004336 | status=running
[UL Convergence] | phase=optimize | user=1 | block=1 | n_kl=60 | epoch=949/1000 | objective=512.110535 | rate=12.913597 | power=29.999935 | r_p=7.436403 | r_c=525.024110 | r_s=0.004057 | status=running
[UL Convergence] | phase=optimize | user=1 | block=1 | n_kl=60 | epoch=950/1000 | objective=512.662842 | rate=12.913607 | power=29.999939 | r_p=7.436394 | r_c=525.576437 | r_s=0.003533 | status=running
[UL Convergence] | phase=optimize | user=1 | block=1 | n_kl=60 | epoch=951/1000 | objective=513.215698 | rate=12.913609 | power=29.999945 | r_p=7.436392 | r_c=526.129302 | r_s=0.003132 | status=running
[UL Convergence] | phase=optimize | user=1 | block=1 | n_kl=60 | epoch=952/1000 | objective=513.769165 | rate=12.913603 | power=29.999935 | r_p=7.436398 | r_c=526.682706 | r_s=0.003246 | status=running
[UL Convergence] | phase=optimize | user=1 | block=1 | n_kl=60 | epoch=953/1000 | objective=514.322571 | rate=12.913597 | power=29.999939 | r_p=7.436403 | r_c=527.236112 | r_s=0.003514 | status=running
[UL Convergence] | phase=optimize | user=1 | block=1 | n_kl=60 | epoch=954/1000 | objective=514.874512 | rate=12.913610 | power=29.999935 | r_p=7.436390 | r_c=527.788165 | r_s=0.003374 | status=running
[UL Convergence] | phase=optimize | user=1 | block=1 | n_kl=60 | epoch=955/1000 | objective=515.426636 | rate=12.913623 | power=29.999939 | r_p=7.436378 | r_c=528.340283 | r_s=0.002773 | status=running
[UL Convergence] | phase=optimize | user=1 | block=1 | n_kl=60 | epoch=956/1000 | objective=515.979980 | rate=12.913618 | power=29.999935 | r_p=7.436382 | r_c=528.893620 | r_s=0.002271 | status=running
[UL Convergence] | phase=optimize | user=1 | block=1 | n_kl=60 | epoch=957/1000 | objective=516.533142 | rate=12.913616 | power=29.999939 | r_p=7.436384 | r_c=529.446753 | r_s=0.002421 | status=running
[UL Convergence] | phase=optimize | user=1 | block=1 | n_kl=60 | epoch=958/1000 | objective=517.086365 | rate=12.913612 | power=29.999939 | r_p=7.436388 | r_c=530.000023 | r_s=0.002704 | status=running
[UL Convergence] | phase=optimize | user=1 | block=1 | n_kl=60 | epoch=959/1000 | objective=517.638672 | rate=12.913623 | power=29.999939 | r_p=7.436378 | r_c=530.552273 | r_s=0.002532 | status=running
[UL Convergence] | phase=optimize | user=1 | block=1 | n_kl=60 | epoch=960/1000 | objective=518.191284 | rate=12.913628 | power=29.999945 | r_p=7.436373 | r_c=531.104930 | r_s=0.002008 | status=running
[UL Convergence] | phase=optimize | user=1 | block=1 | n_kl=60 | epoch=961/1000 | objective=518.744324 | rate=12.913628 | power=29.999939 | r_p=7.436373 | r_c=531.657926 | r_s=0.001812 | status=running
[UL Convergence] | phase=optimize | user=1 | block=1 | n_kl=60 | epoch=962/1000 | objective=519.297974 | rate=12.913618 | power=29.999939 | r_p=7.436382 | r_c=532.211605 | r_s=0.002162 | status=running
[UL Convergence] | phase=optimize | user=1 | block=1 | n_kl=60 | epoch=963/1000 | objective=519.850647 | rate=12.913623 | power=29.999945 | r_p=7.436378 | r_c=532.764261 | r_s=0.002355 | status=running
[UL Convergence] | phase=optimize | user=1 | block=1 | n_kl=60 | epoch=964/1000 | objective=520.403015 | rate=12.913631 | power=29.999939 | r_p=7.436369 | r_c=533.316643 | r_s=0.002027 | status=running
[UL Convergence] | phase=optimize | user=1 | block=1 | n_kl=60 | epoch=965/1000 | objective=520.955994 | rate=12.913631 | power=29.999939 | r_p=7.436369 | r_c=533.869639 | r_s=0.001378 | status=running
[UL Convergence] | phase=optimize | user=1 | block=1 | n_kl=60 | epoch=966/1000 | objective=521.509155 | rate=12.913630 | power=29.999945 | r_p=7.436371 | r_c=534.422772 | r_s=0.001181 | status=running
[UL Convergence] | phase=optimize | user=1 | block=1 | n_kl=60 | epoch=967/1000 | objective=522.062439 | rate=12.913626 | power=29.999939 | r_p=7.436375 | r_c=534.976042 | r_s=0.001652 | status=running
[UL Convergence] | phase=optimize | user=1 | block=1 | n_kl=60 | epoch=968/1000 | objective=522.614990 | rate=12.913631 | power=29.999945 | r_p=7.436369 | r_c=535.528627 | r_s=0.001972 | status=running
[UL Convergence] | phase=optimize | user=1 | block=1 | n_kl=60 | epoch=969/1000 | objective=523.168030 | rate=12.913630 | power=29.999945 | r_p=7.436370 | r_c=536.081691 | r_s=0.001866 | status=running
[UL Convergence] | phase=optimize | user=1 | block=1 | n_kl=60 | epoch=970/1000 | objective=523.721191 | rate=12.913629 | power=29.999945 | r_p=7.436372 | r_c=536.634825 | r_s=0.001468 | status=running
[UL Convergence] | phase=optimize | user=1 | block=1 | n_kl=60 | epoch=971/1000 | objective=524.273987 | rate=12.913631 | power=29.999939 | r_p=7.436369 | r_c=537.187615 | r_s=0.001185 | status=running
[UL Convergence] | phase=optimize | user=1 | block=1 | n_kl=60 | epoch=972/1000 | objective=524.827820 | rate=12.913620 | power=29.999945 | r_p=7.436380 | r_c=537.741438 | r_s=0.001336 | status=running
[UL Convergence] | phase=optimize | user=1 | block=1 | n_kl=60 | epoch=973/1000 | objective=525.380127 | rate=12.913630 | power=29.999945 | r_p=7.436371 | r_c=538.293745 | r_s=0.001630 | status=running
[UL Convergence] | phase=optimize | user=1 | block=1 | n_kl=60 | epoch=974/1000 | objective=525.933228 | rate=12.913628 | power=29.999945 | r_p=7.436373 | r_c=538.846880 | r_s=0.001794 | status=running
[UL Convergence] | phase=optimize | user=1 | block=1 | n_kl=60 | epoch=975/1000 | objective=526.486572 | rate=12.913623 | power=29.999945 | r_p=7.436378 | r_c=539.400222 | r_s=0.001834 | status=running
[UL Convergence] | phase=optimize | user=1 | block=1 | n_kl=60 | epoch=976/1000 | objective=527.039490 | rate=12.913624 | power=29.999945 | r_p=7.436377 | r_c=539.953150 | r_s=0.001875 | status=running
[UL Convergence] | phase=optimize | user=1 | block=1 | n_kl=60 | epoch=977/1000 | objective=527.592285 | rate=12.913627 | power=29.999945 | r_p=7.436374 | r_c=540.505939 | r_s=0.002022 | status=running
[UL Convergence] | phase=optimize | user=1 | block=1 | n_kl=60 | epoch=978/1000 | objective=528.145691 | rate=12.913621 | power=29.999945 | r_p=7.436379 | r_c=541.059352 | r_s=0.002287 | status=running
[UL Convergence] | phase=optimize | user=1 | block=1 | n_kl=60 | epoch=979/1000 | objective=528.699707 | rate=12.913608 | power=29.999939 | r_p=7.436393 | r_c=541.613321 | r_s=0.002650 | status=running
[UL Convergence] | phase=optimize | user=1 | block=1 | n_kl=60 | epoch=980/1000 | objective=529.252197 | rate=12.913614 | power=29.999945 | r_p=7.436386 | r_c=542.165834 | r_s=0.003103 | status=running
[UL Convergence] | phase=optimize | user=1 | block=1 | n_kl=60 | epoch=981/1000 | objective=529.806152 | rate=12.913602 | power=29.999945 | r_p=7.436399 | r_c=542.719737 | r_s=0.003645 | status=running
[UL Convergence] | phase=optimize | user=1 | block=1 | n_kl=60 | epoch=982/1000 | objective=530.360474 | rate=12.913584 | power=29.999939 | r_p=7.436417 | r_c=543.274061 | r_s=0.004281 | status=running
[UL Convergence] | phase=optimize | user=1 | block=1 | n_kl=60 | epoch=983/1000 | objective=530.914612 | rate=12.913568 | power=29.999945 | r_p=7.436432 | r_c=543.828180 | r_s=0.005022 | status=running
[UL Convergence] | phase=optimize | user=1 | block=1 | n_kl=60 | epoch=984/1000 | objective=531.469666 | rate=12.913541 | power=29.999939 | r_p=7.436460 | r_c=544.383210 | r_s=0.005863 | status=running
[UL Convergence] | phase=optimize | user=1 | block=1 | n_kl=60 | epoch=985/1000 | objective=532.024902 | rate=12.913510 | power=29.999945 | r_p=7.436490 | r_c=544.938455 | r_s=0.006765 | status=running
[UL Convergence] | phase=optimize | user=1 | block=1 | n_kl=60 | epoch=986/1000 | objective=532.580322 | rate=12.913479 | power=29.999945 | r_p=7.436522 | r_c=545.493778 | r_s=0.007638 | status=running
[UL Convergence] | phase=optimize | user=1 | block=1 | n_kl=60 | epoch=987/1000 | objective=533.135559 | rate=12.913449 | power=29.999950 | r_p=7.436551 | r_c=546.048967 | r_s=0.008406 | status=running
[UL Convergence] | phase=optimize | user=1 | block=1 | n_kl=60 | epoch=988/1000 | objective=533.689758 | rate=12.913433 | power=29.999945 | r_p=7.436567 | r_c=546.603182 | r_s=0.009014 | status=running
[UL Convergence] | phase=optimize | user=1 | block=1 | n_kl=60 | epoch=989/1000 | objective=534.244141 | rate=12.913415 | power=29.999939 | r_p=7.436585 | r_c=547.157540 | r_s=0.009487 | status=running
[UL Convergence] | phase=optimize | user=1 | block=1 | n_kl=60 | epoch=990/1000 | objective=534.798218 | rate=12.913401 | power=29.999945 | r_p=7.436600 | r_c=547.711622 | r_s=0.009805 | status=running
[UL Convergence] | phase=optimize | user=1 | block=1 | n_kl=60 | epoch=991/1000 | objective=535.350830 | rate=12.913406 | power=29.999945 | r_p=7.436594 | r_c=548.264230 | r_s=0.009868 | status=running
[UL Convergence] | phase=optimize | user=1 | block=1 | n_kl=60 | epoch=992/1000 | objective=535.902100 | rate=12.913429 | power=29.999945 | r_p=7.436571 | r_c=548.815570 | r_s=0.009479 | status=running
[UL Convergence] | phase=optimize | user=1 | block=1 | n_kl=60 | epoch=993/1000 | objective=536.451660 | rate=12.913476 | power=29.999945 | r_p=7.436524 | r_c=549.365144 | r_s=0.008594 | status=running
[UL Convergence] | phase=optimize | user=1 | block=1 | n_kl=60 | epoch=994/1000 | objective=537.002258 | rate=12.913508 | power=29.999939 | r_p=7.436492 | r_c=549.915765 | r_s=0.007465 | status=running
[UL Convergence] | phase=optimize | user=1 | block=1 | n_kl=60 | epoch=995/1000 | objective=537.552979 | rate=12.913540 | power=29.999945 | r_p=7.436460 | r_c=550.466450 | r_s=0.006641 | status=running
[UL Convergence] | phase=optimize | user=1 | block=1 | n_kl=60 | epoch=996/1000 | objective=538.106323 | rate=12.913535 | power=29.999939 | r_p=7.436465 | r_c=551.019813 | r_s=0.006353 | status=running
[UL Convergence] | phase=optimize | user=1 | block=1 | n_kl=60 | epoch=997/1000 | objective=538.658386 | rate=12.913547 | power=29.999939 | r_p=7.436454 | r_c=551.571974 | r_s=0.006182 | status=running
[UL Convergence] | phase=optimize | user=1 | block=1 | n_kl=60 | epoch=998/1000 | objective=539.209778 | rate=12.913568 | power=29.999939 | r_p=7.436432 | r_c=552.123354 | r_s=0.005668 | status=running
[UL Convergence] | phase=optimize | user=1 | block=1 | n_kl=60 | epoch=999/1000 | objective=539.761414 | rate=12.913587 | power=29.999939 | r_p=7.436414 | r_c=552.675012 | r_s=0.004854 | status=running
[UL Convergence] | phase=optimize | user=1 | block=1 | n_kl=60 | epoch=1000/1000 | objective=540.314148 | rate=12.913590 | power=29.999945 | r_p=7.436410 | r_c=553.227731 | r_s=0.004376 | status=running
[UL Convergence Result] | user=1 | block=1 | n_kl=60 | achieved_rate=12.913635 | power=29.999939 | rate_gap=7.436365 | power_gap=-6.103516e-05 | solve_status=max_epochs_best_primal
[UL Convergence Allocation] | user=1 | block=1 | n_kl=60 | requested_bits=1221 | served_bits=774 | full_service=false
[UL Convergence Block] | user=1 | block=1 | stage=post_T | served_bits=774 | remaining_bits=447
[UL Convergence Reduction] | user=1 | block=1 | served_bits=774 | n_start=59 | n_min=1
[UL Convergence Reduction] | user=1 | block=1 | n_kl=59 | status=stop_partial_payload
[UL Convergence Final] | user=1 | block=1 | feasible_points=1 | chosen_n_kl=60 | served_bits=774 | achieved_rate=12.913635 | power=29.999939 | solve_status=max_epochs_best_primal
[UL Convergence Allocation] | user=1 | block=1 | chosen_n_kl=60 | served_bits=774 | committed_bits=774 | remaining_bits=447
[UL Convergence Train] | user=1 | block=2 | remaining_bits=447
[UL Convergence Block] | user=1 | block=2 | budget_mode=B_rem | requested_bits=447
[UL Convergence Solve] | user=1 | block=2 | stage=n=T | n_kl=60 | requested_bits=447
[UL Convergence] | phase=optimize | user=1 | block=2 | n_kl=60 | epoch=1/1000 | objective=-13.071214 | rate=13.065598 | power=29.999939 | r_p=0.000000 | r_c=0.000000 | r_s=inf | status=running
[UL Convergence] | phase=optimize | user=1 | block=2 | n_kl=60 | epoch=2/1000 | objective=-13.074390 | rate=13.068771 | power=29.999939 | r_p=0.000000 | r_c=0.000000 | r_s=0.085818 | status=running
[UL Convergence] | phase=optimize | user=1 | block=2 | n_kl=60 | epoch=3/1000 | objective=-13.079046 | rate=13.073422 | power=29.999939 | r_p=0.000000 | r_c=0.000000 | r_s=0.039211 | status=running
[UL Convergence] | phase=optimize | user=1 | block=2 | n_kl=60 | epoch=4/1000 | objective=-13.081923 | rate=13.076297 | power=29.999939 | r_p=0.000000 | r_c=0.000000 | r_s=0.030509 | status=running
[UL Convergence] | phase=optimize | user=1 | block=2 | n_kl=60 | epoch=5/1000 | objective=-13.083600 | rate=13.077972 | power=29.999935 | r_p=0.000000 | r_c=0.000000 | r_s=0.024118 | status=running
[UL Convergence] | phase=optimize | user=1 | block=2 | n_kl=60 | epoch=6/1000 | objective=-13.085301 | rate=13.079672 | power=29.999945 | r_p=0.000000 | r_c=0.000000 | r_s=0.020703 | status=running
[UL Convergence] | phase=optimize | user=1 | block=2 | n_kl=60 | epoch=7/1000 | objective=-13.086764 | rate=13.081133 | power=29.999939 | r_p=0.000000 | r_c=0.000000 | r_s=0.018353 | status=running
[UL Convergence] | phase=optimize | user=1 | block=2 | n_kl=60 | epoch=8/1000 | objective=-13.087120 | rate=13.081489 | power=29.999939 | r_p=0.000000 | r_c=0.000000 | r_s=0.016393 | status=running
[UL Convergence] | phase=optimize | user=1 | block=2 | n_kl=60 | epoch=9/1000 | objective=-13.086889 | rate=13.081258 | power=29.999945 | r_p=0.000000 | r_c=0.000000 | r_s=0.014292 | status=running
[UL Convergence] | phase=optimize | user=1 | block=2 | n_kl=60 | epoch=10/1000 | objective=-13.086918 | rate=13.081286 | power=29.999945 | r_p=0.000000 | r_c=0.000000 | r_s=0.012368 | status=running
[UL Convergence] | phase=optimize | user=1 | block=2 | n_kl=60 | epoch=11/1000 | objective=-13.087738 | rate=13.082106 | power=29.999945 | r_p=0.000000 | r_c=0.000000 | r_s=0.010889 | status=running
[UL Convergence] | phase=optimize | user=1 | block=2 | n_kl=60 | epoch=12/1000 | objective=-13.089001 | rate=13.083367 | power=29.999945 | r_p=0.000000 | r_c=0.000000 | r_s=0.010846 | status=running
[UL Convergence] | phase=optimize | user=1 | block=2 | n_kl=60 | epoch=13/1000 | objective=-13.089688 | rate=13.084054 | power=29.999945 | r_p=0.000000 | r_c=0.000000 | r_s=0.011309 | status=running
[UL Convergence] | phase=optimize | user=1 | block=2 | n_kl=60 | epoch=14/1000 | objective=-13.089325 | rate=13.083692 | power=29.999950 | r_p=0.000000 | r_c=0.000000 | r_s=0.010581 | status=running
[UL Convergence] | phase=optimize | user=1 | block=2 | n_kl=60 | epoch=15/1000 | objective=-13.088651 | rate=13.083017 | power=29.999939 | r_p=0.000000 | r_c=0.000000 | r_s=0.008382 | status=running
[UL Convergence] | phase=optimize | user=1 | block=2 | n_kl=60 | epoch=16/1000 | objective=-13.088675 | rate=13.083042 | power=29.999939 | r_p=0.000000 | r_c=0.000000 | r_s=0.006491 | status=running
[UL Convergence] | phase=optimize | user=1 | block=2 | n_kl=60 | epoch=17/1000 | objective=-13.089513 | rate=13.083879 | power=29.999939 | r_p=0.000000 | r_c=0.000000 | r_s=0.006826 | status=running
[UL Convergence] | phase=optimize | user=1 | block=2 | n_kl=60 | epoch=18/1000 | objective=-13.090358 | rate=13.084723 | power=29.999939 | r_p=0.000000 | r_c=0.000000 | r_s=0.008113 | status=running
[UL Convergence] | phase=optimize | user=1 | block=2 | n_kl=60 | epoch=19/1000 | objective=-13.090512 | rate=13.084877 | power=29.999945 | r_p=0.000000 | r_c=0.000000 | r_s=0.008367 | status=running
[UL Convergence] | phase=optimize | user=1 | block=2 | n_kl=60 | epoch=20/1000 | objective=-13.090089 | rate=13.084455 | power=29.999939 | r_p=0.000000 | r_c=0.000000 | r_s=0.007188 | status=running
[UL Convergence] | phase=optimize | user=1 | block=2 | n_kl=60 | epoch=21/1000 | objective=-13.089762 | rate=13.084127 | power=29.999939 | r_p=0.000000 | r_c=0.000000 | r_s=0.005467 | status=running
[UL Convergence] | phase=optimize | user=1 | block=2 | n_kl=60 | epoch=22/1000 | objective=-13.089876 | rate=13.084242 | power=29.999945 | r_p=0.000000 | r_c=0.000000 | r_s=0.004775 | status=running
[UL Convergence] | phase=optimize | user=1 | block=2 | n_kl=60 | epoch=23/1000 | objective=-13.090273 | rate=13.084639 | power=29.999939 | r_p=0.000000 | r_c=0.000000 | r_s=0.005250 | status=running
[UL Convergence] | phase=optimize | user=1 | block=2 | n_kl=60 | epoch=24/1000 | objective=-13.090661 | rate=13.085026 | power=29.999939 | r_p=0.000000 | r_c=0.000000 | r_s=0.005717 | status=running
[UL Convergence] | phase=optimize | user=1 | block=2 | n_kl=60 | epoch=25/1000 | objective=-13.090817 | rate=13.085182 | power=29.999939 | r_p=0.000000 | r_c=0.000000 | r_s=0.005831 | status=running
[UL Convergence] | phase=optimize | user=1 | block=2 | n_kl=60 | epoch=26/1000 | objective=-13.090699 | rate=13.085064 | power=29.999945 | r_p=0.000000 | r_c=0.000000 | r_s=0.005499 | status=running
[UL Convergence] | phase=optimize | user=1 | block=2 | n_kl=60 | epoch=27/1000 | objective=-13.090463 | rate=13.084827 | power=29.999945 | r_p=0.000000 | r_c=0.000000 | r_s=0.004579 | status=running
[UL Convergence] | phase=optimize | user=1 | block=2 | n_kl=60 | epoch=28/1000 | objective=-13.090379 | rate=13.084744 | power=29.999945 | r_p=0.000000 | r_c=0.000000 | r_s=0.003399 | status=running
[UL Convergence] | phase=optimize | user=1 | block=2 | n_kl=60 | epoch=29/1000 | objective=-13.090603 | rate=13.084968 | power=29.999939 | r_p=0.000000 | r_c=0.000000 | r_s=0.003195 | status=running
[UL Convergence] | phase=optimize | user=1 | block=2 | n_kl=60 | epoch=30/1000 | objective=-13.090943 | rate=13.085308 | power=29.999939 | r_p=0.000000 | r_c=0.000000 | r_s=0.004233 | status=running
[UL Convergence] | phase=optimize | user=1 | block=2 | n_kl=60 | epoch=31/1000 | objective=-13.091057 | rate=13.085422 | power=29.999939 | r_p=0.000000 | r_c=0.000000 | r_s=0.004848 | status=running
[UL Convergence] | phase=optimize | user=1 | block=2 | n_kl=60 | epoch=32/1000 | objective=-13.090899 | rate=13.085264 | power=29.999939 | r_p=0.000000 | r_c=0.000000 | r_s=0.004282 | status=running
[UL Convergence] | phase=optimize | user=1 | block=2 | n_kl=60 | epoch=33/1000 | objective=-13.090714 | rate=13.085078 | power=29.999945 | r_p=0.000000 | r_c=0.000000 | r_s=0.002902 | status=running
[UL Convergence] | phase=optimize | user=1 | block=2 | n_kl=60 | epoch=34/1000 | objective=-13.090736 | rate=13.085101 | power=29.999945 | r_p=0.000000 | r_c=0.000000 | r_s=0.002067 | status=running
[UL Convergence] | phase=optimize | user=1 | block=2 | n_kl=60 | epoch=35/1000 | objective=-13.090930 | rate=13.085295 | power=29.999945 | r_p=0.000000 | r_c=0.000000 | r_s=0.002827 | status=running
[UL Convergence] | phase=optimize | user=1 | block=2 | n_kl=60 | epoch=36/1000 | objective=-13.091079 | rate=13.085443 | power=29.999945 | r_p=0.000000 | r_c=0.000000 | r_s=0.003573 | status=running
[UL Convergence] | phase=optimize | user=1 | block=2 | n_kl=60 | epoch=37/1000 | objective=-13.091063 | rate=13.085428 | power=29.999939 | r_p=0.000000 | r_c=0.000000 | r_s=0.003513 | status=running
[UL Convergence] | phase=optimize | user=1 | block=2 | n_kl=60 | epoch=38/1000 | objective=-13.090974 | rate=13.085339 | power=29.999939 | r_p=0.000000 | r_c=0.000000 | r_s=0.002826 | status=running
[UL Convergence] | phase=optimize | user=1 | block=2 | n_kl=60 | epoch=39/1000 | objective=-13.090922 | rate=13.085287 | power=29.999939 | r_p=0.000000 | r_c=0.000000 | r_s=0.002069 | status=running
[UL Convergence] | phase=optimize | user=1 | block=2 | n_kl=60 | epoch=40/1000 | objective=-13.090980 | rate=13.085344 | power=29.999939 | r_p=0.000000 | r_c=0.000000 | r_s=0.002031 | status=running
[UL Convergence] | phase=optimize | user=1 | block=2 | n_kl=60 | epoch=41/1000 | objective=-13.091065 | rate=13.085430 | power=29.999939 | r_p=0.000000 | r_c=0.000000 | r_s=0.002541 | status=running
[UL Convergence] | phase=optimize | user=1 | block=2 | n_kl=60 | epoch=42/1000 | objective=-13.091098 | rate=13.085463 | power=29.999939 | r_p=0.000000 | r_c=0.000000 | r_s=0.002700 | status=running
[UL Convergence] | phase=optimize | user=1 | block=2 | n_kl=60 | epoch=43/1000 | objective=-13.091079 | rate=13.085443 | power=29.999945 | r_p=0.000000 | r_c=0.000000 | r_s=0.002354 | status=running
[UL Convergence] | phase=optimize | user=1 | block=2 | n_kl=60 | epoch=44/1000 | objective=-13.091059 | rate=13.085423 | power=29.999935 | r_p=0.000000 | r_c=0.000000 | r_s=0.001963 | status=running
[UL Convergence] | phase=optimize | user=1 | block=2 | n_kl=60 | epoch=45/1000 | objective=-13.091063 | rate=13.085428 | power=29.999939 | r_p=0.000000 | r_c=0.000000 | r_s=0.001911 | status=running
[UL Convergence] | phase=optimize | user=1 | block=2 | n_kl=60 | epoch=46/1000 | objective=-13.091084 | rate=13.085449 | power=29.999939 | r_p=0.000000 | r_c=0.000000 | r_s=0.001943 | status=running
[UL Convergence] | phase=optimize | user=1 | block=2 | n_kl=60 | epoch=47/1000 | objective=-13.091102 | rate=13.085466 | power=29.999945 | r_p=0.000000 | r_c=0.000000 | r_s=0.001822 | status=running
[UL Convergence] | phase=optimize | user=1 | block=2 | n_kl=60 | epoch=48/1000 | objective=-13.091115 | rate=13.085480 | power=29.999939 | r_p=0.000000 | r_c=0.000000 | r_s=0.001775 | status=running
[UL Convergence] | phase=optimize | user=1 | block=2 | n_kl=60 | epoch=49/1000 | objective=-13.091124 | rate=13.085488 | power=29.999939 | r_p=0.000000 | r_c=0.000000 | r_s=0.001838 | status=running
[UL Convergence] | phase=optimize | user=1 | block=2 | n_kl=60 | epoch=50/1000 | objective=-13.091121 | rate=13.085485 | power=29.999945 | r_p=0.000000 | r_c=0.000000 | r_s=0.001752 | status=running
[UL Convergence] | phase=optimize | user=1 | block=2 | n_kl=60 | epoch=51/1000 | objective=-13.091117 | rate=13.085482 | power=29.999939 | r_p=0.000000 | r_c=0.000000 | r_s=0.001522 | status=running
[UL Convergence] | phase=optimize | user=1 | block=2 | n_kl=60 | epoch=52/1000 | objective=-13.091119 | rate=13.085484 | power=29.999939 | r_p=0.000000 | r_c=0.000000 | r_s=0.001319 | status=running
[UL Convergence] | phase=optimize | user=1 | block=2 | n_kl=60 | epoch=53/1000 | objective=-13.091134 | rate=13.085499 | power=29.999939 | r_p=0.000000 | r_c=0.000000 | r_s=0.001321 | status=running
[UL Convergence] | phase=optimize | user=1 | block=2 | n_kl=60 | epoch=54/1000 | objective=-13.091144 | rate=13.085508 | power=29.999939 | r_p=0.000000 | r_c=0.000000 | r_s=0.001417 | status=running
[UL Convergence] | phase=optimize | user=1 | block=2 | n_kl=60 | epoch=55/1000 | objective=-13.091155 | rate=13.085520 | power=29.999945 | r_p=0.000000 | r_c=0.000000 | r_s=0.001423 | status=running
[UL Convergence] | phase=optimize | user=1 | block=2 | n_kl=60 | epoch=56/1000 | objective=-13.091141 | rate=13.085505 | power=29.999939 | r_p=0.000000 | r_c=0.000000 | r_s=0.001291 | status=running
[UL Convergence] | phase=optimize | user=1 | block=2 | n_kl=60 | epoch=57/1000 | objective=-13.091135 | rate=13.085500 | power=29.999935 | r_p=0.000000 | r_c=0.000000 | r_s=0.001024 | status=running
[UL Convergence] | phase=optimize | user=1 | block=2 | n_kl=60 | epoch=58/1000 | objective=-13.091139 | rate=13.085504 | power=29.999945 | r_p=0.000000 | r_c=0.000000 | r_s=9.090581e-04 | status=running
[UL Convergence] | phase=optimize | user=1 | block=2 | n_kl=60 | epoch=59/1000 | objective=-13.091160 | rate=13.085525 | power=29.999939 | r_p=0.000000 | r_c=0.000000 | r_s=0.001077 | status=running
[UL Convergence] | phase=optimize | user=1 | block=2 | n_kl=60 | epoch=60/1000 | objective=-13.091161 | rate=13.085526 | power=29.999939 | r_p=0.000000 | r_c=0.000000 | r_s=0.001182 | status=running
[UL Convergence] | phase=optimize | user=1 | block=2 | n_kl=60 | epoch=61/1000 | objective=-13.091153 | rate=13.085518 | power=29.999939 | r_p=0.000000 | r_c=0.000000 | r_s=0.001069 | status=running
[UL Convergence] | phase=optimize | user=1 | block=2 | n_kl=60 | epoch=62/1000 | objective=-13.091151 | rate=13.085516 | power=29.999939 | r_p=0.000000 | r_c=0.000000 | r_s=8.489986e-04 | status=running
[UL Convergence] | phase=optimize | user=1 | block=2 | n_kl=60 | epoch=63/1000 | objective=-13.091147 | rate=13.085512 | power=29.999939 | r_p=0.000000 | r_c=0.000000 | r_s=7.350076e-04 | status=running
[UL Convergence] | phase=optimize | user=1 | block=2 | n_kl=60 | epoch=64/1000 | objective=-13.091165 | rate=13.085529 | power=29.999939 | r_p=0.000000 | r_c=0.000000 | r_s=7.633870e-04 | status=running
[UL Convergence] | phase=optimize | user=1 | block=2 | n_kl=60 | epoch=65/1000 | objective=-13.091171 | rate=13.085536 | power=29.999935 | r_p=0.000000 | r_c=0.000000 | r_s=9.065122e-04 | status=running
[UL Convergence] | phase=optimize | user=1 | block=2 | n_kl=60 | epoch=66/1000 | objective=-13.091168 | rate=13.085533 | power=29.999945 | r_p=0.000000 | r_c=0.000000 | r_s=9.657027e-04 | status=running
[UL Convergence] | phase=optimize | user=1 | block=2 | n_kl=60 | epoch=67/1000 | objective=-13.091160 | rate=13.085525 | power=29.999945 | r_p=0.000000 | r_c=0.000000 | r_s=7.662137e-04 | status=running
[UL Convergence] | phase=optimize | user=1 | block=2 | n_kl=60 | epoch=68/1000 | objective=-13.091162 | rate=13.085526 | power=29.999945 | r_p=0.000000 | r_c=0.000000 | r_s=4.288879e-04 | status=kkt_converged
[UL Convergence Result] | user=1 | block=2 | n_kl=60 | achieved_rate=13.085536 | power=29.999935 | rate_gap=-5.635536 | power_gap=-6.484985e-05 | solve_status=kkt_converged
[UL Convergence Allocation] | user=1 | block=2 | n_kl=60 | requested_bits=447 | served_bits=447 | full_service=true
[UL Convergence Block] | user=1 | block=2 | stage=post_T | served_bits=447 | remaining_bits=0
[UL Convergence Reduction] | user=1 | block=2 | served_bits=447 | n_start=59 | n_min=1
[UL Convergence Solve] | user=1 | block=2 | stage=reduced_n | n_kl=59 | served_bits=447
[UL Convergence] | phase=optimize | user=1 | block=2 | n_kl=59 | epoch=1/1000 | objective=-13.071117 | rate=13.065628 | power=29.999939 | r_p=0.000000 | r_c=0.000000 | r_s=inf | status=running
[UL Convergence] | phase=optimize | user=1 | block=2 | n_kl=59 | epoch=2/1000 | objective=-13.071115 | rate=13.065625 | power=29.999939 | r_p=0.000000 | r_c=0.000000 | r_s=9.609666e-04 | status=running
[UL Convergence] | phase=optimize | user=1 | block=2 | n_kl=59 | epoch=3/1000 | objective=-13.071103 | rate=13.065614 | power=29.999939 | r_p=0.000000 | r_c=0.000000 | r_s=7.576875e-04 | status=running
[UL Convergence] | phase=optimize | user=1 | block=2 | n_kl=59 | epoch=4/1000 | objective=-13.071110 | rate=13.065620 | power=29.999945 | r_p=0.000000 | r_c=0.000000 | r_s=4.259642e-04 | status=kkt_converged
[UL Convergence Candidate] | user=1 | block=2 | n_kl=59 | achieved_rate=13.065628 | rate_gap=-5.489357 | power_gap=-6.103516e-05 | status=accepted
[UL Convergence Solve] | user=1 | block=2 | stage=reduced_n | n_kl=50 | served_bits=447
[UL Convergence] | phase=optimize | user=1 | block=2 | n_kl=50 | epoch=1/1000 | objective=-12.864327 | rate=12.860407 | power=29.999939 | r_p=0.000000 | r_c=0.000000 | r_s=inf | status=running
[UL Convergence] | phase=optimize | user=1 | block=2 | n_kl=50 | epoch=2/1000 | objective=-12.864323 | rate=12.860402 | power=29.999939 | r_p=0.000000 | r_c=0.000000 | r_s=6.871417e-04 | status=running
[UL Convergence] | phase=optimize | user=1 | block=2 | n_kl=50 | epoch=3/1000 | objective=-12.864327 | rate=12.860407 | power=29.999939 | r_p=0.000000 | r_c=0.000000 | r_s=4.488525e-04 | status=kkt_converged
[UL Convergence Candidate] | user=1 | block=2 | n_kl=50 | achieved_rate=12.860407 | rate_gap=-3.920407 | power_gap=-6.103516e-05 | status=accepted
[UL Convergence Solve] | user=1 | block=2 | stage=reduced_n | n_kl=40 | served_bits=447
[UL Convergence] | phase=optimize | user=1 | block=2 | n_kl=40 | epoch=1/1000 | objective=-12.556822 | rate=12.555442 | power=29.999939 | r_p=0.000000 | r_c=0.000000 | r_s=inf | status=running
[UL Convergence] | phase=optimize | user=1 | block=2 | n_kl=40 | epoch=2/1000 | objective=-12.556826 | rate=12.555445 | power=29.999945 | r_p=0.000000 | r_c=0.000000 | r_s=5.978772e-04 | status=kkt_converged
[UL Convergence Candidate] | user=1 | block=2 | n_kl=40 | achieved_rate=12.555445 | rate_gap=-1.380445 | power_gap=-5.531311e-05 | status=accepted
[UL Convergence Reduction] | user=1 | block=2 | n_kl=36 | status=stop_infeasible
[UL Convergence Final] | user=1 | block=2 | feasible_points=24 | chosen_n_kl=37 | served_bits=447 | achieved_rate=12.440614 | power=29.999939 | solve_status=kkt_converged
[UL Convergence Allocation] | user=1 | block=2 | chosen_n_kl=37 | served_bits=447 | committed_bits=447 | remaining_bits=0
[UL Convergence Train] | phase=start | user=2 | mode=payload_completion
[UL Convergence Train] | user=2 | block=0 | remaining_bits=3000
[UL Convergence Block] | user=2 | block=0 | budget_mode=B_rem | requested_bits=3000
[UL Convergence Solve] | user=2 | block=0 | stage=n=T | n_kl=80 | requested_bits=3000
[UL Convergence] | phase=optimize | user=2 | block=0 | n_kl=80 | epoch=1/1000 | objective=-7.607520 | rate=10.325018 | power=29.999945 | r_p=27.174982 | r_c=2.717498 | r_s=inf | status=running
[UL Convergence] | phase=optimize | user=2 | block=0 | n_kl=80 | epoch=2/1000 | objective=0.957701 | rate=9.464494 | power=29.999945 | r_p=28.035507 | r_c=10.422195 | r_s=1.107434 | status=running
[UL Convergence] | phase=optimize | user=2 | block=0 | n_kl=80 | epoch=3/1000 | objective=5.929932 | rate=11.212364 | power=29.999945 | r_p=26.287636 | r_c=17.142296 | r_s=0.452281 | status=running
[UL Convergence] | phase=optimize | user=2 | block=0 | n_kl=80 | epoch=4/1000 | objective=12.163420 | rate=11.565845 | power=29.999945 | r_p=25.934155 | r_c=23.729265 | r_s=0.250244 | status=running
[UL Convergence] | phase=optimize | user=2 | block=0 | n_kl=80 | epoch=5/1000 | objective=18.821163 | rate=11.597148 | power=29.999945 | r_p=25.902851 | r_c=30.418309 | r_s=0.170704 | status=running
[UL Convergence] | phase=optimize | user=2 | block=0 | n_kl=80 | epoch=6/1000 | objective=25.578011 | rate=11.577721 | power=29.999935 | r_p=25.922279 | r_c=37.155733 | r_s=0.104941 | status=running
[UL Convergence] | phase=optimize | user=2 | block=0 | n_kl=80 | epoch=7/1000 | objective=32.187500 | rate=11.618632 | power=29.999939 | r_p=25.881367 | r_c=43.806131 | r_s=0.072020 | status=running
[UL Convergence] | phase=optimize | user=2 | block=0 | n_kl=80 | epoch=8/1000 | objective=38.643055 | rate=11.700931 | power=29.999945 | r_p=25.799068 | r_c=50.343987 | r_s=0.068273 | status=running
[UL Convergence] | phase=optimize | user=2 | block=0 | n_kl=80 | epoch=9/1000 | objective=45.119705 | rate=11.756791 | power=29.999945 | r_p=25.743210 | r_c=56.876493 | r_s=0.068929 | status=running
[UL Convergence] | phase=optimize | user=2 | block=0 | n_kl=80 | epoch=10/1000 | objective=51.712181 | rate=11.766784 | power=29.999939 | r_p=25.733215 | r_c=63.478967 | r_s=0.059184 | status=running
[UL Convergence] | phase=optimize | user=2 | block=0 | n_kl=80 | epoch=11/1000 | objective=58.379372 | rate=11.754648 | power=29.999939 | r_p=25.745352 | r_c=70.134012 | r_s=0.043713 | status=running
[UL Convergence] | phase=optimize | user=2 | block=0 | n_kl=80 | epoch=12/1000 | objective=65.040787 | rate=11.746311 | power=29.999939 | r_p=25.753689 | r_c=76.787101 | r_s=0.031805 | status=running
[UL Convergence] | phase=optimize | user=2 | block=0 | n_kl=80 | epoch=13/1000 | objective=71.653244 | rate=11.751046 | power=29.999939 | r_p=25.748955 | r_c=83.404292 | r_s=0.027111 | status=running
[UL Convergence] | phase=optimize | user=2 | block=0 | n_kl=80 | epoch=14/1000 | objective=78.218430 | rate=11.765478 | power=29.999939 | r_p=25.734522 | r_c=89.983912 | r_s=0.026990 | status=running
[UL Convergence] | phase=optimize | user=2 | block=0 | n_kl=80 | epoch=15/1000 | objective=84.767426 | rate=11.780972 | power=29.999939 | r_p=25.719028 | r_c=96.548407 | r_s=0.028615 | status=running
[UL Convergence] | phase=optimize | user=2 | block=0 | n_kl=80 | epoch=16/1000 | objective=91.340843 | rate=11.789207 | power=29.999945 | r_p=25.710793 | r_c=103.130055 | r_s=0.029139 | status=running
[UL Convergence] | phase=optimize | user=2 | block=0 | n_kl=80 | epoch=17/1000 | objective=97.957817 | rate=11.787970 | power=29.999939 | r_p=25.712030 | r_c=109.745787 | r_s=0.026409 | status=running
[UL Convergence] | phase=optimize | user=2 | block=0 | n_kl=80 | epoch=18/1000 | objective=104.602104 | rate=11.781961 | power=29.999945 | r_p=25.718039 | r_c=116.384062 | r_s=0.020885 | status=running
[UL Convergence] | phase=optimize | user=2 | block=0 | n_kl=80 | epoch=19/1000 | objective=111.239120 | rate=11.778009 | power=29.999939 | r_p=25.721991 | r_c=123.017138 | r_s=0.014938 | status=running
[UL Convergence] | phase=optimize | user=2 | block=0 | n_kl=80 | epoch=20/1000 | objective=117.843651 | rate=11.779943 | power=29.999945 | r_p=25.720057 | r_c=129.623598 | r_s=0.012212 | status=running
[UL Convergence] | phase=optimize | user=2 | block=0 | n_kl=80 | epoch=21/1000 | objective=124.417046 | rate=11.786585 | power=29.999939 | r_p=25.713415 | r_c=136.203632 | r_s=0.014346 | status=running
[UL Convergence] | phase=optimize | user=2 | block=0 | n_kl=80 | epoch=22/1000 | objective=130.984741 | rate=11.793313 | power=29.999939 | r_p=25.706688 | r_c=142.778066 | r_s=0.017925 | status=running
[UL Convergence] | phase=optimize | user=2 | block=0 | n_kl=80 | epoch=23/1000 | objective=137.576828 | rate=11.795701 | power=29.999935 | r_p=25.704300 | r_c=149.372526 | r_s=0.019387 | status=running
[UL Convergence] | phase=optimize | user=2 | block=0 | n_kl=80 | epoch=24/1000 | objective=144.201599 | rate=11.793201 | power=29.999939 | r_p=25.706799 | r_c=155.994799 | r_s=0.017183 | status=running
[UL Convergence] | phase=optimize | user=2 | block=0 | n_kl=80 | epoch=25/1000 | objective=150.837540 | rate=11.789439 | power=29.999945 | r_p=25.710560 | r_c=162.626985 | r_s=0.011764 | status=running
[UL Convergence] | phase=optimize | user=2 | block=0 | n_kl=80 | epoch=26/1000 | objective=157.455261 | rate=11.788468 | power=29.999945 | r_p=25.711533 | r_c=169.243717 | r_s=0.006504 | status=running
[UL Convergence] | phase=optimize | user=2 | block=0 | n_kl=80 | epoch=27/1000 | objective=164.045563 | rate=11.791084 | power=29.999945 | r_p=25.708916 | r_c=175.836648 | r_s=0.007957 | status=running
[UL Convergence] | phase=optimize | user=2 | block=0 | n_kl=80 | epoch=28/1000 | objective=170.624802 | rate=11.794819 | power=29.999939 | r_p=25.705181 | r_c=182.419629 | r_s=0.012035 | status=running
[UL Convergence] | phase=optimize | user=2 | block=0 | n_kl=80 | epoch=29/1000 | objective=177.216705 | rate=11.796694 | power=29.999939 | r_p=25.703306 | r_c=189.013404 | r_s=0.014023 | status=running
[UL Convergence] | phase=optimize | user=2 | block=0 | n_kl=80 | epoch=30/1000 | objective=183.831238 | rate=11.795772 | power=29.999939 | r_p=25.704227 | r_c=195.627015 | r_s=0.012999 | status=running
[UL Convergence] | phase=optimize | user=2 | block=0 | n_kl=80 | epoch=31/1000 | objective=190.456573 | rate=11.793712 | power=29.999945 | r_p=25.706287 | r_c=202.250295 | r_s=0.009181 | status=running
[UL Convergence] | phase=optimize | user=2 | block=0 | n_kl=80 | epoch=32/1000 | objective=197.071762 | rate=11.792942 | power=29.999935 | r_p=25.707058 | r_c=208.864688 | r_s=0.004718 | status=running
[UL Convergence] | phase=optimize | user=2 | block=0 | n_kl=80 | epoch=33/1000 | objective=203.668732 | rate=11.794172 | power=29.999939 | r_p=25.705828 | r_c=215.462905 | r_s=0.005673 | status=running
[UL Convergence] | phase=optimize | user=2 | block=0 | n_kl=80 | epoch=34/1000 | objective=210.258362 | rate=11.796068 | power=29.999935 | r_p=25.703932 | r_c=222.054422 | r_s=0.009004 | status=running
[UL Convergence] | phase=optimize | user=2 | block=0 | n_kl=80 | epoch=35/1000 | objective=216.856689 | rate=11.796937 | power=29.999939 | r_p=25.703064 | r_c=228.653623 | r_s=0.010532 | status=running
[UL Convergence] | phase=optimize | user=2 | block=0 | n_kl=80 | epoch=36/1000 | objective=223.469696 | rate=11.796292 | power=29.999939 | r_p=25.703709 | r_c=235.265998 | r_s=0.009745 | status=running
[UL Convergence] | phase=optimize | user=2 | block=0 | n_kl=80 | epoch=37/1000 | objective=230.087982 | rate=11.795189 | power=29.999945 | r_p=25.704811 | r_c=241.883179 | r_s=0.006677 | status=running
[UL Convergence] | phase=optimize | user=2 | block=0 | n_kl=80 | epoch=38/1000 | objective=236.696884 | rate=11.795049 | power=29.999939 | r_p=25.704952 | r_c=248.491917 | r_s=0.003043 | status=running
[UL Convergence] | phase=optimize | user=2 | block=0 | n_kl=80 | epoch=39/1000 | objective=243.293564 | rate=11.796031 | power=29.999945 | r_p=25.703968 | r_c=255.089595 | r_s=0.005140 | status=running
[UL Convergence] | phase=optimize | user=2 | block=0 | n_kl=80 | epoch=40/1000 | objective=249.890305 | rate=11.796945 | power=29.999945 | r_p=25.703056 | r_c=261.687252 | r_s=0.007954 | status=running
[UL Convergence] | phase=optimize | user=2 | block=0 | n_kl=80 | epoch=41/1000 | objective=256.497406 | rate=11.796889 | power=29.999939 | r_p=25.703110 | r_c=268.294281 | r_s=0.008183 | status=running
[UL Convergence] | phase=optimize | user=2 | block=0 | n_kl=80 | epoch=42/1000 | objective=263.111511 | rate=11.796238 | power=29.999945 | r_p=25.703762 | r_c=274.907756 | r_s=0.006022 | status=running
[UL Convergence] | phase=optimize | user=2 | block=0 | n_kl=80 | epoch=43/1000 | objective=269.721558 | rate=11.795969 | power=29.999950 | r_p=25.704031 | r_c=281.517535 | r_s=0.003002 | status=running
[UL Convergence] | phase=optimize | user=2 | block=0 | n_kl=80 | epoch=44/1000 | objective=276.323120 | rate=11.796413 | power=29.999945 | r_p=25.703587 | r_c=288.119526 | r_s=0.003707 | status=running
[UL Convergence] | phase=optimize | user=2 | block=0 | n_kl=80 | epoch=45/1000 | objective=282.923004 | rate=11.796962 | power=29.999939 | r_p=25.703037 | r_c=294.719971 | r_s=0.006044 | status=running
[UL Convergence] | phase=optimize | user=2 | block=0 | n_kl=80 | epoch=46/1000 | objective=289.529175 | rate=11.796987 | power=29.999939 | r_p=25.703014 | r_c=301.326164 | r_s=0.006502 | status=running
[UL Convergence] | phase=optimize | user=2 | block=0 | n_kl=80 | epoch=47/1000 | objective=296.140137 | rate=11.796639 | power=29.999939 | r_p=25.703362 | r_c=307.936772 | r_s=0.005019 | status=running
[UL Convergence] | phase=optimize | user=2 | block=0 | n_kl=80 | epoch=48/1000 | objective=302.748718 | rate=11.796492 | power=29.999939 | r_p=25.703508 | r_c=314.545197 | r_s=0.002783 | status=running
[UL Convergence] | phase=optimize | user=2 | block=0 | n_kl=80 | epoch=49/1000 | objective=309.351776 | rate=11.796761 | power=29.999945 | r_p=25.703239 | r_c=321.148541 | r_s=0.003195 | status=running
[UL Convergence] | phase=optimize | user=2 | block=0 | n_kl=80 | epoch=50/1000 | objective=315.954407 | rate=11.797048 | power=29.999939 | r_p=25.702953 | r_c=327.751457 | r_s=0.004936 | status=running
[UL Convergence] | phase=optimize | user=2 | block=0 | n_kl=80 | epoch=51/1000 | objective=322.561462 | rate=11.797003 | power=29.999939 | r_p=25.702997 | r_c=334.358446 | r_s=0.005032 | status=running
[UL Convergence] | phase=optimize | user=2 | block=0 | n_kl=80 | epoch=52/1000 | objective=329.170898 | rate=11.796790 | power=29.999939 | r_p=25.703209 | r_c=340.967695 | r_s=0.003605 | status=running
[UL Convergence] | phase=optimize | user=2 | block=0 | n_kl=80 | epoch=53/1000 | objective=335.777435 | rate=11.796793 | power=29.999939 | r_p=25.703207 | r_c=347.574219 | r_s=0.002080 | status=running
[UL Convergence] | phase=optimize | user=2 | block=0 | n_kl=80 | epoch=54/1000 | objective=342.380859 | rate=11.797005 | power=29.999945 | r_p=25.702995 | r_c=354.177850 | r_s=0.003201 | status=running
[UL Convergence] | phase=optimize | user=2 | block=0 | n_kl=80 | epoch=55/1000 | objective=348.986084 | rate=11.797086 | power=29.999945 | r_p=25.702915 | r_c=360.783165 | r_s=0.004326 | status=running
[UL Convergence] | phase=optimize | user=2 | block=0 | n_kl=80 | epoch=56/1000 | objective=355.594238 | rate=11.796971 | power=29.999945 | r_p=25.703030 | r_c=367.391200 | r_s=0.003567 | status=running
[UL Convergence] | phase=optimize | user=2 | block=0 | n_kl=80 | epoch=57/1000 | objective=362.201477 | rate=11.796920 | power=29.999945 | r_p=25.703079 | r_c=373.998379 | r_s=0.002265 | status=running
[UL Convergence] | phase=optimize | user=2 | block=0 | n_kl=80 | epoch=58/1000 | objective=368.806396 | rate=11.797018 | power=29.999945 | r_p=25.702982 | r_c=380.603421 | r_s=0.002528 | status=running
[UL Convergence] | phase=optimize | user=2 | block=0 | n_kl=80 | epoch=59/1000 | objective=375.411682 | rate=11.797090 | power=29.999945 | r_p=25.702911 | r_c=387.208791 | r_s=0.003320 | status=running
[UL Convergence] | phase=optimize | user=2 | block=0 | n_kl=80 | epoch=60/1000 | objective=382.018616 | rate=11.797056 | power=29.999945 | r_p=25.702944 | r_c=393.815684 | r_s=0.003209 | status=running
[UL Convergence] | phase=optimize | user=2 | block=0 | n_kl=80 | epoch=61/1000 | objective=388.625702 | rate=11.797015 | power=29.999939 | r_p=25.702984 | r_c=400.422721 | r_s=0.002324 | status=running
[UL Convergence] | phase=optimize | user=2 | block=0 | n_kl=80 | epoch=62/1000 | objective=395.231628 | rate=11.797045 | power=29.999945 | r_p=25.702955 | r_c=407.028702 | r_s=0.001990 | status=running
[UL Convergence] | phase=optimize | user=2 | block=0 | n_kl=80 | epoch=63/1000 | objective=401.837097 | rate=11.797102 | power=29.999950 | r_p=25.702898 | r_c=413.634200 | r_s=0.002693 | status=running
[UL Convergence] | phase=optimize | user=2 | block=0 | n_kl=80 | epoch=64/1000 | objective=408.443756 | rate=11.797084 | power=29.999945 | r_p=25.702915 | r_c=420.240871 | r_s=0.002697 | status=running
[UL Convergence] | phase=optimize | user=2 | block=0 | n_kl=80 | epoch=65/1000 | objective=415.050537 | rate=11.797066 | power=29.999945 | r_p=25.702934 | r_c=426.847586 | r_s=0.002001 | status=running
[UL Convergence] | phase=optimize | user=2 | block=0 | n_kl=80 | epoch=66/1000 | objective=421.656647 | rate=11.797081 | power=29.999939 | r_p=25.702919 | r_c=433.453737 | r_s=0.001948 | status=running
[UL Convergence] | phase=optimize | user=2 | block=0 | n_kl=80 | epoch=67/1000 | objective=428.262543 | rate=11.797107 | power=29.999939 | r_p=25.702892 | r_c=440.059680 | r_s=0.002105 | status=running
[UL Convergence] | phase=optimize | user=2 | block=0 | n_kl=80 | epoch=68/1000 | objective=434.869019 | rate=11.797104 | power=29.999945 | r_p=25.702896 | r_c=446.666133 | r_s=0.002207 | status=running
[UL Convergence] | phase=optimize | user=2 | block=0 | n_kl=80 | epoch=69/1000 | objective=441.475616 | rate=11.797094 | power=29.999939 | r_p=25.702906 | r_c=453.272690 | r_s=0.001877 | status=running
[UL Convergence] | phase=optimize | user=2 | block=0 | n_kl=80 | epoch=70/1000 | objective=448.081879 | rate=11.797102 | power=29.999945 | r_p=25.702898 | r_c=459.878947 | r_s=0.001586 | status=running
[UL Convergence] | phase=optimize | user=2 | block=0 | n_kl=80 | epoch=71/1000 | objective=454.687836 | rate=11.797123 | power=29.999950 | r_p=25.702877 | r_c=466.484956 | r_s=0.001750 | status=running
[UL Convergence] | phase=optimize | user=2 | block=0 | n_kl=80 | epoch=72/1000 | objective=461.294342 | rate=11.797116 | power=29.999945 | r_p=25.702885 | r_c=473.091475 | r_s=0.001945 | status=running
[UL Convergence] | phase=optimize | user=2 | block=0 | n_kl=80 | epoch=73/1000 | objective=467.900909 | rate=11.797106 | power=29.999945 | r_p=25.702894 | r_c=479.698036 | r_s=0.001539 | status=running
[UL Convergence] | phase=optimize | user=2 | block=0 | n_kl=80 | epoch=74/1000 | objective=474.507141 | rate=11.797115 | power=29.999945 | r_p=25.702885 | r_c=486.304243 | r_s=0.001293 | status=running
[UL Convergence] | phase=optimize | user=2 | block=0 | n_kl=80 | epoch=75/1000 | objective=481.113312 | rate=11.797127 | power=29.999945 | r_p=25.702873 | r_c=492.910407 | r_s=0.001638 | status=running
[UL Convergence] | phase=optimize | user=2 | block=0 | n_kl=80 | epoch=76/1000 | objective=487.719666 | rate=11.797127 | power=29.999939 | r_p=25.702873 | r_c=499.516784 | r_s=0.001580 | status=running
[UL Convergence] | phase=optimize | user=2 | block=0 | n_kl=80 | epoch=77/1000 | objective=494.326172 | rate=11.797121 | power=29.999945 | r_p=25.702879 | r_c=506.123273 | r_s=0.001165 | status=running
[UL Convergence] | phase=optimize | user=2 | block=0 | n_kl=80 | epoch=78/1000 | objective=500.932251 | rate=11.797133 | power=29.999939 | r_p=25.702866 | r_c=512.729387 | r_s=0.001139 | status=running
[UL Convergence] | phase=optimize | user=2 | block=0 | n_kl=80 | epoch=79/1000 | objective=507.538757 | rate=11.797129 | power=29.999939 | r_p=25.702871 | r_c=519.335875 | r_s=0.001511 | status=running
[UL Convergence] | phase=optimize | user=2 | block=0 | n_kl=80 | epoch=80/1000 | objective=514.145203 | rate=11.797125 | power=29.999945 | r_p=25.702875 | r_c=525.942329 | r_s=0.001211 | status=running
[UL Convergence] | phase=optimize | user=2 | block=0 | n_kl=80 | epoch=81/1000 | objective=520.751648 | rate=11.797123 | power=29.999939 | r_p=25.702877 | r_c=532.548747 | r_s=7.898513e-04 | status=running
[UL Convergence] | phase=optimize | user=2 | block=0 | n_kl=80 | epoch=82/1000 | objective=527.357727 | rate=11.797135 | power=29.999939 | r_p=25.702866 | r_c=539.154886 | r_s=0.001333 | status=running
[UL Convergence] | phase=optimize | user=2 | block=0 | n_kl=80 | epoch=83/1000 | objective=533.964294 | rate=11.797128 | power=29.999945 | r_p=25.702873 | r_c=545.761421 | r_s=0.001179 | status=running
[UL Convergence] | phase=optimize | user=2 | block=0 | n_kl=80 | epoch=84/1000 | objective=540.570557 | rate=11.797131 | power=29.999939 | r_p=25.702869 | r_c=552.367715 | r_s=6.601285e-04 | status=running
[UL Convergence] | phase=optimize | user=2 | block=0 | n_kl=80 | epoch=85/1000 | objective=547.176819 | rate=11.797136 | power=29.999939 | r_p=25.702864 | r_c=558.973966 | r_s=0.001033 | status=running
[UL Convergence] | phase=optimize | user=2 | block=0 | n_kl=80 | epoch=86/1000 | objective=553.783264 | rate=11.797134 | power=29.999945 | r_p=25.702866 | r_c=565.580380 | r_s=0.001159 | status=running
[UL Convergence] | phase=optimize | user=2 | block=0 | n_kl=80 | epoch=87/1000 | objective=560.389709 | rate=11.797132 | power=29.999945 | r_p=25.702869 | r_c=572.186838 | r_s=4.967558e-04 | status=stationary_infeasible
[UL Convergence Result] | user=2 | block=0 | n_kl=80 | achieved_rate=11.797136 | power=29.999939 | rate_gap=25.702864 | power_gap=-6.103516e-05 | solve_status=stationary_infeasible
[UL Convergence Allocation] | user=2 | block=0 | n_kl=80 | requested_bits=3000 | served_bits=943 | full_service=false
[UL Convergence Block] | user=2 | block=0 | stage=post_T | served_bits=943 | remaining_bits=2057
[UL Convergence Reduction] | user=2 | block=0 | served_bits=943 | n_start=79 | n_min=1
[UL Convergence Reduction] | user=2 | block=0 | n_kl=79 | status=stop_partial_payload
[UL Convergence Final] | user=2 | block=0 | feasible_points=1 | chosen_n_kl=80 | served_bits=943 | achieved_rate=11.797136 | power=29.999939 | solve_status=stationary_infeasible
[UL Convergence Allocation] | user=2 | block=0 | chosen_n_kl=80 | served_bits=943 | committed_bits=943 | remaining_bits=2057
[UL Convergence Train] | user=2 | block=1 | remaining_bits=2057
[UL Convergence Block] | user=2 | block=1 | budget_mode=B_rem | requested_bits=2057
[UL Convergence Solve] | user=2 | block=1 | stage=n=T | n_kl=80 | requested_bits=2057
[UL Convergence] | phase=optimize | user=2 | block=1 | n_kl=80 | epoch=1/1000 | objective=-12.258149 | rate=13.481272 | power=29.999939 | r_p=12.231228 | r_c=1.223123 | r_s=inf | status=running
[UL Convergence] | phase=optimize | user=2 | block=1 | n_kl=80 | epoch=2/1000 | objective=-10.735889 | rate=13.459812 | power=29.999939 | r_p=12.252687 | r_c=2.723923 | r_s=0.147034 | status=running
[UL Convergence] | phase=optimize | user=2 | block=1 | n_kl=80 | epoch=3/1000 | objective=-9.265949 | rate=13.483119 | power=29.999939 | r_p=12.229381 | r_c=4.217169 | r_s=0.077482 | status=running
[UL Convergence] | phase=optimize | user=2 | block=1 | n_kl=80 | epoch=4/1000 | objective=-7.801998 | rate=13.504675 | power=29.999939 | r_p=12.207825 | r_c=5.702677 | r_s=0.059018 | status=running
[UL Convergence] | phase=optimize | user=2 | block=1 | n_kl=80 | epoch=5/1000 | objective=-6.308509 | rate=13.502675 | power=29.999945 | r_p=12.209825 | r_c=7.194165 | r_s=0.049697 | status=running
[UL Convergence] | phase=optimize | user=2 | block=1 | n_kl=80 | epoch=6/1000 | objective=-4.814785 | rate=13.500965 | power=29.999945 | r_p=12.211535 | r_c=8.686180 | r_s=0.033825 | status=running
[UL Convergence] | phase=optimize | user=2 | block=1 | n_kl=80 | epoch=7/1000 | objective=-3.336987 | rate=13.508284 | power=29.999945 | r_p=12.204216 | r_c=10.171296 | r_s=0.028752 | status=running
[UL Convergence] | phase=optimize | user=2 | block=1 | n_kl=80 | epoch=8/1000 | objective=-1.857889 | rate=13.513567 | power=29.999939 | r_p=12.198933 | r_c=11.655677 | r_s=0.030611 | status=running
[UL Convergence] | phase=optimize | user=2 | block=1 | n_kl=80 | epoch=9/1000 | objective=-0.370275 | rate=13.513820 | power=29.999939 | r_p=12.198680 | r_c=13.143544 | r_s=0.027544 | status=running
[UL Convergence] | phase=optimize | user=2 | block=1 | n_kl=80 | epoch=10/1000 | objective=1.121879 | rate=13.511967 | power=29.999945 | r_p=12.200533 | r_c=14.633845 | r_s=0.023094 | status=running
[UL Convergence] | phase=optimize | user=2 | block=1 | n_kl=80 | epoch=11/1000 | objective=2.608533 | rate=13.512774 | power=29.999945 | r_p=12.199725 | r_c=16.121307 | r_s=0.017834 | status=running
[UL Convergence] | phase=optimize | user=2 | block=1 | n_kl=80 | epoch=12/1000 | objective=4.089320 | rate=13.515862 | power=29.999939 | r_p=12.196637 | r_c=17.605183 | r_s=0.018793 | status=running
[UL Convergence] | phase=optimize | user=2 | block=1 | n_kl=80 | epoch=13/1000 | objective=5.572305 | rate=13.517653 | power=29.999945 | r_p=12.194846 | r_c=19.089959 | r_s=0.019818 | status=running
[UL Convergence] | phase=optimize | user=2 | block=1 | n_kl=80 | epoch=14/1000 | objective=7.061473 | rate=13.516900 | power=29.999939 | r_p=12.195600 | r_c=20.578373 | r_s=0.017824 | status=running
[UL Convergence] | phase=optimize | user=2 | block=1 | n_kl=80 | epoch=15/1000 | objective=8.551747 | rate=13.515851 | power=29.999939 | r_p=12.196649 | r_c=22.067597 | r_s=0.014172 | status=running
[UL Convergence] | phase=optimize | user=2 | block=1 | n_kl=80 | epoch=16/1000 | objective=10.036969 | rate=13.516656 | power=29.999939 | r_p=12.195844 | r_c=23.553625 | r_s=0.012112 | status=running
[UL Convergence] | phase=optimize | user=2 | block=1 | n_kl=80 | epoch=17/1000 | objective=11.518023 | rate=13.518730 | power=29.999945 | r_p=12.193769 | r_c=25.036752 | r_s=0.013977 | status=running
[UL Convergence] | phase=optimize | user=2 | block=1 | n_kl=80 | epoch=18/1000 | objective=13.003084 | rate=13.519302 | power=29.999939 | r_p=12.193197 | r_c=26.522388 | r_s=0.015753 | status=running
[UL Convergence] | phase=optimize | user=2 | block=1 | n_kl=80 | epoch=19/1000 | objective=14.494598 | rate=13.517855 | power=29.999945 | r_p=12.194645 | r_c=28.012454 | r_s=0.013083 | status=running
[UL Convergence] | phase=optimize | user=2 | block=1 | n_kl=80 | epoch=20/1000 | objective=15.982515 | rate=13.517614 | power=29.999945 | r_p=12.194885 | r_c=29.500129 | r_s=0.007034 | status=running
[UL Convergence] | phase=optimize | user=2 | block=1 | n_kl=80 | epoch=21/1000 | objective=17.463615 | rate=13.519323 | power=29.999939 | r_p=12.193176 | r_c=30.982939 | r_s=0.009584 | status=running
[UL Convergence] | phase=optimize | user=2 | block=1 | n_kl=80 | epoch=22/1000 | objective=18.947662 | rate=13.520057 | power=29.999945 | r_p=12.192443 | r_c=32.467721 | r_s=0.013120 | status=running
[UL Convergence] | phase=optimize | user=2 | block=1 | n_kl=80 | epoch=23/1000 | objective=20.438435 | rate=13.518944 | power=29.999945 | r_p=12.193556 | r_c=33.957377 | r_s=0.010826 | status=running
[UL Convergence] | phase=optimize | user=2 | block=1 | n_kl=80 | epoch=24/1000 | objective=21.927021 | rate=13.518493 | power=29.999945 | r_p=12.194007 | r_c=35.445517 | r_s=0.005136 | status=running
[UL Convergence] | phase=optimize | user=2 | block=1 | n_kl=80 | epoch=25/1000 | objective=23.408926 | rate=13.519743 | power=29.999945 | r_p=12.192757 | r_c=36.928668 | r_s=0.007379 | status=running
[UL Convergence] | phase=optimize | user=2 | block=1 | n_kl=80 | epoch=26/1000 | objective=24.893284 | rate=13.520291 | power=29.999939 | r_p=12.192208 | r_c=38.413573 | r_s=0.011717 | status=running
[UL Convergence] | phase=optimize | user=2 | block=1 | n_kl=80 | epoch=27/1000 | objective=26.384041 | rate=13.519294 | power=29.999945 | r_p=12.193206 | r_c=39.903337 | r_s=0.008659 | status=running
[UL Convergence] | phase=optimize | user=2 | block=1 | n_kl=80 | epoch=28/1000 | objective=27.870806 | rate=13.519289 | power=29.999945 | r_p=12.193211 | r_c=41.390096 | r_s=0.002625 | status=running
[UL Convergence] | phase=optimize | user=2 | block=1 | n_kl=80 | epoch=29/1000 | objective=29.353718 | rate=13.520138 | power=29.999939 | r_p=12.192362 | r_c=42.873855 | r_s=0.007617 | status=running
[UL Convergence] | phase=optimize | user=2 | block=1 | n_kl=80 | epoch=30/1000 | objective=30.840174 | rate=13.520155 | power=29.999945 | r_p=12.192345 | r_c=44.360330 | r_s=0.009109 | status=running
[UL Convergence] | phase=optimize | user=2 | block=1 | n_kl=80 | epoch=31/1000 | objective=32.329262 | rate=13.519618 | power=29.999945 | r_p=12.192882 | r_c=45.848881 | r_s=0.006189 | status=running
[UL Convergence] | phase=optimize | user=2 | block=1 | n_kl=80 | epoch=32/1000 | objective=33.814865 | rate=13.519835 | power=29.999935 | r_p=12.192664 | r_c=47.334701 | r_s=0.003534 | status=running
[UL Convergence] | phase=optimize | user=2 | block=1 | n_kl=80 | epoch=33/1000 | objective=35.299259 | rate=13.520279 | power=29.999939 | r_p=12.192221 | r_c=48.819536 | r_s=0.007358 | status=running
[UL Convergence] | phase=optimize | user=2 | block=1 | n_kl=80 | epoch=34/1000 | objective=36.786831 | rate=13.520070 | power=29.999939 | r_p=12.192430 | r_c=50.306900 | r_s=0.007161 | status=running
[UL Convergence] | phase=optimize | user=2 | block=1 | n_kl=80 | epoch=35/1000 | objective=38.274261 | rate=13.519903 | power=29.999939 | r_p=12.192596 | r_c=51.794162 | r_s=0.004352 | status=running
[UL Convergence] | phase=optimize | user=2 | block=1 | n_kl=80 | epoch=36/1000 | objective=39.759544 | rate=13.520147 | power=29.999945 | r_p=12.192352 | r_c=53.279690 | r_s=0.004984 | status=running
[UL Convergence] | phase=optimize | user=2 | block=1 | n_kl=80 | epoch=37/1000 | objective=41.245445 | rate=13.520262 | power=29.999939 | r_p=12.192238 | r_c=54.765710 | r_s=0.006582 | status=running
[UL Convergence] | phase=optimize | user=2 | block=1 | n_kl=80 | epoch=38/1000 | objective=42.733143 | rate=13.520050 | power=29.999939 | r_p=12.192450 | r_c=56.253193 | r_s=0.006561 | status=running
[UL Convergence] | phase=optimize | user=2 | block=1 | n_kl=80 | epoch=39/1000 | objective=44.220184 | rate=13.519965 | power=29.999935 | r_p=12.192534 | r_c=57.740154 | r_s=0.006801 | status=running
[UL Convergence] | phase=optimize | user=2 | block=1 | n_kl=80 | epoch=40/1000 | objective=45.705589 | rate=13.520166 | power=29.999939 | r_p=12.192333 | r_c=59.225755 | r_s=0.009713 | status=running
[UL Convergence] | phase=optimize | user=2 | block=1 | n_kl=80 | epoch=41/1000 | objective=47.192181 | rate=13.520156 | power=29.999945 | r_p=12.192344 | r_c=60.712337 | r_s=0.008946 | status=running
[UL Convergence] | phase=optimize | user=2 | block=1 | n_kl=80 | epoch=42/1000 | objective=48.678894 | rate=13.520126 | power=29.999945 | r_p=12.192373 | r_c=62.199021 | r_s=0.003621 | status=running
[UL Convergence] | phase=optimize | user=2 | block=1 | n_kl=80 | epoch=43/1000 | objective=50.164558 | rate=13.520267 | power=29.999939 | r_p=12.192232 | r_c=63.684823 | r_s=0.005467 | status=running
[UL Convergence] | phase=optimize | user=2 | block=1 | n_kl=80 | epoch=44/1000 | objective=51.651657 | rate=13.520174 | power=29.999939 | r_p=12.192326 | r_c=65.171828 | r_s=0.008108 | status=running
[UL Convergence] | phase=optimize | user=2 | block=1 | n_kl=80 | epoch=45/1000 | objective=53.138298 | rate=13.520156 | power=29.999945 | r_p=12.192344 | r_c=66.658455 | r_s=0.005683 | status=running
[UL Convergence] | phase=optimize | user=2 | block=1 | n_kl=80 | epoch=46/1000 | objective=54.623665 | rate=13.520333 | power=29.999939 | r_p=12.192166 | r_c=68.143996 | r_s=0.004983 | status=running
[UL Convergence] | phase=optimize | user=2 | block=1 | n_kl=80 | epoch=47/1000 | objective=56.110798 | rate=13.520237 | power=29.999935 | r_p=12.192263 | r_c=69.631035 | r_s=0.005850 | status=running
[UL Convergence] | phase=optimize | user=2 | block=1 | n_kl=80 | epoch=48/1000 | objective=57.597763 | rate=13.520170 | power=29.999939 | r_p=12.192329 | r_c=71.117937 | r_s=0.006033 | status=running
[UL Convergence] | phase=optimize | user=2 | block=1 | n_kl=80 | epoch=49/1000 | objective=59.083515 | rate=13.520283 | power=29.999945 | r_p=12.192217 | r_c=72.603796 | r_s=0.006797 | status=running
[UL Convergence] | phase=optimize | user=2 | block=1 | n_kl=80 | epoch=50/1000 | objective=60.570011 | rate=13.520283 | power=29.999939 | r_p=12.192217 | r_c=74.090298 | r_s=0.005859 | status=running
[UL Convergence] | phase=optimize | user=2 | block=1 | n_kl=80 | epoch=51/1000 | objective=62.056522 | rate=13.520282 | power=29.999939 | r_p=12.192218 | r_c=75.576805 | r_s=0.003936 | status=running
[UL Convergence] | phase=optimize | user=2 | block=1 | n_kl=80 | epoch=52/1000 | objective=63.542763 | rate=13.520318 | power=29.999939 | r_p=12.192182 | r_c=77.063078 | r_s=0.004549 | status=running
[UL Convergence] | phase=optimize | user=2 | block=1 | n_kl=80 | epoch=53/1000 | objective=65.029732 | rate=13.520253 | power=29.999939 | r_p=12.192246 | r_c=78.549989 | r_s=0.005814 | status=running
[UL Convergence] | phase=optimize | user=2 | block=1 | n_kl=80 | epoch=54/1000 | objective=66.516510 | rate=13.520218 | power=29.999935 | r_p=12.192282 | r_c=80.036729 | r_s=0.006383 | status=running
[UL Convergence] | phase=optimize | user=2 | block=1 | n_kl=80 | epoch=55/1000 | objective=68.002777 | rate=13.520250 | power=29.999939 | r_p=12.192249 | r_c=81.523029 | r_s=0.007732 | status=running
[UL Convergence] | phase=optimize | user=2 | block=1 | n_kl=80 | epoch=56/1000 | objective=69.489555 | rate=13.520216 | power=29.999945 | r_p=12.192284 | r_c=83.009773 | r_s=0.007408 | status=running
[UL Convergence] | phase=optimize | user=2 | block=1 | n_kl=80 | epoch=57/1000 | objective=70.975334 | rate=13.520309 | power=29.999939 | r_p=12.192190 | r_c=84.495643 | r_s=0.005933 | status=running
[UL Convergence] | phase=optimize | user=2 | block=1 | n_kl=80 | epoch=58/1000 | objective=72.461792 | rate=13.520314 | power=29.999935 | r_p=12.192185 | r_c=85.982104 | r_s=0.005016 | status=running
[UL Convergence] | phase=optimize | user=2 | block=1 | n_kl=80 | epoch=59/1000 | objective=73.949066 | rate=13.520218 | power=29.999939 | r_p=12.192282 | r_c=87.469289 | r_s=0.005817 | status=running
[UL Convergence] | phase=optimize | user=2 | block=1 | n_kl=80 | epoch=60/1000 | objective=75.436790 | rate=13.520073 | power=29.999950 | r_p=12.192427 | r_c=88.956864 | r_s=0.009771 | status=running
[UL Convergence] | phase=optimize | user=2 | block=1 | n_kl=80 | epoch=61/1000 | objective=76.925903 | rate=13.519769 | power=29.999945 | r_p=12.192731 | r_c=90.445673 | r_s=0.013842 | status=running
[UL Convergence] | phase=optimize | user=2 | block=1 | n_kl=80 | epoch=62/1000 | objective=78.413300 | rate=13.519679 | power=29.999950 | r_p=12.192821 | r_c=91.932976 | r_s=0.016702 | status=running
[UL Convergence] | phase=optimize | user=2 | block=1 | n_kl=80 | epoch=63/1000 | objective=79.897392 | rate=13.519974 | power=29.999945 | r_p=12.192526 | r_c=93.417367 | r_s=0.015257 | status=running
[UL Convergence] | phase=optimize | user=2 | block=1 | n_kl=80 | epoch=64/1000 | objective=81.382179 | rate=13.520178 | power=29.999945 | r_p=12.192322 | r_c=94.902355 | r_s=0.009736 | status=running
[UL Convergence] | phase=optimize | user=2 | block=1 | n_kl=80 | epoch=65/1000 | objective=82.869675 | rate=13.520069 | power=29.999950 | r_p=12.192430 | r_c=96.389742 | r_s=0.009027 | status=running
[UL Convergence] | phase=optimize | user=2 | block=1 | n_kl=80 | epoch=66/1000 | objective=84.357346 | rate=13.519945 | power=29.999939 | r_p=12.192554 | r_c=97.877291 | r_s=0.012186 | status=running
[UL Convergence] | phase=optimize | user=2 | block=1 | n_kl=80 | epoch=67/1000 | objective=85.841835 | rate=13.520174 | power=29.999945 | r_p=12.192326 | r_c=99.362009 | r_s=0.011123 | status=running
[UL Convergence] | phase=optimize | user=2 | block=1 | n_kl=80 | epoch=68/1000 | objective=87.327377 | rate=13.520281 | power=29.999945 | r_p=12.192219 | r_c=100.847654 | r_s=0.006337 | status=running
[UL Convergence] | phase=optimize | user=2 | block=1 | n_kl=80 | epoch=69/1000 | objective=88.815552 | rate=13.520103 | power=29.999945 | r_p=12.192397 | r_c=102.335653 | r_s=0.007836 | status=running
[UL Convergence] | phase=optimize | user=2 | block=1 | n_kl=80 | epoch=70/1000 | objective=90.301857 | rate=13.520127 | power=29.999945 | r_p=12.192372 | r_c=103.821987 | r_s=0.010666 | status=running
[UL Convergence] | phase=optimize | user=2 | block=1 | n_kl=80 | epoch=71/1000 | objective=91.786842 | rate=13.520288 | power=29.999939 | r_p=12.192211 | r_c=105.307134 | r_s=0.007527 | status=running
[UL Convergence] | phase=optimize | user=2 | block=1 | n_kl=80 | epoch=72/1000 | objective=93.273865 | rate=13.520235 | power=29.999945 | r_p=12.192265 | r_c=106.794102 | r_s=0.005814 | status=running
[UL Convergence] | phase=optimize | user=2 | block=1 | n_kl=80 | epoch=73/1000 | objective=94.761375 | rate=13.520134 | power=29.999945 | r_p=12.192366 | r_c=108.281513 | r_s=0.008939 | status=running
[UL Convergence] | phase=optimize | user=2 | block=1 | n_kl=80 | epoch=74/1000 | objective=96.246704 | rate=13.520254 | power=29.999939 | r_p=12.192245 | r_c=109.766969 | r_s=0.008552 | status=running
[UL Convergence] | phase=optimize | user=2 | block=1 | n_kl=80 | epoch=75/1000 | objective=97.732658 | rate=13.520309 | power=29.999939 | r_p=12.192190 | r_c=111.252973 | r_s=0.005304 | status=running
[UL Convergence] | phase=optimize | user=2 | block=1 | n_kl=80 | epoch=76/1000 | objective=99.220039 | rate=13.520224 | power=29.999939 | r_p=12.192276 | r_c=112.740262 | r_s=0.006104 | status=running
[UL Convergence] | phase=optimize | user=2 | block=1 | n_kl=80 | epoch=77/1000 | objective=100.706551 | rate=13.520224 | power=29.999935 | r_p=12.192276 | r_c=114.226778 | r_s=0.007923 | status=running
[UL Convergence] | phase=optimize | user=2 | block=1 | n_kl=80 | epoch=78/1000 | objective=102.192307 | rate=13.520296 | power=29.999939 | r_p=12.192204 | r_c=115.712606 | r_s=0.006341 | status=running
[UL Convergence] | phase=optimize | user=2 | block=1 | n_kl=80 | epoch=79/1000 | objective=103.679237 | rate=13.520256 | power=29.999945 | r_p=12.192244 | r_c=117.199489 | r_s=0.006010 | status=running
[UL Convergence] | phase=optimize | user=2 | block=1 | n_kl=80 | epoch=80/1000 | objective=105.167038 | rate=13.520136 | power=29.999945 | r_p=12.192364 | r_c=118.687167 | r_s=0.008684 | status=running
[UL Convergence] | phase=optimize | user=2 | block=1 | n_kl=80 | epoch=81/1000 | objective=106.654419 | rate=13.520058 | power=29.999939 | r_p=12.192442 | r_c=120.174475 | r_s=0.010917 | status=running
[UL Convergence] | phase=optimize | user=2 | block=1 | n_kl=80 | epoch=82/1000 | objective=108.141754 | rate=13.519986 | power=29.999939 | r_p=12.192513 | r_c=121.661745 | r_s=0.012135 | status=running
[UL Convergence] | phase=optimize | user=2 | block=1 | n_kl=80 | epoch=83/1000 | objective=109.629967 | rate=13.519839 | power=29.999945 | r_p=12.192660 | r_c=123.149802 | r_s=0.013829 | status=running
[UL Convergence] | phase=optimize | user=2 | block=1 | n_kl=80 | epoch=84/1000 | objective=111.117996 | rate=13.519712 | power=29.999945 | r_p=12.192787 | r_c=124.637708 | r_s=0.015887 | status=running
[UL Convergence] | phase=optimize | user=2 | block=1 | n_kl=80 | epoch=85/1000 | objective=112.601974 | rate=13.519947 | power=29.999945 | r_p=12.192553 | r_c=126.121922 | r_s=0.014978 | status=running
[UL Convergence] | phase=optimize | user=2 | block=1 | n_kl=80 | epoch=86/1000 | objective=114.085587 | rate=13.520206 | power=29.999939 | r_p=12.192293 | r_c=127.605791 | r_s=0.009886 | status=running
[UL Convergence] | phase=optimize | user=2 | block=1 | n_kl=80 | epoch=87/1000 | objective=115.573296 | rate=13.520103 | power=29.999945 | r_p=12.192396 | r_c=129.093401 | r_s=0.008465 | status=running
[UL Convergence] | phase=optimize | user=2 | block=1 | n_kl=80 | epoch=88/1000 | objective=117.060867 | rate=13.520016 | power=29.999939 | r_p=12.192484 | r_c=130.580886 | r_s=0.011289 | status=running
[UL Convergence] | phase=optimize | user=2 | block=1 | n_kl=80 | epoch=89/1000 | objective=118.546364 | rate=13.520106 | power=29.999939 | r_p=12.192393 | r_c=132.066472 | r_s=0.011015 | status=running
[UL Convergence] | phase=optimize | user=2 | block=1 | n_kl=80 | epoch=90/1000 | objective=120.031937 | rate=13.520187 | power=29.999939 | r_p=12.192312 | r_c=133.552128 | r_s=0.009094 | status=running
[UL Convergence] | phase=optimize | user=2 | block=1 | n_kl=80 | epoch=91/1000 | objective=121.518410 | rate=13.520192 | power=29.999939 | r_p=12.192307 | r_c=135.038600 | r_s=0.008075 | status=running
[UL Convergence] | phase=optimize | user=2 | block=1 | n_kl=80 | epoch=92/1000 | objective=123.005524 | rate=13.520144 | power=29.999939 | r_p=12.192356 | r_c=136.525668 | r_s=0.008766 | status=running
[UL Convergence] | phase=optimize | user=2 | block=1 | n_kl=80 | epoch=93/1000 | objective=124.492012 | rate=13.520147 | power=29.999939 | r_p=12.192352 | r_c=138.012161 | r_s=0.009361 | status=running
[UL Convergence] | phase=optimize | user=2 | block=1 | n_kl=80 | epoch=94/1000 | objective=125.979202 | rate=13.520094 | power=29.999945 | r_p=12.192406 | r_c=139.499306 | r_s=0.010003 | status=running
[UL Convergence] | phase=optimize | user=2 | block=1 | n_kl=80 | epoch=95/1000 | objective=127.466660 | rate=13.520022 | power=29.999939 | r_p=12.192477 | r_c=140.986681 | r_s=0.011494 | status=running
[UL Convergence] | phase=optimize | user=2 | block=1 | n_kl=80 | epoch=96/1000 | objective=128.952942 | rate=13.520044 | power=29.999935 | r_p=12.192455 | r_c=142.472990 | r_s=0.011834 | status=running
[UL Convergence] | phase=optimize | user=2 | block=1 | n_kl=80 | epoch=97/1000 | objective=130.439407 | rate=13.520052 | power=29.999939 | r_p=12.192448 | r_c=143.959459 | r_s=0.011261 | status=running
[UL Convergence] | phase=optimize | user=2 | block=1 | n_kl=80 | epoch=98/1000 | objective=131.926208 | rate=13.520033 | power=29.999939 | r_p=12.192467 | r_c=145.446245 | r_s=0.011467 | status=running
[UL Convergence] | phase=optimize | user=2 | block=1 | n_kl=80 | epoch=99/1000 | objective=133.411865 | rate=13.520103 | power=29.999935 | r_p=12.192396 | r_c=146.931957 | r_s=0.011073 | status=running
[UL Convergence] | phase=optimize | user=2 | block=1 | n_kl=80 | epoch=100/1000 | objective=134.896606 | rate=13.520240 | power=29.999945 | r_p=12.192260 | r_c=148.416842 | r_s=0.008657 | status=running
[UL Convergence] | phase=optimize | user=2 | block=1 | n_kl=80 | epoch=101/1000 | objective=136.382599 | rate=13.520279 | power=29.999939 | r_p=12.192221 | r_c=149.902873 | r_s=0.006247 | status=running
[UL Convergence] | phase=optimize | user=2 | block=1 | n_kl=80 | epoch=102/1000 | objective=137.869949 | rate=13.520215 | power=29.999939 | r_p=12.192285 | r_c=151.390169 | r_s=0.006961 | status=running
[UL Convergence] | phase=optimize | user=2 | block=1 | n_kl=80 | epoch=103/1000 | objective=139.357346 | rate=13.520150 | power=29.999945 | r_p=12.192349 | r_c=152.877500 | r_s=0.008918 | status=running
[UL Convergence] | phase=optimize | user=2 | block=1 | n_kl=80 | epoch=104/1000 | objective=140.843338 | rate=13.520191 | power=29.999939 | r_p=12.192308 | r_c=154.363515 | r_s=0.009132 | status=running
[UL Convergence] | phase=optimize | user=2 | block=1 | n_kl=80 | epoch=105/1000 | objective=142.328995 | rate=13.520253 | power=29.999945 | r_p=12.192246 | r_c=155.849246 | r_s=0.007595 | status=running
[UL Convergence] | phase=optimize | user=2 | block=1 | n_kl=80 | epoch=106/1000 | objective=143.815704 | rate=13.520239 | power=29.999945 | r_p=12.192261 | r_c=157.335939 | r_s=0.007030 | status=running
[UL Convergence] | phase=optimize | user=2 | block=1 | n_kl=80 | epoch=107/1000 | objective=145.302460 | rate=13.520222 | power=29.999939 | r_p=12.192278 | r_c=158.822675 | r_s=0.007759 | status=running
[UL Convergence] | phase=optimize | user=2 | block=1 | n_kl=80 | epoch=108/1000 | objective=146.788361 | rate=13.520266 | power=29.999945 | r_p=12.192234 | r_c=160.308615 | r_s=0.007364 | status=running
[UL Convergence] | phase=optimize | user=2 | block=1 | n_kl=80 | epoch=109/1000 | objective=148.274460 | rate=13.520293 | power=29.999945 | r_p=12.192206 | r_c=161.794754 | r_s=0.006109 | status=running
[UL Convergence] | phase=optimize | user=2 | block=1 | n_kl=80 | epoch=110/1000 | objective=149.760757 | rate=13.520307 | power=29.999939 | r_p=12.192193 | r_c=163.281074 | r_s=0.005352 | status=running
[UL Convergence] | phase=optimize | user=2 | block=1 | n_kl=80 | epoch=111/1000 | objective=151.247391 | rate=13.520299 | power=29.999945 | r_p=12.192201 | r_c=164.767672 | r_s=0.005343 | status=running
[UL Convergence] | phase=optimize | user=2 | block=1 | n_kl=80 | epoch=112/1000 | objective=152.733963 | rate=13.520292 | power=29.999939 | r_p=12.192207 | r_c=166.254261 | r_s=0.005800 | status=running
[UL Convergence] | phase=optimize | user=2 | block=1 | n_kl=80 | epoch=113/1000 | objective=154.220215 | rate=13.520309 | power=29.999945 | r_p=12.192190 | r_c=167.740524 | r_s=0.005651 | status=running
[UL Convergence] | phase=optimize | user=2 | block=1 | n_kl=80 | epoch=114/1000 | objective=155.706512 | rate=13.520323 | power=29.999939 | r_p=12.192177 | r_c=169.226834 | r_s=0.004880 | status=running
[UL Convergence] | phase=optimize | user=2 | block=1 | n_kl=80 | epoch=115/1000 | objective=157.193665 | rate=13.520279 | power=29.999939 | r_p=12.192221 | r_c=170.713940 | r_s=0.005506 | status=running
[UL Convergence] | phase=optimize | user=2 | block=1 | n_kl=80 | epoch=116/1000 | objective=158.681122 | rate=13.520216 | power=29.999939 | r_p=12.192284 | r_c=172.201331 | r_s=0.007311 | status=running
[UL Convergence] | phase=optimize | user=2 | block=1 | n_kl=80 | epoch=117/1000 | objective=160.168564 | rate=13.520155 | power=29.999945 | r_p=12.192345 | r_c=173.688719 | r_s=0.008886 | status=running
[UL Convergence] | phase=optimize | user=2 | block=1 | n_kl=80 | epoch=118/1000 | objective=161.656387 | rate=13.520071 | power=29.999945 | r_p=12.192429 | r_c=175.176457 | r_s=0.010428 | status=running
[UL Convergence] | phase=optimize | user=2 | block=1 | n_kl=80 | epoch=119/1000 | objective=163.145096 | rate=13.519932 | power=29.999939 | r_p=12.192568 | r_c=176.665028 | r_s=0.012449 | status=running
[UL Convergence] | phase=optimize | user=2 | block=1 | n_kl=80 | epoch=120/1000 | objective=164.633743 | rate=13.519799 | power=29.999945 | r_p=12.192700 | r_c=178.153552 | r_s=0.014622 | status=running
[UL Convergence] | phase=optimize | user=2 | block=1 | n_kl=80 | epoch=121/1000 | objective=166.120911 | rate=13.519765 | power=29.999945 | r_p=12.192735 | r_c=179.640677 | r_s=0.015758 | status=running
[UL Convergence] | phase=optimize | user=2 | block=1 | n_kl=80 | epoch=122/1000 | objective=167.606323 | rate=13.519842 | power=29.999945 | r_p=12.192657 | r_c=181.126157 | r_s=0.015206 | status=running
[UL Convergence] | phase=optimize | user=2 | block=1 | n_kl=80 | epoch=123/1000 | objective=169.092102 | rate=13.519894 | power=29.999945 | r_p=12.192606 | r_c=182.611995 | r_s=0.014063 | status=running
[UL Convergence] | phase=optimize | user=2 | block=1 | n_kl=80 | epoch=124/1000 | objective=170.578934 | rate=13.519878 | power=29.999939 | r_p=12.192621 | r_c=184.098822 | r_s=0.013845 | status=running
[UL Convergence] | phase=optimize | user=2 | block=1 | n_kl=80 | epoch=125/1000 | objective=172.064224 | rate=13.519959 | power=29.999939 | r_p=12.192540 | r_c=185.584188 | r_s=0.013559 | status=running
[UL Convergence] | phase=optimize | user=2 | block=1 | n_kl=80 | epoch=126/1000 | objective=173.548309 | rate=13.520112 | power=29.999945 | r_p=12.192388 | r_c=187.068427 | r_s=0.011310 | status=running
[UL Convergence] | phase=optimize | user=2 | block=1 | n_kl=80 | epoch=127/1000 | objective=175.035568 | rate=13.520069 | power=29.999945 | r_p=12.192430 | r_c=188.555634 | r_s=0.009821 | status=running
[UL Convergence] | phase=optimize | user=2 | block=1 | n_kl=80 | epoch=128/1000 | objective=176.525375 | rate=13.519874 | power=29.999939 | r_p=12.192626 | r_c=190.045235 | r_s=0.012586 | status=running
[UL Convergence] | phase=optimize | user=2 | block=1 | n_kl=80 | epoch=129/1000 | objective=178.012970 | rate=13.519814 | power=29.999939 | r_p=12.192686 | r_c=191.532780 | r_s=0.014874 | status=running
[UL Convergence] | phase=optimize | user=2 | block=1 | n_kl=80 | epoch=130/1000 | objective=179.499725 | rate=13.519805 | power=29.999945 | r_p=12.192695 | r_c=193.019532 | r_s=0.015032 | status=running
[UL Convergence] | phase=optimize | user=2 | block=1 | n_kl=80 | epoch=131/1000 | objective=180.988068 | rate=13.519704 | power=29.999945 | r_p=12.192796 | r_c=194.507762 | r_s=0.015565 | status=running
[UL Convergence] | phase=optimize | user=2 | block=1 | n_kl=80 | epoch=132/1000 | objective=182.471695 | rate=13.519880 | power=29.999939 | r_p=12.192619 | r_c=195.991569 | r_s=0.015277 | status=running
[UL Convergence] | phase=optimize | user=2 | block=1 | n_kl=80 | epoch=133/1000 | objective=183.951843 | rate=13.520255 | power=29.999945 | r_p=12.192245 | r_c=197.472098 | r_s=0.010103 | status=running
[UL Convergence] | phase=optimize | user=2 | block=1 | n_kl=80 | epoch=134/1000 | objective=185.439285 | rate=13.520202 | power=29.999939 | r_p=12.192298 | r_c=198.959478 | r_s=0.005221 | status=running
[UL Convergence] | phase=optimize | user=2 | block=1 | n_kl=80 | epoch=135/1000 | objective=186.929550 | rate=13.519986 | power=29.999939 | r_p=12.192513 | r_c=200.449543 | r_s=0.010276 | status=running
[UL Convergence] | phase=optimize | user=2 | block=1 | n_kl=80 | epoch=136/1000 | objective=188.414566 | rate=13.520075 | power=29.999939 | r_p=12.192425 | r_c=201.934648 | r_s=0.011598 | status=running
[UL Convergence] | phase=optimize | user=2 | block=1 | n_kl=80 | epoch=137/1000 | objective=189.898575 | rate=13.520220 | power=29.999939 | r_p=12.192280 | r_c=203.418781 | r_s=0.008762 | status=running
[UL Convergence] | phase=optimize | user=2 | block=1 | n_kl=80 | epoch=138/1000 | objective=191.385071 | rate=13.520220 | power=29.999939 | r_p=12.192280 | r_c=204.905298 | r_s=0.007138 | status=running
[UL Convergence] | phase=optimize | user=2 | block=1 | n_kl=80 | epoch=139/1000 | objective=192.871902 | rate=13.520203 | power=29.999945 | r_p=12.192297 | r_c=206.392106 | r_s=0.007742 | status=running
[UL Convergence] | phase=optimize | user=2 | block=1 | n_kl=80 | epoch=140/1000 | objective=194.358154 | rate=13.520218 | power=29.999935 | r_p=12.192282 | r_c=207.878367 | r_s=0.007668 | status=running
[UL Convergence] | phase=optimize | user=2 | block=1 | n_kl=80 | epoch=141/1000 | objective=195.844406 | rate=13.520231 | power=29.999945 | r_p=12.192268 | r_c=209.364655 | r_s=0.007235 | status=running
[UL Convergence] | phase=optimize | user=2 | block=1 | n_kl=80 | epoch=142/1000 | objective=197.330856 | rate=13.520236 | power=29.999939 | r_p=12.192264 | r_c=210.851086 | r_s=0.007263 | status=running
[UL Convergence] | phase=optimize | user=2 | block=1 | n_kl=80 | epoch=143/1000 | objective=198.816818 | rate=13.520267 | power=29.999935 | r_p=12.192233 | r_c=212.337068 | r_s=0.006806 | status=running
[UL Convergence] | phase=optimize | user=2 | block=1 | n_kl=80 | epoch=144/1000 | objective=200.302841 | rate=13.520291 | power=29.999939 | r_p=12.192208 | r_c=213.823138 | r_s=0.005739 | status=running
[UL Convergence] | phase=optimize | user=2 | block=1 | n_kl=80 | epoch=145/1000 | objective=201.789536 | rate=13.520281 | power=29.999939 | r_p=12.192219 | r_c=215.309823 | r_s=0.005643 | status=running
[UL Convergence] | phase=optimize | user=2 | block=1 | n_kl=80 | epoch=146/1000 | objective=203.276001 | rate=13.520284 | power=29.999945 | r_p=12.192216 | r_c=216.796274 | r_s=0.006094 | status=running
[UL Convergence] | phase=optimize | user=2 | block=1 | n_kl=80 | epoch=147/1000 | objective=204.762070 | rate=13.520306 | power=29.999945 | r_p=12.192194 | r_c=218.282383 | r_s=0.005530 | status=running
[UL Convergence] | phase=optimize | user=2 | block=1 | n_kl=80 | epoch=148/1000 | objective=206.248596 | rate=13.520304 | power=29.999935 | r_p=12.192196 | r_c=219.768913 | r_s=0.005001 | status=running
[UL Convergence] | phase=optimize | user=2 | block=1 | n_kl=80 | epoch=149/1000 | objective=207.735229 | rate=13.520297 | power=29.999939 | r_p=12.192203 | r_c=221.255531 | r_s=0.005502 | status=running
[UL Convergence] | phase=optimize | user=2 | block=1 | n_kl=80 | epoch=150/1000 | objective=209.221313 | rate=13.520319 | power=29.999939 | r_p=12.192181 | r_c=222.741628 | r_s=0.005160 | status=running
[UL Convergence] | phase=optimize | user=2 | block=1 | n_kl=80 | epoch=151/1000 | objective=210.707397 | rate=13.520340 | power=29.999939 | r_p=12.192160 | r_c=224.227735 | r_s=0.003926 | status=running
[UL Convergence] | phase=optimize | user=2 | block=1 | n_kl=80 | epoch=152/1000 | objective=212.194183 | rate=13.520325 | power=29.999945 | r_p=12.192175 | r_c=225.714505 | r_s=0.004155 | status=running
[UL Convergence] | phase=optimize | user=2 | block=1 | n_kl=80 | epoch=153/1000 | objective=213.680878 | rate=13.520314 | power=29.999939 | r_p=12.192185 | r_c=227.201192 | r_s=0.005024 | status=running
[UL Convergence] | phase=optimize | user=2 | block=1 | n_kl=80 | epoch=154/1000 | objective=215.167358 | rate=13.520315 | power=29.999945 | r_p=12.192184 | r_c=228.687668 | r_s=0.005138 | status=running
[UL Convergence] | phase=optimize | user=2 | block=1 | n_kl=80 | epoch=155/1000 | objective=216.654297 | rate=13.520292 | power=29.999945 | r_p=12.192207 | r_c=230.174593 | r_s=0.005454 | status=running
[UL Convergence] | phase=optimize | user=2 | block=1 | n_kl=80 | epoch=156/1000 | objective=218.142227 | rate=13.520222 | power=29.999939 | r_p=12.192278 | r_c=231.662433 | r_s=0.006938 | status=running
[UL Convergence] | phase=optimize | user=2 | block=1 | n_kl=80 | epoch=157/1000 | objective=219.632050 | rate=13.520057 | power=29.999939 | r_p=12.192443 | r_c=233.152105 | r_s=0.009842 | status=running
[UL Convergence] | phase=optimize | user=2 | block=1 | n_kl=80 | epoch=158/1000 | objective=221.125473 | rate=13.519718 | power=29.999939 | r_p=12.192781 | r_c=234.645177 | r_s=0.014178 | status=running
[UL Convergence] | phase=optimize | user=2 | block=1 | n_kl=80 | epoch=159/1000 | objective=222.620331 | rate=13.519314 | power=29.999945 | r_p=12.193186 | r_c=236.139647 | r_s=0.018883 | status=running
[UL Convergence] | phase=optimize | user=2 | block=1 | n_kl=80 | epoch=160/1000 | objective=224.110291 | rate=13.519156 | power=29.999939 | r_p=12.193343 | r_c=237.629451 | r_s=0.021711 | status=running
[UL Convergence] | phase=optimize | user=2 | block=1 | n_kl=80 | epoch=161/1000 | objective=225.589111 | rate=13.519543 | power=29.999939 | r_p=12.192957 | r_c=239.108653 | r_s=0.020153 | status=running
[UL Convergence] | phase=optimize | user=2 | block=1 | n_kl=80 | epoch=162/1000 | objective=227.065903 | rate=13.520020 | power=29.999939 | r_p=12.192480 | r_c=240.585926 | r_s=0.014247 | status=running
[UL Convergence] | phase=optimize | user=2 | block=1 | n_kl=80 | epoch=163/1000 | objective=228.554276 | rate=13.519934 | power=29.999939 | r_p=12.192566 | r_c=242.074196 | r_s=0.011059 | status=running
[UL Convergence] | phase=optimize | user=2 | block=1 | n_kl=80 | epoch=164/1000 | objective=230.045929 | rate=13.519691 | power=29.999945 | r_p=12.192808 | r_c=243.565622 | r_s=0.014825 | status=running
[UL Convergence] | phase=optimize | user=2 | block=1 | n_kl=80 | epoch=165/1000 | objective=231.526337 | rate=13.519987 | power=29.999945 | r_p=12.192513 | r_c=245.046325 | r_s=0.014577 | status=running
[UL Convergence] | phase=optimize | user=2 | block=1 | n_kl=80 | epoch=166/1000 | objective=233.007645 | rate=13.520235 | power=29.999945 | r_p=12.192265 | r_c=246.527885 | r_s=0.008338 | status=running
[UL Convergence] | phase=optimize | user=2 | block=1 | n_kl=80 | epoch=167/1000 | objective=234.500977 | rate=13.519917 | power=29.999945 | r_p=12.192583 | r_c=248.020878 | r_s=0.009738 | status=running
[UL Convergence] | phase=optimize | user=2 | block=1 | n_kl=80 | epoch=168/1000 | objective=235.987381 | rate=13.519924 | power=29.999945 | r_p=12.192575 | r_c=249.507313 | r_s=0.013787 | status=running
[UL Convergence] | phase=optimize | user=2 | block=1 | n_kl=80 | epoch=169/1000 | objective=237.466034 | rate=13.520292 | power=29.999945 | r_p=12.192207 | r_c=250.986324 | r_s=0.009332 | status=running
[UL Convergence] | phase=optimize | user=2 | block=1 | n_kl=80 | epoch=170/1000 | objective=238.954956 | rate=13.520180 | power=29.999945 | r_p=12.192320 | r_c=252.475153 | r_s=0.005293 | status=running
[UL Convergence] | phase=optimize | user=2 | block=1 | n_kl=80 | epoch=171/1000 | objective=240.443848 | rate=13.520072 | power=29.999939 | r_p=12.192428 | r_c=253.963924 | r_s=0.010089 | status=running
[UL Convergence] | phase=optimize | user=2 | block=1 | n_kl=80 | epoch=172/1000 | objective=241.926727 | rate=13.520240 | power=29.999945 | r_p=12.192260 | r_c=255.446961 | r_s=0.008757 | status=running
[UL Convergence] | phase=optimize | user=2 | block=1 | n_kl=80 | epoch=173/1000 | objective=243.414001 | rate=13.520205 | power=29.999939 | r_p=12.192295 | r_c=256.934216 | r_s=0.006562 | status=running
[UL Convergence] | phase=optimize | user=2 | block=1 | n_kl=80 | epoch=174/1000 | objective=244.900375 | rate=13.520211 | power=29.999939 | r_p=12.192288 | r_c=258.420595 | r_s=0.007965 | status=running
[UL Convergence] | phase=optimize | user=2 | block=1 | n_kl=80 | epoch=175/1000 | objective=246.385483 | rate=13.520275 | power=29.999945 | r_p=12.192225 | r_c=259.905752 | r_s=0.006475 | status=running
[UL Convergence] | phase=optimize | user=2 | block=1 | n_kl=80 | epoch=176/1000 | objective=247.873306 | rate=13.520216 | power=29.999939 | r_p=12.192284 | r_c=261.393523 | r_s=0.006540 | status=running
[UL Convergence] | phase=optimize | user=2 | block=1 | n_kl=80 | epoch=177/1000 | objective=249.359085 | rate=13.520249 | power=29.999939 | r_p=12.192250 | r_c=262.879321 | r_s=0.007564 | status=running
[UL Convergence] | phase=optimize | user=2 | block=1 | n_kl=80 | epoch=178/1000 | objective=250.844101 | rate=13.520315 | power=29.999939 | r_p=12.192184 | r_c=264.364404 | r_s=0.005470 | status=running
[UL Convergence] | phase=optimize | user=2 | block=1 | n_kl=80 | epoch=179/1000 | objective=252.331604 | rate=13.520270 | power=29.999939 | r_p=12.192229 | r_c=265.851875 | r_s=0.005251 | status=running
[UL Convergence] | phase=optimize | user=2 | block=1 | n_kl=80 | epoch=180/1000 | objective=253.817917 | rate=13.520279 | power=29.999945 | r_p=12.192221 | r_c=267.338192 | r_s=0.006489 | status=running
[UL Convergence] | phase=optimize | user=2 | block=1 | n_kl=80 | epoch=181/1000 | objective=255.303055 | rate=13.520338 | power=29.999939 | r_p=12.192162 | r_c=268.823390 | r_s=0.004895 | status=running
[UL Convergence] | phase=optimize | user=2 | block=1 | n_kl=80 | epoch=182/1000 | objective=256.790131 | rate=13.520311 | power=29.999939 | r_p=12.192188 | r_c=270.310470 | r_s=0.003920 | status=running
[UL Convergence] | phase=optimize | user=2 | block=1 | n_kl=80 | epoch=183/1000 | objective=258.277344 | rate=13.520281 | power=29.999939 | r_p=12.192219 | r_c=271.797645 | r_s=0.005607 | status=running
[UL Convergence] | phase=optimize | user=2 | block=1 | n_kl=80 | epoch=184/1000 | objective=259.762665 | rate=13.520332 | power=29.999939 | r_p=12.192167 | r_c=273.282993 | r_s=0.005168 | status=running
[UL Convergence] | phase=optimize | user=2 | block=1 | n_kl=80 | epoch=185/1000 | objective=261.248932 | rate=13.520342 | power=29.999945 | r_p=12.192158 | r_c=274.769267 | r_s=0.003363 | status=running
[UL Convergence] | phase=optimize | user=2 | block=1 | n_kl=80 | epoch=186/1000 | objective=262.735992 | rate=13.520317 | power=29.999939 | r_p=12.192183 | r_c=276.256316 | r_s=0.004126 | status=running
[UL Convergence] | phase=optimize | user=2 | block=1 | n_kl=80 | epoch=187/1000 | objective=264.222137 | rate=13.520332 | power=29.999939 | r_p=12.192167 | r_c=277.742462 | r_s=0.004555 | status=running
[UL Convergence] | phase=optimize | user=2 | block=1 | n_kl=80 | epoch=188/1000 | objective=265.708496 | rate=13.520338 | power=29.999945 | r_p=12.192162 | r_c=279.228820 | r_s=0.003983 | status=running
[UL Convergence] | phase=optimize | user=2 | block=1 | n_kl=80 | epoch=189/1000 | objective=267.195618 | rate=13.520310 | power=29.999939 | r_p=12.192189 | r_c=280.715945 | r_s=0.004674 | status=running
[UL Convergence] | phase=optimize | user=2 | block=1 | n_kl=80 | epoch=190/1000 | objective=268.681763 | rate=13.520325 | power=29.999939 | r_p=12.192175 | r_c=282.202109 | r_s=0.004954 | status=running
[UL Convergence] | phase=optimize | user=2 | block=1 | n_kl=80 | epoch=191/1000 | objective=270.168671 | rate=13.520308 | power=29.999939 | r_p=12.192191 | r_c=283.688977 | r_s=0.004857 | status=running
[UL Convergence] | phase=optimize | user=2 | block=1 | n_kl=80 | epoch=192/1000 | objective=271.657043 | rate=13.520231 | power=29.999939 | r_p=12.192268 | r_c=285.177279 | r_s=0.006687 | status=running
[UL Convergence] | phase=optimize | user=2 | block=1 | n_kl=80 | epoch=193/1000 | objective=273.145935 | rate=13.520134 | power=29.999939 | r_p=12.192366 | r_c=286.666081 | r_s=0.009088 | status=running
[UL Convergence] | phase=optimize | user=2 | block=1 | n_kl=80 | epoch=194/1000 | objective=274.635864 | rate=13.519997 | power=29.999939 | r_p=12.192503 | r_c=288.155864 | r_s=0.011404 | status=running
[UL Convergence] | phase=optimize | user=2 | block=1 | n_kl=80 | epoch=195/1000 | objective=276.126678 | rate=13.519825 | power=29.999939 | r_p=12.192675 | r_c=289.646513 | r_s=0.014034 | status=running
[UL Convergence] | phase=optimize | user=2 | block=1 | n_kl=80 | epoch=196/1000 | objective=277.613953 | rate=13.519799 | power=29.999939 | r_p=12.192700 | r_c=291.133741 | r_s=0.015544 | status=running
[UL Convergence] | phase=optimize | user=2 | block=1 | n_kl=80 | epoch=197/1000 | objective=279.095490 | rate=13.520003 | power=29.999939 | r_p=12.192496 | r_c=292.615463 | r_s=0.014033 | status=running
[UL Convergence] | phase=optimize | user=2 | block=1 | n_kl=80 | epoch=198/1000 | objective=280.579071 | rate=13.520123 | power=29.999939 | r_p=12.192377 | r_c=294.099157 | r_s=0.010775 | status=running
[UL Convergence] | phase=optimize | user=2 | block=1 | n_kl=80 | epoch=199/1000 | objective=282.068909 | rate=13.519991 | power=29.999945 | r_p=12.192509 | r_c=295.588888 | r_s=0.010967 | status=running
[UL Convergence] | phase=optimize | user=2 | block=1 | n_kl=80 | epoch=200/1000 | objective=283.559814 | rate=13.519821 | power=29.999939 | r_p=12.192678 | r_c=297.079597 | r_s=0.013937 | status=running
[UL Convergence] | phase=optimize | user=2 | block=1 | n_kl=80 | epoch=201/1000 | objective=285.043396 | rate=13.519938 | power=29.999945 | r_p=12.192561 | r_c=298.563339 | r_s=0.014387 | status=running
[UL Convergence] | phase=optimize | user=2 | block=1 | n_kl=80 | epoch=202/1000 | objective=286.523346 | rate=13.520197 | power=29.999939 | r_p=12.192303 | r_c=300.043564 | r_s=0.010677 | status=running
[UL Convergence] | phase=optimize | user=2 | block=1 | n_kl=80 | epoch=203/1000 | objective=288.008392 | rate=13.520254 | power=29.999939 | r_p=12.192245 | r_c=301.528671 | r_s=0.006442 | status=running
[UL Convergence] | phase=optimize | user=2 | block=1 | n_kl=80 | epoch=204/1000 | objective=289.497620 | rate=13.520150 | power=29.999945 | r_p=12.192349 | r_c=303.017763 | r_s=0.007904 | status=running
[UL Convergence] | phase=optimize | user=2 | block=1 | n_kl=80 | epoch=205/1000 | objective=290.984467 | rate=13.520138 | power=29.999939 | r_p=12.192362 | r_c=304.504607 | r_s=0.009589 | status=running
[UL Convergence] | phase=optimize | user=2 | block=1 | n_kl=80 | epoch=206/1000 | objective=292.469971 | rate=13.520178 | power=29.999939 | r_p=12.192322 | r_c=305.990138 | r_s=0.009000 | status=running
[UL Convergence] | phase=optimize | user=2 | block=1 | n_kl=80 | epoch=207/1000 | objective=293.955444 | rate=13.520218 | power=29.999939 | r_p=12.192282 | r_c=307.475655 | r_s=0.008141 | status=running
[UL Convergence] | phase=optimize | user=2 | block=1 | n_kl=80 | epoch=208/1000 | objective=295.440491 | rate=13.520273 | power=29.999939 | r_p=12.192226 | r_c=308.960771 | r_s=0.006962 | status=running
[UL Convergence] | phase=optimize | user=2 | block=1 | n_kl=80 | epoch=209/1000 | objective=296.926880 | rate=13.520279 | power=29.999939 | r_p=12.192221 | r_c=310.447129 | r_s=0.005786 | status=running
[UL Convergence] | phase=optimize | user=2 | block=1 | n_kl=80 | epoch=210/1000 | objective=298.414429 | rate=13.520239 | power=29.999939 | r_p=12.192261 | r_c=311.934656 | r_s=0.006655 | status=running
[UL Convergence] | phase=optimize | user=2 | block=1 | n_kl=80 | epoch=211/1000 | objective=299.899841 | rate=13.520279 | power=29.999945 | r_p=12.192221 | r_c=313.420139 | r_s=0.006788 | status=running
[UL Convergence] | phase=optimize | user=2 | block=1 | n_kl=80 | epoch=212/1000 | objective=301.385773 | rate=13.520301 | power=29.999935 | r_p=12.192199 | r_c=314.906075 | r_s=0.005512 | status=running
[UL Convergence] | phase=optimize | user=2 | block=1 | n_kl=80 | epoch=213/1000 | objective=302.872681 | rate=13.520286 | power=29.999939 | r_p=12.192214 | r_c=316.392968 | r_s=0.005618 | status=running
[UL Convergence] | phase=optimize | user=2 | block=1 | n_kl=80 | epoch=214/1000 | objective=304.359283 | rate=13.520282 | power=29.999939 | r_p=12.192218 | r_c=317.879568 | r_s=0.006017 | status=running
[UL Convergence] | phase=optimize | user=2 | block=1 | n_kl=80 | epoch=215/1000 | objective=305.845093 | rate=13.520308 | power=29.999939 | r_p=12.192192 | r_c=319.365395 | r_s=0.005409 | status=running
[UL Convergence] | phase=optimize | user=2 | block=1 | n_kl=80 | epoch=216/1000 | objective=307.331268 | rate=13.520319 | power=29.999939 | r_p=12.192181 | r_c=320.851590 | r_s=0.004922 | status=running
[UL Convergence] | phase=optimize | user=2 | block=1 | n_kl=80 | epoch=217/1000 | objective=308.817566 | rate=13.520327 | power=29.999945 | r_p=12.192173 | r_c=322.337881 | r_s=0.004690 | status=running
[UL Convergence] | phase=optimize | user=2 | block=1 | n_kl=80 | epoch=218/1000 | objective=310.304077 | rate=13.520325 | power=29.999939 | r_p=12.192175 | r_c=323.824422 | r_s=0.004551 | status=running
[UL Convergence] | phase=optimize | user=2 | block=1 | n_kl=80 | epoch=219/1000 | objective=311.790588 | rate=13.520325 | power=29.999945 | r_p=12.192175 | r_c=325.310913 | r_s=0.004514 | status=running
[UL Convergence] | phase=optimize | user=2 | block=1 | n_kl=80 | epoch=220/1000 | objective=313.277222 | rate=13.520320 | power=29.999945 | r_p=12.192180 | r_c=326.797533 | r_s=0.004693 | status=running
[UL Convergence] | phase=optimize | user=2 | block=1 | n_kl=80 | epoch=221/1000 | objective=314.764404 | rate=13.520295 | power=29.999945 | r_p=12.192204 | r_c=328.284693 | r_s=0.005410 | status=running
[UL Convergence] | phase=optimize | user=2 | block=1 | n_kl=80 | epoch=222/1000 | objective=316.251190 | rate=13.520285 | power=29.999939 | r_p=12.192215 | r_c=329.771475 | r_s=0.005932 | status=running
[UL Convergence] | phase=optimize | user=2 | block=1 | n_kl=80 | epoch=223/1000 | objective=317.738098 | rate=13.520270 | power=29.999939 | r_p=12.192229 | r_c=331.258365 | r_s=0.006260 | status=running
[UL Convergence] | phase=optimize | user=2 | block=1 | n_kl=80 | epoch=224/1000 | objective=319.226685 | rate=13.520197 | power=29.999939 | r_p=12.192303 | r_c=332.746873 | r_s=0.007610 | status=running
[UL Convergence] | phase=optimize | user=2 | block=1 | n_kl=80 | epoch=225/1000 | objective=320.715820 | rate=13.520104 | power=29.999939 | r_p=12.192395 | r_c=334.235932 | r_s=0.009664 | status=running
[UL Convergence] | phase=optimize | user=2 | block=1 | n_kl=80 | epoch=226/1000 | objective=322.205353 | rate=13.520000 | power=29.999939 | r_p=12.192499 | r_c=335.725339 | r_s=0.011624 | status=running
[UL Convergence] | phase=optimize | user=2 | block=1 | n_kl=80 | epoch=227/1000 | objective=323.693573 | rate=13.519942 | power=29.999945 | r_p=12.192557 | r_c=337.213518 | r_s=0.013032 | status=running
[UL Convergence] | phase=optimize | user=2 | block=1 | n_kl=80 | epoch=228/1000 | objective=325.178802 | rate=13.519990 | power=29.999945 | r_p=12.192510 | r_c=338.698778 | r_s=0.013131 | status=running
[UL Convergence] | phase=optimize | user=2 | block=1 | n_kl=80 | epoch=229/1000 | objective=326.662384 | rate=13.520093 | power=29.999939 | r_p=12.192407 | r_c=340.182477 | r_s=0.011576 | status=running
[UL Convergence] | phase=optimize | user=2 | block=1 | n_kl=80 | epoch=230/1000 | objective=328.147186 | rate=13.520154 | power=29.999945 | r_p=12.192346 | r_c=341.667315 | r_s=0.009869 | status=running
[UL Convergence] | phase=optimize | user=2 | block=1 | n_kl=80 | epoch=231/1000 | objective=329.633667 | rate=13.520156 | power=29.999945 | r_p=12.192344 | r_c=343.153794 | r_s=0.009343 | status=running
[UL Convergence] | phase=optimize | user=2 | block=1 | n_kl=80 | epoch=232/1000 | objective=331.119476 | rate=13.520180 | power=29.999939 | r_p=12.192320 | r_c=344.639653 | r_s=0.009212 | status=running
[UL Convergence] | phase=optimize | user=2 | block=1 | n_kl=80 | epoch=233/1000 | objective=332.604858 | rate=13.520219 | power=29.999939 | r_p=12.192281 | r_c=346.125069 | r_s=0.008476 | status=running
[UL Convergence] | phase=optimize | user=2 | block=1 | n_kl=80 | epoch=234/1000 | objective=334.090424 | rate=13.520250 | power=29.999939 | r_p=12.192249 | r_c=347.610689 | r_s=0.007404 | status=running
[UL Convergence] | phase=optimize | user=2 | block=1 | n_kl=80 | epoch=235/1000 | objective=335.577362 | rate=13.520237 | power=29.999945 | r_p=12.192263 | r_c=349.097581 | r_s=0.007185 | status=running
[UL Convergence] | phase=optimize | user=2 | block=1 | n_kl=80 | epoch=236/1000 | objective=337.064636 | rate=13.520210 | power=29.999945 | r_p=12.192289 | r_c=350.584861 | r_s=0.007889 | status=running
[UL Convergence] | phase=optimize | user=2 | block=1 | n_kl=80 | epoch=237/1000 | objective=338.550873 | rate=13.520220 | power=29.999945 | r_p=12.192280 | r_c=352.071105 | r_s=0.008109 | status=running
[UL Convergence] | phase=optimize | user=2 | block=1 | n_kl=80 | epoch=238/1000 | objective=340.035919 | rate=13.520269 | power=29.999939 | r_p=12.192230 | r_c=353.556184 | r_s=0.007229 | status=running
[UL Convergence] | phase=optimize | user=2 | block=1 | n_kl=80 | epoch=239/1000 | objective=341.521790 | rate=13.520290 | power=29.999939 | r_p=12.192209 | r_c=355.042078 | r_s=0.006006 | status=running
[UL Convergence] | phase=optimize | user=2 | block=1 | n_kl=80 | epoch=240/1000 | objective=343.007629 | rate=13.520311 | power=29.999945 | r_p=12.192188 | r_c=356.527964 | r_s=0.005358 | status=running
[UL Convergence] | phase=optimize | user=2 | block=1 | n_kl=80 | epoch=241/1000 | objective=344.494049 | rate=13.520314 | power=29.999945 | r_p=12.192185 | r_c=358.014374 | r_s=0.005158 | status=running
[UL Convergence] | phase=optimize | user=2 | block=1 | n_kl=80 | epoch=242/1000 | objective=345.980347 | rate=13.520321 | power=29.999939 | r_p=12.192179 | r_c=359.500671 | r_s=0.004976 | status=running
[UL Convergence] | phase=optimize | user=2 | block=1 | n_kl=80 | epoch=243/1000 | objective=347.467010 | rate=13.520315 | power=29.999945 | r_p=12.192184 | r_c=360.987333 | r_s=0.004877 | status=running
[UL Convergence] | phase=optimize | user=2 | block=1 | n_kl=80 | epoch=244/1000 | objective=348.953613 | rate=13.520311 | power=29.999945 | r_p=12.192188 | r_c=362.473940 | r_s=0.005020 | status=running
[UL Convergence] | phase=optimize | user=2 | block=1 | n_kl=80 | epoch=245/1000 | objective=350.440521 | rate=13.520298 | power=29.999945 | r_p=12.192202 | r_c=363.960833 | r_s=0.005403 | status=running
[UL Convergence] | phase=optimize | user=2 | block=1 | n_kl=80 | epoch=246/1000 | objective=351.926849 | rate=13.520305 | power=29.999945 | r_p=12.192195 | r_c=365.447131 | r_s=0.005654 | status=running
[UL Convergence] | phase=optimize | user=2 | block=1 | n_kl=80 | epoch=247/1000 | objective=353.413239 | rate=13.520308 | power=29.999939 | r_p=12.192192 | r_c=366.933541 | r_s=0.005450 | status=running
[UL Convergence] | phase=optimize | user=2 | block=1 | n_kl=80 | epoch=248/1000 | objective=354.899414 | rate=13.520317 | power=29.999945 | r_p=12.192183 | r_c=368.419748 | r_s=0.005098 | status=running
[UL Convergence] | phase=optimize | user=2 | block=1 | n_kl=80 | epoch=249/1000 | objective=356.386017 | rate=13.520313 | power=29.999945 | r_p=12.192186 | r_c=369.906357 | r_s=0.005069 | status=running
[UL Convergence] | phase=optimize | user=2 | block=1 | n_kl=80 | epoch=250/1000 | objective=357.873505 | rate=13.520282 | power=29.999945 | r_p=12.192218 | r_c=371.393810 | r_s=0.005719 | status=running
[UL Convergence] | phase=optimize | user=2 | block=1 | n_kl=80 | epoch=251/1000 | objective=359.361694 | rate=13.520229 | power=29.999945 | r_p=12.192270 | r_c=372.881916 | r_s=0.007091 | status=running
[UL Convergence] | phase=optimize | user=2 | block=1 | n_kl=80 | epoch=252/1000 | objective=360.851013 | rate=13.520141 | power=29.999939 | r_p=12.192359 | r_c=374.371154 | r_s=0.008925 | status=running
[UL Convergence] | phase=optimize | user=2 | block=1 | n_kl=80 | epoch=253/1000 | objective=362.341156 | rate=13.520027 | power=29.999939 | r_p=12.192472 | r_c=375.861188 | r_s=0.010947 | status=running
[UL Convergence] | phase=optimize | user=2 | block=1 | n_kl=80 | epoch=254/1000 | objective=363.831909 | rate=13.519897 | power=29.999945 | r_p=12.192603 | r_c=377.351796 | r_s=0.013086 | status=running
[UL Convergence] | phase=optimize | user=2 | block=1 | n_kl=80 | epoch=255/1000 | objective=365.322906 | rate=13.519759 | power=29.999945 | r_p=12.192740 | r_c=378.842658 | r_s=0.015048 | status=running
[UL Convergence] | phase=optimize | user=2 | block=1 | n_kl=80 | epoch=256/1000 | objective=366.809418 | rate=13.519762 | power=29.999945 | r_p=12.192738 | r_c=380.329198 | r_s=0.015914 | status=running
[UL Convergence] | phase=optimize | user=2 | block=1 | n_kl=80 | epoch=257/1000 | objective=368.290009 | rate=13.519949 | power=29.999939 | r_p=12.192551 | r_c=381.809973 | r_s=0.014543 | status=running
[UL Convergence] | phase=optimize | user=2 | block=1 | n_kl=80 | epoch=258/1000 | objective=369.769592 | rate=13.520165 | power=29.999939 | r_p=12.192334 | r_c=383.289751 | r_s=0.011106 | status=running
[UL Convergence] | phase=optimize | user=2 | block=1 | n_kl=80 | epoch=259/1000 | objective=371.255096 | rate=13.520196 | power=29.999939 | r_p=12.192304 | r_c=384.775318 | r_s=0.008376 | status=running
[UL Convergence] | phase=optimize | user=2 | block=1 | n_kl=80 | epoch=260/1000 | objective=372.745575 | rate=13.520076 | power=29.999945 | r_p=12.192424 | r_c=386.265647 | r_s=0.009627 | status=running
[UL Convergence] | phase=optimize | user=2 | block=1 | n_kl=80 | epoch=261/1000 | objective=374.234680 | rate=13.519999 | power=29.999945 | r_p=12.192501 | r_c=387.754656 | r_s=0.011828 | status=running
[UL Convergence] | phase=optimize | user=2 | block=1 | n_kl=80 | epoch=262/1000 | objective=375.718048 | rate=13.520095 | power=29.999939 | r_p=12.192405 | r_c=389.238152 | r_s=0.011580 | status=running
[UL Convergence] | phase=optimize | user=2 | block=1 | n_kl=80 | epoch=263/1000 | objective=377.199066 | rate=13.520263 | power=29.999945 | r_p=12.192237 | r_c=390.719320 | r_s=0.008592 | status=running
[UL Convergence] | phase=optimize | user=2 | block=1 | n_kl=80 | epoch=264/1000 | objective=378.684448 | rate=13.520296 | power=29.999939 | r_p=12.192204 | r_c=392.204753 | r_s=0.005533 | status=running
[UL Convergence] | phase=optimize | user=2 | block=1 | n_kl=80 | epoch=265/1000 | objective=380.173370 | rate=13.520223 | power=29.999939 | r_p=12.192277 | r_c=393.693622 | r_s=0.006548 | status=running
[UL Convergence] | phase=optimize | user=2 | block=1 | n_kl=80 | epoch=266/1000 | objective=381.660675 | rate=13.520201 | power=29.999939 | r_p=12.192299 | r_c=395.180849 | r_s=0.008210 | status=running
[UL Convergence] | phase=optimize | user=2 | block=1 | n_kl=80 | epoch=267/1000 | objective=383.145081 | rate=13.520263 | power=29.999939 | r_p=12.192237 | r_c=396.665354 | r_s=0.007556 | status=running
[UL Convergence] | phase=optimize | user=2 | block=1 | n_kl=80 | epoch=268/1000 | objective=384.630219 | rate=13.520304 | power=29.999939 | r_p=12.192196 | r_c=398.150521 | r_s=0.005725 | status=running
[UL Convergence] | phase=optimize | user=2 | block=1 | n_kl=80 | epoch=269/1000 | objective=386.117889 | rate=13.520268 | power=29.999945 | r_p=12.192231 | r_c=399.638174 | r_s=0.005835 | status=running
[UL Convergence] | phase=optimize | user=2 | block=1 | n_kl=80 | epoch=270/1000 | objective=387.605103 | rate=13.520247 | power=29.999939 | r_p=12.192252 | r_c=401.125370 | r_s=0.006916 | status=running
[UL Convergence] | phase=optimize | user=2 | block=1 | n_kl=80 | epoch=271/1000 | objective=389.089722 | rate=13.520305 | power=29.999939 | r_p=12.192195 | r_c=402.609990 | r_s=0.006178 | status=running
[UL Convergence] | phase=optimize | user=2 | block=1 | n_kl=80 | epoch=272/1000 | objective=390.574646 | rate=13.520350 | power=29.999939 | r_p=12.192150 | r_c=404.095001 | r_s=0.003858 | status=running
[UL Convergence] | phase=optimize | user=2 | block=1 | n_kl=80 | epoch=273/1000 | objective=392.062378 | rate=13.520313 | power=29.999939 | r_p=12.192186 | r_c=405.582692 | r_s=0.003817 | status=running
[UL Convergence] | phase=optimize | user=2 | block=1 | n_kl=80 | epoch=274/1000 | objective=393.550140 | rate=13.520277 | power=29.999939 | r_p=12.192223 | r_c=407.070396 | r_s=0.005693 | status=running
[UL Convergence] | phase=optimize | user=2 | block=1 | n_kl=80 | epoch=275/1000 | objective=395.035614 | rate=13.520307 | power=29.999939 | r_p=12.192193 | r_c=408.555908 | r_s=0.005971 | status=running
[UL Convergence] | phase=optimize | user=2 | block=1 | n_kl=80 | epoch=276/1000 | objective=396.521149 | rate=13.520334 | power=29.999939 | r_p=12.192165 | r_c=410.041474 | r_s=0.004630 | status=running
[UL Convergence] | phase=optimize | user=2 | block=1 | n_kl=80 | epoch=277/1000 | objective=398.007446 | rate=13.520340 | power=29.999939 | r_p=12.192160 | r_c=411.527769 | r_s=0.003704 | status=running
[UL Convergence] | phase=optimize | user=2 | block=1 | n_kl=80 | epoch=278/1000 | objective=399.494476 | rate=13.520324 | power=29.999939 | r_p=12.192176 | r_c=413.014806 | r_s=0.004278 | status=running
[UL Convergence] | phase=optimize | user=2 | block=1 | n_kl=80 | epoch=279/1000 | objective=400.980896 | rate=13.520326 | power=29.999939 | r_p=12.192174 | r_c=414.501233 | r_s=0.004575 | status=running
[UL Convergence] | phase=optimize | user=2 | block=1 | n_kl=80 | epoch=280/1000 | objective=402.467072 | rate=13.520335 | power=29.999939 | r_p=12.192164 | r_c=415.987399 | r_s=0.004221 | status=running
[UL Convergence] | phase=optimize | user=2 | block=1 | n_kl=80 | epoch=281/1000 | objective=403.953735 | rate=13.520329 | power=29.999939 | r_p=12.192170 | r_c=417.474083 | r_s=0.004165 | status=running
[UL Convergence] | phase=optimize | user=2 | block=1 | n_kl=80 | epoch=282/1000 | objective=405.440765 | rate=13.520314 | power=29.999939 | r_p=12.192185 | r_c=418.961098 | r_s=0.004708 | status=running
[UL Convergence] | phase=optimize | user=2 | block=1 | n_kl=80 | epoch=283/1000 | objective=406.927917 | rate=13.520297 | power=29.999939 | r_p=12.192203 | r_c=420.448183 | r_s=0.005405 | status=running
[UL Convergence] | phase=optimize | user=2 | block=1 | n_kl=80 | epoch=284/1000 | objective=408.415527 | rate=13.520266 | power=29.999939 | r_p=12.192234 | r_c=421.935771 | r_s=0.006347 | status=running
[UL Convergence] | phase=optimize | user=2 | block=1 | n_kl=80 | epoch=285/1000 | objective=409.904205 | rate=13.520205 | power=29.999939 | r_p=12.192295 | r_c=423.424396 | r_s=0.007747 | status=running
[UL Convergence] | phase=optimize | user=2 | block=1 | n_kl=80 | epoch=286/1000 | objective=411.393585 | rate=13.520124 | power=29.999939 | r_p=12.192375 | r_c=424.913708 | r_s=0.009485 | status=running
[UL Convergence] | phase=optimize | user=2 | block=1 | n_kl=80 | epoch=287/1000 | objective=412.883942 | rate=13.520019 | power=29.999939 | r_p=12.192481 | r_c=426.403951 | r_s=0.011363 | status=running
[UL Convergence] | phase=optimize | user=2 | block=1 | n_kl=80 | epoch=288/1000 | objective=414.374207 | rate=13.519916 | power=29.999939 | r_p=12.192584 | r_c=427.894131 | r_s=0.013156 | status=running
[UL Convergence] | phase=optimize | user=2 | block=1 | n_kl=80 | epoch=289/1000 | objective=415.862122 | rate=13.519880 | power=29.999945 | r_p=12.192619 | r_c=429.381965 | r_s=0.014245 | status=running
[UL Convergence] | phase=optimize | user=2 | block=1 | n_kl=80 | epoch=290/1000 | objective=417.345093 | rate=13.519979 | power=29.999945 | r_p=12.192521 | r_c=430.865093 | r_s=0.013722 | status=running
[UL Convergence] | phase=optimize | user=2 | block=1 | n_kl=80 | epoch=291/1000 | objective=418.824860 | rate=13.520165 | power=29.999945 | r_p=12.192334 | r_c=432.345041 | r_s=0.011150 | status=running
[UL Convergence] | phase=optimize | user=2 | block=1 | n_kl=80 | epoch=292/1000 | objective=420.307526 | rate=13.520271 | power=29.999945 | r_p=12.192228 | r_c=433.827804 | r_s=0.007677 | status=running
[UL Convergence] | phase=optimize | user=2 | block=1 | n_kl=80 | epoch=293/1000 | objective=421.795105 | rate=13.520243 | power=29.999945 | r_p=12.192257 | r_c=435.315330 | r_s=0.006653 | status=running
[UL Convergence] | phase=optimize | user=2 | block=1 | n_kl=80 | epoch=294/1000 | objective=423.284363 | rate=13.520167 | power=29.999945 | r_p=12.192332 | r_c=436.804541 | r_s=0.008476 | status=running
[UL Convergence] | phase=optimize | user=2 | block=1 | n_kl=80 | epoch=295/1000 | objective=424.770905 | rate=13.520166 | power=29.999945 | r_p=12.192333 | r_c=438.291105 | r_s=0.009443 | status=running
[UL Convergence] | phase=optimize | user=2 | block=1 | n_kl=80 | epoch=296/1000 | objective=426.254578 | rate=13.520245 | power=29.999945 | r_p=12.192255 | r_c=439.774814 | r_s=0.008275 | status=running
[UL Convergence] | phase=optimize | user=2 | block=1 | n_kl=80 | epoch=297/1000 | objective=427.738739 | rate=13.520308 | power=29.999939 | r_p=12.192192 | r_c=441.259046 | r_s=0.005966 | status=running
[UL Convergence] | phase=optimize | user=2 | block=1 | n_kl=80 | epoch=298/1000 | objective=429.225861 | rate=13.520290 | power=29.999939 | r_p=12.192209 | r_c=442.746165 | r_s=0.005261 | status=running
[UL Convergence] | phase=optimize | user=2 | block=1 | n_kl=80 | epoch=299/1000 | objective=430.714172 | rate=13.520242 | power=29.999945 | r_p=12.192258 | r_c=444.234437 | r_s=0.006802 | status=running
[UL Convergence] | phase=optimize | user=2 | block=1 | n_kl=80 | epoch=300/1000 | objective=432.201263 | rate=13.520227 | power=29.999945 | r_p=12.192272 | r_c=445.721472 | r_s=0.007841 | status=running
[UL Convergence] | phase=optimize | user=2 | block=1 | n_kl=80 | epoch=301/1000 | objective=433.686401 | rate=13.520264 | power=29.999945 | r_p=12.192236 | r_c=447.206657 | r_s=0.007344 | status=running
[UL Convergence] | phase=optimize | user=2 | block=1 | n_kl=80 | epoch=302/1000 | objective=435.171478 | rate=13.520301 | power=29.999945 | r_p=12.192199 | r_c=448.691795 | r_s=0.006009 | status=running
[UL Convergence] | phase=optimize | user=2 | block=1 | n_kl=80 | epoch=303/1000 | objective=436.658508 | rate=13.520287 | power=29.999939 | r_p=12.192213 | r_c=450.178820 | r_s=0.005732 | status=running
[UL Convergence] | phase=optimize | user=2 | block=1 | n_kl=80 | epoch=304/1000 | objective=438.146912 | rate=13.520237 | power=29.999945 | r_p=12.192263 | r_c=451.667158 | r_s=0.006921 | status=running
[UL Convergence] | phase=optimize | user=2 | block=1 | n_kl=80 | epoch=305/1000 | objective=439.633850 | rate=13.520226 | power=29.999939 | r_p=12.192273 | r_c=453.154060 | r_s=0.007875 | status=running
[UL Convergence] | phase=optimize | user=2 | block=1 | n_kl=80 | epoch=306/1000 | objective=441.119598 | rate=13.520247 | power=29.999939 | r_p=12.192253 | r_c=454.639829 | r_s=0.007734 | status=running
[UL Convergence] | phase=optimize | user=2 | block=1 | n_kl=80 | epoch=307/1000 | objective=442.605774 | rate=13.520254 | power=29.999939 | r_p=12.192245 | r_c=456.126054 | r_s=0.007232 | status=running
[UL Convergence] | phase=optimize | user=2 | block=1 | n_kl=80 | epoch=308/1000 | objective=444.094482 | rate=13.520198 | power=29.999939 | r_p=12.192302 | r_c=457.614674 | r_s=0.007799 | status=running
[UL Convergence] | phase=optimize | user=2 | block=1 | n_kl=80 | epoch=309/1000 | objective=445.583740 | rate=13.520126 | power=29.999939 | r_p=12.192373 | r_c=459.103890 | r_s=0.009340 | status=running
[UL Convergence] | phase=optimize | user=2 | block=1 | n_kl=80 | epoch=310/1000 | objective=447.072052 | rate=13.520081 | power=29.999939 | r_p=12.192419 | r_c=460.592159 | r_s=0.010581 | status=running
[UL Convergence] | phase=optimize | user=2 | block=1 | n_kl=80 | epoch=311/1000 | objective=448.559265 | rate=13.520064 | power=29.999939 | r_p=12.192435 | r_c=462.079324 | r_s=0.011091 | status=running
[UL Convergence] | phase=optimize | user=2 | block=1 | n_kl=80 | epoch=312/1000 | objective=450.045929 | rate=13.520061 | power=29.999945 | r_p=12.192438 | r_c=463.565987 | r_s=0.011288 | status=running
[UL Convergence] | phase=optimize | user=2 | block=1 | n_kl=80 | epoch=313/1000 | objective=451.532654 | rate=13.520058 | power=29.999945 | r_p=12.192442 | r_c=465.052688 | r_s=0.011454 | status=running
[UL Convergence] | phase=optimize | user=2 | block=1 | n_kl=80 | epoch=314/1000 | objective=453.016418 | rate=13.520127 | power=29.999939 | r_p=12.192372 | r_c=466.536581 | r_s=0.010918 | status=running
[UL Convergence] | phase=optimize | user=2 | block=1 | n_kl=80 | epoch=315/1000 | objective=454.499268 | rate=13.520222 | power=29.999939 | r_p=12.192278 | r_c=468.019496 | r_s=0.009195 | status=running
[UL Convergence] | phase=optimize | user=2 | block=1 | n_kl=80 | epoch=316/1000 | objective=455.982849 | rate=13.520296 | power=29.999945 | r_p=12.192204 | r_c=469.503148 | r_s=0.006852 | status=running
[UL Convergence] | phase=optimize | user=2 | block=1 | n_kl=80 | epoch=317/1000 | objective=457.469788 | rate=13.520285 | power=29.999939 | r_p=12.192215 | r_c=470.990088 | r_s=0.005739 | status=running
[UL Convergence] | phase=optimize | user=2 | block=1 | n_kl=80 | epoch=318/1000 | objective=458.957977 | rate=13.520244 | power=29.999939 | r_p=12.192256 | r_c=472.478179 | r_s=0.006566 | status=running
[UL Convergence] | phase=optimize | user=2 | block=1 | n_kl=80 | epoch=319/1000 | objective=460.444885 | rate=13.520233 | power=29.999939 | r_p=12.192266 | r_c=473.965097 | r_s=0.007480 | status=running
[UL Convergence] | phase=optimize | user=2 | block=1 | n_kl=80 | epoch=320/1000 | objective=461.930359 | rate=13.520258 | power=29.999939 | r_p=12.192242 | r_c=475.450644 | r_s=0.007397 | status=running
[UL Convergence] | phase=optimize | user=2 | block=1 | n_kl=80 | epoch=321/1000 | objective=463.415192 | rate=13.520300 | power=29.999935 | r_p=12.192200 | r_c=476.935510 | r_s=0.006360 | status=running
[UL Convergence] | phase=optimize | user=2 | block=1 | n_kl=80 | epoch=322/1000 | objective=464.900970 | rate=13.520319 | power=29.999939 | r_p=12.192181 | r_c=478.421259 | r_s=0.005148 | status=running
[UL Convergence] | phase=optimize | user=2 | block=1 | n_kl=80 | epoch=323/1000 | objective=466.387360 | rate=13.520321 | power=29.999939 | r_p=12.192179 | r_c=479.907677 | r_s=0.004743 | status=running
[UL Convergence] | phase=optimize | user=2 | block=1 | n_kl=80 | epoch=324/1000 | objective=467.874481 | rate=13.520306 | power=29.999945 | r_p=12.192194 | r_c=481.394771 | r_s=0.005106 | status=running
[UL Convergence] | phase=optimize | user=2 | block=1 | n_kl=80 | epoch=325/1000 | objective=469.360870 | rate=13.520308 | power=29.999939 | r_p=12.192191 | r_c=482.881154 | r_s=0.005358 | status=running
[UL Convergence] | phase=optimize | user=2 | block=1 | n_kl=80 | epoch=326/1000 | objective=470.846985 | rate=13.520317 | power=29.999939 | r_p=12.192183 | r_c=484.367308 | r_s=0.005153 | status=running
[UL Convergence] | phase=optimize | user=2 | block=1 | n_kl=80 | epoch=327/1000 | objective=472.333038 | rate=13.520329 | power=29.999939 | r_p=12.192171 | r_c=485.853345 | r_s=0.004797 | status=running
[UL Convergence] | phase=optimize | user=2 | block=1 | n_kl=80 | epoch=328/1000 | objective=473.819733 | rate=13.520323 | power=29.999939 | r_p=12.192177 | r_c=487.340064 | r_s=0.004676 | status=running
[UL Convergence] | phase=optimize | user=2 | block=1 | n_kl=80 | epoch=329/1000 | objective=475.306091 | rate=13.520327 | power=29.999939 | r_p=12.192173 | r_c=488.826403 | r_s=0.004718 | status=running
[UL Convergence] | phase=optimize | user=2 | block=1 | n_kl=80 | epoch=330/1000 | objective=476.792572 | rate=13.520327 | power=29.999939 | r_p=12.192173 | r_c=490.312894 | r_s=0.004599 | status=running
[UL Convergence] | phase=optimize | user=2 | block=1 | n_kl=80 | epoch=331/1000 | objective=478.278503 | rate=13.520340 | power=29.999945 | r_p=12.192160 | r_c=491.798846 | r_s=0.004209 | status=running
[UL Convergence] | phase=optimize | user=2 | block=1 | n_kl=80 | epoch=332/1000 | objective=479.764557 | rate=13.520350 | power=29.999945 | r_p=12.192149 | r_c=493.284910 | r_s=0.003803 | status=running
[UL Convergence] | phase=optimize | user=2 | block=1 | n_kl=80 | epoch=333/1000 | objective=481.251160 | rate=13.520348 | power=29.999945 | r_p=12.192152 | r_c=494.771511 | r_s=0.003723 | status=running
[UL Convergence] | phase=optimize | user=2 | block=1 | n_kl=80 | epoch=334/1000 | objective=482.737701 | rate=13.520346 | power=29.999945 | r_p=12.192154 | r_c=496.258074 | r_s=0.003822 | status=running
[UL Convergence] | phase=optimize | user=2 | block=1 | n_kl=80 | epoch=335/1000 | objective=484.223999 | rate=13.520350 | power=29.999945 | r_p=12.192149 | r_c=497.744365 | r_s=0.003681 | status=running
[UL Convergence] | phase=optimize | user=2 | block=1 | n_kl=80 | epoch=336/1000 | objective=485.709900 | rate=13.520365 | power=29.999945 | r_p=12.192135 | r_c=499.230265 | r_s=0.003102 | status=running
[UL Convergence] | phase=optimize | user=2 | block=1 | n_kl=80 | epoch=337/1000 | objective=487.196198 | rate=13.520370 | power=29.999945 | r_p=12.192130 | r_c=500.716550 | r_s=0.002287 | status=running
[UL Convergence] | phase=optimize | user=2 | block=1 | n_kl=80 | epoch=338/1000 | objective=488.682709 | rate=13.520369 | power=29.999945 | r_p=12.192131 | r_c=502.203070 | r_s=0.001854 | status=running
[UL Convergence] | phase=optimize | user=2 | block=1 | n_kl=80 | epoch=339/1000 | objective=490.169434 | rate=13.520363 | power=29.999945 | r_p=12.192137 | r_c=503.689787 | r_s=0.002257 | status=running
[UL Convergence] | phase=optimize | user=2 | block=1 | n_kl=80 | epoch=340/1000 | objective=491.656433 | rate=13.520350 | power=29.999939 | r_p=12.192149 | r_c=505.176783 | r_s=0.002981 | status=running
[UL Convergence] | phase=optimize | user=2 | block=1 | n_kl=80 | epoch=341/1000 | objective=493.143280 | rate=13.520342 | power=29.999945 | r_p=12.192158 | r_c=506.663624 | r_s=0.003599 | status=running
[UL Convergence] | phase=optimize | user=2 | block=1 | n_kl=80 | epoch=342/1000 | objective=494.630005 | rate=13.520337 | power=29.999945 | r_p=12.192163 | r_c=508.150310 | r_s=0.004081 | status=running
[UL Convergence] | phase=optimize | user=2 | block=1 | n_kl=80 | epoch=343/1000 | objective=496.116913 | rate=13.520327 | power=29.999945 | r_p=12.192173 | r_c=509.637237 | r_s=0.004585 | status=running
[UL Convergence] | phase=optimize | user=2 | block=1 | n_kl=80 | epoch=344/1000 | objective=497.604584 | rate=13.520299 | power=29.999945 | r_p=12.192201 | r_c=511.124887 | r_s=0.005333 | status=running
[UL Convergence] | phase=optimize | user=2 | block=1 | n_kl=80 | epoch=345/1000 | objective=499.092651 | rate=13.520262 | power=29.999950 | r_p=12.192238 | r_c=512.612949 | r_s=0.006461 | status=running
[UL Convergence] | phase=optimize | user=2 | block=1 | n_kl=80 | epoch=346/1000 | objective=500.582153 | rate=13.520193 | power=29.999945 | r_p=12.192307 | r_c=514.102351 | r_s=0.008006 | status=running
[UL Convergence] | phase=optimize | user=2 | block=1 | n_kl=80 | epoch=347/1000 | objective=502.073120 | rate=13.520091 | power=29.999945 | r_p=12.192409 | r_c=515.593189 | r_s=0.009958 | status=running
[UL Convergence] | phase=optimize | user=2 | block=1 | n_kl=80 | epoch=348/1000 | objective=503.565613 | rate=13.519953 | power=29.999939 | r_p=12.192547 | r_c=517.085602 | r_s=0.012215 | status=running
[UL Convergence] | phase=optimize | user=2 | block=1 | n_kl=80 | epoch=349/1000 | objective=505.058746 | rate=13.519802 | power=29.999945 | r_p=12.192698 | r_c=518.578593 | r_s=0.014515 | status=running
[UL Convergence] | phase=optimize | user=2 | block=1 | n_kl=80 | epoch=350/1000 | objective=506.550018 | rate=13.519697 | power=29.999939 | r_p=12.192802 | r_c=520.069686 | r_s=0.016281 | status=running
[UL Convergence] | phase=optimize | user=2 | block=1 | n_kl=80 | epoch=351/1000 | objective=508.036011 | rate=13.519711 | power=29.999945 | r_p=12.192788 | r_c=521.555718 | r_s=0.016827 | status=running
[UL Convergence] | phase=optimize | user=2 | block=1 | n_kl=80 | epoch=352/1000 | objective=509.517212 | rate=13.519835 | power=29.999945 | r_p=12.192665 | r_c=523.037082 | r_s=0.015742 | status=running
[UL Convergence] | phase=optimize | user=2 | block=1 | n_kl=80 | epoch=353/1000 | objective=510.999542 | rate=13.519934 | power=29.999945 | r_p=12.192566 | r_c=524.519426 | r_s=0.013913 | status=running
[UL Convergence] | phase=optimize | user=2 | block=1 | n_kl=80 | epoch=354/1000 | objective=512.486694 | rate=13.519921 | power=29.999945 | r_p=12.192578 | r_c=526.006547 | r_s=0.013168 | status=running
[UL Convergence] | phase=optimize | user=2 | block=1 | n_kl=80 | epoch=355/1000 | objective=513.974243 | rate=13.519898 | power=29.999945 | r_p=12.192601 | r_c=527.494127 | r_s=0.013487 | status=running
[UL Convergence] | phase=optimize | user=2 | block=1 | n_kl=80 | epoch=356/1000 | objective=515.459412 | rate=13.519930 | power=29.999945 | r_p=12.192570 | r_c=528.979357 | r_s=0.013435 | status=running
[UL Convergence] | phase=optimize | user=2 | block=1 | n_kl=80 | epoch=357/1000 | objective=516.941284 | rate=13.520037 | power=29.999945 | r_p=12.192463 | r_c=530.461298 | r_s=0.012515 | status=running
[UL Convergence] | phase=optimize | user=2 | block=1 | n_kl=80 | epoch=358/1000 | objective=518.423096 | rate=13.520144 | power=29.999945 | r_p=12.192356 | r_c=531.943199 | r_s=0.010589 | status=running
[UL Convergence] | phase=optimize | user=2 | block=1 | n_kl=80 | epoch=359/1000 | objective=519.909851 | rate=13.520138 | power=29.999945 | r_p=12.192362 | r_c=533.429985 | r_s=0.009308 | status=running
[UL Convergence] | phase=optimize | user=2 | block=1 | n_kl=80 | epoch=360/1000 | objective=521.399109 | rate=13.520077 | power=29.999945 | r_p=12.192423 | r_c=534.919199 | r_s=0.010192 | status=running
[UL Convergence] | phase=optimize | user=2 | block=1 | n_kl=80 | epoch=361/1000 | objective=522.881897 | rate=13.520162 | power=29.999945 | r_p=12.192338 | r_c=536.402017 | r_s=0.010089 | status=running
[UL Convergence] | phase=optimize | user=2 | block=1 | n_kl=80 | epoch=362/1000 | objective=524.362854 | rate=13.520285 | power=29.999945 | r_p=12.192215 | r_c=537.883121 | r_s=0.007282 | status=running
[UL Convergence] | phase=optimize | user=2 | block=1 | n_kl=80 | epoch=363/1000 | objective=525.851135 | rate=13.520245 | power=29.999939 | r_p=12.192255 | r_c=539.371394 | r_s=0.005926 | status=running
[UL Convergence] | phase=optimize | user=2 | block=1 | n_kl=80 | epoch=364/1000 | objective=527.340942 | rate=13.520172 | power=29.999939 | r_p=12.192327 | r_c=540.861120 | r_s=0.008052 | status=running
[UL Convergence] | phase=optimize | user=2 | block=1 | n_kl=80 | epoch=365/1000 | objective=528.824646 | rate=13.520234 | power=29.999939 | r_p=12.192266 | r_c=542.344891 | r_s=0.008278 | status=running
[UL Convergence] | phase=optimize | user=2 | block=1 | n_kl=80 | epoch=366/1000 | objective=530.307861 | rate=13.520307 | power=29.999945 | r_p=12.192193 | r_c=543.828171 | r_s=0.006177 | status=running
[UL Convergence] | phase=optimize | user=2 | block=1 | n_kl=80 | epoch=367/1000 | objective=531.795105 | rate=13.520290 | power=29.999945 | r_p=12.192209 | r_c=545.315392 | r_s=0.005202 | status=running
[UL Convergence] | phase=optimize | user=2 | block=1 | n_kl=80 | epoch=368/1000 | objective=533.282776 | rate=13.520264 | power=29.999945 | r_p=12.192236 | r_c=546.803089 | r_s=0.006201 | status=running
[UL Convergence] | phase=optimize | user=2 | block=1 | n_kl=80 | epoch=369/1000 | objective=534.768127 | rate=13.520290 | power=29.999939 | r_p=12.192209 | r_c=548.288395 | r_s=0.006245 | status=running
[UL Convergence] | phase=optimize | user=2 | block=1 | n_kl=80 | epoch=370/1000 | objective=536.253052 | rate=13.520325 | power=29.999945 | r_p=12.192175 | r_c=549.773346 | r_s=0.005080 | status=running
[UL Convergence] | phase=optimize | user=2 | block=1 | n_kl=80 | epoch=371/1000 | objective=537.740051 | rate=13.520313 | power=29.999939 | r_p=12.192186 | r_c=551.260355 | r_s=0.004526 | status=running
[UL Convergence] | phase=optimize | user=2 | block=1 | n_kl=80 | epoch=372/1000 | objective=539.227234 | rate=13.520297 | power=29.999945 | r_p=12.192203 | r_c=552.747584 | r_s=0.005203 | status=running
[UL Convergence] | phase=optimize | user=2 | block=1 | n_kl=80 | epoch=373/1000 | objective=540.712952 | rate=13.520315 | power=29.999945 | r_p=12.192184 | r_c=554.233258 | r_s=0.005216 | status=running
[UL Convergence] | phase=optimize | user=2 | block=1 | n_kl=80 | epoch=374/1000 | objective=542.197754 | rate=13.520351 | power=29.999945 | r_p=12.192148 | r_c=555.718100 | r_s=0.003934 | status=running
[UL Convergence] | phase=optimize | user=2 | block=1 | n_kl=80 | epoch=375/1000 | objective=543.684448 | rate=13.520348 | power=29.999945 | r_p=12.192152 | r_c=557.204759 | r_s=0.003119 | status=running
[UL Convergence] | phase=optimize | user=2 | block=1 | n_kl=80 | epoch=376/1000 | objective=545.172119 | rate=13.520321 | power=29.999945 | r_p=12.192179 | r_c=558.692469 | r_s=0.004129 | status=running
[UL Convergence] | phase=optimize | user=2 | block=1 | n_kl=80 | epoch=377/1000 | objective=546.658203 | rate=13.520329 | power=29.999945 | r_p=12.192170 | r_c=560.178567 | r_s=0.004600 | status=running
[UL Convergence] | phase=optimize | user=2 | block=1 | n_kl=80 | epoch=378/1000 | objective=548.143616 | rate=13.520353 | power=29.999945 | r_p=12.192146 | r_c=561.663958 | r_s=0.003589 | status=running
[UL Convergence] | phase=optimize | user=2 | block=1 | n_kl=80 | epoch=379/1000 | objective=549.629761 | rate=13.520359 | power=29.999939 | r_p=12.192141 | r_c=563.150178 | r_s=0.002545 | status=running
[UL Convergence] | phase=optimize | user=2 | block=1 | n_kl=80 | epoch=380/1000 | objective=551.117432 | rate=13.520335 | power=29.999939 | r_p=12.192164 | r_c=564.637765 | r_s=0.003506 | status=running
[UL Convergence] | phase=optimize | user=2 | block=1 | n_kl=80 | epoch=381/1000 | objective=552.603760 | rate=13.520339 | power=29.999945 | r_p=12.192161 | r_c=566.124077 | r_s=0.004120 | status=running
[UL Convergence] | phase=optimize | user=2 | block=1 | n_kl=80 | epoch=382/1000 | objective=554.088806 | rate=13.520368 | power=29.999939 | r_p=12.192132 | r_c=567.609233 | r_s=0.003069 | status=running
[UL Convergence] | phase=optimize | user=2 | block=1 | n_kl=80 | epoch=383/1000 | objective=555.575134 | rate=13.520371 | power=29.999939 | r_p=12.192128 | r_c=569.095536 | r_s=0.001406 | status=running
[UL Convergence] | phase=optimize | user=2 | block=1 | n_kl=80 | epoch=384/1000 | objective=557.062378 | rate=13.520355 | power=29.999939 | r_p=12.192144 | r_c=570.582774 | r_s=0.002342 | status=running
[UL Convergence] | phase=optimize | user=2 | block=1 | n_kl=80 | epoch=385/1000 | objective=558.548767 | rate=13.520357 | power=29.999945 | r_p=12.192142 | r_c=572.069169 | r_s=0.003156 | status=running
[UL Convergence] | phase=optimize | user=2 | block=1 | n_kl=80 | epoch=386/1000 | objective=560.034790 | rate=13.520367 | power=29.999945 | r_p=12.192133 | r_c=573.555203 | r_s=0.002643 | status=running
[UL Convergence] | phase=optimize | user=2 | block=1 | n_kl=80 | epoch=387/1000 | objective=561.521179 | rate=13.520370 | power=29.999939 | r_p=12.192130 | r_c=575.041549 | r_s=0.001960 | status=running
[UL Convergence] | phase=optimize | user=2 | block=1 | n_kl=80 | epoch=388/1000 | objective=563.007935 | rate=13.520363 | power=29.999939 | r_p=12.192137 | r_c=576.528346 | r_s=0.002367 | status=running
[UL Convergence] | phase=optimize | user=2 | block=1 | n_kl=80 | epoch=389/1000 | objective=564.494446 | rate=13.520363 | power=29.999939 | r_p=12.192137 | r_c=578.014828 | r_s=0.002672 | status=running
[UL Convergence] | phase=optimize | user=2 | block=1 | n_kl=80 | epoch=390/1000 | objective=565.980835 | rate=13.520365 | power=29.999939 | r_p=12.192135 | r_c=579.501219 | r_s=0.002388 | status=running
[UL Convergence] | phase=optimize | user=2 | block=1 | n_kl=80 | epoch=391/1000 | objective=567.467163 | rate=13.520369 | power=29.999939 | r_p=12.192131 | r_c=580.987519 | r_s=0.002109 | status=running
[UL Convergence] | phase=optimize | user=2 | block=1 | n_kl=80 | epoch=392/1000 | objective=568.953857 | rate=13.520364 | power=29.999945 | r_p=12.192136 | r_c=582.474227 | r_s=0.002201 | status=running
[UL Convergence] | phase=optimize | user=2 | block=1 | n_kl=80 | epoch=393/1000 | objective=570.440125 | rate=13.520369 | power=29.999939 | r_p=12.192131 | r_c=583.960480 | r_s=0.002377 | status=running
[UL Convergence] | phase=optimize | user=2 | block=1 | n_kl=80 | epoch=394/1000 | objective=571.926941 | rate=13.520362 | power=29.999939 | r_p=12.192138 | r_c=585.447282 | r_s=0.002521 | status=running
[UL Convergence] | phase=optimize | user=2 | block=1 | n_kl=80 | epoch=395/1000 | objective=573.413635 | rate=13.520357 | power=29.999935 | r_p=12.192142 | r_c=586.933993 | r_s=0.002715 | status=running
[UL Convergence] | phase=optimize | user=2 | block=1 | n_kl=80 | epoch=396/1000 | objective=574.900269 | rate=13.520355 | power=29.999939 | r_p=12.192144 | r_c=588.420569 | r_s=0.003014 | status=running
[UL Convergence] | phase=optimize | user=2 | block=1 | n_kl=80 | epoch=397/1000 | objective=576.387207 | rate=13.520346 | power=29.999945 | r_p=12.192154 | r_c=589.907514 | r_s=0.003577 | status=running
[UL Convergence] | phase=optimize | user=2 | block=1 | n_kl=80 | epoch=398/1000 | objective=577.875183 | rate=13.520315 | power=29.999939 | r_p=12.192184 | r_c=591.395480 | r_s=0.004583 | status=running
[UL Convergence] | phase=optimize | user=2 | block=1 | n_kl=80 | epoch=399/1000 | objective=579.364197 | rate=13.520265 | power=29.999945 | r_p=12.192235 | r_c=592.884432 | r_s=0.006103 | status=running
[UL Convergence] | phase=optimize | user=2 | block=1 | n_kl=80 | epoch=400/1000 | objective=580.855042 | rate=13.520176 | power=29.999945 | r_p=12.192324 | r_c=594.375262 | r_s=0.008194 | status=running
[UL Convergence] | phase=optimize | user=2 | block=1 | n_kl=80 | epoch=401/1000 | objective=582.349548 | rate=13.520017 | power=29.999939 | r_p=12.192483 | r_c=595.869573 | r_s=0.010914 | status=running
[UL Convergence] | phase=optimize | user=2 | block=1 | n_kl=80 | epoch=402/1000 | objective=583.846375 | rate=13.519811 | power=29.999939 | r_p=12.192689 | r_c=597.366232 | r_s=0.013974 | status=running
[UL Convergence] | phase=optimize | user=2 | block=1 | n_kl=80 | epoch=403/1000 | objective=585.339905 | rate=13.519674 | power=29.999939 | r_p=12.192825 | r_c=598.859546 | r_s=0.016368 | status=running
[UL Convergence] | phase=optimize | user=2 | block=1 | n_kl=80 | epoch=404/1000 | objective=586.820984 | rate=13.519785 | power=29.999939 | r_p=12.192715 | r_c=600.340749 | r_s=0.016437 | status=running
[UL Convergence] | phase=optimize | user=2 | block=1 | n_kl=80 | epoch=405/1000 | objective=588.294434 | rate=13.520047 | power=29.999945 | r_p=12.192452 | r_c=601.814427 | r_s=0.013464 | status=running
[UL Convergence] | phase=optimize | user=2 | block=1 | n_kl=80 | epoch=406/1000 | objective=589.775940 | rate=13.520146 | power=29.999945 | r_p=12.192353 | r_c=603.296078 | r_s=0.009943 | status=running
[UL Convergence] | phase=optimize | user=2 | block=1 | n_kl=80 | epoch=407/1000 | objective=591.267090 | rate=13.520054 | power=29.999939 | r_p=12.192446 | r_c=604.787202 | r_s=0.010272 | status=running
[UL Convergence] | phase=optimize | user=2 | block=1 | n_kl=80 | epoch=408/1000 | objective=592.755737 | rate=13.520014 | power=29.999945 | r_p=12.192486 | r_c=606.275751 | r_s=0.011955 | status=running
[UL Convergence] | phase=optimize | user=2 | block=1 | n_kl=80 | epoch=409/1000 | objective=594.236206 | rate=13.520134 | power=29.999939 | r_p=12.192366 | r_c=607.756328 | r_s=0.011106 | status=running
[UL Convergence] | phase=optimize | user=2 | block=1 | n_kl=80 | epoch=410/1000 | objective=595.717957 | rate=13.520227 | power=29.999939 | r_p=12.192272 | r_c=609.238196 | r_s=0.008425 | status=running
[UL Convergence] | phase=optimize | user=2 | block=1 | n_kl=80 | epoch=411/1000 | objective=597.205261 | rate=13.520212 | power=29.999939 | r_p=12.192287 | r_c=610.725475 | r_s=0.007494 | status=running
[UL Convergence] | phase=optimize | user=2 | block=1 | n_kl=80 | epoch=412/1000 | objective=598.693237 | rate=13.520184 | power=29.999939 | r_p=12.192316 | r_c=612.213431 | r_s=0.008402 | status=running
[UL Convergence] | phase=optimize | user=2 | block=1 | n_kl=80 | epoch=413/1000 | objective=600.178284 | rate=13.520212 | power=29.999939 | r_p=12.192287 | r_c=613.698516 | r_s=0.008327 | status=running
[UL Convergence] | phase=optimize | user=2 | block=1 | n_kl=80 | epoch=414/1000 | objective=601.663269 | rate=13.520242 | power=29.999935 | r_p=12.192258 | r_c=615.183543 | r_s=0.007510 | status=running
[UL Convergence] | phase=optimize | user=2 | block=1 | n_kl=80 | epoch=415/1000 | objective=603.149292 | rate=13.520251 | power=29.999939 | r_p=12.192248 | r_c=616.669572 | r_s=0.007160 | status=running
[UL Convergence] | phase=optimize | user=2 | block=1 | n_kl=80 | epoch=416/1000 | objective=604.634338 | rate=13.520280 | power=29.999945 | r_p=12.192220 | r_c=618.154631 | r_s=0.006698 | status=running
[UL Convergence] | phase=optimize | user=2 | block=1 | n_kl=80 | epoch=417/1000 | objective=606.119995 | rate=13.520296 | power=29.999945 | r_p=12.192204 | r_c=619.640309 | r_s=0.005868 | status=running
[UL Convergence] | phase=optimize | user=2 | block=1 | n_kl=80 | epoch=418/1000 | objective=607.607178 | rate=13.520285 | power=29.999939 | r_p=12.192215 | r_c=621.127390 | r_s=0.005772 | status=running
[UL Convergence] | phase=optimize | user=2 | block=1 | n_kl=80 | epoch=419/1000 | objective=609.092834 | rate=13.520299 | power=29.999945 | r_p=12.192201 | r_c=622.613161 | r_s=0.005880 | status=running
[UL Convergence] | phase=optimize | user=2 | block=1 | n_kl=80 | epoch=420/1000 | objective=610.577759 | rate=13.520329 | power=29.999939 | r_p=12.192170 | r_c=624.098096 | r_s=0.005046 | status=running
[UL Convergence] | phase=optimize | user=2 | block=1 | n_kl=80 | epoch=421/1000 | objective=612.064819 | rate=13.520319 | power=29.999939 | r_p=12.192181 | r_c=625.585125 | r_s=0.004392 | status=running
[UL Convergence] | phase=optimize | user=2 | block=1 | n_kl=80 | epoch=422/1000 | objective=613.552246 | rate=13.520301 | power=29.999939 | r_p=12.192199 | r_c=627.072549 | r_s=0.005066 | status=running
[UL Convergence] | phase=optimize | user=2 | block=1 | n_kl=80 | epoch=423/1000 | objective=615.037842 | rate=13.520318 | power=29.999939 | r_p=12.192182 | r_c=628.558162 | r_s=0.005264 | status=running
[UL Convergence] | phase=optimize | user=2 | block=1 | n_kl=80 | epoch=424/1000 | objective=616.522705 | rate=13.520350 | power=29.999939 | r_p=12.192150 | r_c=630.043028 | r_s=0.004237 | status=running
[UL Convergence] | phase=optimize | user=2 | block=1 | n_kl=80 | epoch=425/1000 | objective=618.009644 | rate=13.520341 | power=29.999939 | r_p=12.192159 | r_c=631.529958 | r_s=0.003427 | status=running
[UL Convergence] | phase=optimize | user=2 | block=1 | n_kl=80 | epoch=426/1000 | objective=619.496643 | rate=13.520330 | power=29.999939 | r_p=12.192169 | r_c=633.016990 | r_s=0.003926 | status=running
[UL Convergence] | phase=optimize | user=2 | block=1 | n_kl=80 | epoch=427/1000 | objective=620.983276 | rate=13.520329 | power=29.999945 | r_p=12.192171 | r_c=634.503579 | r_s=0.004378 | status=running
[UL Convergence] | phase=optimize | user=2 | block=1 | n_kl=80 | epoch=428/1000 | objective=622.468994 | rate=13.520343 | power=29.999939 | r_p=12.192157 | r_c=635.989323 | r_s=0.004247 | status=running
[UL Convergence] | phase=optimize | user=2 | block=1 | n_kl=80 | epoch=429/1000 | objective=623.955322 | rate=13.520346 | power=29.999939 | r_p=12.192154 | r_c=637.475661 | r_s=0.003867 | status=running
[UL Convergence] | phase=optimize | user=2 | block=1 | n_kl=80 | epoch=430/1000 | objective=625.441589 | rate=13.520350 | power=29.999939 | r_p=12.192150 | r_c=638.961947 | r_s=0.003495 | status=running
[UL Convergence] | phase=optimize | user=2 | block=1 | n_kl=80 | epoch=431/1000 | objective=626.928284 | rate=13.520346 | power=29.999939 | r_p=12.192154 | r_c=640.448633 | r_s=0.003481 | status=running
[UL Convergence] | phase=optimize | user=2 | block=1 | n_kl=80 | epoch=432/1000 | objective=628.414917 | rate=13.520343 | power=29.999939 | r_p=12.192157 | r_c=641.935269 | r_s=0.003795 | status=running
[UL Convergence] | phase=optimize | user=2 | block=1 | n_kl=80 | epoch=433/1000 | objective=629.901245 | rate=13.520347 | power=29.999939 | r_p=12.192153 | r_c=643.421555 | r_s=0.003805 | status=running
[UL Convergence] | phase=optimize | user=2 | block=1 | n_kl=80 | epoch=434/1000 | objective=631.387756 | rate=13.520346 | power=29.999939 | r_p=12.192154 | r_c=644.908091 | r_s=0.003488 | status=running
[UL Convergence] | phase=optimize | user=2 | block=1 | n_kl=80 | epoch=435/1000 | objective=632.874878 | rate=13.520333 | power=29.999939 | r_p=12.192166 | r_c=646.395235 | r_s=0.003766 | status=running
[UL Convergence] | phase=optimize | user=2 | block=1 | n_kl=80 | epoch=436/1000 | objective=634.362427 | rate=13.520313 | power=29.999939 | r_p=12.192186 | r_c=647.882788 | r_s=0.004704 | status=running
[UL Convergence] | phase=optimize | user=2 | block=1 | n_kl=80 | epoch=437/1000 | objective=635.849609 | rate=13.520301 | power=29.999945 | r_p=12.192199 | r_c=649.369943 | r_s=0.005434 | status=running
[UL Convergence] | phase=optimize | user=2 | block=1 | n_kl=80 | epoch=438/1000 | objective=637.336670 | rate=13.520291 | power=29.999939 | r_p=12.192208 | r_c=650.856949 | r_s=0.005835 | status=running
[UL Convergence] | phase=optimize | user=2 | block=1 | n_kl=80 | epoch=439/1000 | objective=638.824890 | rate=13.520260 | power=29.999939 | r_p=12.192240 | r_c=652.345132 | r_s=0.006493 | status=running
[UL Convergence] | phase=optimize | user=2 | block=1 | n_kl=80 | epoch=440/1000 | objective=640.313904 | rate=13.520214 | power=29.999945 | r_p=12.192286 | r_c=653.834094 | r_s=0.007640 | status=running
[UL Convergence] | phase=optimize | user=2 | block=1 | n_kl=80 | epoch=441/1000 | objective=641.802917 | rate=13.520168 | power=29.999945 | r_p=12.192331 | r_c=655.323073 | r_s=0.008859 | status=running
[UL Convergence] | phase=optimize | user=2 | block=1 | n_kl=80 | epoch=442/1000 | objective=643.291016 | rate=13.520140 | power=29.999939 | r_p=12.192360 | r_c=656.811143 | r_s=0.009705 | status=running
[UL Convergence] | phase=optimize | user=2 | block=1 | n_kl=80 | epoch=443/1000 | objective=644.777893 | rate=13.520133 | power=29.999939 | r_p=12.192367 | r_c=658.298040 | r_s=0.009992 | status=running
[UL Convergence] | phase=optimize | user=2 | block=1 | n_kl=80 | epoch=444/1000 | objective=646.262451 | rate=13.520170 | power=29.999939 | r_p=12.192329 | r_c=659.782566 | r_s=0.009578 | status=running
[UL Convergence] | phase=optimize | user=2 | block=1 | n_kl=80 | epoch=445/1000 | objective=647.745178 | rate=13.520237 | power=29.999935 | r_p=12.192263 | r_c=661.265474 | r_s=0.008397 | status=running
[UL Convergence] | phase=optimize | user=2 | block=1 | n_kl=80 | epoch=446/1000 | objective=649.227722 | rate=13.520309 | power=29.999939 | r_p=12.192190 | r_c=662.748047 | r_s=0.006504 | status=running
[UL Convergence] | phase=optimize | user=2 | block=1 | n_kl=80 | epoch=447/1000 | objective=650.712219 | rate=13.520347 | power=29.999939 | r_p=12.192153 | r_c=664.232515 | r_s=0.004397 | status=running
[UL Convergence] | phase=optimize | user=2 | block=1 | n_kl=80 | epoch=448/1000 | objective=652.198608 | rate=13.520349 | power=29.999939 | r_p=12.192151 | r_c=665.718897 | r_s=0.003307 | status=running
[UL Convergence] | phase=optimize | user=2 | block=1 | n_kl=80 | epoch=449/1000 | objective=653.686401 | rate=13.520325 | power=29.999939 | r_p=12.192175 | r_c=667.206687 | r_s=0.004178 | status=running
[UL Convergence] | phase=optimize | user=2 | block=1 | n_kl=80 | epoch=450/1000 | objective=655.174927 | rate=13.520288 | power=29.999939 | r_p=12.192211 | r_c=668.695166 | r_s=0.005519 | status=running
[UL Convergence] | phase=optimize | user=2 | block=1 | n_kl=80 | epoch=451/1000 | objective=656.661804 | rate=13.520281 | power=29.999939 | r_p=12.192219 | r_c=670.182086 | r_s=0.006279 | status=running
[UL Convergence] | phase=optimize | user=2 | block=1 | n_kl=80 | epoch=452/1000 | objective=658.147217 | rate=13.520300 | power=29.999945 | r_p=12.192200 | r_c=671.667537 | r_s=0.006184 | status=running
[UL Convergence] | phase=optimize | user=2 | block=1 | n_kl=80 | epoch=453/1000 | objective=659.632019 | rate=13.520330 | power=29.999945 | r_p=12.192169 | r_c=673.152349 | r_s=0.005246 | status=running
[UL Convergence] | phase=optimize | user=2 | block=1 | n_kl=80 | epoch=454/1000 | objective=661.116943 | rate=13.520357 | power=29.999939 | r_p=12.192142 | r_c=674.637362 | r_s=0.003840 | status=running
[UL Convergence] | phase=optimize | user=2 | block=1 | n_kl=80 | epoch=455/1000 | objective=662.603333 | rate=13.520359 | power=29.999945 | r_p=12.192141 | r_c=676.123739 | r_s=0.002732 | status=running
[UL Convergence] | phase=optimize | user=2 | block=1 | n_kl=80 | epoch=456/1000 | objective=664.090088 | rate=13.520355 | power=29.999945 | r_p=12.192144 | r_c=677.610434 | r_s=0.002883 | status=running
[UL Convergence] | phase=optimize | user=2 | block=1 | n_kl=80 | epoch=457/1000 | objective=665.577576 | rate=13.520338 | power=29.999939 | r_p=12.192162 | r_c=679.097874 | r_s=0.003836 | status=running
[UL Convergence] | phase=optimize | user=2 | block=1 | n_kl=80 | epoch=458/1000 | objective=667.065125 | rate=13.520318 | power=29.999945 | r_p=12.192182 | r_c=680.585480 | r_s=0.004741 | status=running
[UL Convergence] | phase=optimize | user=2 | block=1 | n_kl=80 | epoch=459/1000 | objective=668.552124 | rate=13.520309 | power=29.999939 | r_p=12.192190 | r_c=682.072453 | r_s=0.005285 | status=running
[UL Convergence] | phase=optimize | user=2 | block=1 | n_kl=80 | epoch=460/1000 | objective=670.038391 | rate=13.520313 | power=29.999939 | r_p=12.192186 | r_c=683.558734 | r_s=0.005342 | status=running
[UL Convergence] | phase=optimize | user=2 | block=1 | n_kl=80 | epoch=461/1000 | objective=671.523926 | rate=13.520330 | power=29.999939 | r_p=12.192169 | r_c=685.044264 | r_s=0.004931 | status=running
[UL Convergence] | phase=optimize | user=2 | block=1 | n_kl=80 | epoch=462/1000 | objective=673.009644 | rate=13.520344 | power=29.999939 | r_p=12.192156 | r_c=686.530002 | r_s=0.004297 | status=running
[UL Convergence] | phase=optimize | user=2 | block=1 | n_kl=80 | epoch=463/1000 | objective=674.496338 | rate=13.520340 | power=29.999939 | r_p=12.192160 | r_c=688.016704 | r_s=0.003896 | status=running
[UL Convergence] | phase=optimize | user=2 | block=1 | n_kl=80 | epoch=464/1000 | objective=675.983032 | rate=13.520337 | power=29.999939 | r_p=12.192163 | r_c=689.503353 | r_s=0.004049 | status=running
[UL Convergence] | phase=optimize | user=2 | block=1 | n_kl=80 | epoch=465/1000 | objective=677.470398 | rate=13.520321 | power=29.999945 | r_p=12.192179 | r_c=690.990761 | r_s=0.004612 | status=running
[UL Convergence] | phase=optimize | user=2 | block=1 | n_kl=80 | epoch=466/1000 | objective=678.957886 | rate=13.520304 | power=29.999939 | r_p=12.192196 | r_c=692.478228 | r_s=0.005312 | status=running
[UL Convergence] | phase=optimize | user=2 | block=1 | n_kl=80 | epoch=467/1000 | objective=680.445740 | rate=13.520282 | power=29.999939 | r_p=12.192218 | r_c=693.965973 | r_s=0.006037 | status=running
[UL Convergence] | phase=optimize | user=2 | block=1 | n_kl=80 | epoch=468/1000 | objective=681.933716 | rate=13.520256 | power=29.999939 | r_p=12.192244 | r_c=695.453943 | r_s=0.006775 | status=running
[UL Convergence] | phase=optimize | user=2 | block=1 | n_kl=80 | epoch=469/1000 | objective=683.421875 | rate=13.520227 | power=29.999945 | r_p=12.192272 | r_c=696.942087 | r_s=0.007522 | status=running
[UL Convergence] | phase=optimize | user=2 | block=1 | n_kl=80 | epoch=470/1000 | objective=684.910217 | rate=13.520196 | power=29.999945 | r_p=12.192304 | r_c=698.430404 | r_s=0.008289 | status=running
[UL Convergence] | phase=optimize | user=2 | block=1 | n_kl=80 | epoch=471/1000 | objective=686.398926 | rate=13.520159 | power=29.999939 | r_p=12.192341 | r_c=699.919062 | r_s=0.009087 | status=running
[UL Convergence] | phase=optimize | user=2 | block=1 | n_kl=80 | epoch=472/1000 | objective=687.887939 | rate=13.520116 | power=29.999939 | r_p=12.192384 | r_c=701.408063 | r_s=0.009927 | status=running
[UL Convergence] | phase=optimize | user=2 | block=1 | n_kl=80 | epoch=473/1000 | objective=689.377075 | rate=13.520072 | power=29.999939 | r_p=12.192428 | r_c=702.897134 | r_s=0.010760 | status=running
[UL Convergence] | phase=optimize | user=2 | block=1 | n_kl=80 | epoch=474/1000 | objective=690.865479 | rate=13.520041 | power=29.999939 | r_p=12.192459 | r_c=704.385505 | r_s=0.011437 | status=running
[UL Convergence] | phase=optimize | user=2 | block=1 | n_kl=80 | epoch=475/1000 | objective=692.351807 | rate=13.520044 | power=29.999939 | r_p=12.192455 | r_c=705.871845 | r_s=0.011725 | status=running
[UL Convergence] | phase=optimize | user=2 | block=1 | n_kl=80 | epoch=476/1000 | objective=693.836548 | rate=13.520075 | power=29.999939 | r_p=12.192425 | r_c=707.356634 | r_s=0.011369 | status=running
[UL Convergence] | phase=optimize | user=2 | block=1 | n_kl=80 | epoch=477/1000 | objective=695.319641 | rate=13.520134 | power=29.999939 | r_p=12.192366 | r_c=708.839749 | r_s=0.010441 | status=running
[UL Convergence] | phase=optimize | user=2 | block=1 | n_kl=80 | epoch=478/1000 | objective=696.803345 | rate=13.520181 | power=29.999939 | r_p=12.192319 | r_c=710.323564 | r_s=0.009353 | status=running
[UL Convergence] | phase=optimize | user=2 | block=1 | n_kl=80 | epoch=479/1000 | objective=698.288391 | rate=13.520206 | power=29.999935 | r_p=12.192293 | r_c=711.808587 | r_s=0.008564 | status=running
[UL Convergence] | phase=optimize | user=2 | block=1 | n_kl=80 | epoch=480/1000 | objective=699.773010 | rate=13.520238 | power=29.999945 | r_p=12.192262 | r_c=713.293266 | r_s=0.007959 | status=running
[UL Convergence] | phase=optimize | user=2 | block=1 | n_kl=80 | epoch=481/1000 | objective=701.257996 | rate=13.520264 | power=29.999939 | r_p=12.192236 | r_c=714.778269 | r_s=0.007154 | status=running
[UL Convergence] | phase=optimize | user=2 | block=1 | n_kl=80 | epoch=482/1000 | objective=702.742493 | rate=13.520297 | power=29.999939 | r_p=12.192203 | r_c=716.262814 | r_s=0.006122 | status=running
[UL Convergence] | phase=optimize | user=2 | block=1 | n_kl=80 | epoch=483/1000 | objective=704.229309 | rate=13.520293 | power=29.999945 | r_p=12.192206 | r_c=717.749537 | r_s=0.005546 | status=running
[UL Convergence] | phase=optimize | user=2 | block=1 | n_kl=80 | epoch=484/1000 | objective=705.716614 | rate=13.520279 | power=29.999950 | r_p=12.192221 | r_c=719.236880 | r_s=0.005970 | status=running
[UL Convergence] | phase=optimize | user=2 | block=1 | n_kl=80 | epoch=485/1000 | objective=707.204102 | rate=13.520262 | power=29.999939 | r_p=12.192238 | r_c=720.724397 | r_s=0.006586 | status=running
[UL Convergence] | phase=optimize | user=2 | block=1 | n_kl=80 | epoch=486/1000 | objective=708.688843 | rate=13.520292 | power=29.999945 | r_p=12.192207 | r_c=722.209096 | r_s=0.006425 | status=running
[UL Convergence] | phase=optimize | user=2 | block=1 | n_kl=80 | epoch=487/1000 | objective=710.173523 | rate=13.520321 | power=29.999945 | r_p=12.192179 | r_c=723.693897 | r_s=0.005345 | status=running
[UL Convergence] | phase=optimize | user=2 | block=1 | n_kl=80 | epoch=488/1000 | objective=711.658752 | rate=13.520343 | power=29.999945 | r_p=12.192157 | r_c=725.179084 | r_s=0.004162 | status=running
[UL Convergence] | phase=optimize | user=2 | block=1 | n_kl=80 | epoch=489/1000 | objective=713.146057 | rate=13.520329 | power=29.999945 | r_p=12.192171 | r_c=726.666424 | r_s=0.004073 | status=running
[UL Convergence] | phase=optimize | user=2 | block=1 | n_kl=80 | epoch=490/1000 | objective=714.633667 | rate=13.520310 | power=29.999939 | r_p=12.192189 | r_c=728.153996 | r_s=0.004818 | status=running
[UL Convergence] | phase=optimize | user=2 | block=1 | n_kl=80 | epoch=491/1000 | objective=716.119995 | rate=13.520313 | power=29.999935 | r_p=12.192186 | r_c=729.640320 | r_s=0.005233 | status=running
[UL Convergence] | phase=optimize | user=2 | block=1 | n_kl=80 | epoch=492/1000 | objective=717.605164 | rate=13.520335 | power=29.999939 | r_p=12.192164 | r_c=731.125499 | r_s=0.004825 | status=running
[UL Convergence] | phase=optimize | user=2 | block=1 | n_kl=80 | epoch=493/1000 | objective=719.090576 | rate=13.520353 | power=29.999939 | r_p=12.192146 | r_c=732.610899 | r_s=0.003750 | status=running
[UL Convergence] | phase=optimize | user=2 | block=1 | n_kl=80 | epoch=494/1000 | objective=720.576599 | rate=13.520360 | power=29.999945 | r_p=12.192140 | r_c=734.096981 | r_s=0.002802 | status=running
[UL Convergence] | phase=optimize | user=2 | block=1 | n_kl=80 | epoch=495/1000 | objective=722.063843 | rate=13.520349 | power=29.999945 | r_p=12.192151 | r_c=735.584154 | r_s=0.003098 | status=running
[UL Convergence] | phase=optimize | user=2 | block=1 | n_kl=80 | epoch=496/1000 | objective=723.551575 | rate=13.520328 | power=29.999939 | r_p=12.192172 | r_c=737.071908 | r_s=0.004068 | status=running
[UL Convergence] | phase=optimize | user=2 | block=1 | n_kl=80 | epoch=497/1000 | objective=725.038574 | rate=13.520320 | power=29.999939 | r_p=12.192180 | r_c=738.558861 | r_s=0.004679 | status=running
[UL Convergence] | phase=optimize | user=2 | block=1 | n_kl=80 | epoch=498/1000 | objective=726.524658 | rate=13.520327 | power=29.999945 | r_p=12.192173 | r_c=740.044948 | r_s=0.004628 | status=running
[UL Convergence] | phase=optimize | user=2 | block=1 | n_kl=80 | epoch=499/1000 | objective=728.009949 | rate=13.520346 | power=29.999939 | r_p=12.192154 | r_c=741.530279 | r_s=0.004151 | status=running
[UL Convergence] | phase=optimize | user=2 | block=1 | n_kl=80 | epoch=500/1000 | objective=729.497009 | rate=13.520336 | power=29.999945 | r_p=12.192163 | r_c=743.017346 | r_s=0.003991 | status=running
[UL Convergence] | phase=optimize | user=2 | block=1 | n_kl=80 | epoch=501/1000 | objective=730.985474 | rate=13.520304 | power=29.999945 | r_p=12.192196 | r_c=744.505815 | r_s=0.004824 | status=running
[UL Convergence] | phase=optimize | user=2 | block=1 | n_kl=80 | epoch=502/1000 | objective=732.475098 | rate=13.520254 | power=29.999945 | r_p=12.192245 | r_c=745.995345 | r_s=0.006363 | status=running
[UL Convergence] | phase=optimize | user=2 | block=1 | n_kl=80 | epoch=503/1000 | objective=733.965637 | rate=13.520189 | power=29.999939 | r_p=12.192310 | r_c=747.485830 | r_s=0.008049 | status=running
[UL Convergence] | phase=optimize | user=2 | block=1 | n_kl=80 | epoch=504/1000 | objective=735.456482 | rate=13.520120 | power=29.999939 | r_p=12.192380 | r_c=748.976631 | r_s=0.009603 | status=running
[UL Convergence] | phase=optimize | user=2 | block=1 | n_kl=80 | epoch=505/1000 | objective=736.946655 | rate=13.520061 | power=29.999945 | r_p=12.192438 | r_c=750.466753 | r_s=0.010884 | status=running
[UL Convergence] | phase=optimize | user=2 | block=1 | n_kl=80 | epoch=506/1000 | objective=738.435547 | rate=13.520025 | power=29.999945 | r_p=12.192474 | r_c=751.955543 | r_s=0.011724 | status=running
[UL Convergence] | phase=optimize | user=2 | block=1 | n_kl=80 | epoch=507/1000 | objective=739.921387 | rate=13.520037 | power=29.999939 | r_p=12.192463 | r_c=753.441400 | r_s=0.011916 | status=running
[UL Convergence] | phase=optimize | user=2 | block=1 | n_kl=80 | epoch=508/1000 | objective=741.404114 | rate=13.520098 | power=29.999939 | r_p=12.192402 | r_c=754.924183 | r_s=0.011283 | status=running
[UL Convergence] | phase=optimize | user=2 | block=1 | n_kl=80 | epoch=509/1000 | objective=742.884460 | rate=13.520195 | power=29.999935 | r_p=12.192305 | r_c=756.404694 | r_s=0.009696 | status=running
[UL Convergence] | phase=optimize | user=2 | block=1 | n_kl=80 | epoch=510/1000 | objective=744.365112 | rate=13.520289 | power=29.999939 | r_p=12.192210 | r_c=757.885348 | r_s=0.007323 | status=running
[UL Convergence] | phase=optimize | user=2 | block=1 | n_kl=80 | epoch=511/1000 | objective=745.848999 | rate=13.520330 | power=29.999939 | r_p=12.192169 | r_c=759.369294 | r_s=0.005016 | status=running
[UL Convergence] | phase=optimize | user=2 | block=1 | n_kl=80 | epoch=512/1000 | objective=747.336609 | rate=13.520312 | power=29.999939 | r_p=12.192187 | r_c=760.856915 | r_s=0.004541 | status=running
[UL Convergence] | phase=optimize | user=2 | block=1 | n_kl=80 | epoch=513/1000 | objective=748.825134 | rate=13.520281 | power=29.999945 | r_p=12.192219 | r_c=762.345377 | r_s=0.005752 | status=running
[UL Convergence] | phase=optimize | user=2 | block=1 | n_kl=80 | epoch=514/1000 | objective=750.312927 | rate=13.520260 | power=29.999945 | r_p=12.192240 | r_c=763.833193 | r_s=0.006775 | status=running
[UL Convergence] | phase=optimize | user=2 | block=1 | n_kl=80 | epoch=515/1000 | objective=751.798889 | rate=13.520268 | power=29.999945 | r_p=12.192231 | r_c=765.319162 | r_s=0.006943 | status=running
[UL Convergence] | phase=optimize | user=2 | block=1 | n_kl=80 | epoch=516/1000 | objective=753.284058 | rate=13.520290 | power=29.999939 | r_p=12.192209 | r_c=766.804287 | r_s=0.006310 | status=running
[UL Convergence] | phase=optimize | user=2 | block=1 | n_kl=80 | epoch=517/1000 | objective=754.768188 | rate=13.520327 | power=29.999935 | r_p=12.192173 | r_c=768.288503 | r_s=0.005190 | status=running
[UL Convergence] | phase=optimize | user=2 | block=1 | n_kl=80 | epoch=518/1000 | objective=756.253357 | rate=13.520348 | power=29.999935 | r_p=12.192152 | r_c=769.773669 | r_s=0.004094 | status=running
[UL Convergence] | phase=optimize | user=2 | block=1 | n_kl=80 | epoch=519/1000 | objective=757.740662 | rate=13.520334 | power=29.999945 | r_p=12.192165 | r_c=771.261000 | r_s=0.003822 | status=running
[UL Convergence] | phase=optimize | user=2 | block=1 | n_kl=80 | epoch=520/1000 | objective=759.228149 | rate=13.520319 | power=29.999939 | r_p=12.192181 | r_c=772.748456 | r_s=0.004452 | status=running
[UL Convergence] | phase=optimize | user=2 | block=1 | n_kl=80 | epoch=521/1000 | objective=760.714844 | rate=13.520316 | power=29.999939 | r_p=12.192183 | r_c=774.235130 | r_s=0.005008 | status=running
[UL Convergence] | phase=optimize | user=2 | block=1 | n_kl=80 | epoch=522/1000 | objective=762.200684 | rate=13.520326 | power=29.999939 | r_p=12.192174 | r_c=775.721017 | r_s=0.004830 | status=running
[UL Convergence] | phase=optimize | user=2 | block=1 | n_kl=80 | epoch=523/1000 | objective=763.685669 | rate=13.520350 | power=29.999935 | r_p=12.192150 | r_c=777.205988 | r_s=0.003891 | status=running
[UL Convergence] | phase=optimize | user=2 | block=1 | n_kl=80 | epoch=524/1000 | objective=765.171082 | rate=13.520366 | power=29.999945 | r_p=12.192134 | r_c=778.691438 | r_s=0.002772 | status=running
[UL Convergence] | phase=optimize | user=2 | block=1 | n_kl=80 | epoch=525/1000 | objective=766.658081 | rate=13.520357 | power=29.999935 | r_p=12.192142 | r_c=780.178468 | r_s=0.002617 | status=running
[UL Convergence] | phase=optimize | user=2 | block=1 | n_kl=80 | epoch=526/1000 | objective=768.145508 | rate=13.520344 | power=29.999939 | r_p=12.192156 | r_c=781.665808 | r_s=0.003407 | status=running
[UL Convergence] | phase=optimize | user=2 | block=1 | n_kl=80 | epoch=527/1000 | objective=769.632324 | rate=13.520338 | power=29.999939 | r_p=12.192162 | r_c=783.152662 | r_s=0.004045 | status=running
[UL Convergence] | phase=optimize | user=2 | block=1 | n_kl=80 | epoch=528/1000 | objective=771.118958 | rate=13.520336 | power=29.999945 | r_p=12.192163 | r_c=784.639273 | r_s=0.004093 | status=running
[UL Convergence] | phase=optimize | user=2 | block=1 | n_kl=80 | epoch=529/1000 | objective=772.604126 | rate=13.520355 | power=29.999939 | r_p=12.192144 | r_c=786.124531 | r_s=0.003553 | status=running
[UL Convergence] | phase=optimize | user=2 | block=1 | n_kl=80 | epoch=530/1000 | objective=774.090149 | rate=13.520363 | power=29.999939 | r_p=12.192137 | r_c=787.610522 | r_s=0.002658 | status=running
[UL Convergence] | phase=optimize | user=2 | block=1 | n_kl=80 | epoch=531/1000 | objective=775.575928 | rate=13.520373 | power=29.999939 | r_p=12.192126 | r_c=789.096325 | r_s=0.001825 | status=running
[UL Convergence] | phase=optimize | user=2 | block=1 | n_kl=80 | epoch=532/1000 | objective=777.062378 | rate=13.520374 | power=29.999945 | r_p=12.192125 | r_c=790.582743 | r_s=0.001656 | status=running
[UL Convergence] | phase=optimize | user=2 | block=1 | n_kl=80 | epoch=533/1000 | objective=778.549316 | rate=13.520367 | power=29.999945 | r_p=12.192133 | r_c=792.069718 | r_s=0.002115 | status=running
[UL Convergence] | phase=optimize | user=2 | block=1 | n_kl=80 | epoch=534/1000 | objective=780.036011 | rate=13.520364 | power=29.999939 | r_p=12.192136 | r_c=793.556385 | r_s=0.002577 | status=running
[UL Convergence] | phase=optimize | user=2 | block=1 | n_kl=80 | epoch=535/1000 | objective=781.522522 | rate=13.520363 | power=29.999935 | r_p=12.192137 | r_c=795.042929 | r_s=0.002785 | status=running
[UL Convergence] | phase=optimize | user=2 | block=1 | n_kl=80 | epoch=536/1000 | objective=783.008850 | rate=13.520366 | power=29.999945 | r_p=12.192134 | r_c=796.529224 | r_s=0.002720 | status=running
[UL Convergence] | phase=optimize | user=2 | block=1 | n_kl=80 | epoch=537/1000 | objective=784.495178 | rate=13.520368 | power=29.999945 | r_p=12.192132 | r_c=798.015580 | r_s=0.002500 | status=running
[UL Convergence] | phase=optimize | user=2 | block=1 | n_kl=80 | epoch=538/1000 | objective=785.981567 | rate=13.520370 | power=29.999945 | r_p=12.192130 | r_c=799.501936 | r_s=0.002295 | status=running
[UL Convergence] | phase=optimize | user=2 | block=1 | n_kl=80 | epoch=539/1000 | objective=787.467957 | rate=13.520370 | power=29.999939 | r_p=12.192129 | r_c=800.988354 | r_s=0.002250 | status=running
[UL Convergence] | phase=optimize | user=2 | block=1 | n_kl=80 | epoch=540/1000 | objective=788.954468 | rate=13.520370 | power=29.999945 | r_p=12.192129 | r_c=802.474834 | r_s=0.002372 | status=running
[UL Convergence] | phase=optimize | user=2 | block=1 | n_kl=80 | epoch=541/1000 | objective=790.441284 | rate=13.520365 | power=29.999939 | r_p=12.192135 | r_c=803.961692 | r_s=0.002598 | status=running
[UL Convergence] | phase=optimize | user=2 | block=1 | n_kl=80 | epoch=542/1000 | objective=791.928162 | rate=13.520360 | power=29.999939 | r_p=12.192140 | r_c=805.448488 | r_s=0.002919 | status=running
[UL Convergence] | phase=optimize | user=2 | block=1 | n_kl=80 | epoch=543/1000 | objective=793.415222 | rate=13.520351 | power=29.999939 | r_p=12.192148 | r_c=806.935539 | r_s=0.003397 | status=running
[UL Convergence] | phase=optimize | user=2 | block=1 | n_kl=80 | epoch=544/1000 | objective=794.903076 | rate=13.520331 | power=29.999935 | r_p=12.192168 | r_c=808.423352 | r_s=0.004091 | status=running
[UL Convergence] | phase=optimize | user=2 | block=1 | n_kl=80 | epoch=545/1000 | objective=796.390869 | rate=13.520311 | power=29.999945 | r_p=12.192188 | r_c=809.911172 | r_s=0.005044 | status=running
[UL Convergence] | phase=optimize | user=2 | block=1 | n_kl=80 | epoch=546/1000 | objective=797.880615 | rate=13.520264 | power=29.999945 | r_p=12.192236 | r_c=811.400839 | r_s=0.006320 | status=running
[UL Convergence] | phase=optimize | user=2 | block=1 | n_kl=80 | epoch=547/1000 | objective=799.372070 | rate=13.520189 | power=29.999939 | r_p=12.192310 | r_c=812.892305 | r_s=0.007988 | status=running
[UL Convergence] | phase=optimize | user=2 | block=1 | n_kl=80 | epoch=548/1000 | objective=800.866150 | rate=13.520079 | power=29.999945 | r_p=12.192421 | r_c=814.386219 | r_s=0.010061 | status=running
[UL Convergence] | phase=optimize | user=2 | block=1 | n_kl=80 | epoch=549/1000 | objective=802.361816 | rate=13.519944 | power=29.999939 | r_p=12.192555 | r_c=815.881768 | r_s=0.012302 | status=running
[UL Convergence] | phase=optimize | user=2 | block=1 | n_kl=80 | epoch=550/1000 | objective=803.855591 | rate=13.519839 | power=29.999939 | r_p=12.192660 | r_c=817.375385 | r_s=0.014161 | status=running
[UL Convergence] | phase=optimize | user=2 | block=1 | n_kl=80 | epoch=551/1000 | objective=805.341858 | rate=13.519844 | power=29.999939 | r_p=12.192656 | r_c=818.861674 | r_s=0.014866 | status=running
[UL Convergence] | phase=optimize | user=2 | block=1 | n_kl=80 | epoch=552/1000 | objective=806.821899 | rate=13.519939 | power=29.999939 | r_p=12.192560 | r_c=820.341866 | r_s=0.013998 | status=running
[UL Convergence] | phase=optimize | user=2 | block=1 | n_kl=80 | epoch=553/1000 | objective=808.300598 | rate=13.520055 | power=29.999939 | r_p=12.192445 | r_c=821.820673 | r_s=0.012139 | status=running
[UL Convergence] | phase=optimize | user=2 | block=1 | n_kl=80 | epoch=554/1000 | objective=809.784119 | rate=13.520100 | power=29.999945 | r_p=12.192400 | r_c=823.304204 | r_s=0.010649 | status=running
[UL Convergence] | phase=optimize | user=2 | block=1 | n_kl=80 | epoch=555/1000 | objective=811.270630 | rate=13.520101 | power=29.999939 | r_p=12.192399 | r_c=824.790685 | r_s=0.010360 | status=running
[UL Convergence] | phase=optimize | user=2 | block=1 | n_kl=80 | epoch=556/1000 | objective=812.756042 | rate=13.520117 | power=29.999939 | r_p=12.192383 | r_c=826.276133 | r_s=0.010472 | status=running
[UL Convergence] | phase=optimize | user=2 | block=1 | n_kl=80 | epoch=557/1000 | objective=814.239258 | rate=13.520164 | power=29.999939 | r_p=12.192335 | r_c=827.759437 | r_s=0.009853 | status=running
[UL Convergence] | phase=optimize | user=2 | block=1 | n_kl=80 | epoch=558/1000 | objective=815.721985 | rate=13.520220 | power=29.999945 | r_p=12.192280 | r_c=829.242206 | r_s=0.008576 | status=running
[UL Convergence] | phase=optimize | user=2 | block=1 | n_kl=80 | epoch=559/1000 | objective=817.207947 | rate=13.520228 | power=29.999939 | r_p=12.192271 | r_c=830.728138 | r_s=0.007708 | status=running
[UL Convergence] | phase=optimize | user=2 | block=1 | n_kl=80 | epoch=560/1000 | objective=818.694214 | rate=13.520232 | power=29.999939 | r_p=12.192267 | r_c=832.214392 | r_s=0.007540 | status=running
[UL Convergence] | phase=optimize | user=2 | block=1 | n_kl=80 | epoch=561/1000 | objective=820.179626 | rate=13.520247 | power=29.999939 | r_p=12.192253 | r_c=833.699928 | r_s=0.007339 | status=running
[UL Convergence] | phase=optimize | user=2 | block=1 | n_kl=80 | epoch=562/1000 | objective=821.666443 | rate=13.520243 | power=29.999945 | r_p=12.192257 | r_c=835.186699 | r_s=0.007147 | status=running
[UL Convergence] | phase=optimize | user=2 | block=1 | n_kl=80 | epoch=563/1000 | objective=823.153992 | rate=13.520227 | power=29.999945 | r_p=12.192272 | r_c=836.674258 | r_s=0.007506 | status=running
[UL Convergence] | phase=optimize | user=2 | block=1 | n_kl=80 | epoch=564/1000 | objective=824.638794 | rate=13.520252 | power=29.999945 | r_p=12.192247 | r_c=838.159068 | r_s=0.007485 | status=running
[UL Convergence] | phase=optimize | user=2 | block=1 | n_kl=80 | epoch=565/1000 | objective=826.122314 | rate=13.520295 | power=29.999935 | r_p=12.192204 | r_c=839.642622 | r_s=0.006277 | status=running
[UL Convergence] | phase=optimize | user=2 | block=1 | n_kl=80 | epoch=566/1000 | objective=827.608276 | rate=13.520302 | power=29.999939 | r_p=12.192198 | r_c=841.128660 | r_s=0.005321 | status=running
[UL Convergence] | phase=optimize | user=2 | block=1 | n_kl=80 | epoch=567/1000 | objective=829.097168 | rate=13.520269 | power=29.999939 | r_p=12.192230 | r_c=842.617398 | r_s=0.006196 | status=running
[UL Convergence] | phase=optimize | user=2 | block=1 | n_kl=80 | epoch=568/1000 | objective=830.582031 | rate=13.520292 | power=29.999939 | r_p=12.192207 | r_c=844.102318 | r_s=0.006577 | status=running
[UL Convergence] | phase=optimize | user=2 | block=1 | n_kl=80 | epoch=569/1000 | objective=832.065063 | rate=13.520342 | power=29.999945 | r_p=12.192158 | r_c=845.585377 | r_s=0.005008 | status=running
[UL Convergence] | phase=optimize | user=2 | block=1 | n_kl=80 | epoch=570/1000 | objective=833.551392 | rate=13.520345 | power=29.999935 | r_p=12.192155 | r_c=847.071666 | r_s=0.003356 | status=running
[UL Convergence] | phase=optimize | user=2 | block=1 | n_kl=80 | epoch=571/1000 | objective=835.040039 | rate=13.520313 | power=29.999935 | r_p=12.192186 | r_c=848.560343 | r_s=0.004497 | status=running
[UL Convergence] | phase=optimize | user=2 | block=1 | n_kl=80 | epoch=572/1000 | objective=836.526001 | rate=13.520321 | power=29.999935 | r_p=12.192179 | r_c=850.046305 | r_s=0.005166 | status=running
[UL Convergence] | phase=optimize | user=2 | block=1 | n_kl=80 | epoch=573/1000 | objective=838.009521 | rate=13.520362 | power=29.999939 | r_p=12.192138 | r_c=851.529933 | r_s=0.003799 | status=running
[UL Convergence] | phase=optimize | user=2 | block=1 | n_kl=80 | epoch=574/1000 | objective=839.495911 | rate=13.520364 | power=29.999945 | r_p=12.192136 | r_c=853.016282 | r_s=0.002069 | status=running
[UL Convergence] | phase=optimize | user=2 | block=1 | n_kl=80 | epoch=575/1000 | objective=840.983765 | rate=13.520345 | power=29.999939 | r_p=12.192155 | r_c=854.504100 | r_s=0.003054 | status=running
[UL Convergence] | phase=optimize | user=2 | block=1 | n_kl=80 | epoch=576/1000 | objective=842.470581 | rate=13.520341 | power=29.999939 | r_p=12.192159 | r_c=855.990854 | r_s=0.003814 | status=running
[UL Convergence] | phase=optimize | user=2 | block=1 | n_kl=80 | epoch=577/1000 | objective=843.955383 | rate=13.520363 | power=29.999939 | r_p=12.192137 | r_c=857.475799 | r_s=0.003268 | status=running
[UL Convergence] | phase=optimize | user=2 | block=1 | n_kl=80 | epoch=578/1000 | objective=845.442322 | rate=13.520357 | power=29.999935 | r_p=12.192142 | r_c=858.962684 | r_s=0.002693 | status=running
[UL Convergence] | phase=optimize | user=2 | block=1 | n_kl=80 | epoch=579/1000 | objective=846.929138 | rate=13.520353 | power=29.999939 | r_p=12.192146 | r_c=860.449437 | r_s=0.003030 | status=running
[UL Convergence] | phase=optimize | user=2 | block=1 | n_kl=80 | epoch=580/1000 | objective=848.415527 | rate=13.520355 | power=29.999939 | r_p=12.192144 | r_c=861.935786 | r_s=0.003279 | status=running
[UL Convergence] | phase=optimize | user=2 | block=1 | n_kl=80 | epoch=581/1000 | objective=849.902161 | rate=13.520352 | power=29.999935 | r_p=12.192147 | r_c=863.422473 | r_s=0.003221 | status=running
[UL Convergence] | phase=optimize | user=2 | block=1 | n_kl=80 | epoch=582/1000 | objective=851.389343 | rate=13.520343 | power=29.999935 | r_p=12.192157 | r_c=864.909634 | r_s=0.003394 | status=running
[UL Convergence] | phase=optimize | user=2 | block=1 | n_kl=80 | epoch=583/1000 | objective=852.875366 | rate=13.520349 | power=29.999945 | r_p=12.192151 | r_c=866.395714 | r_s=0.003651 | status=running
[UL Convergence] | phase=optimize | user=2 | block=1 | n_kl=80 | epoch=584/1000 | objective=854.361755 | rate=13.520350 | power=29.999939 | r_p=12.192149 | r_c=867.882064 | r_s=0.003652 | status=running
[UL Convergence] | phase=optimize | user=2 | block=1 | n_kl=80 | epoch=585/1000 | objective=855.848633 | rate=13.520345 | power=29.999945 | r_p=12.192155 | r_c=869.368957 | r_s=0.003720 | status=running
[UL Convergence] | phase=optimize | user=2 | block=1 | n_kl=80 | epoch=586/1000 | objective=857.336060 | rate=13.520332 | power=29.999950 | r_p=12.192167 | r_c=870.856329 | r_s=0.004244 | status=running
[UL Convergence] | phase=optimize | user=2 | block=1 | n_kl=80 | epoch=587/1000 | objective=858.823608 | rate=13.520317 | power=29.999945 | r_p=12.192183 | r_c=872.343910 | r_s=0.004928 | status=running
[UL Convergence] | phase=optimize | user=2 | block=1 | n_kl=80 | epoch=588/1000 | objective=860.311157 | rate=13.520303 | power=29.999945 | r_p=12.192197 | r_c=873.831428 | r_s=0.005472 | status=running
[UL Convergence] | phase=optimize | user=2 | block=1 | n_kl=80 | epoch=589/1000 | objective=861.799133 | rate=13.520282 | power=29.999945 | r_p=12.192218 | r_c=875.319431 | r_s=0.005994 | status=running
[UL Convergence] | phase=optimize | user=2 | block=1 | n_kl=80 | epoch=590/1000 | objective=863.287415 | rate=13.520258 | power=29.999945 | r_p=12.192242 | r_c=876.807648 | r_s=0.006689 | status=running
[UL Convergence] | phase=optimize | user=2 | block=1 | n_kl=80 | epoch=591/1000 | objective=864.775391 | rate=13.520237 | power=29.999945 | r_p=12.192263 | r_c=878.295667 | r_s=0.007440 | status=running
[UL Convergence] | phase=optimize | user=2 | block=1 | n_kl=80 | epoch=592/1000 | objective=866.263611 | rate=13.520214 | power=29.999945 | r_p=12.192286 | r_c=879.783831 | r_s=0.008040 | status=running
[UL Convergence] | phase=optimize | user=2 | block=1 | n_kl=80 | epoch=593/1000 | objective=867.750793 | rate=13.520205 | power=29.999945 | r_p=12.192294 | r_c=881.270970 | r_s=0.008380 | status=running
[UL Convergence] | phase=optimize | user=2 | block=1 | n_kl=80 | epoch=594/1000 | objective=869.236938 | rate=13.520210 | power=29.999945 | r_p=12.192289 | r_c=882.757145 | r_s=0.008417 | status=running
[UL Convergence] | phase=optimize | user=2 | block=1 | n_kl=80 | epoch=595/1000 | objective=870.721619 | rate=13.520235 | power=29.999945 | r_p=12.192265 | r_c=884.241866 | r_s=0.008067 | status=running
[UL Convergence] | phase=optimize | user=2 | block=1 | n_kl=80 | epoch=596/1000 | objective=872.205872 | rate=13.520267 | power=29.999945 | r_p=12.192233 | r_c=885.726092 | r_s=0.007326 | status=running
[UL Convergence] | phase=optimize | user=2 | block=1 | n_kl=80 | epoch=597/1000 | objective=873.690674 | rate=13.520289 | power=29.999945 | r_p=12.192210 | r_c=887.210932 | r_s=0.006428 | status=running
[UL Convergence] | phase=optimize | user=2 | block=1 | n_kl=80 | epoch=598/1000 | objective=875.176514 | rate=13.520298 | power=29.999945 | r_p=12.192202 | r_c=888.696807 | r_s=0.005815 | status=running
[UL Convergence] | phase=optimize | user=2 | block=1 | n_kl=80 | epoch=599/1000 | objective=876.663025 | rate=13.520297 | power=29.999945 | r_p=12.192203 | r_c=890.183374 | r_s=0.005766 | status=running
[UL Convergence] | phase=optimize | user=2 | block=1 | n_kl=80 | epoch=600/1000 | objective=878.151062 | rate=13.520277 | power=29.999945 | r_p=12.192223 | r_c=891.671337 | r_s=0.006163 | status=running
[UL Convergence] | phase=optimize | user=2 | block=1 | n_kl=80 | epoch=601/1000 | objective=879.638733 | rate=13.520262 | power=29.999945 | r_p=12.192238 | r_c=893.158957 | r_s=0.006717 | status=running
[UL Convergence] | phase=optimize | user=2 | block=1 | n_kl=80 | epoch=602/1000 | objective=881.125916 | rate=13.520252 | power=29.999939 | r_p=12.192247 | r_c=894.646164 | r_s=0.007151 | status=running
[UL Convergence] | phase=optimize | user=2 | block=1 | n_kl=80 | epoch=603/1000 | objective=882.611877 | rate=13.520260 | power=29.999945 | r_p=12.192240 | r_c=896.132112 | r_s=0.007190 | status=running
[UL Convergence] | phase=optimize | user=2 | block=1 | n_kl=80 | epoch=604/1000 | objective=884.095581 | rate=13.520296 | power=29.999945 | r_p=12.192204 | r_c=897.615951 | r_s=0.006597 | status=running
[UL Convergence] | phase=optimize | user=2 | block=1 | n_kl=80 | epoch=605/1000 | objective=885.579895 | rate=13.520327 | power=29.999945 | r_p=12.192173 | r_c=899.100199 | r_s=0.005379 | status=running
[UL Convergence] | phase=optimize | user=2 | block=1 | n_kl=80 | epoch=606/1000 | objective=887.063965 | rate=13.520358 | power=29.999950 | r_p=12.192142 | r_c=900.584365 | r_s=0.003817 | status=running
[UL Convergence] | phase=optimize | user=2 | block=1 | n_kl=80 | epoch=607/1000 | objective=888.549744 | rate=13.520368 | power=29.999935 | r_p=12.192132 | r_c=902.070143 | r_s=0.002702 | status=running
[UL Convergence] | phase=optimize | user=2 | block=1 | n_kl=80 | epoch=608/1000 | objective=890.037415 | rate=13.520352 | power=29.999945 | r_p=12.192147 | r_c=903.557754 | r_s=0.003010 | status=running
[UL Convergence] | phase=optimize | user=2 | block=1 | n_kl=80 | epoch=609/1000 | objective=891.526001 | rate=13.520325 | power=29.999935 | r_p=12.192175 | r_c=905.046292 | r_s=0.004123 | status=running
[UL Convergence] | phase=optimize | user=2 | block=1 | n_kl=80 | epoch=610/1000 | objective=893.013794 | rate=13.520307 | power=29.999945 | r_p=12.192193 | r_c=906.534130 | r_s=0.005068 | status=running
[UL Convergence] | phase=optimize | user=2 | block=1 | n_kl=80 | epoch=611/1000 | objective=894.500366 | rate=13.520306 | power=29.999939 | r_p=12.192194 | r_c=908.020697 | r_s=0.005475 | status=running
[UL Convergence] | phase=optimize | user=2 | block=1 | n_kl=80 | epoch=612/1000 | objective=895.986084 | rate=13.520317 | power=29.999945 | r_p=12.192183 | r_c=909.506339 | r_s=0.005297 | status=running
[UL Convergence] | phase=optimize | user=2 | block=1 | n_kl=80 | epoch=613/1000 | objective=897.471313 | rate=13.520333 | power=29.999939 | r_p=12.192166 | r_c=910.991621 | r_s=0.004709 | status=running
[UL Convergence] | phase=optimize | user=2 | block=1 | n_kl=80 | epoch=614/1000 | objective=898.957153 | rate=13.520342 | power=29.999939 | r_p=12.192158 | r_c=912.477468 | r_s=0.004151 | status=running
[UL Convergence] | phase=optimize | user=2 | block=1 | n_kl=80 | epoch=615/1000 | objective=900.444092 | rate=13.520335 | power=29.999945 | r_p=12.192164 | r_c=913.964456 | r_s=0.004093 | status=running
[UL Convergence] | phase=optimize | user=2 | block=1 | n_kl=80 | epoch=616/1000 | objective=901.931824 | rate=13.520320 | power=29.999945 | r_p=12.192180 | r_c=915.452090 | r_s=0.004604 | status=running
[UL Convergence] | phase=optimize | user=2 | block=1 | n_kl=80 | epoch=617/1000 | objective=903.419739 | rate=13.520300 | power=29.999939 | r_p=12.192200 | r_c=916.940089 | r_s=0.005347 | status=running
[UL Convergence] | phase=optimize | user=2 | block=1 | n_kl=80 | epoch=618/1000 | objective=904.907227 | rate=13.520288 | power=29.999939 | r_p=12.192211 | r_c=918.427448 | r_s=0.005999 | status=running
[UL Convergence] | phase=optimize | user=2 | block=1 | n_kl=80 | epoch=619/1000 | objective=906.394592 | rate=13.520276 | power=29.999939 | r_p=12.192224 | r_c=919.914884 | r_s=0.006395 | status=running
[UL Convergence] | phase=optimize | user=2 | block=1 | n_kl=80 | epoch=620/1000 | objective=907.880859 | rate=13.520280 | power=29.999945 | r_p=12.192220 | r_c=921.401098 | r_s=0.006464 | status=running
[UL Convergence] | phase=optimize | user=2 | block=1 | n_kl=80 | epoch=621/1000 | objective=909.366211 | rate=13.520294 | power=29.999939 | r_p=12.192205 | r_c=922.886518 | r_s=0.006250 | status=running
[UL Convergence] | phase=optimize | user=2 | block=1 | n_kl=80 | epoch=622/1000 | objective=910.851685 | rate=13.520308 | power=29.999939 | r_p=12.192192 | r_c=924.372004 | r_s=0.005844 | status=running
[UL Convergence] | phase=optimize | user=2 | block=1 | n_kl=80 | epoch=623/1000 | objective=912.337158 | rate=13.520322 | power=29.999939 | r_p=12.192178 | r_c=925.857413 | r_s=0.005354 | status=running
[UL Convergence] | phase=optimize | user=2 | block=1 | n_kl=80 | epoch=624/1000 | objective=913.823181 | rate=13.520327 | power=29.999945 | r_p=12.192173 | r_c=927.343543 | r_s=0.004843 | status=running
[UL Convergence] | phase=optimize | user=2 | block=1 | n_kl=80 | epoch=625/1000 | objective=915.309387 | rate=13.520331 | power=29.999945 | r_p=12.192168 | r_c=928.829670 | r_s=0.004383 | status=running
[UL Convergence] | phase=optimize | user=2 | block=1 | n_kl=80 | epoch=626/1000 | objective=916.794922 | rate=13.520343 | power=29.999939 | r_p=12.192157 | r_c=930.315287 | r_s=0.004074 | status=running
[UL Convergence] | phase=optimize | user=2 | block=1 | n_kl=80 | epoch=627/1000 | objective=918.281555 | rate=13.520342 | power=29.999939 | r_p=12.192158 | r_c=931.801847 | r_s=0.003973 | status=running
[UL Convergence] | phase=optimize | user=2 | block=1 | n_kl=80 | epoch=628/1000 | objective=919.768433 | rate=13.520336 | power=29.999939 | r_p=12.192163 | r_c=933.288772 | r_s=0.004033 | status=running
[UL Convergence] | phase=optimize | user=2 | block=1 | n_kl=80 | epoch=629/1000 | objective=921.254822 | rate=13.520338 | power=29.999939 | r_p=12.192162 | r_c=934.775114 | r_s=0.004165 | status=running
[UL Convergence] | phase=optimize | user=2 | block=1 | n_kl=80 | epoch=630/1000 | objective=922.741394 | rate=13.520336 | power=29.999945 | r_p=12.192163 | r_c=936.261748 | r_s=0.004329 | status=running
[UL Convergence] | phase=optimize | user=2 | block=1 | n_kl=80 | epoch=631/1000 | objective=924.228516 | rate=13.520329 | power=29.999945 | r_p=12.192171 | r_c=937.748824 | r_s=0.004527 | status=running
[UL Convergence] | phase=optimize | user=2 | block=1 | n_kl=80 | epoch=632/1000 | objective=925.715698 | rate=13.520319 | power=29.999939 | r_p=12.192181 | r_c=939.236049 | r_s=0.004778 | status=running
[UL Convergence] | phase=optimize | user=2 | block=1 | n_kl=80 | epoch=633/1000 | objective=927.202515 | rate=13.520315 | power=29.999939 | r_p=12.192184 | r_c=940.722836 | r_s=0.005120 | status=running
[UL Convergence] | phase=optimize | user=2 | block=1 | n_kl=80 | epoch=634/1000 | objective=928.690430 | rate=13.520296 | power=29.999939 | r_p=12.192204 | r_c=942.210803 | r_s=0.005605 | status=running
[UL Convergence] | phase=optimize | user=2 | block=1 | n_kl=80 | epoch=635/1000 | objective=930.178955 | rate=13.520271 | power=29.999939 | r_p=12.192228 | r_c=943.699221 | r_s=0.006275 | status=running
[UL Convergence] | phase=optimize | user=2 | block=1 | n_kl=80 | epoch=636/1000 | objective=931.667419 | rate=13.520246 | power=29.999945 | r_p=12.192254 | r_c=945.187721 | r_s=0.007107 | status=running
[UL Convergence] | phase=optimize | user=2 | block=1 | n_kl=80 | epoch=637/1000 | objective=933.157349 | rate=13.520203 | power=29.999945 | r_p=12.192297 | r_c=946.677564 | r_s=0.008040 | status=running
[UL Convergence] | phase=optimize | user=2 | block=1 | n_kl=80 | epoch=638/1000 | objective=934.646790 | rate=13.520166 | power=29.999945 | r_p=12.192333 | r_c=948.166903 | r_s=0.008958 | status=running
[UL Convergence] | phase=optimize | user=2 | block=1 | n_kl=80 | epoch=639/1000 | objective=936.135742 | rate=13.520136 | power=29.999945 | r_p=12.192364 | r_c=949.655810 | r_s=0.009725 | status=running
[UL Convergence] | phase=optimize | user=2 | block=1 | n_kl=80 | epoch=640/1000 | objective=937.623596 | rate=13.520118 | power=29.999945 | r_p=12.192382 | r_c=951.143761 | r_s=0.010165 | status=running
[UL Convergence] | phase=optimize | user=2 | block=1 | n_kl=80 | epoch=641/1000 | objective=939.107971 | rate=13.520145 | power=29.999939 | r_p=12.192354 | r_c=952.628142 | r_s=0.010057 | status=running
[UL Convergence] | phase=optimize | user=2 | block=1 | n_kl=80 | epoch=642/1000 | objective=940.590393 | rate=13.520198 | power=29.999945 | r_p=12.192302 | r_c=954.110572 | r_s=0.009264 | status=running
[UL Convergence] | phase=optimize | user=2 | block=1 | n_kl=80 | epoch=643/1000 | objective=942.072083 | rate=13.520259 | power=29.999939 | r_p=12.192241 | r_c=955.592311 | r_s=0.007851 | status=running
[UL Convergence] | phase=optimize | user=2 | block=1 | n_kl=80 | epoch=644/1000 | objective=943.555847 | rate=13.520293 | power=29.999935 | r_p=12.192206 | r_c=957.076123 | r_s=0.006447 | status=running
[UL Convergence] | phase=optimize | user=2 | block=1 | n_kl=80 | epoch=645/1000 | objective=945.043518 | rate=13.520279 | power=29.999945 | r_p=12.192221 | r_c=958.563747 | r_s=0.006002 | status=running
[UL Convergence] | phase=optimize | user=2 | block=1 | n_kl=80 | epoch=646/1000 | objective=946.532104 | rate=13.520251 | power=29.999939 | r_p=12.192248 | r_c=960.052427 | r_s=0.006689 | status=running
[UL Convergence] | phase=optimize | user=2 | block=1 | n_kl=80 | epoch=647/1000 | objective=948.020874 | rate=13.520225 | power=29.999939 | r_p=12.192275 | r_c=961.541042 | r_s=0.007587 | status=running
[UL Convergence] | phase=optimize | user=2 | block=1 | n_kl=80 | epoch=648/1000 | objective=949.507385 | rate=13.520225 | power=29.999939 | r_p=12.192275 | r_c=963.027558 | r_s=0.007961 | status=running
[UL Convergence] | phase=optimize | user=2 | block=1 | n_kl=80 | epoch=649/1000 | objective=950.991699 | rate=13.520251 | power=29.999939 | r_p=12.192248 | r_c=964.511961 | r_s=0.007570 | status=running
[UL Convergence] | phase=optimize | user=2 | block=1 | n_kl=80 | epoch=650/1000 | objective=952.474976 | rate=13.520292 | power=29.999935 | r_p=12.192207 | r_c=965.995221 | r_s=0.006550 | status=running
[UL Convergence] | phase=optimize | user=2 | block=1 | n_kl=80 | epoch=651/1000 | objective=953.959534 | rate=13.520315 | power=29.999939 | r_p=12.192184 | r_c=967.479904 | r_s=0.005402 | status=running
[UL Convergence] | phase=optimize | user=2 | block=1 | n_kl=80 | epoch=652/1000 | objective=955.446289 | rate=13.520312 | power=29.999935 | r_p=12.192187 | r_c=968.966625 | r_s=0.004929 | status=running
[UL Convergence] | phase=optimize | user=2 | block=1 | n_kl=80 | epoch=653/1000 | objective=956.934326 | rate=13.520294 | power=29.999939 | r_p=12.192205 | r_c=970.454562 | r_s=0.005427 | status=running
[UL Convergence] | phase=optimize | user=2 | block=1 | n_kl=80 | epoch=654/1000 | objective=958.422791 | rate=13.520269 | power=29.999939 | r_p=12.192230 | r_c=971.943037 | r_s=0.006234 | status=running
[UL Convergence] | phase=optimize | user=2 | block=1 | n_kl=80 | epoch=655/1000 | objective=959.909668 | rate=13.520265 | power=29.999939 | r_p=12.192235 | r_c=973.429923 | r_s=0.006675 | status=running
[UL Convergence] | phase=optimize | user=2 | block=1 | n_kl=80 | epoch=656/1000 | objective=961.395020 | rate=13.520279 | power=29.999939 | r_p=12.192221 | r_c=974.915285 | r_s=0.006513 | status=running
[UL Convergence] | phase=optimize | user=2 | block=1 | n_kl=80 | epoch=657/1000 | objective=962.879272 | rate=13.520307 | power=29.999939 | r_p=12.192193 | r_c=976.399572 | r_s=0.005843 | status=running
[UL Convergence] | phase=optimize | user=2 | block=1 | n_kl=80 | epoch=658/1000 | objective=964.363892 | rate=13.520329 | power=29.999939 | r_p=12.192170 | r_c=977.884232 | r_s=0.004967 | status=running
[UL Convergence] | phase=optimize | user=2 | block=1 | n_kl=80 | epoch=659/1000 | objective=965.849548 | rate=13.520340 | power=29.999939 | r_p=12.192160 | r_c=979.369880 | r_s=0.004268 | status=running
[UL Convergence] | phase=optimize | user=2 | block=1 | n_kl=80 | epoch=660/1000 | objective=967.335815 | rate=13.520342 | power=29.999935 | r_p=12.192158 | r_c=980.856214 | r_s=0.003949 | status=running
[UL Convergence] | phase=optimize | user=2 | block=1 | n_kl=80 | epoch=661/1000 | objective=968.822449 | rate=13.520341 | power=29.999929 | r_p=12.192159 | r_c=982.342778 | r_s=0.003824 | status=running
[UL Convergence] | phase=optimize | user=2 | block=1 | n_kl=80 | epoch=662/1000 | objective=970.308533 | rate=13.520346 | power=29.999939 | r_p=12.192154 | r_c=983.828880 | r_s=0.003538 | status=running
[UL Convergence] | phase=optimize | user=2 | block=1 | n_kl=80 | epoch=663/1000 | objective=971.793762 | rate=13.520361 | power=29.999939 | r_p=12.192139 | r_c=985.314133 | r_s=0.002968 | status=running
[UL Convergence] | phase=optimize | user=2 | block=1 | n_kl=80 | epoch=664/1000 | objective=973.279724 | rate=13.520367 | power=29.999939 | r_p=12.192133 | r_c=986.800153 | r_s=0.002399 | status=running
[UL Convergence] | phase=optimize | user=2 | block=1 | n_kl=80 | epoch=665/1000 | objective=974.766541 | rate=13.520363 | power=29.999939 | r_p=12.192137 | r_c=988.286943 | r_s=0.002406 | status=running
[UL Convergence] | phase=optimize | user=2 | block=1 | n_kl=80 | epoch=666/1000 | objective=976.253296 | rate=13.520359 | power=29.999939 | r_p=12.192141 | r_c=989.773735 | r_s=0.002988 | status=running
[UL Convergence] | phase=optimize | user=2 | block=1 | n_kl=80 | epoch=667/1000 | objective=977.740906 | rate=13.520347 | power=29.999945 | r_p=12.192153 | r_c=991.261226 | r_s=0.003553 | status=running
[UL Convergence] | phase=optimize | user=2 | block=1 | n_kl=80 | epoch=668/1000 | objective=979.227295 | rate=13.520348 | power=29.999939 | r_p=12.192152 | r_c=992.747634 | r_s=0.003775 | status=running
[UL Convergence] | phase=optimize | user=2 | block=1 | n_kl=80 | epoch=669/1000 | objective=980.713318 | rate=13.520353 | power=29.999945 | r_p=12.192146 | r_c=994.233653 | r_s=0.003611 | status=running
[UL Convergence] | phase=optimize | user=2 | block=1 | n_kl=80 | epoch=670/1000 | objective=982.199768 | rate=13.520353 | power=29.999939 | r_p=12.192146 | r_c=995.720137 | r_s=0.003199 | status=running
[UL Convergence] | phase=optimize | user=2 | block=1 | n_kl=80 | epoch=671/1000 | objective=983.685608 | rate=13.520361 | power=29.999939 | r_p=12.192139 | r_c=997.205998 | r_s=0.002780 | status=running
[UL Convergence] | phase=optimize | user=2 | block=1 | n_kl=80 | epoch=672/1000 | objective=985.171997 | rate=13.520362 | power=29.999939 | r_p=12.192138 | r_c=998.692402 | r_s=0.002605 | status=running
[UL Convergence] | phase=optimize | user=2 | block=1 | n_kl=80 | epoch=673/1000 | objective=986.659058 | rate=13.520355 | power=29.999939 | r_p=12.192144 | r_c=1000.179432 | r_s=0.002768 | status=running
[UL Convergence] | phase=optimize | user=2 | block=1 | n_kl=80 | epoch=674/1000 | objective=988.146179 | rate=13.520348 | power=29.999935 | r_p=12.192152 | r_c=1001.666542 | r_s=0.003123 | status=running
[UL Convergence] | phase=optimize | user=2 | block=1 | n_kl=80 | epoch=675/1000 | objective=989.632812 | rate=13.520347 | power=29.999935 | r_p=12.192153 | r_c=1003.153107 | r_s=0.003478 | status=running
[UL Convergence] | phase=optimize | user=2 | block=1 | n_kl=80 | epoch=676/1000 | objective=991.119934 | rate=13.520338 | power=29.999939 | r_p=12.192162 | r_c=1004.640300 | r_s=0.003735 | status=running
[UL Convergence] | phase=optimize | user=2 | block=1 | n_kl=80 | epoch=677/1000 | objective=992.606628 | rate=13.520336 | power=29.999939 | r_p=12.192163 | r_c=1006.126945 | r_s=0.003894 | status=running
[UL Convergence] | phase=optimize | user=2 | block=1 | n_kl=80 | epoch=678/1000 | objective=994.092773 | rate=13.520340 | power=29.999945 | r_p=12.192160 | r_c=1007.613118 | r_s=0.004023 | status=running
[UL Convergence] | phase=optimize | user=2 | block=1 | n_kl=80 | epoch=679/1000 | objective=995.579956 | rate=13.520332 | power=29.999939 | r_p=12.192167 | r_c=1009.100238 | r_s=0.004215 | status=running
[UL Convergence] | phase=optimize | user=2 | block=1 | n_kl=80 | epoch=680/1000 | objective=997.067261 | rate=13.520322 | power=29.999939 | r_p=12.192178 | r_c=1010.587596 | r_s=0.004542 | status=running
[UL Convergence] | phase=optimize | user=2 | block=1 | n_kl=80 | epoch=681/1000 | objective=998.554810 | rate=13.520309 | power=29.999939 | r_p=12.192190 | r_c=1012.075118 | r_s=0.005035 | status=running
[UL Convergence] | phase=optimize | user=2 | block=1 | n_kl=80 | epoch=682/1000 | objective=1000.042603 | rate=13.520294 | power=29.999939 | r_p=12.192205 | r_c=1013.562881 | r_s=0.005684 | status=running
[UL Convergence] | phase=optimize | user=2 | block=1 | n_kl=80 | epoch=683/1000 | objective=1001.531677 | rate=13.520264 | power=29.999945 | r_p=12.192236 | r_c=1015.051921 | r_s=0.006452 | status=running
[UL Convergence] | phase=optimize | user=2 | block=1 | n_kl=80 | epoch=684/1000 | objective=1003.021057 | rate=13.520230 | power=29.999939 | r_p=12.192269 | r_c=1016.541210 | r_s=0.007296 | status=running
[UL Convergence] | phase=optimize | user=2 | block=1 | n_kl=80 | epoch=685/1000 | objective=1004.509949 | rate=13.520201 | power=29.999945 | r_p=12.192299 | r_c=1018.030193 | r_s=0.008162 | status=running
[UL Convergence] | phase=optimize | user=2 | block=1 | n_kl=80 | epoch=686/1000 | objective=1005.999512 | rate=13.520165 | power=29.999939 | r_p=12.192334 | r_c=1019.519665 | r_s=0.009000 | status=running
[UL Convergence] | phase=optimize | user=2 | block=1 | n_kl=80 | epoch=687/1000 | objective=1007.488892 | rate=13.520132 | power=29.999939 | r_p=12.192368 | r_c=1021.008990 | r_s=0.009729 | status=running
[UL Convergence] | phase=optimize | user=2 | block=1 | n_kl=80 | epoch=688/1000 | objective=1008.977173 | rate=13.520111 | power=29.999935 | r_p=12.192389 | r_c=1022.497288 | r_s=0.010267 | status=running
[UL Convergence] | phase=optimize | user=2 | block=1 | n_kl=80 | epoch=689/1000 | objective=1010.463440 | rate=13.520114 | power=29.999945 | r_p=12.192386 | r_c=1023.983591 | r_s=0.010498 | status=running
[UL Convergence] | phase=optimize | user=2 | block=1 | n_kl=80 | epoch=690/1000 | objective=1011.949097 | rate=13.520124 | power=29.999939 | r_p=12.192375 | r_c=1025.469251 | r_s=0.010358 | status=running
[UL Convergence] | phase=optimize | user=2 | block=1 | n_kl=80 | epoch=691/1000 | objective=1013.433472 | rate=13.520151 | power=29.999939 | r_p=12.192348 | r_c=1026.953542 | r_s=0.009854 | status=running
[UL Convergence] | phase=optimize | user=2 | block=1 | n_kl=80 | epoch=692/1000 | objective=1014.916565 | rate=13.520191 | power=29.999935 | r_p=12.192308 | r_c=1028.436697 | r_s=0.009187 | status=running
[UL Convergence] | phase=optimize | user=2 | block=1 | n_kl=80 | epoch=693/1000 | objective=1016.402283 | rate=13.520200 | power=29.999939 | r_p=12.192300 | r_c=1029.922496 | r_s=0.008675 | status=running
[UL Convergence] | phase=optimize | user=2 | block=1 | n_kl=80 | epoch=694/1000 | objective=1017.889343 | rate=13.520193 | power=29.999939 | r_p=12.192307 | r_c=1031.409582 | r_s=0.008568 | status=running
[UL Convergence] | phase=optimize | user=2 | block=1 | n_kl=80 | epoch=695/1000 | objective=1019.375549 | rate=13.520197 | power=29.999939 | r_p=12.192303 | r_c=1032.895783 | r_s=0.008640 | status=running
[UL Convergence] | phase=optimize | user=2 | block=1 | n_kl=80 | epoch=696/1000 | objective=1020.860291 | rate=13.520218 | power=29.999939 | r_p=12.192282 | r_c=1034.380525 | r_s=0.008337 | status=running
[UL Convergence] | phase=optimize | user=2 | block=1 | n_kl=80 | epoch=697/1000 | objective=1022.342773 | rate=13.520266 | power=29.999945 | r_p=12.192234 | r_c=1035.862991 | r_s=0.007339 | status=running
[UL Convergence] | phase=optimize | user=2 | block=1 | n_kl=80 | epoch=698/1000 | objective=1023.825989 | rate=13.520303 | power=29.999935 | r_p=12.192197 | r_c=1037.346332 | r_s=0.006062 | status=running
[UL Convergence] | phase=optimize | user=2 | block=1 | n_kl=80 | epoch=699/1000 | objective=1025.313110 | rate=13.520296 | power=29.999939 | r_p=12.192204 | r_c=1038.833398 | r_s=0.005541 | status=running
[UL Convergence] | phase=optimize | user=2 | block=1 | n_kl=80 | epoch=700/1000 | objective=1026.800537 | rate=13.520286 | power=29.999945 | r_p=12.192214 | r_c=1040.320791 | r_s=0.005917 | status=running
[UL Convergence] | phase=optimize | user=2 | block=1 | n_kl=80 | epoch=701/1000 | objective=1028.286743 | rate=13.520288 | power=29.999945 | r_p=12.192211 | r_c=1041.807048 | r_s=0.006168 | status=running
[UL Convergence] | phase=optimize | user=2 | block=1 | n_kl=80 | epoch=702/1000 | objective=1029.771118 | rate=13.520313 | power=29.999945 | r_p=12.192186 | r_c=1043.291426 | r_s=0.005619 | status=running
[UL Convergence] | phase=optimize | user=2 | block=1 | n_kl=80 | epoch=703/1000 | objective=1031.255737 | rate=13.520335 | power=29.999945 | r_p=12.192164 | r_c=1044.776040 | r_s=0.004514 | status=running
[UL Convergence] | phase=optimize | user=2 | block=1 | n_kl=80 | epoch=704/1000 | objective=1032.741455 | rate=13.520343 | power=29.999939 | r_p=12.192157 | r_c=1046.261874 | r_s=0.003832 | status=running
[UL Convergence] | phase=optimize | user=2 | block=1 | n_kl=80 | epoch=705/1000 | objective=1034.229126 | rate=13.520330 | power=29.999939 | r_p=12.192169 | r_c=1047.749427 | r_s=0.004167 | status=running
[UL Convergence] | phase=optimize | user=2 | block=1 | n_kl=80 | epoch=706/1000 | objective=1035.716431 | rate=13.520322 | power=29.999939 | r_p=12.192178 | r_c=1049.236655 | r_s=0.004675 | status=running
[UL Convergence] | phase=optimize | user=2 | block=1 | n_kl=80 | epoch=707/1000 | objective=1037.202393 | rate=13.520327 | power=29.999939 | r_p=12.192173 | r_c=1050.722736 | r_s=0.004525 | status=running
[UL Convergence] | phase=optimize | user=2 | block=1 | n_kl=80 | epoch=708/1000 | objective=1038.686157 | rate=13.520357 | power=29.999945 | r_p=12.192142 | r_c=1052.206593 | r_s=0.003686 | status=running
[UL Convergence] | phase=optimize | user=2 | block=1 | n_kl=80 | epoch=709/1000 | objective=1040.172119 | rate=13.520365 | power=29.999945 | r_p=12.192135 | r_c=1053.692417 | r_s=0.002824 | status=running
[UL Convergence] | phase=optimize | user=2 | block=1 | n_kl=80 | epoch=710/1000 | objective=1041.659302 | rate=13.520356 | power=29.999945 | r_p=12.192143 | r_c=1055.179642 | r_s=0.002877 | status=running
[UL Convergence] | phase=optimize | user=2 | block=1 | n_kl=80 | epoch=711/1000 | objective=1043.146484 | rate=13.520349 | power=29.999945 | r_p=12.192151 | r_c=1056.666787 | r_s=0.003460 | status=running
[UL Convergence] | phase=optimize | user=2 | block=1 | n_kl=80 | epoch=712/1000 | objective=1044.632935 | rate=13.520348 | power=29.999935 | r_p=12.192152 | r_c=1058.153355 | r_s=0.003694 | status=running
[UL Convergence] | phase=optimize | user=2 | block=1 | n_kl=80 | epoch=713/1000 | objective=1046.119019 | rate=13.520353 | power=29.999945 | r_p=12.192146 | r_c=1059.639343 | r_s=0.003415 | status=running
[UL Convergence] | phase=optimize | user=2 | block=1 | n_kl=80 | epoch=714/1000 | objective=1047.604614 | rate=13.520363 | power=29.999945 | r_p=12.192137 | r_c=1061.124998 | r_s=0.002892 | status=running
[UL Convergence] | phase=optimize | user=2 | block=1 | n_kl=80 | epoch=715/1000 | objective=1049.090820 | rate=13.520367 | power=29.999939 | r_p=12.192133 | r_c=1062.611147 | r_s=0.002535 | status=running
[UL Convergence] | phase=optimize | user=2 | block=1 | n_kl=80 | epoch=716/1000 | objective=1050.577759 | rate=13.520361 | power=29.999945 | r_p=12.192139 | r_c=1064.098128 | r_s=0.002481 | status=running
[UL Convergence] | phase=optimize | user=2 | block=1 | n_kl=80 | epoch=717/1000 | objective=1052.063721 | rate=13.520367 | power=29.999939 | r_p=12.192133 | r_c=1065.584110 | r_s=0.002503 | status=running
[UL Convergence] | phase=optimize | user=2 | block=1 | n_kl=80 | epoch=718/1000 | objective=1053.550171 | rate=13.520367 | power=29.999945 | r_p=12.192133 | r_c=1067.070591 | r_s=0.002465 | status=running
[UL Convergence] | phase=optimize | user=2 | block=1 | n_kl=80 | epoch=719/1000 | objective=1055.037109 | rate=13.520361 | power=29.999939 | r_p=12.192139 | r_c=1068.557573 | r_s=0.002469 | status=running
[UL Convergence] | phase=optimize | user=2 | block=1 | n_kl=80 | epoch=720/1000 | objective=1056.523682 | rate=13.520361 | power=29.999945 | r_p=12.192139 | r_c=1070.044056 | r_s=0.002613 | status=running
[UL Convergence] | phase=optimize | user=2 | block=1 | n_kl=80 | epoch=721/1000 | objective=1058.010132 | rate=13.520361 | power=29.999945 | r_p=12.192139 | r_c=1071.530538 | r_s=0.002763 | status=running
[UL Convergence] | phase=optimize | user=2 | block=1 | n_kl=80 | epoch=722/1000 | objective=1059.496338 | rate=13.520365 | power=29.999945 | r_p=12.192135 | r_c=1073.016685 | r_s=0.002752 | status=running
[UL Convergence] | phase=optimize | user=2 | block=1 | n_kl=80 | epoch=723/1000 | objective=1060.982788 | rate=13.520364 | power=29.999939 | r_p=12.192136 | r_c=1074.503251 | r_s=0.002644 | status=running
[UL Convergence] | phase=optimize | user=2 | block=1 | n_kl=80 | epoch=724/1000 | objective=1062.469727 | rate=13.520359 | power=29.999945 | r_p=12.192141 | r_c=1075.990153 | r_s=0.002704 | status=running
[UL Convergence] | phase=optimize | user=2 | block=1 | n_kl=80 | epoch=725/1000 | objective=1063.957031 | rate=13.520350 | power=29.999945 | r_p=12.192150 | r_c=1077.477479 | r_s=0.003112 | status=running
[UL Convergence] | phase=optimize | user=2 | block=1 | n_kl=80 | epoch=726/1000 | objective=1065.444580 | rate=13.520339 | power=29.999945 | r_p=12.192161 | r_c=1078.964893 | r_s=0.003765 | status=running
[UL Convergence] | phase=optimize | user=2 | block=1 | n_kl=80 | epoch=727/1000 | objective=1066.932495 | rate=13.520324 | power=29.999950 | r_p=12.192176 | r_c=1080.452733 | r_s=0.004540 | status=running
[UL Convergence] | phase=optimize | user=2 | block=1 | n_kl=80 | epoch=728/1000 | objective=1068.421631 | rate=13.520294 | power=29.999945 | r_p=12.192205 | r_c=1081.941848 | r_s=0.005438 | status=running
[UL Convergence] | phase=optimize | user=2 | block=1 | n_kl=80 | epoch=729/1000 | objective=1069.911255 | rate=13.520258 | power=29.999945 | r_p=12.192242 | r_c=1083.431567 | r_s=0.006514 | status=running
[UL Convergence] | phase=optimize | user=2 | block=1 | n_kl=80 | epoch=730/1000 | objective=1071.401855 | rate=13.520212 | power=29.999945 | r_p=12.192287 | r_c=1084.922148 | r_s=0.007758 | status=running
[UL Convergence] | phase=optimize | user=2 | block=1 | n_kl=80 | epoch=731/1000 | objective=1072.893799 | rate=13.520153 | power=29.999939 | r_p=12.192347 | r_c=1086.413935 | r_s=0.009050 | status=running
[UL Convergence] | phase=optimize | user=2 | block=1 | n_kl=80 | epoch=732/1000 | objective=1074.384644 | rate=13.520104 | power=29.999945 | r_p=12.192395 | r_c=1087.904808 | r_s=0.010173 | status=running
[UL Convergence] | phase=optimize | user=2 | block=1 | n_kl=80 | epoch=733/1000 | objective=1075.873657 | rate=13.520079 | power=29.999939 | r_p=12.192421 | r_c=1089.393654 | r_s=0.010878 | status=running
[UL Convergence] | phase=optimize | user=2 | block=1 | n_kl=80 | epoch=734/1000 | objective=1077.359009 | rate=13.520090 | power=29.999939 | r_p=12.192410 | r_c=1090.879181 | r_s=0.010963 | status=running
[UL Convergence] | phase=optimize | user=2 | block=1 | n_kl=80 | epoch=735/1000 | objective=1078.841675 | rate=13.520134 | power=29.999945 | r_p=12.192366 | r_c=1092.361799 | r_s=0.010432 | status=running
[UL Convergence] | phase=optimize | user=2 | block=1 | n_kl=80 | epoch=736/1000 | objective=1080.324829 | rate=13.520171 | power=29.999939 | r_p=12.192328 | r_c=1093.845000 | r_s=0.009581 | status=running
[UL Convergence] | phase=optimize | user=2 | block=1 | n_kl=80 | epoch=737/1000 | objective=1081.809937 | rate=13.520187 | power=29.999945 | r_p=12.192312 | r_c=1095.330072 | r_s=0.008954 | status=running
[UL Convergence] | phase=optimize | user=2 | block=1 | n_kl=80 | epoch=738/1000 | objective=1083.297241 | rate=13.520179 | power=29.999945 | r_p=12.192321 | r_c=1096.817369 | r_s=0.008860 | status=running
[UL Convergence] | phase=optimize | user=2 | block=1 | n_kl=80 | epoch=739/1000 | objective=1084.783325 | rate=13.520184 | power=29.999945 | r_p=12.192316 | r_c=1098.303467 | r_s=0.008884 | status=running
[UL Convergence] | phase=optimize | user=2 | block=1 | n_kl=80 | epoch=740/1000 | objective=1086.266968 | rate=13.520214 | power=29.999939 | r_p=12.192286 | r_c=1099.787240 | r_s=0.008430 | status=running
[UL Convergence] | phase=optimize | user=2 | block=1 | n_kl=80 | epoch=741/1000 | objective=1087.749634 | rate=13.520257 | power=29.999945 | r_p=12.192243 | r_c=1101.269881 | r_s=0.007498 | status=running
[UL Convergence] | phase=optimize | user=2 | block=1 | n_kl=80 | epoch=742/1000 | objective=1089.234009 | rate=13.520281 | power=29.999935 | r_p=12.192219 | r_c=1102.754233 | r_s=0.006574 | status=running
[UL Convergence] | phase=optimize | user=2 | block=1 | n_kl=80 | epoch=743/1000 | objective=1090.719360 | rate=13.520293 | power=29.999945 | r_p=12.192206 | r_c=1104.239612 | r_s=0.005940 | status=running
[UL Convergence] | phase=optimize | user=2 | block=1 | n_kl=80 | epoch=744/1000 | objective=1092.205200 | rate=13.520300 | power=29.999945 | r_p=12.192200 | r_c=1105.725506 | r_s=0.005609 | status=running
[UL Convergence] | phase=optimize | user=2 | block=1 | n_kl=80 | epoch=745/1000 | objective=1093.692139 | rate=13.520296 | power=29.999935 | r_p=12.192204 | r_c=1107.212349 | r_s=0.005549 | status=running
[UL Convergence] | phase=optimize | user=2 | block=1 | n_kl=80 | epoch=746/1000 | objective=1095.177734 | rate=13.520305 | power=29.999939 | r_p=12.192195 | r_c=1108.698067 | r_s=0.005470 | status=running
[UL Convergence] | phase=optimize | user=2 | block=1 | n_kl=80 | epoch=747/1000 | objective=1096.662598 | rate=13.520324 | power=29.999939 | r_p=12.192176 | r_c=1110.182826 | r_s=0.004968 | status=running
[UL Convergence] | phase=optimize | user=2 | block=1 | n_kl=80 | epoch=748/1000 | objective=1098.147339 | rate=13.520341 | power=29.999939 | r_p=12.192159 | r_c=1111.667753 | r_s=0.004200 | status=running
[UL Convergence] | phase=optimize | user=2 | block=1 | n_kl=80 | epoch=749/1000 | objective=1099.634888 | rate=13.520330 | power=29.999935 | r_p=12.192169 | r_c=1113.155198 | r_s=0.004105 | status=running
[UL Convergence] | phase=optimize | user=2 | block=1 | n_kl=80 | epoch=750/1000 | objective=1101.122559 | rate=13.520318 | power=29.999939 | r_p=12.192182 | r_c=1114.642821 | r_s=0.004756 | status=running
[UL Convergence] | phase=optimize | user=2 | block=1 | n_kl=80 | epoch=751/1000 | objective=1102.608765 | rate=13.520321 | power=29.999945 | r_p=12.192179 | r_c=1116.129052 | r_s=0.005046 | status=running
[UL Convergence] | phase=optimize | user=2 | block=1 | n_kl=80 | epoch=752/1000 | objective=1104.093262 | rate=13.520342 | power=29.999939 | r_p=12.192158 | r_c=1117.613621 | r_s=0.004428 | status=running
[UL Convergence] | phase=optimize | user=2 | block=1 | n_kl=80 | epoch=753/1000 | objective=1105.577881 | rate=13.520362 | power=29.999939 | r_p=12.192138 | r_c=1119.098270 | r_s=0.003215 | status=running
[UL Convergence] | phase=optimize | user=2 | block=1 | n_kl=80 | epoch=754/1000 | objective=1107.063843 | rate=13.520368 | power=29.999945 | r_p=12.192132 | r_c=1120.584226 | r_s=0.002446 | status=running
[UL Convergence] | phase=optimize | user=2 | block=1 | n_kl=80 | epoch=755/1000 | objective=1108.551514 | rate=13.520355 | power=29.999935 | r_p=12.192144 | r_c=1122.071848 | r_s=0.002795 | status=running
[UL Convergence] | phase=optimize | user=2 | block=1 | n_kl=80 | epoch=756/1000 | objective=1110.038330 | rate=13.520350 | power=29.999939 | r_p=12.192149 | r_c=1123.558771 | r_s=0.003376 | status=running
[UL Convergence] | phase=optimize | user=2 | block=1 | n_kl=80 | epoch=757/1000 | objective=1111.524658 | rate=13.520353 | power=29.999939 | r_p=12.192146 | r_c=1125.044992 | r_s=0.003553 | status=running
[UL Convergence] | phase=optimize | user=2 | block=1 | n_kl=80 | epoch=758/1000 | objective=1113.010742 | rate=13.520357 | power=29.999939 | r_p=12.192142 | r_c=1126.531124 | r_s=0.003239 | status=running
[UL Convergence] | phase=optimize | user=2 | block=1 | n_kl=80 | epoch=759/1000 | objective=1114.495972 | rate=13.520370 | power=29.999939 | r_p=12.192129 | r_c=1128.016372 | r_s=0.002671 | status=running
[UL Convergence] | phase=optimize | user=2 | block=1 | n_kl=80 | epoch=760/1000 | objective=1115.982422 | rate=13.520370 | power=29.999939 | r_p=12.192129 | r_c=1129.502853 | r_s=0.002324 | status=running
[UL Convergence] | phase=optimize | user=2 | block=1 | n_kl=80 | epoch=761/1000 | objective=1117.469849 | rate=13.520361 | power=29.999939 | r_p=12.192139 | r_c=1130.990217 | r_s=0.002517 | status=running
[UL Convergence] | phase=optimize | user=2 | block=1 | n_kl=80 | epoch=762/1000 | objective=1118.956421 | rate=13.520359 | power=29.999945 | r_p=12.192141 | r_c=1132.476877 | r_s=0.002811 | status=running
[UL Convergence] | phase=optimize | user=2 | block=1 | n_kl=80 | epoch=763/1000 | objective=1120.442993 | rate=13.520359 | power=29.999939 | r_p=12.192141 | r_c=1133.963360 | r_s=0.002785 | status=running
[UL Convergence] | phase=optimize | user=2 | block=1 | n_kl=80 | epoch=764/1000 | objective=1121.928711 | rate=13.520367 | power=29.999939 | r_p=12.192133 | r_c=1135.449132 | r_s=0.002491 | status=running
[UL Convergence] | phase=optimize | user=2 | block=1 | n_kl=80 | epoch=765/1000 | objective=1123.415283 | rate=13.520367 | power=29.999945 | r_p=12.192133 | r_c=1136.935613 | r_s=0.002285 | status=running
[UL Convergence] | phase=optimize | user=2 | block=1 | n_kl=80 | epoch=766/1000 | objective=1124.901611 | rate=13.520368 | power=29.999939 | r_p=12.192132 | r_c=1138.422005 | r_s=0.002397 | status=running
[UL Convergence] | phase=optimize | user=2 | block=1 | n_kl=80 | epoch=767/1000 | objective=1126.388428 | rate=13.520365 | power=29.999939 | r_p=12.192135 | r_c=1139.908754 | r_s=0.002620 | status=running
[UL Convergence] | phase=optimize | user=2 | block=1 | n_kl=80 | epoch=768/1000 | objective=1127.875244 | rate=13.520360 | power=29.999939 | r_p=12.192140 | r_c=1141.395682 | r_s=0.002802 | status=running
[UL Convergence] | phase=optimize | user=2 | block=1 | n_kl=80 | epoch=769/1000 | objective=1129.361938 | rate=13.520358 | power=29.999945 | r_p=12.192142 | r_c=1142.882343 | r_s=0.003037 | status=running
[UL Convergence] | phase=optimize | user=2 | block=1 | n_kl=80 | epoch=770/1000 | objective=1130.849609 | rate=13.520346 | power=29.999939 | r_p=12.192154 | r_c=1144.369990 | r_s=0.003486 | status=running
[UL Convergence] | phase=optimize | user=2 | block=1 | n_kl=80 | epoch=771/1000 | objective=1132.337891 | rate=13.520327 | power=29.999939 | r_p=12.192173 | r_c=1145.858269 | r_s=0.004206 | status=running
[UL Convergence] | phase=optimize | user=2 | block=1 | n_kl=80 | epoch=772/1000 | objective=1133.826782 | rate=13.520302 | power=29.999945 | r_p=12.192198 | r_c=1147.347093 | r_s=0.005172 | status=running
[UL Convergence] | phase=optimize | user=2 | block=1 | n_kl=80 | epoch=773/1000 | objective=1135.317261 | rate=13.520261 | power=29.999945 | r_p=12.192239 | r_c=1148.837454 | r_s=0.006367 | status=running
[UL Convergence] | phase=optimize | user=2 | block=1 | n_kl=80 | epoch=774/1000 | objective=1136.808228 | rate=13.520212 | power=29.999939 | r_p=12.192287 | r_c=1150.328550 | r_s=0.007748 | status=running
[UL Convergence] | phase=optimize | user=2 | block=1 | n_kl=80 | epoch=775/1000 | objective=1138.301880 | rate=13.520139 | power=29.999945 | r_p=12.192361 | r_c=1151.822006 | r_s=0.009216 | status=running
[UL Convergence] | phase=optimize | user=2 | block=1 | n_kl=80 | epoch=776/1000 | objective=1139.793823 | rate=13.520082 | power=29.999945 | r_p=12.192418 | r_c=1153.313955 | r_s=0.010550 | status=running
[UL Convergence] | phase=optimize | user=2 | block=1 | n_kl=80 | epoch=777/1000 | objective=1141.283569 | rate=13.520048 | power=29.999939 | r_p=12.192451 | r_c=1154.803667 | r_s=0.011407 | status=running
[UL Convergence] | phase=optimize | user=2 | block=1 | n_kl=80 | epoch=778/1000 | objective=1142.767334 | rate=13.520078 | power=29.999945 | r_p=12.192422 | r_c=1156.287422 | r_s=0.011427 | status=running
[UL Convergence] | phase=optimize | user=2 | block=1 | n_kl=80 | epoch=779/1000 | objective=1144.248291 | rate=13.520136 | power=29.999945 | r_p=12.192364 | r_c=1157.768449 | r_s=0.010481 | status=running
[UL Convergence] | phase=optimize | user=2 | block=1 | n_kl=80 | epoch=780/1000 | objective=1145.726807 | rate=13.520220 | power=29.999945 | r_p=12.192280 | r_c=1159.247007 | r_s=0.008847 | status=running
[UL Convergence] | phase=optimize | user=2 | block=1 | n_kl=80 | epoch=781/1000 | objective=1147.209351 | rate=13.520261 | power=29.999939 | r_p=12.192239 | r_c=1160.729620 | r_s=0.007297 | status=running
[UL Convergence] | phase=optimize | user=2 | block=1 | n_kl=80 | epoch=782/1000 | objective=1148.695923 | rate=13.520260 | power=29.999945 | r_p=12.192240 | r_c=1162.216218 | r_s=0.006751 | status=running
[UL Convergence] | phase=optimize | user=2 | block=1 | n_kl=80 | epoch=783/1000 | objective=1150.184814 | rate=13.520235 | power=29.999945 | r_p=12.192265 | r_c=1163.705091 | r_s=0.007281 | status=running
[UL Convergence] | phase=optimize | user=2 | block=1 | n_kl=80 | epoch=784/1000 | objective=1151.672363 | rate=13.520225 | power=29.999945 | r_p=12.192275 | r_c=1165.192607 | r_s=0.007820 | status=running
[UL Convergence] | phase=optimize | user=2 | block=1 | n_kl=80 | epoch=785/1000 | objective=1153.156860 | rate=13.520246 | power=29.999939 | r_p=12.192254 | r_c=1166.677115 | r_s=0.007594 | status=running
[UL Convergence] | phase=optimize | user=2 | block=1 | n_kl=80 | epoch=786/1000 | objective=1154.639771 | rate=13.520284 | power=29.999939 | r_p=12.192216 | r_c=1168.159971 | r_s=0.006624 | status=running
[UL Convergence] | phase=optimize | user=2 | block=1 | n_kl=80 | epoch=787/1000 | objective=1156.124023 | rate=13.520307 | power=29.999945 | r_p=12.192193 | r_c=1169.644276 | r_s=0.005626 | status=running
[UL Convergence] | phase=optimize | user=2 | block=1 | n_kl=80 | epoch=788/1000 | objective=1157.611206 | rate=13.520300 | power=29.999939 | r_p=12.192200 | r_c=1171.131413 | r_s=0.005469 | status=running
[UL Convergence] | phase=optimize | user=2 | block=1 | n_kl=80 | epoch=789/1000 | objective=1159.099487 | rate=13.520280 | power=29.999939 | r_p=12.192220 | r_c=1172.619837 | r_s=0.005956 | status=running
[UL Convergence] | phase=optimize | user=2 | block=1 | n_kl=80 | epoch=790/1000 | objective=1160.585205 | rate=13.520288 | power=29.999939 | r_p=12.192211 | r_c=1174.105513 | r_s=0.006153 | status=running
[UL Convergence] | phase=optimize | user=2 | block=1 | n_kl=80 | epoch=791/1000 | objective=1162.069214 | rate=13.520315 | power=29.999939 | r_p=12.192184 | r_c=1175.589438 | r_s=0.005548 | status=running
[UL Convergence] | phase=optimize | user=2 | block=1 | n_kl=80 | epoch=792/1000 | objective=1163.552612 | rate=13.520346 | power=29.999945 | r_p=12.192154 | r_c=1177.072985 | r_s=0.004339 | status=running
[UL Convergence] | phase=optimize | user=2 | block=1 | n_kl=80 | epoch=793/1000 | objective=1165.039551 | rate=13.520341 | power=29.999939 | r_p=12.192159 | r_c=1178.559932 | r_s=0.003475 | status=running
[UL Convergence] | phase=optimize | user=2 | block=1 | n_kl=80 | epoch=794/1000 | objective=1166.526245 | rate=13.520339 | power=29.999945 | r_p=12.192161 | r_c=1180.046604 | r_s=0.003746 | status=running
[UL Convergence] | phase=optimize | user=2 | block=1 | n_kl=80 | epoch=795/1000 | objective=1168.013794 | rate=13.520329 | power=29.999945 | r_p=12.192171 | r_c=1181.534109 | r_s=0.004338 | status=running
[UL Convergence] | phase=optimize | user=2 | block=1 | n_kl=80 | epoch=796/1000 | objective=1169.499146 | rate=13.520339 | power=29.999945 | r_p=12.192161 | r_c=1183.019581 | r_s=0.004317 | status=running
[UL Convergence] | phase=optimize | user=2 | block=1 | n_kl=80 | epoch=797/1000 | objective=1170.984009 | rate=13.520356 | power=29.999945 | r_p=12.192143 | r_c=1184.504401 | r_s=0.003566 | status=running
[UL Convergence] | phase=optimize | user=2 | block=1 | n_kl=80 | epoch=798/1000 | objective=1172.469604 | rate=13.520366 | power=29.999945 | r_p=12.192134 | r_c=1185.989957 | r_s=0.002617 | status=running
[UL Convergence] | phase=optimize | user=2 | block=1 | n_kl=80 | epoch=799/1000 | objective=1173.956177 | rate=13.520365 | power=29.999939 | r_p=12.192135 | r_c=1187.476531 | r_s=0.002409 | status=running
[UL Convergence] | phase=optimize | user=2 | block=1 | n_kl=80 | epoch=800/1000 | objective=1175.444092 | rate=13.520350 | power=29.999945 | r_p=12.192150 | r_c=1188.964501 | r_s=0.002930 | status=running
[UL Convergence] | phase=optimize | user=2 | block=1 | n_kl=80 | epoch=801/1000 | objective=1176.930054 | rate=13.520355 | power=29.999945 | r_p=12.192144 | r_c=1190.450427 | r_s=0.003317 | status=running
[UL Convergence] | phase=optimize | user=2 | block=1 | n_kl=80 | epoch=802/1000 | objective=1178.416748 | rate=13.520353 | power=29.999945 | r_p=12.192146 | r_c=1191.937098 | r_s=0.003272 | status=running
[UL Convergence] | phase=optimize | user=2 | block=1 | n_kl=80 | epoch=803/1000 | objective=1179.902344 | rate=13.520363 | power=29.999945 | r_p=12.192137 | r_c=1193.422649 | r_s=0.002950 | status=running
[UL Convergence] | phase=optimize | user=2 | block=1 | n_kl=80 | epoch=804/1000 | objective=1181.388916 | rate=13.520361 | power=29.999939 | r_p=12.192139 | r_c=1194.909318 | r_s=0.002684 | status=running
[UL Convergence] | phase=optimize | user=2 | block=1 | n_kl=80 | epoch=805/1000 | objective=1182.875244 | rate=13.520363 | power=29.999945 | r_p=12.192137 | r_c=1196.395613 | r_s=0.002676 | status=running
[UL Convergence] | phase=optimize | user=2 | block=1 | n_kl=80 | epoch=806/1000 | objective=1184.361694 | rate=13.520363 | power=29.999945 | r_p=12.192137 | r_c=1197.882095 | r_s=0.002794 | status=running
[UL Convergence] | phase=optimize | user=2 | block=1 | n_kl=80 | epoch=807/1000 | objective=1185.848755 | rate=13.520357 | power=29.999945 | r_p=12.192142 | r_c=1199.369140 | r_s=0.002811 | status=running
[UL Convergence] | phase=optimize | user=2 | block=1 | n_kl=80 | epoch=808/1000 | objective=1187.335083 | rate=13.520359 | power=29.999945 | r_p=12.192141 | r_c=1200.855435 | r_s=0.002692 | status=running
[UL Convergence] | phase=optimize | user=2 | block=1 | n_kl=80 | epoch=809/1000 | objective=1188.821289 | rate=13.520362 | power=29.999945 | r_p=12.192138 | r_c=1202.341636 | r_s=0.002579 | status=running
[UL Convergence] | phase=optimize | user=2 | block=1 | n_kl=80 | epoch=810/1000 | objective=1190.307495 | rate=13.520364 | power=29.999939 | r_p=12.192136 | r_c=1203.827930 | r_s=0.002634 | status=running
[UL Convergence] | phase=optimize | user=2 | block=1 | n_kl=80 | epoch=811/1000 | objective=1191.794556 | rate=13.520358 | power=29.999945 | r_p=12.192142 | r_c=1205.314977 | r_s=0.002818 | status=running
[UL Convergence] | phase=optimize | user=2 | block=1 | n_kl=80 | epoch=812/1000 | objective=1193.281128 | rate=13.520358 | power=29.999945 | r_p=12.192142 | r_c=1206.801460 | r_s=0.002990 | status=running
[UL Convergence] | phase=optimize | user=2 | block=1 | n_kl=80 | epoch=813/1000 | objective=1194.768188 | rate=13.520351 | power=29.999935 | r_p=12.192148 | r_c=1208.288605 | r_s=0.003099 | status=running
[UL Convergence] | phase=optimize | user=2 | block=1 | n_kl=80 | epoch=814/1000 | objective=1196.254272 | rate=13.520355 | power=29.999945 | r_p=12.192144 | r_c=1209.774711 | r_s=0.003235 | status=running
[UL Convergence] | phase=optimize | user=2 | block=1 | n_kl=80 | epoch=815/1000 | objective=1197.741577 | rate=13.520347 | power=29.999945 | r_p=12.192153 | r_c=1211.262048 | r_s=0.003522 | status=running
[UL Convergence] | phase=optimize | user=2 | block=1 | n_kl=80 | epoch=816/1000 | objective=1199.229248 | rate=13.520335 | power=29.999939 | r_p=12.192164 | r_c=1212.749672 | r_s=0.003994 | status=running
[UL Convergence] | phase=optimize | user=2 | block=1 | n_kl=80 | epoch=817/1000 | objective=1200.717407 | rate=13.520320 | power=29.999945 | r_p=12.192180 | r_c=1214.237681 | r_s=0.004592 | status=running
[UL Convergence] | phase=optimize | user=2 | block=1 | n_kl=80 | epoch=818/1000 | objective=1202.205322 | rate=13.520306 | power=29.999939 | r_p=12.192194 | r_c=1215.725600 | r_s=0.005274 | status=running
[UL Convergence] | phase=optimize | user=2 | block=1 | n_kl=80 | epoch=819/1000 | objective=1203.694580 | rate=13.520279 | power=29.999945 | r_p=12.192221 | r_c=1217.214761 | r_s=0.006043 | status=running
[UL Convergence] | phase=optimize | user=2 | block=1 | n_kl=80 | epoch=820/1000 | objective=1205.184570 | rate=13.520243 | power=29.999939 | r_p=12.192257 | r_c=1218.704886 | r_s=0.006937 | status=running
[UL Convergence] | phase=optimize | user=2 | block=1 | n_kl=80 | epoch=821/1000 | objective=1206.675415 | rate=13.520202 | power=29.999939 | r_p=12.192298 | r_c=1220.195502 | r_s=0.007952 | status=running
[UL Convergence] | phase=optimize | user=2 | block=1 | n_kl=80 | epoch=822/1000 | objective=1208.165771 | rate=13.520163 | power=29.999945 | r_p=12.192337 | r_c=1221.685941 | r_s=0.009007 | status=running
[UL Convergence] | phase=optimize | user=2 | block=1 | n_kl=80 | epoch=823/1000 | objective=1209.656738 | rate=13.520119 | power=29.999945 | r_p=12.192381 | r_c=1223.176873 | r_s=0.009933 | status=running
[UL Convergence] | phase=optimize | user=2 | block=1 | n_kl=80 | epoch=824/1000 | objective=1211.144165 | rate=13.520110 | power=29.999939 | r_p=12.192389 | r_c=1224.664276 | r_s=0.010477 | status=running
[UL Convergence] | phase=optimize | user=2 | block=1 | n_kl=80 | epoch=825/1000 | objective=1212.628296 | rate=13.520134 | power=29.999939 | r_p=12.192366 | r_c=1226.148422 | r_s=0.010360 | status=running
[UL Convergence] | phase=optimize | user=2 | block=1 | n_kl=80 | epoch=826/1000 | objective=1214.108154 | rate=13.520201 | power=29.999939 | r_p=12.192299 | r_c=1227.628238 | r_s=0.009368 | status=running
[UL Convergence] | phase=optimize | user=2 | block=1 | n_kl=80 | epoch=827/1000 | objective=1215.586182 | rate=13.520283 | power=29.999939 | r_p=12.192217 | r_c=1229.106492 | r_s=0.007464 | status=running
[UL Convergence] | phase=optimize | user=2 | block=1 | n_kl=80 | epoch=828/1000 | objective=1217.066040 | rate=13.520348 | power=29.999939 | r_p=12.192152 | r_c=1230.586448 | r_s=0.004948 | status=running
[UL Convergence] | phase=optimize | user=2 | block=1 | n_kl=80 | epoch=829/1000 | objective=1218.551025 | rate=13.520363 | power=29.999945 | r_p=12.192137 | r_c=1232.071392 | r_s=0.002683 | status=running
[UL Convergence] | phase=optimize | user=2 | block=1 | n_kl=80 | epoch=830/1000 | objective=1220.039673 | rate=13.520342 | power=29.999945 | r_p=12.192158 | r_c=1233.559996 | r_s=0.002894 | status=running
[UL Convergence] | phase=optimize | user=2 | block=1 | n_kl=80 | epoch=831/1000 | objective=1221.530029 | rate=13.520304 | power=29.999939 | r_p=12.192196 | r_c=1235.050348 | r_s=0.004656 | status=running
[UL Convergence] | phase=optimize | user=2 | block=1 | n_kl=80 | epoch=832/1000 | objective=1223.018921 | rate=13.520281 | power=29.999939 | r_p=12.192219 | r_c=1236.539165 | r_s=0.005943 | status=running
[UL Convergence] | phase=optimize | user=2 | block=1 | n_kl=80 | epoch=833/1000 | objective=1224.504639 | rate=13.520288 | power=29.999939 | r_p=12.192212 | r_c=1238.024990 | r_s=0.006304 | status=running
[UL Convergence] | phase=optimize | user=2 | block=1 | n_kl=80 | epoch=834/1000 | objective=1225.988525 | rate=13.520314 | power=29.999939 | r_p=12.192185 | r_c=1239.508775 | r_s=0.005714 | status=running
[UL Convergence] | phase=optimize | user=2 | block=1 | n_kl=80 | epoch=835/1000 | objective=1227.471558 | rate=13.520348 | power=29.999939 | r_p=12.192152 | r_c=1240.991872 | r_s=0.004439 | status=running
[UL Convergence] | phase=optimize | user=2 | block=1 | n_kl=80 | epoch=836/1000 | objective=1228.956665 | rate=13.520361 | power=29.999935 | r_p=12.192139 | r_c=1242.476997 | r_s=0.003017 | status=running
[UL Convergence] | phase=optimize | user=2 | block=1 | n_kl=80 | epoch=837/1000 | objective=1230.443237 | rate=13.520360 | power=29.999939 | r_p=12.192140 | r_c=1243.963576 | r_s=0.002444 | status=running
[UL Convergence] | phase=optimize | user=2 | block=1 | n_kl=80 | epoch=838/1000 | objective=1231.930786 | rate=13.520350 | power=29.999935 | r_p=12.192150 | r_c=1245.451131 | r_s=0.003052 | status=running
[UL Convergence] | phase=optimize | user=2 | block=1 | n_kl=80 | epoch=839/1000 | objective=1233.418213 | rate=13.520340 | power=29.999939 | r_p=12.192160 | r_c=1246.938591 | r_s=0.003785 | status=running
[UL Convergence] | phase=optimize | user=2 | block=1 | n_kl=80 | epoch=840/1000 | objective=1234.904297 | rate=13.520344 | power=29.999939 | r_p=12.192156 | r_c=1248.424688 | r_s=0.004043 | status=running
[UL Convergence] | phase=optimize | user=2 | block=1 | n_kl=80 | epoch=841/1000 | objective=1236.390259 | rate=13.520350 | power=29.999939 | r_p=12.192150 | r_c=1249.910588 | r_s=0.003731 | status=running
[UL Convergence] | phase=optimize | user=2 | block=1 | n_kl=80 | epoch=842/1000 | objective=1237.875610 | rate=13.520360 | power=29.999935 | r_p=12.192140 | r_c=1251.395997 | r_s=0.002994 | status=running
[UL Convergence] | phase=optimize | user=2 | block=1 | n_kl=80 | epoch=843/1000 | objective=1239.361084 | rate=13.520370 | power=29.999939 | r_p=12.192129 | r_c=1252.881401 | r_s=0.002180 | status=running
[UL Convergence] | phase=optimize | user=2 | block=1 | n_kl=80 | epoch=844/1000 | objective=1240.847412 | rate=13.520371 | power=29.999945 | r_p=12.192128 | r_c=1254.367783 | r_s=0.001855 | status=running
[UL Convergence] | phase=optimize | user=2 | block=1 | n_kl=80 | epoch=845/1000 | objective=1242.334717 | rate=13.520363 | power=29.999945 | r_p=12.192137 | r_c=1255.855147 | r_s=0.002227 | status=running
[UL Convergence] | phase=optimize | user=2 | block=1 | n_kl=80 | epoch=846/1000 | objective=1243.822144 | rate=13.520354 | power=29.999939 | r_p=12.192145 | r_c=1257.342515 | r_s=0.002755 | status=running
[UL Convergence] | phase=optimize | user=2 | block=1 | n_kl=80 | epoch=847/1000 | objective=1245.308716 | rate=13.520353 | power=29.999939 | r_p=12.192146 | r_c=1258.829097 | r_s=0.003059 | status=running
[UL Convergence] | phase=optimize | user=2 | block=1 | n_kl=80 | epoch=848/1000 | objective=1246.794556 | rate=13.520359 | power=29.999939 | r_p=12.192141 | r_c=1260.314990 | r_s=0.003038 | status=running
[UL Convergence] | phase=optimize | user=2 | block=1 | n_kl=80 | epoch=849/1000 | objective=1248.280640 | rate=13.520363 | power=29.999945 | r_p=12.192137 | r_c=1261.801078 | r_s=0.002723 | status=running
[UL Convergence] | phase=optimize | user=2 | block=1 | n_kl=80 | epoch=850/1000 | objective=1249.766724 | rate=13.520368 | power=29.999939 | r_p=12.192132 | r_c=1263.287066 | r_s=0.002245 | status=running
[UL Convergence] | phase=optimize | user=2 | block=1 | n_kl=80 | epoch=851/1000 | objective=1251.252197 | rate=13.520376 | power=29.999939 | r_p=12.192123 | r_c=1264.772656 | r_s=0.001815 | status=running
[UL Convergence] | phase=optimize | user=2 | block=1 | n_kl=80 | epoch=852/1000 | objective=1252.739014 | rate=13.520373 | power=29.999945 | r_p=12.192126 | r_c=1266.259432 | r_s=0.001673 | status=running
[UL Convergence] | phase=optimize | user=2 | block=1 | n_kl=80 | epoch=853/1000 | objective=1254.225952 | rate=13.520369 | power=29.999939 | r_p=12.192131 | r_c=1267.746408 | r_s=0.001853 | status=running
[UL Convergence] | phase=optimize | user=2 | block=1 | n_kl=80 | epoch=854/1000 | objective=1255.712402 | rate=13.520370 | power=29.999939 | r_p=12.192130 | r_c=1269.232789 | r_s=0.002165 | status=running
[UL Convergence] | phase=optimize | user=2 | block=1 | n_kl=80 | epoch=855/1000 | objective=1257.199341 | rate=13.520365 | power=29.999945 | r_p=12.192135 | r_c=1270.719766 | r_s=0.002460 | status=running
[UL Convergence] | phase=optimize | user=2 | block=1 | n_kl=80 | epoch=856/1000 | objective=1258.686646 | rate=13.520358 | power=29.999939 | r_p=12.192142 | r_c=1272.206944 | r_s=0.002715 | status=running
[UL Convergence] | phase=optimize | user=2 | block=1 | n_kl=80 | epoch=857/1000 | objective=1260.172974 | rate=13.520359 | power=29.999945 | r_p=12.192141 | r_c=1273.693328 | r_s=0.002979 | status=running
[UL Convergence] | phase=optimize | user=2 | block=1 | n_kl=80 | epoch=858/1000 | objective=1261.660645 | rate=13.520348 | power=29.999945 | r_p=12.192152 | r_c=1275.181008 | r_s=0.003350 | status=running
[UL Convergence] | phase=optimize | user=2 | block=1 | n_kl=80 | epoch=859/1000 | objective=1263.148193 | rate=13.520337 | power=29.999935 | r_p=12.192163 | r_c=1276.668592 | r_s=0.003905 | status=running
[UL Convergence] | phase=optimize | user=2 | block=1 | n_kl=80 | epoch=860/1000 | objective=1264.637207 | rate=13.520315 | power=29.999939 | r_p=12.192184 | r_c=1278.157380 | r_s=0.004702 | status=running
[UL Convergence] | phase=optimize | user=2 | block=1 | n_kl=80 | epoch=861/1000 | objective=1266.126343 | rate=13.520288 | power=29.999945 | r_p=12.192211 | r_c=1279.646676 | r_s=0.005740 | status=running
[UL Convergence] | phase=optimize | user=2 | block=1 | n_kl=80 | epoch=862/1000 | objective=1267.617554 | rate=13.520245 | power=29.999939 | r_p=12.192255 | r_c=1281.137786 | r_s=0.006993 | status=running
[UL Convergence] | phase=optimize | user=2 | block=1 | n_kl=80 | epoch=863/1000 | objective=1269.109985 | rate=13.520188 | power=29.999939 | r_p=12.192311 | r_c=1282.630216 | r_s=0.008364 | status=running
[UL Convergence] | phase=optimize | user=2 | block=1 | n_kl=80 | epoch=864/1000 | objective=1270.602661 | rate=13.520131 | power=29.999939 | r_p=12.192369 | r_c=1284.122767 | r_s=0.009669 | status=running
[UL Convergence] | phase=optimize | user=2 | block=1 | n_kl=80 | epoch=865/1000 | objective=1272.093140 | rate=13.520094 | power=29.999945 | r_p=12.192406 | r_c=1285.613227 | r_s=0.010635 | status=running
[UL Convergence] | phase=optimize | user=2 | block=1 | n_kl=80 | epoch=866/1000 | objective=1273.580322 | rate=13.520087 | power=29.999945 | r_p=12.192412 | r_c=1287.100479 | r_s=0.010986 | status=running
[UL Convergence] | phase=optimize | user=2 | block=1 | n_kl=80 | epoch=867/1000 | objective=1275.063354 | rate=13.520121 | power=29.999939 | r_p=12.192379 | r_c=1288.583501 | r_s=0.010642 | status=running
[UL Convergence] | phase=optimize | user=2 | block=1 | n_kl=80 | epoch=868/1000 | objective=1276.545776 | rate=13.520160 | power=29.999939 | r_p=12.192340 | r_c=1290.065905 | r_s=0.009823 | status=running
[UL Convergence] | phase=optimize | user=2 | block=1 | n_kl=80 | epoch=869/1000 | objective=1278.029541 | rate=13.520185 | power=29.999939 | r_p=12.192314 | r_c=1291.549709 | r_s=0.009046 | status=running
[UL Convergence] | phase=optimize | user=2 | block=1 | n_kl=80 | epoch=870/1000 | objective=1279.514771 | rate=13.520198 | power=29.999939 | r_p=12.192302 | r_c=1293.034919 | r_s=0.008671 | status=running
[UL Convergence] | phase=optimize | user=2 | block=1 | n_kl=80 | epoch=871/1000 | objective=1281.000488 | rate=13.520204 | power=29.999939 | r_p=12.192296 | r_c=1294.520834 | r_s=0.008580 | status=running
[UL Convergence] | phase=optimize | user=2 | block=1 | n_kl=80 | epoch=872/1000 | objective=1282.484131 | rate=13.520231 | power=29.999939 | r_p=12.192268 | r_c=1296.004415 | r_s=0.008283 | status=running
[UL Convergence] | phase=optimize | user=2 | block=1 | n_kl=80 | epoch=873/1000 | objective=1283.967041 | rate=13.520266 | power=29.999945 | r_p=12.192234 | r_c=1297.487275 | r_s=0.007400 | status=running
[UL Convergence] | phase=optimize | user=2 | block=1 | n_kl=80 | epoch=874/1000 | objective=1285.448364 | rate=13.520313 | power=29.999935 | r_p=12.192186 | r_c=1298.968701 | r_s=0.005968 | status=running
[UL Convergence] | phase=optimize | user=2 | block=1 | n_kl=80 | epoch=875/1000 | objective=1286.933228 | rate=13.520329 | power=29.999935 | r_p=12.192171 | r_c=1300.453567 | r_s=0.004616 | status=running
[UL Convergence] | phase=optimize | user=2 | block=1 | n_kl=80 | epoch=876/1000 | objective=1288.420410 | rate=13.520323 | power=29.999945 | r_p=12.192177 | r_c=1301.940669 | r_s=0.004383 | status=running
[UL Convergence] | phase=optimize | user=2 | block=1 | n_kl=80 | epoch=877/1000 | objective=1289.909058 | rate=13.520303 | power=29.999945 | r_p=12.192197 | r_c=1303.429301 | r_s=0.005190 | status=running
[UL Convergence] | phase=optimize | user=2 | block=1 | n_kl=80 | epoch=878/1000 | objective=1291.396851 | rate=13.520291 | power=29.999939 | r_p=12.192208 | r_c=1304.917023 | r_s=0.005880 | status=running
[UL Convergence] | phase=optimize | user=2 | block=1 | n_kl=80 | epoch=879/1000 | objective=1292.881714 | rate=13.520306 | power=29.999939 | r_p=12.192194 | r_c=1306.401990 | r_s=0.005808 | status=running
[UL Convergence] | phase=optimize | user=2 | block=1 | n_kl=80 | epoch=880/1000 | objective=1294.365112 | rate=13.520333 | power=29.999939 | r_p=12.192166 | r_c=1307.885519 | r_s=0.004974 | status=running
[UL Convergence] | phase=optimize | user=2 | block=1 | n_kl=80 | epoch=881/1000 | objective=1295.849976 | rate=13.520349 | power=29.999939 | r_p=12.192151 | r_c=1309.370369 | r_s=0.003812 | status=running
[UL Convergence] | phase=optimize | user=2 | block=1 | n_kl=80 | epoch=882/1000 | objective=1297.335571 | rate=13.520357 | power=29.999945 | r_p=12.192142 | r_c=1310.855932 | r_s=0.003077 | status=running
[UL Convergence] | phase=optimize | user=2 | block=1 | n_kl=80 | epoch=883/1000 | objective=1298.823242 | rate=13.520346 | power=29.999939 | r_p=12.192154 | r_c=1312.343647 | r_s=0.003248 | status=running
[UL Convergence] | phase=optimize | user=2 | block=1 | n_kl=80 | epoch=884/1000 | objective=1300.310547 | rate=13.520338 | power=29.999939 | r_p=12.192162 | r_c=1313.830955 | r_s=0.003778 | status=running
[UL Convergence] | phase=optimize | user=2 | block=1 | n_kl=80 | epoch=885/1000 | objective=1301.796997 | rate=13.520338 | power=29.999945 | r_p=12.192162 | r_c=1315.317443 | r_s=0.004075 | status=running
[UL Convergence] | phase=optimize | user=2 | block=1 | n_kl=80 | epoch=886/1000 | objective=1303.282715 | rate=13.520346 | power=29.999950 | r_p=12.192154 | r_c=1316.803107 | r_s=0.003929 | status=running
[UL Convergence] | phase=optimize | user=2 | block=1 | n_kl=80 | epoch=887/1000 | objective=1304.768066 | rate=13.520356 | power=29.999945 | r_p=12.192143 | r_c=1318.288459 | r_s=0.003365 | status=running
[UL Convergence] | phase=optimize | user=2 | block=1 | n_kl=80 | epoch=888/1000 | objective=1306.252808 | rate=13.520372 | power=29.999945 | r_p=12.192127 | r_c=1319.773188 | r_s=0.002594 | status=running
[UL Convergence] | phase=optimize | user=2 | block=1 | n_kl=80 | epoch=889/1000 | objective=1307.739014 | rate=13.520374 | power=29.999945 | r_p=12.192125 | r_c=1321.259461 | r_s=0.002075 | status=running
[UL Convergence] | phase=optimize | user=2 | block=1 | n_kl=80 | epoch=890/1000 | objective=1309.226562 | rate=13.520365 | power=29.999945 | r_p=12.192135 | r_c=1322.746975 | r_s=0.002221 | status=running
[UL Convergence] | phase=optimize | user=2 | block=1 | n_kl=80 | epoch=891/1000 | objective=1310.713623 | rate=13.520359 | power=29.999939 | r_p=12.192141 | r_c=1324.234078 | r_s=0.002664 | status=running
[UL Convergence] | phase=optimize | user=2 | block=1 | n_kl=80 | epoch=892/1000 | objective=1312.200684 | rate=13.520355 | power=29.999945 | r_p=12.192144 | r_c=1325.720976 | r_s=0.002911 | status=running
[UL Convergence] | phase=optimize | user=2 | block=1 | n_kl=80 | epoch=893/1000 | objective=1313.686279 | rate=13.520363 | power=29.999945 | r_p=12.192137 | r_c=1327.206629 | r_s=0.002807 | status=running
[UL Convergence] | phase=optimize | user=2 | block=1 | n_kl=80 | epoch=894/1000 | objective=1315.172607 | rate=13.520364 | power=29.999939 | r_p=12.192136 | r_c=1328.693007 | r_s=0.002433 | status=running
[UL Convergence] | phase=optimize | user=2 | block=1 | n_kl=80 | epoch=895/1000 | objective=1316.658325 | rate=13.520371 | power=29.999945 | r_p=12.192128 | r_c=1330.178656 | r_s=0.002012 | status=running
[UL Convergence] | phase=optimize | user=2 | block=1 | n_kl=80 | epoch=896/1000 | objective=1318.144653 | rate=13.520371 | power=29.999945 | r_p=12.192128 | r_c=1331.665136 | r_s=0.001780 | status=running
[UL Convergence] | phase=optimize | user=2 | block=1 | n_kl=80 | epoch=897/1000 | objective=1319.631470 | rate=13.520370 | power=29.999945 | r_p=12.192130 | r_c=1333.151825 | r_s=0.001792 | status=running
[UL Convergence] | phase=optimize | user=2 | block=1 | n_kl=80 | epoch=898/1000 | objective=1321.118042 | rate=13.520369 | power=29.999945 | r_p=12.192131 | r_c=1334.638409 | r_s=0.001896 | status=running
[UL Convergence] | phase=optimize | user=2 | block=1 | n_kl=80 | epoch=899/1000 | objective=1322.604248 | rate=13.520371 | power=29.999945 | r_p=12.192128 | r_c=1336.124576 | r_s=0.001959 | status=running
[UL Convergence] | phase=optimize | user=2 | block=1 | n_kl=80 | epoch=900/1000 | objective=1324.090942 | rate=13.520369 | power=29.999945 | r_p=12.192131 | r_c=1337.611370 | r_s=0.001955 | status=running
[UL Convergence] | phase=optimize | user=2 | block=1 | n_kl=80 | epoch=901/1000 | objective=1325.577271 | rate=13.520370 | power=29.999945 | r_p=12.192129 | r_c=1339.097641 | r_s=0.001916 | status=running
[UL Convergence] | phase=optimize | user=2 | block=1 | n_kl=80 | epoch=902/1000 | objective=1327.063354 | rate=13.520373 | power=29.999945 | r_p=12.192126 | r_c=1340.583807 | r_s=0.001899 | status=running
[UL Convergence] | phase=optimize | user=2 | block=1 | n_kl=80 | epoch=903/1000 | objective=1328.550781 | rate=13.520366 | power=29.999939 | r_p=12.192134 | r_c=1342.071126 | r_s=0.001943 | status=running
[UL Convergence] | phase=optimize | user=2 | block=1 | n_kl=80 | epoch=904/1000 | objective=1330.037231 | rate=13.520366 | power=29.999939 | r_p=12.192134 | r_c=1343.557607 | r_s=0.002074 | status=running
[UL Convergence] | phase=optimize | user=2 | block=1 | n_kl=80 | epoch=905/1000 | objective=1331.523560 | rate=13.520368 | power=29.999945 | r_p=12.192132 | r_c=1345.043878 | r_s=0.002321 | status=running
[UL Convergence] | phase=optimize | user=2 | block=1 | n_kl=80 | epoch=906/1000 | objective=1333.010864 | rate=13.520359 | power=29.999939 | r_p=12.192141 | r_c=1346.531307 | r_s=0.002738 | status=running
[UL Convergence] | phase=optimize | user=2 | block=1 | n_kl=80 | epoch=907/1000 | objective=1334.499390 | rate=13.520342 | power=29.999945 | r_p=12.192158 | r_c=1348.019688 | r_s=0.003401 | status=running
[UL Convergence] | phase=optimize | user=2 | block=1 | n_kl=80 | epoch=908/1000 | objective=1335.988159 | rate=13.520322 | power=29.999950 | r_p=12.192178 | r_c=1349.508392 | r_s=0.004370 | status=running
[UL Convergence] | phase=optimize | user=2 | block=1 | n_kl=80 | epoch=909/1000 | objective=1337.479370 | rate=13.520279 | power=29.999939 | r_p=12.192221 | r_c=1350.999639 | r_s=0.005700 | status=running
[UL Convergence] | phase=optimize | user=2 | block=1 | n_kl=80 | epoch=910/1000 | objective=1338.973267 | rate=13.520212 | power=29.999945 | r_p=12.192287 | r_c=1352.493547 | r_s=0.007431 | status=running
[UL Convergence] | phase=optimize | user=2 | block=1 | n_kl=80 | epoch=911/1000 | objective=1340.472046 | rate=13.520103 | power=29.999939 | r_p=12.192397 | r_c=1353.992245 | r_s=0.009564 | status=running
[UL Convergence] | phase=optimize | user=2 | block=1 | n_kl=80 | epoch=912/1000 | objective=1341.974243 | rate=13.519963 | power=29.999945 | r_p=12.192536 | r_c=1355.494270 | r_s=0.011957 | status=running
[UL Convergence] | phase=optimize | user=2 | block=1 | n_kl=80 | epoch=913/1000 | objective=1343.476807 | rate=13.519822 | power=29.999945 | r_p=12.192677 | r_c=1356.996558 | r_s=0.014207 | status=running
[UL Convergence] | phase=optimize | user=2 | block=1 | n_kl=80 | epoch=914/1000 | objective=1344.968628 | rate=13.519775 | power=29.999939 | r_p=12.192724 | r_c=1358.488379 | r_s=0.015548 | status=running
[UL Convergence] | phase=optimize | user=2 | block=1 | n_kl=80 | epoch=915/1000 | objective=1346.442505 | rate=13.519888 | power=29.999935 | r_p=12.192612 | r_c=1359.962452 | r_s=0.015022 | status=running
[UL Convergence] | phase=optimize | user=2 | block=1 | n_kl=80 | epoch=916/1000 | objective=1347.901733 | rate=13.520131 | power=29.999945 | r_p=12.192369 | r_c=1361.421895 | r_s=0.012087 | status=running
[UL Convergence] | phase=optimize | user=2 | block=1 | n_kl=80 | epoch=917/1000 | objective=1349.368774 | rate=13.520305 | power=29.999939 | r_p=12.192195 | r_c=1362.889031 | r_s=0.007501 | status=running
[UL Convergence] | phase=optimize | user=2 | block=1 | n_kl=80 | epoch=918/1000 | objective=1350.858032 | rate=13.520280 | power=29.999939 | r_p=12.192220 | r_c=1364.378302 | r_s=0.005112 | status=running
[UL Convergence] | phase=optimize | user=2 | block=1 | n_kl=80 | epoch=919/1000 | objective=1352.357788 | rate=13.520163 | power=29.999935 | r_p=12.192337 | r_c=1365.877946 | r_s=0.007823 | status=running
[UL Convergence] | phase=optimize | user=2 | block=1 | n_kl=80 | epoch=920/1000 | objective=1353.848633 | rate=13.520124 | power=29.999939 | r_p=12.192375 | r_c=1367.368755 | r_s=0.009885 | status=running
[UL Convergence] | phase=optimize | user=2 | block=1 | n_kl=80 | epoch=921/1000 | objective=1355.323730 | rate=13.520226 | power=29.999945 | r_p=12.192274 | r_c=1368.843945 | r_s=0.009103 | status=running
[UL Convergence] | phase=optimize | user=2 | block=1 | n_kl=80 | epoch=922/1000 | objective=1356.799927 | rate=13.520316 | power=29.999945 | r_p=12.192183 | r_c=1370.320278 | r_s=0.006178 | status=running
[UL Convergence] | phase=optimize | user=2 | block=1 | n_kl=80 | epoch=923/1000 | objective=1358.287964 | rate=13.520304 | power=29.999939 | r_p=12.192196 | r_c=1371.808166 | r_s=0.004526 | status=running
[UL Convergence] | phase=optimize | user=2 | block=1 | n_kl=80 | epoch=924/1000 | objective=1359.780518 | rate=13.520249 | power=29.999945 | r_p=12.192250 | r_c=1373.300786 | r_s=0.006243 | status=running
[UL Convergence] | phase=optimize | user=2 | block=1 | n_kl=80 | epoch=925/1000 | objective=1361.266602 | rate=13.520253 | power=29.999935 | r_p=12.192246 | r_c=1374.786865 | r_s=0.007251 | status=running
[UL Convergence] | phase=optimize | user=2 | block=1 | n_kl=80 | epoch=926/1000 | objective=1362.746948 | rate=13.520308 | power=29.999939 | r_p=12.192192 | r_c=1376.267238 | r_s=0.006192 | status=running
[UL Convergence] | phase=optimize | user=2 | block=1 | n_kl=80 | epoch=927/1000 | objective=1364.229492 | rate=13.520342 | power=29.999945 | r_p=12.192158 | r_c=1377.749853 | r_s=0.004221 | status=running
[UL Convergence] | phase=optimize | user=2 | block=1 | n_kl=80 | epoch=928/1000 | objective=1365.717651 | rate=13.520327 | power=29.999935 | r_p=12.192173 | r_c=1379.238067 | r_s=0.003905 | status=running
[UL Convergence] | phase=optimize | user=2 | block=1 | n_kl=80 | epoch=929/1000 | objective=1367.207275 | rate=13.520300 | power=29.999945 | r_p=12.192200 | r_c=1380.727582 | r_s=0.004968 | status=running
[UL Convergence] | phase=optimize | user=2 | block=1 | n_kl=80 | epoch=930/1000 | objective=1368.691772 | rate=13.520318 | power=29.999939 | r_p=12.192182 | r_c=1382.212025 | r_s=0.005300 | status=running
[UL Convergence] | phase=optimize | user=2 | block=1 | n_kl=80 | epoch=931/1000 | objective=1370.176025 | rate=13.520336 | power=29.999945 | r_p=12.192163 | r_c=1383.696461 | r_s=0.004641 | status=running
[UL Convergence] | phase=optimize | user=2 | block=1 | n_kl=80 | epoch=932/1000 | objective=1371.661255 | rate=13.520348 | power=29.999935 | r_p=12.192152 | r_c=1385.181650 | r_s=0.003644 | status=running
[UL Convergence] | phase=optimize | user=2 | block=1 | n_kl=80 | epoch=933/1000 | objective=1373.147827 | rate=13.520347 | power=29.999939 | r_p=12.192153 | r_c=1386.668244 | r_s=0.003200 | status=running
[UL Convergence] | phase=optimize | user=2 | block=1 | n_kl=80 | epoch=934/1000 | objective=1374.634766 | rate=13.520343 | power=29.999939 | r_p=12.192157 | r_c=1388.155164 | r_s=0.003526 | status=running
[UL Convergence] | phase=optimize | user=2 | block=1 | n_kl=80 | epoch=935/1000 | objective=1376.121460 | rate=13.520341 | power=29.999939 | r_p=12.192159 | r_c=1389.641868 | r_s=0.003874 | status=running
[UL Convergence] | phase=optimize | user=2 | block=1 | n_kl=80 | epoch=936/1000 | objective=1377.606934 | rate=13.520350 | power=29.999935 | r_p=12.192149 | r_c=1391.127267 | r_s=0.003638 | status=running
[UL Convergence] | phase=optimize | user=2 | block=1 | n_kl=80 | epoch=937/1000 | objective=1379.091919 | rate=13.520363 | power=29.999945 | r_p=12.192137 | r_c=1392.612336 | r_s=0.002858 | status=running
[UL Convergence] | phase=optimize | user=2 | block=1 | n_kl=80 | epoch=938/1000 | objective=1380.578613 | rate=13.520361 | power=29.999945 | r_p=12.192139 | r_c=1394.099036 | r_s=0.002397 | status=running
[UL Convergence] | phase=optimize | user=2 | block=1 | n_kl=80 | epoch=939/1000 | objective=1382.065918 | rate=13.520354 | power=29.999945 | r_p=12.192145 | r_c=1395.586283 | r_s=0.002816 | status=running
[UL Convergence] | phase=optimize | user=2 | block=1 | n_kl=80 | epoch=940/1000 | objective=1383.552002 | rate=13.520357 | power=29.999939 | r_p=12.192142 | r_c=1397.072439 | r_s=0.003133 | status=running
[UL Convergence] | phase=optimize | user=2 | block=1 | n_kl=80 | epoch=941/1000 | objective=1385.037109 | rate=13.520370 | power=29.999939 | r_p=12.192130 | r_c=1398.557500 | r_s=0.002755 | status=running
[UL Convergence] | phase=optimize | user=2 | block=1 | n_kl=80 | epoch=942/1000 | objective=1386.523926 | rate=13.520367 | power=29.999939 | r_p=12.192133 | r_c=1400.044309 | r_s=0.002080 | status=running
[UL Convergence] | phase=optimize | user=2 | block=1 | n_kl=80 | epoch=943/1000 | objective=1388.010498 | rate=13.520366 | power=29.999939 | r_p=12.192134 | r_c=1401.530900 | r_s=0.002054 | status=running
[UL Convergence] | phase=optimize | user=2 | block=1 | n_kl=80 | epoch=944/1000 | objective=1389.496704 | rate=13.520369 | power=29.999935 | r_p=12.192131 | r_c=1403.017052 | r_s=0.002410 | status=running
[UL Convergence] | phase=optimize | user=2 | block=1 | n_kl=80 | epoch=945/1000 | objective=1390.983521 | rate=13.520365 | power=29.999935 | r_p=12.192135 | r_c=1404.503972 | r_s=0.002329 | status=running
[UL Convergence] | phase=optimize | user=2 | block=1 | n_kl=80 | epoch=946/1000 | objective=1392.469238 | rate=13.520372 | power=29.999945 | r_p=12.192127 | r_c=1405.989574 | r_s=0.001833 | status=running
[UL Convergence] | phase=optimize | user=2 | block=1 | n_kl=80 | epoch=947/1000 | objective=1393.955811 | rate=13.520370 | power=29.999939 | r_p=12.192129 | r_c=1407.476274 | r_s=0.001576 | status=running
[UL Convergence] | phase=optimize | user=2 | block=1 | n_kl=80 | epoch=948/1000 | objective=1395.442383 | rate=13.520370 | power=29.999945 | r_p=12.192129 | r_c=1408.962754 | r_s=0.001784 | status=running
[UL Convergence] | phase=optimize | user=2 | block=1 | n_kl=80 | epoch=949/1000 | objective=1396.928589 | rate=13.520372 | power=29.999939 | r_p=12.192127 | r_c=1410.449013 | r_s=0.001866 | status=running
[UL Convergence] | phase=optimize | user=2 | block=1 | n_kl=80 | epoch=950/1000 | objective=1398.415527 | rate=13.520370 | power=29.999945 | r_p=12.192130 | r_c=1411.935824 | r_s=0.001667 | status=running
[UL Convergence] | phase=optimize | user=2 | block=1 | n_kl=80 | epoch=951/1000 | objective=1399.901245 | rate=13.520375 | power=29.999945 | r_p=12.192124 | r_c=1413.421641 | r_s=0.001511 | status=running
[UL Convergence] | phase=optimize | user=2 | block=1 | n_kl=80 | epoch=952/1000 | objective=1401.387695 | rate=13.520376 | power=29.999945 | r_p=12.192123 | r_c=1414.908010 | r_s=0.001572 | status=running
[UL Convergence] | phase=optimize | user=2 | block=1 | n_kl=80 | epoch=953/1000 | objective=1402.874146 | rate=13.520376 | power=29.999939 | r_p=12.192123 | r_c=1416.394488 | r_s=0.001576 | status=running
[UL Convergence] | phase=optimize | user=2 | block=1 | n_kl=80 | epoch=954/1000 | objective=1404.360596 | rate=13.520376 | power=29.999945 | r_p=12.192123 | r_c=1417.880967 | r_s=0.001403 | status=running
[UL Convergence] | phase=optimize | user=2 | block=1 | n_kl=80 | epoch=955/1000 | objective=1405.847412 | rate=13.520373 | power=29.999945 | r_p=12.192126 | r_c=1419.367779 | r_s=0.001261 | status=running
[UL Convergence] | phase=optimize | user=2 | block=1 | n_kl=80 | epoch=956/1000 | objective=1407.333374 | rate=13.520377 | power=29.999945 | r_p=12.192122 | r_c=1420.853814 | r_s=0.001296 | status=running
[UL Convergence] | phase=optimize | user=2 | block=1 | n_kl=80 | epoch=957/1000 | objective=1408.820312 | rate=13.520374 | power=29.999935 | r_p=12.192125 | r_c=1422.340626 | r_s=0.001314 | status=running
[UL Convergence] | phase=optimize | user=2 | block=1 | n_kl=80 | epoch=958/1000 | objective=1410.306519 | rate=13.520376 | power=29.999939 | r_p=12.192123 | r_c=1423.826882 | r_s=0.001165 | status=running
[UL Convergence] | phase=optimize | user=2 | block=1 | n_kl=80 | epoch=959/1000 | objective=1411.792603 | rate=13.520380 | power=29.999945 | r_p=12.192120 | r_c=1425.312915 | r_s=9.833354e-04 | status=running
[UL Convergence] | phase=optimize | user=2 | block=1 | n_kl=80 | epoch=960/1000 | objective=1413.279175 | rate=13.520378 | power=29.999939 | r_p=12.192122 | r_c=1426.799616 | r_s=9.921672e-04 | status=running
[UL Convergence] | phase=optimize | user=2 | block=1 | n_kl=80 | epoch=961/1000 | objective=1414.766235 | rate=13.520374 | power=29.999939 | r_p=12.192125 | r_c=1428.286541 | r_s=0.001108 | status=running
[UL Convergence] | phase=optimize | user=2 | block=1 | n_kl=80 | epoch=962/1000 | objective=1416.252319 | rate=13.520377 | power=29.999939 | r_p=12.192122 | r_c=1429.772685 | r_s=0.001127 | status=running
[UL Convergence] | phase=optimize | user=2 | block=1 | n_kl=80 | epoch=963/1000 | objective=1417.738647 | rate=13.520378 | power=29.999945 | r_p=12.192122 | r_c=1431.259052 | r_s=0.001040 | status=running
[UL Convergence] | phase=optimize | user=2 | block=1 | n_kl=80 | epoch=964/1000 | objective=1419.225098 | rate=13.520378 | power=29.999945 | r_p=12.192122 | r_c=1432.745530 | r_s=9.696154e-04 | status=running
[UL Convergence] | phase=optimize | user=2 | block=1 | n_kl=80 | epoch=965/1000 | objective=1420.711304 | rate=13.520381 | power=29.999945 | r_p=12.192119 | r_c=1434.231672 | r_s=0.001001 | status=running
[UL Convergence] | phase=optimize | user=2 | block=1 | n_kl=80 | epoch=966/1000 | objective=1422.198486 | rate=13.520375 | power=29.999939 | r_p=12.192124 | r_c=1435.718823 | r_s=0.001092 | status=running
[UL Convergence] | phase=optimize | user=2 | block=1 | n_kl=80 | epoch=967/1000 | objective=1423.684448 | rate=13.520379 | power=29.999945 | r_p=12.192121 | r_c=1437.204852 | r_s=0.001205 | status=running
[UL Convergence] | phase=optimize | user=2 | block=1 | n_kl=80 | epoch=968/1000 | objective=1425.171265 | rate=13.520376 | power=29.999945 | r_p=12.192123 | r_c=1438.691668 | r_s=0.001356 | status=running
[UL Convergence] | phase=optimize | user=2 | block=1 | n_kl=80 | epoch=969/1000 | objective=1426.657715 | rate=13.520376 | power=29.999935 | r_p=12.192123 | r_c=1440.178147 | r_s=0.001563 | status=running
[UL Convergence] | phase=optimize | user=2 | block=1 | n_kl=80 | epoch=970/1000 | objective=1428.145508 | rate=13.520366 | power=29.999939 | r_p=12.192134 | r_c=1441.665866 | r_s=0.001849 | status=running
[UL Convergence] | phase=optimize | user=2 | block=1 | n_kl=80 | epoch=971/1000 | objective=1429.631470 | rate=13.520370 | power=29.999945 | r_p=12.192130 | r_c=1443.151896 | r_s=0.002263 | status=running
[UL Convergence] | phase=optimize | user=2 | block=1 | n_kl=80 | epoch=972/1000 | objective=1431.119385 | rate=13.520358 | power=29.999939 | r_p=12.192142 | r_c=1444.639732 | r_s=0.002864 | status=running
[UL Convergence] | phase=optimize | user=2 | block=1 | n_kl=80 | epoch=973/1000 | objective=1432.608398 | rate=13.520336 | power=29.999935 | r_p=12.192163 | r_c=1446.128817 | r_s=0.003687 | status=running
[UL Convergence] | phase=optimize | user=2 | block=1 | n_kl=80 | epoch=974/1000 | objective=1434.098511 | rate=13.520308 | power=29.999939 | r_p=12.192192 | r_c=1447.618702 | r_s=0.004760 | status=running
[UL Convergence] | phase=optimize | user=2 | block=1 | n_kl=80 | epoch=975/1000 | objective=1435.589722 | rate=13.520267 | power=29.999935 | r_p=12.192232 | r_c=1449.109958 | r_s=0.006123 | status=running
[UL Convergence] | phase=optimize | user=2 | block=1 | n_kl=80 | epoch=976/1000 | objective=1437.085083 | rate=13.520194 | power=29.999939 | r_p=12.192306 | r_c=1450.605201 | r_s=0.007805 | status=running
[UL Convergence] | phase=optimize | user=2 | block=1 | n_kl=80 | epoch=977/1000 | objective=1438.583374 | rate=13.520096 | power=29.999939 | r_p=12.192404 | r_c=1452.103423 | r_s=0.009739 | status=running
[UL Convergence] | phase=optimize | user=2 | block=1 | n_kl=80 | epoch=978/1000 | objective=1440.081909 | rate=13.519995 | power=29.999945 | r_p=12.192505 | r_c=1453.602022 | r_s=0.011687 | status=running
[UL Convergence] | phase=optimize | user=2 | block=1 | n_kl=80 | epoch=979/1000 | objective=1441.577515 | rate=13.519920 | power=29.999945 | r_p=12.192579 | r_c=1455.097471 | r_s=0.013166 | status=running
[UL Convergence] | phase=optimize | user=2 | block=1 | n_kl=80 | epoch=980/1000 | objective=1443.062744 | rate=13.519932 | power=29.999945 | r_p=12.192568 | r_c=1456.582694 | r_s=0.013583 | status=running
[UL Convergence] | phase=optimize | user=2 | block=1 | n_kl=80 | epoch=981/1000 | objective=1444.535645 | rate=13.520045 | power=29.999939 | r_p=12.192454 | r_c=1458.055709 | r_s=0.012540 | status=running
[UL Convergence] | phase=optimize | user=2 | block=1 | n_kl=80 | epoch=982/1000 | objective=1446.004761 | rate=13.520190 | power=29.999945 | r_p=12.192309 | r_c=1459.524916 | r_s=0.010174 | status=running
[UL Convergence] | phase=optimize | user=2 | block=1 | n_kl=80 | epoch=983/1000 | objective=1447.482422 | rate=13.520264 | power=29.999939 | r_p=12.192236 | r_c=1461.002640 | r_s=0.007583 | status=running
[UL Convergence] | phase=optimize | user=2 | block=1 | n_kl=80 | epoch=984/1000 | objective=1448.970459 | rate=13.520250 | power=29.999939 | r_p=12.192249 | r_c=1462.490748 | r_s=0.006650 | status=running
[UL Convergence] | phase=optimize | user=2 | block=1 | n_kl=80 | epoch=985/1000 | objective=1450.462524 | rate=13.520204 | power=29.999939 | r_p=12.192296 | r_c=1463.982869 | r_s=0.007677 | status=running
[UL Convergence] | phase=optimize | user=2 | block=1 | n_kl=80 | epoch=986/1000 | objective=1451.950928 | rate=13.520189 | power=29.999945 | r_p=12.192310 | r_c=1465.471109 | r_s=0.008595 | status=running
[UL Convergence] | phase=optimize | user=2 | block=1 | n_kl=80 | epoch=987/1000 | objective=1453.433960 | rate=13.520218 | power=29.999945 | r_p=12.192282 | r_c=1466.954191 | r_s=0.008362 | status=running
[UL Convergence] | phase=optimize | user=2 | block=1 | n_kl=80 | epoch=988/1000 | objective=1454.916138 | rate=13.520253 | power=29.999939 | r_p=12.192246 | r_c=1468.436458 | r_s=0.007440 | status=running
[UL Convergence] | phase=optimize | user=2 | block=1 | n_kl=80 | epoch=989/1000 | objective=1456.401978 | rate=13.520259 | power=29.999945 | r_p=12.192241 | r_c=1469.922277 | r_s=0.006854 | status=running
[UL Convergence] | phase=optimize | user=2 | block=1 | n_kl=80 | epoch=990/1000 | objective=1457.887939 | rate=13.520264 | power=29.999939 | r_p=12.192236 | r_c=1471.408209 | r_s=0.006773 | status=running
[UL Convergence] | phase=optimize | user=2 | block=1 | n_kl=80 | epoch=991/1000 | objective=1459.370972 | rate=13.520292 | power=29.999939 | r_p=12.192207 | r_c=1472.891259 | r_s=0.006257 | status=running
[UL Convergence] | phase=optimize | user=2 | block=1 | n_kl=80 | epoch=992/1000 | objective=1460.853027 | rate=13.520329 | power=29.999939 | r_p=12.192171 | r_c=1474.373376 | r_s=0.004997 | status=running
[UL Convergence] | phase=optimize | user=2 | block=1 | n_kl=80 | epoch=993/1000 | objective=1462.338989 | rate=13.520332 | power=29.999939 | r_p=12.192167 | r_c=1475.859404 | r_s=0.004182 | status=running
[UL Convergence] | phase=optimize | user=2 | block=1 | n_kl=80 | epoch=994/1000 | objective=1463.828003 | rate=13.520313 | power=29.999939 | r_p=12.192186 | r_c=1477.348205 | r_s=0.004754 | status=running
[UL Convergence] | phase=optimize | user=2 | block=1 | n_kl=80 | epoch=995/1000 | objective=1465.314819 | rate=13.520309 | power=29.999945 | r_p=12.192190 | r_c=1478.835162 | r_s=0.005316 | status=running
[UL Convergence] | phase=optimize | user=2 | block=1 | n_kl=80 | epoch=996/1000 | objective=1466.798950 | rate=13.520329 | power=29.999935 | r_p=12.192171 | r_c=1480.319341 | r_s=0.004790 | status=running
[UL Convergence] | phase=optimize | user=2 | block=1 | n_kl=80 | epoch=997/1000 | objective=1468.282471 | rate=13.520352 | power=29.999939 | r_p=12.192147 | r_c=1481.802934 | r_s=0.003577 | status=running
[UL Convergence] | phase=optimize | user=2 | block=1 | n_kl=80 | epoch=998/1000 | objective=1469.769653 | rate=13.520348 | power=29.999939 | r_p=12.192152 | r_c=1483.289998 | r_s=0.003336 | status=running
[UL Convergence] | phase=optimize | user=2 | block=1 | n_kl=80 | epoch=999/1000 | objective=1471.257935 | rate=13.520332 | power=29.999945 | r_p=12.192167 | r_c=1484.778342 | r_s=0.004177 | status=running
[UL Convergence] | phase=optimize | user=2 | block=1 | n_kl=80 | epoch=1000/1000 | objective=1472.743896 | rate=13.520337 | power=29.999939 | r_p=12.192163 | r_c=1486.264250 | r_s=0.004420 | status=running
[UL Convergence Result] | user=2 | block=1 | n_kl=80 | achieved_rate=13.520381 | power=29.999945 | rate_gap=12.192119 | power_gap=-5.531311e-05 | solve_status=max_epochs_best_primal
[UL Convergence Allocation] | user=2 | block=1 | n_kl=80 | requested_bits=2057 | served_bits=1081 | full_service=false
[UL Convergence Block] | user=2 | block=1 | stage=post_T | served_bits=1081 | remaining_bits=976
[UL Convergence Reduction] | user=2 | block=1 | served_bits=1081 | n_start=79 | n_min=1
[UL Convergence Reduction] | user=2 | block=1 | n_kl=79 | status=stop_partial_payload
[UL Convergence Final] | user=2 | block=1 | feasible_points=1 | chosen_n_kl=80 | served_bits=1081 | achieved_rate=13.520381 | power=29.999945 | solve_status=max_epochs_best_primal
[UL Convergence Allocation] | user=2 | block=1 | chosen_n_kl=80 | served_bits=1081 | committed_bits=1081 | remaining_bits=976
[UL Convergence Train] | user=2 | block=2 | remaining_bits=976
[UL Convergence Block] | user=2 | block=2 | budget_mode=B_rem | requested_bits=976
[UL Convergence Solve] | user=2 | block=2 | stage=n=T | n_kl=80 | requested_bits=976
[UL Convergence] | phase=optimize | user=2 | block=2 | n_kl=80 | epoch=1/1000 | objective=-12.886586 | rate=12.885900 | power=29.999945 | r_p=0.000000 | r_c=0.000000 | r_s=inf | status=running
[UL Convergence] | phase=optimize | user=2 | block=2 | n_kl=80 | epoch=2/1000 | objective=-12.906157 | rate=12.905452 | power=29.999945 | r_p=0.000000 | r_c=0.000000 | r_s=0.076119 | status=running
[UL Convergence] | phase=optimize | user=2 | block=2 | n_kl=80 | epoch=3/1000 | objective=-12.907584 | rate=12.906878 | power=29.999945 | r_p=0.000000 | r_c=0.000000 | r_s=0.044665 | status=running
[UL Convergence] | phase=optimize | user=2 | block=2 | n_kl=80 | epoch=4/1000 | objective=-12.904176 | rate=12.903472 | power=29.999935 | r_p=0.000000 | r_c=0.000000 | r_s=0.029499 | status=running
[UL Convergence] | phase=optimize | user=2 | block=2 | n_kl=80 | epoch=5/1000 | objective=-12.904391 | rate=12.903687 | power=29.999945 | r_p=0.000000 | r_c=0.000000 | r_s=0.019498 | status=running
[UL Convergence] | phase=optimize | user=2 | block=2 | n_kl=80 | epoch=6/1000 | objective=-12.909829 | rate=12.909120 | power=29.999945 | r_p=0.000000 | r_c=0.000000 | r_s=0.017133 | status=running
[UL Convergence] | phase=optimize | user=2 | block=2 | n_kl=80 | epoch=7/1000 | objective=-12.915328 | rate=12.914614 | power=29.999939 | r_p=0.000000 | r_c=0.000000 | r_s=0.019689 | status=running
[UL Convergence] | phase=optimize | user=2 | block=2 | n_kl=80 | epoch=8/1000 | objective=-12.916460 | rate=12.915744 | power=29.999939 | r_p=0.000000 | r_c=0.000000 | r_s=0.020075 | status=running
[UL Convergence] | phase=optimize | user=2 | block=2 | n_kl=80 | epoch=9/1000 | objective=-12.913617 | rate=12.912904 | power=29.999945 | r_p=0.000000 | r_c=0.000000 | r_s=0.016448 | status=running
[UL Convergence] | phase=optimize | user=2 | block=2 | n_kl=80 | epoch=10/1000 | objective=-12.911098 | rate=12.910387 | power=29.999935 | r_p=0.000000 | r_c=0.000000 | r_s=0.010230 | status=running
[UL Convergence] | phase=optimize | user=2 | block=2 | n_kl=80 | epoch=11/1000 | objective=-12.911838 | rate=12.911126 | power=29.999939 | r_p=0.000000 | r_c=0.000000 | r_s=0.007179 | status=running
[UL Convergence] | phase=optimize | user=2 | block=2 | n_kl=80 | epoch=12/1000 | objective=-12.914712 | rate=12.913998 | power=29.999945 | r_p=0.000000 | r_c=0.000000 | r_s=0.010370 | status=running
[UL Convergence] | phase=optimize | user=2 | block=2 | n_kl=80 | epoch=13/1000 | objective=-12.916959 | rate=12.916243 | power=29.999945 | r_p=0.000000 | r_c=0.000000 | r_s=0.012929 | status=running
[UL Convergence] | phase=optimize | user=2 | block=2 | n_kl=80 | epoch=14/1000 | objective=-12.917268 | rate=12.916552 | power=29.999939 | r_p=0.000000 | r_c=0.000000 | r_s=0.012683 | status=running
[UL Convergence] | phase=optimize | user=2 | block=2 | n_kl=80 | epoch=15/1000 | objective=-12.916353 | rate=12.915638 | power=29.999935 | r_p=0.000000 | r_c=0.000000 | r_s=0.010349 | status=running
[UL Convergence] | phase=optimize | user=2 | block=2 | n_kl=80 | epoch=16/1000 | objective=-12.915487 | rate=12.914773 | power=29.999935 | r_p=0.000000 | r_c=0.000000 | r_s=0.007772 | status=running
[UL Convergence] | phase=optimize | user=2 | block=2 | n_kl=80 | epoch=17/1000 | objective=-12.915271 | rate=12.914557 | power=29.999939 | r_p=0.000000 | r_c=0.000000 | r_s=0.006399 | status=running
[UL Convergence] | phase=optimize | user=2 | block=2 | n_kl=80 | epoch=18/1000 | objective=-12.915707 | rate=12.914991 | power=29.999945 | r_p=0.000000 | r_c=0.000000 | r_s=0.006219 | status=running
[UL Convergence] | phase=optimize | user=2 | block=2 | n_kl=80 | epoch=19/1000 | objective=-12.916560 | rate=12.915844 | power=29.999939 | r_p=0.000000 | r_c=0.000000 | r_s=0.006623 | status=running
[UL Convergence] | phase=optimize | user=2 | block=2 | n_kl=80 | epoch=20/1000 | objective=-12.917449 | rate=12.916732 | power=29.999939 | r_p=0.000000 | r_c=0.000000 | r_s=0.007426 | status=running
[UL Convergence] | phase=optimize | user=2 | block=2 | n_kl=80 | epoch=21/1000 | objective=-12.917871 | rate=12.917154 | power=29.999939 | r_p=0.000000 | r_c=0.000000 | r_s=0.008040 | status=running
[UL Convergence] | phase=optimize | user=2 | block=2 | n_kl=80 | epoch=22/1000 | objective=-12.917587 | rate=12.916870 | power=29.999945 | r_p=0.000000 | r_c=0.000000 | r_s=0.007613 | status=running
[UL Convergence] | phase=optimize | user=2 | block=2 | n_kl=80 | epoch=23/1000 | objective=-12.916958 | rate=12.916242 | power=29.999945 | r_p=0.000000 | r_c=0.000000 | r_s=0.005893 | status=running
[UL Convergence] | phase=optimize | user=2 | block=2 | n_kl=80 | epoch=24/1000 | objective=-12.916629 | rate=12.915913 | power=29.999945 | r_p=0.000000 | r_c=0.000000 | r_s=0.003679 | status=running
[UL Convergence] | phase=optimize | user=2 | block=2 | n_kl=80 | epoch=25/1000 | objective=-12.916924 | rate=12.916208 | power=29.999945 | r_p=0.000000 | r_c=0.000000 | r_s=0.003269 | status=running
[UL Convergence] | phase=optimize | user=2 | block=2 | n_kl=80 | epoch=26/1000 | objective=-12.917577 | rate=12.916860 | power=29.999939 | r_p=0.000000 | r_c=0.000000 | r_s=0.004773 | status=running
[UL Convergence] | phase=optimize | user=2 | block=2 | n_kl=80 | epoch=27/1000 | objective=-12.918077 | rate=12.917359 | power=29.999939 | r_p=0.000000 | r_c=0.000000 | r_s=0.005912 | status=running
[UL Convergence] | phase=optimize | user=2 | block=2 | n_kl=80 | epoch=28/1000 | objective=-12.918127 | rate=12.917410 | power=29.999945 | r_p=0.000000 | r_c=0.000000 | r_s=0.006073 | status=running
[UL Convergence] | phase=optimize | user=2 | block=2 | n_kl=80 | epoch=29/1000 | objective=-12.917816 | rate=12.917099 | power=29.999945 | r_p=0.000000 | r_c=0.000000 | r_s=0.005232 | status=running
[UL Convergence] | phase=optimize | user=2 | block=2 | n_kl=80 | epoch=30/1000 | objective=-12.917480 | rate=12.916762 | power=29.999945 | r_p=0.000000 | r_c=0.000000 | r_s=0.003567 | status=running
[UL Convergence] | phase=optimize | user=2 | block=2 | n_kl=80 | epoch=31/1000 | objective=-12.917448 | rate=12.916731 | power=29.999945 | r_p=0.000000 | r_c=0.000000 | r_s=0.002121 | status=running
[UL Convergence] | phase=optimize | user=2 | block=2 | n_kl=80 | epoch=32/1000 | objective=-12.917728 | rate=12.917011 | power=29.999939 | r_p=0.000000 | r_c=0.000000 | r_s=0.002972 | status=running
[UL Convergence] | phase=optimize | user=2 | block=2 | n_kl=80 | epoch=33/1000 | objective=-12.918068 | rate=12.917351 | power=29.999945 | r_p=0.000000 | r_c=0.000000 | r_s=0.004294 | status=running
[UL Convergence] | phase=optimize | user=2 | block=2 | n_kl=80 | epoch=34/1000 | objective=-12.918204 | rate=12.917487 | power=29.999939 | r_p=0.000000 | r_c=0.000000 | r_s=0.004692 | status=running
[UL Convergence] | phase=optimize | user=2 | block=2 | n_kl=80 | epoch=35/1000 | objective=-12.918112 | rate=12.917395 | power=29.999945 | r_p=0.000000 | r_c=0.000000 | r_s=0.004142 | status=running
[UL Convergence] | phase=optimize | user=2 | block=2 | n_kl=80 | epoch=36/1000 | objective=-12.917956 | rate=12.917239 | power=29.999939 | r_p=0.000000 | r_c=0.000000 | r_s=0.003160 | status=running
[UL Convergence] | phase=optimize | user=2 | block=2 | n_kl=80 | epoch=37/1000 | objective=-12.917880 | rate=12.917163 | power=29.999939 | r_p=0.000000 | r_c=0.000000 | r_s=0.002437 | status=running
[UL Convergence] | phase=optimize | user=2 | block=2 | n_kl=80 | epoch=38/1000 | objective=-12.917942 | rate=12.917225 | power=29.999939 | r_p=0.000000 | r_c=0.000000 | r_s=0.002326 | status=running
[UL Convergence] | phase=optimize | user=2 | block=2 | n_kl=80 | epoch=39/1000 | objective=-12.918074 | rate=12.917356 | power=29.999945 | r_p=0.000000 | r_c=0.000000 | r_s=0.002606 | status=running
[UL Convergence] | phase=optimize | user=2 | block=2 | n_kl=80 | epoch=40/1000 | objective=-12.918196 | rate=12.917479 | power=29.999939 | r_p=0.000000 | r_c=0.000000 | r_s=0.002993 | status=running
[UL Convergence] | phase=optimize | user=2 | block=2 | n_kl=80 | epoch=41/1000 | objective=-12.918235 | rate=12.917518 | power=29.999935 | r_p=0.000000 | r_c=0.000000 | r_s=0.003168 | status=running
[UL Convergence] | phase=optimize | user=2 | block=2 | n_kl=80 | epoch=42/1000 | objective=-12.918173 | rate=12.917456 | power=29.999945 | r_p=0.000000 | r_c=0.000000 | r_s=0.002856 | status=running
[UL Convergence] | phase=optimize | user=2 | block=2 | n_kl=80 | epoch=43/1000 | objective=-12.918094 | rate=12.917377 | power=29.999935 | r_p=0.000000 | r_c=0.000000 | r_s=0.002116 | status=running
[UL Convergence] | phase=optimize | user=2 | block=2 | n_kl=80 | epoch=44/1000 | objective=-12.918074 | rate=12.917356 | power=29.999939 | r_p=0.000000 | r_c=0.000000 | r_s=0.001448 | status=running
[UL Convergence] | phase=optimize | user=2 | block=2 | n_kl=80 | epoch=45/1000 | objective=-12.918138 | rate=12.917420 | power=29.999939 | r_p=0.000000 | r_c=0.000000 | r_s=0.001576 | status=running
[UL Convergence] | phase=optimize | user=2 | block=2 | n_kl=80 | epoch=46/1000 | objective=-12.918236 | rate=12.917519 | power=29.999939 | r_p=0.000000 | r_c=0.000000 | r_s=0.002178 | status=running
[UL Convergence] | phase=optimize | user=2 | block=2 | n_kl=80 | epoch=47/1000 | objective=-12.918279 | rate=12.917562 | power=29.999939 | r_p=0.000000 | r_c=0.000000 | r_s=0.002539 | status=running
[UL Convergence] | phase=optimize | user=2 | block=2 | n_kl=80 | epoch=48/1000 | objective=-12.918243 | rate=12.917526 | power=29.999939 | r_p=0.000000 | r_c=0.000000 | r_s=0.002346 | status=running
[UL Convergence] | phase=optimize | user=2 | block=2 | n_kl=80 | epoch=49/1000 | objective=-12.918179 | rate=12.917461 | power=29.999945 | r_p=0.000000 | r_c=0.000000 | r_s=0.001643 | status=running
[UL Convergence] | phase=optimize | user=2 | block=2 | n_kl=80 | epoch=50/1000 | objective=-12.918173 | rate=12.917456 | power=29.999945 | r_p=0.000000 | r_c=0.000000 | r_s=9.322074e-04 | status=running
[UL Convergence] | phase=optimize | user=2 | block=2 | n_kl=80 | epoch=51/1000 | objective=-12.918216 | rate=12.917499 | power=29.999945 | r_p=0.000000 | r_c=0.000000 | r_s=0.001186 | status=running
[UL Convergence] | phase=optimize | user=2 | block=2 | n_kl=80 | epoch=52/1000 | objective=-12.918264 | rate=12.917547 | power=29.999945 | r_p=0.000000 | r_c=0.000000 | r_s=0.001730 | status=running
[UL Convergence] | phase=optimize | user=2 | block=2 | n_kl=80 | epoch=53/1000 | objective=-12.918282 | rate=12.917564 | power=29.999945 | r_p=0.000000 | r_c=0.000000 | r_s=0.001888 | status=running
[UL Convergence] | phase=optimize | user=2 | block=2 | n_kl=80 | epoch=54/1000 | objective=-12.918261 | rate=12.917543 | power=29.999945 | r_p=0.000000 | r_c=0.000000 | r_s=0.001638 | status=running
[UL Convergence] | phase=optimize | user=2 | block=2 | n_kl=80 | epoch=55/1000 | objective=-12.918237 | rate=12.917520 | power=29.999945 | r_p=0.000000 | r_c=0.000000 | r_s=0.001196 | status=running
[UL Convergence] | phase=optimize | user=2 | block=2 | n_kl=80 | epoch=56/1000 | objective=-12.918232 | rate=12.917515 | power=29.999939 | r_p=0.000000 | r_c=0.000000 | r_s=8.952490e-04 | status=running
[UL Convergence] | phase=optimize | user=2 | block=2 | n_kl=80 | epoch=57/1000 | objective=-12.918252 | rate=12.917535 | power=29.999945 | r_p=0.000000 | r_c=0.000000 | r_s=0.001024 | status=running
[UL Convergence] | phase=optimize | user=2 | block=2 | n_kl=80 | epoch=58/1000 | objective=-12.918278 | rate=12.917561 | power=29.999939 | r_p=0.000000 | r_c=0.000000 | r_s=0.001276 | status=running
[UL Convergence] | phase=optimize | user=2 | block=2 | n_kl=80 | epoch=59/1000 | objective=-12.918284 | rate=12.917567 | power=29.999945 | r_p=0.000000 | r_c=0.000000 | r_s=0.001361 | status=running
[UL Convergence] | phase=optimize | user=2 | block=2 | n_kl=80 | epoch=60/1000 | objective=-12.918283 | rate=12.917566 | power=29.999945 | r_p=0.000000 | r_c=0.000000 | r_s=0.001293 | status=running
[UL Convergence] | phase=optimize | user=2 | block=2 | n_kl=80 | epoch=61/1000 | objective=-12.918264 | rate=12.917547 | power=29.999945 | r_p=0.000000 | r_c=0.000000 | r_s=0.001084 | status=running
[UL Convergence] | phase=optimize | user=2 | block=2 | n_kl=80 | epoch=62/1000 | objective=-12.918262 | rate=12.917544 | power=29.999939 | r_p=0.000000 | r_c=0.000000 | r_s=7.418573e-04 | status=running
[UL Convergence] | phase=optimize | user=2 | block=2 | n_kl=80 | epoch=63/1000 | objective=-12.918269 | rate=12.917552 | power=29.999945 | r_p=0.000000 | r_c=0.000000 | r_s=6.843266e-04 | status=running
[UL Convergence] | phase=optimize | user=2 | block=2 | n_kl=80 | epoch=64/1000 | objective=-12.918284 | rate=12.917567 | power=29.999939 | r_p=0.000000 | r_c=0.000000 | r_s=0.001012 | status=running
[UL Convergence] | phase=optimize | user=2 | block=2 | n_kl=80 | epoch=65/1000 | objective=-12.918292 | rate=12.917575 | power=29.999945 | r_p=0.000000 | r_c=0.000000 | r_s=0.001159 | status=running
[UL Convergence] | phase=optimize | user=2 | block=2 | n_kl=80 | epoch=66/1000 | objective=-12.918282 | rate=12.917564 | power=29.999939 | r_p=0.000000 | r_c=0.000000 | r_s=9.738335e-04 | status=running
[UL Convergence] | phase=optimize | user=2 | block=2 | n_kl=80 | epoch=67/1000 | objective=-12.918274 | rate=12.917557 | power=29.999939 | r_p=0.000000 | r_c=0.000000 | r_s=6.291774e-04 | status=running
[UL Convergence] | phase=optimize | user=2 | block=2 | n_kl=80 | epoch=68/1000 | objective=-12.918274 | rate=12.917557 | power=29.999945 | r_p=0.000000 | r_c=0.000000 | r_s=5.066726e-04 | status=kkt_converged
[UL Convergence Result] | user=2 | block=2 | n_kl=80 | achieved_rate=12.917575 | power=29.999945 | rate_gap=-0.717575 | power_gap=-5.531311e-05 | solve_status=kkt_converged
[UL Convergence Allocation] | user=2 | block=2 | n_kl=80 | requested_bits=976 | served_bits=976 | full_service=true
[UL Convergence Block] | user=2 | block=2 | stage=post_T | served_bits=976 | remaining_bits=0
[UL Convergence Reduction] | user=2 | block=2 | served_bits=976 | n_start=79 | n_min=1
[UL Convergence Solve] | user=2 | block=2 | stage=reduced_n | n_kl=79 | served_bits=976
[UL Convergence] | phase=optimize | user=2 | block=2 | n_kl=79 | epoch=1/1000 | objective=-12.905269 | rate=12.904718 | power=29.999945 | r_p=0.000000 | r_c=0.000000 | r_s=inf | status=running
[UL Convergence] | phase=optimize | user=2 | block=2 | n_kl=79 | epoch=2/1000 | objective=-12.905259 | rate=12.904709 | power=29.999939 | r_p=0.000000 | r_c=0.000000 | r_s=9.799738e-04 | status=running
[UL Convergence] | phase=optimize | user=2 | block=2 | n_kl=79 | epoch=3/1000 | objective=-12.905246 | rate=12.904696 | power=29.999945 | r_p=0.000000 | r_c=0.000000 | r_s=6.345685e-04 | status=running
[UL Convergence] | phase=optimize | user=2 | block=2 | n_kl=79 | epoch=4/1000 | objective=-12.905253 | rate=12.904703 | power=29.999945 | r_p=0.000000 | r_c=0.000000 | r_s=5.048757e-04 | status=kkt_converged
[UL Convergence Candidate] | user=2 | block=2 | n_kl=79 | achieved_rate=12.904718 | rate_gap=-0.550288 | power_gap=-5.531311e-05 | status=accepted
[UL Convergence Reduction] | user=2 | block=2 | n_kl=75 | status=stop_infeasible
[UL Convergence Final] | user=2 | block=2 | feasible_points=5 | chosen_n_kl=76 | served_bits=976 | achieved_rate=12.864633 | power=29.999945 | solve_status=kkt_converged
[UL Convergence Allocation] | user=2 | block=2 | chosen_n_kl=76 | served_bits=976 | committed_bits=976 | remaining_bits=0
logging rfbl:  [ 9.12557994 10.97609789]
logging rfbl:  [10.58143598 10.32368215  9.65733483  8.44009725]
logging rfbl:  [11.5445694  12.00912296 11.85684459  7.91073573]
Test results saved to: C:\All Codes\Taiwan_Internship\UL_UPLINK_DOWNLINK_MONTE_CARLO\Results\Uplink\Method-Convergence per epoch\conv_net__ul_payload_completion_sweep_20260704_210305_conv_upd_net_loss_plain_rate_sinr__s3\data\convergence_results.txt
Mirrored uplink convergence scenario results to: C:\All Codes\Taiwan_Internship\UL_UPLINK_DOWNLINK_MONTE_CARLO\Results\Uplink\Scenario-Payload completion\Convergence per epoch\conv_net__ul_payload_completion_sweep_20260704_210305_conv_upd_net_loss_plain_rate_sinr__s3
Saved uplink convergence method results to: C:\All Codes\Taiwan_Internship\UL_UPLINK_DOWNLINK_MONTE_CARLO\Results\Uplink\Method-Convergence per epoch\conv_net__ul_payload_completion_sweep_20260704_210305_conv_upd_net_loss_plain_rate_sinr__s3
