Initialized plotting globals:
train_result_path: C:\All Codes\Taiwan_Internship\UL_UPLINK_DOWNLINK_MONTE_CARLO\Results\Uplink\Method-Convergence per epoch\conv_dir__ul_payload_completion_sweep_20260704_210305_conv_upd_dir_loss_aug_rate_sinr__s3\optimization_history
test_result_path: C:\All Codes\Taiwan_Internship\UL_UPLINK_DOWNLINK_MONTE_CARLO\Results\Uplink\Method-Convergence per epoch\conv_dir__ul_payload_completion_sweep_20260704_210305_conv_upd_dir_loss_aug_rate_sinr__s3\optimization_history
user_cfg_result_path: C:\All Codes\Taiwan_Internship\UL_UPLINK_DOWNLINK_MONTE_CARLO\Results\Uplink\Method-Convergence per epoch\conv_dir__ul_payload_completion_sweep_20260704_210305_conv_upd_dir_loss_aug_rate_sinr__s3\user_config
[UL Initial Baseline] | seed=3 | scenario=payload_completion | method=convergence | users=3 | initial_total_latency=0.037467 | initial_avg_latency=0.012489 | initial_min_latency=0.006667 | initial_max_latency=0.017467
[UL Convergence Train] | phase=start | user=0 | mode=payload_completion
[UL Convergence Train] | user=0 | block=0 | remaining_bits=1000
[UL Convergence Block] | user=0 | block=0 | budget_mode=B_rem | requested_bits=1000
[UL Convergence Solve] | user=0 | block=0 | stage=n=T | n_kl=50 | requested_bits=1000
[UL Convergence] | phase=optimize | user=0 | block=0 | n_kl=50 | epoch=1/1000 | objective=55.265209 | rate=8.781704 | power=29.999939 | r_p=11.218296 | r_c=1.121830 | r_s=inf | status=running
[UL Convergence] | phase=optimize | user=0 | block=0 | n_kl=50 | epoch=2/1000 | objective=55.666321 | rate=8.850871 | power=29.999939 | r_p=11.149129 | r_c=2.365655 | r_s=0.010283 | status=running
[UL Convergence] | phase=optimize | user=0 | block=0 | n_kl=50 | epoch=3/1000 | objective=56.046574 | rate=8.920237 | power=29.999945 | r_p=11.079763 | r_c=3.586234 | r_s=0.010177 | status=running
[UL Convergence] | phase=optimize | user=0 | block=0 | n_kl=50 | epoch=4/1000 | objective=56.429512 | rate=8.987917 | power=29.985201 | r_p=11.012083 | r_c=4.784440 | r_s=0.010202 | status=running
[UL Convergence] | phase=optimize | user=0 | block=0 | n_kl=50 | epoch=5/1000 | objective=56.813068 | rate=9.054120 | power=29.999939 | r_p=10.945880 | r_c=5.961046 | r_s=0.008569 | status=running
[UL Convergence] | phase=optimize | user=0 | block=0 | n_kl=50 | epoch=6/1000 | objective=57.197815 | rate=9.118840 | power=29.999939 | r_p=10.881160 | r_c=7.116839 | r_s=0.008640 | status=running
[UL Convergence] | phase=optimize | user=0 | block=0 | n_kl=50 | epoch=7/1000 | objective=57.564075 | rate=9.183681 | power=29.999939 | r_p=10.816319 | r_c=8.251371 | r_s=0.008703 | status=running
[UL Convergence] | phase=optimize | user=0 | block=0 | n_kl=50 | epoch=8/1000 | objective=57.913681 | rate=9.248503 | power=29.999945 | r_p=10.751497 | r_c=9.364837 | r_s=0.008747 | status=running
[UL Convergence] | phase=optimize | user=0 | block=0 | n_kl=50 | epoch=9/1000 | objective=58.247616 | rate=9.313240 | power=29.999939 | r_p=10.686760 | r_c=10.457436 | r_s=0.008778 | status=running
[UL Convergence] | phase=optimize | user=0 | block=0 | n_kl=50 | epoch=10/1000 | objective=58.566879 | rate=9.377825 | power=29.999939 | r_p=10.622175 | r_c=11.529403 | r_s=0.008801 | status=running
[UL Convergence] | phase=optimize | user=0 | block=0 | n_kl=50 | epoch=11/1000 | objective=58.872055 | rate=9.442225 | power=29.999945 | r_p=10.557775 | r_c=12.580969 | r_s=0.008819 | status=running
[UL Convergence] | phase=optimize | user=0 | block=0 | n_kl=50 | epoch=12/1000 | objective=59.163670 | rate=9.506411 | power=29.999939 | r_p=10.493589 | r_c=13.612372 | r_s=0.008836 | status=running
[UL Convergence] | phase=optimize | user=0 | block=0 | n_kl=50 | epoch=13/1000 | objective=59.441986 | rate=9.570376 | power=29.999939 | r_p=10.429624 | r_c=14.623837 | r_s=0.008856 | status=running
[UL Convergence] | phase=optimize | user=0 | block=0 | n_kl=50 | epoch=14/1000 | objective=59.707600 | rate=9.634089 | power=29.999939 | r_p=10.365911 | r_c=15.615629 | r_s=0.008879 | status=running
[UL Convergence] | phase=optimize | user=0 | block=0 | n_kl=50 | epoch=15/1000 | objective=59.960487 | rate=9.697563 | power=29.999939 | r_p=10.302437 | r_c=16.587950 | r_s=0.008906 | status=running
[UL Convergence] | phase=optimize | user=0 | block=0 | n_kl=50 | epoch=16/1000 | objective=60.200676 | rate=9.760812 | power=29.999939 | r_p=10.239188 | r_c=17.540999 | r_s=0.008939 | status=running
[UL Convergence] | phase=optimize | user=0 | block=0 | n_kl=50 | epoch=17/1000 | objective=60.428726 | rate=9.823804 | power=29.999935 | r_p=10.176196 | r_c=18.475046 | r_s=0.008977 | status=running
[UL Convergence] | phase=optimize | user=0 | block=0 | n_kl=50 | epoch=18/1000 | objective=60.644691 | rate=9.886549 | power=29.999939 | r_p=10.113451 | r_c=19.390296 | r_s=0.009018 | status=running
[UL Convergence] | phase=optimize | user=0 | block=0 | n_kl=50 | epoch=19/1000 | objective=60.848724 | rate=9.949049 | power=29.999939 | r_p=10.050951 | r_c=20.286964 | r_s=0.009063 | status=running
[UL Convergence] | phase=optimize | user=0 | block=0 | n_kl=50 | epoch=20/1000 | objective=61.041298 | rate=10.011280 | power=29.999939 | r_p=9.988720 | r_c=21.165317 | r_s=0.009109 | status=running
[UL Convergence] | phase=optimize | user=0 | block=0 | n_kl=50 | epoch=21/1000 | objective=61.222775 | rate=10.073229 | power=29.999939 | r_p=9.926771 | r_c=22.025610 | r_s=0.009157 | status=running
[UL Convergence] | phase=optimize | user=0 | block=0 | n_kl=50 | epoch=22/1000 | objective=61.393394 | rate=10.134890 | power=29.999939 | r_p=9.865110 | r_c=22.868083 | r_s=0.009204 | status=running
[UL Convergence] | phase=optimize | user=0 | block=0 | n_kl=50 | epoch=23/1000 | objective=61.553829 | rate=10.196225 | power=29.999939 | r_p=9.803775 | r_c=23.693056 | r_s=0.009250 | status=running
[UL Convergence] | phase=optimize | user=0 | block=0 | n_kl=50 | epoch=24/1000 | objective=61.704479 | rate=10.257219 | power=29.999929 | r_p=9.742781 | r_c=24.500810 | r_s=0.009294 | status=running
[UL Convergence] | phase=optimize | user=0 | block=0 | n_kl=50 | epoch=25/1000 | objective=61.846062 | rate=10.317831 | power=29.999939 | r_p=9.682169 | r_c=25.291698 | r_s=0.009336 | status=running
[UL Convergence] | phase=optimize | user=0 | block=0 | n_kl=50 | epoch=26/1000 | objective=61.979366 | rate=10.378016 | power=29.999939 | r_p=9.621984 | r_c=26.066099 | r_s=0.009373 | status=running
[UL Convergence] | phase=optimize | user=0 | block=0 | n_kl=50 | epoch=27/1000 | objective=62.104897 | rate=10.437752 | power=29.999939 | r_p=9.562248 | r_c=26.824353 | r_s=0.009406 | status=running
[UL Convergence] | phase=optimize | user=0 | block=0 | n_kl=50 | epoch=28/1000 | objective=62.223457 | rate=10.496992 | power=29.999929 | r_p=9.503008 | r_c=27.566871 | r_s=0.009435 | status=running
[UL Convergence] | phase=optimize | user=0 | block=0 | n_kl=50 | epoch=29/1000 | objective=62.335960 | rate=10.555685 | power=29.999939 | r_p=9.444315 | r_c=28.294105 | r_s=0.009458 | status=running
[UL Convergence] | phase=optimize | user=0 | block=0 | n_kl=50 | epoch=30/1000 | objective=62.443291 | rate=10.613781 | power=29.999939 | r_p=9.386219 | r_c=29.006521 | r_s=0.009476 | status=running
[UL Convergence] | phase=optimize | user=0 | block=0 | n_kl=50 | epoch=31/1000 | objective=62.546242 | rate=10.671238 | power=29.999939 | r_p=9.328762 | r_c=29.704578 | r_s=0.009489 | status=running
[UL Convergence] | phase=optimize | user=0 | block=0 | n_kl=50 | epoch=32/1000 | objective=62.645664 | rate=10.728009 | power=29.999945 | r_p=9.271991 | r_c=30.388769 | r_s=0.009495 | status=running
[UL Convergence] | phase=optimize | user=0 | block=0 | n_kl=50 | epoch=33/1000 | objective=62.742699 | rate=10.784029 | power=29.999939 | r_p=9.215971 | r_c=31.059669 | r_s=0.009496 | status=running
[UL Convergence] | phase=optimize | user=0 | block=0 | n_kl=50 | epoch=34/1000 | objective=62.837944 | rate=10.839272 | power=29.999945 | r_p=9.160728 | r_c=31.717741 | r_s=0.009490 | status=running
[UL Convergence] | phase=optimize | user=0 | block=0 | n_kl=50 | epoch=35/1000 | objective=62.932487 | rate=10.893675 | power=29.999939 | r_p=9.106325 | r_c=32.363583 | r_s=0.009479 | status=running
[UL Convergence] | phase=optimize | user=0 | block=0 | n_kl=50 | epoch=36/1000 | objective=63.027340 | rate=10.947185 | power=29.999945 | r_p=9.052815 | r_c=32.997790 | r_s=0.009461 | status=running
[UL Convergence] | phase=optimize | user=0 | block=0 | n_kl=50 | epoch=37/1000 | objective=63.123077 | rate=10.999778 | power=29.999939 | r_p=9.000222 | r_c=33.620859 | r_s=0.009438 | status=running
[UL Convergence] | phase=optimize | user=0 | block=0 | n_kl=50 | epoch=38/1000 | objective=63.220745 | rate=11.051399 | power=29.999939 | r_p=8.948601 | r_c=34.233418 | r_s=0.009408 | status=running
[UL Convergence] | phase=optimize | user=0 | block=0 | n_kl=50 | epoch=39/1000 | objective=63.321339 | rate=11.101996 | power=29.999939 | r_p=8.898004 | r_c=34.836102 | r_s=0.009373 | status=running
[UL Convergence] | phase=optimize | user=0 | block=0 | n_kl=50 | epoch=40/1000 | objective=63.425465 | rate=11.151546 | power=29.999939 | r_p=8.848454 | r_c=35.429447 | r_s=0.009332 | status=running
[UL Convergence] | phase=optimize | user=0 | block=0 | n_kl=50 | epoch=41/1000 | objective=63.533920 | rate=11.200013 | power=29.999939 | r_p=8.799987 | r_c=36.014048 | r_s=0.009286 | status=running
[UL Convergence] | phase=optimize | user=0 | block=0 | n_kl=50 | epoch=42/1000 | objective=63.647423 | rate=11.247366 | power=29.999939 | r_p=8.752634 | r_c=36.590487 | r_s=0.009233 | status=running
[UL Convergence] | phase=optimize | user=0 | block=0 | n_kl=50 | epoch=43/1000 | objective=63.766823 | rate=11.293566 | power=29.999939 | r_p=8.706434 | r_c=37.159390 | r_s=0.009176 | status=running
[UL Convergence] | phase=optimize | user=0 | block=0 | n_kl=50 | epoch=44/1000 | objective=63.892601 | rate=11.338600 | power=29.999939 | r_p=8.661400 | r_c=37.721281 | r_s=0.009113 | status=running
[UL Convergence] | phase=optimize | user=0 | block=0 | n_kl=50 | epoch=45/1000 | objective=64.025368 | rate=11.382448 | power=29.999935 | r_p=8.617552 | r_c=38.276719 | r_s=0.009045 | status=running
[UL Convergence] | phase=optimize | user=0 | block=0 | n_kl=50 | epoch=46/1000 | objective=64.165756 | rate=11.425087 | power=29.999939 | r_p=8.574913 | r_c=38.826277 | r_s=0.008972 | status=running
[UL Convergence] | phase=optimize | user=0 | block=0 | n_kl=50 | epoch=47/1000 | objective=64.314323 | rate=11.466499 | power=29.999939 | r_p=8.533501 | r_c=39.370507 | r_s=0.008894 | status=running
[UL Convergence] | phase=optimize | user=0 | block=0 | n_kl=50 | epoch=48/1000 | objective=64.471252 | rate=11.506695 | power=29.999939 | r_p=8.493305 | r_c=39.909836 | r_s=0.008811 | status=running
[UL Convergence] | phase=optimize | user=0 | block=0 | n_kl=50 | epoch=49/1000 | objective=64.637253 | rate=11.545647 | power=29.999939 | r_p=8.454353 | r_c=40.444856 | r_s=0.008724 | status=running
[UL Convergence] | phase=optimize | user=0 | block=0 | n_kl=50 | epoch=50/1000 | objective=64.812424 | rate=11.583370 | power=29.999945 | r_p=8.416630 | r_c=40.975961 | r_s=0.008633 | status=running
[UL Convergence] | phase=optimize | user=0 | block=0 | n_kl=50 | epoch=51/1000 | objective=64.997330 | rate=11.619847 | power=29.999939 | r_p=8.380153 | r_c=41.503701 | r_s=0.008538 | status=running
[UL Convergence] | phase=optimize | user=0 | block=0 | n_kl=50 | epoch=52/1000 | objective=65.192093 | rate=11.655093 | power=29.999939 | r_p=8.344907 | r_c=42.028457 | r_s=0.008439 | status=running
[UL Convergence] | phase=optimize | user=0 | block=0 | n_kl=50 | epoch=53/1000 | objective=65.396889 | rate=11.689118 | power=29.999945 | r_p=8.310882 | r_c=42.550627 | r_s=0.008337 | status=running
[UL Convergence] | phase=optimize | user=0 | block=0 | n_kl=50 | epoch=54/1000 | objective=65.612000 | rate=11.721924 | power=29.999939 | r_p=8.278076 | r_c=43.070649 | r_s=0.008231 | status=running
[UL Convergence] | phase=optimize | user=0 | block=0 | n_kl=50 | epoch=55/1000 | objective=65.837418 | rate=11.753532 | power=29.999939 | r_p=8.246468 | r_c=43.588839 | r_s=0.008123 | status=running
[UL Convergence] | phase=optimize | user=0 | block=0 | n_kl=50 | epoch=56/1000 | objective=66.073380 | rate=11.783950 | power=29.999939 | r_p=8.216050 | r_c=44.105594 | r_s=0.008011 | status=running
[UL Convergence] | phase=optimize | user=0 | block=0 | n_kl=50 | epoch=57/1000 | objective=66.319931 | rate=11.813194 | power=29.999939 | r_p=8.186806 | r_c=44.621235 | r_s=0.007898 | status=running
[UL Convergence] | phase=optimize | user=0 | block=0 | n_kl=50 | epoch=58/1000 | objective=66.576813 | rate=11.841305 | power=29.999935 | r_p=8.158695 | r_c=45.135959 | r_s=0.007782 | status=running
[UL Convergence] | phase=optimize | user=0 | block=0 | n_kl=50 | epoch=59/1000 | objective=66.844276 | rate=11.868283 | power=29.999939 | r_p=8.131717 | r_c=45.650149 | r_s=0.007664 | status=running
[UL Convergence] | phase=optimize | user=0 | block=0 | n_kl=50 | epoch=60/1000 | objective=67.122360 | rate=11.894148 | power=29.999939 | r_p=8.105852 | r_c=46.164094 | r_s=0.007545 | status=running
[UL Convergence] | phase=optimize | user=0 | block=0 | n_kl=50 | epoch=61/1000 | objective=67.430222 | rate=11.917630 | power=29.992262 | r_p=8.082370 | r_c=46.685503 | r_s=0.007424 | status=running
[UL Convergence] | phase=optimize | user=0 | block=0 | n_kl=50 | epoch=62/1000 | objective=67.737503 | rate=11.940806 | power=29.999939 | r_p=8.059194 | r_c=47.203007 | r_s=0.006922 | status=running
[UL Convergence] | phase=optimize | user=0 | block=0 | n_kl=50 | epoch=63/1000 | objective=68.072800 | rate=11.961773 | power=29.999939 | r_p=8.038227 | r_c=47.728021 | r_s=0.006770 | status=running
[UL Convergence] | phase=optimize | user=0 | block=0 | n_kl=50 | epoch=64/1000 | objective=68.416626 | rate=11.981864 | power=29.999935 | r_p=8.018136 | r_c=48.253244 | r_s=0.006626 | status=running
[UL Convergence] | phase=optimize | user=0 | block=0 | n_kl=50 | epoch=65/1000 | objective=68.768707 | rate=12.001116 | power=29.999939 | r_p=7.998884 | r_c=48.778748 | r_s=0.006487 | status=running
[UL Convergence] | phase=optimize | user=0 | block=0 | n_kl=50 | epoch=66/1000 | objective=69.128998 | rate=12.019545 | power=29.999939 | r_p=7.980455 | r_c=49.304713 | r_s=0.006353 | status=running
[UL Convergence] | phase=optimize | user=0 | block=0 | n_kl=50 | epoch=67/1000 | objective=69.497253 | rate=12.037183 | power=29.999939 | r_p=7.962817 | r_c=49.831210 | r_s=0.006224 | status=running
[UL Convergence] | phase=optimize | user=0 | block=0 | n_kl=50 | epoch=68/1000 | objective=69.873169 | rate=12.054064 | power=29.999939 | r_p=7.945936 | r_c=50.358289 | r_s=0.006100 | status=running
[UL Convergence] | phase=optimize | user=0 | block=0 | n_kl=50 | epoch=69/1000 | objective=70.256874 | rate=12.070194 | power=29.999939 | r_p=7.929806 | r_c=50.886158 | r_s=0.005979 | status=running
[UL Convergence] | phase=optimize | user=0 | block=0 | n_kl=50 | epoch=70/1000 | objective=70.647827 | rate=12.085622 | power=29.999935 | r_p=7.914378 | r_c=51.414752 | r_s=0.005861 | status=running
[UL Convergence] | phase=optimize | user=0 | block=0 | n_kl=50 | epoch=71/1000 | objective=71.046089 | rate=12.100355 | power=29.999939 | r_p=7.899645 | r_c=51.944247 | r_s=0.005748 | status=running
[UL Convergence] | phase=optimize | user=0 | block=0 | n_kl=50 | epoch=72/1000 | objective=71.451538 | rate=12.114415 | power=29.999939 | r_p=7.885585 | r_c=52.474728 | r_s=0.005637 | status=running
[UL Convergence] | phase=optimize | user=0 | block=0 | n_kl=50 | epoch=73/1000 | objective=71.863831 | rate=12.127836 | power=29.999939 | r_p=7.872164 | r_c=53.006184 | r_s=0.005529 | status=running
[UL Convergence] | phase=optimize | user=0 | block=0 | n_kl=50 | epoch=74/1000 | objective=72.283020 | rate=12.140626 | power=29.999945 | r_p=7.859374 | r_c=53.538769 | r_s=0.005423 | status=running
[UL Convergence] | phase=optimize | user=0 | block=0 | n_kl=50 | epoch=75/1000 | objective=72.708908 | rate=12.152809 | power=29.999945 | r_p=7.847191 | r_c=54.072516 | r_s=0.005320 | status=running
[UL Convergence] | phase=optimize | user=0 | block=0 | n_kl=50 | epoch=76/1000 | objective=73.141312 | rate=12.164408 | power=29.999939 | r_p=7.835592 | r_c=54.607468 | r_s=0.005218 | status=running
[UL Convergence] | phase=optimize | user=0 | block=0 | n_kl=50 | epoch=77/1000 | objective=73.580025 | rate=12.175446 | power=29.999939 | r_p=7.824554 | r_c=55.143643 | r_s=0.005119 | status=running
[UL Convergence] | phase=optimize | user=0 | block=0 | n_kl=50 | epoch=78/1000 | objective=74.024940 | rate=12.185939 | power=29.999935 | r_p=7.814061 | r_c=55.681107 | r_s=0.005021 | status=running
[UL Convergence] | phase=optimize | user=0 | block=0 | n_kl=50 | epoch=79/1000 | objective=74.476089 | rate=12.195896 | power=29.999935 | r_p=7.804104 | r_c=56.219971 | r_s=0.004924 | status=running
[UL Convergence] | phase=optimize | user=0 | block=0 | n_kl=50 | epoch=80/1000 | objective=74.933075 | rate=12.205352 | power=29.999939 | r_p=7.794648 | r_c=56.760156 | r_s=0.004829 | status=running
[UL Convergence] | phase=optimize | user=0 | block=0 | n_kl=50 | epoch=81/1000 | objective=75.395836 | rate=12.214318 | power=29.999939 | r_p=7.785682 | r_c=57.301729 | r_s=0.004734 | status=running
[UL Convergence] | phase=optimize | user=0 | block=0 | n_kl=50 | epoch=82/1000 | objective=75.864288 | rate=12.222809 | power=29.999939 | r_p=7.777191 | r_c=57.844747 | r_s=0.004640 | status=running
[UL Convergence] | phase=optimize | user=0 | block=0 | n_kl=50 | epoch=83/1000 | objective=76.338310 | rate=12.230841 | power=29.999939 | r_p=7.769159 | r_c=58.389231 | r_s=0.004547 | status=running
[UL Convergence] | phase=optimize | user=0 | block=0 | n_kl=50 | epoch=84/1000 | objective=76.817726 | rate=12.238432 | power=29.999935 | r_p=7.761568 | r_c=58.935187 | r_s=0.004455 | status=running
[UL Convergence] | phase=optimize | user=0 | block=0 | n_kl=50 | epoch=85/1000 | objective=77.302246 | rate=12.245608 | power=29.999939 | r_p=7.754392 | r_c=59.482558 | r_s=0.004362 | status=running
[UL Convergence] | phase=optimize | user=0 | block=0 | n_kl=50 | epoch=86/1000 | objective=77.792053 | rate=12.252366 | power=29.999939 | r_p=7.747634 | r_c=60.031502 | r_s=0.004271 | status=running
[UL Convergence] | phase=optimize | user=0 | block=0 | n_kl=50 | epoch=87/1000 | objective=78.286812 | rate=12.258733 | power=29.999945 | r_p=7.741267 | r_c=60.581936 | r_s=0.004179 | status=running
[UL Convergence] | phase=optimize | user=0 | block=0 | n_kl=50 | epoch=88/1000 | objective=78.786278 | rate=12.264730 | power=29.999939 | r_p=7.735270 | r_c=61.133807 | r_s=0.004087 | status=running
[UL Convergence] | phase=optimize | user=0 | block=0 | n_kl=50 | epoch=89/1000 | objective=79.290527 | rate=12.270360 | power=29.999935 | r_p=7.729640 | r_c=61.687224 | r_s=0.003996 | status=running
[UL Convergence] | phase=optimize | user=0 | block=0 | n_kl=50 | epoch=90/1000 | objective=79.799240 | rate=12.275648 | power=29.999939 | r_p=7.724352 | r_c=62.242086 | r_s=0.003905 | status=running
[UL Convergence] | phase=optimize | user=0 | block=0 | n_kl=50 | epoch=91/1000 | objective=80.312202 | rate=12.280613 | power=29.999945 | r_p=7.719387 | r_c=62.798352 | r_s=0.003814 | status=running
[UL Convergence] | phase=optimize | user=0 | block=0 | n_kl=50 | epoch=92/1000 | objective=80.829506 | rate=12.285255 | power=29.999939 | r_p=7.714745 | r_c=63.356116 | r_s=0.003722 | status=running
[UL Convergence] | phase=optimize | user=0 | block=0 | n_kl=50 | epoch=93/1000 | objective=81.350868 | rate=12.289597 | power=29.999939 | r_p=7.710403 | r_c=63.915303 | r_s=0.003631 | status=running
[UL Convergence] | phase=optimize | user=0 | block=0 | n_kl=50 | epoch=94/1000 | objective=81.876091 | rate=12.293653 | power=29.999939 | r_p=7.706347 | r_c=64.475864 | r_s=0.003541 | status=running
[UL Convergence] | phase=optimize | user=0 | block=0 | n_kl=50 | epoch=95/1000 | objective=82.405037 | rate=12.297441 | power=29.999945 | r_p=7.702559 | r_c=65.037765 | r_s=0.003450 | status=running
[UL Convergence] | phase=optimize | user=0 | block=0 | n_kl=50 | epoch=96/1000 | objective=82.937729 | rate=12.300960 | power=29.999945 | r_p=7.699040 | r_c=65.601074 | r_s=0.003360 | status=running
[UL Convergence] | phase=optimize | user=0 | block=0 | n_kl=50 | epoch=97/1000 | objective=83.473808 | rate=12.304236 | power=29.999939 | r_p=7.695764 | r_c=66.165653 | r_s=0.003269 | status=running
[UL Convergence] | phase=optimize | user=0 | block=0 | n_kl=50 | epoch=98/1000 | objective=84.013298 | rate=12.307274 | power=29.999935 | r_p=7.692726 | r_c=66.731552 | r_s=0.003180 | status=running
[UL Convergence] | phase=optimize | user=0 | block=0 | n_kl=50 | epoch=99/1000 | objective=84.555962 | rate=12.310090 | power=29.999935 | r_p=7.689910 | r_c=67.298687 | r_s=0.003090 | status=running
[UL Convergence] | phase=optimize | user=0 | block=0 | n_kl=50 | epoch=100/1000 | objective=85.101524 | rate=12.312703 | power=29.999935 | r_p=7.687297 | r_c=67.866964 | r_s=0.003001 | status=running
[UL Convergence] | phase=optimize | user=0 | block=0 | n_kl=50 | epoch=101/1000 | objective=85.650085 | rate=12.315113 | power=29.999935 | r_p=7.684887 | r_c=68.436449 | r_s=0.002913 | status=running
[UL Convergence] | phase=optimize | user=0 | block=0 | n_kl=50 | epoch=102/1000 | objective=86.201347 | rate=12.317338 | power=29.999939 | r_p=7.682662 | r_c=69.007039 | r_s=0.002825 | status=running
[UL Convergence] | phase=optimize | user=0 | block=0 | n_kl=50 | epoch=103/1000 | objective=86.755310 | rate=12.319383 | power=29.999939 | r_p=7.680617 | r_c=69.578749 | r_s=0.002738 | status=running
[UL Convergence] | phase=optimize | user=0 | block=0 | n_kl=50 | epoch=104/1000 | objective=87.311607 | rate=12.321270 | power=29.999939 | r_p=7.678730 | r_c=70.151426 | r_s=0.002651 | status=running
[UL Convergence] | phase=optimize | user=0 | block=0 | n_kl=50 | epoch=105/1000 | objective=87.876068 | rate=12.322677 | power=29.998085 | r_p=7.677323 | r_c=70.728095 | r_s=0.002566 | status=running
[UL Convergence] | phase=optimize | user=0 | block=0 | n_kl=50 | epoch=106/1000 | objective=88.436829 | rate=12.324271 | power=29.999939 | r_p=7.675729 | r_c=71.302696 | r_s=0.002428 | status=running
[UL Convergence] | phase=optimize | user=0 | block=0 | n_kl=50 | epoch=107/1000 | objective=89.004784 | rate=12.325447 | power=29.999939 | r_p=7.674553 | r_c=71.880851 | r_s=0.002305 | status=running
[UL Convergence] | phase=optimize | user=0 | block=0 | n_kl=50 | epoch=108/1000 | objective=89.573914 | rate=12.326543 | power=29.999935 | r_p=7.673457 | r_c=72.459491 | r_s=0.002192 | status=running
[UL Convergence] | phase=optimize | user=0 | block=0 | n_kl=50 | epoch=109/1000 | objective=90.144333 | rate=12.327555 | power=29.999939 | r_p=7.672445 | r_c=73.038678 | r_s=0.002088 | status=running
[UL Convergence] | phase=optimize | user=0 | block=0 | n_kl=50 | epoch=110/1000 | objective=90.715729 | rate=12.328500 | power=29.999939 | r_p=7.671500 | r_c=73.618273 | r_s=0.001992 | status=running
[UL Convergence] | phase=optimize | user=0 | block=0 | n_kl=50 | epoch=111/1000 | objective=91.288170 | rate=12.329376 | power=29.999935 | r_p=7.670624 | r_c=74.198314 | r_s=0.001902 | status=running
[UL Convergence] | phase=optimize | user=0 | block=0 | n_kl=50 | epoch=112/1000 | objective=91.861832 | rate=12.330175 | power=29.999939 | r_p=7.669825 | r_c=74.778907 | r_s=0.001819 | status=running
[UL Convergence] | phase=optimize | user=0 | block=0 | n_kl=50 | epoch=113/1000 | objective=92.436218 | rate=12.330926 | power=29.999935 | r_p=7.669074 | r_c=75.359794 | r_s=0.001742 | status=running
[UL Convergence] | phase=optimize | user=0 | block=0 | n_kl=50 | epoch=114/1000 | objective=93.011421 | rate=12.331623 | power=29.999945 | r_p=7.668377 | r_c=75.941037 | r_s=0.001669 | status=running
[UL Convergence] | phase=optimize | user=0 | block=0 | n_kl=50 | epoch=115/1000 | objective=93.587814 | rate=12.332248 | power=29.999945 | r_p=7.667752 | r_c=76.522843 | r_s=0.001602 | status=running
[UL Convergence] | phase=optimize | user=0 | block=0 | n_kl=50 | epoch=116/1000 | objective=94.164665 | rate=12.332840 | power=29.999939 | r_p=7.667160 | r_c=77.104832 | r_s=0.001539 | status=running
[UL Convergence] | phase=optimize | user=0 | block=0 | n_kl=50 | epoch=117/1000 | objective=94.742340 | rate=12.333382 | power=29.999939 | r_p=7.666618 | r_c=77.687196 | r_s=0.001479 | status=running
[UL Convergence] | phase=optimize | user=0 | block=0 | n_kl=50 | epoch=118/1000 | objective=95.320755 | rate=12.333877 | power=29.999939 | r_p=7.666123 | r_c=78.269913 | r_s=0.001423 | status=running
[UL Convergence] | phase=optimize | user=0 | block=0 | n_kl=50 | epoch=119/1000 | objective=95.899727 | rate=12.334337 | power=29.999939 | r_p=7.665663 | r_c=78.852869 | r_s=0.001370 | status=running
[UL Convergence] | phase=optimize | user=0 | block=0 | n_kl=50 | epoch=120/1000 | objective=96.479416 | rate=12.334754 | power=29.999939 | r_p=7.665246 | r_c=79.436174 | r_s=0.001319 | status=running
[UL Convergence] | phase=optimize | user=0 | block=0 | n_kl=50 | epoch=121/1000 | objective=97.059593 | rate=12.335140 | power=29.999935 | r_p=7.664860 | r_c=80.019702 | r_s=0.001270 | status=running
[UL Convergence] | phase=optimize | user=0 | block=0 | n_kl=50 | epoch=122/1000 | objective=97.640572 | rate=12.335481 | power=29.999939 | r_p=7.664519 | r_c=80.603622 | r_s=0.001223 | status=running
[UL Convergence] | phase=optimize | user=0 | block=0 | n_kl=50 | epoch=123/1000 | objective=98.221901 | rate=12.335798 | power=29.999929 | r_p=7.664202 | r_c=81.187707 | r_s=0.001177 | status=running
[UL Convergence] | phase=optimize | user=0 | block=0 | n_kl=50 | epoch=124/1000 | objective=98.803642 | rate=12.336091 | power=29.999939 | r_p=7.663909 | r_c=81.771983 | r_s=0.001133 | status=running
[UL Convergence] | phase=optimize | user=0 | block=0 | n_kl=50 | epoch=125/1000 | objective=99.386147 | rate=12.336341 | power=29.999939 | r_p=7.663659 | r_c=82.356653 | r_s=0.001090 | status=running
[UL Convergence] | phase=optimize | user=0 | block=0 | n_kl=50 | epoch=126/1000 | objective=99.968765 | rate=12.336582 | power=29.999939 | r_p=7.663418 | r_c=82.941358 | r_s=0.001048 | status=running
[UL Convergence] | phase=optimize | user=0 | block=0 | n_kl=50 | epoch=127/1000 | objective=100.552200 | rate=12.336779 | power=29.999939 | r_p=7.663221 | r_c=83.526497 | r_s=0.001007 | status=running
[UL Convergence] | phase=optimize | user=0 | block=0 | n_kl=50 | epoch=128/1000 | objective=101.135551 | rate=12.336977 | power=29.999939 | r_p=7.663023 | r_c=84.111569 | r_s=9.659166e-04 | status=running
[UL Convergence] | phase=optimize | user=0 | block=0 | n_kl=50 | epoch=129/1000 | objective=101.719597 | rate=12.337138 | power=29.999939 | r_p=7.662862 | r_c=84.697007 | r_s=9.258460e-04 | status=running
[UL Convergence] | phase=optimize | user=0 | block=0 | n_kl=50 | epoch=130/1000 | objective=102.303833 | rate=12.337288 | power=29.999939 | r_p=7.662712 | r_c=85.282535 | r_s=8.864023e-04 | status=running
[UL Convergence] | phase=optimize | user=0 | block=0 | n_kl=50 | epoch=131/1000 | objective=102.888496 | rate=12.337414 | power=29.999939 | r_p=7.662586 | r_c=85.868296 | r_s=8.474908e-04 | status=running
[UL Convergence] | phase=optimize | user=0 | block=0 | n_kl=50 | epoch=132/1000 | objective=103.473206 | rate=12.337536 | power=29.999935 | r_p=7.662464 | r_c=86.454071 | r_s=8.091090e-04 | status=running
[UL Convergence] | phase=optimize | user=0 | block=0 | n_kl=50 | epoch=133/1000 | objective=104.058342 | rate=12.337636 | power=29.999939 | r_p=7.662364 | r_c=87.040067 | r_s=7.713065e-04 | status=running
[UL Convergence] | phase=optimize | user=0 | block=0 | n_kl=50 | epoch=134/1000 | objective=104.643700 | rate=12.337724 | power=29.999935 | r_p=7.662276 | r_c=87.626182 | r_s=7.341277e-04 | status=running
[UL Convergence] | phase=optimize | user=0 | block=0 | n_kl=50 | epoch=135/1000 | objective=105.229332 | rate=12.337796 | power=29.999939 | r_p=7.662204 | r_c=88.212452 | r_s=6.975136e-04 | status=running
[UL Convergence] | phase=optimize | user=0 | block=0 | n_kl=50 | epoch=136/1000 | objective=105.814980 | rate=12.337868 | power=29.999939 | r_p=7.662132 | r_c=88.798717 | r_s=6.616134e-04 | status=running
[UL Convergence] | phase=optimize | user=0 | block=0 | n_kl=50 | epoch=137/1000 | objective=106.400932 | rate=12.337924 | power=29.999939 | r_p=7.662076 | r_c=89.385143 | r_s=6.264007e-04 | status=running
[UL Convergence] | phase=optimize | user=0 | block=0 | n_kl=50 | epoch=138/1000 | objective=106.987068 | rate=12.337970 | power=29.999935 | r_p=7.662030 | r_c=89.971680 | r_s=5.919879e-04 | status=stationary_infeasible
[UL Convergence Result] | user=0 | block=0 | n_kl=50 | achieved_rate=12.337970 | power=29.999935 | rate_gap=7.662030 | power_gap=-6.484985e-05 | solve_status=stationary_infeasible
[UL Convergence Allocation] | user=0 | block=0 | n_kl=50 | requested_bits=1000 | served_bits=616 | full_service=false
[UL Convergence Block] | user=0 | block=0 | stage=post_T | served_bits=616 | remaining_bits=384
[UL Convergence Reduction] | user=0 | block=0 | served_bits=616 | n_start=49 | n_min=1
[UL Convergence Reduction] | user=0 | block=0 | n_kl=49 | status=stop_partial_payload
[UL Convergence Final] | user=0 | block=0 | feasible_points=1 | chosen_n_kl=50 | served_bits=616 | achieved_rate=12.337970 | power=29.999935 | solve_status=stationary_infeasible
[UL Convergence Allocation] | user=0 | block=0 | chosen_n_kl=50 | served_bits=616 | committed_bits=616 | remaining_bits=384
[UL Convergence Train] | user=0 | block=1 | remaining_bits=384
[UL Convergence Block] | user=0 | block=1 | budget_mode=B_rem | requested_bits=384
[UL Convergence Solve] | user=0 | block=1 | stage=n=T | n_kl=50 | requested_bits=384
[UL Convergence] | phase=optimize | user=0 | block=1 | n_kl=50 | epoch=1/1000 | objective=-9.845973 | rate=9.845973 | power=29.999935 | r_p=0.000000 | r_c=0.000000 | r_s=inf | status=running
[UL Convergence] | phase=optimize | user=0 | block=1 | n_kl=50 | epoch=2/1000 | objective=-9.907093 | rate=9.907093 | power=29.999939 | r_p=0.000000 | r_c=0.000000 | r_s=0.010323 | status=running
[UL Convergence] | phase=optimize | user=0 | block=1 | n_kl=50 | epoch=3/1000 | objective=-9.966682 | rate=9.966682 | power=29.999939 | r_p=0.000000 | r_c=0.000000 | r_s=0.010303 | status=running
[UL Convergence] | phase=optimize | user=0 | block=1 | n_kl=50 | epoch=4/1000 | objective=-10.024715 | rate=10.024715 | power=29.999939 | r_p=0.000000 | r_c=0.000000 | r_s=0.010269 | status=running
[UL Convergence] | phase=optimize | user=0 | block=1 | n_kl=50 | epoch=5/1000 | objective=-10.081158 | rate=10.081158 | power=29.999935 | r_p=0.000000 | r_c=0.000000 | r_s=0.010221 | status=running
[UL Convergence] | phase=optimize | user=0 | block=1 | n_kl=50 | epoch=6/1000 | objective=-10.136013 | rate=10.136013 | power=29.999939 | r_p=0.000000 | r_c=0.000000 | r_s=0.010156 | status=running
[UL Convergence] | phase=optimize | user=0 | block=1 | n_kl=50 | epoch=7/1000 | objective=-10.189283 | rate=10.189283 | power=29.999939 | r_p=0.000000 | r_c=0.000000 | r_s=0.010075 | status=running
[UL Convergence] | phase=optimize | user=0 | block=1 | n_kl=50 | epoch=8/1000 | objective=-10.240983 | rate=10.240983 | power=29.999939 | r_p=0.000000 | r_c=0.000000 | r_s=0.009977 | status=running
[UL Convergence] | phase=optimize | user=0 | block=1 | n_kl=50 | epoch=9/1000 | objective=-10.291181 | rate=10.291181 | power=29.999939 | r_p=0.000000 | r_c=0.000000 | r_s=0.009868 | status=running
[UL Convergence] | phase=optimize | user=0 | block=1 | n_kl=50 | epoch=10/1000 | objective=-10.339919 | rate=10.339919 | power=29.999939 | r_p=0.000000 | r_c=0.000000 | r_s=0.009752 | status=running
[UL Convergence] | phase=optimize | user=0 | block=1 | n_kl=50 | epoch=11/1000 | objective=-10.387296 | rate=10.387296 | power=29.999939 | r_p=0.000000 | r_c=0.000000 | r_s=0.009640 | status=running
[UL Convergence] | phase=optimize | user=0 | block=1 | n_kl=50 | epoch=12/1000 | objective=-10.433361 | rate=10.433361 | power=29.999939 | r_p=0.000000 | r_c=0.000000 | r_s=0.009538 | status=running
[UL Convergence] | phase=optimize | user=0 | block=1 | n_kl=50 | epoch=13/1000 | objective=-10.478199 | rate=10.478199 | power=29.999939 | r_p=0.000000 | r_c=0.000000 | r_s=0.009450 | status=running
[UL Convergence] | phase=optimize | user=0 | block=1 | n_kl=50 | epoch=14/1000 | objective=-10.521880 | rate=10.521880 | power=29.999939 | r_p=0.000000 | r_c=0.000000 | r_s=0.009376 | status=running
[UL Convergence] | phase=optimize | user=0 | block=1 | n_kl=50 | epoch=15/1000 | objective=-10.564453 | rate=10.564453 | power=29.999939 | r_p=0.000000 | r_c=0.000000 | r_s=0.009313 | status=running
[UL Convergence] | phase=optimize | user=0 | block=1 | n_kl=50 | epoch=16/1000 | objective=-10.605982 | rate=10.605982 | power=29.999939 | r_p=0.000000 | r_c=0.000000 | r_s=0.009256 | status=running
[UL Convergence] | phase=optimize | user=0 | block=1 | n_kl=50 | epoch=17/1000 | objective=-10.646522 | rate=10.646522 | power=29.999939 | r_p=0.000000 | r_c=0.000000 | r_s=0.009203 | status=running
[UL Convergence] | phase=optimize | user=0 | block=1 | n_kl=50 | epoch=18/1000 | objective=-10.686125 | rate=10.686125 | power=29.999935 | r_p=0.000000 | r_c=0.000000 | r_s=0.009151 | status=running
[UL Convergence] | phase=optimize | user=0 | block=1 | n_kl=50 | epoch=19/1000 | objective=-10.721923 | rate=10.721923 | power=29.978689 | r_p=0.000000 | r_c=0.000000 | r_s=0.009106 | status=running
[UL Convergence] | phase=optimize | user=0 | block=1 | n_kl=50 | epoch=20/1000 | objective=-10.759521 | rate=10.759521 | power=29.999935 | r_p=0.000000 | r_c=0.000000 | r_s=0.007960 | status=running
[UL Convergence] | phase=optimize | user=0 | block=1 | n_kl=50 | epoch=21/1000 | objective=-10.793438 | rate=10.793438 | power=29.999939 | r_p=0.000000 | r_c=0.000000 | r_s=0.007857 | status=running
[UL Convergence] | phase=optimize | user=0 | block=1 | n_kl=50 | epoch=22/1000 | objective=-10.826650 | rate=10.826650 | power=29.999939 | r_p=0.000000 | r_c=0.000000 | r_s=0.007776 | status=running
[UL Convergence] | phase=optimize | user=0 | block=1 | n_kl=50 | epoch=23/1000 | objective=-10.859219 | rate=10.859219 | power=29.999939 | r_p=0.000000 | r_c=0.000000 | r_s=0.007705 | status=running
[UL Convergence] | phase=optimize | user=0 | block=1 | n_kl=50 | epoch=24/1000 | objective=-10.891192 | rate=10.891192 | power=29.999939 | r_p=0.000000 | r_c=0.000000 | r_s=0.007643 | status=running
[UL Convergence] | phase=optimize | user=0 | block=1 | n_kl=50 | epoch=25/1000 | objective=-10.922612 | rate=10.922612 | power=29.999939 | r_p=0.000000 | r_c=0.000000 | r_s=0.007590 | status=running
[UL Convergence] | phase=optimize | user=0 | block=1 | n_kl=50 | epoch=26/1000 | objective=-10.953526 | rate=10.953526 | power=29.999939 | r_p=0.000000 | r_c=0.000000 | r_s=0.007544 | status=running
[UL Convergence] | phase=optimize | user=0 | block=1 | n_kl=50 | epoch=27/1000 | objective=-10.983978 | rate=10.983978 | power=29.999935 | r_p=0.000000 | r_c=0.000000 | r_s=0.007505 | status=running
[UL Convergence] | phase=optimize | user=0 | block=1 | n_kl=50 | epoch=28/1000 | objective=-11.014015 | rate=11.014015 | power=29.999939 | r_p=0.000000 | r_c=0.000000 | r_s=0.007471 | status=running
[UL Convergence] | phase=optimize | user=0 | block=1 | n_kl=50 | epoch=29/1000 | objective=-11.043666 | rate=11.043666 | power=29.999939 | r_p=0.000000 | r_c=0.000000 | r_s=0.007442 | status=running
[UL Convergence] | phase=optimize | user=0 | block=1 | n_kl=50 | epoch=30/1000 | objective=-11.072997 | rate=11.072997 | power=29.999939 | r_p=0.000000 | r_c=0.000000 | r_s=0.007418 | status=running
[UL Convergence] | phase=optimize | user=0 | block=1 | n_kl=50 | epoch=31/1000 | objective=-11.102024 | rate=11.102024 | power=29.999945 | r_p=0.000000 | r_c=0.000000 | r_s=0.007399 | status=running
[UL Convergence] | phase=optimize | user=0 | block=1 | n_kl=50 | epoch=32/1000 | objective=-11.130802 | rate=11.130802 | power=29.999945 | r_p=0.000000 | r_c=0.000000 | r_s=0.007384 | status=running
[UL Convergence] | phase=optimize | user=0 | block=1 | n_kl=50 | epoch=33/1000 | objective=-11.159373 | rate=11.159373 | power=29.999939 | r_p=0.000000 | r_c=0.000000 | r_s=0.007374 | status=running
[UL Convergence] | phase=optimize | user=0 | block=1 | n_kl=50 | epoch=34/1000 | objective=-11.187783 | rate=11.187783 | power=29.999939 | r_p=0.000000 | r_c=0.000000 | r_s=0.007371 | status=running
[UL Convergence] | phase=optimize | user=0 | block=1 | n_kl=50 | epoch=35/1000 | objective=-11.216073 | rate=11.216073 | power=29.999945 | r_p=0.000000 | r_c=0.000000 | r_s=0.007373 | status=running
[UL Convergence] | phase=optimize | user=0 | block=1 | n_kl=50 | epoch=36/1000 | objective=-11.244308 | rate=11.244308 | power=29.999939 | r_p=0.000000 | r_c=0.000000 | r_s=0.007382 | status=running
[UL Convergence] | phase=optimize | user=0 | block=1 | n_kl=50 | epoch=37/1000 | objective=-11.272505 | rate=11.272505 | power=29.999939 | r_p=0.000000 | r_c=0.000000 | r_s=0.007399 | status=running
[UL Convergence] | phase=optimize | user=0 | block=1 | n_kl=50 | epoch=38/1000 | objective=-11.300756 | rate=11.300756 | power=29.999935 | r_p=0.000000 | r_c=0.000000 | r_s=0.007424 | status=running
[UL Convergence] | phase=optimize | user=0 | block=1 | n_kl=50 | epoch=39/1000 | objective=-11.329078 | rate=11.329078 | power=29.999939 | r_p=0.000000 | r_c=0.000000 | r_s=0.007457 | status=running
[UL Convergence] | phase=optimize | user=0 | block=1 | n_kl=50 | epoch=40/1000 | objective=-11.357533 | rate=11.357533 | power=29.999939 | r_p=0.000000 | r_c=0.000000 | r_s=0.007499 | status=running
[UL Convergence] | phase=optimize | user=0 | block=1 | n_kl=50 | epoch=41/1000 | objective=-11.386167 | rate=11.386167 | power=29.999935 | r_p=0.000000 | r_c=0.000000 | r_s=0.007549 | status=running
[UL Convergence] | phase=optimize | user=0 | block=1 | n_kl=50 | epoch=42/1000 | objective=-11.415019 | rate=11.415019 | power=29.999945 | r_p=0.000000 | r_c=0.000000 | r_s=0.007606 | status=running
[UL Convergence] | phase=optimize | user=0 | block=1 | n_kl=50 | epoch=43/1000 | objective=-11.444132 | rate=11.444132 | power=29.999939 | r_p=0.000000 | r_c=0.000000 | r_s=0.007671 | status=running
[UL Convergence] | phase=optimize | user=0 | block=1 | n_kl=50 | epoch=44/1000 | objective=-11.473540 | rate=11.473540 | power=29.999939 | r_p=0.000000 | r_c=0.000000 | r_s=0.007743 | status=running
[UL Convergence] | phase=optimize | user=0 | block=1 | n_kl=50 | epoch=45/1000 | objective=-11.503254 | rate=11.503254 | power=29.999939 | r_p=0.000000 | r_c=0.000000 | r_s=0.007819 | status=running
[UL Convergence] | phase=optimize | user=0 | block=1 | n_kl=50 | epoch=46/1000 | objective=-11.533304 | rate=11.533304 | power=29.999935 | r_p=0.000000 | r_c=0.000000 | r_s=0.007900 | status=running
[UL Convergence] | phase=optimize | user=0 | block=1 | n_kl=50 | epoch=47/1000 | objective=-11.563677 | rate=11.563677 | power=29.999945 | r_p=0.000000 | r_c=0.000000 | r_s=0.007984 | status=running
[UL Convergence] | phase=optimize | user=0 | block=1 | n_kl=50 | epoch=48/1000 | objective=-11.594382 | rate=11.594382 | power=29.999939 | r_p=0.000000 | r_c=0.000000 | r_s=0.008070 | status=running
[UL Convergence] | phase=optimize | user=0 | block=1 | n_kl=50 | epoch=49/1000 | objective=-11.625395 | rate=11.625395 | power=29.999939 | r_p=0.000000 | r_c=0.000000 | r_s=0.008156 | status=running
[UL Convergence] | phase=optimize | user=0 | block=1 | n_kl=50 | epoch=50/1000 | objective=-11.656662 | rate=11.656662 | power=29.999939 | r_p=0.000000 | r_c=0.000000 | r_s=0.008241 | status=running
[UL Convergence] | phase=optimize | user=0 | block=1 | n_kl=50 | epoch=51/1000 | objective=-11.688158 | rate=11.688158 | power=29.999939 | r_p=0.000000 | r_c=0.000000 | r_s=0.008323 | status=running
[UL Convergence] | phase=optimize | user=0 | block=1 | n_kl=50 | epoch=52/1000 | objective=-11.719820 | rate=11.719820 | power=29.999939 | r_p=0.000000 | r_c=0.000000 | r_s=0.008400 | status=running
[UL Convergence] | phase=optimize | user=0 | block=1 | n_kl=50 | epoch=53/1000 | objective=-11.751574 | rate=11.751574 | power=29.999935 | r_p=0.000000 | r_c=0.000000 | r_s=0.008472 | status=running
[UL Convergence] | phase=optimize | user=0 | block=1 | n_kl=50 | epoch=54/1000 | objective=-11.783336 | rate=11.783336 | power=29.999939 | r_p=0.000000 | r_c=0.000000 | r_s=0.008535 | status=running
[UL Convergence] | phase=optimize | user=0 | block=1 | n_kl=50 | epoch=55/1000 | objective=-11.815022 | rate=11.815022 | power=29.999939 | r_p=0.000000 | r_c=0.000000 | r_s=0.008590 | status=running
[UL Convergence] | phase=optimize | user=0 | block=1 | n_kl=50 | epoch=56/1000 | objective=-11.846547 | rate=11.846547 | power=29.999939 | r_p=0.000000 | r_c=0.000000 | r_s=0.008634 | status=running
[UL Convergence] | phase=optimize | user=0 | block=1 | n_kl=50 | epoch=57/1000 | objective=-11.877810 | rate=11.877810 | power=29.999939 | r_p=0.000000 | r_c=0.000000 | r_s=0.008667 | status=running
[UL Convergence] | phase=optimize | user=0 | block=1 | n_kl=50 | epoch=58/1000 | objective=-11.908721 | rate=11.908721 | power=29.999939 | r_p=0.000000 | r_c=0.000000 | r_s=0.008688 | status=running
[UL Convergence] | phase=optimize | user=0 | block=1 | n_kl=50 | epoch=59/1000 | objective=-11.939175 | rate=11.939175 | power=29.999939 | r_p=0.000000 | r_c=0.000000 | r_s=0.008697 | status=running
[UL Convergence] | phase=optimize | user=0 | block=1 | n_kl=50 | epoch=60/1000 | objective=-11.969091 | rate=11.969091 | power=29.999939 | r_p=0.000000 | r_c=0.000000 | r_s=0.008692 | status=running
[UL Convergence] | phase=optimize | user=0 | block=1 | n_kl=50 | epoch=61/1000 | objective=-11.998367 | rate=11.998367 | power=29.999939 | r_p=0.000000 | r_c=0.000000 | r_s=0.008674 | status=running
[UL Convergence] | phase=optimize | user=0 | block=1 | n_kl=50 | epoch=62/1000 | objective=-12.026949 | rate=12.026949 | power=29.999939 | r_p=0.000000 | r_c=0.000000 | r_s=0.008642 | status=running
[UL Convergence] | phase=optimize | user=0 | block=1 | n_kl=50 | epoch=63/1000 | objective=-12.054738 | rate=12.054738 | power=29.999939 | r_p=0.000000 | r_c=0.000000 | r_s=0.008597 | status=running
[UL Convergence] | phase=optimize | user=0 | block=1 | n_kl=50 | epoch=64/1000 | objective=-12.081688 | rate=12.081688 | power=29.999939 | r_p=0.000000 | r_c=0.000000 | r_s=0.008538 | status=running
[UL Convergence] | phase=optimize | user=0 | block=1 | n_kl=50 | epoch=65/1000 | objective=-12.107727 | rate=12.107727 | power=29.999939 | r_p=0.000000 | r_c=0.000000 | r_s=0.008467 | status=running
[UL Convergence] | phase=optimize | user=0 | block=1 | n_kl=50 | epoch=66/1000 | objective=-12.132831 | rate=12.132831 | power=29.999939 | r_p=0.000000 | r_c=0.000000 | r_s=0.008383 | status=running
[UL Convergence] | phase=optimize | user=0 | block=1 | n_kl=50 | epoch=67/1000 | objective=-12.156936 | rate=12.156936 | power=29.999939 | r_p=0.000000 | r_c=0.000000 | r_s=0.008287 | status=running
[UL Convergence] | phase=optimize | user=0 | block=1 | n_kl=50 | epoch=68/1000 | objective=-12.180037 | rate=12.180037 | power=29.999939 | r_p=0.000000 | r_c=0.000000 | r_s=0.008180 | status=running
[UL Convergence] | phase=optimize | user=0 | block=1 | n_kl=50 | epoch=69/1000 | objective=-12.202107 | rate=12.202107 | power=29.999939 | r_p=0.000000 | r_c=0.000000 | r_s=0.008062 | status=running
[UL Convergence] | phase=optimize | user=0 | block=1 | n_kl=50 | epoch=70/1000 | objective=-12.223143 | rate=12.223143 | power=29.999939 | r_p=0.000000 | r_c=0.000000 | r_s=0.007934 | status=running
[UL Convergence] | phase=optimize | user=0 | block=1 | n_kl=50 | epoch=71/1000 | objective=-12.243124 | rate=12.243124 | power=29.999939 | r_p=0.000000 | r_c=0.000000 | r_s=0.007797 | status=running
[UL Convergence] | phase=optimize | user=0 | block=1 | n_kl=50 | epoch=72/1000 | objective=-12.262082 | rate=12.262082 | power=29.999945 | r_p=0.000000 | r_c=0.000000 | r_s=0.007652 | status=running
[UL Convergence] | phase=optimize | user=0 | block=1 | n_kl=50 | epoch=73/1000 | objective=-12.280002 | rate=12.280002 | power=29.999939 | r_p=0.000000 | r_c=0.000000 | r_s=0.007499 | status=running
[UL Convergence] | phase=optimize | user=0 | block=1 | n_kl=50 | epoch=74/1000 | objective=-12.296916 | rate=12.296916 | power=29.999945 | r_p=0.000000 | r_c=0.000000 | r_s=0.007340 | status=running
[UL Convergence] | phase=optimize | user=0 | block=1 | n_kl=50 | epoch=75/1000 | objective=-12.312849 | rate=12.312849 | power=29.999945 | r_p=0.000000 | r_c=0.000000 | r_s=0.007175 | status=running
[UL Convergence] | phase=optimize | user=0 | block=1 | n_kl=50 | epoch=76/1000 | objective=-12.327822 | rate=12.327822 | power=29.999939 | r_p=0.000000 | r_c=0.000000 | r_s=0.007005 | status=running
[UL Convergence] | phase=optimize | user=0 | block=1 | n_kl=50 | epoch=77/1000 | objective=-12.341850 | rate=12.341850 | power=29.999939 | r_p=0.000000 | r_c=0.000000 | r_s=0.006830 | status=running
[UL Convergence] | phase=optimize | user=0 | block=1 | n_kl=50 | epoch=78/1000 | objective=-12.354988 | rate=12.354988 | power=29.999945 | r_p=0.000000 | r_c=0.000000 | r_s=0.006653 | status=running
[UL Convergence] | phase=optimize | user=0 | block=1 | n_kl=50 | epoch=79/1000 | objective=-12.367266 | rate=12.367266 | power=29.999945 | r_p=0.000000 | r_c=0.000000 | r_s=0.006473 | status=running
[UL Convergence] | phase=optimize | user=0 | block=1 | n_kl=50 | epoch=80/1000 | objective=-12.378708 | rate=12.378708 | power=29.999939 | r_p=0.000000 | r_c=0.000000 | r_s=0.006291 | status=running
[UL Convergence] | phase=optimize | user=0 | block=1 | n_kl=50 | epoch=81/1000 | objective=-12.389361 | rate=12.389361 | power=29.999945 | r_p=0.000000 | r_c=0.000000 | r_s=0.006108 | status=running
[UL Convergence] | phase=optimize | user=0 | block=1 | n_kl=50 | epoch=82/1000 | objective=-12.399261 | rate=12.399261 | power=29.999939 | r_p=0.000000 | r_c=0.000000 | r_s=0.005925 | status=running
[UL Convergence] | phase=optimize | user=0 | block=1 | n_kl=50 | epoch=83/1000 | objective=-12.408443 | rate=12.408443 | power=29.999945 | r_p=0.000000 | r_c=0.000000 | r_s=0.005742 | status=running
[UL Convergence] | phase=optimize | user=0 | block=1 | n_kl=50 | epoch=84/1000 | objective=-12.416948 | rate=12.416948 | power=29.999939 | r_p=0.000000 | r_c=0.000000 | r_s=0.005560 | status=running
[UL Convergence] | phase=optimize | user=0 | block=1 | n_kl=50 | epoch=85/1000 | objective=-12.424818 | rate=12.424818 | power=29.999939 | r_p=0.000000 | r_c=0.000000 | r_s=0.005378 | status=running
[UL Convergence] | phase=optimize | user=0 | block=1 | n_kl=50 | epoch=86/1000 | objective=-12.432075 | rate=12.432075 | power=29.999939 | r_p=0.000000 | r_c=0.000000 | r_s=0.005199 | status=running
[UL Convergence] | phase=optimize | user=0 | block=1 | n_kl=50 | epoch=87/1000 | objective=-12.438763 | rate=12.438763 | power=29.999945 | r_p=0.000000 | r_c=0.000000 | r_s=0.005021 | status=running
[UL Convergence] | phase=optimize | user=0 | block=1 | n_kl=50 | epoch=88/1000 | objective=-12.444916 | rate=12.444916 | power=29.999939 | r_p=0.000000 | r_c=0.000000 | r_s=0.004846 | status=running
[UL Convergence] | phase=optimize | user=0 | block=1 | n_kl=50 | epoch=89/1000 | objective=-12.450578 | rate=12.450578 | power=29.999939 | r_p=0.000000 | r_c=0.000000 | r_s=0.004673 | status=running
[UL Convergence] | phase=optimize | user=0 | block=1 | n_kl=50 | epoch=90/1000 | objective=-12.455770 | rate=12.455770 | power=29.999939 | r_p=0.000000 | r_c=0.000000 | r_s=0.004503 | status=running
[UL Convergence] | phase=optimize | user=0 | block=1 | n_kl=50 | epoch=91/1000 | objective=-12.460522 | rate=12.460522 | power=29.999939 | r_p=0.000000 | r_c=0.000000 | r_s=0.004336 | status=running
[UL Convergence] | phase=optimize | user=0 | block=1 | n_kl=50 | epoch=92/1000 | objective=-12.464872 | rate=12.464872 | power=29.999929 | r_p=0.000000 | r_c=0.000000 | r_s=0.004172 | status=running
[UL Convergence] | phase=optimize | user=0 | block=1 | n_kl=50 | epoch=93/1000 | objective=-12.468843 | rate=12.468843 | power=29.999939 | r_p=0.000000 | r_c=0.000000 | r_s=0.004012 | status=running
[UL Convergence] | phase=optimize | user=0 | block=1 | n_kl=50 | epoch=94/1000 | objective=-12.472458 | rate=12.472458 | power=29.999939 | r_p=0.000000 | r_c=0.000000 | r_s=0.003855 | status=running
[UL Convergence] | phase=optimize | user=0 | block=1 | n_kl=50 | epoch=95/1000 | objective=-12.475755 | rate=12.475755 | power=29.999939 | r_p=0.000000 | r_c=0.000000 | r_s=0.003701 | status=running
[UL Convergence] | phase=optimize | user=0 | block=1 | n_kl=50 | epoch=96/1000 | objective=-12.478738 | rate=12.478738 | power=29.999935 | r_p=0.000000 | r_c=0.000000 | r_s=0.003550 | status=running
[UL Convergence] | phase=optimize | user=0 | block=1 | n_kl=50 | epoch=97/1000 | objective=-12.481447 | rate=12.481447 | power=29.999935 | r_p=0.000000 | r_c=0.000000 | r_s=0.003403 | status=running
[UL Convergence] | phase=optimize | user=0 | block=1 | n_kl=50 | epoch=98/1000 | objective=-12.483910 | rate=12.483910 | power=29.999939 | r_p=0.000000 | r_c=0.000000 | r_s=0.003260 | status=running
[UL Convergence] | phase=optimize | user=0 | block=1 | n_kl=50 | epoch=99/1000 | objective=-12.486125 | rate=12.486125 | power=29.999939 | r_p=0.000000 | r_c=0.000000 | r_s=0.003120 | status=running
[UL Convergence] | phase=optimize | user=0 | block=1 | n_kl=50 | epoch=100/1000 | objective=-12.488127 | rate=12.488127 | power=29.999939 | r_p=0.000000 | r_c=0.000000 | r_s=0.002984 | status=running
[UL Convergence] | phase=optimize | user=0 | block=1 | n_kl=50 | epoch=101/1000 | objective=-12.489930 | rate=12.489930 | power=29.999939 | r_p=0.000000 | r_c=0.000000 | r_s=0.002851 | status=running
[UL Convergence] | phase=optimize | user=0 | block=1 | n_kl=50 | epoch=102/1000 | objective=-12.491552 | rate=12.491552 | power=29.999939 | r_p=0.000000 | r_c=0.000000 | r_s=0.002722 | status=running
[UL Convergence] | phase=optimize | user=0 | block=1 | n_kl=50 | epoch=103/1000 | objective=-12.493004 | rate=12.493004 | power=29.999939 | r_p=0.000000 | r_c=0.000000 | r_s=0.002597 | status=running
[UL Convergence] | phase=optimize | user=0 | block=1 | n_kl=50 | epoch=104/1000 | objective=-12.494306 | rate=12.494306 | power=29.999945 | r_p=0.000000 | r_c=0.000000 | r_s=0.002475 | status=running
[UL Convergence] | phase=optimize | user=0 | block=1 | n_kl=50 | epoch=105/1000 | objective=-12.495478 | rate=12.495478 | power=29.999939 | r_p=0.000000 | r_c=0.000000 | r_s=0.002357 | status=running
[UL Convergence] | phase=optimize | user=0 | block=1 | n_kl=50 | epoch=106/1000 | objective=-12.496517 | rate=12.496517 | power=29.999939 | r_p=0.000000 | r_c=0.000000 | r_s=0.002243 | status=running
[UL Convergence] | phase=optimize | user=0 | block=1 | n_kl=50 | epoch=107/1000 | objective=-12.497446 | rate=12.497446 | power=29.999939 | r_p=0.000000 | r_c=0.000000 | r_s=0.002132 | status=running
[UL Convergence] | phase=optimize | user=0 | block=1 | n_kl=50 | epoch=108/1000 | objective=-12.498275 | rate=12.498275 | power=29.999939 | r_p=0.000000 | r_c=0.000000 | r_s=0.002025 | status=running
[UL Convergence] | phase=optimize | user=0 | block=1 | n_kl=50 | epoch=109/1000 | objective=-12.499010 | rate=12.499010 | power=29.999939 | r_p=0.000000 | r_c=0.000000 | r_s=0.001922 | status=running
[UL Convergence] | phase=optimize | user=0 | block=1 | n_kl=50 | epoch=110/1000 | objective=-12.499664 | rate=12.499664 | power=29.999935 | r_p=0.000000 | r_c=0.000000 | r_s=0.001822 | status=running
[UL Convergence] | phase=optimize | user=0 | block=1 | n_kl=50 | epoch=111/1000 | objective=-12.500240 | rate=12.500240 | power=29.999939 | r_p=0.000000 | r_c=0.000000 | r_s=0.001726 | status=running
[UL Convergence] | phase=optimize | user=0 | block=1 | n_kl=50 | epoch=112/1000 | objective=-12.500755 | rate=12.500755 | power=29.999939 | r_p=0.000000 | r_c=0.000000 | r_s=0.001634 | status=running
[UL Convergence] | phase=optimize | user=0 | block=1 | n_kl=50 | epoch=113/1000 | objective=-12.501211 | rate=12.501211 | power=29.999939 | r_p=0.000000 | r_c=0.000000 | r_s=0.001545 | status=running
[UL Convergence] | phase=optimize | user=0 | block=1 | n_kl=50 | epoch=114/1000 | objective=-12.501610 | rate=12.501610 | power=29.999945 | r_p=0.000000 | r_c=0.000000 | r_s=0.001460 | status=running
[UL Convergence] | phase=optimize | user=0 | block=1 | n_kl=50 | epoch=115/1000 | objective=-12.501966 | rate=12.501966 | power=29.999945 | r_p=0.000000 | r_c=0.000000 | r_s=0.001379 | status=running
[UL Convergence] | phase=optimize | user=0 | block=1 | n_kl=50 | epoch=116/1000 | objective=-12.502274 | rate=12.502274 | power=29.999939 | r_p=0.000000 | r_c=0.000000 | r_s=0.001302 | status=running
[UL Convergence] | phase=optimize | user=0 | block=1 | n_kl=50 | epoch=117/1000 | objective=-12.502552 | rate=12.502552 | power=29.999939 | r_p=0.000000 | r_c=0.000000 | r_s=0.001228 | status=running
[UL Convergence] | phase=optimize | user=0 | block=1 | n_kl=50 | epoch=118/1000 | objective=-12.502792 | rate=12.502792 | power=29.999935 | r_p=0.000000 | r_c=0.000000 | r_s=0.001157 | status=running
[UL Convergence] | phase=optimize | user=0 | block=1 | n_kl=50 | epoch=119/1000 | objective=-12.502999 | rate=12.502999 | power=29.999939 | r_p=0.000000 | r_c=0.000000 | r_s=0.001090 | status=running
[UL Convergence] | phase=optimize | user=0 | block=1 | n_kl=50 | epoch=120/1000 | objective=-12.503199 | rate=12.503199 | power=29.999939 | r_p=0.000000 | r_c=0.000000 | r_s=0.001027 | status=running
[UL Convergence] | phase=optimize | user=0 | block=1 | n_kl=50 | epoch=121/1000 | objective=-12.503368 | rate=12.503368 | power=29.999939 | r_p=0.000000 | r_c=0.000000 | r_s=9.668472e-04 | status=running
[UL Convergence] | phase=optimize | user=0 | block=1 | n_kl=50 | epoch=122/1000 | objective=-12.503515 | rate=12.503515 | power=29.999939 | r_p=0.000000 | r_c=0.000000 | r_s=9.100178e-04 | status=running
[UL Convergence] | phase=optimize | user=0 | block=1 | n_kl=50 | epoch=123/1000 | objective=-12.503641 | rate=12.503641 | power=29.999939 | r_p=0.000000 | r_c=0.000000 | r_s=8.563541e-04 | status=running
[UL Convergence] | phase=optimize | user=0 | block=1 | n_kl=50 | epoch=124/1000 | objective=-12.503747 | rate=12.503747 | power=29.999939 | r_p=0.000000 | r_c=0.000000 | r_s=8.057629e-04 | status=running
[UL Convergence] | phase=optimize | user=0 | block=1 | n_kl=50 | epoch=125/1000 | objective=-12.503851 | rate=12.503851 | power=29.999945 | r_p=0.000000 | r_c=0.000000 | r_s=7.581781e-04 | status=running
[UL Convergence] | phase=optimize | user=0 | block=1 | n_kl=50 | epoch=126/1000 | objective=-12.503942 | rate=12.503942 | power=29.999939 | r_p=0.000000 | r_c=0.000000 | r_s=7.134377e-04 | status=running
[UL Convergence] | phase=optimize | user=0 | block=1 | n_kl=50 | epoch=127/1000 | objective=-12.504023 | rate=12.504023 | power=29.999935 | r_p=0.000000 | r_c=0.000000 | r_s=6.714505e-04 | status=running
[UL Convergence] | phase=optimize | user=0 | block=1 | n_kl=50 | epoch=128/1000 | objective=-12.504087 | rate=12.504087 | power=29.999945 | r_p=0.000000 | r_c=0.000000 | r_s=6.320978e-04 | status=running
[UL Convergence] | phase=optimize | user=0 | block=1 | n_kl=50 | epoch=129/1000 | objective=-12.504152 | rate=12.504152 | power=29.999939 | r_p=0.000000 | r_c=0.000000 | r_s=5.952298e-04 | status=kkt_converged
[UL Convergence Result] | user=0 | block=1 | n_kl=50 | achieved_rate=12.504152 | power=29.999939 | rate_gap=-4.824152 | power_gap=-6.103516e-05 | solve_status=kkt_converged
[UL Convergence Allocation] | user=0 | block=1 | n_kl=50 | requested_bits=384 | served_bits=384 | full_service=true
[UL Convergence Block] | user=0 | block=1 | stage=post_T | served_bits=384 | remaining_bits=0
[UL Convergence Reduction] | user=0 | block=1 | served_bits=384 | n_start=49 | n_min=1
[UL Convergence Solve] | user=0 | block=1 | stage=reduced_n | n_kl=49 | served_bits=384
[UL Convergence] | phase=optimize | user=0 | block=1 | n_kl=49 | epoch=1/1000 | objective=-12.478008 | rate=12.478008 | power=29.999939 | r_p=0.000000 | r_c=0.000000 | r_s=inf | status=running
[UL Convergence] | phase=optimize | user=0 | block=1 | n_kl=49 | epoch=2/1000 | objective=-12.478065 | rate=12.478065 | power=29.999935 | r_p=0.000000 | r_c=0.000000 | r_s=5.606695e-04 | status=kkt_converged
[UL Convergence Candidate] | user=0 | block=1 | n_kl=49 | achieved_rate=12.478065 | rate_gap=-4.641331 | power_gap=-6.484985e-05 | status=accepted
[UL Convergence Solve] | user=0 | block=1 | stage=reduced_n | n_kl=40 | served_bits=384
[UL Convergence] | phase=optimize | user=0 | block=1 | n_kl=40 | epoch=1/1000 | objective=-12.200510 | rate=12.200510 | power=29.999945 | r_p=0.000000 | r_c=0.000000 | r_s=inf | status=running
[UL Convergence] | phase=optimize | user=0 | block=1 | n_kl=40 | epoch=2/1000 | objective=-12.200536 | rate=12.200536 | power=29.999945 | r_p=0.000000 | r_c=0.000000 | r_s=3.359924e-04 | status=kkt_converged
[UL Convergence Candidate] | user=0 | block=1 | n_kl=40 | achieved_rate=12.200536 | rate_gap=-2.600535 | power_gap=-5.531311e-05 | status=accepted
[UL Convergence Reduction] | user=0 | block=1 | n_kl=32 | status=stop_infeasible
[UL Convergence Final] | user=0 | block=1 | feasible_points=18 | chosen_n_kl=33 | served_bits=384 | achieved_rate=11.909929 | power=29.999939 | solve_status=kkt_converged
[UL Convergence Allocation] | user=0 | block=1 | chosen_n_kl=33 | served_bits=384 | committed_bits=384 | remaining_bits=0
[UL Convergence Train] | phase=start | user=1 | mode=payload_completion
[UL Convergence Train] | user=1 | block=0 | remaining_bits=2000
[UL Convergence Block] | user=1 | block=0 | budget_mode=B_rem | requested_bits=2000
[UL Convergence Solve] | user=1 | block=0 | stage=n=T | n_kl=60 | requested_bits=2000
[UL Convergence] | phase=optimize | user=1 | block=0 | n_kl=60 | epoch=1/1000 | objective=255.666992 | rate=10.366537 | power=29.999935 | r_p=22.966795 | r_c=2.296679 | r_s=inf | status=running
[UL Convergence] | phase=optimize | user=1 | block=0 | n_kl=60 | epoch=2/1000 | objective=259.399109 | rate=10.430112 | power=29.952513 | r_p=22.903221 | r_c=7.550458 | r_s=0.010328 | status=running
[UL Convergence] | phase=optimize | user=1 | block=0 | n_kl=60 | epoch=3/1000 | objective=263.137238 | rate=10.491815 | power=29.999939 | r_p=22.841518 | r_c=12.761560 | r_s=0.007698 | status=running
[UL Convergence] | phase=optimize | user=1 | block=0 | n_kl=60 | epoch=4/1000 | objective=266.936066 | rate=10.549476 | power=29.999939 | r_p=22.783855 | r_c=17.933522 | r_s=0.008011 | status=running
[UL Convergence] | phase=optimize | user=1 | block=0 | n_kl=60 | epoch=5/1000 | objective=270.689545 | rate=10.607514 | power=29.999939 | r_p=22.725819 | r_c=23.065658 | r_s=0.008178 | status=running
[UL Convergence] | phase=optimize | user=1 | block=0 | n_kl=60 | epoch=6/1000 | objective=274.414856 | rate=10.665228 | power=29.999939 | r_p=22.668104 | r_c=28.158593 | r_s=0.008273 | status=running
[UL Convergence] | phase=optimize | user=1 | block=0 | n_kl=60 | epoch=7/1000 | objective=278.121063 | rate=10.722269 | power=29.999945 | r_p=22.611063 | r_c=33.213235 | r_s=0.008334 | status=running
[UL Convergence] | phase=optimize | user=1 | block=0 | n_kl=60 | epoch=8/1000 | objective=281.812744 | rate=10.778481 | power=29.999945 | r_p=22.554852 | r_c=38.230558 | r_s=0.008376 | status=running
[UL Convergence] | phase=optimize | user=1 | block=0 | n_kl=60 | epoch=9/1000 | objective=285.493103 | rate=10.833765 | power=29.999939 | r_p=22.499567 | r_c=43.211595 | r_s=0.008406 | status=running
[UL Convergence] | phase=optimize | user=1 | block=0 | n_kl=60 | epoch=10/1000 | objective=289.163757 | rate=10.888088 | power=29.999935 | r_p=22.445244 | r_c=48.157347 | r_s=0.008428 | status=running
[UL Convergence] | phase=optimize | user=1 | block=0 | n_kl=60 | epoch=11/1000 | objective=292.825745 | rate=10.941441 | power=29.999939 | r_p=22.391891 | r_c=53.068791 | r_s=0.008444 | status=running
[UL Convergence] | phase=optimize | user=1 | block=0 | n_kl=60 | epoch=12/1000 | objective=296.479553 | rate=10.993835 | power=29.999939 | r_p=22.339497 | r_c=57.946851 | r_s=0.008455 | status=running
[UL Convergence] | phase=optimize | user=1 | block=0 | n_kl=60 | epoch=13/1000 | objective=300.125183 | rate=11.045302 | power=29.999935 | r_p=22.288029 | r_c=62.792381 | r_s=0.008462 | status=running
[UL Convergence] | phase=optimize | user=1 | block=0 | n_kl=60 | epoch=14/1000 | objective=303.762085 | rate=11.095893 | power=29.999939 | r_p=22.237438 | r_c=67.606138 | r_s=0.008467 | status=running
[UL Convergence] | phase=optimize | user=1 | block=0 | n_kl=60 | epoch=15/1000 | objective=307.389526 | rate=11.145660 | power=29.999945 | r_p=22.187672 | r_c=72.388808 | r_s=0.008472 | status=running
[UL Convergence] | phase=optimize | user=1 | block=0 | n_kl=60 | epoch=16/1000 | objective=311.007141 | rate=11.194646 | power=29.999939 | r_p=22.138687 | r_c=77.141052 | r_s=0.008475 | status=running
[UL Convergence] | phase=optimize | user=1 | block=0 | n_kl=60 | epoch=17/1000 | objective=314.613190 | rate=11.242936 | power=29.999939 | r_p=22.090397 | r_c=81.863311 | r_s=0.008479 | status=running
[UL Convergence] | phase=optimize | user=1 | block=0 | n_kl=60 | epoch=18/1000 | objective=318.207336 | rate=11.290565 | power=29.999939 | r_p=22.042767 | r_c=86.556136 | r_s=0.008485 | status=running
[UL Convergence] | phase=optimize | user=1 | block=0 | n_kl=60 | epoch=19/1000 | objective=321.787476 | rate=11.337635 | power=29.999945 | r_p=21.995697 | r_c=91.219766 | r_s=0.008492 | status=running
[UL Convergence] | phase=optimize | user=1 | block=0 | n_kl=60 | epoch=20/1000 | objective=325.353119 | rate=11.384177 | power=29.999939 | r_p=21.949154 | r_c=95.854614 | r_s=0.008501 | status=running
[UL Convergence] | phase=optimize | user=1 | block=0 | n_kl=60 | epoch=21/1000 | objective=328.902527 | rate=11.430275 | power=29.999939 | r_p=21.903057 | r_c=100.460839 | r_s=0.008513 | status=running
[UL Convergence] | phase=optimize | user=1 | block=0 | n_kl=60 | epoch=22/1000 | objective=332.434601 | rate=11.475980 | power=29.999939 | r_p=21.857353 | r_c=105.038642 | r_s=0.008526 | status=running
[UL Convergence] | phase=optimize | user=1 | block=0 | n_kl=60 | epoch=23/1000 | objective=335.948883 | rate=11.521321 | power=29.999939 | r_p=21.812012 | r_c=109.588275 | r_s=0.008542 | status=running
[UL Convergence] | phase=optimize | user=1 | block=0 | n_kl=60 | epoch=24/1000 | objective=339.444031 | rate=11.566359 | power=29.999939 | r_p=21.766973 | r_c=114.109808 | r_s=0.008559 | status=running
[UL Convergence] | phase=optimize | user=1 | block=0 | n_kl=60 | epoch=25/1000 | objective=342.920044 | rate=11.611102 | power=29.999939 | r_p=21.722229 | r_c=118.603514 | r_s=0.008577 | status=running
[UL Convergence] | phase=optimize | user=1 | block=0 | n_kl=60 | epoch=26/1000 | objective=346.376099 | rate=11.655592 | power=29.999945 | r_p=21.677740 | r_c=123.069493 | r_s=0.008596 | status=running
[UL Convergence] | phase=optimize | user=1 | block=0 | n_kl=60 | epoch=27/1000 | objective=349.812286 | rate=11.699833 | power=29.999939 | r_p=21.633499 | r_c=127.507980 | r_s=0.008616 | status=running
[UL Convergence] | phase=optimize | user=1 | block=0 | n_kl=60 | epoch=28/1000 | objective=353.228760 | rate=11.743828 | power=29.999939 | r_p=21.589504 | r_c=131.919239 | r_s=0.008635 | status=running
[UL Convergence] | phase=optimize | user=1 | block=0 | n_kl=60 | epoch=29/1000 | objective=356.625427 | rate=11.787588 | power=29.999939 | r_p=21.545744 | r_c=136.303468 | r_s=0.008655 | status=running
[UL Convergence] | phase=optimize | user=1 | block=0 | n_kl=60 | epoch=30/1000 | objective=360.003113 | rate=11.831093 | power=29.999935 | r_p=21.502239 | r_c=140.661065 | r_s=0.008676 | status=running
[UL Convergence] | phase=optimize | user=1 | block=0 | n_kl=60 | epoch=31/1000 | objective=363.363037 | rate=11.874310 | power=29.999939 | r_p=21.459023 | r_c=144.992525 | r_s=0.008696 | status=running
[UL Convergence] | phase=optimize | user=1 | block=0 | n_kl=60 | epoch=32/1000 | objective=366.705353 | rate=11.917242 | power=29.999935 | r_p=21.416090 | r_c=149.298125 | r_s=0.008717 | status=running
[UL Convergence] | phase=optimize | user=1 | block=0 | n_kl=60 | epoch=33/1000 | objective=370.109741 | rate=11.957202 | power=29.982960 | r_p=21.376129 | r_c=153.597477 | r_s=0.008741 | status=running
[UL Convergence] | phase=optimize | user=1 | block=0 | n_kl=60 | epoch=34/1000 | objective=373.422729 | rate=11.999428 | power=29.999939 | r_p=21.333904 | r_c=157.854434 | r_s=0.008110 | status=running
[UL Convergence] | phase=optimize | user=1 | block=0 | n_kl=60 | epoch=35/1000 | objective=376.797424 | rate=12.038746 | power=29.999939 | r_p=21.294586 | r_c=162.106478 | r_s=0.008128 | status=running
[UL Convergence] | phase=optimize | user=1 | block=0 | n_kl=60 | epoch=36/1000 | objective=380.159393 | rate=12.077703 | power=29.999945 | r_p=21.255629 | r_c=166.336208 | r_s=0.008151 | status=running
[UL Convergence] | phase=optimize | user=1 | block=0 | n_kl=60 | epoch=37/1000 | objective=383.510101 | rate=12.116261 | power=29.999935 | r_p=21.217072 | r_c=170.544302 | r_s=0.008171 | status=running
[UL Convergence] | phase=optimize | user=1 | block=0 | n_kl=60 | epoch=38/1000 | objective=386.851868 | rate=12.154355 | power=29.999945 | r_p=21.178978 | r_c=174.731662 | r_s=0.008189 | status=running
[UL Convergence] | phase=optimize | user=1 | block=0 | n_kl=60 | epoch=39/1000 | objective=390.186707 | rate=12.191931 | power=29.999939 | r_p=21.141401 | r_c=178.899178 | r_s=0.008204 | status=running
[UL Convergence] | phase=optimize | user=1 | block=0 | n_kl=60 | epoch=40/1000 | objective=393.517395 | rate=12.228913 | power=29.999939 | r_p=21.104420 | r_c=183.048009 | r_s=0.008215 | status=running
[UL Convergence] | phase=optimize | user=1 | block=0 | n_kl=60 | epoch=41/1000 | objective=396.845825 | rate=12.265253 | power=29.999935 | r_p=21.068079 | r_c=187.179105 | r_s=0.008220 | status=running
[UL Convergence] | phase=optimize | user=1 | block=0 | n_kl=60 | epoch=42/1000 | objective=400.174377 | rate=12.300896 | power=29.999939 | r_p=21.032436 | r_c=191.293569 | r_s=0.008221 | status=running
[UL Convergence] | phase=optimize | user=1 | block=0 | n_kl=60 | epoch=43/1000 | objective=403.505005 | rate=12.335792 | power=29.999945 | r_p=20.997540 | r_c=195.392470 | r_s=0.008215 | status=running
[UL Convergence] | phase=optimize | user=1 | block=0 | n_kl=60 | epoch=44/1000 | objective=406.840698 | rate=12.369869 | power=29.999945 | r_p=20.963463 | r_c=199.477181 | r_s=0.008204 | status=running
[UL Convergence] | phase=optimize | user=1 | block=0 | n_kl=60 | epoch=45/1000 | objective=410.182678 | rate=12.403106 | power=29.999935 | r_p=20.930225 | r_c=203.548611 | r_s=0.008186 | status=running
[UL Convergence] | phase=optimize | user=1 | block=0 | n_kl=60 | epoch=46/1000 | objective=413.533661 | rate=12.435439 | power=29.999939 | r_p=20.897892 | r_c=207.608142 | r_s=0.008161 | status=running
[UL Convergence] | phase=optimize | user=1 | block=0 | n_kl=60 | epoch=47/1000 | objective=416.895081 | rate=12.466847 | power=29.999945 | r_p=20.866486 | r_c=211.656794 | r_s=0.008129 | status=running
[UL Convergence] | phase=optimize | user=1 | block=0 | n_kl=60 | epoch=48/1000 | objective=420.268982 | rate=12.497284 | power=29.999939 | r_p=20.836048 | r_c=215.695806 | r_s=0.008089 | status=running
[UL Convergence] | phase=optimize | user=1 | block=0 | n_kl=60 | epoch=49/1000 | objective=423.657379 | rate=12.526715 | power=29.999945 | r_p=20.806618 | r_c=219.726418 | r_s=0.008042 | status=running
[UL Convergence] | phase=optimize | user=1 | block=0 | n_kl=60 | epoch=50/1000 | objective=427.061279 | rate=12.555130 | power=29.999939 | r_p=20.778202 | r_c=223.749578 | r_s=0.007989 | status=running
[UL Convergence] | phase=optimize | user=1 | block=0 | n_kl=60 | epoch=51/1000 | objective=430.482361 | rate=12.582504 | power=29.999939 | r_p=20.750828 | r_c=227.766447 | r_s=0.007927 | status=running
[UL Convergence] | phase=optimize | user=1 | block=0 | n_kl=60 | epoch=52/1000 | objective=433.921448 | rate=12.608835 | power=29.999939 | r_p=20.724497 | r_c=231.777937 | r_s=0.007859 | status=running
[UL Convergence] | phase=optimize | user=1 | block=0 | n_kl=60 | epoch=53/1000 | objective=437.380493 | rate=12.634091 | power=29.999939 | r_p=20.699242 | r_c=235.785302 | r_s=0.007784 | status=running
[UL Convergence] | phase=optimize | user=1 | block=0 | n_kl=60 | epoch=54/1000 | objective=440.859467 | rate=12.658294 | power=29.999945 | r_p=20.675037 | r_c=239.789167 | r_s=0.007703 | status=running
[UL Convergence] | phase=optimize | user=1 | block=0 | n_kl=60 | epoch=55/1000 | objective=444.359711 | rate=12.681430 | power=29.999939 | r_p=20.651901 | r_c=243.790622 | r_s=0.007615 | status=running
[UL Convergence] | phase=optimize | user=1 | block=0 | n_kl=60 | epoch=56/1000 | objective=447.881958 | rate=12.703504 | power=29.999939 | r_p=20.629829 | r_c=247.790522 | r_s=0.007521 | status=running
[UL Convergence] | phase=optimize | user=1 | block=0 | n_kl=60 | epoch=57/1000 | objective=451.426758 | rate=12.724518 | power=29.999935 | r_p=20.608814 | r_c=251.789666 | r_s=0.007422 | status=running
[UL Convergence] | phase=optimize | user=1 | block=0 | n_kl=60 | epoch=58/1000 | objective=454.993866 | rate=12.744509 | power=29.999939 | r_p=20.588823 | r_c=255.788538 | r_s=0.007317 | status=running
[UL Convergence] | phase=optimize | user=1 | block=0 | n_kl=60 | epoch=59/1000 | objective=458.584198 | rate=12.763471 | power=29.999945 | r_p=20.569862 | r_c=259.788066 | r_s=0.007207 | status=running
[UL Convergence] | phase=optimize | user=1 | block=0 | n_kl=60 | epoch=60/1000 | objective=462.197784 | rate=12.781426 | power=29.999945 | r_p=20.551907 | r_c=263.788792 | r_s=0.007092 | status=running
[UL Convergence] | phase=optimize | user=1 | block=0 | n_kl=60 | epoch=61/1000 | objective=465.834473 | rate=12.798403 | power=29.999939 | r_p=20.534929 | r_c=267.791203 | r_s=0.006973 | status=running
[UL Convergence] | phase=optimize | user=1 | block=0 | n_kl=60 | epoch=62/1000 | objective=469.494415 | rate=12.814417 | power=29.999945 | r_p=20.518915 | r_c=271.795912 | r_s=0.006850 | status=running
[UL Convergence] | phase=optimize | user=1 | block=0 | n_kl=60 | epoch=63/1000 | objective=473.177277 | rate=12.829501 | power=29.999945 | r_p=20.503830 | r_c=275.803255 | r_s=0.006724 | status=running
[UL Convergence] | phase=optimize | user=1 | block=0 | n_kl=60 | epoch=64/1000 | objective=476.883057 | rate=12.843676 | power=29.999939 | r_p=20.489656 | r_c=279.813767 | r_s=0.006594 | status=running
[UL Convergence] | phase=optimize | user=1 | block=0 | n_kl=60 | epoch=65/1000 | objective=480.611511 | rate=12.856970 | power=29.999945 | r_p=20.476362 | r_c=283.827753 | r_s=0.006460 | status=running
[UL Convergence] | phase=optimize | user=1 | block=0 | n_kl=60 | epoch=66/1000 | objective=484.361755 | rate=12.869424 | power=29.999939 | r_p=20.463909 | r_c=287.845402 | r_s=0.006324 | status=running
[UL Convergence] | phase=optimize | user=1 | block=0 | n_kl=60 | epoch=67/1000 | objective=488.134064 | rate=12.881050 | power=29.999935 | r_p=20.452282 | r_c=291.867190 | r_s=0.006186 | status=running
[UL Convergence] | phase=optimize | user=1 | block=0 | n_kl=60 | epoch=68/1000 | objective=491.927582 | rate=12.891891 | power=29.999939 | r_p=20.441441 | r_c=295.893218 | r_s=0.006045 | status=running
[UL Convergence] | phase=optimize | user=1 | block=0 | n_kl=60 | epoch=69/1000 | objective=495.741699 | rate=12.901981 | power=29.999939 | r_p=20.431351 | r_c=299.923627 | r_s=0.005901 | status=running
[UL Convergence] | phase=optimize | user=1 | block=0 | n_kl=60 | epoch=70/1000 | objective=499.576050 | rate=12.911347 | power=29.999939 | r_p=20.421986 | r_c=303.958639 | r_s=0.005756 | status=running
[UL Convergence] | phase=optimize | user=1 | block=0 | n_kl=60 | epoch=71/1000 | objective=503.430359 | rate=12.920009 | power=29.999939 | r_p=20.413322 | r_c=307.998503 | r_s=0.005610 | status=running
[UL Convergence] | phase=optimize | user=1 | block=0 | n_kl=60 | epoch=72/1000 | objective=507.303223 | rate=12.928025 | power=29.999939 | r_p=20.405308 | r_c=312.042978 | r_s=0.005461 | status=running
[UL Convergence] | phase=optimize | user=1 | block=0 | n_kl=60 | epoch=73/1000 | objective=511.194366 | rate=12.935413 | power=29.999939 | r_p=20.397919 | r_c=316.092241 | r_s=0.005312 | status=running
[UL Convergence] | phase=optimize | user=1 | block=0 | n_kl=60 | epoch=74/1000 | objective=515.103149 | rate=12.942206 | power=29.999935 | r_p=20.391125 | r_c=320.146325 | r_s=0.005161 | status=running
[UL Convergence] | phase=optimize | user=1 | block=0 | n_kl=60 | epoch=75/1000 | objective=519.028442 | rate=12.948446 | power=29.999939 | r_p=20.384886 | r_c=324.205079 | r_s=0.005010 | status=running
[UL Convergence] | phase=optimize | user=1 | block=0 | n_kl=60 | epoch=76/1000 | objective=522.970398 | rate=12.954140 | power=29.999939 | r_p=20.379192 | r_c=328.268805 | r_s=0.004858 | status=running
[UL Convergence] | phase=optimize | user=1 | block=0 | n_kl=60 | epoch=77/1000 | objective=526.927002 | rate=12.959355 | power=29.999939 | r_p=20.373978 | r_c=332.336858 | r_s=0.004705 | status=running
[UL Convergence] | phase=optimize | user=1 | block=0 | n_kl=60 | epoch=78/1000 | objective=530.898926 | rate=12.964081 | power=29.999939 | r_p=20.369251 | r_c=336.409789 | r_s=0.004552 | status=running
[UL Convergence] | phase=optimize | user=1 | block=0 | n_kl=60 | epoch=79/1000 | objective=534.884277 | rate=12.968379 | power=29.999939 | r_p=20.364952 | r_c=340.486974 | r_s=0.004399 | status=running
[UL Convergence] | phase=optimize | user=1 | block=0 | n_kl=60 | epoch=80/1000 | objective=538.883118 | rate=12.972258 | power=29.999939 | r_p=20.361074 | r_c=344.568665 | r_s=0.004245 | status=running
[UL Convergence] | phase=optimize | user=1 | block=0 | n_kl=60 | epoch=81/1000 | objective=542.894104 | rate=12.975758 | power=29.999939 | r_p=20.357574 | r_c=348.654456 | r_s=0.004092 | status=running
[UL Convergence] | phase=optimize | user=1 | block=0 | n_kl=60 | epoch=82/1000 | objective=546.916870 | rate=12.978900 | power=29.999939 | r_p=20.354431 | r_c=352.744291 | r_s=0.003939 | status=running
[UL Convergence] | phase=optimize | user=1 | block=0 | n_kl=60 | epoch=83/1000 | objective=550.950073 | rate=12.981725 | power=29.999939 | r_p=20.351608 | r_c=356.837824 | r_s=0.003787 | status=running
[UL Convergence] | phase=optimize | user=1 | block=0 | n_kl=60 | epoch=84/1000 | objective=554.994019 | rate=12.984231 | power=29.999939 | r_p=20.349102 | r_c=360.935250 | r_s=0.003636 | status=running
[UL Convergence] | phase=optimize | user=1 | block=0 | n_kl=60 | epoch=85/1000 | objective=559.046875 | rate=12.986468 | power=29.999945 | r_p=20.346863 | r_c=365.035936 | r_s=0.003485 | status=running
[UL Convergence] | phase=optimize | user=1 | block=0 | n_kl=60 | epoch=86/1000 | objective=563.108948 | rate=12.988441 | power=29.999939 | r_p=20.344891 | r_c=369.140101 | r_s=0.003336 | status=running
[UL Convergence] | phase=optimize | user=1 | block=0 | n_kl=60 | epoch=87/1000 | objective=567.178711 | rate=12.990190 | power=29.999939 | r_p=20.343143 | r_c=373.247191 | r_s=0.003188 | status=running
[UL Convergence] | phase=optimize | user=1 | block=0 | n_kl=60 | epoch=88/1000 | objective=571.255859 | rate=12.991725 | power=29.999935 | r_p=20.341606 | r_c=377.357107 | r_s=0.003041 | status=running
[UL Convergence] | phase=optimize | user=1 | block=0 | n_kl=60 | epoch=89/1000 | objective=575.339966 | rate=12.993064 | power=29.999939 | r_p=20.340267 | r_c=381.469805 | r_s=0.002897 | status=running
[UL Convergence] | phase=optimize | user=1 | block=0 | n_kl=60 | epoch=90/1000 | objective=579.430176 | rate=12.994232 | power=29.999939 | r_p=20.339100 | r_c=385.584940 | r_s=0.002754 | status=running
[UL Convergence] | phase=optimize | user=1 | block=0 | n_kl=60 | epoch=91/1000 | objective=583.526123 | rate=12.995241 | power=29.999935 | r_p=20.338091 | r_c=389.702397 | r_s=0.002614 | status=running
[UL Convergence] | phase=optimize | user=1 | block=0 | n_kl=60 | epoch=92/1000 | objective=587.626709 | rate=12.996120 | power=29.999945 | r_p=20.337212 | r_c=393.821749 | r_s=0.002476 | status=running
[UL Convergence] | phase=optimize | user=1 | block=0 | n_kl=60 | epoch=93/1000 | objective=591.731995 | rate=12.996872 | power=29.999945 | r_p=20.336460 | r_c=397.943065 | r_s=0.002341 | status=running
[UL Convergence] | phase=optimize | user=1 | block=0 | n_kl=60 | epoch=94/1000 | objective=595.841370 | rate=12.997513 | power=29.999939 | r_p=20.335819 | r_c=402.066111 | r_s=0.002209 | status=running
[UL Convergence] | phase=optimize | user=1 | block=0 | n_kl=60 | epoch=95/1000 | objective=599.954285 | rate=12.998058 | power=29.999935 | r_p=20.335274 | r_c=406.190670 | r_s=0.002080 | status=running
[UL Convergence] | phase=optimize | user=1 | block=0 | n_kl=60 | epoch=96/1000 | objective=604.070435 | rate=12.998519 | power=29.999939 | r_p=20.334812 | r_c=410.316590 | r_s=0.001955 | status=running
[UL Convergence] | phase=optimize | user=1 | block=0 | n_kl=60 | epoch=97/1000 | objective=608.189514 | rate=12.998902 | power=29.999939 | r_p=20.334431 | r_c=414.443861 | r_s=0.001834 | status=running
[UL Convergence] | phase=optimize | user=1 | block=0 | n_kl=60 | epoch=98/1000 | objective=612.310486 | rate=12.999234 | power=29.999945 | r_p=20.334099 | r_c=418.571920 | r_s=0.001716 | status=running
[UL Convergence] | phase=optimize | user=1 | block=0 | n_kl=60 | epoch=99/1000 | objective=616.433533 | rate=12.999511 | power=29.999939 | r_p=20.333820 | r_c=422.700887 | r_s=0.001603 | status=running
[UL Convergence] | phase=optimize | user=1 | block=0 | n_kl=60 | epoch=100/1000 | objective=620.558655 | rate=12.999738 | power=29.999935 | r_p=20.333595 | r_c=426.830805 | r_s=0.001495 | status=running
[UL Convergence] | phase=optimize | user=1 | block=0 | n_kl=60 | epoch=101/1000 | objective=624.684875 | rate=12.999931 | power=29.999935 | r_p=20.333401 | r_c=430.961232 | r_s=0.001391 | status=running
[UL Convergence] | phase=optimize | user=1 | block=0 | n_kl=60 | epoch=102/1000 | objective=628.812988 | rate=13.000081 | power=29.999935 | r_p=20.333252 | r_c=435.092521 | r_s=0.001292 | status=running
[UL Convergence] | phase=optimize | user=1 | block=0 | n_kl=60 | epoch=103/1000 | objective=632.942139 | rate=13.000204 | power=29.999945 | r_p=20.333128 | r_c=439.224254 | r_s=0.001198 | status=running
[UL Convergence] | phase=optimize | user=1 | block=0 | n_kl=60 | epoch=104/1000 | objective=637.071777 | rate=13.000314 | power=29.999945 | r_p=20.333019 | r_c=443.356244 | r_s=0.001109 | status=running
[UL Convergence] | phase=optimize | user=1 | block=0 | n_kl=60 | epoch=105/1000 | objective=641.202087 | rate=13.000404 | power=29.999939 | r_p=20.332928 | r_c=447.488546 | r_s=0.001025 | status=running
[UL Convergence] | phase=optimize | user=1 | block=0 | n_kl=60 | epoch=106/1000 | objective=645.333252 | rate=13.000476 | power=29.999939 | r_p=20.332855 | r_c=451.621216 | r_s=9.469185e-04 | status=running
[UL Convergence] | phase=optimize | user=1 | block=0 | n_kl=60 | epoch=107/1000 | objective=649.465332 | rate=13.000527 | power=29.999939 | r_p=20.332806 | r_c=455.754354 | r_s=8.738797e-04 | status=running
[UL Convergence] | phase=optimize | user=1 | block=0 | n_kl=60 | epoch=108/1000 | objective=653.596863 | rate=13.000587 | power=29.999939 | r_p=20.332745 | r_c=459.887204 | r_s=8.062362e-04 | status=running
[UL Convergence] | phase=optimize | user=1 | block=0 | n_kl=60 | epoch=109/1000 | objective=657.729248 | rate=13.000630 | power=29.999939 | r_p=20.332703 | r_c=464.020451 | r_s=7.439794e-04 | status=running
[UL Convergence] | phase=optimize | user=1 | block=0 | n_kl=60 | epoch=110/1000 | objective=661.861816 | rate=13.000666 | power=29.999939 | r_p=20.332666 | r_c=468.153804 | r_s=6.870027e-04 | status=running
[UL Convergence] | phase=optimize | user=1 | block=0 | n_kl=60 | epoch=111/1000 | objective=665.994507 | rate=13.000699 | power=29.999935 | r_p=20.332634 | r_c=472.287225 | r_s=6.353142e-04 | status=running
[UL Convergence] | phase=optimize | user=1 | block=0 | n_kl=60 | epoch=112/1000 | objective=670.127197 | rate=13.000731 | power=29.999935 | r_p=20.332602 | r_c=476.420625 | r_s=5.887211e-04 | status=stationary_infeasible
[UL Convergence Result] | user=1 | block=0 | n_kl=60 | achieved_rate=13.000731 | power=29.999935 | rate_gap=20.332602 | power_gap=-6.484985e-05 | solve_status=stationary_infeasible
[UL Convergence Allocation] | user=1 | block=0 | n_kl=60 | requested_bits=2000 | served_bits=780 | full_service=false
[UL Convergence Block] | user=1 | block=0 | stage=post_T | served_bits=780 | remaining_bits=1220
[UL Convergence Reduction] | user=1 | block=0 | served_bits=780 | n_start=59 | n_min=1
[UL Convergence Reduction] | user=1 | block=0 | n_kl=59 | status=stop_partial_payload
[UL Convergence Final] | user=1 | block=0 | feasible_points=1 | chosen_n_kl=60 | served_bits=780 | achieved_rate=13.000731 | power=29.999935 | solve_status=stationary_infeasible
[UL Convergence Allocation] | user=1 | block=0 | chosen_n_kl=60 | served_bits=780 | committed_bits=780 | remaining_bits=1220
[UL Convergence Train] | user=1 | block=1 | remaining_bits=1220
[UL Convergence Block] | user=1 | block=1 | budget_mode=B_rem | requested_bits=1220
[UL Convergence Solve] | user=1 | block=1 | stage=n=T | n_kl=60 | requested_bits=1220
[UL Convergence] | phase=optimize | user=1 | block=1 | n_kl=60 | epoch=1/1000 | objective=46.101986 | rate=9.854014 | power=29.999939 | r_p=10.479320 | r_c=1.047932 | r_s=inf | status=running
[UL Convergence] | phase=optimize | user=1 | block=1 | n_kl=60 | epoch=2/1000 | objective=46.469227 | rate=9.916739 | power=29.965918 | r_p=10.416595 | r_c=2.133248 | r_s=0.010328 | status=running
[UL Convergence] | phase=optimize | user=1 | block=1 | n_kl=60 | epoch=3/1000 | objective=46.860565 | rate=9.976052 | power=29.999939 | r_p=10.357282 | r_c=3.199977 | r_s=0.008241 | status=running
[UL Convergence] | phase=optimize | user=1 | block=1 | n_kl=60 | epoch=4/1000 | objective=47.248074 | rate=10.034416 | power=29.999945 | r_p=10.298918 | r_c=4.248633 | r_s=0.008531 | status=running
[UL Convergence] | phase=optimize | user=1 | block=1 | n_kl=60 | epoch=5/1000 | objective=47.596577 | rate=10.094851 | power=29.999935 | r_p=10.238483 | r_c=5.278155 | r_s=0.008759 | status=running
[UL Convergence] | phase=optimize | user=1 | block=1 | n_kl=60 | epoch=6/1000 | objective=47.913315 | rate=10.156711 | power=29.999935 | r_p=10.176623 | r_c=6.288196 | r_s=0.008920 | status=running
[UL Convergence] | phase=optimize | user=1 | block=1 | n_kl=60 | epoch=7/1000 | objective=48.202843 | rate=10.219595 | power=29.999939 | r_p=10.113739 | r_c=7.278577 | r_s=0.009032 | status=running
[UL Convergence] | phase=optimize | user=1 | block=1 | n_kl=60 | epoch=8/1000 | objective=48.468334 | rate=10.283226 | power=29.999939 | r_p=10.050108 | r_c=8.249225 | r_s=0.009109 | status=running
[UL Convergence] | phase=optimize | user=1 | block=1 | n_kl=60 | epoch=9/1000 | objective=48.711952 | rate=10.347420 | power=29.999945 | r_p=9.985914 | r_c=9.200129 | r_s=0.009161 | status=running
[UL Convergence] | phase=optimize | user=1 | block=1 | n_kl=60 | epoch=10/1000 | objective=48.936123 | rate=10.411973 | power=29.999939 | r_p=9.921361 | r_c=10.131394 | r_s=0.009200 | status=running
[UL Convergence] | phase=optimize | user=1 | block=1 | n_kl=60 | epoch=11/1000 | objective=49.141903 | rate=10.476802 | power=29.999939 | r_p=9.856532 | r_c=11.043095 | r_s=0.009241 | status=running
[UL Convergence] | phase=optimize | user=1 | block=1 | n_kl=60 | epoch=12/1000 | objective=49.330929 | rate=10.541777 | power=29.999945 | r_p=9.791557 | r_c=11.935407 | r_s=0.009287 | status=running
[UL Convergence] | phase=optimize | user=1 | block=1 | n_kl=60 | epoch=13/1000 | objective=49.504375 | rate=10.606807 | power=29.999939 | r_p=9.726527 | r_c=12.808517 | r_s=0.009332 | status=running
[UL Convergence] | phase=optimize | user=1 | block=1 | n_kl=60 | epoch=14/1000 | objective=49.664070 | rate=10.671751 | power=29.999939 | r_p=9.661583 | r_c=13.662730 | r_s=0.009368 | status=running
[UL Convergence] | phase=optimize | user=1 | block=1 | n_kl=60 | epoch=15/1000 | objective=49.811417 | rate=10.736506 | power=29.999935 | r_p=9.596828 | r_c=14.498365 | r_s=0.009393 | status=running
[UL Convergence] | phase=optimize | user=1 | block=1 | n_kl=60 | epoch=16/1000 | objective=49.948021 | rate=10.800951 | power=29.999935 | r_p=9.532383 | r_c=15.315810 | r_s=0.009405 | status=running
[UL Convergence] | phase=optimize | user=1 | block=1 | n_kl=60 | epoch=17/1000 | objective=50.075195 | rate=10.864995 | power=29.999945 | r_p=9.468339 | r_c=16.115468 | r_s=0.009407 | status=running
[UL Convergence] | phase=optimize | user=1 | block=1 | n_kl=60 | epoch=18/1000 | objective=50.194405 | rate=10.928534 | power=29.999935 | r_p=9.404800 | r_c=16.897802 | r_s=0.009400 | status=running
[UL Convergence] | phase=optimize | user=1 | block=1 | n_kl=60 | epoch=19/1000 | objective=50.306961 | rate=10.991477 | power=29.999939 | r_p=9.341857 | r_c=17.663293 | r_s=0.009384 | status=running
[UL Convergence] | phase=optimize | user=1 | block=1 | n_kl=60 | epoch=20/1000 | objective=50.414337 | rate=11.053724 | power=29.999939 | r_p=9.279610 | r_c=18.412486 | r_s=0.009360 | status=running
[UL Convergence] | phase=optimize | user=1 | block=1 | n_kl=60 | epoch=21/1000 | objective=50.517887 | rate=11.115186 | power=29.999935 | r_p=9.218148 | r_c=19.145943 | r_s=0.009330 | status=running
[UL Convergence] | phase=optimize | user=1 | block=1 | n_kl=60 | epoch=22/1000 | objective=50.618118 | rate=11.175840 | power=29.999939 | r_p=9.157494 | r_c=19.864115 | r_s=0.009294 | status=running
[UL Convergence] | phase=optimize | user=1 | block=1 | n_kl=60 | epoch=23/1000 | objective=50.716705 | rate=11.235575 | power=29.999945 | r_p=9.097759 | r_c=20.567668 | r_s=0.009254 | status=running
[UL Convergence] | phase=optimize | user=1 | block=1 | n_kl=60 | epoch=24/1000 | objective=50.814476 | rate=11.294344 | power=29.999939 | r_p=9.038990 | r_c=21.257152 | r_s=0.009209 | status=running
[UL Convergence] | phase=optimize | user=1 | block=1 | n_kl=60 | epoch=25/1000 | objective=50.912270 | rate=11.352104 | power=29.999945 | r_p=8.981230 | r_c=21.933129 | r_s=0.009161 | status=running
[UL Convergence] | phase=optimize | user=1 | block=1 | n_kl=60 | epoch=26/1000 | objective=51.011055 | rate=11.408800 | power=29.999929 | r_p=8.924534 | r_c=22.596204 | r_s=0.009110 | status=running
[UL Convergence] | phase=optimize | user=1 | block=1 | n_kl=60 | epoch=27/1000 | objective=51.111401 | rate=11.464411 | power=29.999935 | r_p=8.868923 | r_c=23.246912 | r_s=0.009056 | status=running
[UL Convergence] | phase=optimize | user=1 | block=1 | n_kl=60 | epoch=28/1000 | objective=51.214439 | rate=11.518869 | power=29.999939 | r_p=8.814465 | r_c=23.885915 | r_s=0.008999 | status=running
[UL Convergence] | phase=optimize | user=1 | block=1 | n_kl=60 | epoch=29/1000 | objective=51.320457 | rate=11.572178 | power=29.999945 | r_p=8.761156 | r_c=24.513706 | r_s=0.008941 | status=running
[UL Convergence] | phase=optimize | user=1 | block=1 | n_kl=60 | epoch=30/1000 | objective=51.430264 | rate=11.624296 | power=29.999939 | r_p=8.709038 | r_c=25.130892 | r_s=0.008879 | status=running
[UL Convergence] | phase=optimize | user=1 | block=1 | n_kl=60 | epoch=31/1000 | objective=51.544540 | rate=11.675196 | power=29.999935 | r_p=8.658138 | r_c=25.738056 | r_s=0.008816 | status=running
[UL Convergence] | phase=optimize | user=1 | block=1 | n_kl=60 | epoch=32/1000 | objective=51.663570 | rate=11.724878 | power=29.999939 | r_p=8.608456 | r_c=26.335696 | r_s=0.008751 | status=running
[UL Convergence] | phase=optimize | user=1 | block=1 | n_kl=60 | epoch=33/1000 | objective=51.788017 | rate=11.773317 | power=29.999939 | r_p=8.560017 | r_c=26.924393 | r_s=0.008684 | status=running
[UL Convergence] | phase=optimize | user=1 | block=1 | n_kl=60 | epoch=34/1000 | objective=51.918304 | rate=11.820504 | power=29.999939 | r_p=8.512830 | r_c=27.504673 | r_s=0.008614 | status=running
[UL Convergence] | phase=optimize | user=1 | block=1 | n_kl=60 | epoch=35/1000 | objective=52.054626 | rate=11.866448 | power=29.999939 | r_p=8.466886 | r_c=28.077000 | r_s=0.008543 | status=running
[UL Convergence] | phase=optimize | user=1 | block=1 | n_kl=60 | epoch=36/1000 | objective=52.197598 | rate=11.911127 | power=29.999939 | r_p=8.422207 | r_c=28.641940 | r_s=0.008471 | status=running
[UL Convergence] | phase=optimize | user=1 | block=1 | n_kl=60 | epoch=37/1000 | objective=52.347389 | rate=11.954552 | power=29.999935 | r_p=8.378782 | r_c=29.199941 | r_s=0.008396 | status=running
[UL Convergence] | phase=optimize | user=1 | block=1 | n_kl=60 | epoch=38/1000 | objective=52.504211 | rate=11.996730 | power=29.999939 | r_p=8.336604 | r_c=29.751457 | r_s=0.008320 | status=running
[UL Convergence] | phase=optimize | user=1 | block=1 | n_kl=60 | epoch=39/1000 | objective=52.668495 | rate=12.037653 | power=29.999935 | r_p=8.295681 | r_c=30.296990 | r_s=0.008243 | status=running
[UL Convergence] | phase=optimize | user=1 | block=1 | n_kl=60 | epoch=40/1000 | objective=52.840424 | rate=12.077332 | power=29.999939 | r_p=8.256002 | r_c=30.836970 | r_s=0.008164 | status=running
[UL Convergence] | phase=optimize | user=1 | block=1 | n_kl=60 | epoch=41/1000 | objective=53.020069 | rate=12.115784 | power=29.999935 | r_p=8.217550 | r_c=31.371788 | r_s=0.008084 | status=running
[UL Convergence] | phase=optimize | user=1 | block=1 | n_kl=60 | epoch=42/1000 | objective=53.207779 | rate=12.153007 | power=29.999939 | r_p=8.180327 | r_c=31.901907 | r_s=0.008003 | status=running
[UL Convergence] | phase=optimize | user=1 | block=1 | n_kl=60 | epoch=43/1000 | objective=53.403481 | rate=12.189029 | power=29.999935 | r_p=8.144305 | r_c=32.427657 | r_s=0.007921 | status=running
[UL Convergence] | phase=optimize | user=1 | block=1 | n_kl=60 | epoch=44/1000 | objective=53.607372 | rate=12.223859 | power=29.999935 | r_p=8.109475 | r_c=32.949437 | r_s=0.007837 | status=running
[UL Convergence] | phase=optimize | user=1 | block=1 | n_kl=60 | epoch=45/1000 | objective=53.819733 | rate=12.257498 | power=29.999939 | r_p=8.075836 | r_c=33.467667 | r_s=0.007753 | status=running
[UL Convergence] | phase=optimize | user=1 | block=1 | n_kl=60 | epoch=46/1000 | objective=54.040386 | rate=12.289982 | power=29.999939 | r_p=8.043352 | r_c=33.982615 | r_s=0.007668 | status=running
[UL Convergence] | phase=optimize | user=1 | block=1 | n_kl=60 | epoch=47/1000 | objective=54.269493 | rate=12.321321 | power=29.999939 | r_p=8.012012 | r_c=34.494642 | r_s=0.007582 | status=running
[UL Convergence] | phase=optimize | user=1 | block=1 | n_kl=60 | epoch=48/1000 | objective=54.507179 | rate=12.351528 | power=29.999935 | r_p=7.981806 | r_c=35.004094 | r_s=0.007495 | status=running
[UL Convergence] | phase=optimize | user=1 | block=1 | n_kl=60 | epoch=49/1000 | objective=54.753479 | rate=12.380621 | power=29.999939 | r_p=7.952713 | r_c=35.511278 | r_s=0.007408 | status=running
[UL Convergence] | phase=optimize | user=1 | block=1 | n_kl=60 | epoch=50/1000 | objective=55.008247 | rate=12.408632 | power=29.999935 | r_p=7.924702 | r_c=36.016428 | r_s=0.007319 | status=running
[UL Convergence] | phase=optimize | user=1 | block=1 | n_kl=60 | epoch=51/1000 | objective=55.271633 | rate=12.435571 | power=29.999935 | r_p=7.897763 | r_c=36.519872 | r_s=0.007230 | status=running
[UL Convergence] | phase=optimize | user=1 | block=1 | n_kl=60 | epoch=52/1000 | objective=55.543594 | rate=12.461460 | power=29.999939 | r_p=7.871874 | r_c=37.021859 | r_s=0.007140 | status=running
[UL Convergence] | phase=optimize | user=1 | block=1 | n_kl=60 | epoch=53/1000 | objective=55.824097 | rate=12.486323 | power=29.999935 | r_p=7.847011 | r_c=37.522632 | r_s=0.007050 | status=running
[UL Convergence] | phase=optimize | user=1 | block=1 | n_kl=60 | epoch=54/1000 | objective=56.113060 | rate=12.510185 | power=29.999939 | r_p=7.823149 | r_c=38.022414 | r_s=0.006958 | status=running
[UL Convergence] | phase=optimize | user=1 | block=1 | n_kl=60 | epoch=55/1000 | objective=56.410568 | rate=12.533058 | power=29.999939 | r_p=7.800276 | r_c=38.521473 | r_s=0.006866 | status=running
[UL Convergence] | phase=optimize | user=1 | block=1 | n_kl=60 | epoch=56/1000 | objective=56.716423 | rate=12.554976 | power=29.999935 | r_p=7.778358 | r_c=39.019968 | r_s=0.006773 | status=running
[UL Convergence] | phase=optimize | user=1 | block=1 | n_kl=60 | epoch=57/1000 | objective=57.030594 | rate=12.575957 | power=29.999939 | r_p=7.757377 | r_c=39.518110 | r_s=0.006680 | status=running
[UL Convergence] | phase=optimize | user=1 | block=1 | n_kl=60 | epoch=58/1000 | objective=57.353195 | rate=12.596014 | power=29.999935 | r_p=7.737320 | r_c=40.016149 | r_s=0.006586 | status=running
[UL Convergence] | phase=optimize | user=1 | block=1 | n_kl=60 | epoch=59/1000 | objective=57.683880 | rate=12.615187 | power=29.999939 | r_p=7.718147 | r_c=40.514169 | r_s=0.006491 | status=running
[UL Convergence] | phase=optimize | user=1 | block=1 | n_kl=60 | epoch=60/1000 | objective=58.022747 | rate=12.633486 | power=29.999939 | r_p=7.699848 | r_c=41.012398 | r_s=0.006395 | status=running
[UL Convergence] | phase=optimize | user=1 | block=1 | n_kl=60 | epoch=61/1000 | objective=58.369530 | rate=12.650946 | power=29.999939 | r_p=7.682388 | r_c=41.510933 | r_s=0.006298 | status=running
[UL Convergence] | phase=optimize | user=1 | block=1 | n_kl=60 | epoch=62/1000 | objective=58.724281 | rate=12.667580 | power=29.999935 | r_p=7.665754 | r_c=42.009966 | r_s=0.006201 | status=running
[UL Convergence] | phase=optimize | user=1 | block=1 | n_kl=60 | epoch=63/1000 | objective=59.086819 | rate=12.683415 | power=29.999939 | r_p=7.649919 | r_c=42.509606 | r_s=0.006103 | status=running
[UL Convergence] | phase=optimize | user=1 | block=1 | n_kl=60 | epoch=64/1000 | objective=59.456963 | rate=12.698481 | power=29.999935 | r_p=7.634853 | r_c=43.009951 | r_s=0.006004 | status=running
[UL Convergence] | phase=optimize | user=1 | block=1 | n_kl=60 | epoch=65/1000 | objective=59.834652 | rate=12.712794 | power=29.999939 | r_p=7.620540 | r_c=43.511134 | r_s=0.005905 | status=running
[UL Convergence] | phase=optimize | user=1 | block=1 | n_kl=60 | epoch=66/1000 | objective=60.219852 | rate=12.726373 | power=29.999939 | r_p=7.606961 | r_c=44.013296 | r_s=0.005805 | status=running
[UL Convergence] | phase=optimize | user=1 | block=1 | n_kl=60 | epoch=67/1000 | objective=60.612160 | rate=12.739258 | power=29.999935 | r_p=7.594076 | r_c=44.516422 | r_s=0.005704 | status=running
[UL Convergence] | phase=optimize | user=1 | block=1 | n_kl=60 | epoch=68/1000 | objective=61.011654 | rate=12.751457 | power=29.999939 | r_p=7.581877 | r_c=45.020683 | r_s=0.005602 | status=running
[UL Convergence] | phase=optimize | user=1 | block=1 | n_kl=60 | epoch=69/1000 | objective=61.417999 | rate=12.763006 | power=29.999939 | r_p=7.570328 | r_c=45.526079 | r_s=0.005500 | status=running
[UL Convergence] | phase=optimize | user=1 | block=1 | n_kl=60 | epoch=70/1000 | objective=61.831375 | rate=12.773906 | power=29.999935 | r_p=7.559428 | r_c=46.032805 | r_s=0.005397 | status=running
[UL Convergence] | phase=optimize | user=1 | block=1 | n_kl=60 | epoch=71/1000 | objective=62.251183 | rate=12.784208 | power=29.999935 | r_p=7.549126 | r_c=46.540739 | r_s=0.005293 | status=running
[UL Convergence] | phase=optimize | user=1 | block=1 | n_kl=60 | epoch=72/1000 | objective=62.677677 | rate=12.793907 | power=29.999939 | r_p=7.539427 | r_c=47.050106 | r_s=0.005189 | status=running
[UL Convergence] | phase=optimize | user=1 | block=1 | n_kl=60 | epoch=73/1000 | objective=63.110298 | rate=12.803052 | power=29.999939 | r_p=7.530282 | r_c=47.560778 | r_s=0.005084 | status=running
[UL Convergence] | phase=optimize | user=1 | block=1 | n_kl=60 | epoch=74/1000 | objective=63.549088 | rate=12.811650 | power=29.999939 | r_p=7.521684 | r_c=48.072875 | r_s=0.004979 | status=running
[UL Convergence] | phase=optimize | user=1 | block=1 | n_kl=60 | epoch=75/1000 | objective=63.993782 | rate=12.819730 | power=29.999935 | r_p=7.513604 | r_c=48.586386 | r_s=0.004873 | status=running
[UL Convergence] | phase=optimize | user=1 | block=1 | n_kl=60 | epoch=76/1000 | objective=64.444481 | rate=12.827293 | power=29.999935 | r_p=7.506041 | r_c=49.101451 | r_s=0.004767 | status=running
[UL Convergence] | phase=optimize | user=1 | block=1 | n_kl=60 | epoch=77/1000 | objective=64.900612 | rate=12.834389 | power=29.999939 | r_p=7.498945 | r_c=49.617910 | r_s=0.004660 | status=running
[UL Convergence] | phase=optimize | user=1 | block=1 | n_kl=60 | epoch=78/1000 | objective=65.362289 | rate=12.841017 | power=29.999939 | r_p=7.492317 | r_c=50.135899 | r_s=0.004553 | status=running
[UL Convergence] | phase=optimize | user=1 | block=1 | n_kl=60 | epoch=79/1000 | objective=65.829170 | rate=12.847209 | power=29.999939 | r_p=7.486125 | r_c=50.655348 | r_s=0.004445 | status=running
[UL Convergence] | phase=optimize | user=1 | block=1 | n_kl=60 | epoch=80/1000 | objective=66.300957 | rate=12.852993 | power=29.999935 | r_p=7.480341 | r_c=51.176197 | r_s=0.004337 | status=running
[UL Convergence] | phase=optimize | user=1 | block=1 | n_kl=60 | epoch=81/1000 | objective=66.777832 | rate=12.858364 | power=29.999935 | r_p=7.474970 | r_c=51.698605 | r_s=0.004230 | status=running
[UL Convergence] | phase=optimize | user=1 | block=1 | n_kl=60 | epoch=82/1000 | objective=67.259331 | rate=12.863359 | power=29.999945 | r_p=7.469975 | r_c=52.222434 | r_s=0.004122 | status=running
[UL Convergence] | phase=optimize | user=1 | block=1 | n_kl=60 | epoch=83/1000 | objective=67.745285 | rate=12.867998 | power=29.999935 | r_p=7.465336 | r_c=52.747664 | r_s=0.004014 | status=running
[UL Convergence] | phase=optimize | user=1 | block=1 | n_kl=60 | epoch=84/1000 | objective=68.235603 | rate=12.872292 | power=29.999939 | r_p=7.461042 | r_c=53.274320 | r_s=0.003905 | status=running
[UL Convergence] | phase=optimize | user=1 | block=1 | n_kl=60 | epoch=85/1000 | objective=68.730003 | rate=12.876265 | power=29.999939 | r_p=7.457069 | r_c=53.802326 | r_s=0.003797 | status=running
[UL Convergence] | phase=optimize | user=1 | block=1 | n_kl=60 | epoch=86/1000 | objective=69.228500 | rate=12.879922 | power=29.999935 | r_p=7.453412 | r_c=54.331745 | r_s=0.003690 | status=running
[UL Convergence] | phase=optimize | user=1 | block=1 | n_kl=60 | epoch=87/1000 | objective=69.730698 | rate=12.883294 | power=29.999939 | r_p=7.450040 | r_c=54.862445 | r_s=0.003582 | status=running
[UL Convergence] | phase=optimize | user=1 | block=1 | n_kl=60 | epoch=88/1000 | objective=70.236473 | rate=12.886395 | power=29.999939 | r_p=7.446939 | r_c=55.394414 | r_s=0.003475 | status=running
[UL Convergence] | phase=optimize | user=1 | block=1 | n_kl=60 | epoch=89/1000 | objective=70.745644 | rate=12.889239 | power=29.999939 | r_p=7.444095 | r_c=55.927610 | r_s=0.003368 | status=running
[UL Convergence] | phase=optimize | user=1 | block=1 | n_kl=60 | epoch=90/1000 | objective=71.258087 | rate=12.891841 | power=29.999939 | r_p=7.441493 | r_c=56.462015 | r_s=0.003261 | status=running
[UL Convergence] | phase=optimize | user=1 | block=1 | n_kl=60 | epoch=91/1000 | objective=71.773666 | rate=12.894212 | power=29.999939 | r_p=7.439122 | r_c=56.997609 | r_s=0.003155 | status=running
[UL Convergence] | phase=optimize | user=1 | block=1 | n_kl=60 | epoch=92/1000 | objective=72.292038 | rate=12.896378 | power=29.999939 | r_p=7.436956 | r_c=57.534259 | r_s=0.003050 | status=running
[UL Convergence] | phase=optimize | user=1 | block=1 | n_kl=60 | epoch=93/1000 | objective=72.813171 | rate=12.898344 | power=29.999935 | r_p=7.434990 | r_c=58.071983 | r_s=0.002945 | status=running
[UL Convergence] | phase=optimize | user=1 | block=1 | n_kl=60 | epoch=94/1000 | objective=73.336929 | rate=12.900124 | power=29.999939 | r_p=7.433210 | r_c=58.610742 | r_s=0.002841 | status=running
[UL Convergence] | phase=optimize | user=1 | block=1 | n_kl=60 | epoch=95/1000 | objective=73.863037 | rate=12.901735 | power=29.999939 | r_p=7.431599 | r_c=59.150440 | r_s=0.002738 | status=running
[UL Convergence] | phase=optimize | user=1 | block=1 | n_kl=60 | epoch=96/1000 | objective=74.391495 | rate=12.903182 | power=29.999939 | r_p=7.430152 | r_c=59.691104 | r_s=0.002636 | status=running
[UL Convergence] | phase=optimize | user=1 | block=1 | n_kl=60 | epoch=97/1000 | objective=74.921997 | rate=12.904487 | power=29.999939 | r_p=7.428847 | r_c=60.232598 | r_s=0.002535 | status=running
[UL Convergence] | phase=optimize | user=1 | block=1 | n_kl=60 | epoch=98/1000 | objective=75.454361 | rate=12.905662 | power=29.999939 | r_p=7.427672 | r_c=60.774862 | r_s=0.002435 | status=running
[UL Convergence] | phase=optimize | user=1 | block=1 | n_kl=60 | epoch=99/1000 | objective=75.988670 | rate=12.906704 | power=29.999935 | r_p=7.426630 | r_c=61.317959 | r_s=0.002337 | status=running
[UL Convergence] | phase=optimize | user=1 | block=1 | n_kl=60 | epoch=100/1000 | objective=76.524719 | rate=12.907629 | power=29.999939 | r_p=7.425705 | r_c=61.861800 | r_s=0.002239 | status=running
[UL Convergence] | phase=optimize | user=1 | block=1 | n_kl=60 | epoch=101/1000 | objective=77.062225 | rate=12.908455 | power=29.999939 | r_p=7.424879 | r_c=62.406270 | r_s=0.002143 | status=running
[UL Convergence] | phase=optimize | user=1 | block=1 | n_kl=60 | epoch=102/1000 | objective=77.601219 | rate=12.909183 | power=29.999939 | r_p=7.424151 | r_c=62.951388 | r_s=0.002049 | status=running
[UL Convergence] | phase=optimize | user=1 | block=1 | n_kl=60 | epoch=103/1000 | objective=78.141579 | rate=12.909820 | power=29.999935 | r_p=7.423514 | r_c=63.497119 | r_s=0.001956 | status=running
[UL Convergence] | phase=optimize | user=1 | block=1 | n_kl=60 | epoch=104/1000 | objective=78.683044 | rate=12.910384 | power=29.999939 | r_p=7.422950 | r_c=64.043334 | r_s=0.001864 | status=running
[UL Convergence] | phase=optimize | user=1 | block=1 | n_kl=60 | epoch=105/1000 | objective=79.225670 | rate=12.910873 | power=29.999939 | r_p=7.422461 | r_c=64.590079 | r_s=0.001775 | status=running
[UL Convergence] | phase=optimize | user=1 | block=1 | n_kl=60 | epoch=106/1000 | objective=79.769279 | rate=12.911299 | power=29.999939 | r_p=7.422035 | r_c=65.137275 | r_s=0.001687 | status=running
[UL Convergence] | phase=optimize | user=1 | block=1 | n_kl=60 | epoch=107/1000 | objective=80.313789 | rate=12.911667 | power=29.999939 | r_p=7.421667 | r_c=65.684883 | r_s=0.001601 | status=running
[UL Convergence] | phase=optimize | user=1 | block=1 | n_kl=60 | epoch=108/1000 | objective=80.859177 | rate=12.911980 | power=29.999939 | r_p=7.421354 | r_c=66.232903 | r_s=0.001517 | status=running
[UL Convergence] | phase=optimize | user=1 | block=1 | n_kl=60 | epoch=109/1000 | objective=81.405243 | rate=12.912250 | power=29.999935 | r_p=7.421084 | r_c=66.781239 | r_s=0.001435 | status=running
[UL Convergence] | phase=optimize | user=1 | block=1 | n_kl=60 | epoch=110/1000 | objective=81.951904 | rate=12.912481 | power=29.999935 | r_p=7.420853 | r_c=67.329861 | r_s=0.001356 | status=running
[UL Convergence] | phase=optimize | user=1 | block=1 | n_kl=60 | epoch=111/1000 | objective=82.499214 | rate=12.912674 | power=29.999939 | r_p=7.420660 | r_c=67.878790 | r_s=0.001278 | status=running
[UL Convergence] | phase=optimize | user=1 | block=1 | n_kl=60 | epoch=112/1000 | objective=83.047073 | rate=12.912832 | power=29.999935 | r_p=7.420502 | r_c=68.427992 | r_s=0.001203 | status=running
[UL Convergence] | phase=optimize | user=1 | block=1 | n_kl=60 | epoch=113/1000 | objective=83.595322 | rate=12.912968 | power=29.999935 | r_p=7.420366 | r_c=68.977371 | r_s=0.001130 | status=running
[UL Convergence] | phase=optimize | user=1 | block=1 | n_kl=60 | epoch=114/1000 | objective=84.144035 | rate=12.913074 | power=29.999935 | r_p=7.420259 | r_c=69.526989 | r_s=0.001059 | status=running
[UL Convergence] | phase=optimize | user=1 | block=1 | n_kl=60 | epoch=115/1000 | objective=84.692909 | rate=12.913172 | power=29.999939 | r_p=7.420162 | r_c=70.076673 | r_s=9.904084e-04 | status=running
[UL Convergence] | phase=optimize | user=1 | block=1 | n_kl=60 | epoch=116/1000 | objective=85.242325 | rate=12.913237 | power=29.999939 | r_p=7.420097 | r_c=70.626644 | r_s=9.243593e-04 | status=running
[UL Convergence] | phase=optimize | user=1 | block=1 | n_kl=60 | epoch=117/1000 | objective=85.791901 | rate=12.913293 | power=29.999939 | r_p=7.420041 | r_c=71.176682 | r_s=8.607086e-04 | status=running
[UL Convergence] | phase=optimize | user=1 | block=1 | n_kl=60 | epoch=118/1000 | objective=86.341637 | rate=12.913339 | power=29.999939 | r_p=7.419995 | r_c=71.726810 | r_s=7.994907e-04 | status=running
[UL Convergence] | phase=optimize | user=1 | block=1 | n_kl=60 | epoch=119/1000 | objective=86.891525 | rate=12.913376 | power=29.999939 | r_p=7.419958 | r_c=72.277011 | r_s=7.407244e-04 | status=running
[UL Convergence] | phase=optimize | user=1 | block=1 | n_kl=60 | epoch=120/1000 | objective=87.441650 | rate=12.913400 | power=29.999935 | r_p=7.419934 | r_c=72.827335 | r_s=6.844006e-04 | status=running
[UL Convergence] | phase=optimize | user=1 | block=1 | n_kl=60 | epoch=121/1000 | objective=87.991898 | rate=12.913416 | power=29.999939 | r_p=7.419918 | r_c=73.377729 | r_s=6.305590e-04 | status=running
[UL Convergence] | phase=optimize | user=1 | block=1 | n_kl=60 | epoch=122/1000 | objective=88.542236 | rate=12.913428 | power=29.999935 | r_p=7.419906 | r_c=73.928157 | r_s=5.791679e-04 | status=stationary_infeasible
[UL Convergence Result] | user=1 | block=1 | n_kl=60 | achieved_rate=12.913428 | power=29.999935 | rate_gap=7.419906 | power_gap=-6.484985e-05 | solve_status=stationary_infeasible
[UL Convergence Allocation] | user=1 | block=1 | n_kl=60 | requested_bits=1220 | served_bits=774 | full_service=false
[UL Convergence Block] | user=1 | block=1 | stage=post_T | served_bits=774 | remaining_bits=446
[UL Convergence Reduction] | user=1 | block=1 | served_bits=774 | n_start=59 | n_min=1
[UL Convergence Reduction] | user=1 | block=1 | n_kl=59 | status=stop_partial_payload
[UL Convergence Final] | user=1 | block=1 | feasible_points=1 | chosen_n_kl=60 | served_bits=774 | achieved_rate=12.913428 | power=29.999935 | solve_status=stationary_infeasible
[UL Convergence Allocation] | user=1 | block=1 | chosen_n_kl=60 | served_bits=774 | committed_bits=774 | remaining_bits=446
[UL Convergence Train] | user=1 | block=2 | remaining_bits=446
[UL Convergence Block] | user=1 | block=2 | budget_mode=B_rem | requested_bits=446
[UL Convergence Solve] | user=1 | block=2 | stage=n=T | n_kl=60 | requested_bits=446
[UL Convergence] | phase=optimize | user=1 | block=2 | n_kl=60 | epoch=1/1000 | objective=-10.782662 | rate=10.782662 | power=29.999935 | r_p=0.000000 | r_c=0.000000 | r_s=inf | status=running
[UL Convergence] | phase=optimize | user=1 | block=2 | n_kl=60 | epoch=2/1000 | objective=-10.842772 | rate=10.842772 | power=29.866238 | r_p=0.000000 | r_c=0.000000 | r_s=0.010328 | status=running
[UL Convergence] | phase=optimize | user=1 | block=2 | n_kl=60 | epoch=3/1000 | objective=-10.928114 | rate=10.928114 | power=29.999935 | r_p=0.000000 | r_c=0.000000 | r_s=0.008294 | status=running
[UL Convergence] | phase=optimize | user=1 | block=2 | n_kl=60 | epoch=4/1000 | objective=-10.995202 | rate=10.995202 | power=29.999945 | r_p=0.000000 | r_c=0.000000 | r_s=0.008138 | status=running
[UL Convergence] | phase=optimize | user=1 | block=2 | n_kl=60 | epoch=5/1000 | objective=-11.062629 | rate=11.062629 | power=29.999939 | r_p=0.000000 | r_c=0.000000 | r_s=0.008258 | status=running
[UL Convergence] | phase=optimize | user=1 | block=2 | n_kl=60 | epoch=6/1000 | objective=-11.129591 | rate=11.129591 | power=29.999939 | r_p=0.000000 | r_c=0.000000 | r_s=0.008340 | status=running
[UL Convergence] | phase=optimize | user=1 | block=2 | n_kl=60 | epoch=7/1000 | objective=-11.195665 | rate=11.195665 | power=29.999939 | r_p=0.000000 | r_c=0.000000 | r_s=0.008395 | status=running
[UL Convergence] | phase=optimize | user=1 | block=2 | n_kl=60 | epoch=8/1000 | objective=-11.260601 | rate=11.260601 | power=29.999939 | r_p=0.000000 | r_c=0.000000 | r_s=0.008431 | status=running
[UL Convergence] | phase=optimize | user=1 | block=2 | n_kl=60 | epoch=9/1000 | objective=-11.324233 | rate=11.324233 | power=29.999935 | r_p=0.000000 | r_c=0.000000 | r_s=0.008451 | status=running
[UL Convergence] | phase=optimize | user=1 | block=2 | n_kl=60 | epoch=10/1000 | objective=-11.386467 | rate=11.386467 | power=29.999939 | r_p=0.000000 | r_c=0.000000 | r_s=0.008459 | status=running
[UL Convergence] | phase=optimize | user=1 | block=2 | n_kl=60 | epoch=11/1000 | objective=-11.447216 | rate=11.447216 | power=29.999939 | r_p=0.000000 | r_c=0.000000 | r_s=0.008456 | status=running
[UL Convergence] | phase=optimize | user=1 | block=2 | n_kl=60 | epoch=12/1000 | objective=-11.506451 | rate=11.506451 | power=29.999945 | r_p=0.000000 | r_c=0.000000 | r_s=0.008444 | status=running
[UL Convergence] | phase=optimize | user=1 | block=2 | n_kl=60 | epoch=13/1000 | objective=-11.564130 | rate=11.564130 | power=29.999939 | r_p=0.000000 | r_c=0.000000 | r_s=0.008423 | status=running
[UL Convergence] | phase=optimize | user=1 | block=2 | n_kl=60 | epoch=14/1000 | objective=-11.620224 | rate=11.620224 | power=29.999945 | r_p=0.000000 | r_c=0.000000 | r_s=0.008394 | status=running
[UL Convergence] | phase=optimize | user=1 | block=2 | n_kl=60 | epoch=15/1000 | objective=-11.674746 | rate=11.674746 | power=29.999939 | r_p=0.000000 | r_c=0.000000 | r_s=0.008359 | status=running
[UL Convergence] | phase=optimize | user=1 | block=2 | n_kl=60 | epoch=16/1000 | objective=-11.727686 | rate=11.727686 | power=29.999939 | r_p=0.000000 | r_c=0.000000 | r_s=0.008316 | status=running
[UL Convergence] | phase=optimize | user=1 | block=2 | n_kl=60 | epoch=17/1000 | objective=-11.779045 | rate=11.779045 | power=29.999935 | r_p=0.000000 | r_c=0.000000 | r_s=0.008267 | status=running
[UL Convergence] | phase=optimize | user=1 | block=2 | n_kl=60 | epoch=18/1000 | objective=-11.828848 | rate=11.828848 | power=29.999935 | r_p=0.000000 | r_c=0.000000 | r_s=0.008213 | status=running
[UL Convergence] | phase=optimize | user=1 | block=2 | n_kl=60 | epoch=19/1000 | objective=-11.877115 | rate=11.877115 | power=29.999939 | r_p=0.000000 | r_c=0.000000 | r_s=0.008152 | status=running
[UL Convergence] | phase=optimize | user=1 | block=2 | n_kl=60 | epoch=20/1000 | objective=-11.923852 | rate=11.923852 | power=29.999939 | r_p=0.000000 | r_c=0.000000 | r_s=0.008086 | status=running
[UL Convergence] | phase=optimize | user=1 | block=2 | n_kl=60 | epoch=21/1000 | objective=-11.969101 | rate=11.969101 | power=29.999935 | r_p=0.000000 | r_c=0.000000 | r_s=0.008015 | status=running
[UL Convergence] | phase=optimize | user=1 | block=2 | n_kl=60 | epoch=22/1000 | objective=-12.012881 | rate=12.012881 | power=29.999939 | r_p=0.000000 | r_c=0.000000 | r_s=0.007940 | status=running
[UL Convergence] | phase=optimize | user=1 | block=2 | n_kl=60 | epoch=23/1000 | objective=-12.055217 | rate=12.055217 | power=29.999939 | r_p=0.000000 | r_c=0.000000 | r_s=0.007860 | status=running
[UL Convergence] | phase=optimize | user=1 | block=2 | n_kl=60 | epoch=24/1000 | objective=-12.096153 | rate=12.096153 | power=29.999939 | r_p=0.000000 | r_c=0.000000 | r_s=0.007777 | status=running
[UL Convergence] | phase=optimize | user=1 | block=2 | n_kl=60 | epoch=25/1000 | objective=-12.135191 | rate=12.135191 | power=29.996759 | r_p=0.000000 | r_c=0.000000 | r_s=0.007691 | status=running
[UL Convergence] | phase=optimize | user=1 | block=2 | n_kl=60 | epoch=26/1000 | objective=-12.172230 | rate=12.172230 | power=29.999939 | r_p=0.000000 | r_c=0.000000 | r_s=0.007078 | status=running
[UL Convergence] | phase=optimize | user=1 | block=2 | n_kl=60 | epoch=27/1000 | objective=-12.207577 | rate=12.207577 | power=29.999945 | r_p=0.000000 | r_c=0.000000 | r_s=0.006969 | status=running
[UL Convergence] | phase=optimize | user=1 | block=2 | n_kl=60 | epoch=28/1000 | objective=-12.241780 | rate=12.241780 | power=29.999939 | r_p=0.000000 | r_c=0.000000 | r_s=0.006865 | status=running
[UL Convergence] | phase=optimize | user=1 | block=2 | n_kl=60 | epoch=29/1000 | objective=-12.274877 | rate=12.274877 | power=29.999939 | r_p=0.000000 | r_c=0.000000 | r_s=0.006765 | status=running
[UL Convergence] | phase=optimize | user=1 | block=2 | n_kl=60 | epoch=30/1000 | objective=-12.306912 | rate=12.306912 | power=29.999939 | r_p=0.000000 | r_c=0.000000 | r_s=0.006669 | status=running
[UL Convergence] | phase=optimize | user=1 | block=2 | n_kl=60 | epoch=31/1000 | objective=-12.337899 | rate=12.337899 | power=29.999939 | r_p=0.000000 | r_c=0.000000 | r_s=0.006577 | status=running
[UL Convergence] | phase=optimize | user=1 | block=2 | n_kl=60 | epoch=32/1000 | objective=-12.367882 | rate=12.367882 | power=29.999945 | r_p=0.000000 | r_c=0.000000 | r_s=0.006488 | status=running
[UL Convergence] | phase=optimize | user=1 | block=2 | n_kl=60 | epoch=33/1000 | objective=-12.396886 | rate=12.396886 | power=29.999939 | r_p=0.000000 | r_c=0.000000 | r_s=0.006402 | status=running
[UL Convergence] | phase=optimize | user=1 | block=2 | n_kl=60 | epoch=34/1000 | objective=-12.424940 | rate=12.424940 | power=29.999939 | r_p=0.000000 | r_c=0.000000 | r_s=0.006319 | status=running
[UL Convergence] | phase=optimize | user=1 | block=2 | n_kl=60 | epoch=35/1000 | objective=-12.452076 | rate=12.452076 | power=29.999939 | r_p=0.000000 | r_c=0.000000 | r_s=0.006238 | status=running
[UL Convergence] | phase=optimize | user=1 | block=2 | n_kl=60 | epoch=36/1000 | objective=-12.478323 | rate=12.478323 | power=29.999935 | r_p=0.000000 | r_c=0.000000 | r_s=0.006159 | status=running
[UL Convergence] | phase=optimize | user=1 | block=2 | n_kl=60 | epoch=37/1000 | objective=-12.503693 | rate=12.503693 | power=29.999939 | r_p=0.000000 | r_c=0.000000 | r_s=0.006082 | status=running
[UL Convergence] | phase=optimize | user=1 | block=2 | n_kl=60 | epoch=38/1000 | objective=-12.528217 | rate=12.528217 | power=29.999939 | r_p=0.000000 | r_c=0.000000 | r_s=0.006007 | status=running
[UL Convergence] | phase=optimize | user=1 | block=2 | n_kl=60 | epoch=39/1000 | objective=-12.551925 | rate=12.551925 | power=29.999939 | r_p=0.000000 | r_c=0.000000 | r_s=0.005933 | status=running
[UL Convergence] | phase=optimize | user=1 | block=2 | n_kl=60 | epoch=40/1000 | objective=-12.574833 | rate=12.574833 | power=29.999939 | r_p=0.000000 | r_c=0.000000 | r_s=0.005860 | status=running
[UL Convergence] | phase=optimize | user=1 | block=2 | n_kl=60 | epoch=41/1000 | objective=-12.596955 | rate=12.596955 | power=29.999939 | r_p=0.000000 | r_c=0.000000 | r_s=0.005789 | status=running
[UL Convergence] | phase=optimize | user=1 | block=2 | n_kl=60 | epoch=42/1000 | objective=-12.618313 | rate=12.618313 | power=29.999939 | r_p=0.000000 | r_c=0.000000 | r_s=0.005717 | status=running
[UL Convergence] | phase=optimize | user=1 | block=2 | n_kl=60 | epoch=43/1000 | objective=-12.638935 | rate=12.638935 | power=29.999935 | r_p=0.000000 | r_c=0.000000 | r_s=0.005646 | status=running
[UL Convergence] | phase=optimize | user=1 | block=2 | n_kl=60 | epoch=44/1000 | objective=-12.658833 | rate=12.658833 | power=29.999939 | r_p=0.000000 | r_c=0.000000 | r_s=0.005576 | status=running
[UL Convergence] | phase=optimize | user=1 | block=2 | n_kl=60 | epoch=45/1000 | objective=-12.678026 | rate=12.678026 | power=29.999939 | r_p=0.000000 | r_c=0.000000 | r_s=0.005505 | status=running
[UL Convergence] | phase=optimize | user=1 | block=2 | n_kl=60 | epoch=46/1000 | objective=-12.696535 | rate=12.696535 | power=29.999935 | r_p=0.000000 | r_c=0.000000 | r_s=0.005435 | status=running
[UL Convergence] | phase=optimize | user=1 | block=2 | n_kl=60 | epoch=47/1000 | objective=-12.714379 | rate=12.714379 | power=29.999939 | r_p=0.000000 | r_c=0.000000 | r_s=0.005364 | status=running
[UL Convergence] | phase=optimize | user=1 | block=2 | n_kl=60 | epoch=48/1000 | objective=-12.731564 | rate=12.731564 | power=29.999945 | r_p=0.000000 | r_c=0.000000 | r_s=0.005294 | status=running
[UL Convergence] | phase=optimize | user=1 | block=2 | n_kl=60 | epoch=49/1000 | objective=-12.748114 | rate=12.748114 | power=29.999945 | r_p=0.000000 | r_c=0.000000 | r_s=0.005223 | status=running
[UL Convergence] | phase=optimize | user=1 | block=2 | n_kl=60 | epoch=50/1000 | objective=-12.764049 | rate=12.764049 | power=29.999945 | r_p=0.000000 | r_c=0.000000 | r_s=0.005152 | status=running
[UL Convergence] | phase=optimize | user=1 | block=2 | n_kl=60 | epoch=51/1000 | objective=-12.779382 | rate=12.779382 | power=29.999939 | r_p=0.000000 | r_c=0.000000 | r_s=0.005081 | status=running
[UL Convergence] | phase=optimize | user=1 | block=2 | n_kl=60 | epoch=52/1000 | objective=-12.794119 | rate=12.794119 | power=29.999939 | r_p=0.000000 | r_c=0.000000 | r_s=0.005010 | status=running
[UL Convergence] | phase=optimize | user=1 | block=2 | n_kl=60 | epoch=53/1000 | objective=-12.808292 | rate=12.808292 | power=29.999939 | r_p=0.000000 | r_c=0.000000 | r_s=0.004939 | status=running
[UL Convergence] | phase=optimize | user=1 | block=2 | n_kl=60 | epoch=54/1000 | objective=-12.821899 | rate=12.821899 | power=29.999935 | r_p=0.000000 | r_c=0.000000 | r_s=0.004868 | status=running
[UL Convergence] | phase=optimize | user=1 | block=2 | n_kl=60 | epoch=55/1000 | objective=-12.834978 | rate=12.834978 | power=29.999939 | r_p=0.000000 | r_c=0.000000 | r_s=0.004796 | status=running
[UL Convergence] | phase=optimize | user=1 | block=2 | n_kl=60 | epoch=56/1000 | objective=-12.847527 | rate=12.847527 | power=29.999945 | r_p=0.000000 | r_c=0.000000 | r_s=0.004725 | status=running
[UL Convergence] | phase=optimize | user=1 | block=2 | n_kl=60 | epoch=57/1000 | objective=-12.859558 | rate=12.859558 | power=29.999929 | r_p=0.000000 | r_c=0.000000 | r_s=0.004653 | status=running
[UL Convergence] | phase=optimize | user=1 | block=2 | n_kl=60 | epoch=58/1000 | objective=-12.871099 | rate=12.871099 | power=29.999939 | r_p=0.000000 | r_c=0.000000 | r_s=0.004581 | status=running
[UL Convergence] | phase=optimize | user=1 | block=2 | n_kl=60 | epoch=59/1000 | objective=-12.882151 | rate=12.882151 | power=29.999945 | r_p=0.000000 | r_c=0.000000 | r_s=0.004509 | status=running
[UL Convergence] | phase=optimize | user=1 | block=2 | n_kl=60 | epoch=60/1000 | objective=-12.892742 | rate=12.892742 | power=29.999939 | r_p=0.000000 | r_c=0.000000 | r_s=0.004437 | status=running
[UL Convergence] | phase=optimize | user=1 | block=2 | n_kl=60 | epoch=61/1000 | objective=-12.902872 | rate=12.902872 | power=29.999945 | r_p=0.000000 | r_c=0.000000 | r_s=0.004365 | status=running
[UL Convergence] | phase=optimize | user=1 | block=2 | n_kl=60 | epoch=62/1000 | objective=-12.912560 | rate=12.912560 | power=29.999939 | r_p=0.000000 | r_c=0.000000 | r_s=0.004292 | status=running
[UL Convergence] | phase=optimize | user=1 | block=2 | n_kl=60 | epoch=63/1000 | objective=-12.921827 | rate=12.921827 | power=29.999945 | r_p=0.000000 | r_c=0.000000 | r_s=0.004220 | status=running
[UL Convergence] | phase=optimize | user=1 | block=2 | n_kl=60 | epoch=64/1000 | objective=-12.930672 | rate=12.930672 | power=29.999939 | r_p=0.000000 | r_c=0.000000 | r_s=0.004147 | status=running
[UL Convergence] | phase=optimize | user=1 | block=2 | n_kl=60 | epoch=65/1000 | objective=-12.939120 | rate=12.939120 | power=29.999939 | r_p=0.000000 | r_c=0.000000 | r_s=0.004074 | status=running
[UL Convergence] | phase=optimize | user=1 | block=2 | n_kl=60 | epoch=66/1000 | objective=-12.947186 | rate=12.947186 | power=29.999935 | r_p=0.000000 | r_c=0.000000 | r_s=0.004001 | status=running
[UL Convergence] | phase=optimize | user=1 | block=2 | n_kl=60 | epoch=67/1000 | objective=-12.954877 | rate=12.954877 | power=29.999939 | r_p=0.000000 | r_c=0.000000 | r_s=0.003927 | status=running
[UL Convergence] | phase=optimize | user=1 | block=2 | n_kl=60 | epoch=68/1000 | objective=-12.962200 | rate=12.962200 | power=29.999945 | r_p=0.000000 | r_c=0.000000 | r_s=0.003854 | status=running
[UL Convergence] | phase=optimize | user=1 | block=2 | n_kl=60 | epoch=69/1000 | objective=-12.969185 | rate=12.969185 | power=29.999945 | r_p=0.000000 | r_c=0.000000 | r_s=0.003780 | status=running
[UL Convergence] | phase=optimize | user=1 | block=2 | n_kl=60 | epoch=70/1000 | objective=-12.975823 | rate=12.975823 | power=29.999939 | r_p=0.000000 | r_c=0.000000 | r_s=0.003707 | status=running
[UL Convergence] | phase=optimize | user=1 | block=2 | n_kl=60 | epoch=71/1000 | objective=-12.982141 | rate=12.982141 | power=29.999939 | r_p=0.000000 | r_c=0.000000 | r_s=0.003633 | status=running
[UL Convergence] | phase=optimize | user=1 | block=2 | n_kl=60 | epoch=72/1000 | objective=-12.988152 | rate=12.988152 | power=29.999939 | r_p=0.000000 | r_c=0.000000 | r_s=0.003560 | status=running
[UL Convergence] | phase=optimize | user=1 | block=2 | n_kl=60 | epoch=73/1000 | objective=-12.993855 | rate=12.993855 | power=29.999939 | r_p=0.000000 | r_c=0.000000 | r_s=0.003486 | status=running
[UL Convergence] | phase=optimize | user=1 | block=2 | n_kl=60 | epoch=74/1000 | objective=-12.999277 | rate=12.999277 | power=29.999945 | r_p=0.000000 | r_c=0.000000 | r_s=0.003413 | status=running
[UL Convergence] | phase=optimize | user=1 | block=2 | n_kl=60 | epoch=75/1000 | objective=-13.004419 | rate=13.004419 | power=29.999935 | r_p=0.000000 | r_c=0.000000 | r_s=0.003340 | status=running
[UL Convergence] | phase=optimize | user=1 | block=2 | n_kl=60 | epoch=76/1000 | objective=-13.009296 | rate=13.009296 | power=29.999939 | r_p=0.000000 | r_c=0.000000 | r_s=0.003267 | status=running
[UL Convergence] | phase=optimize | user=1 | block=2 | n_kl=60 | epoch=77/1000 | objective=-13.013921 | rate=13.013921 | power=29.999939 | r_p=0.000000 | r_c=0.000000 | r_s=0.003195 | status=running
[UL Convergence] | phase=optimize | user=1 | block=2 | n_kl=60 | epoch=78/1000 | objective=-13.018297 | rate=13.018297 | power=29.999935 | r_p=0.000000 | r_c=0.000000 | r_s=0.003123 | status=running
[UL Convergence] | phase=optimize | user=1 | block=2 | n_kl=60 | epoch=79/1000 | objective=-13.022449 | rate=13.022449 | power=29.999935 | r_p=0.000000 | r_c=0.000000 | r_s=0.003052 | status=running
[UL Convergence] | phase=optimize | user=1 | block=2 | n_kl=60 | epoch=80/1000 | objective=-13.026377 | rate=13.026377 | power=29.999935 | r_p=0.000000 | r_c=0.000000 | r_s=0.002982 | status=running
[UL Convergence] | phase=optimize | user=1 | block=2 | n_kl=60 | epoch=81/1000 | objective=-13.030087 | rate=13.030087 | power=29.999945 | r_p=0.000000 | r_c=0.000000 | r_s=0.002912 | status=running
[UL Convergence] | phase=optimize | user=1 | block=2 | n_kl=60 | epoch=82/1000 | objective=-13.033592 | rate=13.033592 | power=29.999939 | r_p=0.000000 | r_c=0.000000 | r_s=0.002843 | status=running
[UL Convergence] | phase=optimize | user=1 | block=2 | n_kl=60 | epoch=83/1000 | objective=-13.036901 | rate=13.036901 | power=29.999939 | r_p=0.000000 | r_c=0.000000 | r_s=0.002775 | status=running
[UL Convergence] | phase=optimize | user=1 | block=2 | n_kl=60 | epoch=84/1000 | objective=-13.040035 | rate=13.040035 | power=29.999939 | r_p=0.000000 | r_c=0.000000 | r_s=0.002708 | status=running
[UL Convergence] | phase=optimize | user=1 | block=2 | n_kl=60 | epoch=85/1000 | objective=-13.042994 | rate=13.042994 | power=29.999939 | r_p=0.000000 | r_c=0.000000 | r_s=0.002641 | status=running
[UL Convergence] | phase=optimize | user=1 | block=2 | n_kl=60 | epoch=86/1000 | objective=-13.045776 | rate=13.045776 | power=29.999939 | r_p=0.000000 | r_c=0.000000 | r_s=0.002576 | status=running
[UL Convergence] | phase=optimize | user=1 | block=2 | n_kl=60 | epoch=87/1000 | objective=-13.048394 | rate=13.048394 | power=29.999939 | r_p=0.000000 | r_c=0.000000 | r_s=0.002512 | status=running
[UL Convergence] | phase=optimize | user=1 | block=2 | n_kl=60 | epoch=88/1000 | objective=-13.050877 | rate=13.050877 | power=29.999939 | r_p=0.000000 | r_c=0.000000 | r_s=0.002448 | status=running
[UL Convergence] | phase=optimize | user=1 | block=2 | n_kl=60 | epoch=89/1000 | objective=-13.053203 | rate=13.053203 | power=29.999939 | r_p=0.000000 | r_c=0.000000 | r_s=0.002386 | status=running
[UL Convergence] | phase=optimize | user=1 | block=2 | n_kl=60 | epoch=90/1000 | objective=-13.055390 | rate=13.055390 | power=29.999935 | r_p=0.000000 | r_c=0.000000 | r_s=0.002324 | status=running
[UL Convergence] | phase=optimize | user=1 | block=2 | n_kl=60 | epoch=91/1000 | objective=-13.057449 | rate=13.057449 | power=29.999945 | r_p=0.000000 | r_c=0.000000 | r_s=0.002264 | status=running
[UL Convergence] | phase=optimize | user=1 | block=2 | n_kl=60 | epoch=92/1000 | objective=-13.059380 | rate=13.059380 | power=29.999939 | r_p=0.000000 | r_c=0.000000 | r_s=0.002204 | status=running
[UL Convergence] | phase=optimize | user=1 | block=2 | n_kl=60 | epoch=93/1000 | objective=-13.061193 | rate=13.061193 | power=29.999939 | r_p=0.000000 | r_c=0.000000 | r_s=0.002145 | status=running
[UL Convergence] | phase=optimize | user=1 | block=2 | n_kl=60 | epoch=94/1000 | objective=-13.062895 | rate=13.062895 | power=29.999935 | r_p=0.000000 | r_c=0.000000 | r_s=0.002088 | status=running
[UL Convergence] | phase=optimize | user=1 | block=2 | n_kl=60 | epoch=95/1000 | objective=-13.064498 | rate=13.064498 | power=29.999939 | r_p=0.000000 | r_c=0.000000 | r_s=0.002031 | status=running
[UL Convergence] | phase=optimize | user=1 | block=2 | n_kl=60 | epoch=96/1000 | objective=-13.065989 | rate=13.065989 | power=29.999939 | r_p=0.000000 | r_c=0.000000 | r_s=0.001975 | status=running
[UL Convergence] | phase=optimize | user=1 | block=2 | n_kl=60 | epoch=97/1000 | objective=-13.067396 | rate=13.067396 | power=29.999939 | r_p=0.000000 | r_c=0.000000 | r_s=0.001920 | status=running
[UL Convergence] | phase=optimize | user=1 | block=2 | n_kl=60 | epoch=98/1000 | objective=-13.068705 | rate=13.068705 | power=29.999939 | r_p=0.000000 | r_c=0.000000 | r_s=0.001866 | status=running
[UL Convergence] | phase=optimize | user=1 | block=2 | n_kl=60 | epoch=99/1000 | objective=-13.069940 | rate=13.069940 | power=29.999939 | r_p=0.000000 | r_c=0.000000 | r_s=0.001814 | status=running
[UL Convergence] | phase=optimize | user=1 | block=2 | n_kl=60 | epoch=100/1000 | objective=-13.071079 | rate=13.071079 | power=29.999939 | r_p=0.000000 | r_c=0.000000 | r_s=0.001761 | status=running
[UL Convergence] | phase=optimize | user=1 | block=2 | n_kl=60 | epoch=101/1000 | objective=-13.072145 | rate=13.072145 | power=29.999945 | r_p=0.000000 | r_c=0.000000 | r_s=0.001710 | status=running
[UL Convergence] | phase=optimize | user=1 | block=2 | n_kl=60 | epoch=102/1000 | objective=-13.073154 | rate=13.073154 | power=29.999939 | r_p=0.000000 | r_c=0.000000 | r_s=0.001660 | status=running
[UL Convergence] | phase=optimize | user=1 | block=2 | n_kl=60 | epoch=103/1000 | objective=-13.074083 | rate=13.074083 | power=29.999939 | r_p=0.000000 | r_c=0.000000 | r_s=0.001611 | status=running
[UL Convergence] | phase=optimize | user=1 | block=2 | n_kl=60 | epoch=104/1000 | objective=-13.074947 | rate=13.074947 | power=29.999939 | r_p=0.000000 | r_c=0.000000 | r_s=0.001562 | status=running
[UL Convergence] | phase=optimize | user=1 | block=2 | n_kl=60 | epoch=105/1000 | objective=-13.075761 | rate=13.075761 | power=29.999939 | r_p=0.000000 | r_c=0.000000 | r_s=0.001515 | status=running
[UL Convergence] | phase=optimize | user=1 | block=2 | n_kl=60 | epoch=106/1000 | objective=-13.076507 | rate=13.076507 | power=29.999935 | r_p=0.000000 | r_c=0.000000 | r_s=0.001468 | status=running
[UL Convergence] | phase=optimize | user=1 | block=2 | n_kl=60 | epoch=107/1000 | objective=-13.077204 | rate=13.077204 | power=29.999939 | r_p=0.000000 | r_c=0.000000 | r_s=0.001423 | status=running
[UL Convergence] | phase=optimize | user=1 | block=2 | n_kl=60 | epoch=108/1000 | objective=-13.077854 | rate=13.077854 | power=29.999939 | r_p=0.000000 | r_c=0.000000 | r_s=0.001378 | status=running
[UL Convergence] | phase=optimize | user=1 | block=2 | n_kl=60 | epoch=109/1000 | objective=-13.078458 | rate=13.078458 | power=29.999939 | r_p=0.000000 | r_c=0.000000 | r_s=0.001334 | status=running
[UL Convergence] | phase=optimize | user=1 | block=2 | n_kl=60 | epoch=110/1000 | objective=-13.079018 | rate=13.079018 | power=29.999939 | r_p=0.000000 | r_c=0.000000 | r_s=0.001291 | status=running
[UL Convergence] | phase=optimize | user=1 | block=2 | n_kl=60 | epoch=111/1000 | objective=-13.079535 | rate=13.079535 | power=29.999939 | r_p=0.000000 | r_c=0.000000 | r_s=0.001249 | status=running
[UL Convergence] | phase=optimize | user=1 | block=2 | n_kl=60 | epoch=112/1000 | objective=-13.080013 | rate=13.080013 | power=29.999939 | r_p=0.000000 | r_c=0.000000 | r_s=0.001208 | status=running
[UL Convergence] | phase=optimize | user=1 | block=2 | n_kl=60 | epoch=113/1000 | objective=-13.080452 | rate=13.080452 | power=29.999939 | r_p=0.000000 | r_c=0.000000 | r_s=0.001167 | status=running
[UL Convergence] | phase=optimize | user=1 | block=2 | n_kl=60 | epoch=114/1000 | objective=-13.080863 | rate=13.080863 | power=29.999939 | r_p=0.000000 | r_c=0.000000 | r_s=0.001128 | status=running
[UL Convergence] | phase=optimize | user=1 | block=2 | n_kl=60 | epoch=115/1000 | objective=-13.081238 | rate=13.081238 | power=29.999945 | r_p=0.000000 | r_c=0.000000 | r_s=0.001090 | status=running
[UL Convergence] | phase=optimize | user=1 | block=2 | n_kl=60 | epoch=116/1000 | objective=-13.081591 | rate=13.081591 | power=29.999935 | r_p=0.000000 | r_c=0.000000 | r_s=0.001052 | status=running
[UL Convergence] | phase=optimize | user=1 | block=2 | n_kl=60 | epoch=117/1000 | objective=-13.081903 | rate=13.081903 | power=29.999939 | r_p=0.000000 | r_c=0.000000 | r_s=0.001015 | status=running
[UL Convergence] | phase=optimize | user=1 | block=2 | n_kl=60 | epoch=118/1000 | objective=-13.082202 | rate=13.082202 | power=29.999939 | r_p=0.000000 | r_c=0.000000 | r_s=9.790420e-04 | status=running
[UL Convergence] | phase=optimize | user=1 | block=2 | n_kl=60 | epoch=119/1000 | objective=-13.082470 | rate=13.082470 | power=29.999939 | r_p=0.000000 | r_c=0.000000 | r_s=9.438955e-04 | status=running
[UL Convergence] | phase=optimize | user=1 | block=2 | n_kl=60 | epoch=120/1000 | objective=-13.082716 | rate=13.082716 | power=29.999935 | r_p=0.000000 | r_c=0.000000 | r_s=9.096003e-04 | status=running
[UL Convergence] | phase=optimize | user=1 | block=2 | n_kl=60 | epoch=121/1000 | objective=-13.082947 | rate=13.082947 | power=29.999939 | r_p=0.000000 | r_c=0.000000 | r_s=8.761412e-04 | status=running
[UL Convergence] | phase=optimize | user=1 | block=2 | n_kl=60 | epoch=122/1000 | objective=-13.083154 | rate=13.083154 | power=29.999939 | r_p=0.000000 | r_c=0.000000 | r_s=8.434682e-04 | status=running
[UL Convergence] | phase=optimize | user=1 | block=2 | n_kl=60 | epoch=123/1000 | objective=-13.083347 | rate=13.083347 | power=29.999939 | r_p=0.000000 | r_c=0.000000 | r_s=8.116623e-04 | status=running
[UL Convergence] | phase=optimize | user=1 | block=2 | n_kl=60 | epoch=124/1000 | objective=-13.083523 | rate=13.083523 | power=29.999939 | r_p=0.000000 | r_c=0.000000 | r_s=7.806555e-04 | status=running
[UL Convergence] | phase=optimize | user=1 | block=2 | n_kl=60 | epoch=125/1000 | objective=-13.083689 | rate=13.083689 | power=29.999939 | r_p=0.000000 | r_c=0.000000 | r_s=7.504415e-04 | status=running
[UL Convergence] | phase=optimize | user=1 | block=2 | n_kl=60 | epoch=126/1000 | objective=-13.083827 | rate=13.083827 | power=29.999939 | r_p=0.000000 | r_c=0.000000 | r_s=7.210577e-04 | status=running
[UL Convergence] | phase=optimize | user=1 | block=2 | n_kl=60 | epoch=127/1000 | objective=-13.083962 | rate=13.083962 | power=29.999939 | r_p=0.000000 | r_c=0.000000 | r_s=6.924756e-04 | status=running
[UL Convergence] | phase=optimize | user=1 | block=2 | n_kl=60 | epoch=128/1000 | objective=-13.084080 | rate=13.084080 | power=29.999939 | r_p=0.000000 | r_c=0.000000 | r_s=6.646742e-04 | status=running
[UL Convergence] | phase=optimize | user=1 | block=2 | n_kl=60 | epoch=129/1000 | objective=-13.084192 | rate=13.084192 | power=29.999935 | r_p=0.000000 | r_c=0.000000 | r_s=6.376556e-04 | status=running
[UL Convergence] | phase=optimize | user=1 | block=2 | n_kl=60 | epoch=130/1000 | objective=-13.084298 | rate=13.084298 | power=29.999939 | r_p=0.000000 | r_c=0.000000 | r_s=6.114095e-04 | status=running
[UL Convergence] | phase=optimize | user=1 | block=2 | n_kl=60 | epoch=131/1000 | objective=-13.084386 | rate=13.084386 | power=29.999939 | r_p=0.000000 | r_c=0.000000 | r_s=5.859495e-04 | status=kkt_converged
[UL Convergence Result] | user=1 | block=2 | n_kl=60 | achieved_rate=13.084386 | power=29.999939 | rate_gap=-5.651052 | power_gap=-6.103516e-05 | solve_status=kkt_converged
[UL Convergence Allocation] | user=1 | block=2 | n_kl=60 | requested_bits=446 | served_bits=446 | full_service=true
[UL Convergence Block] | user=1 | block=2 | stage=post_T | served_bits=446 | remaining_bits=0
[UL Convergence Reduction] | user=1 | block=2 | served_bits=446 | n_start=59 | n_min=1
[UL Convergence Solve] | user=1 | block=2 | stage=reduced_n | n_kl=59 | served_bits=446
[UL Convergence] | phase=optimize | user=1 | block=2 | n_kl=59 | epoch=1/1000 | objective=-13.064484 | rate=13.064484 | power=29.999939 | r_p=0.000000 | r_c=0.000000 | r_s=inf | status=running
[UL Convergence] | phase=optimize | user=1 | block=2 | n_kl=59 | epoch=2/1000 | objective=-13.064562 | rate=13.064562 | power=29.999939 | r_p=0.000000 | r_c=0.000000 | r_s=5.612055e-04 | status=kkt_converged
[UL Convergence Candidate] | user=1 | block=2 | n_kl=59 | achieved_rate=13.064562 | rate_gap=-5.505240 | power_gap=-6.103516e-05 | status=accepted
[UL Convergence Solve] | user=1 | block=2 | stage=reduced_n | n_kl=50 | served_bits=446
[UL Convergence] | phase=optimize | user=1 | block=2 | n_kl=50 | epoch=1/1000 | objective=-12.859784 | rate=12.859784 | power=29.999939 | r_p=0.000000 | r_c=0.000000 | r_s=inf | status=running
[UL Convergence] | phase=optimize | user=1 | block=2 | n_kl=50 | epoch=2/1000 | objective=-12.859816 | rate=12.859816 | power=29.999945 | r_p=0.000000 | r_c=0.000000 | r_s=3.694784e-04 | status=kkt_converged
[UL Convergence Candidate] | user=1 | block=2 | n_kl=50 | achieved_rate=12.859816 | rate_gap=-3.939816 | power_gap=-5.531311e-05 | status=accepted
[UL Convergence Solve] | user=1 | block=2 | stage=reduced_n | n_kl=40 | served_bits=446
[UL Convergence] | phase=optimize | user=1 | block=2 | n_kl=40 | epoch=1/1000 | objective=-12.555021 | rate=12.555021 | power=29.999939 | r_p=0.000000 | r_c=0.000000 | r_s=inf | status=running
[UL Convergence] | phase=optimize | user=1 | block=2 | n_kl=40 | epoch=2/1000 | objective=-12.555030 | rate=12.555030 | power=29.999939 | r_p=0.000000 | r_c=0.000000 | r_s=2.148027e-04 | status=kkt_converged
[UL Convergence Candidate] | user=1 | block=2 | n_kl=40 | achieved_rate=12.555030 | rate_gap=-1.405030 | power_gap=-6.103516e-05 | status=accepted
[UL Convergence Reduction] | user=1 | block=2 | n_kl=35 | status=stop_infeasible
[UL Convergence Final] | user=1 | block=2 | feasible_points=25 | chosen_n_kl=36 | served_bits=446 | achieved_rate=12.398789 | power=29.999939 | solve_status=kkt_converged
[UL Convergence Allocation] | user=1 | block=2 | chosen_n_kl=36 | served_bits=446 | committed_bits=446 | remaining_bits=0
[UL Convergence Train] | phase=start | user=2 | mode=payload_completion
[UL Convergence Train] | user=2 | block=0 | remaining_bits=3000
[UL Convergence Block] | user=2 | block=0 | budget_mode=B_rem | requested_bits=3000
[UL Convergence Solve] | user=2 | block=0 | stage=n=T | n_kl=80 | requested_bits=3000
[UL Convergence] | phase=optimize | user=2 | block=0 | n_kl=80 | epoch=1/1000 | objective=363.688019 | rate=10.252406 | power=29.999935 | r_p=27.247593 | r_c=2.724759 | r_s=inf | status=running
[UL Convergence] | phase=optimize | user=2 | block=0 | n_kl=80 | epoch=2/1000 | objective=369.570160 | rate=10.306341 | power=29.999939 | r_p=27.193659 | r_c=10.128983 | r_s=0.010220 | status=running
[UL Convergence] | phase=optimize | user=2 | block=0 | n_kl=80 | epoch=3/1000 | objective=375.443848 | rate=10.359143 | power=29.999935 | r_p=27.140858 | r_c=17.489908 | r_s=0.010094 | status=running
[UL Convergence] | phase=optimize | user=2 | block=0 | n_kl=80 | epoch=4/1000 | objective=381.309937 | rate=10.410818 | power=29.999939 | r_p=27.089182 | r_c=24.808844 | r_s=0.010060 | status=running
[UL Convergence] | phase=optimize | user=2 | block=0 | n_kl=80 | epoch=5/1000 | objective=387.169342 | rate=10.461374 | power=29.999939 | r_p=27.038626 | r_c=32.087086 | r_s=0.009998 | status=running
[UL Convergence] | phase=optimize | user=2 | block=0 | n_kl=80 | epoch=6/1000 | objective=393.023499 | rate=10.510802 | power=29.999935 | r_p=26.989197 | r_c=39.325936 | r_s=0.009912 | status=running
[UL Convergence] | phase=optimize | user=2 | block=0 | n_kl=80 | epoch=7/1000 | objective=398.871979 | rate=10.559156 | power=29.999939 | r_p=26.940844 | r_c=46.526598 | r_s=0.009808 | status=running
[UL Convergence] | phase=optimize | user=2 | block=0 | n_kl=80 | epoch=8/1000 | objective=404.714264 | rate=10.606485 | power=29.999935 | r_p=26.893515 | r_c=53.690201 | r_s=0.009698 | status=running
[UL Convergence] | phase=optimize | user=2 | block=0 | n_kl=80 | epoch=9/1000 | objective=410.548798 | rate=10.652879 | power=29.999935 | r_p=26.847122 | r_c=60.817718 | r_s=0.009600 | status=running
[UL Convergence] | phase=optimize | user=2 | block=0 | n_kl=80 | epoch=10/1000 | objective=416.373993 | rate=10.698418 | power=29.999945 | r_p=26.801582 | r_c=67.910009 | r_s=0.009525 | status=running
[UL Convergence] | phase=optimize | user=2 | block=0 | n_kl=80 | epoch=11/1000 | objective=422.189392 | rate=10.743147 | power=29.999935 | r_p=26.756853 | r_c=74.967933 | r_s=0.009473 | status=running
[UL Convergence] | phase=optimize | user=2 | block=0 | n_kl=80 | epoch=12/1000 | objective=427.994568 | rate=10.787106 | power=29.999939 | r_p=26.712894 | r_c=81.992299 | r_s=0.009441 | status=running
[UL Convergence] | phase=optimize | user=2 | block=0 | n_kl=80 | epoch=13/1000 | objective=433.789825 | rate=10.830309 | power=29.999935 | r_p=26.669691 | r_c=88.983937 | r_s=0.009428 | status=running
[UL Convergence] | phase=optimize | user=2 | block=0 | n_kl=80 | epoch=14/1000 | objective=439.575623 | rate=10.872768 | power=29.999939 | r_p=26.627232 | r_c=95.943671 | r_s=0.009433 | status=running
[UL Convergence] | phase=optimize | user=2 | block=0 | n_kl=80 | epoch=15/1000 | objective=445.353241 | rate=10.914468 | power=29.999939 | r_p=26.585533 | r_c=102.872414 | r_s=0.009448 | status=running
[UL Convergence] | phase=optimize | user=2 | block=0 | n_kl=80 | epoch=16/1000 | objective=451.123779 | rate=10.955393 | power=29.999939 | r_p=26.544607 | r_c=109.771077 | r_s=0.009468 | status=running
[UL Convergence] | phase=optimize | user=2 | block=0 | n_kl=80 | epoch=17/1000 | objective=456.889465 | rate=10.995501 | power=29.999939 | r_p=26.504499 | r_c=116.640733 | r_s=0.009484 | status=running
[UL Convergence] | phase=optimize | user=2 | block=0 | n_kl=80 | epoch=18/1000 | objective=462.652161 | rate=11.034759 | power=29.999945 | r_p=26.465240 | r_c=123.482442 | r_s=0.009493 | status=running
[UL Convergence] | phase=optimize | user=2 | block=0 | n_kl=80 | epoch=19/1000 | objective=468.414124 | rate=11.073124 | power=29.999939 | r_p=26.426876 | r_c=130.297376 | r_s=0.009493 | status=running
[UL Convergence] | phase=optimize | user=2 | block=0 | n_kl=80 | epoch=20/1000 | objective=474.177490 | rate=11.110558 | power=29.999939 | r_p=26.389442 | r_c=137.086715 | r_s=0.009486 | status=running
[UL Convergence] | phase=optimize | user=2 | block=0 | n_kl=80 | epoch=21/1000 | objective=479.944122 | rate=11.147030 | power=29.999939 | r_p=26.352970 | r_c=143.851652 | r_s=0.009472 | status=running
[UL Convergence] | phase=optimize | user=2 | block=0 | n_kl=80 | epoch=22/1000 | objective=485.716797 | rate=11.182487 | power=29.999939 | r_p=26.317513 | r_c=150.593548 | r_s=0.009451 | status=running
[UL Convergence] | phase=optimize | user=2 | block=0 | n_kl=80 | epoch=23/1000 | objective=491.497223 | rate=11.216907 | power=29.999945 | r_p=26.283092 | r_c=157.313647 | r_s=0.009423 | status=running
[UL Convergence] | phase=optimize | user=2 | block=0 | n_kl=80 | epoch=24/1000 | objective=497.287659 | rate=11.250254 | power=29.999939 | r_p=26.249746 | r_c=164.013303 | r_s=0.009389 | status=running
[UL Convergence] | phase=optimize | user=2 | block=0 | n_kl=80 | epoch=25/1000 | objective=503.089783 | rate=11.282507 | power=29.999945 | r_p=26.217493 | r_c=170.693804 | r_s=0.009347 | status=running
[UL Convergence] | phase=optimize | user=2 | block=0 | n_kl=80 | epoch=26/1000 | objective=508.905945 | rate=11.313630 | power=29.999939 | r_p=26.186371 | r_c=177.356587 | r_s=0.009296 | status=running
[UL Convergence] | phase=optimize | user=2 | block=0 | n_kl=80 | epoch=27/1000 | objective=514.737549 | rate=11.343615 | power=29.999945 | r_p=26.156385 | r_c=184.002908 | r_s=0.009236 | status=running
[UL Convergence] | phase=optimize | user=2 | block=0 | n_kl=80 | epoch=28/1000 | objective=520.586548 | rate=11.372436 | power=29.999939 | r_p=26.127563 | r_c=190.634180 | r_s=0.009167 | status=running
[UL Convergence] | phase=optimize | user=2 | block=0 | n_kl=80 | epoch=29/1000 | objective=526.453918 | rate=11.400099 | power=29.999939 | r_p=26.099901 | r_c=197.251616 | r_s=0.009088 | status=running
[UL Convergence] | phase=optimize | user=2 | block=0 | n_kl=80 | epoch=30/1000 | objective=532.341248 | rate=11.426592 | power=29.999939 | r_p=26.073408 | r_c=203.856527 | r_s=0.008998 | status=running
[UL Convergence] | phase=optimize | user=2 | block=0 | n_kl=80 | epoch=31/1000 | objective=538.249634 | rate=11.451914 | power=29.999945 | r_p=26.048086 | r_c=210.450169 | r_s=0.008899 | status=running
[UL Convergence] | phase=optimize | user=2 | block=0 | n_kl=80 | epoch=32/1000 | objective=544.179993 | rate=11.476074 | power=29.999939 | r_p=26.023926 | r_c=217.033705 | r_s=0.008790 | status=running
[UL Convergence] | phase=optimize | user=2 | block=0 | n_kl=80 | epoch=33/1000 | objective=550.133057 | rate=11.499083 | power=29.999939 | r_p=26.000917 | r_c=223.608280 | r_s=0.008673 | status=running
[UL Convergence] | phase=optimize | user=2 | block=0 | n_kl=80 | epoch=34/1000 | objective=556.109253 | rate=11.520960 | power=29.999935 | r_p=25.979040 | r_c=230.174924 | r_s=0.008549 | status=running
[UL Convergence] | phase=optimize | user=2 | block=0 | n_kl=80 | epoch=35/1000 | objective=562.109253 | rate=11.541718 | power=29.999935 | r_p=25.958282 | r_c=236.734723 | r_s=0.008419 | status=running
[UL Convergence] | phase=optimize | user=2 | block=0 | n_kl=80 | epoch=36/1000 | objective=568.133301 | rate=11.561378 | power=29.999939 | r_p=25.938622 | r_c=243.288640 | r_s=0.008285 | status=running
[UL Convergence] | phase=optimize | user=2 | block=0 | n_kl=80 | epoch=37/1000 | objective=574.181763 | rate=11.579966 | power=29.999939 | r_p=25.920034 | r_c=249.837603 | r_s=0.008148 | status=running
[UL Convergence] | phase=optimize | user=2 | block=0 | n_kl=80 | epoch=38/1000 | objective=580.254517 | rate=11.597507 | power=29.999935 | r_p=25.902493 | r_c=256.382456 | r_s=0.008010 | status=running
[UL Convergence] | phase=optimize | user=2 | block=0 | n_kl=80 | epoch=39/1000 | objective=586.352051 | rate=11.614020 | power=29.999939 | r_p=25.885979 | r_c=262.924116 | r_s=0.007870 | status=running
[UL Convergence] | phase=optimize | user=2 | block=0 | n_kl=80 | epoch=40/1000 | objective=592.473877 | rate=11.629547 | power=29.999939 | r_p=25.870453 | r_c=269.463240 | r_s=0.007730 | status=running
[UL Convergence] | phase=optimize | user=2 | block=0 | n_kl=80 | epoch=41/1000 | objective=598.620239 | rate=11.644104 | power=29.999939 | r_p=25.855896 | r_c=276.000655 | r_s=0.007588 | status=running
[UL Convergence] | phase=optimize | user=2 | block=0 | n_kl=80 | epoch=42/1000 | objective=604.790771 | rate=11.657728 | power=29.999939 | r_p=25.842272 | r_c=282.536973 | r_s=0.007443 | status=running
[UL Convergence] | phase=optimize | user=2 | block=0 | n_kl=80 | epoch=43/1000 | objective=610.985596 | rate=11.670441 | power=29.999939 | r_p=25.829559 | r_c=289.072931 | r_s=0.007295 | status=running
[UL Convergence] | phase=optimize | user=2 | block=0 | n_kl=80 | epoch=44/1000 | objective=617.204346 | rate=11.682272 | power=29.999939 | r_p=25.817728 | r_c=295.609126 | r_s=0.007142 | status=running
[UL Convergence] | phase=optimize | user=2 | block=0 | n_kl=80 | epoch=45/1000 | objective=623.446533 | rate=11.693264 | power=29.999939 | r_p=25.806736 | r_c=302.145981 | r_s=0.006984 | status=running
[UL Convergence] | phase=optimize | user=2 | block=0 | n_kl=80 | epoch=46/1000 | objective=629.711853 | rate=11.703442 | power=29.999939 | r_p=25.796558 | r_c=308.684071 | r_s=0.006820 | status=running
[UL Convergence] | phase=optimize | user=2 | block=0 | n_kl=80 | epoch=47/1000 | objective=635.999451 | rate=11.712849 | power=29.999939 | r_p=25.787151 | r_c=315.223703 | r_s=0.006650 | status=running
[UL Convergence] | phase=optimize | user=2 | block=0 | n_kl=80 | epoch=48/1000 | objective=642.309204 | rate=11.721509 | power=29.999939 | r_p=25.778492 | r_c=321.765390 | r_s=0.006474 | status=running
[UL Convergence] | phase=optimize | user=2 | block=0 | n_kl=80 | epoch=49/1000 | objective=648.640076 | rate=11.729465 | power=29.999935 | r_p=25.770535 | r_c=328.309320 | r_s=0.006293 | status=running
[UL Convergence] | phase=optimize | user=2 | block=0 | n_kl=80 | epoch=50/1000 | objective=654.991211 | rate=11.736761 | power=29.999939 | r_p=25.763239 | r_c=334.855701 | r_s=0.006107 | status=running
[UL Convergence] | phase=optimize | user=2 | block=0 | n_kl=80 | epoch=51/1000 | objective=661.362061 | rate=11.743423 | power=29.999939 | r_p=25.756577 | r_c=341.404835 | r_s=0.005918 | status=running
[UL Convergence] | phase=optimize | user=2 | block=0 | n_kl=80 | epoch=52/1000 | objective=667.751465 | rate=11.749496 | power=29.999939 | r_p=25.750504 | r_c=347.956786 | r_s=0.005726 | status=running
[UL Convergence] | phase=optimize | user=2 | block=0 | n_kl=80 | epoch=53/1000 | objective=674.158691 | rate=11.755018 | power=29.999939 | r_p=25.744982 | r_c=354.511634 | r_s=0.005534 | status=running
[UL Convergence] | phase=optimize | user=2 | block=0 | n_kl=80 | epoch=54/1000 | objective=680.582764 | rate=11.760022 | power=29.999939 | r_p=25.739979 | r_c=361.069496 | r_s=0.005343 | status=running
[UL Convergence] | phase=optimize | user=2 | block=0 | n_kl=80 | epoch=55/1000 | objective=687.022583 | rate=11.764545 | power=29.999939 | r_p=25.735455 | r_c=367.630332 | r_s=0.005153 | status=running
[UL Convergence] | phase=optimize | user=2 | block=0 | n_kl=80 | epoch=56/1000 | objective=693.477417 | rate=11.768623 | power=29.999945 | r_p=25.731377 | r_c=374.194166 | r_s=0.004965 | status=running
[UL Convergence] | phase=optimize | user=2 | block=0 | n_kl=80 | epoch=57/1000 | objective=699.946411 | rate=11.772285 | power=29.999939 | r_p=25.727715 | r_c=380.761006 | r_s=0.004781 | status=running
[UL Convergence] | phase=optimize | user=2 | block=0 | n_kl=80 | epoch=58/1000 | objective=706.428467 | rate=11.775565 | power=29.999939 | r_p=25.724434 | r_c=387.330762 | r_s=0.004599 | status=running
[UL Convergence] | phase=optimize | user=2 | block=0 | n_kl=80 | epoch=59/1000 | objective=712.923401 | rate=11.778481 | power=29.999939 | r_p=25.721519 | r_c=393.903595 | r_s=0.004419 | status=running
[UL Convergence] | phase=optimize | user=2 | block=0 | n_kl=80 | epoch=60/1000 | objective=719.429565 | rate=11.781078 | power=29.999935 | r_p=25.718922 | r_c=400.479109 | r_s=0.004243 | status=running
[UL Convergence] | phase=optimize | user=2 | block=0 | n_kl=80 | epoch=61/1000 | objective=725.946472 | rate=11.783373 | power=29.999939 | r_p=25.716627 | r_c=407.057419 | r_s=0.004069 | status=running
[UL Convergence] | phase=optimize | user=2 | block=0 | n_kl=80 | epoch=62/1000 | objective=732.473633 | rate=11.785389 | power=29.999939 | r_p=25.714611 | r_c=413.638439 | r_s=0.003897 | status=running
[UL Convergence] | phase=optimize | user=2 | block=0 | n_kl=80 | epoch=63/1000 | objective=739.010193 | rate=11.787150 | power=29.999945 | r_p=25.712849 | r_c=420.222048 | r_s=0.003727 | status=running
[UL Convergence] | phase=optimize | user=2 | block=0 | n_kl=80 | epoch=64/1000 | objective=745.555420 | rate=11.788682 | power=29.999939 | r_p=25.711319 | r_c=426.808161 | r_s=0.003559 | status=running
[UL Convergence] | phase=optimize | user=2 | block=0 | n_kl=80 | epoch=65/1000 | objective=752.108154 | rate=11.790012 | power=29.999939 | r_p=25.709988 | r_c=433.396438 | r_s=0.003393 | status=running
[UL Convergence] | phase=optimize | user=2 | block=0 | n_kl=80 | epoch=66/1000 | objective=758.668579 | rate=11.791145 | power=29.999939 | r_p=25.708855 | r_c=439.987083 | r_s=0.003228 | status=running
[UL Convergence] | phase=optimize | user=2 | block=0 | n_kl=80 | epoch=67/1000 | objective=765.235596 | rate=11.792107 | power=29.999939 | r_p=25.707893 | r_c=446.579836 | r_s=0.003065 | status=running
[UL Convergence] | phase=optimize | user=2 | block=0 | n_kl=80 | epoch=68/1000 | objective=771.808594 | rate=11.792920 | power=29.999939 | r_p=25.707081 | r_c=453.174470 | r_s=0.002904 | status=running
[UL Convergence] | phase=optimize | user=2 | block=0 | n_kl=80 | epoch=69/1000 | objective=778.386719 | rate=11.793600 | power=29.999939 | r_p=25.706400 | r_c=459.770831 | r_s=0.002745 | status=running
[UL Convergence] | phase=optimize | user=2 | block=0 | n_kl=80 | epoch=70/1000 | objective=784.969727 | rate=11.794163 | power=29.999945 | r_p=25.705837 | r_c=466.368813 | r_s=0.002588 | status=running
[UL Convergence] | phase=optimize | user=2 | block=0 | n_kl=80 | epoch=71/1000 | objective=791.556946 | rate=11.794621 | power=29.999939 | r_p=25.705379 | r_c=472.968291 | r_s=0.002434 | status=running
[UL Convergence] | phase=optimize | user=2 | block=0 | n_kl=80 | epoch=72/1000 | objective=798.148193 | rate=11.794984 | power=29.999939 | r_p=25.705017 | r_c=479.569196 | r_s=0.002283 | status=running
[UL Convergence] | phase=optimize | user=2 | block=0 | n_kl=80 | epoch=73/1000 | objective=804.759766 | rate=11.794893 | power=29.997715 | r_p=25.705107 | r_c=486.178370 | r_s=0.002136 | status=running
[UL Convergence] | phase=optimize | user=2 | block=0 | n_kl=80 | epoch=74/1000 | objective=811.340637 | rate=11.795473 | power=29.999939 | r_p=25.704527 | r_c=492.774779 | r_s=0.002563 | status=running
[UL Convergence] | phase=optimize | user=2 | block=0 | n_kl=80 | epoch=75/1000 | objective=817.941284 | rate=11.795616 | power=29.999939 | r_p=25.704384 | r_c=499.379227 | r_s=0.002329 | status=running
[UL Convergence] | phase=optimize | user=2 | block=0 | n_kl=80 | epoch=76/1000 | objective=824.543823 | rate=11.795716 | power=29.999939 | r_p=25.704285 | r_c=505.984428 | r_s=0.002112 | status=running
[UL Convergence] | phase=optimize | user=2 | block=0 | n_kl=80 | epoch=77/1000 | objective=831.147583 | rate=11.795789 | power=29.999939 | r_p=25.704212 | r_c=512.590085 | r_s=0.001912 | status=running
[UL Convergence] | phase=optimize | user=2 | block=0 | n_kl=80 | epoch=78/1000 | objective=837.752441 | rate=11.795834 | power=29.999935 | r_p=25.704166 | r_c=519.196226 | r_s=0.001727 | status=running
[UL Convergence] | phase=optimize | user=2 | block=0 | n_kl=80 | epoch=79/1000 | objective=844.358276 | rate=11.795859 | power=29.999929 | r_p=25.704140 | r_c=525.802722 | r_s=0.001557 | status=running
[UL Convergence] | phase=optimize | user=2 | block=0 | n_kl=80 | epoch=80/1000 | objective=850.964905 | rate=11.795867 | power=29.999939 | r_p=25.704132 | r_c=532.409591 | r_s=0.001401 | status=running
[UL Convergence] | phase=optimize | user=2 | block=0 | n_kl=80 | epoch=81/1000 | objective=857.571167 | rate=11.795882 | power=29.999939 | r_p=25.704117 | r_c=539.016296 | r_s=0.001260 | status=running
[UL Convergence] | phase=optimize | user=2 | block=0 | n_kl=80 | epoch=82/1000 | objective=864.178040 | rate=11.795887 | power=29.999939 | r_p=25.704113 | r_c=545.623231 | r_s=0.001133 | status=running
[UL Convergence] | phase=optimize | user=2 | block=0 | n_kl=80 | epoch=83/1000 | objective=870.784912 | rate=11.795891 | power=29.999945 | r_p=25.704109 | r_c=552.230163 | r_s=0.001020 | status=running
[UL Convergence] | phase=optimize | user=2 | block=0 | n_kl=80 | epoch=84/1000 | objective=877.391724 | rate=11.795896 | power=29.999939 | r_p=25.704105 | r_c=558.837092 | r_s=9.209007e-04 | status=running
[UL Convergence] | phase=optimize | user=2 | block=0 | n_kl=80 | epoch=85/1000 | objective=883.998230 | rate=11.795904 | power=29.999935 | r_p=25.704096 | r_c=565.443893 | r_s=8.353163e-04 | status=running
[UL Convergence] | phase=optimize | user=2 | block=0 | n_kl=80 | epoch=86/1000 | objective=890.604492 | rate=11.795920 | power=29.999945 | r_p=25.704079 | r_c=572.050516 | r_s=7.629337e-04 | status=running
[UL Convergence] | phase=optimize | user=2 | block=0 | n_kl=80 | epoch=87/1000 | objective=897.210571 | rate=11.795938 | power=29.999945 | r_p=25.704062 | r_c=578.657127 | r_s=7.030685e-04 | status=running
[UL Convergence] | phase=optimize | user=2 | block=0 | n_kl=80 | epoch=88/1000 | objective=903.817139 | rate=11.795948 | power=29.999939 | r_p=25.704052 | r_c=585.263897 | r_s=6.546825e-04 | status=running
[UL Convergence] | phase=optimize | user=2 | block=0 | n_kl=80 | epoch=89/1000 | objective=910.422729 | rate=11.795977 | power=29.999939 | r_p=25.704023 | r_c=591.870221 | r_s=6.163380e-04 | status=running
[UL Convergence] | phase=optimize | user=2 | block=0 | n_kl=80 | epoch=90/1000 | objective=917.028381 | rate=11.796000 | power=29.999945 | r_p=25.703999 | r_c=598.476612 | r_s=5.864172e-04 | status=stationary_infeasible
[UL Convergence Result] | user=2 | block=0 | n_kl=80 | achieved_rate=11.796000 | power=29.999945 | rate_gap=25.703999 | power_gap=-5.531311e-05 | solve_status=stationary_infeasible
[UL Convergence Allocation] | user=2 | block=0 | n_kl=80 | requested_bits=3000 | served_bits=943 | full_service=false
[UL Convergence Block] | user=2 | block=0 | stage=post_T | served_bits=943 | remaining_bits=2057
[UL Convergence Reduction] | user=2 | block=0 | served_bits=943 | n_start=79 | n_min=1
[UL Convergence Reduction] | user=2 | block=0 | n_kl=79 | status=stop_partial_payload
[UL Convergence Final] | user=2 | block=0 | feasible_points=1 | chosen_n_kl=80 | served_bits=943 | achieved_rate=11.796000 | power=29.999945 | solve_status=stationary_infeasible
[UL Convergence Allocation] | user=2 | block=0 | chosen_n_kl=80 | served_bits=943 | committed_bits=943 | remaining_bits=2057
[UL Convergence Train] | user=2 | block=1 | remaining_bits=2057
[UL Convergence Block] | user=2 | block=1 | budget_mode=B_rem | requested_bits=2057
[UL Convergence Solve] | user=2 | block=1 | stage=n=T | n_kl=80 | requested_bits=2057
[UL Convergence] | phase=optimize | user=2 | block=1 | n_kl=80 | epoch=1/1000 | objective=98.717194 | rate=10.998918 | power=29.999935 | r_p=14.713582 | r_c=1.471358 | r_s=inf | status=running
[UL Convergence] | phase=optimize | user=2 | block=1 | n_kl=80 | epoch=2/1000 | objective=99.534714 | rate=11.083560 | power=29.999935 | r_p=14.628940 | r_c=3.615335 | r_s=0.010322 | status=running
[UL Convergence] | phase=optimize | user=2 | block=1 | n_kl=80 | epoch=3/1000 | objective=100.343552 | rate=11.166862 | power=29.999939 | r_p=14.545638 | r_c=5.722621 | r_s=0.010309 | status=running
[UL Convergence] | phase=optimize | user=2 | block=1 | n_kl=80 | epoch=4/1000 | objective=101.146095 | rate=11.248714 | power=29.999939 | r_p=14.463785 | r_c=7.794268 | r_s=0.010289 | status=running
[UL Convergence] | phase=optimize | user=2 | block=1 | n_kl=80 | epoch=5/1000 | objective=101.944992 | rate=11.328997 | power=29.999939 | r_p=14.383503 | r_c=9.831404 | r_s=0.010260 | status=running
[UL Convergence] | phase=optimize | user=2 | block=1 | n_kl=80 | epoch=6/1000 | objective=102.742172 | rate=11.407633 | power=29.999935 | r_p=14.304867 | r_c=11.835196 | r_s=0.010222 | status=running
[UL Convergence] | phase=optimize | user=2 | block=1 | n_kl=80 | epoch=7/1000 | objective=103.539734 | rate=11.484540 | power=29.999935 | r_p=14.227960 | r_c=13.806857 | r_s=0.010174 | status=running
[UL Convergence] | phase=optimize | user=2 | block=1 | n_kl=80 | epoch=8/1000 | objective=104.339363 | rate=11.559662 | power=29.999935 | r_p=14.152838 | r_c=15.747618 | r_s=0.010114 | status=running
[UL Convergence] | phase=optimize | user=2 | block=1 | n_kl=80 | epoch=9/1000 | objective=105.142921 | rate=11.632933 | power=29.999939 | r_p=14.079567 | r_c=17.658749 | r_s=0.010042 | status=running
[UL Convergence] | phase=optimize | user=2 | block=1 | n_kl=80 | epoch=10/1000 | objective=105.951630 | rate=11.704327 | power=29.999939 | r_p=14.008173 | r_c=19.541496 | r_s=0.009958 | status=running
[UL Convergence] | phase=optimize | user=2 | block=1 | n_kl=80 | epoch=11/1000 | objective=106.766602 | rate=11.773825 | power=29.999939 | r_p=13.938675 | r_c=21.397100 | r_s=0.009863 | status=running
[UL Convergence] | phase=optimize | user=2 | block=1 | n_kl=80 | epoch=12/1000 | objective=107.589081 | rate=11.841402 | power=29.999945 | r_p=13.871098 | r_c=23.226810 | r_s=0.009757 | status=running
[UL Convergence] | phase=optimize | user=2 | block=1 | n_kl=80 | epoch=13/1000 | objective=108.419655 | rate=11.907072 | power=29.999939 | r_p=13.805428 | r_c=25.031811 | r_s=0.009645 | status=running
[UL Convergence] | phase=optimize | user=2 | block=1 | n_kl=80 | epoch=14/1000 | objective=109.259094 | rate=11.970838 | power=29.999939 | r_p=13.741662 | r_c=26.813288 | r_s=0.009529 | status=running
[UL Convergence] | phase=optimize | user=2 | block=1 | n_kl=80 | epoch=15/1000 | objective=110.107666 | rate=12.032730 | power=29.999935 | r_p=13.679770 | r_c=28.572348 | r_s=0.009411 | status=running
[UL Convergence] | phase=optimize | user=2 | block=1 | n_kl=80 | epoch=16/1000 | objective=110.965958 | rate=12.092763 | power=29.999939 | r_p=13.619737 | r_c=30.310109 | r_s=0.009295 | status=running
[UL Convergence] | phase=optimize | user=2 | block=1 | n_kl=80 | epoch=17/1000 | objective=111.834129 | rate=12.150973 | power=29.999939 | r_p=13.561526 | r_c=32.027608 | r_s=0.009182 | status=running
[UL Convergence] | phase=optimize | user=2 | block=1 | n_kl=80 | epoch=18/1000 | objective=112.712479 | rate=12.207390 | power=29.999939 | r_p=13.505110 | r_c=33.725871 | r_s=0.009071 | status=running
[UL Convergence] | phase=optimize | user=2 | block=1 | n_kl=80 | epoch=19/1000 | objective=113.601273 | rate=12.262041 | power=29.999939 | r_p=13.450459 | r_c=35.405892 | r_s=0.008963 | status=running
[UL Convergence] | phase=optimize | user=2 | block=1 | n_kl=80 | epoch=20/1000 | objective=114.500534 | rate=12.314969 | power=29.999939 | r_p=13.397531 | r_c=37.068598 | r_s=0.008858 | status=running
[UL Convergence] | phase=optimize | user=2 | block=1 | n_kl=80 | epoch=21/1000 | objective=115.410034 | rate=12.366232 | power=29.999939 | r_p=13.346268 | r_c=38.714833 | r_s=0.008754 | status=running
[UL Convergence] | phase=optimize | user=2 | block=1 | n_kl=80 | epoch=22/1000 | objective=116.330040 | rate=12.415854 | power=29.999939 | r_p=13.296646 | r_c=40.345496 | r_s=0.008652 | status=running
[UL Convergence] | phase=optimize | user=2 | block=1 | n_kl=80 | epoch=23/1000 | objective=117.260880 | rate=12.463857 | power=29.999935 | r_p=13.248643 | r_c=41.961467 | r_s=0.008551 | status=running
[UL Convergence] | phase=optimize | user=2 | block=1 | n_kl=80 | epoch=24/1000 | objective=118.202026 | rate=12.510311 | power=29.999939 | r_p=13.202188 | r_c=43.563446 | r_s=0.008451 | status=running
[UL Convergence] | phase=optimize | user=2 | block=1 | n_kl=80 | epoch=25/1000 | objective=119.153831 | rate=12.555235 | power=29.999939 | r_p=13.157265 | r_c=45.152258 | r_s=0.008352 | status=running
[UL Convergence] | phase=optimize | user=2 | block=1 | n_kl=80 | epoch=26/1000 | objective=120.115982 | rate=12.598683 | power=29.999935 | r_p=13.113816 | r_c=46.728574 | r_s=0.008253 | status=running
[UL Convergence] | phase=optimize | user=2 | block=1 | n_kl=80 | epoch=27/1000 | objective=121.088539 | rate=12.640689 | power=29.999939 | r_p=13.071811 | r_c=48.293108 | r_s=0.008156 | status=running
[UL Convergence] | phase=optimize | user=2 | block=1 | n_kl=80 | epoch=28/1000 | objective=122.071350 | rate=12.681295 | power=29.999939 | r_p=13.031204 | r_c=49.846504 | r_s=0.008059 | status=running
[UL Convergence] | phase=optimize | user=2 | block=1 | n_kl=80 | epoch=29/1000 | objective=123.064499 | rate=12.720532 | power=29.999935 | r_p=12.991967 | r_c=51.389426 | r_s=0.007963 | status=running
[UL Convergence] | phase=optimize | user=2 | block=1 | n_kl=80 | epoch=30/1000 | objective=124.067841 | rate=12.758441 | power=29.999935 | r_p=12.954059 | r_c=52.922466 | r_s=0.007868 | status=running
[UL Convergence] | phase=optimize | user=2 | block=1 | n_kl=80 | epoch=31/1000 | objective=125.081261 | rate=12.795060 | power=29.999939 | r_p=12.917439 | r_c=54.446195 | r_s=0.007774 | status=running
[UL Convergence] | phase=optimize | user=2 | block=1 | n_kl=80 | epoch=32/1000 | objective=126.104836 | rate=12.830416 | power=29.999939 | r_p=12.882084 | r_c=55.961209 | r_s=0.007681 | status=running
[UL Convergence] | phase=optimize | user=2 | block=1 | n_kl=80 | epoch=33/1000 | objective=127.138382 | rate=12.864549 | power=29.999939 | r_p=12.847951 | r_c=57.468015 | r_s=0.007588 | status=running
[UL Convergence] | phase=optimize | user=2 | block=1 | n_kl=80 | epoch=34/1000 | objective=128.182037 | rate=12.897482 | power=29.999939 | r_p=12.815018 | r_c=58.967175 | r_s=0.007498 | status=running
[UL Convergence] | phase=optimize | user=2 | block=1 | n_kl=80 | epoch=35/1000 | objective=129.235580 | rate=12.929255 | power=29.999939 | r_p=12.783245 | r_c=60.459151 | r_s=0.007409 | status=running
[UL Convergence] | phase=optimize | user=2 | block=1 | n_kl=80 | epoch=36/1000 | objective=130.299103 | rate=12.959889 | power=29.999935 | r_p=12.752610 | r_c=61.944459 | r_s=0.007322 | status=running
[UL Convergence] | phase=optimize | user=2 | block=1 | n_kl=80 | epoch=37/1000 | objective=131.372711 | rate=12.989408 | power=29.999935 | r_p=12.723091 | r_c=63.423599 | r_s=0.007238 | status=running
[UL Convergence] | phase=optimize | user=2 | block=1 | n_kl=80 | epoch=38/1000 | objective=132.456177 | rate=13.017851 | power=29.999945 | r_p=12.694649 | r_c=64.896968 | r_s=0.007157 | status=running
[UL Convergence] | phase=optimize | user=2 | block=1 | n_kl=80 | epoch=39/1000 | objective=133.549683 | rate=13.045231 | power=29.999939 | r_p=12.667269 | r_c=66.365062 | r_s=0.007080 | status=running
[UL Convergence] | phase=optimize | user=2 | block=1 | n_kl=80 | epoch=40/1000 | objective=134.653366 | rate=13.071568 | power=29.999939 | r_p=12.640932 | r_c=67.828343 | r_s=0.007005 | status=running
[UL Convergence] | phase=optimize | user=2 | block=1 | n_kl=80 | epoch=41/1000 | objective=135.767136 | rate=13.096889 | power=29.999939 | r_p=12.615611 | r_c=69.287207 | r_s=0.006934 | status=running
[UL Convergence] | phase=optimize | user=2 | block=1 | n_kl=80 | epoch=42/1000 | objective=136.891235 | rate=13.121206 | power=29.999939 | r_p=12.591293 | r_c=70.742118 | r_s=0.006865 | status=running
[UL Convergence] | phase=optimize | user=2 | block=1 | n_kl=80 | epoch=43/1000 | objective=138.025604 | rate=13.144547 | power=29.999945 | r_p=12.567952 | r_c=72.193447 | r_s=0.006798 | status=running
[UL Convergence] | phase=optimize | user=2 | block=1 | n_kl=80 | epoch=44/1000 | objective=139.170547 | rate=13.166919 | power=29.999935 | r_p=12.545581 | r_c=73.641664 | r_s=0.006733 | status=running
[UL Convergence] | phase=optimize | user=2 | block=1 | n_kl=80 | epoch=45/1000 | objective=140.325928 | rate=13.188349 | power=29.999939 | r_p=12.524151 | r_c=75.087098 | r_s=0.006669 | status=running
[UL Convergence] | phase=optimize | user=2 | block=1 | n_kl=80 | epoch=46/1000 | objective=141.491882 | rate=13.208853 | power=29.999935 | r_p=12.503647 | r_c=76.530145 | r_s=0.006604 | status=running
[UL Convergence] | phase=optimize | user=2 | block=1 | n_kl=80 | epoch=47/1000 | objective=142.668457 | rate=13.228450 | power=29.999939 | r_p=12.484050 | r_c=77.971160 | r_s=0.006539 | status=running
[UL Convergence] | phase=optimize | user=2 | block=1 | n_kl=80 | epoch=48/1000 | objective=143.855743 | rate=13.247156 | power=29.999939 | r_p=12.465343 | r_c=79.410506 | r_s=0.006472 | status=running
[UL Convergence] | phase=optimize | user=2 | block=1 | n_kl=80 | epoch=49/1000 | objective=145.115173 | rate=13.261911 | power=29.982391 | r_p=12.450588 | r_c=80.868516 | r_s=0.006409 | status=running
[UL Convergence] | phase=optimize | user=2 | block=1 | n_kl=80 | epoch=50/1000 | objective=146.290802 | rate=13.280581 | power=29.999939 | r_p=12.431918 | r_c=82.295098 | r_s=0.006137 | status=running
[UL Convergence] | phase=optimize | user=2 | block=1 | n_kl=80 | epoch=51/1000 | objective=147.537048 | rate=13.295421 | power=29.999939 | r_p=12.417079 | r_c=83.740549 | r_s=0.005969 | status=running
[UL Convergence] | phase=optimize | user=2 | block=1 | n_kl=80 | epoch=52/1000 | objective=148.792664 | rate=13.309536 | power=29.999939 | r_p=12.402964 | r_c=85.185441 | r_s=0.005814 | status=running
[UL Convergence] | phase=optimize | user=2 | block=1 | n_kl=80 | epoch=53/1000 | objective=150.057465 | rate=13.322952 | power=29.999945 | r_p=12.389547 | r_c=86.629967 | r_s=0.005664 | status=running
[UL Convergence] | phase=optimize | user=2 | block=1 | n_kl=80 | epoch=54/1000 | objective=151.330902 | rate=13.335712 | power=29.999939 | r_p=12.376787 | r_c=88.074174 | r_s=0.005522 | status=running
[UL Convergence] | phase=optimize | user=2 | block=1 | n_kl=80 | epoch=55/1000 | objective=152.612946 | rate=13.347833 | power=29.999939 | r_p=12.364667 | r_c=89.518274 | r_s=0.005386 | status=running
[UL Convergence] | phase=optimize | user=2 | block=1 | n_kl=80 | epoch=56/1000 | objective=153.903107 | rate=13.359351 | power=29.999939 | r_p=12.353148 | r_c=90.962307 | r_s=0.005259 | status=running
[UL Convergence] | phase=optimize | user=2 | block=1 | n_kl=80 | epoch=57/1000 | objective=155.201141 | rate=13.370293 | power=29.999939 | r_p=12.342207 | r_c=92.406391 | r_s=0.005139 | status=running
[UL Convergence] | phase=optimize | user=2 | block=1 | n_kl=80 | epoch=58/1000 | objective=156.507324 | rate=13.380657 | power=29.999945 | r_p=12.331842 | r_c=93.850813 | r_s=0.005027 | status=running
[UL Convergence] | phase=optimize | user=2 | block=1 | n_kl=80 | epoch=59/1000 | objective=157.821014 | rate=13.390489 | power=29.999939 | r_p=12.322011 | r_c=95.295522 | r_s=0.004922 | status=running
[UL Convergence] | phase=optimize | user=2 | block=1 | n_kl=80 | epoch=60/1000 | objective=159.142120 | rate=13.399802 | power=29.999939 | r_p=12.312697 | r_c=96.740665 | r_s=0.004823 | status=running
[UL Convergence] | phase=optimize | user=2 | block=1 | n_kl=80 | epoch=61/1000 | objective=160.470718 | rate=13.408607 | power=29.999935 | r_p=12.303893 | r_c=98.186431 | r_s=0.004728 | status=running
[UL Convergence] | phase=optimize | user=2 | block=1 | n_kl=80 | epoch=62/1000 | objective=161.806641 | rate=13.416920 | power=29.999935 | r_p=12.295580 | r_c=99.632926 | r_s=0.004637 | status=running
[UL Convergence] | phase=optimize | user=2 | block=1 | n_kl=80 | epoch=63/1000 | objective=163.149582 | rate=13.424768 | power=29.999945 | r_p=12.287731 | r_c=101.080174 | r_s=0.004549 | status=running
[UL Convergence] | phase=optimize | user=2 | block=1 | n_kl=80 | epoch=64/1000 | objective=164.499512 | rate=13.432162 | power=29.999939 | r_p=12.280337 | r_c=102.528326 | r_s=0.004461 | status=running
[UL Convergence] | phase=optimize | user=2 | block=1 | n_kl=80 | epoch=65/1000 | objective=165.856537 | rate=13.439107 | power=29.999935 | r_p=12.273393 | r_c=103.977560 | r_s=0.004374 | status=running
[UL Convergence] | phase=optimize | user=2 | block=1 | n_kl=80 | epoch=66/1000 | objective=167.220154 | rate=13.445636 | power=29.999945 | r_p=12.266864 | r_c=105.427809 | r_s=0.004286 | status=running
[UL Convergence] | phase=optimize | user=2 | block=1 | n_kl=80 | epoch=67/1000 | objective=168.590607 | rate=13.451746 | power=29.999939 | r_p=12.260754 | r_c=106.879305 | r_s=0.004198 | status=running
[UL Convergence] | phase=optimize | user=2 | block=1 | n_kl=80 | epoch=68/1000 | objective=169.967468 | rate=13.457465 | power=29.999939 | r_p=12.255034 | r_c=108.332009 | r_s=0.004107 | status=running
[UL Convergence] | phase=optimize | user=2 | block=1 | n_kl=80 | epoch=69/1000 | objective=171.350647 | rate=13.462809 | power=29.999939 | r_p=12.249691 | r_c=109.785978 | r_s=0.004015 | status=running
[UL Convergence] | phase=optimize | user=2 | block=1 | n_kl=80 | epoch=70/1000 | objective=172.740051 | rate=13.467785 | power=29.999935 | r_p=12.244715 | r_c=111.241319 | r_s=0.003921 | status=running
[UL Convergence] | phase=optimize | user=2 | block=1 | n_kl=80 | epoch=71/1000 | objective=174.135315 | rate=13.472421 | power=29.999935 | r_p=12.240079 | r_c=112.697966 | r_s=0.003825 | status=running
[UL Convergence] | phase=optimize | user=2 | block=1 | n_kl=80 | epoch=72/1000 | objective=175.536209 | rate=13.476732 | power=29.999939 | r_p=12.235767 | r_c=114.155936 | r_s=0.003729 | status=running
[UL Convergence] | phase=optimize | user=2 | block=1 | n_kl=80 | epoch=73/1000 | objective=176.942841 | rate=13.480722 | power=29.999939 | r_p=12.231777 | r_c=115.615360 | r_s=0.003631 | status=running
[UL Convergence] | phase=optimize | user=2 | block=1 | n_kl=80 | epoch=74/1000 | objective=178.354706 | rate=13.484418 | power=29.999935 | r_p=12.228082 | r_c=117.076142 | r_s=0.003533 | status=running
[UL Convergence] | phase=optimize | user=2 | block=1 | n_kl=80 | epoch=75/1000 | objective=179.771667 | rate=13.487834 | power=29.999939 | r_p=12.224666 | r_c=118.538278 | r_s=0.003435 | status=running
[UL Convergence] | phase=optimize | user=2 | block=1 | n_kl=80 | epoch=76/1000 | objective=181.193665 | rate=13.490977 | power=29.999939 | r_p=12.221522 | r_c=120.001838 | r_s=0.003338 | status=running
[UL Convergence] | phase=optimize | user=2 | block=1 | n_kl=80 | epoch=77/1000 | objective=182.620117 | rate=13.493878 | power=29.999935 | r_p=12.218621 | r_c=121.466654 | r_s=0.003241 | status=running
[UL Convergence] | phase=optimize | user=2 | block=1 | n_kl=80 | epoch=78/1000 | objective=184.051056 | rate=13.496542 | power=29.999939 | r_p=12.215958 | r_c=122.932797 | r_s=0.003145 | status=running
[UL Convergence] | phase=optimize | user=2 | block=1 | n_kl=80 | epoch=79/1000 | objective=185.486328 | rate=13.498980 | power=29.999939 | r_p=12.213520 | r_c=124.400265 | r_s=0.003050 | status=running
[UL Convergence] | phase=optimize | user=2 | block=1 | n_kl=80 | epoch=80/1000 | objective=186.925598 | rate=13.501208 | power=29.999945 | r_p=12.211291 | r_c=125.868993 | r_s=0.002957 | status=running
[UL Convergence] | phase=optimize | user=2 | block=1 | n_kl=80 | epoch=81/1000 | objective=188.368591 | rate=13.503246 | power=29.999935 | r_p=12.209253 | r_c=127.338893 | r_s=0.002864 | status=running
[UL Convergence] | phase=optimize | user=2 | block=1 | n_kl=80 | epoch=82/1000 | objective=189.815155 | rate=13.505101 | power=29.999939 | r_p=12.207398 | r_c=128.809979 | r_s=0.002772 | status=running
[UL Convergence] | phase=optimize | user=2 | block=1 | n_kl=80 | epoch=83/1000 | objective=191.265198 | rate=13.506783 | power=29.999945 | r_p=12.205716 | r_c=130.282229 | r_s=0.002681 | status=running
[UL Convergence] | phase=optimize | user=2 | block=1 | n_kl=80 | epoch=84/1000 | objective=192.718414 | rate=13.508307 | power=29.999939 | r_p=12.204192 | r_c=131.755571 | r_s=0.002591 | status=running
[UL Convergence] | phase=optimize | user=2 | block=1 | n_kl=80 | epoch=85/1000 | objective=194.174683 | rate=13.509682 | power=29.999939 | r_p=12.202818 | r_c=133.229990 | r_s=0.002501 | status=running
[UL Convergence] | phase=optimize | user=2 | block=1 | n_kl=80 | epoch=86/1000 | objective=195.633667 | rate=13.510923 | power=29.999935 | r_p=12.201576 | r_c=134.705370 | r_s=0.002412 | status=running
[UL Convergence] | phase=optimize | user=2 | block=1 | n_kl=80 | epoch=87/1000 | objective=197.095276 | rate=13.512039 | power=29.999939 | r_p=12.200460 | r_c=136.181700 | r_s=0.002322 | status=running
[UL Convergence] | phase=optimize | user=2 | block=1 | n_kl=80 | epoch=88/1000 | objective=198.559418 | rate=13.513035 | power=29.999939 | r_p=12.199465 | r_c=137.658977 | r_s=0.002233 | status=running
[UL Convergence] | phase=optimize | user=2 | block=1 | n_kl=80 | epoch=89/1000 | objective=200.025787 | rate=13.513925 | power=29.999935 | r_p=12.198575 | r_c=139.137098 | r_s=0.002144 | status=running
[UL Convergence] | phase=optimize | user=2 | block=1 | n_kl=80 | epoch=90/1000 | objective=201.494110 | rate=13.514722 | power=29.999939 | r_p=12.197778 | r_c=140.615959 | r_s=0.002056 | status=running
[UL Convergence] | phase=optimize | user=2 | block=1 | n_kl=80 | epoch=91/1000 | objective=202.964600 | rate=13.515421 | power=29.999939 | r_p=12.197079 | r_c=142.095673 | r_s=0.001968 | status=running
[UL Convergence] | phase=optimize | user=2 | block=1 | n_kl=80 | epoch=92/1000 | objective=204.436890 | rate=13.516039 | power=29.999939 | r_p=12.196461 | r_c=143.576086 | r_s=0.001881 | status=running
[UL Convergence] | phase=optimize | user=2 | block=1 | n_kl=80 | epoch=93/1000 | objective=205.910614 | rate=13.516588 | power=29.999939 | r_p=12.195911 | r_c=145.057089 | r_s=0.001795 | status=running
[UL Convergence] | phase=optimize | user=2 | block=1 | n_kl=80 | epoch=94/1000 | objective=207.385895 | rate=13.517069 | power=29.999935 | r_p=12.195431 | r_c=146.538716 | r_s=0.001711 | status=running
[UL Convergence] | phase=optimize | user=2 | block=1 | n_kl=80 | epoch=95/1000 | objective=208.862656 | rate=13.517485 | power=29.999935 | r_p=12.195015 | r_c=148.020954 | r_s=0.001628 | status=running
[UL Convergence] | phase=optimize | user=2 | block=1 | n_kl=80 | epoch=96/1000 | objective=210.340424 | rate=13.517855 | power=29.999939 | r_p=12.194645 | r_c=149.503602 | r_s=0.001547 | status=running
[UL Convergence] | phase=optimize | user=2 | block=1 | n_kl=80 | epoch=97/1000 | objective=211.819519 | rate=13.518167 | power=29.999935 | r_p=12.194332 | r_c=150.986822 | r_s=0.001468 | status=running
[UL Convergence] | phase=optimize | user=2 | block=1 | n_kl=80 | epoch=98/1000 | objective=213.299484 | rate=13.518442 | power=29.999939 | r_p=12.194057 | r_c=152.470405 | r_s=0.001391 | status=running
[UL Convergence] | phase=optimize | user=2 | block=1 | n_kl=80 | epoch=99/1000 | objective=214.780365 | rate=13.518678 | power=29.999939 | r_p=12.193822 | r_c=153.954382 | r_s=0.001317 | status=running
[UL Convergence] | phase=optimize | user=2 | block=1 | n_kl=80 | epoch=100/1000 | objective=216.262054 | rate=13.518878 | power=29.999939 | r_p=12.193622 | r_c=155.438722 | r_s=0.001244 | status=running
[UL Convergence] | phase=optimize | user=2 | block=1 | n_kl=80 | epoch=101/1000 | objective=217.744537 | rate=13.519045 | power=29.999939 | r_p=12.193455 | r_c=156.923418 | r_s=0.001174 | status=running
[UL Convergence] | phase=optimize | user=2 | block=1 | n_kl=80 | epoch=102/1000 | objective=219.227585 | rate=13.519188 | power=29.999939 | r_p=12.193312 | r_c=158.408363 | r_s=0.001106 | status=running
[UL Convergence] | phase=optimize | user=2 | block=1 | n_kl=80 | epoch=103/1000 | objective=220.711243 | rate=13.519306 | power=29.999935 | r_p=12.193193 | r_c=159.893581 | r_s=0.001040 | status=running
[UL Convergence] | phase=optimize | user=2 | block=1 | n_kl=80 | epoch=104/1000 | objective=222.195175 | rate=13.519413 | power=29.999939 | r_p=12.193087 | r_c=161.378907 | r_s=9.755979e-04 | status=running
[UL Convergence] | phase=optimize | user=2 | block=1 | n_kl=80 | epoch=105/1000 | objective=223.679718 | rate=13.519494 | power=29.999945 | r_p=12.193006 | r_c=162.864538 | r_s=9.135444e-04 | status=running
[UL Convergence] | phase=optimize | user=2 | block=1 | n_kl=80 | epoch=106/1000 | objective=225.164734 | rate=13.519558 | power=29.999939 | r_p=12.192942 | r_c=164.350370 | r_s=8.535433e-04 | status=running
[UL Convergence] | phase=optimize | user=2 | block=1 | n_kl=80 | epoch=107/1000 | objective=226.650116 | rate=13.519606 | power=29.999939 | r_p=12.192894 | r_c=165.836400 | r_s=7.956153e-04 | status=running
[UL Convergence] | phase=optimize | user=2 | block=1 | n_kl=80 | epoch=108/1000 | objective=228.135590 | rate=13.519650 | power=29.999939 | r_p=12.192849 | r_c=167.322451 | r_s=7.398758e-04 | status=running
[UL Convergence] | phase=optimize | user=2 | block=1 | n_kl=80 | epoch=109/1000 | objective=229.621399 | rate=13.519682 | power=29.999935 | r_p=12.192818 | r_c=168.808671 | r_s=6.863947e-04 | status=running
[UL Convergence] | phase=optimize | user=2 | block=1 | n_kl=80 | epoch=110/1000 | objective=231.107422 | rate=13.519705 | power=29.999939 | r_p=12.192795 | r_c=170.295000 | r_s=6.353242e-04 | status=running
[UL Convergence] | phase=optimize | user=2 | block=1 | n_kl=80 | epoch=111/1000 | objective=232.593307 | rate=13.519732 | power=29.999935 | r_p=12.192767 | r_c=171.781253 | r_s=5.867088e-04 | status=stationary_infeasible
[UL Convergence Result] | user=2 | block=1 | n_kl=80 | achieved_rate=13.519732 | power=29.999935 | rate_gap=12.192767 | power_gap=-6.484985e-05 | solve_status=stationary_infeasible
[UL Convergence Allocation] | user=2 | block=1 | n_kl=80 | requested_bits=2057 | served_bits=1081 | full_service=false
[UL Convergence Block] | user=2 | block=1 | stage=post_T | served_bits=1081 | remaining_bits=976
[UL Convergence Reduction] | user=2 | block=1 | served_bits=1081 | n_start=79 | n_min=1
[UL Convergence Reduction] | user=2 | block=1 | n_kl=79 | status=stop_partial_payload
[UL Convergence Final] | user=2 | block=1 | feasible_points=1 | chosen_n_kl=80 | served_bits=1081 | achieved_rate=13.519732 | power=29.999935 | solve_status=stationary_infeasible
[UL Convergence Allocation] | user=2 | block=1 | chosen_n_kl=80 | served_bits=1081 | committed_bits=1081 | remaining_bits=976
[UL Convergence Train] | user=2 | block=2 | remaining_bits=976
[UL Convergence Block] | user=2 | block=2 | budget_mode=B_rem | requested_bits=976
[UL Convergence Solve] | user=2 | block=2 | stage=n=T | n_kl=80 | requested_bits=976
[UL Convergence] | phase=optimize | user=2 | block=2 | n_kl=80 | epoch=1/1000 | objective=-10.758978 | rate=11.277120 | power=29.999939 | r_p=0.922880 | r_c=0.092288 | r_s=inf | status=running
[UL Convergence] | phase=optimize | user=2 | block=2 | n_kl=80 | epoch=2/1000 | objective=-10.867682 | rate=11.335647 | power=29.999939 | r_p=0.864353 | r_c=0.094412 | r_s=0.010328 | status=running
[UL Convergence] | phase=optimize | user=2 | block=2 | n_kl=80 | epoch=3/1000 | objective=-10.972179 | rate=11.392962 | power=29.999939 | r_p=0.807038 | r_c=0.095127 | r_s=0.010299 | status=running
[UL Convergence] | phase=optimize | user=2 | block=2 | n_kl=80 | epoch=4/1000 | objective=-11.072372 | rate=11.448977 | power=29.999935 | r_p=0.751023 | r_c=0.094586 | r_s=0.010245 | status=running
[UL Convergence] | phase=optimize | user=2 | block=2 | n_kl=80 | epoch=5/1000 | objective=-11.168174 | rate=11.503598 | power=29.999945 | r_p=0.696402 | r_c=0.092937 | r_s=0.010162 | status=running
[UL Convergence] | phase=optimize | user=2 | block=2 | n_kl=80 | epoch=6/1000 | objective=-11.259645 | rate=11.556808 | power=29.999945 | r_p=0.643192 | r_c=0.090315 | r_s=0.010053 | status=running
[UL Convergence] | phase=optimize | user=2 | block=2 | n_kl=80 | epoch=7/1000 | objective=-11.346822 | rate=11.608568 | power=29.999939 | r_p=0.591432 | r_c=0.086851 | r_s=0.009927 | status=running
[UL Convergence] | phase=optimize | user=2 | block=2 | n_kl=80 | epoch=8/1000 | objective=-11.429786 | rate=11.658865 | power=29.999939 | r_p=0.541135 | r_c=0.082665 | r_s=0.009800 | status=running
[UL Convergence] | phase=optimize | user=2 | block=2 | n_kl=80 | epoch=9/1000 | objective=-11.508633 | rate=11.707689 | power=29.999939 | r_p=0.492311 | r_c=0.077871 | r_s=0.009676 | status=running
[UL Convergence] | phase=optimize | user=2 | block=2 | n_kl=80 | epoch=10/1000 | objective=-11.583450 | rate=11.755026 | power=29.999939 | r_p=0.444974 | r_c=0.072574 | r_s=0.009552 | status=running
[UL Convergence] | phase=optimize | user=2 | block=2 | n_kl=80 | epoch=11/1000 | objective=-11.654340 | rate=11.800867 | power=29.999939 | r_p=0.399133 | r_c=0.066874 | r_s=0.009425 | status=running
[UL Convergence] | phase=optimize | user=2 | block=2 | n_kl=80 | epoch=12/1000 | objective=-11.721381 | rate=11.845190 | power=29.999939 | r_p=0.354810 | r_c=0.060864 | r_s=0.009291 | status=running
[UL Convergence] | phase=optimize | user=2 | block=2 | n_kl=80 | epoch=13/1000 | objective=-11.784708 | rate=11.888005 | power=29.999935 | r_p=0.311995 | r_c=0.054626 | r_s=0.009151 | status=running
[UL Convergence] | phase=optimize | user=2 | block=2 | n_kl=80 | epoch=14/1000 | objective=-11.844421 | rate=11.929301 | power=29.999939 | r_p=0.270699 | r_c=0.048240 | r_s=0.009005 | status=running
[UL Convergence] | phase=optimize | user=2 | block=2 | n_kl=80 | epoch=15/1000 | objective=-11.900663 | rate=11.969095 | power=29.999939 | r_p=0.230905 | r_c=0.041774 | r_s=0.008854 | status=running
[UL Convergence] | phase=optimize | user=2 | block=2 | n_kl=80 | epoch=16/1000 | objective=-11.953553 | rate=12.007392 | power=29.999939 | r_p=0.192608 | r_c=0.035290 | r_s=0.008698 | status=running
[UL Convergence] | phase=optimize | user=2 | block=2 | n_kl=80 | epoch=17/1000 | objective=-12.003231 | rate=12.044210 | power=29.999939 | r_p=0.155789 | r_c=0.028844 | r_s=0.008538 | status=running
[UL Convergence] | phase=optimize | user=2 | block=2 | n_kl=80 | epoch=18/1000 | objective=-12.049844 | rate=12.079578 | power=29.999939 | r_p=0.120421 | r_c=0.022483 | r_s=0.008373 | status=running
[UL Convergence] | phase=optimize | user=2 | block=2 | n_kl=80 | epoch=19/1000 | objective=-12.093534 | rate=12.113523 | power=29.999939 | r_p=0.086476 | r_c=0.016250 | r_s=0.008204 | status=running
[UL Convergence] | phase=optimize | user=2 | block=2 | n_kl=80 | epoch=20/1000 | objective=-12.134438 | rate=12.146072 | power=29.999939 | r_p=0.053927 | r_c=0.010180 | r_s=0.008033 | status=running
[UL Convergence] | phase=optimize | user=2 | block=2 | n_kl=80 | epoch=21/1000 | objective=-12.172687 | rate=12.177252 | power=29.999939 | r_p=0.022748 | r_c=0.004307 | r_s=0.007858 | status=running
[UL Convergence] | phase=optimize | user=2 | block=2 | n_kl=80 | epoch=22/1000 | objective=-12.207118 | rate=12.207118 | power=29.999939 | r_p=0.000000 | r_c=0.000000 | r_s=0.007682 | status=running
[UL Convergence] | phase=optimize | user=2 | block=2 | n_kl=80 | epoch=23/1000 | objective=-12.235414 | rate=12.235414 | power=29.999935 | r_p=0.000000 | r_c=0.000000 | r_s=0.007433 | status=running
[UL Convergence] | phase=optimize | user=2 | block=2 | n_kl=80 | epoch=24/1000 | objective=-12.262280 | rate=12.262280 | power=29.999945 | r_p=0.000000 | r_c=0.000000 | r_s=0.007202 | status=running
[UL Convergence] | phase=optimize | user=2 | block=2 | n_kl=80 | epoch=25/1000 | objective=-12.287827 | rate=12.287827 | power=29.999939 | r_p=0.000000 | r_c=0.000000 | r_s=0.006988 | status=running
[UL Convergence] | phase=optimize | user=2 | block=2 | n_kl=80 | epoch=26/1000 | objective=-12.312160 | rate=12.312160 | power=29.999935 | r_p=0.000000 | r_c=0.000000 | r_s=0.006789 | status=running
[UL Convergence] | phase=optimize | user=2 | block=2 | n_kl=80 | epoch=27/1000 | objective=-12.335372 | rate=12.335372 | power=29.999939 | r_p=0.000000 | r_c=0.000000 | r_s=0.006603 | status=running
[UL Convergence] | phase=optimize | user=2 | block=2 | n_kl=80 | epoch=28/1000 | objective=-12.357549 | rate=12.357549 | power=29.999945 | r_p=0.000000 | r_c=0.000000 | r_s=0.006430 | status=running
[UL Convergence] | phase=optimize | user=2 | block=2 | n_kl=80 | epoch=29/1000 | objective=-12.378762 | rate=12.378762 | power=29.999939 | r_p=0.000000 | r_c=0.000000 | r_s=0.006268 | status=running
[UL Convergence] | phase=optimize | user=2 | block=2 | n_kl=80 | epoch=30/1000 | objective=-12.399076 | rate=12.399076 | power=29.999939 | r_p=0.000000 | r_c=0.000000 | r_s=0.006116 | status=running
[UL Convergence] | phase=optimize | user=2 | block=2 | n_kl=80 | epoch=31/1000 | objective=-12.418550 | rate=12.418550 | power=29.999939 | r_p=0.000000 | r_c=0.000000 | r_s=0.005974 | status=running
[UL Convergence] | phase=optimize | user=2 | block=2 | n_kl=80 | epoch=32/1000 | objective=-12.437237 | rate=12.437237 | power=29.999939 | r_p=0.000000 | r_c=0.000000 | r_s=0.005840 | status=running
[UL Convergence] | phase=optimize | user=2 | block=2 | n_kl=80 | epoch=33/1000 | objective=-12.455180 | rate=12.455180 | power=29.999939 | r_p=0.000000 | r_c=0.000000 | r_s=0.005713 | status=running
[UL Convergence] | phase=optimize | user=2 | block=2 | n_kl=80 | epoch=34/1000 | objective=-12.472433 | rate=12.472433 | power=29.999939 | r_p=0.000000 | r_c=0.000000 | r_s=0.005594 | status=running
[UL Convergence] | phase=optimize | user=2 | block=2 | n_kl=80 | epoch=35/1000 | objective=-12.489022 | rate=12.489022 | power=29.999939 | r_p=0.000000 | r_c=0.000000 | r_s=0.005480 | status=running
[UL Convergence] | phase=optimize | user=2 | block=2 | n_kl=80 | epoch=36/1000 | objective=-12.504990 | rate=12.504990 | power=29.999939 | r_p=0.000000 | r_c=0.000000 | r_s=0.005373 | status=running
[UL Convergence] | phase=optimize | user=2 | block=2 | n_kl=80 | epoch=37/1000 | objective=-12.520370 | rate=12.520370 | power=29.999945 | r_p=0.000000 | r_c=0.000000 | r_s=0.005270 | status=running
[UL Convergence] | phase=optimize | user=2 | block=2 | n_kl=80 | epoch=38/1000 | objective=-12.535195 | rate=12.535195 | power=29.999939 | r_p=0.000000 | r_c=0.000000 | r_s=0.005173 | status=running
[UL Convergence] | phase=optimize | user=2 | block=2 | n_kl=80 | epoch=39/1000 | objective=-12.549482 | rate=12.549482 | power=29.999939 | r_p=0.000000 | r_c=0.000000 | r_s=0.005080 | status=running
[UL Convergence] | phase=optimize | user=2 | block=2 | n_kl=80 | epoch=40/1000 | objective=-12.563270 | rate=12.563270 | power=29.999939 | r_p=0.000000 | r_c=0.000000 | r_s=0.004991 | status=running
[UL Convergence] | phase=optimize | user=2 | block=2 | n_kl=80 | epoch=41/1000 | objective=-12.576565 | rate=12.576565 | power=29.999939 | r_p=0.000000 | r_c=0.000000 | r_s=0.004907 | status=running
[UL Convergence] | phase=optimize | user=2 | block=2 | n_kl=80 | epoch=42/1000 | objective=-12.589415 | rate=12.589415 | power=29.999939 | r_p=0.000000 | r_c=0.000000 | r_s=0.004826 | status=running
[UL Convergence] | phase=optimize | user=2 | block=2 | n_kl=80 | epoch=43/1000 | objective=-12.601822 | rate=12.601822 | power=29.999939 | r_p=0.000000 | r_c=0.000000 | r_s=0.004749 | status=running
[UL Convergence] | phase=optimize | user=2 | block=2 | n_kl=80 | epoch=44/1000 | objective=-12.613810 | rate=12.613810 | power=29.999939 | r_p=0.000000 | r_c=0.000000 | r_s=0.004676 | status=running
[UL Convergence] | phase=optimize | user=2 | block=2 | n_kl=80 | epoch=45/1000 | objective=-12.625398 | rate=12.625398 | power=29.999939 | r_p=0.000000 | r_c=0.000000 | r_s=0.004607 | status=running
[UL Convergence] | phase=optimize | user=2 | block=2 | n_kl=80 | epoch=46/1000 | objective=-12.636593 | rate=12.636593 | power=29.999935 | r_p=0.000000 | r_c=0.000000 | r_s=0.004541 | status=running
[UL Convergence] | phase=optimize | user=2 | block=2 | n_kl=80 | epoch=47/1000 | objective=-12.647425 | rate=12.647425 | power=29.999945 | r_p=0.000000 | r_c=0.000000 | r_s=0.004478 | status=running
[UL Convergence] | phase=optimize | user=2 | block=2 | n_kl=80 | epoch=48/1000 | objective=-12.657903 | rate=12.657903 | power=29.999945 | r_p=0.000000 | r_c=0.000000 | r_s=0.004418 | status=running
[UL Convergence] | phase=optimize | user=2 | block=2 | n_kl=80 | epoch=49/1000 | objective=-12.668036 | rate=12.668036 | power=29.999939 | r_p=0.000000 | r_c=0.000000 | r_s=0.004361 | status=running
[UL Convergence] | phase=optimize | user=2 | block=2 | n_kl=80 | epoch=50/1000 | objective=-12.677843 | rate=12.677843 | power=29.999939 | r_p=0.000000 | r_c=0.000000 | r_s=0.004307 | status=running
[UL Convergence] | phase=optimize | user=2 | block=2 | n_kl=80 | epoch=51/1000 | objective=-12.687332 | rate=12.687332 | power=29.999939 | r_p=0.000000 | r_c=0.000000 | r_s=0.004254 | status=running
[UL Convergence] | phase=optimize | user=2 | block=2 | n_kl=80 | epoch=52/1000 | objective=-12.696516 | rate=12.696516 | power=29.999945 | r_p=0.000000 | r_c=0.000000 | r_s=0.004204 | status=running
[UL Convergence] | phase=optimize | user=2 | block=2 | n_kl=80 | epoch=53/1000 | objective=-12.705399 | rate=12.705399 | power=29.999939 | r_p=0.000000 | r_c=0.000000 | r_s=0.004156 | status=running
[UL Convergence] | phase=optimize | user=2 | block=2 | n_kl=80 | epoch=54/1000 | objective=-12.713999 | rate=12.713999 | power=29.999939 | r_p=0.000000 | r_c=0.000000 | r_s=0.004110 | status=running
[UL Convergence] | phase=optimize | user=2 | block=2 | n_kl=80 | epoch=55/1000 | objective=-12.722315 | rate=12.722315 | power=29.999939 | r_p=0.000000 | r_c=0.000000 | r_s=0.004066 | status=running
[UL Convergence] | phase=optimize | user=2 | block=2 | n_kl=80 | epoch=56/1000 | objective=-12.730364 | rate=12.730364 | power=29.999939 | r_p=0.000000 | r_c=0.000000 | r_s=0.004023 | status=running
[UL Convergence] | phase=optimize | user=2 | block=2 | n_kl=80 | epoch=57/1000 | objective=-12.738151 | rate=12.738151 | power=29.999939 | r_p=0.000000 | r_c=0.000000 | r_s=0.003982 | status=running
[UL Convergence] | phase=optimize | user=2 | block=2 | n_kl=80 | epoch=58/1000 | objective=-12.745680 | rate=12.745680 | power=29.999939 | r_p=0.000000 | r_c=0.000000 | r_s=0.003942 | status=running
[UL Convergence] | phase=optimize | user=2 | block=2 | n_kl=80 | epoch=59/1000 | objective=-12.752968 | rate=12.752968 | power=29.999939 | r_p=0.000000 | r_c=0.000000 | r_s=0.003903 | status=running
[UL Convergence] | phase=optimize | user=2 | block=2 | n_kl=80 | epoch=60/1000 | objective=-12.760002 | rate=12.760002 | power=29.999939 | r_p=0.000000 | r_c=0.000000 | r_s=0.003865 | status=running
[UL Convergence] | phase=optimize | user=2 | block=2 | n_kl=80 | epoch=61/1000 | objective=-12.766815 | rate=12.766815 | power=29.999935 | r_p=0.000000 | r_c=0.000000 | r_s=0.003829 | status=running
[UL Convergence] | phase=optimize | user=2 | block=2 | n_kl=80 | epoch=62/1000 | objective=-12.773390 | rate=12.773390 | power=29.999939 | r_p=0.000000 | r_c=0.000000 | r_s=0.003792 | status=running
[UL Convergence] | phase=optimize | user=2 | block=2 | n_kl=80 | epoch=63/1000 | objective=-12.779742 | rate=12.779742 | power=29.999935 | r_p=0.000000 | r_c=0.000000 | r_s=0.003757 | status=running
[UL Convergence] | phase=optimize | user=2 | block=2 | n_kl=80 | epoch=64/1000 | objective=-12.785881 | rate=12.785881 | power=29.999939 | r_p=0.000000 | r_c=0.000000 | r_s=0.003722 | status=running
[UL Convergence] | phase=optimize | user=2 | block=2 | n_kl=80 | epoch=65/1000 | objective=-12.791805 | rate=12.791805 | power=29.999939 | r_p=0.000000 | r_c=0.000000 | r_s=0.003687 | status=running
[UL Convergence] | phase=optimize | user=2 | block=2 | n_kl=80 | epoch=66/1000 | objective=-12.797525 | rate=12.797525 | power=29.999939 | r_p=0.000000 | r_c=0.000000 | r_s=0.003652 | status=running
[UL Convergence] | phase=optimize | user=2 | block=2 | n_kl=80 | epoch=67/1000 | objective=-12.803040 | rate=12.803040 | power=29.999939 | r_p=0.000000 | r_c=0.000000 | r_s=0.003617 | status=running
[UL Convergence] | phase=optimize | user=2 | block=2 | n_kl=80 | epoch=68/1000 | objective=-12.808361 | rate=12.808361 | power=29.999945 | r_p=0.000000 | r_c=0.000000 | r_s=0.003582 | status=running
[UL Convergence] | phase=optimize | user=2 | block=2 | n_kl=80 | epoch=69/1000 | objective=-12.813482 | rate=12.813482 | power=29.999939 | r_p=0.000000 | r_c=0.000000 | r_s=0.003547 | status=running
[UL Convergence] | phase=optimize | user=2 | block=2 | n_kl=80 | epoch=70/1000 | objective=-12.818424 | rate=12.818424 | power=29.999939 | r_p=0.000000 | r_c=0.000000 | r_s=0.003512 | status=running
[UL Convergence] | phase=optimize | user=2 | block=2 | n_kl=80 | epoch=71/1000 | objective=-12.823185 | rate=12.823185 | power=29.999939 | r_p=0.000000 | r_c=0.000000 | r_s=0.003477 | status=running
[UL Convergence] | phase=optimize | user=2 | block=2 | n_kl=80 | epoch=72/1000 | objective=-12.827766 | rate=12.827766 | power=29.999939 | r_p=0.000000 | r_c=0.000000 | r_s=0.003441 | status=running
[UL Convergence] | phase=optimize | user=2 | block=2 | n_kl=80 | epoch=73/1000 | objective=-12.832172 | rate=12.832172 | power=29.999939 | r_p=0.000000 | r_c=0.000000 | r_s=0.003405 | status=running
[UL Convergence] | phase=optimize | user=2 | block=2 | n_kl=80 | epoch=74/1000 | objective=-12.836411 | rate=12.836411 | power=29.999939 | r_p=0.000000 | r_c=0.000000 | r_s=0.003368 | status=running
[UL Convergence] | phase=optimize | user=2 | block=2 | n_kl=80 | epoch=75/1000 | objective=-12.840483 | rate=12.840483 | power=29.999939 | r_p=0.000000 | r_c=0.000000 | r_s=0.003331 | status=running
[UL Convergence] | phase=optimize | user=2 | block=2 | n_kl=80 | epoch=76/1000 | objective=-12.844401 | rate=12.844401 | power=29.999945 | r_p=0.000000 | r_c=0.000000 | r_s=0.003294 | status=running
[UL Convergence] | phase=optimize | user=2 | block=2 | n_kl=80 | epoch=77/1000 | objective=-12.848160 | rate=12.848160 | power=29.999939 | r_p=0.000000 | r_c=0.000000 | r_s=0.003256 | status=running
[UL Convergence] | phase=optimize | user=2 | block=2 | n_kl=80 | epoch=78/1000 | objective=-12.851764 | rate=12.851764 | power=29.999939 | r_p=0.000000 | r_c=0.000000 | r_s=0.003218 | status=running
[UL Convergence] | phase=optimize | user=2 | block=2 | n_kl=80 | epoch=79/1000 | objective=-12.855227 | rate=12.855227 | power=29.999939 | r_p=0.000000 | r_c=0.000000 | r_s=0.003179 | status=running
[UL Convergence] | phase=optimize | user=2 | block=2 | n_kl=80 | epoch=80/1000 | objective=-12.858538 | rate=12.858538 | power=29.999939 | r_p=0.000000 | r_c=0.000000 | r_s=0.003140 | status=running
[UL Convergence] | phase=optimize | user=2 | block=2 | n_kl=80 | epoch=81/1000 | objective=-12.861719 | rate=12.861719 | power=29.999935 | r_p=0.000000 | r_c=0.000000 | r_s=0.003100 | status=running
[UL Convergence] | phase=optimize | user=2 | block=2 | n_kl=80 | epoch=82/1000 | objective=-12.864758 | rate=12.864758 | power=29.999939 | r_p=0.000000 | r_c=0.000000 | r_s=0.003060 | status=running
[UL Convergence] | phase=optimize | user=2 | block=2 | n_kl=80 | epoch=83/1000 | objective=-12.867669 | rate=12.867669 | power=29.999939 | r_p=0.000000 | r_c=0.000000 | r_s=0.003019 | status=running
[UL Convergence] | phase=optimize | user=2 | block=2 | n_kl=80 | epoch=84/1000 | objective=-12.870449 | rate=12.870449 | power=29.999945 | r_p=0.000000 | r_c=0.000000 | r_s=0.002978 | status=running
[UL Convergence] | phase=optimize | user=2 | block=2 | n_kl=80 | epoch=85/1000 | objective=-12.873104 | rate=12.873104 | power=29.999935 | r_p=0.000000 | r_c=0.000000 | r_s=0.002936 | status=running
[UL Convergence] | phase=optimize | user=2 | block=2 | n_kl=80 | epoch=86/1000 | objective=-12.875646 | rate=12.875646 | power=29.999939 | r_p=0.000000 | r_c=0.000000 | r_s=0.002893 | status=running
[UL Convergence] | phase=optimize | user=2 | block=2 | n_kl=80 | epoch=87/1000 | objective=-12.878065 | rate=12.878065 | power=29.999945 | r_p=0.000000 | r_c=0.000000 | r_s=0.002850 | status=running
[UL Convergence] | phase=optimize | user=2 | block=2 | n_kl=80 | epoch=88/1000 | objective=-12.880373 | rate=12.880373 | power=29.999935 | r_p=0.000000 | r_c=0.000000 | r_s=0.002807 | status=running
[UL Convergence] | phase=optimize | user=2 | block=2 | n_kl=80 | epoch=89/1000 | objective=-12.882569 | rate=12.882569 | power=29.999935 | r_p=0.000000 | r_c=0.000000 | r_s=0.002763 | status=running
[UL Convergence] | phase=optimize | user=2 | block=2 | n_kl=80 | epoch=90/1000 | objective=-12.884664 | rate=12.884664 | power=29.999939 | r_p=0.000000 | r_c=0.000000 | r_s=0.002718 | status=running
[UL Convergence] | phase=optimize | user=2 | block=2 | n_kl=80 | epoch=91/1000 | objective=-12.886650 | rate=12.886650 | power=29.999939 | r_p=0.000000 | r_c=0.000000 | r_s=0.002673 | status=running
[UL Convergence] | phase=optimize | user=2 | block=2 | n_kl=80 | epoch=92/1000 | objective=-12.888546 | rate=12.888546 | power=29.999935 | r_p=0.000000 | r_c=0.000000 | r_s=0.002628 | status=running
[UL Convergence] | phase=optimize | user=2 | block=2 | n_kl=80 | epoch=93/1000 | objective=-12.890339 | rate=12.890339 | power=29.999939 | r_p=0.000000 | r_c=0.000000 | r_s=0.002582 | status=running
[UL Convergence] | phase=optimize | user=2 | block=2 | n_kl=80 | epoch=94/1000 | objective=-12.892049 | rate=12.892049 | power=29.999939 | r_p=0.000000 | r_c=0.000000 | r_s=0.002535 | status=running
[UL Convergence] | phase=optimize | user=2 | block=2 | n_kl=80 | epoch=95/1000 | objective=-12.893660 | rate=12.893660 | power=29.999939 | r_p=0.000000 | r_c=0.000000 | r_s=0.002488 | status=running
[UL Convergence] | phase=optimize | user=2 | block=2 | n_kl=80 | epoch=96/1000 | objective=-12.895195 | rate=12.895195 | power=29.999945 | r_p=0.000000 | r_c=0.000000 | r_s=0.002441 | status=running
[UL Convergence] | phase=optimize | user=2 | block=2 | n_kl=80 | epoch=97/1000 | objective=-12.896641 | rate=12.896641 | power=29.999935 | r_p=0.000000 | r_c=0.000000 | r_s=0.002394 | status=running
[UL Convergence] | phase=optimize | user=2 | block=2 | n_kl=80 | epoch=98/1000 | objective=-12.898009 | rate=12.898009 | power=29.999939 | r_p=0.000000 | r_c=0.000000 | r_s=0.002346 | status=running
[UL Convergence] | phase=optimize | user=2 | block=2 | n_kl=80 | epoch=99/1000 | objective=-12.899305 | rate=12.899305 | power=29.999939 | r_p=0.000000 | r_c=0.000000 | r_s=0.002298 | status=running
[UL Convergence] | phase=optimize | user=2 | block=2 | n_kl=80 | epoch=100/1000 | objective=-12.900526 | rate=12.900526 | power=29.999939 | r_p=0.000000 | r_c=0.000000 | r_s=0.002250 | status=running
[UL Convergence] | phase=optimize | user=2 | block=2 | n_kl=80 | epoch=101/1000 | objective=-12.901680 | rate=12.901680 | power=29.999935 | r_p=0.000000 | r_c=0.000000 | r_s=0.002202 | status=running
[UL Convergence] | phase=optimize | user=2 | block=2 | n_kl=80 | epoch=102/1000 | objective=-12.902760 | rate=12.902760 | power=29.999939 | r_p=0.000000 | r_c=0.000000 | r_s=0.002153 | status=running
[UL Convergence] | phase=optimize | user=2 | block=2 | n_kl=80 | epoch=103/1000 | objective=-12.903787 | rate=12.903787 | power=29.999939 | r_p=0.000000 | r_c=0.000000 | r_s=0.002105 | status=running
[UL Convergence] | phase=optimize | user=2 | block=2 | n_kl=80 | epoch=104/1000 | objective=-12.904747 | rate=12.904747 | power=29.999939 | r_p=0.000000 | r_c=0.000000 | r_s=0.002056 | status=running
[UL Convergence] | phase=optimize | user=2 | block=2 | n_kl=80 | epoch=105/1000 | objective=-12.905653 | rate=12.905653 | power=29.999939 | r_p=0.000000 | r_c=0.000000 | r_s=0.002008 | status=running
[UL Convergence] | phase=optimize | user=2 | block=2 | n_kl=80 | epoch=106/1000 | objective=-12.906492 | rate=12.906492 | power=29.999939 | r_p=0.000000 | r_c=0.000000 | r_s=0.001960 | status=running
[UL Convergence] | phase=optimize | user=2 | block=2 | n_kl=80 | epoch=107/1000 | objective=-12.907291 | rate=12.907291 | power=29.999939 | r_p=0.000000 | r_c=0.000000 | r_s=0.001911 | status=running
[UL Convergence] | phase=optimize | user=2 | block=2 | n_kl=80 | epoch=108/1000 | objective=-12.908037 | rate=12.908037 | power=29.999945 | r_p=0.000000 | r_c=0.000000 | r_s=0.001863 | status=running
[UL Convergence] | phase=optimize | user=2 | block=2 | n_kl=80 | epoch=109/1000 | objective=-12.908730 | rate=12.908730 | power=29.999935 | r_p=0.000000 | r_c=0.000000 | r_s=0.001816 | status=running
[UL Convergence] | phase=optimize | user=2 | block=2 | n_kl=80 | epoch=110/1000 | objective=-12.909386 | rate=12.909386 | power=29.999939 | r_p=0.000000 | r_c=0.000000 | r_s=0.001768 | status=running
[UL Convergence] | phase=optimize | user=2 | block=2 | n_kl=80 | epoch=111/1000 | objective=-12.909992 | rate=12.909992 | power=29.999939 | r_p=0.000000 | r_c=0.000000 | r_s=0.001721 | status=running
[UL Convergence] | phase=optimize | user=2 | block=2 | n_kl=80 | epoch=112/1000 | objective=-12.910557 | rate=12.910557 | power=29.999939 | r_p=0.000000 | r_c=0.000000 | r_s=0.001674 | status=running
[UL Convergence] | phase=optimize | user=2 | block=2 | n_kl=80 | epoch=113/1000 | objective=-12.911083 | rate=12.911083 | power=29.999945 | r_p=0.000000 | r_c=0.000000 | r_s=0.001627 | status=running
[UL Convergence] | phase=optimize | user=2 | block=2 | n_kl=80 | epoch=114/1000 | objective=-12.911578 | rate=12.911578 | power=29.999939 | r_p=0.000000 | r_c=0.000000 | r_s=0.001581 | status=running
[UL Convergence] | phase=optimize | user=2 | block=2 | n_kl=80 | epoch=115/1000 | objective=-12.912036 | rate=12.912036 | power=29.999945 | r_p=0.000000 | r_c=0.000000 | r_s=0.001535 | status=running
[UL Convergence] | phase=optimize | user=2 | block=2 | n_kl=80 | epoch=116/1000 | objective=-12.912457 | rate=12.912457 | power=29.999939 | r_p=0.000000 | r_c=0.000000 | r_s=0.001490 | status=running
[UL Convergence] | phase=optimize | user=2 | block=2 | n_kl=80 | epoch=117/1000 | objective=-12.912855 | rate=12.912855 | power=29.999939 | r_p=0.000000 | r_c=0.000000 | r_s=0.001445 | status=running
[UL Convergence] | phase=optimize | user=2 | block=2 | n_kl=80 | epoch=118/1000 | objective=-12.913218 | rate=12.913218 | power=29.999939 | r_p=0.000000 | r_c=0.000000 | r_s=0.001401 | status=running
[UL Convergence] | phase=optimize | user=2 | block=2 | n_kl=80 | epoch=119/1000 | objective=-12.913559 | rate=12.913559 | power=29.999945 | r_p=0.000000 | r_c=0.000000 | r_s=0.001357 | status=running
[UL Convergence] | phase=optimize | user=2 | block=2 | n_kl=80 | epoch=120/1000 | objective=-12.913870 | rate=12.913870 | power=29.999939 | r_p=0.000000 | r_c=0.000000 | r_s=0.001314 | status=running
[UL Convergence] | phase=optimize | user=2 | block=2 | n_kl=80 | epoch=121/1000 | objective=-12.914156 | rate=12.914156 | power=29.999935 | r_p=0.000000 | r_c=0.000000 | r_s=0.001271 | status=running
[UL Convergence] | phase=optimize | user=2 | block=2 | n_kl=80 | epoch=122/1000 | objective=-12.914419 | rate=12.914419 | power=29.999935 | r_p=0.000000 | r_c=0.000000 | r_s=0.001229 | status=running
[UL Convergence] | phase=optimize | user=2 | block=2 | n_kl=80 | epoch=123/1000 | objective=-12.914662 | rate=12.914662 | power=29.999945 | r_p=0.000000 | r_c=0.000000 | r_s=0.001188 | status=running
[UL Convergence] | phase=optimize | user=2 | block=2 | n_kl=80 | epoch=124/1000 | objective=-12.914889 | rate=12.914889 | power=29.999939 | r_p=0.000000 | r_c=0.000000 | r_s=0.001148 | status=running
[UL Convergence] | phase=optimize | user=2 | block=2 | n_kl=80 | epoch=125/1000 | objective=-12.915104 | rate=12.915104 | power=29.999945 | r_p=0.000000 | r_c=0.000000 | r_s=0.001108 | status=running
[UL Convergence] | phase=optimize | user=2 | block=2 | n_kl=80 | epoch=126/1000 | objective=-12.915287 | rate=12.915287 | power=29.999939 | r_p=0.000000 | r_c=0.000000 | r_s=0.001069 | status=running
[UL Convergence] | phase=optimize | user=2 | block=2 | n_kl=80 | epoch=127/1000 | objective=-12.915457 | rate=12.915457 | power=29.999939 | r_p=0.000000 | r_c=0.000000 | r_s=0.001030 | status=running
[UL Convergence] | phase=optimize | user=2 | block=2 | n_kl=80 | epoch=128/1000 | objective=-12.915618 | rate=12.915618 | power=29.999939 | r_p=0.000000 | r_c=0.000000 | r_s=9.927561e-04 | status=running
[UL Convergence] | phase=optimize | user=2 | block=2 | n_kl=80 | epoch=129/1000 | objective=-12.915763 | rate=12.915763 | power=29.999935 | r_p=0.000000 | r_c=0.000000 | r_s=9.559220e-04 | status=running
[UL Convergence] | phase=optimize | user=2 | block=2 | n_kl=80 | epoch=130/1000 | objective=-12.915890 | rate=12.915890 | power=29.999945 | r_p=0.000000 | r_c=0.000000 | r_s=9.198806e-04 | status=running
[UL Convergence] | phase=optimize | user=2 | block=2 | n_kl=80 | epoch=131/1000 | objective=-12.916016 | rate=12.916016 | power=29.999935 | r_p=0.000000 | r_c=0.000000 | r_s=8.846474e-04 | status=running
[UL Convergence] | phase=optimize | user=2 | block=2 | n_kl=80 | epoch=132/1000 | objective=-12.916124 | rate=12.916124 | power=29.999939 | r_p=0.000000 | r_c=0.000000 | r_s=8.501829e-04 | status=running
[UL Convergence] | phase=optimize | user=2 | block=2 | n_kl=80 | epoch=133/1000 | objective=-12.916225 | rate=12.916225 | power=29.999939 | r_p=0.000000 | r_c=0.000000 | r_s=8.165149e-04 | status=running
[UL Convergence] | phase=optimize | user=2 | block=2 | n_kl=80 | epoch=134/1000 | objective=-12.916311 | rate=12.916311 | power=29.999945 | r_p=0.000000 | r_c=0.000000 | r_s=7.836623e-04 | status=running
[UL Convergence] | phase=optimize | user=2 | block=2 | n_kl=80 | epoch=135/1000 | objective=-12.916395 | rate=12.916395 | power=29.999945 | r_p=0.000000 | r_c=0.000000 | r_s=7.516036e-04 | status=running
[UL Convergence] | phase=optimize | user=2 | block=2 | n_kl=80 | epoch=136/1000 | objective=-12.916469 | rate=12.916469 | power=29.999939 | r_p=0.000000 | r_c=0.000000 | r_s=7.203832e-04 | status=running
[UL Convergence] | phase=optimize | user=2 | block=2 | n_kl=80 | epoch=137/1000 | objective=-12.916535 | rate=12.916535 | power=29.999939 | r_p=0.000000 | r_c=0.000000 | r_s=6.899549e-04 | status=running
[UL Convergence] | phase=optimize | user=2 | block=2 | n_kl=80 | epoch=138/1000 | objective=-12.916595 | rate=12.916595 | power=29.999935 | r_p=0.000000 | r_c=0.000000 | r_s=6.603377e-04 | status=running
[UL Convergence] | phase=optimize | user=2 | block=2 | n_kl=80 | epoch=139/1000 | objective=-12.916656 | rate=12.916656 | power=29.999935 | r_p=0.000000 | r_c=0.000000 | r_s=6.315294e-04 | status=running
[UL Convergence] | phase=optimize | user=2 | block=2 | n_kl=80 | epoch=140/1000 | objective=-12.916699 | rate=12.916699 | power=29.999939 | r_p=0.000000 | r_c=0.000000 | r_s=6.035258e-04 | status=running
[UL Convergence] | phase=optimize | user=2 | block=2 | n_kl=80 | epoch=141/1000 | objective=-12.916743 | rate=12.916743 | power=29.999939 | r_p=0.000000 | r_c=0.000000 | r_s=5.763314e-04 | status=kkt_converged
[UL Convergence Result] | user=2 | block=2 | n_kl=80 | achieved_rate=12.916743 | power=29.999939 | rate_gap=-0.716743 | power_gap=-6.103516e-05 | solve_status=kkt_converged
[UL Convergence Allocation] | user=2 | block=2 | n_kl=80 | requested_bits=976 | served_bits=976 | full_service=true
[UL Convergence Block] | user=2 | block=2 | stage=post_T | served_bits=976 | remaining_bits=0
[UL Convergence Reduction] | user=2 | block=2 | served_bits=976 | n_start=79 | n_min=1
[UL Convergence Solve] | user=2 | block=2 | stage=reduced_n | n_kl=79 | served_bits=976
[UL Convergence] | phase=optimize | user=2 | block=2 | n_kl=79 | epoch=1/1000 | objective=-12.903887 | rate=12.903887 | power=29.999939 | r_p=0.000000 | r_c=0.000000 | r_s=inf | status=running
[UL Convergence] | phase=optimize | user=2 | block=2 | n_kl=79 | epoch=2/1000 | objective=-12.903930 | rate=12.903930 | power=29.999935 | r_p=0.000000 | r_c=0.000000 | r_s=5.499294e-04 | status=kkt_converged
[UL Convergence Candidate] | user=2 | block=2 | n_kl=79 | achieved_rate=12.903930 | rate_gap=-0.549500 | power_gap=-6.484985e-05 | status=accepted
[UL Convergence Reduction] | user=2 | block=2 | n_kl=75 | status=stop_infeasible
[UL Convergence Final] | user=2 | block=2 | feasible_points=5 | chosen_n_kl=76 | served_bits=976 | achieved_rate=12.863939 | power=29.999939 | solve_status=kkt_converged
[UL Convergence Allocation] | user=2 | block=2 | chosen_n_kl=76 | served_bits=976 | committed_bits=976 | remaining_bits=0
logging rfbl:  [ 9.12557994 10.97609789]
logging rfbl:  [10.58143598 10.32368215  9.65733483  8.44009725]
logging rfbl:  [11.5445694  12.00912296 11.85684459  7.91073573]
Test results saved to: C:\All Codes\Taiwan_Internship\UL_UPLINK_DOWNLINK_MONTE_CARLO\Results\Uplink\Method-Convergence per epoch\conv_dir__ul_payload_completion_sweep_20260704_210305_conv_upd_dir_loss_aug_rate_sinr__s3\data\convergence_results.txt
Mirrored uplink convergence scenario results to: C:\All Codes\Taiwan_Internship\UL_UPLINK_DOWNLINK_MONTE_CARLO\Results\Uplink\Scenario-Payload completion\Convergence per epoch\conv_dir__ul_payload_completion_sweep_20260704_210305_conv_upd_dir_loss_aug_rate_sinr__s3
Saved uplink convergence method results to: C:\All Codes\Taiwan_Internship\UL_UPLINK_DOWNLINK_MONTE_CARLO\Results\Uplink\Method-Convergence per epoch\conv_dir__ul_payload_completion_sweep_20260704_210305_conv_upd_dir_loss_aug_rate_sinr__s3
