{
    "epochs_requested": 40,
    "final_avg_loss": -20.419685696230996,
    "best_avg_loss": -20.453611841466692,
    "final_avg_sum_rate": 20.419685696230996,
    "best_avg_sum_rate": 20.453611841466692,
    "final_avg_user_rate": 12.358268627306963,
    "best_avg_user_rate": 12.379792769629546,
    "per_user_final_rate": [
        12.113856989807553,
        12.276242572851855,
        12.68470631926148
    ],
    "per_user_best_rate": [
        12.160153398248884,
        12.279996041095618,
        12.714333845509422
    ]
}